task_id,v2_sha256,v2_score,v2_source_label,v2_risk_label,matches_current_best_6122,matches_nadeem_6252,matches_candidate_v4,matches_biohack44_6113,matches_biohack44_6067,matches_konbu17_v36,matches_afr1ste_6335,matches_octaviograu_6154,matches_needless090_v31,matches_cdeotte,matches_yash9439,matches_jsrdcht_6029,matches_massimiliano_eda111,matches_octavi_6042,matches_haoranran_6100,matches_afr1ste_5689,matches_biohack44_super,matches_biohack44_6080,matches_biohack44_superior,known_match_summary
task001,e797ed891931604093a242891035430eac3d4815502c982c3a516c6f7db1b462,17.041074,current_best_6122,lb-verified-current-best,1,1,1,1,0,0,0,0,0,0,0,0,1,0,0,1,0,1,0,"current_best_6122,nadeem_6252,candidate_v4,biohack44_6113,massimiliano_eda111,afr1ste_5689,biohack44_6080"
task002,061d2e2653a43e3b6ab1a7b4546a48b6ffa65b23790106ab1742676020c96040,13.514518,nadeem_6252,public-anchor-candidate,0,1,0,0,0,0,0,0,0,0,0,0,0,0,0,0,0,0,0,nadeem_6252
task003,155de80550da61e01bc0f6cc5de93f980b0473d08c29baf3bb04a2529f532c86,15.883531,current_best_6122,lb-verified-current-best,1,0,1,1,0,0,0,0,0,0,0,0,1,0,0,0,0,1,0,"current_best_6122,candidate_v4,biohack44_6113,massimiliano_eda111,biohack44_6080"
task004,fc9ef5d39847fe678249f3dd2ef4701d2d49b2afb4c27c424b79b6f9967ca118,14.084548,current_best_6122,lb-verified-current-best,1,1,1,1,1,0,0,1,0,0,0,0,1,1,1,1,1,1,0,"current_best_6122,nadeem_6252,candidate_v4,biohack44_6113,biohack44_6067,octaviograu_6154,massimiliano_eda111,octavi_6042,haoranran_6100,afr1ste_5689,biohack44_super,biohack44_6080"
task005,c989d743986f147d63585c2e22e752e367106ddc6985982b435a33567b89a2b6,13.328150,current_best_6122,lb-verified-current-best,1,1,1,0,0,0,0,1,0,0,0,0,0,0,0,0,1,0,0,"current_best_6122,nadeem_6252,candidate_v4,octaviograu_6154,biohack44_super"
task006,17e048671c7f056a80feba6875cdbb34da1521c36887cfdb399f371d8d5e163c,17.603051,current_best_6122,lb-verified-current-best,1,0,1,1,0,0,0,0,0,0,0,0,1,0,0,1,0,1,0,"current_best_6122,candidate_v4,biohack44_6113,massimiliano_eda111,afr1ste_5689,biohack44_6080"
task007,6df9108f0aec1564c4fd08e1e738288d4247e6be0f49919ed6a106278d0c3981,16.108351,nadeem_6252,public-anchor-candidate,0,1,1,0,0,0,0,0,0,0,0,0,0,0,0,0,0,0,0,"nadeem_6252,candidate_v4"
task008,9f554244f259a2a22a65b8388f8589f19cb9a1db25ad57eeb687660e73a541ba,14.944264,current_best_6122,lb-verified-current-best,1,1,1,0,0,0,0,1,0,0,0,0,0,0,0,0,1,0,0,"current_best_6122,nadeem_6252,candidate_v4,octaviograu_6154,biohack44_super"
task009,2043f559e1ee947e2533c1ca00c25a699daed5b516d1bb4bf3515822ea52518d,13.694825,current_best_6122,lb-verified-current-best,1,1,1,1,1,0,0,1,0,0,0,0,1,1,1,1,1,1,0,"current_best_6122,nadeem_6252,candidate_v4,biohack44_6113,biohack44_6067,octaviograu_6154,massimiliano_eda111,octavi_6042,haoranran_6100,afr1ste_5689,biohack44_super,biohack44_6080"
task010,92d798f28d116dabbd7bef3a2e3f10f312184eb43390d09a00b3fe6c22a61b58,16.479612,current_best_6122,lb-verified-current-best,1,1,1,1,0,0,0,0,0,0,0,0,1,0,0,1,0,1,0,"current_best_6122,nadeem_6252,candidate_v4,biohack44_6113,massimiliano_eda111,afr1ste_5689,biohack44_6080"
task011,3f64ad20a9feacc16ad2ce2296652dbc2fb5438e444a47af1f885a374cd43046,13.898855,current_best_6122,lb-verified-current-best,1,1,1,1,1,0,0,1,0,0,0,0,1,1,1,1,1,1,0,"current_best_6122,nadeem_6252,candidate_v4,biohack44_6113,biohack44_6067,octaviograu_6154,massimiliano_eda111,octavi_6042,haoranran_6100,afr1ste_5689,biohack44_super,biohack44_6080"
task012,6565dbdc01b75cf0fd11dff727c2312655bcb5fb9e59a8020020ef04a7b5a80c,15.555457,nadeem_6252,public-anchor-candidate,0,1,0,0,0,0,0,0,0,0,0,0,0,0,0,0,0,0,0,nadeem_6252
task013,98f0942c7dbfaf541df9396cfbf3af4d1699a7f8bae9f96b9c4541f220eea98f,13.331080,current_best_6122,lb-verified-current-best,1,1,1,1,1,0,0,1,0,0,0,0,1,1,1,1,1,1,0,"current_best_6122,nadeem_6252,candidate_v4,biohack44_6113,biohack44_6067,octaviograu_6154,massimiliano_eda111,octavi_6042,haoranran_6100,afr1ste_5689,biohack44_super,biohack44_6080"
task014,33aac8a1b4845a677ce6e8d07d81f5483ca78d158e8f09368fccba9384f7b28f,14.427427,nadeem_6252,public-anchor-candidate,0,1,1,0,0,0,0,0,0,0,0,0,0,0,0,0,0,0,0,"nadeem_6252,candidate_v4"
task015,1ab641692d1424be973ca0ca5d26e88172d7be86363973c99ffda1b0d2dfd046,18.197605,nadeem_6252,public-anchor-candidate,0,1,0,1,0,0,0,0,0,0,0,0,1,0,0,0,0,1,0,"nadeem_6252,biohack44_6113,massimiliano_eda111,biohack44_6080"
task016,fb83a8e988f586009bf17279b7aedb194e3492a8e6f357be6d5e9ed903615733,22.697415,current_best_6122,lb-verified-current-best,1,1,1,1,1,1,0,1,0,0,0,0,1,1,1,1,1,1,0,"current_best_6122,nadeem_6252,candidate_v4,biohack44_6113,biohack44_6067,konbu17_v36,octaviograu_6154,massimiliano_eda111,octavi_6042,haoranran_6100,afr1ste_5689,biohack44_super,biohack44_6080"
task017,fb2137630963bd757e3fa76d251d504d01fbf7b1b6106c0e123e2b4b6247e574,14.527541,nadeem_6252,public-anchor-candidate,0,1,0,0,0,0,0,1,0,0,0,0,0,0,0,0,1,0,0,"nadeem_6252,octaviograu_6154,biohack44_super"
task018,c2e8e82b394406b4127ebd3b4e74460e0d34b69c8604a6ff6239f9a1608dd4f6,11.323875,current_best_6122,lb-verified-current-best,1,0,1,1,1,0,0,0,0,0,0,0,1,1,1,0,0,1,0,"current_best_6122,candidate_v4,biohack44_6113,biohack44_6067,massimiliano_eda111,octavi_6042,haoranran_6100,biohack44_6080"
task019,b9e7bc0ecebe4cce72ea9df2a550b91561dfd30ed40820c398a63d11402f785a,13.693533,nadeem_6252,public-anchor-candidate,0,1,1,0,0,0,0,0,0,0,0,0,0,0,0,0,0,0,0,"nadeem_6252,candidate_v4"
task020,4abb72f71f86d299893dcb1ee3be5937bc57ae169a6d1c33af77157df2be6f0d,13.590958,current_best_6122,lb-verified-current-best,1,1,1,1,1,0,0,1,0,0,0,0,1,1,1,1,1,1,0,"current_best_6122,nadeem_6252,candidate_v4,biohack44_6113,biohack44_6067,octaviograu_6154,massimiliano_eda111,octavi_6042,haoranran_6100,afr1ste_5689,biohack44_super,biohack44_6080"
task021,334b1a23352e02c2ecd25acbcdf05ebb267e56bd92a775c4a47191882da99ecc,14.156056,nadeem_6252,public-anchor-candidate,0,1,0,0,0,0,0,1,0,0,0,0,0,0,0,0,1,0,0,"nadeem_6252,octaviograu_6154,biohack44_super"
task022,c97568f12ccd4cd1ba279f87d1c748542785951464273c2ab4a544bd8be6a451,14.542024,nadeem_6252,public-anchor-candidate,0,1,1,0,0,0,0,0,0,0,0,0,0,0,0,0,0,0,0,"nadeem_6252,candidate_v4"
task023,381d1261e875c1cddec3fdc4fdca4eff331d3edad2677ad6ba7a97a0d16be814,13.807115,nadeem_6252,public-anchor-candidate,0,1,1,0,0,0,0,0,0,0,0,0,0,0,0,0,0,0,0,"nadeem_6252,candidate_v4"
task024,f8a1d671c3118abe56700d79b82cd03b36acad2b03a5453a7790ca311b792d5d,15.886171,current_best_6122,lb-verified-current-best,1,1,1,1,1,0,0,1,0,0,0,0,1,1,1,1,1,1,0,"current_best_6122,nadeem_6252,candidate_v4,biohack44_6113,biohack44_6067,octaviograu_6154,massimiliano_eda111,octavi_6042,haoranran_6100,afr1ste_5689,biohack44_super,biohack44_6080"
task025,8af5c50b49f5d98f1afc1df69981e7ab0394291ee5227dd01d45f4380208bd61,13.149938,nadeem_6252,public-anchor-candidate,0,1,1,0,0,0,0,1,0,0,0,0,0,0,0,0,1,0,0,"nadeem_6252,candidate_v4,octaviograu_6154,biohack44_super"
task026,7b1677f67eb3a42b35d9d881fb5afa91618d944fae08e6ae12d4aeff0faa3601,18.396056,current_best_6122,lb-verified-current-best,1,1,1,1,0,0,0,0,0,0,0,0,1,0,0,1,0,1,0,"current_best_6122,nadeem_6252,candidate_v4,biohack44_6113,massimiliano_eda111,afr1ste_5689,biohack44_6080"
task027,63da1fe45860bc98d31a806aeabad3d8d81890198997b6d66fe5343ab004d658,14.486991,current_best_6122,lb-verified-current-best,1,1,1,1,0,0,0,0,0,0,0,0,1,0,0,1,0,1,0,"current_best_6122,nadeem_6252,candidate_v4,biohack44_6113,massimiliano_eda111,afr1ste_5689,biohack44_6080"
task028,5882fa43bf7f98d605e8098fc72437800e43705b6484f0675c3c72fae26e9e30,15.896132,current_best_6122,lb-verified-current-best,1,1,1,0,0,0,0,0,0,0,0,0,0,0,0,1,0,0,0,"current_best_6122,nadeem_6252,candidate_v4,afr1ste_5689"
task029,67b2f5bba2a2aea6aec1a4bebfab5e828d34965219f8f312739337d2e77a59ce,13.516328,nadeem_6252,public-anchor-candidate,0,1,0,0,0,0,0,1,0,0,0,0,0,0,0,0,1,0,0,"nadeem_6252,octaviograu_6154,biohack44_super"
task030,4b0ea4d8a95bcc8bebb70823b35c19ca796ec33edf66cb97a3421c6e43ad143c,15.607505,nadeem_6252,public-anchor-candidate,0,1,0,0,0,0,0,0,0,0,0,0,0,0,0,0,0,0,0,nadeem_6252
task031,827e7229dd650485407f1ae7c8a511d8abc13716486a76f29cabbe46f1b02945,15.168223,nadeem_6252,public-anchor-candidate,0,1,0,0,0,0,0,1,0,0,0,0,0,0,0,0,1,0,0,"nadeem_6252,octaviograu_6154,biohack44_super"
task032,64d66eeaba95588367af53102ecf4fb2ceb4c93327b677f80f1a9591b342f6a5,16.867000,current_best_6122,lb-verified-current-best,1,1,1,1,1,0,0,1,0,0,0,0,1,1,1,1,1,1,0,"current_best_6122,nadeem_6252,candidate_v4,biohack44_6113,biohack44_6067,octaviograu_6154,massimiliano_eda111,octavi_6042,haoranran_6100,afr1ste_5689,biohack44_super,biohack44_6080"
task033,60ab4cceeab38a8952d0157e862ec2f374a51c7d70c00bdecdf9833a703455b5,14.081989,current_best_6122,lb-verified-current-best,1,1,1,1,1,0,0,1,0,0,0,0,1,1,1,1,1,1,0,"current_best_6122,nadeem_6252,candidate_v4,biohack44_6113,biohack44_6067,octaviograu_6154,massimiliano_eda111,octavi_6042,haoranran_6100,afr1ste_5689,biohack44_super,biohack44_6080"
task034,7400b12dcb940f16d35589b5657e932c80b9aa92e8aed8c1f41a38cdff070b08,13.421324,current_best_6122,lb-verified-current-best,1,1,1,1,1,0,0,1,0,0,0,0,1,1,1,0,1,1,0,"current_best_6122,nadeem_6252,candidate_v4,biohack44_6113,biohack44_6067,octaviograu_6154,massimiliano_eda111,octavi_6042,haoranran_6100,biohack44_super,biohack44_6080"
task035,15a9c474e70c83253daaa3ff80387d3b29feadebd4ec8018b87fc277cf69f62a,15.360283,nadeem_6252,public-anchor-candidate,0,1,1,0,0,0,0,0,0,0,0,0,0,0,0,1,0,0,0,"nadeem_6252,candidate_v4,afr1ste_5689"
task036,8ad069570318576344e7e26773ca8c93f34a12bc4d8ac98bb1e9cefbccb0c819,13.710693,nadeem_6252,public-anchor-candidate,0,1,0,0,0,0,0,0,0,0,0,0,0,0,0,0,0,0,0,nadeem_6252
task037,e19669c0dec2c6b73986d1bd07ec5c19bb0bc452edb6cf3d006f85657ae46d12,13.937652,current_best_6122,lb-verified-current-best,1,1,1,1,1,0,0,1,0,0,0,0,1,1,1,1,1,1,0,"current_best_6122,nadeem_6252,candidate_v4,biohack44_6113,biohack44_6067,octaviograu_6154,massimiliano_eda111,octavi_6042,haoranran_6100,afr1ste_5689,biohack44_super,biohack44_6080"
task038,a83d43302a9ef7e5b284cc1e38fc4ce8deedb152481de569220ea69b94855018,17.306974,current_best_6122,lb-verified-current-best,1,1,1,1,1,0,0,1,0,0,0,0,1,1,1,1,1,1,0,"current_best_6122,nadeem_6252,candidate_v4,biohack44_6113,biohack44_6067,octaviograu_6154,massimiliano_eda111,octavi_6042,haoranran_6100,afr1ste_5689,biohack44_super,biohack44_6080"
task039,4e9c2db4798edb627e65601fb59b0b194a91b536746f1a97fab3a7317054d3be,16.041717,nadeem_6252,public-anchor-candidate,0,1,0,0,0,0,0,1,0,0,0,0,0,0,0,0,1,0,0,"nadeem_6252,octaviograu_6154,biohack44_super"
task040,f75c35724647ee41a691e8449bf8b38434ce9912519b1b33845a1eeb08cebff5,16.029441,nadeem_6252,public-anchor-candidate,0,1,1,0,0,0,0,1,0,0,0,0,0,0,0,0,1,0,0,"nadeem_6252,candidate_v4,octaviograu_6154,biohack44_super"
task041,2ae5ccde56d9118ad549ef2a4383dfc5a74e4b8fcbbd3b3dc4d09c92209444a6,15.626776,nadeem_6252,public-anchor-candidate,0,1,1,0,0,0,0,0,0,0,0,0,0,0,0,1,0,0,0,"nadeem_6252,candidate_v4,afr1ste_5689"
task042,ef03e8f8fc1c3d00a4fb8e89f1dc70bc68cf2c46e4d75b1cf83777750aacf344,15.950063,nadeem_6252,public-anchor-candidate,0,1,1,0,0,0,0,0,0,0,0,0,0,0,0,0,0,0,0,"nadeem_6252,candidate_v4"
task043,16b05e98645b4d8da6cf555ed59cb2165317fe07248f91dd11f6747c0b38c22b,16.129477,current_best_6122,lb-verified-current-best,1,1,1,1,1,0,0,1,0,0,0,0,1,1,1,1,1,1,0,"current_best_6122,nadeem_6252,candidate_v4,biohack44_6113,biohack44_6067,octaviograu_6154,massimiliano_eda111,octavi_6042,haoranran_6100,afr1ste_5689,biohack44_super,biohack44_6080"
task044,03106f9bd502a04c7aa0acade34deaefdba103fbb21dcfc6ce3d362f74afc6fc,14.251782,nadeem_6252,public-anchor-candidate,0,1,0,0,0,0,0,1,0,0,0,0,0,0,0,0,1,0,0,"nadeem_6252,octaviograu_6154,biohack44_super"
task045,c2c9b466ef5bb57994383690491a94770ade65cb13d59fd093064984d2ca44b4,16.086988,nadeem_6252,public-anchor-candidate,0,1,0,0,0,0,0,0,0,0,0,0,0,0,0,0,0,0,0,nadeem_6252
task046,776e40c71ae05f511e59e234f5f52931c7f966c95b139fed312451a249a5f138,14.582911,current_best_6122,lb-verified-current-best,1,1,1,1,0,0,0,0,0,0,0,0,1,0,0,1,0,1,0,"current_best_6122,nadeem_6252,candidate_v4,biohack44_6113,massimiliano_eda111,afr1ste_5689,biohack44_6080"
task047,51caa99fe3ce9cb3e122d3a78119ede0e5beb0d8940d7959bece25bbe098d26a,16.985664,nadeem_6252,public-anchor-candidate,0,1,1,0,0,0,0,1,0,0,0,0,0,0,0,0,1,0,0,"nadeem_6252,candidate_v4,octaviograu_6154,biohack44_super"
task048,5acf8ce760fa9bf51285e7e58505b654e9443d4a70ff885dbf5ecb5fcf8e2723,16.368586,current_best_6122,lb-verified-current-best,1,0,1,0,0,0,0,0,0,0,0,0,0,0,0,0,0,0,0,"current_best_6122,candidate_v4"
task049,d742f5db9437894536afe2db2b87d8b3899117c92daf69927ab3854301d03698,14.674879,nadeem_6252,public-anchor-candidate,0,1,0,0,0,0,0,1,0,0,0,0,0,0,0,0,1,0,0,"nadeem_6252,octaviograu_6154,biohack44_super"
task050,a43a64896f788cffb0e83ee188a7680ae80f27578b1bb607a36e32c9a39258ab,15.843588,current_best_6122,lb-verified-current-best,1,0,1,1,0,0,0,0,0,0,0,0,1,0,0,1,0,1,0,"current_best_6122,candidate_v4,biohack44_6113,massimiliano_eda111,afr1ste_5689,biohack44_6080"
task051,1fccc900903384492e825dfc74d6952195755b48411dd42c988cf3bb64ea878c,13.866331,current_best_6122,lb-verified-current-best,1,1,1,0,0,0,0,0,0,0,0,0,0,0,0,1,0,0,0,"current_best_6122,nadeem_6252,candidate_v4,afr1ste_5689"
task052,195c01dfdaae84b9a7a585295b8d44c1c3741ab522a7e9d472753ad121d8014d,17.886858,current_best_6122,lb-verified-current-best,1,1,1,1,0,0,0,0,0,0,0,0,1,0,0,1,0,1,0,"current_best_6122,nadeem_6252,candidate_v4,biohack44_6113,massimiliano_eda111,afr1ste_5689,biohack44_6080"
task053,11d2a84ba10862f37e4dae8a206314fd4226f70b6f751eed23e52ba32ebde353,21.598803,current_best_6122,lb-verified-current-best,1,1,1,1,1,0,0,1,0,0,0,0,1,1,1,1,1,1,0,"current_best_6122,nadeem_6252,candidate_v4,biohack44_6113,biohack44_6067,octaviograu_6154,massimiliano_eda111,octavi_6042,haoranran_6100,afr1ste_5689,biohack44_super,biohack44_6080"
task054,da0ea9c4a4e7de7d20e8867f669de546f57874c7e6fa83c850aad07683855ecc,13.077963,nadeem_6252,public-anchor-candidate,0,1,1,0,0,0,0,0,0,0,0,0,0,0,0,0,0,0,0,"nadeem_6252,candidate_v4"
task055,92d4ce9193151139ddee430dfbe552e5a2aa41d1172f6842569d1e37ca664ded,14.815477,current_best_6122,lb-verified-current-best,1,1,1,1,0,0,0,0,0,0,0,0,1,0,0,0,0,1,0,"current_best_6122,nadeem_6252,candidate_v4,biohack44_6113,massimiliano_eda111,biohack44_6080"
task056,9d687659145a785dd2d111cccd06fc2b802bcaaae0c2926b7d39a51406e1254b,19.638708,nadeem_6252,public-anchor-candidate,0,1,1,0,0,0,0,0,0,0,0,0,0,0,0,0,0,0,0,"nadeem_6252,candidate_v4"
task057,c1e43aa7b8f024cb83ec8144fb50cf67b6ffe8126f4e6abf15f467ecf685b4ba,14.714521,nadeem_6252,public-anchor-candidate,0,1,1,0,0,0,0,0,0,0,0,0,0,0,0,0,0,0,0,"nadeem_6252,candidate_v4"
task058,7a4b47e465104bb5b576167d51d642e539c3f9d5bafef55faac8d1987475593b,15.313115,current_best_6122,lb-verified-current-best,1,0,1,1,0,0,0,0,0,0,0,0,1,0,0,1,0,1,0,"current_best_6122,candidate_v4,biohack44_6113,massimiliano_eda111,afr1ste_5689,biohack44_6080"
task059,75ad1518669f36600bb72e0eeb074051895d744f7075f6835c090dcbb2a58abe,15.076171,current_best_6122,lb-verified-current-best,1,1,1,1,0,0,0,0,0,0,0,0,1,0,0,0,0,1,0,"current_best_6122,nadeem_6252,candidate_v4,biohack44_6113,massimiliano_eda111,biohack44_6080"
task060,03687375b7e8938e4f841fe856da30c83884468ff07c648d7021c6b6748784bd,16.372877,current_best_6122,lb-verified-current-best,1,1,1,1,0,0,0,0,0,0,0,0,1,0,0,1,0,1,0,"current_best_6122,nadeem_6252,candidate_v4,biohack44_6113,massimiliano_eda111,afr1ste_5689,biohack44_6080"
task061,27289ea0d11a669fe413e1b05826321af3d079ce8a5555fa2610a93704612c2e,15.152342,current_best_6122,lb-verified-current-best,1,1,1,1,1,0,0,1,0,0,0,0,1,1,1,1,1,1,0,"current_best_6122,nadeem_6252,candidate_v4,biohack44_6113,biohack44_6067,octaviograu_6154,massimiliano_eda111,octavi_6042,haoranran_6100,afr1ste_5689,biohack44_super,biohack44_6080"
task062,0a2e640c0671d137a38ff13794cbaaf44ed872742a534c52771f99d309757432,14.670951,current_best_6122,lb-verified-current-best,1,1,1,1,0,0,0,0,0,0,0,0,1,0,0,1,0,1,0,"current_best_6122,nadeem_6252,candidate_v4,biohack44_6113,massimiliano_eda111,afr1ste_5689,biohack44_6080"
task063,5c8811b2da8473750953376c6dbdd913b50bc29b96f9a16a09cf201df9a483ce,14.666940,current_best_6122,lb-verified-current-best,1,1,1,1,1,0,0,1,0,0,0,0,1,1,1,1,1,1,0,"current_best_6122,nadeem_6252,candidate_v4,biohack44_6113,biohack44_6067,octaviograu_6154,massimiliano_eda111,octavi_6042,haoranran_6100,afr1ste_5689,biohack44_super,biohack44_6080"
task064,e218f014e0f41fbf58f0a21d6c18ab365d24b6b93f7c8bb533378039b355a02c,13.354705,nadeem_6252,public-anchor-candidate,0,1,1,0,0,0,0,1,0,0,0,0,0,0,0,0,1,0,0,"nadeem_6252,candidate_v4,octaviograu_6154,biohack44_super"
task065,4275daec8a235c2656d266c872c9928cf33288d784e4904be2564aa68306a857,14.543288,current_best_6122,lb-verified-current-best,1,0,1,0,0,0,0,0,0,0,0,0,0,0,0,0,0,0,0,"current_best_6122,candidate_v4"
task066,528e107ac7c8644aeb3a04cb1079719bfeeb25486d89be5e08a4e0b391fd4387,13.455004,nadeem_6252,public-anchor-candidate,0,1,0,0,0,0,0,0,0,0,0,0,0,0,0,0,0,0,0,nadeem_6252
task067,e823d84640b258f8322dde914f6bd992553a53aadd84d4685cd18da5f1be35e9,19.247427,current_best_6122,lb-verified-current-best,1,1,1,1,1,0,0,1,0,0,0,0,1,1,1,1,1,1,0,"current_best_6122,nadeem_6252,candidate_v4,biohack44_6113,biohack44_6067,octaviograu_6154,massimiliano_eda111,octavi_6042,haoranran_6100,afr1ste_5689,biohack44_super,biohack44_6080"
task068,e490818d91a162474f9a9ed4c4d7a03517788fb18760e2fe6ca209f592660a82,15.559421,current_best_6122,lb-verified-current-best,1,1,1,1,0,0,0,0,0,0,0,0,1,0,0,1,0,1,0,"current_best_6122,nadeem_6252,candidate_v4,biohack44_6113,massimiliano_eda111,afr1ste_5689,biohack44_6080"
task069,bfa11e10a1b7754b93ff268324f4bdacfe5ca600d6eaecd3d7ecc21b94d2e194,13.658456,nadeem_6252,public-anchor-candidate,0,1,0,0,0,0,0,0,0,0,0,0,0,0,0,0,0,0,0,nadeem_6252
task070,c09e95105072fd97b2106ecebc5fdb42c86bd41e9994b310781aa321351ec9d5,13.900501,current_best_6122,lb-verified-current-best,1,1,1,1,1,0,0,1,0,0,0,0,1,1,1,1,1,1,0,"current_best_6122,nadeem_6252,candidate_v4,biohack44_6113,biohack44_6067,octaviograu_6154,massimiliano_eda111,octavi_6042,haoranran_6100,afr1ste_5689,biohack44_super,biohack44_6080"
task071,2d696d39af281a3a0ca1582e413672e8ef38ef9f06d584f19844a45a6e2aa4a2,13.226404,current_best_6122,lb-verified-current-best,1,1,1,1,1,0,0,1,0,0,0,0,1,1,1,1,1,1,0,"current_best_6122,nadeem_6252,candidate_v4,biohack44_6113,biohack44_6067,octaviograu_6154,massimiliano_eda111,octavi_6042,haoranran_6100,afr1ste_5689,biohack44_super,biohack44_6080"
task072,ce9138206dc060641e07a1ee45e8b332b0e4bcdfe0a06d625d8668c10d6d33e5,17.822981,nadeem_6252,public-anchor-candidate,0,1,0,0,0,0,0,0,0,0,0,0,0,0,0,0,0,0,0,nadeem_6252
task073,c974fda7fe3001de4bd2200b9065826ac44cf359fcb1949954b82f28411b5b63,18.186555,current_best_6122,lb-verified-current-best,1,1,1,1,1,0,0,1,0,0,0,0,1,1,1,1,1,1,0,"current_best_6122,nadeem_6252,candidate_v4,biohack44_6113,biohack44_6067,octaviograu_6154,massimiliano_eda111,octavi_6042,haoranran_6100,afr1ste_5689,biohack44_super,biohack44_6080"
task074,8194b1eba8a395566d686766b74869219cdfdaec5105dbad5f36b6ef32435be8,15.009189,current_best_6122,lb-verified-current-best,1,1,1,1,1,0,0,1,0,0,0,0,1,1,1,1,1,1,0,"current_best_6122,nadeem_6252,candidate_v4,biohack44_6113,biohack44_6067,octaviograu_6154,massimiliano_eda111,octavi_6042,haoranran_6100,afr1ste_5689,biohack44_super,biohack44_6080"
task075,211a2ab0ea4cb67b9b8714d411d361e7eab6ec1192f0f74155bd9bd9c043c7d1,14.742797,current_best_6122,lb-verified-current-best,1,1,1,1,0,0,0,0,0,0,0,0,1,0,0,1,0,1,0,"current_best_6122,nadeem_6252,candidate_v4,biohack44_6113,massimiliano_eda111,afr1ste_5689,biohack44_6080"
task076,419bbf22d94034edf9dc1d2eed86480945abad297d08dbdaaaaf87ef5d7e2ef5,12.292867,nadeem_6252,public-anchor-candidate,0,1,0,0,0,0,0,0,0,0,0,0,0,0,0,0,0,0,0,nadeem_6252
task077,17691436bc7996bb9aa5b6b77bf34cfcc7674700abc8e4d69f7ec65ff4351709,13.030200,nadeem_6252,public-anchor-candidate,0,1,1,0,0,0,0,0,0,0,0,0,0,0,0,1,0,0,0,"nadeem_6252,candidate_v4,afr1ste_5689"
task078,c33e2e8bb8525ee7c4bfa0aca9ec69955cdd9a97837985fb38efdb309903089a,15.650246,current_best_6122,lb-verified-current-best,1,1,1,1,0,0,0,0,0,0,0,0,1,0,0,1,0,1,0,"current_best_6122,nadeem_6252,candidate_v4,biohack44_6113,massimiliano_eda111,afr1ste_5689,biohack44_6080"
task079,4a4f6c8381af1ed692a1d279af1ebacd591befb7b825933520d08519653c1d13,15.029649,nadeem_6252,public-anchor-candidate,0,1,1,0,0,0,0,1,0,0,0,0,0,0,0,0,1,0,0,"nadeem_6252,candidate_v4,octaviograu_6154,biohack44_super"
task080,4b1cd7ffeaf85f936d62097216c4e457e14af1917b41aa32e4ee223cee3ff670,14.352625,nadeem_6252,public-anchor-candidate,0,1,0,0,0,0,0,0,0,0,0,0,0,0,0,0,0,0,0,nadeem_6252
task081,118dc8373587509f07d12aec64778af91edff7253f80e273a30e5863c7b8c91b,17.256297,current_best_6122,lb-verified-current-best,1,1,1,1,1,0,0,1,0,0,0,0,1,1,1,1,1,1,0,"current_best_6122,nadeem_6252,candidate_v4,biohack44_6113,biohack44_6067,octaviograu_6154,massimiliano_eda111,octavi_6042,haoranran_6100,afr1ste_5689,biohack44_super,biohack44_6080"
task082,5f994c35d189c6fc8c7c8733202150cd5bd5bb9aa686ef9497ce5a384641de47,14.936138,current_best_6122,lb-verified-current-best,1,1,1,1,0,0,0,0,0,0,0,0,1,0,0,1,0,1,0,"current_best_6122,nadeem_6252,candidate_v4,biohack44_6113,massimiliano_eda111,afr1ste_5689,biohack44_6080"
task083,3526144719574eafa02b2d1fa33a4be836ec96c267520ddd982697e447b8bc98,17.504458,current_best_6122,lb-verified-current-best,1,1,1,1,1,0,0,1,0,0,0,0,1,1,1,1,1,1,0,"current_best_6122,nadeem_6252,candidate_v4,biohack44_6113,biohack44_6067,octaviograu_6154,massimiliano_eda111,octavi_6042,haoranran_6100,afr1ste_5689,biohack44_super,biohack44_6080"
task084,5bd28bac4f427d16b03dfcb9d4ae68237ccb4bb720b534e0e14b2768658ee6a0,15.121164,current_best_6122,lb-verified-current-best,1,1,1,1,1,0,0,1,0,0,0,0,1,0,1,1,1,1,0,"current_best_6122,nadeem_6252,candidate_v4,biohack44_6113,biohack44_6067,octaviograu_6154,massimiliano_eda111,haoranran_6100,afr1ste_5689,biohack44_super,biohack44_6080"
task085,0cf2b40dcd4fe9bb85de2e251fdca74496734e7c804425012cb1c1110d27505c,13.363283,current_best_6122,lb-verified-current-best,1,1,1,1,1,0,0,1,0,0,0,0,1,1,1,1,1,1,0,"current_best_6122,nadeem_6252,candidate_v4,biohack44_6113,biohack44_6067,octaviograu_6154,massimiliano_eda111,octavi_6042,haoranran_6100,afr1ste_5689,biohack44_super,biohack44_6080"
task086,fb8e2c6895c9222d8bc4c7bef5d953312ac8807d49bf81aae502dff77d8f755a,14.885239,current_best_6122,lb-verified-current-best,1,0,1,0,0,0,0,0,0,0,0,0,0,0,0,0,0,0,0,"current_best_6122,candidate_v4"
task087,fd8bb9f6e85cbfcd68c2edb1cfd2b2968f4ef9066816b2763110e0086381148b,19.091917,nadeem_6252,public-anchor-candidate,0,1,0,0,0,0,0,0,0,0,0,0,0,0,0,0,0,0,0,nadeem_6252
task088,9e7ea13b994ebe4fc0cc8c2f4bfd462d7dea74b364500cdd005ee3c8f75db494,13.804996,nadeem_6252,public-anchor-candidate,0,1,1,0,0,0,0,0,0,0,0,0,0,0,0,0,0,0,0,"nadeem_6252,candidate_v4"
task089,0a479a40d999937f174a12134d5f78bb97ea8a6c108f09e8f44398fe6cbbcd40,14.179382,current_best_6122,lb-verified-current-best,1,1,1,1,1,0,0,1,0,0,0,0,1,1,1,0,1,1,0,"current_best_6122,nadeem_6252,candidate_v4,biohack44_6113,biohack44_6067,octaviograu_6154,massimiliano_eda111,octavi_6042,haoranran_6100,biohack44_super,biohack44_6080"
task090,8032717a5846db3d60ae06a4fa0ff8af92327fd6b6102d39eff9ae246e44816a,13.943507,current_best_6122,lb-verified-current-best,1,1,1,1,1,0,0,1,0,0,0,0,1,1,1,1,1,1,0,"current_best_6122,nadeem_6252,candidate_v4,biohack44_6113,biohack44_6067,octaviograu_6154,massimiliano_eda111,octavi_6042,haoranran_6100,afr1ste_5689,biohack44_super,biohack44_6080"
task091,54b4f81da947fe9e1062238aea5766f1b3401479292e90556a2fac1107b7a72c,14.151323,nadeem_6252,public-anchor-candidate,0,1,0,0,0,0,0,0,0,0,0,0,0,0,0,0,0,0,0,nadeem_6252
task092,f9932c64932cec343083563f2de6ba761604c06277a135415b9112af60d43ec7,14.257319,nadeem_6252,public-anchor-candidate,0,1,0,0,0,0,0,0,0,0,0,0,0,0,0,0,0,0,0,nadeem_6252
task093,cd70e073d1fdbf93b6402aa5356e8c8f09529cd3e6048fc5501c4e44bda9d3e5,15.354118,nadeem_6252,public-anchor-candidate,0,1,1,0,0,0,0,1,0,0,0,0,0,0,0,0,1,0,0,"nadeem_6252,candidate_v4,octaviograu_6154,biohack44_super"
task094,9877a08be2f356fe67653342ee102820efd26cbf7f80ad6490bd10011209d2ed,15.745356,nadeem_6252,public-anchor-candidate,0,1,1,0,0,0,0,1,0,0,0,0,0,0,0,0,1,0,0,"nadeem_6252,candidate_v4,octaviograu_6154,biohack44_super"
task095,eca4d38cd8606a930a722084789b856626fff5d4938c02546296c7f3cca109cf,18.186555,current_best_6122,lb-verified-current-best,1,1,1,1,1,0,0,1,0,0,0,0,1,1,1,1,1,1,0,"current_best_6122,nadeem_6252,candidate_v4,biohack44_6113,biohack44_6067,octaviograu_6154,massimiliano_eda111,octavi_6042,haoranran_6100,afr1ste_5689,biohack44_super,biohack44_6080"
task096,ce8db8caf6b5f6cc84108a5efe1947880da7d802796c33483bbc8132e48c4f3a,12.825227,nadeem_6252,public-anchor-candidate,0,1,0,0,0,0,0,1,0,0,0,0,0,0,0,0,1,0,0,"nadeem_6252,octaviograu_6154,biohack44_super"
task097,d3ac24b8f1ef82f43e7f57498baccf1d83880a6fe0266ba9484ac6eba27b8599,14.070256,nadeem_6252,public-anchor-candidate,0,1,0,0,0,0,0,0,0,0,0,0,0,0,0,0,0,0,0,nadeem_6252
task098,8fff41bf99869a80261fa1ec8461431ffa90e7a616d10c1582642af88b241cde,18.186555,current_best_6122,lb-verified-current-best,1,1,1,1,1,0,0,1,0,0,0,0,1,1,1,1,1,1,0,"current_best_6122,nadeem_6252,candidate_v4,biohack44_6113,biohack44_6067,octaviograu_6154,massimiliano_eda111,octavi_6042,haoranran_6100,afr1ste_5689,biohack44_super,biohack44_6080"
task099,1e320d88cf0eac19c3c20b9c005a4be28ac50d4bf0a39015404f9deb22a0c31e,16.500971,current_best_6122,lb-verified-current-best,1,1,1,1,1,0,0,1,0,0,0,0,1,1,1,1,1,1,0,"current_best_6122,nadeem_6252,candidate_v4,biohack44_6113,biohack44_6067,octaviograu_6154,massimiliano_eda111,octavi_6042,haoranran_6100,afr1ste_5689,biohack44_super,biohack44_6080"
task100,dceade053a44b3cc0ee481a2b109060da44f7e12dc34d583c301f1c9d6f84691,16.214919,nadeem_6252,public-anchor-candidate,0,1,0,0,0,0,0,1,0,0,0,0,0,0,0,0,1,0,0,"nadeem_6252,octaviograu_6154,biohack44_super"
task101,edd7e165314a501462e02577d29022d3eb27078c4eb090009d5f19a5f0c2fbf1,12.166837,nadeem_6252,public-anchor-candidate,0,1,1,0,0,0,0,0,0,0,0,0,0,0,0,0,0,0,0,"nadeem_6252,candidate_v4"
task102,96828587e72bb4a7f3af9bce80fa95d9431a6740d99b3f93d32e3c48096cea60,15.557993,nadeem_6252,public-anchor-candidate,0,1,1,0,0,0,0,1,0,0,0,0,0,0,0,0,1,0,0,"nadeem_6252,candidate_v4,octaviograu_6154,biohack44_super"
task103,b3c052cdc64fa19a71396b9bc19a9017a70fae4e77cf764756b4e7eac2a36d4f,19.737310,nadeem_6252,public-anchor-candidate,0,1,0,0,0,0,0,0,0,0,0,0,0,0,0,0,0,0,0,nadeem_6252
task104,2a9e28757c576c2248ca53c517bd98d43633ab65ecfa9542bebc9fc050ad2b0a,16.788789,nadeem_6252,public-anchor-candidate,0,1,0,0,0,0,0,0,0,0,0,0,0,0,0,0,0,0,0,nadeem_6252
task105,c98b3f63a51b63155aeb92f922cbf3f241f84285f5f1705a033e4773d25b47ea,16.138508,nadeem_6252,public-anchor-candidate,0,1,1,0,0,0,0,0,0,0,0,0,0,0,0,0,0,0,0,"nadeem_6252,candidate_v4"
task106,9b54191da37371effdb80aaca05a4cddbabc19d25cbc1ebceae1d85a897c6698,17.940382,current_best_6122,lb-verified-current-best,1,1,1,1,1,1,0,1,0,0,0,0,1,1,1,1,1,1,0,"current_best_6122,nadeem_6252,candidate_v4,biohack44_6113,biohack44_6067,konbu17_v36,octaviograu_6154,massimiliano_eda111,octavi_6042,haoranran_6100,afr1ste_5689,biohack44_super,biohack44_6080"
task107,b14df708a1620b804424d2ad11a6012e77c9895355e84c3f999e7c37360e23bc,13.806578,current_best_6122,lb-verified-current-best,1,0,1,0,0,0,0,0,0,0,0,0,0,0,0,0,0,0,0,"current_best_6122,candidate_v4"
task108,825c078fdd5cf248ddfcf1d91c57c125e6e2213304022e67810f2d3aaee2922c,17.504458,current_best_6122,lb-verified-current-best,1,1,1,1,1,1,0,1,0,0,0,0,1,1,1,1,1,1,0,"current_best_6122,nadeem_6252,candidate_v4,biohack44_6113,biohack44_6067,konbu17_v36,octaviograu_6154,massimiliano_eda111,octavi_6042,haoranran_6100,afr1ste_5689,biohack44_super,biohack44_6080"
task109,7839c13870891f0086bab84db435e1ad5532c6e87f69d2ce0c9b98114d796077,13.542048,current_best_6122,lb-verified-current-best,1,0,1,0,0,0,0,0,0,0,0,0,0,0,0,0,0,0,0,"current_best_6122,candidate_v4"
task110,8c575949ac1a58e11b8b5888698200d932d67b0d0871c15aaa6a78816c46c929,13.399055,nadeem_6252,public-anchor-candidate,0,1,0,0,0,0,0,1,0,0,0,0,0,0,0,0,1,0,0,"nadeem_6252,octaviograu_6154,biohack44_super"
task111,c01911e7f5493ba19bcc496b439eb2106bd44f79305daefd94e102a96691a8ca,18.319145,current_best_6122,lb-verified-current-best,1,1,1,1,0,0,0,0,0,0,0,0,1,0,0,1,0,1,0,"current_best_6122,nadeem_6252,candidate_v4,biohack44_6113,massimiliano_eda111,afr1ste_5689,biohack44_6080"
task112,c9d107e03bcc1559d05367b27fca4117a92b4a4e65d2103d0e57fd16eebe58ca,14.010141,current_best_6122,lb-verified-current-best,1,1,1,0,0,0,0,1,0,0,0,0,0,0,0,0,1,0,0,"current_best_6122,nadeem_6252,candidate_v4,octaviograu_6154,biohack44_super"
task113,356a5f1e2200cf2560f6c836ce7d21eca6b6cad9e68015c2ae31639613ef9b09,21.598803,current_best_6122,lb-verified-current-best,1,1,1,1,1,1,0,1,0,0,0,0,1,1,1,1,1,1,0,"current_best_6122,nadeem_6252,candidate_v4,biohack44_6113,biohack44_6067,konbu17_v36,octaviograu_6154,massimiliano_eda111,octavi_6042,haoranran_6100,afr1ste_5689,biohack44_super,biohack44_6080"
task114,7d1973d605273db25b979fc20a63bacd338098bf8f239bc90618b4b89dd1baa4,17.865906,current_best_6122,lb-verified-current-best,1,1,1,1,1,1,0,1,0,0,0,0,1,1,1,1,1,1,0,"current_best_6122,nadeem_6252,candidate_v4,biohack44_6113,biohack44_6067,konbu17_v36,octaviograu_6154,massimiliano_eda111,octavi_6042,haoranran_6100,afr1ste_5689,biohack44_super,biohack44_6080"
task115,fef642f35c49927e9440865ae0761f3f9ecb7d9bb8a03f2a5109e91a82deb620,16.675906,current_best_6122,lb-verified-current-best,1,1,1,1,1,1,0,1,0,0,0,0,1,1,1,1,1,1,0,"current_best_6122,nadeem_6252,candidate_v4,biohack44_6113,biohack44_6067,konbu17_v36,octaviograu_6154,massimiliano_eda111,octavi_6042,haoranran_6100,afr1ste_5689,biohack44_super,biohack44_6080"
task116,3f87aab73b8c538752ffb070a34dd07ef95ccba2d299bd7526da67fcf956e1e5,21.598803,current_best_6122,lb-verified-current-best,1,1,1,1,1,1,0,1,0,0,0,0,1,1,1,1,1,1,0,"current_best_6122,nadeem_6252,candidate_v4,biohack44_6113,biohack44_6067,konbu17_v36,octaviograu_6154,massimiliano_eda111,octavi_6042,haoranran_6100,afr1ste_5689,biohack44_super,biohack44_6080"
task117,f0db9d777864eb09eb86826b56a8d871d28a0394c52cc42c8241426f1cfb47e4,15.193795,current_best_6122,lb-verified-current-best,1,0,1,0,0,0,0,0,0,0,0,0,0,0,0,0,0,0,0,"current_best_6122,candidate_v4"
task118,97438b5c21bb19e585d3fceec251469c7b374cd4a076c5688816618e34f13133,13.336192,nadeem_6252,public-anchor-candidate,0,1,0,0,0,0,0,0,0,0,0,0,0,0,0,0,0,0,0,nadeem_6252
task119,07ddefaae6173ac59e2d58892773e2f6363645aa9845b7b8ea9e13e54e6e3283,15.280435,nadeem_6252,public-anchor-candidate,0,1,1,0,0,0,0,0,0,0,0,0,0,0,0,0,0,0,0,"nadeem_6252,candidate_v4"
task120,13dafeb021b56dac928f38d32b4a0b841fcf481296ab752c9ac203fa425e1acc,18.186555,current_best_6122,lb-verified-current-best,1,1,1,1,1,0,0,1,0,0,0,0,1,1,1,1,1,1,0,"current_best_6122,nadeem_6252,candidate_v4,biohack44_6113,biohack44_6067,octaviograu_6154,massimiliano_eda111,octavi_6042,haoranran_6100,afr1ste_5689,biohack44_super,biohack44_6080"
task121,03880dc2a72d6781722a53ffad4b506867ebd9f9c0a7faae3760807eabe67856,16.215838,current_best_6122,lb-verified-current-best,1,1,1,1,1,0,0,1,0,0,0,0,1,1,1,1,1,1,0,"current_best_6122,nadeem_6252,candidate_v4,biohack44_6113,biohack44_6067,octaviograu_6154,massimiliano_eda111,octavi_6042,haoranran_6100,afr1ste_5689,biohack44_super,biohack44_6080"
task122,d932a3ac54fb54cc09d9cdbaab21ba4e9165ed9a6a8e01b9e0c49fb972269b75,17.171962,current_best_6122,lb-verified-current-best,1,1,1,1,1,0,0,1,0,0,0,0,1,1,1,1,1,1,0,"current_best_6122,nadeem_6252,candidate_v4,biohack44_6113,biohack44_6067,octaviograu_6154,massimiliano_eda111,octavi_6042,haoranran_6100,afr1ste_5689,biohack44_super,biohack44_6080"
task123,984533b7a16d9c9d396feb3804602dd6044b4573d05d14964f3f23d179764af2,16.680283,current_best_6122,lb-verified-current-best,1,0,1,1,0,0,0,0,0,0,0,0,1,0,0,1,0,1,0,"current_best_6122,candidate_v4,biohack44_6113,massimiliano_eda111,afr1ste_5689,biohack44_6080"
task124,25adeb7f2d7dd711adf8af305ce943ada2ad39c8f0f5e699e9ff722f2f4a60ad,15.705962,current_best_6122,lb-verified-current-best,1,0,1,0,0,0,0,0,0,0,0,0,0,0,0,0,0,0,0,"current_best_6122,candidate_v4"
task125,20f2c3e90cfb5afe5ac7e795a1cf906ce67453cb55deb5cbcc51275aea5fc7e8,15.495722,current_best_6122,lb-verified-current-best,1,1,1,1,1,0,0,1,0,0,0,0,1,1,1,1,1,1,0,"current_best_6122,nadeem_6252,candidate_v4,biohack44_6113,biohack44_6067,octaviograu_6154,massimiliano_eda111,octavi_6042,haoranran_6100,afr1ste_5689,biohack44_super,biohack44_6080"
task126,b86dafbc68af0e5b698f0241dd534874e44ffd9dfca8bac7b89280a3534f3824,13.636840,current_best_6122,lb-verified-current-best,1,1,1,1,1,0,0,1,0,0,0,0,1,1,1,1,1,1,0,"current_best_6122,nadeem_6252,candidate_v4,biohack44_6113,biohack44_6067,octaviograu_6154,massimiliano_eda111,octavi_6042,haoranran_6100,afr1ste_5689,biohack44_super,biohack44_6080"
task127,81f551a5b779e861ce371fdc4697595db753242954a60c50a3ac8e3108937d97,18.197605,current_best_6122,lb-verified-current-best,1,1,1,1,1,1,0,1,0,0,0,0,1,1,1,1,1,1,0,"current_best_6122,nadeem_6252,candidate_v4,biohack44_6113,biohack44_6067,konbu17_v36,octaviograu_6154,massimiliano_eda111,octavi_6042,haoranran_6100,afr1ste_5689,biohack44_super,biohack44_6080"
task128,5224331b88562c8c5864a82ed28442ed1a8c17321e5852eb0c193b0a8eabe7e5,13.537926,current_best_6122,lb-verified-current-best,1,1,1,1,1,0,0,1,0,0,0,0,1,1,1,1,1,1,0,"current_best_6122,nadeem_6252,candidate_v4,biohack44_6113,biohack44_6067,octaviograu_6154,massimiliano_eda111,octavi_6042,haoranran_6100,afr1ste_5689,biohack44_super,biohack44_6080"
task129,cb3d815a7dac0fa6cbceaf9fac975e8d8bf1ae6af4987a5c11478325fb8b6a6f,18.293138,current_best_6122,lb-verified-current-best,1,0,1,0,0,0,0,0,0,0,0,0,0,0,0,0,0,0,0,"current_best_6122,candidate_v4"
task130,129e8e94901df68286dc85134b4be5ba1daa1437df26f1eb430b9272e7f77471,15.322911,current_best_6122,lb-verified-current-best,1,1,1,1,1,0,0,1,0,0,0,0,1,1,1,1,1,1,0,"current_best_6122,nadeem_6252,candidate_v4,biohack44_6113,biohack44_6067,octaviograu_6154,massimiliano_eda111,octavi_6042,haoranran_6100,afr1ste_5689,biohack44_super,biohack44_6080"
task131,aef2df6731cdd0168ed41a7637a2b939bb42ff5efe498e6732b1bc4fa4aa2d64,14.295633,current_best_6122,lb-verified-current-best,1,1,1,1,0,0,0,0,0,0,0,0,1,0,0,1,0,1,0,"current_best_6122,nadeem_6252,candidate_v4,biohack44_6113,massimiliano_eda111,afr1ste_5689,biohack44_6080"
task132,02558813adda79590927fa1e3d0be80af0e44475a6abbd69beb0d87da57bfdbb,14.709279,current_best_6122,lb-verified-current-best,1,1,1,1,0,0,0,0,0,0,0,0,1,0,0,1,0,1,0,"current_best_6122,nadeem_6252,candidate_v4,biohack44_6113,massimiliano_eda111,afr1ste_5689,biohack44_6080"
task133,98c9e52b494fb0f930f72b2508e749c34f95ede21d3da8d2ed929d596b33efb9,12.810072,nadeem_6252,public-anchor-candidate,0,1,0,0,0,0,0,0,0,0,0,0,0,0,0,0,0,0,0,nadeem_6252
task134,b8c97031d4dd9d04cdd7ec5e6e43525899b583f45e8266ddaa88aa4340ea596a,15.575516,nadeem_6252,public-anchor-candidate,0,1,1,0,0,0,0,0,0,0,0,0,0,0,0,1,0,0,0,"nadeem_6252,candidate_v4,afr1ste_5689"
task135,a6eca6896b1dbbcd1bf944fb6c9538e2c5fc2cf15786dac3b683be3574fcd543,19.113896,nadeem_6252,public-anchor-candidate,0,1,0,0,0,0,0,0,0,0,0,0,0,0,0,0,0,0,0,nadeem_6252
task136,54b79d7f792cfe272130aa8daf7784f6ff46db39d5419da2bf1152175cc472fe,16.515950,nadeem_6252,public-anchor-candidate,0,1,1,0,0,0,0,0,0,0,0,0,0,0,0,0,0,0,0,"nadeem_6252,candidate_v4"
task137,7b50205804b2162040e107d11052d9190932c44a4cfc55aeb4c026422b7af614,14.031216,current_best_6122,lb-verified-current-best,1,0,1,0,0,0,0,0,0,0,0,0,0,0,0,0,0,0,0,"current_best_6122,candidate_v4"
task138,32972f740b91df81d7495e7bc824df592594382f7f2edab0ef5b07c14f00a0c5,14.209445,nadeem_6252,public-anchor-candidate,0,1,0,0,0,0,0,0,0,0,0,0,0,0,0,0,0,0,0,nadeem_6252
task139,e3e6133e136fc342560390d22bb08861dc290ef6c9f64e8854070984d4a5946f,16.803012,current_best_6122,lb-verified-current-best,1,1,1,1,1,0,0,1,0,0,0,0,1,1,1,1,1,1,0,"current_best_6122,nadeem_6252,candidate_v4,biohack44_6113,biohack44_6067,octaviograu_6154,massimiliano_eda111,octavi_6042,haoranran_6100,afr1ste_5689,biohack44_super,biohack44_6080"
task140,35298d837506c049f25a80c79e44804bf5b76de02a18f7c2e3bf35a0e4b535c9,19.091917,nadeem_6252,public-anchor-candidate,0,1,0,0,0,0,0,0,0,0,0,0,0,0,0,0,0,0,0,nadeem_6252
task141,419409ee1ef9989b22aaba718cfe107b9d915bb476e1f4edee982507a294cede,15.331033,current_best_6122,lb-verified-current-best,1,1,1,1,1,0,0,1,0,0,0,0,1,1,1,1,1,1,0,"current_best_6122,nadeem_6252,candidate_v4,biohack44_6113,biohack44_6067,octaviograu_6154,massimiliano_eda111,octavi_6042,haoranran_6100,afr1ste_5689,biohack44_super,biohack44_6080"
task142,b525fbe662a950ccba343052e36da4678bbd57b9039d4f6c5a15f3c0a16fd54a,17.504458,current_best_6122,lb-verified-current-best,1,1,1,1,1,0,0,1,0,0,0,0,1,1,1,1,1,1,0,"current_best_6122,nadeem_6252,candidate_v4,biohack44_6113,biohack44_6067,octaviograu_6154,massimiliano_eda111,octavi_6042,haoranran_6100,afr1ste_5689,biohack44_super,biohack44_6080"
task143,545186fc1e5605ade4d666e87702a09678e9c34c1449945e1a0fdef567cea868,15.124860,current_best_6122,lb-verified-current-best,1,1,1,1,0,0,0,0,0,0,0,0,1,0,0,1,0,1,0,"current_best_6122,nadeem_6252,candidate_v4,biohack44_6113,massimiliano_eda111,afr1ste_5689,biohack44_6080"
task144,9ccdbc162d23747b26bd043d8488ba2aebe080e2a693304f16ff65bd3b7d6a0e,18.333043,current_best_6122,lb-verified-current-best,1,1,1,1,0,0,0,0,0,0,0,0,1,0,0,1,0,1,0,"current_best_6122,nadeem_6252,candidate_v4,biohack44_6113,massimiliano_eda111,afr1ste_5689,biohack44_6080"
task145,22681d1e38fd9b4a50619a4900134ac568081a0007d313598a2d4a001a12a65b,13.796907,current_best_6122,lb-verified-current-best,1,1,1,1,1,0,0,1,0,0,0,0,1,1,1,0,1,1,0,"current_best_6122,nadeem_6252,candidate_v4,biohack44_6113,biohack44_6067,octaviograu_6154,massimiliano_eda111,octavi_6042,haoranran_6100,biohack44_super,biohack44_6080"
task146,773d61ca46def6d1e9fdb7916c51a9f5e99a5d39640f394231b2b05a400c4a31,17.278651,current_best_6122,lb-verified-current-best,1,1,1,0,1,0,0,1,0,0,0,0,0,0,0,1,1,1,0,"current_best_6122,nadeem_6252,candidate_v4,biohack44_6067,octaviograu_6154,afr1ste_5689,biohack44_super,biohack44_6080"
task147,e65dc2d49c2dd32775575699e73cb1ad0aca1fcca0a87fcec26127b52f631670,18.186555,current_best_6122,lb-verified-current-best,1,1,1,1,1,0,0,1,0,0,0,0,1,1,1,1,1,1,0,"current_best_6122,nadeem_6252,candidate_v4,biohack44_6113,biohack44_6067,octaviograu_6154,massimiliano_eda111,octavi_6042,haoranran_6100,afr1ste_5689,biohack44_super,biohack44_6080"
task148,977766efe15f7fabde643b68e24ea47cc5d9069210a295f8ba0c7ab3a2f5b9de,14.999885,current_best_6122,lb-verified-current-best,1,1,1,1,0,0,0,0,0,0,0,0,1,0,0,1,0,1,0,"current_best_6122,nadeem_6252,candidate_v4,biohack44_6113,massimiliano_eda111,afr1ste_5689,biohack44_6080"
task149,3137da6fb944a3bb6e03884efc695345a045254de6a366510505b2221d175600,16.455386,current_best_6122,lb-verified-current-best,1,1,1,1,1,0,0,1,0,0,0,0,1,1,1,1,1,1,0,"current_best_6122,nadeem_6252,candidate_v4,biohack44_6113,biohack44_6067,octaviograu_6154,massimiliano_eda111,octavi_6042,haoranran_6100,afr1ste_5689,biohack44_super,biohack44_6080"
task150,eef66466514ec7a5328062908ce1f14ca3b8e113c6b1cf7adfe182abcc341de8,18.078342,nadeem_6252,public-anchor-candidate,0,1,0,0,0,0,0,1,0,0,0,0,0,0,0,0,1,0,0,"nadeem_6252,octaviograu_6154,biohack44_super"
task151,265a8eb2b997ae3dae68af150413ae0c0301bc004251e92a8beb0dc79bd2e36b,18.186555,current_best_6122,lb-verified-current-best,1,1,1,1,0,0,0,0,0,0,0,0,1,0,0,1,0,1,0,"current_best_6122,nadeem_6252,candidate_v4,biohack44_6113,massimiliano_eda111,afr1ste_5689,biohack44_6080"
task152,b525fbe662a950ccba343052e36da4678bbd57b9039d4f6c5a15f3c0a16fd54a,17.504458,current_best_6122,lb-verified-current-best,1,1,1,1,1,0,0,1,0,0,0,0,1,1,1,1,1,1,0,"current_best_6122,nadeem_6252,candidate_v4,biohack44_6113,biohack44_6067,octaviograu_6154,massimiliano_eda111,octavi_6042,haoranran_6100,afr1ste_5689,biohack44_super,biohack44_6080"
task153,f0f110f71bffda74a8168f2ab942e2b3ff65762c0cb9aa24a0705a53ec03e3fa,15.012033,nadeem_6252,public-anchor-candidate,0,1,0,0,0,0,0,0,0,0,0,0,0,0,0,0,0,0,0,nadeem_6252
task154,5f1e298db41b5a1f178cc757f413e3eab14e95291dd559a42ff084b616a29b41,14.272907,nadeem_6252,public-anchor-candidate,0,1,0,0,0,0,0,1,0,0,0,0,0,0,0,0,1,0,0,"nadeem_6252,octaviograu_6154,biohack44_super"
task155,eb14dfb5dced388e02e786c70561a892c539daf1e48ed47cd695642c53b65585,18.078342,nadeem_6252,public-anchor-candidate,0,1,0,0,0,0,0,1,0,0,0,0,0,0,0,0,1,0,0,"nadeem_6252,octaviograu_6154,biohack44_super"
task156,e365c128127e7c2ba75fc7e0efd5e0d695bb256972b63cf49206bbf65e227349,14.813140,nadeem_6252,public-anchor-candidate,0,1,0,0,0,0,0,1,0,0,0,0,0,0,0,0,1,0,0,"nadeem_6252,octaviograu_6154,biohack44_super"
task157,54ccca78d90672c897765f456d3c87999218406775f9513916d10c9f994a4e95,13.651336,nadeem_6252,public-anchor-candidate,0,1,0,0,0,0,0,0,0,0,0,0,0,0,0,0,0,0,0,nadeem_6252
task158,5f126c6c95b5e9197281b2b0130033f28d88f1c99e7b8717c68508560d5df8da,12.827210,nadeem_6252,public-anchor-candidate,0,1,0,0,0,0,0,0,0,0,0,0,0,0,0,0,0,0,0,nadeem_6252
task159,93239bd39db8bb07ffc4f354ca7b43656c78ca03e18c9ca72a30ccb093e2eb5a,13.597995,current_best_6122,lb-verified-current-best,1,1,1,1,1,0,0,1,0,0,0,0,1,1,1,1,1,1,0,"current_best_6122,nadeem_6252,candidate_v4,biohack44_6113,biohack44_6067,octaviograu_6154,massimiliano_eda111,octavi_6042,haoranran_6100,afr1ste_5689,biohack44_super,biohack44_6080"
task160,9614391ed6a8c961cb2a50b82e22337eab556621bb99de4baaa2f78d0f8b06ad,16.569237,nadeem_6252,public-anchor-candidate,0,1,1,0,0,0,0,1,0,0,0,0,0,0,0,0,1,0,0,"nadeem_6252,candidate_v4,octaviograu_6154,biohack44_super"
task161,aac790a1c2961c5e1042a8a2f49001fa2e554ab4a5bf8990b3490e3ed1658916,13.923303,nadeem_6252,public-anchor-candidate,0,1,0,0,0,0,0,0,0,0,0,0,0,0,0,0,0,0,0,nadeem_6252
task162,29467827e023a09da29f2c6bcf10d77d7bff035e613d5615f27d623e6f2f3224,13.944502,current_best_6122,lb-verified-current-best,1,1,1,1,1,0,0,1,0,0,0,0,1,1,1,1,1,1,0,"current_best_6122,nadeem_6252,candidate_v4,biohack44_6113,biohack44_6067,octaviograu_6154,massimiliano_eda111,octavi_6042,haoranran_6100,afr1ste_5689,biohack44_super,biohack44_6080"
task163,20509dabff21d45373372e5d29ac896fe8dfe5643c42473470e08c9c1165f945,14.916318,current_best_6122,lb-verified-current-best,1,0,1,0,0,0,0,0,0,0,0,0,0,0,0,0,0,0,0,"current_best_6122,candidate_v4"
task164,250771b94d3db4658d4ac04e3bd9a0740f2af0f3aba0bb9b5df4d6181bb470d4,21.598803,current_best_6122,lb-verified-current-best,1,1,1,1,1,1,0,1,0,0,0,0,1,1,1,1,1,1,0,"current_best_6122,nadeem_6252,candidate_v4,biohack44_6113,biohack44_6067,konbu17_v36,octaviograu_6154,massimiliano_eda111,octavi_6042,haoranran_6100,afr1ste_5689,biohack44_super,biohack44_6080"
task165,84191da6721ff334125fd7fa8616eb9122ba801b8e467d4f0bac42cdd367fab2,13.879762,current_best_6122,lb-verified-current-best,1,1,1,1,1,0,0,1,0,0,0,0,1,1,1,1,1,1,0,"current_best_6122,nadeem_6252,candidate_v4,biohack44_6113,biohack44_6067,octaviograu_6154,massimiliano_eda111,octavi_6042,haoranran_6100,afr1ste_5689,biohack44_super,biohack44_6080"
task166,635ac35cdaf739d7549ee8cd70b4042ae832ff18d2798a37fb1e315bb0990a02,14.881845,current_best_6122,lb-verified-current-best,1,1,1,1,0,0,0,0,0,0,0,0,1,0,0,1,0,1,0,"current_best_6122,nadeem_6252,candidate_v4,biohack44_6113,massimiliano_eda111,afr1ste_5689,biohack44_6080"
task167,71960feaa6f01d141e2e847cf629191d99e40b6ceb0199f2c3f955b43a84d6d9,18.470581,current_best_6122,lb-verified-current-best,1,0,1,1,0,0,0,0,0,0,0,0,1,0,0,1,0,1,0,"current_best_6122,candidate_v4,biohack44_6113,massimiliano_eda111,afr1ste_5689,biohack44_6080"
task168,24e27e72411c8561da75b446c8d7253b7581784b14d9d8063097e06ac83fac71,15.076563,nadeem_6252,public-anchor-candidate,0,1,0,0,0,0,0,0,0,0,0,0,0,0,0,0,0,0,0,nadeem_6252
task169,dfe553780f6769c9353bcda597ca9fe3629e0ef69cc742c9b3362616e9b716ae,14.929770,nadeem_6252,public-anchor-candidate,0,1,1,0,0,0,0,0,0,0,0,0,0,0,0,0,0,0,0,"nadeem_6252,candidate_v4"
task170,40c7d62d579c2d8926059eb3c557934286ca2ed2507772f25b157bc0a91d75ba,13.728331,nadeem_6252,public-anchor-candidate,0,1,0,0,0,0,0,0,0,0,0,0,0,0,0,0,0,0,0,nadeem_6252
task171,c0dccfce69e87e53b68a617cc0ce6da5c9659180ce2acc2a46007c9915c524cb,18.186555,current_best_6122,lb-verified-current-best,1,1,1,1,1,0,0,1,0,0,0,0,1,1,1,1,1,1,0,"current_best_6122,nadeem_6252,candidate_v4,biohack44_6113,biohack44_6067,octaviograu_6154,massimiliano_eda111,octavi_6042,haoranran_6100,afr1ste_5689,biohack44_super,biohack44_6080"
task172,aa923630b6479cf1a1f5e7b7bfe2e4947e1c8ba8edba4f31d250b0b2f0c98dde,21.598803,current_best_6122,lb-verified-current-best,1,1,1,1,1,1,0,1,0,0,0,0,1,1,1,1,1,1,0,"current_best_6122,nadeem_6252,candidate_v4,biohack44_6113,biohack44_6067,konbu17_v36,octaviograu_6154,massimiliano_eda111,octavi_6042,haoranran_6100,afr1ste_5689,biohack44_super,biohack44_6080"
task173,6422b0cd8c4551cb02c6733546b9d7f1b9130a0e4e58c7132e4791558a968ec7,12.926071,nadeem_6252,public-anchor-candidate,0,1,0,0,0,0,0,1,0,0,0,0,0,0,0,0,1,0,0,"nadeem_6252,octaviograu_6154,biohack44_super"
task174,4501407339b9e160ae271315971c5baa39151bb8f252ce075fee7e027ffb1686,14.140636,nadeem_6252,public-anchor-candidate,0,1,0,0,0,0,0,1,0,0,0,0,0,0,0,0,1,0,0,"nadeem_6252,octaviograu_6154,biohack44_super"
task175,81360eed1239cc5100375c4c1bd3261ee37f752a50e42166236e158e5ad5ac31,13.619235,current_best_6122,lb-verified-current-best,1,0,1,0,0,0,0,0,0,0,0,0,0,0,0,0,0,0,0,"current_best_6122,candidate_v4"
task176,e323248617622d6f3ec11b2d387952fea83ecc2fed3bdb998ca12143a2168c6b,16.022854,current_best_6122,lb-verified-current-best,1,1,1,1,0,0,0,0,0,0,0,0,1,0,0,1,0,1,0,"current_best_6122,nadeem_6252,candidate_v4,biohack44_6113,massimiliano_eda111,afr1ste_5689,biohack44_6080"
task177,cf49f3845c907c5c58bfc44858a09562b29c11f7bc05ec633f96e70552287949,13.978196,nadeem_6252,public-anchor-candidate,0,1,0,0,0,0,0,0,0,0,0,0,0,0,0,0,0,0,0,nadeem_6252
task178,4da8ed1ed0676bf74ff1db264eee36e5a51569d8bfd9726b145975fb852cb357,14.713600,current_best_6122,lb-verified-current-best,1,1,1,1,0,0,0,0,0,0,0,0,1,0,0,1,0,1,0,"current_best_6122,nadeem_6252,candidate_v4,biohack44_6113,massimiliano_eda111,afr1ste_5689,biohack44_6080"
task179,bde695a21a93b9e2084a9b7e8a8bee5f2cdc694baa71a12d1c34ae921a89cb87,25.000000,current_best_6122,lb-verified-current-best,1,1,1,1,1,1,0,1,0,0,0,0,1,1,1,1,1,1,0,"current_best_6122,nadeem_6252,candidate_v4,biohack44_6113,biohack44_6067,konbu17_v36,octaviograu_6154,massimiliano_eda111,octavi_6042,haoranran_6100,afr1ste_5689,biohack44_super,biohack44_6080"
task180,8f6b55aa41b48daa3c5bde2cf091752666c75e5b3b9acd0b61ce5c378a8988a7,16.084031,current_best_6122,lb-verified-current-best,1,0,1,1,0,0,0,0,0,0,0,0,1,0,0,1,0,1,0,"current_best_6122,candidate_v4,biohack44_6113,massimiliano_eda111,afr1ste_5689,biohack44_6080"
task181,d5e423513a6d975dcf970b7fa00306491312801ed8b9c3232bddaa05e5217ae9,17.914936,current_best_6122,lb-verified-current-best,1,1,1,1,1,0,0,1,0,0,0,0,1,1,1,1,1,1,0,"current_best_6122,nadeem_6252,candidate_v4,biohack44_6113,biohack44_6067,octaviograu_6154,massimiliano_eda111,octavi_6042,haoranran_6100,afr1ste_5689,biohack44_super,biohack44_6080"
task182,a4c0113b16fd5a5b05d55505920cc5ce2a3f44b02eb252331c82630ae44592ef,14.228887,nadeem_6252,public-anchor-candidate,0,1,0,0,0,0,0,0,0,0,0,0,0,0,0,0,0,0,0,nadeem_6252
task183,46ceea84568fb834441d4df8e55844ba3122e38f8a91006e113ea40c89bebb55,14.879226,current_best_6122,lb-verified-current-best,1,0,1,0,0,0,0,0,0,0,0,0,0,0,0,0,0,0,0,"current_best_6122,candidate_v4"
task184,e2dcc9362cac03db34174d9cfe83b4528b95b776befd30fdd1cdc73bfb758161,14.432408,nadeem_6252,public-anchor-candidate,0,1,0,0,0,0,0,0,0,0,0,0,0,0,0,0,0,0,0,nadeem_6252
task185,dbc48d1e31979b5114d5df411783ca8989f9ae9c4bd063f24eb529ea5d5b1dae,14.004858,nadeem_6252,public-anchor-candidate,0,1,1,0,0,0,0,1,0,0,0,0,0,0,0,0,1,0,0,"nadeem_6252,candidate_v4,octaviograu_6154,biohack44_super"
task186,5f12ebe1ba6f496ac5712d9d6c43d990aba0f2edfb4474275efbbbce95cef086,19.102846,nadeem_6252,public-anchor-candidate,0,1,0,0,0,0,0,0,0,0,0,0,0,0,0,0,0,0,0,nadeem_6252
task187,a12ff26344d3636a415f318272f96b57a7e6c98ebd9e5bd92bc9465f8ff342d7,13.435308,nadeem_6252,public-anchor-candidate,0,1,0,0,0,0,0,0,0,0,0,0,0,0,0,1,0,0,0,"nadeem_6252,afr1ste_5689"
task188,b5aedf9a8411d84cd20d8bded8746b6a16044a019d7d5352e049a9c98ef96837,15.725371,current_best_6122,lb-verified-current-best,1,0,1,1,0,0,0,0,0,0,0,0,1,0,0,1,0,1,0,"current_best_6122,candidate_v4,biohack44_6113,massimiliano_eda111,afr1ste_5689,biohack44_6080"
task189,8feb91f1cc27fca0b315416ca074d36c658d8f9683b58d95609bba625e80b4ad,14.887508,nadeem_6252,public-anchor-candidate,0,1,0,0,0,0,0,0,0,0,0,0,0,0,0,0,0,0,0,nadeem_6252
task190,0a31ba38881a6fc4af83224d1aa59f0a876aea5808f55f95707b8c5975ac4c06,15.675974,current_best_6122,lb-verified-current-best,1,1,1,1,1,0,0,1,0,0,0,0,1,1,1,1,1,1,0,"current_best_6122,nadeem_6252,candidate_v4,biohack44_6113,biohack44_6067,octaviograu_6154,massimiliano_eda111,octavi_6042,haoranran_6100,afr1ste_5689,biohack44_super,biohack44_6080"
task191,bed11bcd1fa6de9d41351306ee799f453ed8ddb089b72f5a421af02ae8d88e8c,13.602800,nadeem_6252,public-anchor-candidate,0,1,0,0,0,0,0,0,0,0,0,0,0,0,0,0,0,0,0,nadeem_6252
task192,02da2ed1d0363997e45f8c5bfe6fef9b8de614300b6189a91ffc9a8d49a37a05,14.141617,nadeem_6252,public-anchor-candidate,0,1,0,0,0,0,0,0,0,0,0,0,0,0,0,0,0,0,0,nadeem_6252
task193,1184ed012012ee9bc87677fea86382acea9bc6b8979f087a5b3500492d6138dd,14.109558,current_best_6122,lb-verified-current-best,1,1,1,1,1,0,0,1,0,0,0,0,1,1,1,1,1,1,0,"current_best_6122,nadeem_6252,candidate_v4,biohack44_6113,biohack44_6067,octaviograu_6154,massimiliano_eda111,octavi_6042,haoranran_6100,afr1ste_5689,biohack44_super,biohack44_6080"
task194,5a188032e9933c63bea9816c0846001d769eb356d00653af9e5e766ff62bb53b,17.504458,current_best_6122,lb-verified-current-best,1,1,1,1,1,1,0,1,0,0,0,0,1,1,1,1,1,1,0,"current_best_6122,nadeem_6252,candidate_v4,biohack44_6113,biohack44_6067,konbu17_v36,octaviograu_6154,massimiliano_eda111,octavi_6042,haoranran_6100,afr1ste_5689,biohack44_super,biohack44_6080"
task195,ba4b722b42ea9bdbffbe4fcf38c90d387045eee91e245e77f502c246c158e0dd,15.436963,current_best_6122,lb-verified-current-best,1,1,1,1,1,0,0,1,0,0,0,0,1,1,1,1,1,1,0,"current_best_6122,nadeem_6252,candidate_v4,biohack44_6113,biohack44_6067,octaviograu_6154,massimiliano_eda111,octavi_6042,haoranran_6100,afr1ste_5689,biohack44_super,biohack44_6080"
task196,89719c41cdbc1176e45d78565003ab2f9feb673cd43fcf7fef4c3ff8a4a302e1,14.618975,current_best_6122,lb-verified-current-best,1,1,1,1,0,0,0,0,0,0,0,0,1,0,0,1,0,1,0,"current_best_6122,nadeem_6252,candidate_v4,biohack44_6113,massimiliano_eda111,afr1ste_5689,biohack44_6080"
task197,d2fb46801935583882f6a460471b563ccee60a53661cb17003fc2b60f17ba1ea,14.166556,current_best_6122,lb-verified-current-best,1,1,1,1,0,0,0,0,0,0,0,0,1,0,0,0,0,1,0,"current_best_6122,nadeem_6252,candidate_v4,biohack44_6113,massimiliano_eda111,biohack44_6080"
task198,a1cd099e3d965fb4506eded8d4bde77ea202357df70e9212b36911ca002c8cb1,13.449576,current_best_6122,lb-verified-current-best,1,1,1,1,1,0,0,1,0,0,0,0,1,1,1,1,1,1,0,"current_best_6122,nadeem_6252,candidate_v4,biohack44_6113,biohack44_6067,octaviograu_6154,massimiliano_eda111,octavi_6042,haoranran_6100,afr1ste_5689,biohack44_super,biohack44_6080"
task199,7f8ae82add1995ce631f2596ebf18e50b694cb8ec8d56a776cb6b1f393d891fa,15.309891,current_best_6122,lb-verified-current-best,1,1,1,1,1,0,0,1,0,0,0,0,1,1,1,1,1,1,0,"current_best_6122,nadeem_6252,candidate_v4,biohack44_6113,biohack44_6067,octaviograu_6154,massimiliano_eda111,octavi_6042,haoranran_6100,afr1ste_5689,biohack44_super,biohack44_6080"
task200,3db82e421fb1700c12efd717427c8530ccb8c8b610c32b22b6ae170655c00c8e,15.975267,nadeem_6252,public-anchor-candidate,0,1,0,0,0,0,0,1,0,0,0,0,0,0,0,0,1,0,0,"nadeem_6252,octaviograu_6154,biohack44_super"
task201,38bd02d717e5ab0a9e14bc97fdda66c68e8a52c2b2686fbb9411671b3abf5da8,13.562876,nadeem_6252,public-anchor-candidate,0,1,0,0,0,0,0,0,0,0,0,0,0,0,0,0,0,0,0,nadeem_6252
task202,548ea01a96ba723d596f57386963dc208eac1c74ee9c8ad978597704d8065f5d,13.258188,current_best_6122,lb-verified-current-best,1,1,1,1,1,0,0,1,0,0,0,0,1,1,1,1,1,1,0,"current_best_6122,nadeem_6252,candidate_v4,biohack44_6113,biohack44_6067,octaviograu_6154,massimiliano_eda111,octavi_6042,haoranran_6100,afr1ste_5689,biohack44_super,biohack44_6080"
task203,5e20d646f42a0e37716c52947ac6230d99af86046000ae1df17b6bc17e0f4311,13.631707,current_best_6122,lb-verified-current-best,1,0,1,0,0,0,0,0,0,0,0,0,0,0,0,0,0,0,0,"current_best_6122,candidate_v4"
task204,ba4ffbc5c9eef0b8cdd6718a27b6cbdd935d550ffba5f90c34d687d2d4595565,13.307707,nadeem_6252,public-anchor-candidate,0,1,0,0,0,0,0,0,0,0,0,0,0,0,0,0,0,0,0,nadeem_6252
task205,dfd08e391e2f0ca84fc0efe2a0fb96c8914cd0c3f7eefebc8c36de45e2c92553,13.370955,nadeem_6252,public-anchor-candidate,0,1,1,0,0,0,0,0,0,0,0,0,0,0,0,0,0,0,0,"nadeem_6252,candidate_v4"
task206,1ac8f234abad1624589f9b5ba6a54874c1fa67de670126f5adb9071b1ddb9e55,13.975047,nadeem_6252,public-anchor-candidate,0,1,0,0,0,0,0,0,0,0,0,0,0,0,0,0,0,0,0,nadeem_6252
task207,eb31b69d46ecc34c73b17ad80493c10002468aa9196475e6c9e12fcf46ff8235,17.463636,current_best_6122,lb-verified-current-best,1,1,1,1,0,0,0,0,0,0,0,0,1,0,0,1,0,1,0,"current_best_6122,nadeem_6252,candidate_v4,biohack44_6113,massimiliano_eda111,afr1ste_5689,biohack44_6080"
task208,5d341124008dfd310bc5a123793ff6f9beaeead1fd98692f86f798a8f1e3f4a1,13.566031,current_best_6122,lb-verified-current-best,1,1,1,1,1,0,0,1,0,0,0,0,1,1,1,0,1,1,0,"current_best_6122,nadeem_6252,candidate_v4,biohack44_6113,biohack44_6067,octaviograu_6154,massimiliano_eda111,octavi_6042,haoranran_6100,biohack44_super,biohack44_6080"
task209,526096cdb412105c0c63b13deae79e4fe0e8dd534f55f1f79315e19f2b58699c,13.285310,nadeem_6252,public-anchor-candidate,0,1,1,0,0,0,0,0,0,0,0,0,0,0,0,0,0,0,0,"nadeem_6252,candidate_v4"
task210,aa923630b6479cf1a1f5e7b7bfe2e4947e1c8ba8edba4f31d250b0b2f0c98dde,21.598803,current_best_6122,lb-verified-current-best,1,1,1,1,1,1,0,1,0,0,0,0,1,1,1,1,1,1,0,"current_best_6122,nadeem_6252,candidate_v4,biohack44_6113,biohack44_6067,konbu17_v36,octaviograu_6154,massimiliano_eda111,octavi_6042,haoranran_6100,afr1ste_5689,biohack44_super,biohack44_6080"
task211,3c58a51ab06ee25bf3c54539284f6def4bc6e10c364246d45f5533df0905fd17,17.504458,current_best_6122,lb-verified-current-best,1,1,1,1,1,1,0,1,0,0,0,0,1,1,1,1,1,1,0,"current_best_6122,nadeem_6252,candidate_v4,biohack44_6113,biohack44_6067,konbu17_v36,octaviograu_6154,massimiliano_eda111,octavi_6042,haoranran_6100,afr1ste_5689,biohack44_super,biohack44_6080"
task212,e0d35281ab42a5512d94c197cd35136e014ae6e7ed1a41b07e9ee2016119e2fc,15.792664,nadeem_6252,public-anchor-candidate,0,1,0,0,0,0,0,0,0,0,0,0,0,0,0,0,0,0,0,nadeem_6252
task213,77849bbf09f61adb69146af9461c7912abc314e3cb87e9c103a63f33fd7091cb,14.175732,nadeem_6252,public-anchor-candidate,0,1,0,0,0,0,0,0,0,0,0,0,0,0,0,0,0,0,0,nadeem_6252
task214,476030b9c3c916862c896b22ae9f1ee46d6bedd703bd39deeb4fe1a9a7cf6c54,17.504458,current_best_6122,lb-verified-current-best,1,1,1,1,1,1,0,1,0,0,0,0,1,1,1,1,1,1,0,"current_best_6122,nadeem_6252,candidate_v4,biohack44_6113,biohack44_6067,konbu17_v36,octaviograu_6154,massimiliano_eda111,octavi_6042,haoranran_6100,afr1ste_5689,biohack44_super,biohack44_6080"
task215,ad1e975b6e82508de2e208bb5877eb3d7a2c9d9a0cebf7b9dd4911a4078af377,14.452188,nadeem_6252,public-anchor-candidate,0,1,1,0,0,0,0,0,0,0,0,0,0,0,0,0,0,0,0,"nadeem_6252,candidate_v4"
task216,8736d30a18de065d1250ea21affacb0eccba6097e3139d7e8ebfee451365a4d4,13.449663,nadeem_6252,public-anchor-candidate,0,1,0,1,1,0,0,0,0,0,0,0,1,0,1,0,0,1,0,"nadeem_6252,biohack44_6113,biohack44_6067,massimiliano_eda111,haoranran_6100,biohack44_6080"
task217,2f029d300d82fefb5d96fa4be293ae596ae1de0026dacc64e63b73ed6b788d33,15.206104,nadeem_6252,public-anchor-candidate,0,1,1,0,0,0,0,0,0,0,0,0,0,0,0,0,0,0,0,"nadeem_6252,candidate_v4"
task218,14bb6c5e5fa3712e4f556142985fa03de40ba2accd475bb596ee538d3c10c60e,14.948006,current_best_6122,lb-verified-current-best,1,1,1,1,1,0,0,1,0,0,0,0,1,1,1,1,1,1,0,"current_best_6122,nadeem_6252,candidate_v4,biohack44_6113,biohack44_6067,octaviograu_6154,massimiliano_eda111,octavi_6042,haoranran_6100,afr1ste_5689,biohack44_super,biohack44_6080"
task219,d57f742eeae01c44819c92cb474062dbcba00db96b32ed99363a677479b2e02f,13.647431,nadeem_6252,public-anchor-candidate,0,1,0,0,0,0,0,0,0,0,0,0,0,0,0,0,0,0,0,nadeem_6252
task220,924ca3ff6b3c2190ebdd92b73e0c33ac441a7e64b5924bb34b2faa596a40dd55,18.197605,current_best_6122,lb-verified-current-best,1,1,1,1,1,0,0,1,0,0,0,0,1,1,1,1,1,1,0,"current_best_6122,nadeem_6252,candidate_v4,biohack44_6113,biohack44_6067,octaviograu_6154,massimiliano_eda111,octavi_6042,haoranran_6100,afr1ste_5689,biohack44_super,biohack44_6080"
task221,997f4a5baa3b8c19ac1f9b62918fba1c4d8ade1e9bc43b277d4051f3dc09bc96,14.069307,current_best_6122,lb-verified-current-best,1,0,1,0,0,0,0,0,0,0,0,0,0,0,0,0,0,0,0,"current_best_6122,candidate_v4"
task222,f82b35de1de8377a5dd17f94de623872a1021443ff972be6e0765c6d21c5595a,14.031198,current_best_6122,lb-verified-current-best,1,1,1,1,1,0,0,1,0,0,0,0,1,1,1,1,1,1,0,"current_best_6122,nadeem_6252,candidate_v4,biohack44_6113,biohack44_6067,octaviograu_6154,massimiliano_eda111,octavi_6042,haoranran_6100,afr1ste_5689,biohack44_super,biohack44_6080"
task223,51cd95a032c661ce28fa653ad0e727fb33cf6a709a5747e02a8ab323190ae968,17.504458,current_best_6122,lb-verified-current-best,1,1,1,1,1,1,0,1,0,0,0,0,1,1,1,1,1,1,0,"current_best_6122,nadeem_6252,candidate_v4,biohack44_6113,biohack44_6067,konbu17_v36,octaviograu_6154,massimiliano_eda111,octavi_6042,haoranran_6100,afr1ste_5689,biohack44_super,biohack44_6080"
task224,1e4af401b9b3fe63a2cb91cb665445ec3c54bc3c6b116d921d049b210a151c08,14.274049,current_best_6122,lb-verified-current-best,1,1,1,0,0,0,0,0,0,0,0,0,0,0,0,0,0,0,0,"current_best_6122,nadeem_6252,candidate_v4"
task225,29a76e5536c419ef3e3747f899f51614ee6699ad35ad5fb9b073ba5d5f52d257,15.687284,nadeem_6252,public-anchor-candidate,0,1,0,0,0,0,0,0,0,0,0,0,0,0,0,1,0,0,0,"nadeem_6252,afr1ste_5689"
task226,5d115fec7e34ea6013b743620d1addba979258bf37902350608a4c3438346438,16.376826,current_best_6122,lb-verified-current-best,1,1,1,1,0,0,0,0,0,0,0,0,1,0,0,1,0,1,0,"current_best_6122,nadeem_6252,candidate_v4,biohack44_6113,massimiliano_eda111,afr1ste_5689,biohack44_6080"
task227,1c70db9caee31b32d02ae1630c5ef3991ddbf82fedb750d43b515fab048d6dec,17.018267,current_best_6122,lb-verified-current-best,1,1,1,1,0,0,0,0,0,0,0,0,1,0,0,1,0,1,0,"current_best_6122,nadeem_6252,candidate_v4,biohack44_6113,massimiliano_eda111,afr1ste_5689,biohack44_6080"
task228,a8a923f21fecee5512861159a89a0ecf2a9f276985c45face926d3b953bdb4fe,14.869935,current_best_6122,lb-verified-current-best,1,1,1,1,0,0,0,0,0,0,0,0,1,0,0,1,0,1,0,"current_best_6122,nadeem_6252,candidate_v4,biohack44_6113,massimiliano_eda111,afr1ste_5689,biohack44_6080"
task229,acbf2dc745d4a717148c274f1e25cdd3fce8e718787f72530d661d60044ad805,17.749364,current_best_6122,lb-verified-current-best,1,1,1,1,0,0,0,0,0,0,0,0,1,0,0,1,0,1,0,"current_best_6122,nadeem_6252,candidate_v4,biohack44_6113,massimiliano_eda111,afr1ste_5689,biohack44_6080"
task230,1444325f9990947c4e2b6bd66f2ce611d8efc4be97b595c4bf2ad63e9e166ad0,18.197605,current_best_6122,lb-verified-current-best,1,1,1,1,1,0,0,1,0,0,0,0,1,1,1,1,1,1,0,"current_best_6122,nadeem_6252,candidate_v4,biohack44_6113,biohack44_6067,octaviograu_6154,massimiliano_eda111,octavi_6042,haoranran_6100,afr1ste_5689,biohack44_super,biohack44_6080"
task231,1efb149ef1446460b1cfefffe74d5270b10fdf5ad49235c5056a1df43b7891fe,14.448886,current_best_6122,lb-verified-current-best,1,0,1,0,0,0,0,0,0,0,0,0,0,0,0,0,0,0,0,"current_best_6122,candidate_v4"
task232,b416c4b9864f9c0ee3021d3e0d536638459295310003e1612ea60837e5e1fc02,14.707956,current_best_6122,lb-verified-current-best,1,1,1,1,0,0,0,0,0,0,0,0,1,0,0,1,0,1,0,"current_best_6122,nadeem_6252,candidate_v4,biohack44_6113,massimiliano_eda111,afr1ste_5689,biohack44_6080"
task233,d4c2341f9ab79e4277042f6098169402b5c12b4d97c66e4ad11ee38e03404992,10.677923,nadeem_6252,public-anchor-candidate,0,1,0,0,0,0,0,1,0,0,0,0,0,0,0,0,1,0,0,"nadeem_6252,octaviograu_6154,biohack44_super"
task234,89328211cfc49e1d6b7788e2c884ed883a744cf19e27a7b8393aa0d1549217b6,13.689154,nadeem_6252,public-anchor-candidate,0,1,1,0,0,0,0,0,0,0,0,0,0,0,0,0,0,0,0,"nadeem_6252,candidate_v4"
task235,145a71990206ef301f3afe77bf333b27bcf2298f5cc1bb3c7340933ef7cf059b,17.810078,current_best_6122,lb-verified-current-best,1,0,1,0,0,0,0,0,0,0,0,0,0,0,0,0,0,0,0,"current_best_6122,candidate_v4"
task236,2e59dc4336de1e1fb4014ca0b81f2777c0a9fd808fbee3c5d54770d6ade5bbfe,18.533855,nadeem_6252,public-anchor-candidate,0,1,0,0,0,0,0,0,0,0,0,0,0,0,0,0,0,0,0,nadeem_6252
task237,9d3baf9e04284ace2238abe88eae62477296ee34499efa7b0146d799717804fc,15.430308,current_best_6122,lb-verified-current-best,1,1,1,1,0,0,0,0,0,0,0,0,1,0,0,1,0,1,0,"current_best_6122,nadeem_6252,candidate_v4,biohack44_6113,massimiliano_eda111,afr1ste_5689,biohack44_6080"
task238,3208dbc8cec5a6a6874fb45bdf74920c0447b6b2745454a2ca76efdd5aa83d45,13.927566,current_best_6122,lb-verified-current-best,1,1,1,1,1,0,0,1,0,0,0,0,1,1,1,1,1,1,0,"current_best_6122,nadeem_6252,candidate_v4,biohack44_6113,biohack44_6067,octaviograu_6154,massimiliano_eda111,octavi_6042,haoranran_6100,afr1ste_5689,biohack44_super,biohack44_6080"
task239,2abd421624d88b12e8a63904b214d06678543cf0231b040cc10fec704aac503f,13.525015,current_best_6122,lb-verified-current-best,1,1,1,1,1,0,0,1,0,0,0,0,1,1,1,0,1,1,0,"current_best_6122,nadeem_6252,candidate_v4,biohack44_6113,biohack44_6067,octaviograu_6154,massimiliano_eda111,octavi_6042,haoranran_6100,biohack44_super,biohack44_6080"
task240,bda05f96847ed565be978b76b47136a6bb20b09fc1dd04053bfd1b4222485694,14.765519,nadeem_6252,public-anchor-candidate,0,1,0,0,0,0,0,0,0,0,0,0,0,0,0,0,0,0,0,nadeem_6252
task241,bde695a21a93b9e2084a9b7e8a8bee5f2cdc694baa71a12d1c34ae921a89cb87,25.000000,current_best_6122,lb-verified-current-best,1,1,1,1,1,1,0,1,0,0,0,0,1,1,1,1,1,1,0,"current_best_6122,nadeem_6252,candidate_v4,biohack44_6113,biohack44_6067,konbu17_v36,octaviograu_6154,massimiliano_eda111,octavi_6042,haoranran_6100,afr1ste_5689,biohack44_super,biohack44_6080"
task242,beed8e7a6b84fa7c89b7d5ec9cba5867a87a8ac3b612eee21d427fb75c0223b0,15.090580,nadeem_6252,public-anchor-candidate,0,1,1,0,0,0,0,0,0,0,0,0,0,0,0,0,0,0,0,"nadeem_6252,candidate_v4"
task243,8c58cc318fa9f59c3692654d50085f7b92b0511a745028cf7bca8bfc694b9ca1,13.401200,nadeem_6252,public-anchor-candidate,0,1,1,0,0,0,0,0,0,0,0,0,0,0,0,0,0,0,0,"nadeem_6252,candidate_v4"
task244,12974cd83da15658ad0e0fe3b624c0b705d56b763e2925eda0818540265e7af8,14.633345,nadeem_6252,public-anchor-candidate,0,1,0,0,0,0,0,1,0,0,0,0,0,0,0,0,1,0,0,"nadeem_6252,octaviograu_6154,biohack44_super"
task245,9a7e78ac605c6378be3f47d88a35aae0e1cf73ab864258254dd4987e43d54c37,14.724432,nadeem_6252,public-anchor-candidate,0,1,0,0,0,0,0,1,0,0,0,0,0,0,0,0,1,0,0,"nadeem_6252,octaviograu_6154,biohack44_super"
task246,379b5a73e3dee6f56eedab3ab0bd0ed8414179c6e7ae1edd0a948060d6401309,15.497662,current_best_6122,lb-verified-current-best,1,1,1,1,1,0,0,1,0,0,0,0,1,1,1,1,1,1,0,"current_best_6122,nadeem_6252,candidate_v4,biohack44_6113,biohack44_6067,octaviograu_6154,massimiliano_eda111,octavi_6042,haoranran_6100,afr1ste_5689,biohack44_super,biohack44_6080"
task247,19562cb18f62167e2ce8c355377d9b1a3136c17fb7116b8c9110b15d4734e4dc,14.993279,current_best_6122,lb-verified-current-best,1,1,1,1,1,0,0,0,0,0,0,0,1,1,1,0,0,1,0,"current_best_6122,nadeem_6252,candidate_v4,biohack44_6113,biohack44_6067,massimiliano_eda111,octavi_6042,haoranran_6100,biohack44_6080"
task248,1cc5ba184903e8307ed5ba4d36263e3487d7beec6142f401fc6d0424e70f1e18,16.120945,current_best_6122,lb-verified-current-best,1,1,1,1,1,0,0,1,0,0,0,0,1,1,1,0,1,1,0,"current_best_6122,nadeem_6252,candidate_v4,biohack44_6113,biohack44_6067,octaviograu_6154,massimiliano_eda111,octavi_6042,haoranran_6100,biohack44_super,biohack44_6080"
task249,e6e58b07a2f88477f9f6bff875df198bf57830236bdd036ac5460ab1c6ccabaf,15.740965,current_best_6122,lb-verified-current-best,1,1,1,1,0,0,0,0,0,0,0,0,1,0,0,0,0,1,0,"current_best_6122,nadeem_6252,candidate_v4,biohack44_6113,massimiliano_eda111,biohack44_6080"
task250,a597d41fb3635cef1fb65c5c4818682efa2468a8b8b38ce1e86c82df9be4df2a,15.595657,nadeem_6252,public-anchor-candidate,0,1,0,0,0,0,0,0,0,0,0,0,0,0,0,0,0,0,0,nadeem_6252
task251,82d350374d90693c70187cdf979ebb574c69cda11c9c56813abeb372eed8e78f,13.481291,nadeem_6252,public-anchor-candidate,0,1,0,0,0,0,0,0,0,0,0,0,0,0,0,0,0,0,0,nadeem_6252
task252,f94f1914ddc282177a848c90a7aac926b6095d8fffc5a863c722843121c979c3,14.453028,nadeem_6252,public-anchor-candidate,0,1,0,0,0,0,0,0,0,0,0,0,0,0,0,0,0,0,0,nadeem_6252
task253,2538ea53b1aad1e6365055ee14f48dccb49ef632cce416086075b33d42366bad,14.215455,current_best_6122,lb-verified-current-best,1,1,1,1,1,0,0,1,0,0,0,0,1,1,1,1,1,1,0,"current_best_6122,nadeem_6252,candidate_v4,biohack44_6113,biohack44_6067,octaviograu_6154,massimiliano_eda111,octavi_6042,haoranran_6100,afr1ste_5689,biohack44_super,biohack44_6080"
task254,cce96782d9b4b1065b63ebb4a84c1ba6253724c3cd2a387838d205cf71eaae5f,16.018318,current_best_6122,lb-verified-current-best,1,0,1,1,0,0,0,0,0,0,0,0,1,0,0,1,0,1,0,"current_best_6122,candidate_v4,biohack44_6113,massimiliano_eda111,afr1ste_5689,biohack44_6080"
task255,e6ed6b4ff01e155169486c7b822db244629ebc48a8b802870d51af90aa2cb5c6,10.661366,nadeem_6252,public-anchor-candidate,0,1,0,0,0,0,0,1,0,0,0,0,0,0,0,0,1,0,0,"nadeem_6252,octaviograu_6154,biohack44_super"
task256,c62955c5ac4951f368900ad06f3a5ed4fa9817b2e3f8f0a049b5ef354c21fc4f,15.041882,nadeem_6252,public-anchor-candidate,0,1,0,0,0,0,0,0,0,0,0,0,0,0,0,0,0,0,0,nadeem_6252
task257,316eaaf4e1a47569341378a8a58e40559f938a7fe5ae659867c0f2117bf8e021,18.018065,current_best_6122,lb-verified-current-best,1,1,1,1,0,0,0,0,0,0,0,0,1,0,0,1,0,1,0,"current_best_6122,nadeem_6252,candidate_v4,biohack44_6113,massimiliano_eda111,afr1ste_5689,biohack44_6080"
task258,9cf85f5ef87760197eaab665af872adc9c2a38a6b9c2133f506deb1e51402d09,19.924826,current_best_6122,lb-verified-current-best,1,1,1,1,0,0,0,0,0,0,0,0,0,0,0,1,0,0,0,"current_best_6122,nadeem_6252,candidate_v4,biohack44_6113,afr1ste_5689"
task259,cd8f2883b4e59672ccd19f5a5b45fc92a1c48a4e736beaa179e62ce6d6dd7a07,16.169018,nadeem_6252,public-anchor-candidate,0,1,0,0,0,0,0,1,0,0,0,0,0,0,0,0,1,0,0,"nadeem_6252,octaviograu_6154,biohack44_super"
task260,a0c625eeabd30f89f6f16ae6be445f721bbc7059d940e63069a03d74b0fc06a4,15.568598,current_best_6122,lb-verified-current-best,1,1,1,1,0,0,0,0,0,0,0,0,1,0,0,1,0,1,0,"current_best_6122,nadeem_6252,candidate_v4,biohack44_6113,massimiliano_eda111,afr1ste_5689,biohack44_6080"
task261,6104690685d52f02ca149095658b51c2d448d252f763922efdb0fd69749b630f,19.701683,current_best_6122,lb-verified-current-best,1,1,1,1,1,0,0,1,0,0,0,0,1,1,1,1,1,1,0,"current_best_6122,nadeem_6252,candidate_v4,biohack44_6113,biohack44_6067,octaviograu_6154,massimiliano_eda111,octavi_6042,haoranran_6100,afr1ste_5689,biohack44_super,biohack44_6080"
task262,0e242b2a1418fb93332fc01ff90e906403df0499e49baf091447cb02afec05aa,16.765170,nadeem_6252,public-anchor-candidate,0,1,1,0,0,0,0,0,0,0,0,0,0,0,0,0,0,0,0,"nadeem_6252,candidate_v4"
task263,2396bdd0797f69ae5e0281ce27c9964eb2adba67e7d5f2d8286d6cd1ccdc46b3,16.005828,current_best_6122,lb-verified-current-best,1,0,1,1,0,0,0,0,0,0,0,0,1,0,0,0,0,1,0,"current_best_6122,candidate_v4,biohack44_6113,massimiliano_eda111,biohack44_6080"
task264,01ac406f30f0ffced1625ed8050b91086a8967573523be0ac1583a6eef0e4dbb,13.154639,current_best_6122,lb-verified-current-best,1,0,1,1,1,0,0,1,0,0,0,0,1,1,1,1,1,1,0,"current_best_6122,candidate_v4,biohack44_6113,biohack44_6067,octaviograu_6154,massimiliano_eda111,octavi_6042,haoranran_6100,afr1ste_5689,biohack44_super,biohack44_6080"
task265,e44b248f5902d3d38b34e32679474cc70b8ee0d23a58ae93c6e8658e0375fc5d,14.408076,current_best_6122,lb-verified-current-best,1,1,1,1,1,0,0,1,0,0,0,0,1,1,1,0,1,1,0,"current_best_6122,nadeem_6252,candidate_v4,biohack44_6113,biohack44_6067,octaviograu_6154,massimiliano_eda111,octavi_6042,haoranran_6100,biohack44_super,biohack44_6080"
task266,491258de81aba00b6aa06f223356e30346665751690278693288e858450c8563,18.186555,current_best_6122,lb-verified-current-best,1,1,1,1,1,0,0,1,0,0,0,0,1,1,1,1,1,1,0,"current_best_6122,nadeem_6252,candidate_v4,biohack44_6113,biohack44_6067,octaviograu_6154,massimiliano_eda111,octavi_6042,haoranran_6100,afr1ste_5689,biohack44_super,biohack44_6080"
task267,410b39084246024b149c984e95489e0660a8825a25ca70475cf339e5914a1074,17.865109,current_best_6122,lb-verified-current-best,1,0,1,1,0,0,0,0,0,0,0,0,1,0,0,1,0,1,0,"current_best_6122,candidate_v4,biohack44_6113,massimiliano_eda111,afr1ste_5689,biohack44_6080"
task268,d6e7655471c32dea89573357bb31df7dc7c23396d2d8a7318ea2e17508b7d609,14.983764,current_best_6122,lb-verified-current-best,1,1,1,1,0,0,0,0,0,0,0,0,1,0,0,1,0,1,0,"current_best_6122,nadeem_6252,candidate_v4,biohack44_6113,massimiliano_eda111,afr1ste_5689,biohack44_6080"
task269,947f2c17a6b1d44a9f4ad789f9351b4edfb84e0298e879c258d5034b09e12f72,15.940250,current_best_6122,lb-verified-current-best,1,1,1,1,0,0,0,0,0,0,0,0,1,0,0,1,0,1,0,"current_best_6122,nadeem_6252,candidate_v4,biohack44_6113,massimiliano_eda111,afr1ste_5689,biohack44_6080"
task270,b73a12746408a64fc660309ec22c45ab3d2fdb4874d20e70981ac3d877927cba,14.785321,nadeem_6252,public-anchor-candidate,0,1,0,0,0,0,0,0,0,0,0,0,0,0,0,0,0,0,0,nadeem_6252
task271,1d303e94d417fc4786c4e80dee5be764e57f981905d0bf8f5e5fdf48595b19ed,14.725259,current_best_6122,lb-verified-current-best,1,1,1,1,1,0,0,1,0,0,0,0,1,1,1,1,1,1,0,"current_best_6122,nadeem_6252,candidate_v4,biohack44_6113,biohack44_6067,octaviograu_6154,massimiliano_eda111,octavi_6042,haoranran_6100,afr1ste_5689,biohack44_super,biohack44_6080"
task272,bb44a1717b5f9b6f1cd8f6bdd32aa6a40d88b17db3e200a8cb6f7806bb2c658d,18.186555,current_best_6122,lb-verified-current-best,1,1,1,1,1,0,0,1,0,0,0,0,1,1,1,1,1,1,0,"current_best_6122,nadeem_6252,candidate_v4,biohack44_6113,biohack44_6067,octaviograu_6154,massimiliano_eda111,octavi_6042,haoranran_6100,afr1ste_5689,biohack44_super,biohack44_6080"
task273,ef481d8f02832385edb2ae3838215e1c01c80ebc407639a5d04a17ab09227a4e,16.294338,current_best_6122,lb-verified-current-best,1,1,1,1,1,0,0,1,0,0,0,0,1,1,1,0,1,1,0,"current_best_6122,nadeem_6252,candidate_v4,biohack44_6113,biohack44_6067,octaviograu_6154,massimiliano_eda111,octavi_6042,haoranran_6100,biohack44_super,biohack44_6080"
task274,05e714a8af955d6f5061cbf93ea6964c368b3f5c164831d0bff7c9a31b8986d6,15.942694,nadeem_6252,public-anchor-candidate,0,1,0,0,0,0,0,1,0,0,0,0,0,0,0,0,1,0,0,"nadeem_6252,octaviograu_6154,biohack44_super"
task275,b05c9d902d60b5e03aa3436e187c874a4948bffc12b2ce6c86fd8ed957970680,13.662810,current_best_6122,lb-verified-current-best,1,1,1,1,1,0,0,1,0,0,0,0,1,1,1,0,1,1,0,"current_best_6122,nadeem_6252,candidate_v4,biohack44_6113,biohack44_6067,octaviograu_6154,massimiliano_eda111,octavi_6042,haoranran_6100,biohack44_super,biohack44_6080"
task276,2a3e881ae92099c36f1955bdf96ca1e9f77a4ef3d1d3eb58c63eccc80a655c7e,22.697415,current_best_6122,lb-verified-current-best,1,1,1,1,1,1,0,1,0,0,0,0,1,1,1,1,1,1,0,"current_best_6122,nadeem_6252,candidate_v4,biohack44_6113,biohack44_6067,konbu17_v36,octaviograu_6154,massimiliano_eda111,octavi_6042,haoranran_6100,afr1ste_5689,biohack44_super,biohack44_6080"
task277,cdd58c9156822d0c5c668ebff763d57659136b9c3169c7db59aad321bb92dad1,15.410059,nadeem_6252,public-anchor-candidate,0,1,1,0,0,0,0,1,0,0,0,0,0,0,0,0,1,0,0,"nadeem_6252,candidate_v4,octaviograu_6154,biohack44_super"
task278,0c14b78590ad46420b694424fb879d1c8bdef545b3a92cd9ef5a15278e77cf1e,14.554682,current_best_6122,lb-verified-current-best,1,1,1,1,0,0,0,0,0,0,0,0,1,0,0,1,0,1,0,"current_best_6122,nadeem_6252,candidate_v4,biohack44_6113,massimiliano_eda111,afr1ste_5689,biohack44_6080"
task279,77ad3d002b2c64888991d763c754fc018247f352e78c562d64fca7db08032314,14.821536,nadeem_6252,public-anchor-candidate,0,1,0,0,0,0,0,0,0,0,0,0,0,0,0,0,0,0,0,nadeem_6252
task280,0ba0568bbb48a9b051c258201debcd346d773a5d71ba1a149f8fd8b615f4c7a0,13.586829,nadeem_6252,public-anchor-candidate,0,1,1,0,0,0,0,0,0,0,0,0,0,0,0,0,0,0,0,"nadeem_6252,candidate_v4"
task281,ca2a1537dd3fbe42f2138c372b482af55ba9bacf05230c700a13f8ac7caf45df,13.597168,current_best_6122,lb-verified-current-best,1,1,1,1,1,0,0,1,0,0,0,0,1,1,1,0,1,1,0,"current_best_6122,nadeem_6252,candidate_v4,biohack44_6113,biohack44_6067,octaviograu_6154,massimiliano_eda111,octavi_6042,haoranran_6100,biohack44_super,biohack44_6080"
task282,3b69ffb73c79f09e8523073931061610e74b3e0d32534378317960c9557acd0d,18.197605,current_best_6122,lb-verified-current-best,1,1,1,1,1,0,0,1,0,0,0,0,1,1,1,1,1,1,0,"current_best_6122,nadeem_6252,candidate_v4,biohack44_6113,biohack44_6067,octaviograu_6154,massimiliano_eda111,octavi_6042,haoranran_6100,afr1ste_5689,biohack44_super,biohack44_6080"
task283,b0e2a1e5a77dc63e5c2faa69d44120f7fe0e8773160760e68b7f5912591f4c60,18.186555,current_best_6122,lb-verified-current-best,1,1,1,1,1,0,0,1,0,0,0,0,1,1,1,1,1,1,0,"current_best_6122,nadeem_6252,candidate_v4,biohack44_6113,biohack44_6067,octaviograu_6154,massimiliano_eda111,octavi_6042,haoranran_6100,afr1ste_5689,biohack44_super,biohack44_6080"
task284,fad3c53111b5ac6b7d99756ade0b122be5399f69539b335f8d35bea450647745,13.466958,nadeem_6252,public-anchor-candidate,0,1,1,0,0,0,0,0,0,0,0,0,0,0,0,1,0,0,0,"nadeem_6252,candidate_v4,afr1ste_5689"
task285,68a4c5526ffd8be62c8459d2280bcbf5dc9adc4d2ee2d3dbb2daa8fc20b2d42d,12.087459,nadeem_6252,public-anchor-candidate,0,1,0,0,0,0,0,0,0,0,0,0,0,0,0,0,0,0,0,nadeem_6252
task286,91641d3dce315529001fbcca26bce7b3be3f885abf2d219b66728a428db1c152,13.011269,current_best_6122,lb-verified-current-best,1,0,1,0,0,0,0,0,0,0,0,0,0,0,0,0,0,0,0,"current_best_6122,candidate_v4"
task287,4cdbdb8ebc51362af348b4c6b27acc968618f39eb23639e05932f58cfd196831,14.975800,current_best_6122,lb-verified-current-best,1,1,1,0,0,0,0,0,0,0,0,0,0,0,0,1,0,0,0,"current_best_6122,nadeem_6252,candidate_v4,afr1ste_5689"
task288,0e48931aebec1eb0659c9be80508c8650400244b0f49af19d8698dd8b162a3cb,14.632558,current_best_6122,lb-verified-current-best,1,1,1,0,0,0,0,0,0,0,0,0,0,0,0,1,0,0,0,"current_best_6122,nadeem_6252,candidate_v4,afr1ste_5689"
task289,00049ab3fa944a3759833dc85ccfb83f4f4ae7a1ab800664e74423dfb9c7b6d9,14.860176,current_best_6122,lb-verified-current-best,1,1,1,1,0,0,0,0,0,0,0,0,1,0,0,0,0,1,0,"current_best_6122,nadeem_6252,candidate_v4,biohack44_6113,massimiliano_eda111,biohack44_6080"
task290,f1086fcddc1287e8f751349bbcc1c1bc72e816011cd787def2fc61971684f688,15.631972,nadeem_6252,public-anchor-candidate,0,1,1,0,0,0,0,0,0,0,0,0,0,0,0,1,0,0,0,"nadeem_6252,candidate_v4,afr1ste_5689"
task291,f97257c9bae5cbdf0614cf4f6d0aeda2c0db164b44f4861fc829c00eae636b67,16.627370,current_best_6122,lb-verified-current-best,1,1,1,1,1,0,0,1,0,0,0,0,1,1,1,1,1,1,0,"current_best_6122,nadeem_6252,candidate_v4,biohack44_6113,biohack44_6067,octaviograu_6154,massimiliano_eda111,octavi_6042,haoranran_6100,afr1ste_5689,biohack44_super,biohack44_6080"
task292,e07b37f22f098e404b58d7607ce39d0fe5eddd0d9460f62732e9ce79fdb66757,16.250902,nadeem_6252,public-anchor-candidate,0,1,0,0,0,0,0,0,0,0,0,0,0,0,0,0,0,0,0,nadeem_6252
task293,d0d3cadd99d8938cc3977399ed5dee18a032739905995bcf0fbc76a20c04297f,14.882571,nadeem_6252,public-anchor-candidate,0,1,0,0,0,0,0,1,0,0,0,0,0,0,0,0,1,0,0,"nadeem_6252,octaviograu_6154,biohack44_super"
task294,247179b0cb2fab9e792e9f91da564f6ee1f8d4059046fabd7bfd7e7d3d010cd9,18.186555,current_best_6122,lb-verified-current-best,1,1,1,1,1,0,0,1,0,0,0,0,1,1,1,1,1,1,0,"current_best_6122,nadeem_6252,candidate_v4,biohack44_6113,biohack44_6067,octaviograu_6154,massimiliano_eda111,octavi_6042,haoranran_6100,afr1ste_5689,biohack44_super,biohack44_6080"
task295,5a049215df9c118110ba1217eb55447b5d335f09e93a9526e6862ff5b585b365,15.588680,current_best_6122,lb-verified-current-best,1,1,1,1,0,0,0,0,0,0,0,0,1,0,0,1,0,1,0,"current_best_6122,nadeem_6252,candidate_v4,biohack44_6113,massimiliano_eda111,afr1ste_5689,biohack44_6080"
task296,4306af04547e103c395a41f15f7829592897a368a36d02047b54c256c5e54b13,16.677606,current_best_6122,lb-verified-current-best,1,1,1,1,1,0,0,1,0,0,0,0,1,1,1,1,1,1,0,"current_best_6122,nadeem_6252,candidate_v4,biohack44_6113,biohack44_6067,octaviograu_6154,massimiliano_eda111,octavi_6042,haoranran_6100,afr1ste_5689,biohack44_super,biohack44_6080"
task297,d627eca68b90f28a02781a8682497d5d894ddf8ff7e163243e795361ab962953,15.876089,nadeem_6252,public-anchor-candidate,0,1,0,0,0,0,0,0,0,0,0,0,0,0,0,1,0,0,0,"nadeem_6252,afr1ste_5689"
task298,e0f93c454b454560cd1f5607a2e7c137c10f6257ed0016ef5d0ffc0de801e652,15.390078,current_best_6122,lb-verified-current-best,1,0,1,0,0,0,0,0,0,0,0,0,0,0,0,0,0,0,0,"current_best_6122,candidate_v4"
task299,1e9708846864c2782d5c9d4b378034e7f20bd2a610abbcfb0712b83b3179cd2a,17.510029,current_best_6122,lb-verified-current-best,1,1,1,1,0,0,0,0,0,0,0,0,1,0,0,1,0,1,0,"current_best_6122,nadeem_6252,candidate_v4,biohack44_6113,massimiliano_eda111,afr1ste_5689,biohack44_6080"
task300,636b174c4333259b7ef746830a9768013b6f733d02576aeabe427095253be1e8,13.741373,nadeem_6252,public-anchor-candidate,0,1,0,0,0,0,0,0,0,0,0,0,0,0,0,0,0,0,0,nadeem_6252
task301,a9794e11d05e2a30078d5571b3c25490850073d0966e896233ad9e29ea534801,13.918042,nadeem_6252,public-anchor-candidate,0,1,0,0,0,0,0,1,0,0,0,0,0,0,0,0,1,0,0,"nadeem_6252,octaviograu_6154,biohack44_super"
task302,fc0c4095ee26f99dfa28593219832fb1744068c9c08b4b65293674194a176ad1,16.038634,nadeem_6252,public-anchor-candidate,0,1,1,0,0,0,0,1,0,0,0,0,0,0,0,0,1,0,0,"nadeem_6252,candidate_v4,octaviograu_6154,biohack44_super"
task303,f1388ccd300d0326ef77e32e80a1bdcb15c39bd24649153f5208eb8cc0962cc6,13.701382,current_best_6122,lb-verified-current-best,1,1,1,1,1,0,0,1,0,0,0,0,1,1,1,1,1,0,0,"current_best_6122,nadeem_6252,candidate_v4,biohack44_6113,biohack44_6067,octaviograu_6154,massimiliano_eda111,octavi_6042,haoranran_6100,afr1ste_5689,biohack44_super"
task304,06814b3c9e89e0e99a7912ec3975a71e82891a22624fa4ed401a2bdfb2d9560c,15.418510,nadeem_6252,public-anchor-candidate,0,1,0,0,0,0,0,0,0,0,0,0,0,0,0,0,0,0,0,nadeem_6252
task305,9f735899c445d2de0753685201dbbaa448ff1306c5f52d568270b4588d8e242d,16.718023,current_best_6122,lb-verified-current-best,1,1,1,1,1,0,0,1,0,0,0,0,1,1,1,1,1,1,0,"current_best_6122,nadeem_6252,candidate_v4,biohack44_6113,biohack44_6067,octaviograu_6154,massimiliano_eda111,octavi_6042,haoranran_6100,afr1ste_5689,biohack44_super,biohack44_6080"
task306,7b49df67bd4c3733ab36737bab5b236e6f62b7b3928698f735fa95db0f9366f5,13.926448,nadeem_6252,public-anchor-candidate,0,1,1,0,0,0,0,1,0,0,0,0,0,0,0,0,1,0,0,"nadeem_6252,candidate_v4,octaviograu_6154,biohack44_super"
task307,badc5326d1acd892c77212fc876a3f3192e5b67a9806ab111d1e9589eff70706,17.504458,current_best_6122,lb-verified-current-best,1,1,1,1,1,1,0,1,0,0,0,0,1,1,1,1,1,1,0,"current_best_6122,nadeem_6252,candidate_v4,biohack44_6113,biohack44_6067,konbu17_v36,octaviograu_6154,massimiliano_eda111,octavi_6042,haoranran_6100,afr1ste_5689,biohack44_super,biohack44_6080"
task308,a3eaad1dbf74c2dd0e2d63ccdc76857b58fc7cc14f63cf366932995e1ddd78be,15.010381,nadeem_6252,public-anchor-candidate,0,1,1,0,0,0,0,0,0,0,0,0,0,0,0,0,0,0,0,"nadeem_6252,candidate_v4"
task309,c47b834e65872a11ec0cda3c8246948b8365f81f916610b49ed07267815733d9,22.697415,current_best_6122,lb-verified-current-best,1,1,1,1,1,1,0,1,0,0,0,0,1,1,1,1,1,1,0,"current_best_6122,nadeem_6252,candidate_v4,biohack44_6113,biohack44_6067,konbu17_v36,octaviograu_6154,massimiliano_eda111,octavi_6042,haoranran_6100,afr1ste_5689,biohack44_super,biohack44_6080"
task310,9456e21fd271f0a84660fec5554753d105c6ab2d03ef08b086922cf1214f946e,14.844237,nadeem_6252,public-anchor-candidate,0,1,1,0,0,0,0,0,0,0,0,0,0,0,0,0,0,0,0,"nadeem_6252,candidate_v4"
task311,250771b94d3db4658d4ac04e3bd9a0740f2af0f3aba0bb9b5df4d6181bb470d4,21.598803,current_best_6122,lb-verified-current-best,1,1,1,1,1,1,0,1,0,0,0,0,1,1,1,1,1,1,0,"current_best_6122,nadeem_6252,candidate_v4,biohack44_6113,biohack44_6067,konbu17_v36,octaviograu_6154,massimiliano_eda111,octavi_6042,haoranran_6100,afr1ste_5689,biohack44_super,biohack44_6080"
task312,5f8662413159b881c8dff97e5c51ca63270ea3b1609d0f333539af73166348ff,15.791762,current_best_6122,lb-verified-current-best,1,1,1,1,1,0,0,1,0,0,0,0,1,1,1,1,1,1,0,"current_best_6122,nadeem_6252,candidate_v4,biohack44_6113,biohack44_6067,octaviograu_6154,massimiliano_eda111,octavi_6042,haoranran_6100,afr1ste_5689,biohack44_super,biohack44_6080"
task313,c14057973f9e425bfce0e5c4fcba390d7e2468949cc8cf0f53d31343d354042e,13.760196,current_best_6122,lb-verified-current-best,1,0,1,0,0,0,0,0,0,0,0,0,0,0,0,0,0,0,0,"current_best_6122,candidate_v4"
task314,6de48aa8380bfa9f60145881280cb81f0649f178f1a74456c5c40334004417b4,15.941180,current_best_6122,lb-verified-current-best,1,1,1,1,0,0,0,0,0,0,0,0,1,0,0,1,0,1,0,"current_best_6122,nadeem_6252,candidate_v4,biohack44_6113,massimiliano_eda111,afr1ste_5689,biohack44_6080"
task315,e90e9fdba6c27023c8aa0b2a5551bb93b6b95f46075245fed650566d7e77cd51,15.834971,nadeem_6252,public-anchor-candidate,0,1,1,0,0,0,0,0,0,0,0,0,0,0,0,0,0,0,0,"nadeem_6252,candidate_v4"
task316,bc9115e30d7e28bb0acd317cfa1c29169feacfa251035f175a81875f4536fea7,16.730499,nadeem_6252,public-anchor-candidate,0,1,1,0,0,0,0,0,0,0,0,0,0,0,0,0,0,0,0,"nadeem_6252,candidate_v4"
task317,54ad9bc9831f0f3a781e65116809c2c60f3246bbdc84fc6c0fa8064fecb5d8c5,18.197605,current_best_6122,lb-verified-current-best,1,1,1,1,1,0,0,1,0,0,0,0,1,1,1,1,1,1,0,"current_best_6122,nadeem_6252,candidate_v4,biohack44_6113,biohack44_6067,octaviograu_6154,massimiliano_eda111,octavi_6042,haoranran_6100,afr1ste_5689,biohack44_super,biohack44_6080"
task318,01e41dcca08ca7c9bf4611eeaa13b8a96acc912291ce485fab569cc9819787cb,18.394702,nadeem_6252,public-anchor-candidate,0,1,0,0,0,0,0,0,0,0,0,0,0,0,0,0,0,0,0,nadeem_6252
task319,7aa1d78fddf09c815ef6fceff0f357f98b235f69bf1dc39d1217d2e0af60ecbe,14.580461,nadeem_6252,public-anchor-candidate,0,1,1,0,0,0,0,0,0,0,0,0,0,0,0,0,0,0,0,"nadeem_6252,candidate_v4"
task320,b5f9d264034aafc2780289baeb60a45e338fd6478233a720f13b79faa2d6b39f,16.445511,current_best_6122,lb-verified-current-best,1,1,1,1,1,0,0,1,0,0,0,0,1,1,1,1,1,1,0,"current_best_6122,nadeem_6252,candidate_v4,biohack44_6113,biohack44_6067,octaviograu_6154,massimiliano_eda111,octavi_6042,haoranran_6100,afr1ste_5689,biohack44_super,biohack44_6080"
task321,2e36977fc386c76ebb921b21626cb0733b08b8f40969cc3ff8635f327f718f5e,16.385499,current_best_6122,lb-verified-current-best,1,1,1,1,0,0,0,0,0,0,0,0,1,0,0,1,0,1,0,"current_best_6122,nadeem_6252,candidate_v4,biohack44_6113,massimiliano_eda111,afr1ste_5689,biohack44_6080"
task322,0027f18a5feebb51f7cf1149c2cb9c9b8ad2d16b656b61189674cab55adad380,18.234961,nadeem_6252,public-anchor-candidate,0,1,0,0,0,0,0,0,0,0,0,0,0,0,0,0,0,0,0,nadeem_6252
task323,730233a73b9e6e98e25c77baf2e139a562e458088de6d66cb6f5a0090c133eb5,16.580861,nadeem_6252,public-anchor-candidate,0,1,1,0,0,0,0,1,0,0,0,0,0,0,0,0,1,0,0,"nadeem_6252,candidate_v4,octaviograu_6154,biohack44_super"
task324,022afd33a6e9b0c37a3e2c3f23437cabe9e10ec07aab1b41f9431b047f33a6c9,14.203081,nadeem_6252,public-anchor-candidate,0,1,1,0,0,0,0,0,0,0,0,0,0,0,0,0,0,0,0,"nadeem_6252,candidate_v4"
task325,703958452270456b7d0aa9d4685a3bb4279c1a189050c3b1c4c5c0ef26767373,14.330533,current_best_6122,lb-verified-current-best,1,1,1,1,1,0,0,1,0,0,0,0,1,1,1,1,1,1,0,"current_best_6122,nadeem_6252,candidate_v4,biohack44_6113,biohack44_6067,octaviograu_6154,massimiliano_eda111,octavi_6042,haoranran_6100,afr1ste_5689,biohack44_super,biohack44_6080"
task326,d8c069fbf425d2fc92a051625cd6ab3ed7942bb3f87ef81c26b098ca464da222,19.924826,nadeem_6252,public-anchor-candidate,0,1,0,0,0,0,0,0,0,0,0,0,0,0,0,0,0,0,0,nadeem_6252
task327,28e407c04689606a975670fd8f7da26d5ce7a9a10400265cc54eca46e5504bed,16.070962,current_best_6122,lb-verified-current-best,1,1,1,1,0,0,0,0,0,0,0,0,1,0,0,1,0,1,0,"current_best_6122,nadeem_6252,candidate_v4,biohack44_6113,massimiliano_eda111,afr1ste_5689,biohack44_6080"
task328,8b59da6bec33268828441211f57cf70afff81536073372c30cb9394b8010d3c9,13.884006,current_best_6122,lb-verified-current-best,1,0,1,0,0,0,0,0,0,0,0,0,0,0,0,0,0,0,0,"current_best_6122,candidate_v4"
task329,b3983c3bd8c099ce71cb48e09938e0328cc29853d73d956c35e125db9bcd43ef,15.763992,current_best_6122,lb-verified-current-best,1,1,1,1,0,0,0,0,0,0,0,0,1,0,0,1,0,1,0,"current_best_6122,nadeem_6252,candidate_v4,biohack44_6113,massimiliano_eda111,afr1ste_5689,biohack44_6080"
task330,defa06f30b9df97f6bcb5baef57d32ff1bcfc724125eac4cab4951c3b54ed3e8,14.014301,current_best_6122,lb-verified-current-best,1,0,1,0,0,0,0,0,0,0,0,0,0,0,0,0,0,0,0,"current_best_6122,candidate_v4"
task331,159b7db4377d2a7d75a15aa8f84344e6d919741566944220da8f361aa1da572a,18.186555,current_best_6122,lb-verified-current-best,1,1,1,1,1,0,0,1,0,0,0,0,1,1,1,1,1,1,0,"current_best_6122,nadeem_6252,candidate_v4,biohack44_6113,biohack44_6067,octaviograu_6154,massimiliano_eda111,octavi_6042,haoranran_6100,afr1ste_5689,biohack44_super,biohack44_6080"
task332,ff9ef4a3514237bbffcf3d8e6f5c881bc68b8ae01f73f3abb8a70a57d0fe7f4a,15.952179,current_best_6122,lb-verified-current-best,1,0,1,0,0,0,0,0,0,0,0,0,0,0,0,0,0,0,0,"current_best_6122,candidate_v4"
task333,056322558aa8fa4149af6ce9821d3273f0b403e4408e461963db3d70864f1adc,14.877658,current_best_6122,lb-verified-current-best,1,1,1,1,1,0,0,1,0,0,0,0,1,1,1,1,1,1,0,"current_best_6122,nadeem_6252,candidate_v4,biohack44_6113,biohack44_6067,octaviograu_6154,massimiliano_eda111,octavi_6042,haoranran_6100,afr1ste_5689,biohack44_super,biohack44_6080"
task334,a5f6ffb6be0ddc49db3ce5998c7cae13bfa5a4f830eb89e47e9f2875f71895c0,18.588182,nadeem_6252,public-anchor-candidate,0,1,1,0,0,0,0,0,0,0,0,0,0,0,0,0,0,0,0,"nadeem_6252,candidate_v4"
task335,df7e9b8596d842b5ccccb92f6dbade8c446c1be3167bc5a0d2345a2a5f0d1e52,14.258205,nadeem_6252,public-anchor-candidate,0,1,0,0,0,0,0,0,0,0,0,0,0,0,0,0,0,0,0,nadeem_6252
task336,66605e39204e06dd97980e812e93d14e7dab3eb0d815b075ac29202827cc6a4e,16.294503,current_best_6122,lb-verified-current-best,1,1,1,1,1,0,0,1,0,0,0,0,1,1,1,1,1,1,0,"current_best_6122,nadeem_6252,candidate_v4,biohack44_6113,biohack44_6067,octaviograu_6154,massimiliano_eda111,octavi_6042,haoranran_6100,afr1ste_5689,biohack44_super,biohack44_6080"
task337,c276f5799bf0f2f77bbc0c31f5ed97472afbff9a946326286e229929029e2484,22.697415,current_best_6122,lb-verified-current-best,1,1,1,1,1,1,0,1,0,0,0,0,1,1,1,1,1,1,0,"current_best_6122,nadeem_6252,candidate_v4,biohack44_6113,biohack44_6067,konbu17_v36,octaviograu_6154,massimiliano_eda111,octavi_6042,haoranran_6100,afr1ste_5689,biohack44_super,biohack44_6080"
task338,c4e2d784490156e8a4ba7ee3f80c9706021d7bca46e83c27c2aaab16a43710e1,14.285227,nadeem_6252,public-anchor-candidate,0,1,0,0,0,0,0,0,0,0,0,0,0,0,0,0,0,0,0,nadeem_6252
task339,23c555a9d5193597ba509db3b965cb39be9f02febeded3f074acb8768e013f1b,18.215543,current_best_6122,lb-verified-current-best,1,0,1,1,0,0,0,0,0,0,0,0,1,0,0,1,0,1,0,"current_best_6122,candidate_v4,biohack44_6113,massimiliano_eda111,afr1ste_5689,biohack44_6080"
task340,1b13c5518a579f9d9b93f9db0c46aaf5bb1cc3caef23e4e322ac6aebd1d2a111,13.885435,current_best_6122,lb-verified-current-best,1,0,1,0,0,0,0,0,0,0,0,0,0,0,0,0,0,0,0,"current_best_6122,candidate_v4"
task341,564fae20dee0f5a54330c3170bfad5824556165d5a206e82a19c9264faaaaf05,15.154936,current_best_6122,lb-verified-current-best,1,1,1,1,0,0,0,0,0,0,0,0,1,0,0,1,0,1,0,"current_best_6122,nadeem_6252,candidate_v4,biohack44_6113,massimiliano_eda111,afr1ste_5689,biohack44_6080"
task342,cd69f1c3c3bd5d7c51afa7008425c54e8c0a232fd18449de9a9bff304cea90ec,15.594669,current_best_6122,lb-verified-current-best,1,0,1,1,0,0,0,0,0,0,0,0,1,0,0,1,0,1,0,"current_best_6122,candidate_v4,biohack44_6113,massimiliano_eda111,afr1ste_5689,biohack44_6080"
task343,7d9fd50c151181852757e8561c8433d9c675826ceb14e650adf7d42e3fdacc5a,14.741254,current_best_6122,lb-verified-current-best,1,0,1,0,0,0,0,0,0,0,0,0,0,0,0,0,0,0,0,"current_best_6122,candidate_v4"
task344,a23999c886c62393d115371628fbee6b6043de7a35bed72285639240d6def4fd,17.171962,current_best_6122,lb-verified-current-best,1,1,1,1,1,0,0,1,0,0,0,0,1,1,1,1,1,1,0,"current_best_6122,nadeem_6252,candidate_v4,biohack44_6113,biohack44_6067,octaviograu_6154,massimiliano_eda111,octavi_6042,haoranran_6100,afr1ste_5689,biohack44_super,biohack44_6080"
task345,c33a5f6e78916a4a95040832dd427c7877e2b85de975738a8cdcb55dea726ae7,15.631289,nadeem_6252,public-anchor-candidate,0,1,1,0,0,0,0,0,0,0,0,0,0,0,0,0,0,0,0,"nadeem_6252,candidate_v4"
task346,e127612bc10915231c09b9a410db00be87b798db0d06b4ac227cf3a1d03dbfa9,15.875435,nadeem_6252,public-anchor-candidate,0,1,0,0,0,0,0,0,0,0,0,0,0,0,0,0,0,0,0,nadeem_6252
task347,380cc99c31599d59d4fcfdf50a35ef62a10dc616d3253ae3afd5dd4749491257,17.617876,nadeem_6252,public-anchor-candidate,0,1,0,0,0,0,0,0,0,0,0,0,0,0,0,0,0,0,0,nadeem_6252
task348,a6dd8eb329ee1c4b5ee60a6985610b6685bad770c76a14d12eb9e9665303821e,16.103412,current_best_6122,lb-verified-current-best,1,1,1,1,1,0,0,1,0,0,0,0,1,1,1,0,1,1,0,"current_best_6122,nadeem_6252,candidate_v4,biohack44_6113,biohack44_6067,octaviograu_6154,massimiliano_eda111,octavi_6042,haoranran_6100,biohack44_super,biohack44_6080"
task349,ac90c0e86f99540147c788e64cef5c37a116bd4c884d64eb39b1af5b73c8b320,14.190656,nadeem_6252,public-anchor-candidate,0,1,0,0,0,0,0,0,0,0,0,0,0,0,0,0,0,0,0,nadeem_6252
task350,0a4953ef042161b10533c2687cf95494f213b8913fe824d49955a6077178c613,15.104998,nadeem_6252,public-anchor-candidate,0,1,1,0,0,0,0,1,0,0,0,0,0,0,0,0,1,0,0,"nadeem_6252,candidate_v4,octaviograu_6154,biohack44_super"
task351,c17c4a24fd333fa82a77f43e4a5127d7eb81187a15ad4b7f8a1bb21664a5d49d,14.532506,current_best_6122,lb-verified-current-best,1,1,1,1,1,0,0,1,0,0,0,0,1,1,1,1,1,1,0,"current_best_6122,nadeem_6252,candidate_v4,biohack44_6113,biohack44_6067,octaviograu_6154,massimiliano_eda111,octavi_6042,haoranran_6100,afr1ste_5689,biohack44_super,biohack44_6080"
task352,f3b9bb985cfb0478df981c689aab9f22dc5bb177e02b6f3b6a3b330669eef601,16.201243,current_best_6122,lb-verified-current-best,1,1,1,1,1,0,0,1,0,0,0,0,1,1,1,1,1,1,0,"current_best_6122,nadeem_6252,candidate_v4,biohack44_6113,biohack44_6067,octaviograu_6154,massimiliano_eda111,octavi_6042,haoranran_6100,afr1ste_5689,biohack44_super,biohack44_6080"
task353,1639de1c1d4d3ee61a8454a02d3b5af4d359f13f2fb1c963687d4cd76b280a8b,16.403811,current_best_6122,lb-verified-current-best,1,1,1,1,1,0,0,1,0,0,0,0,1,1,1,1,1,1,0,"current_best_6122,nadeem_6252,candidate_v4,biohack44_6113,biohack44_6067,octaviograu_6154,massimiliano_eda111,octavi_6042,haoranran_6100,afr1ste_5689,biohack44_super,biohack44_6080"
task354,72097d91360fee677a7cedfcb6a9f81d203f7ed48b510491a32767048d687447,15.258620,nadeem_6252,public-anchor-candidate,0,1,1,0,0,0,0,0,0,0,0,0,0,0,0,1,0,0,0,"nadeem_6252,candidate_v4,afr1ste_5689"
task355,ad09d6515b0ea120e8214015b5a7dd13fe14644812fd3be9b33471c171932a2f,15.624569,nadeem_6252,public-anchor-candidate,0,1,1,0,0,0,0,0,0,0,0,0,0,0,0,1,0,0,0,"nadeem_6252,candidate_v4,afr1ste_5689"
task356,551900e26ac21ba20631069f1a4268e5b9992eabbfd9cde50643affea19fc2f0,16.482407,current_best_6122,lb-verified-current-best,1,1,1,1,1,0,0,1,0,0,0,0,1,1,1,1,1,1,0,"current_best_6122,nadeem_6252,candidate_v4,biohack44_6113,biohack44_6067,octaviograu_6154,massimiliano_eda111,octavi_6042,haoranran_6100,afr1ste_5689,biohack44_super,biohack44_6080"
task357,3d4c5d3ef46e8c9f15401243e101a1f27b9981a0b79e63fc1ea26fda02c8ea43,16.120945,current_best_6122,lb-verified-current-best,1,1,1,1,1,0,0,1,0,0,0,0,1,1,1,0,1,1,0,"current_best_6122,nadeem_6252,candidate_v4,biohack44_6113,biohack44_6067,octaviograu_6154,massimiliano_eda111,octavi_6042,haoranran_6100,biohack44_super,biohack44_6080"
task358,9150c328b815fc4fdfb7dbb9d9a3a8aae7cc94ffdcb8870e090ffc3fb390b90b,13.370706,current_best_6122,lb-verified-current-best,1,0,1,0,0,0,0,0,0,0,0,0,0,0,0,0,0,0,0,"current_best_6122,candidate_v4"
task359,1c4683356c52e5f1ca1b725734fdf8932a57c9fe9c74559da7a2378c9f86293c,14.347150,nadeem_6252,public-anchor-candidate,0,1,1,0,0,0,0,0,0,0,0,0,0,0,0,0,0,0,0,"nadeem_6252,candidate_v4"
task360,288d8ec599a9f336ad8b8ece878231f6009143fcb0788f52136b48e7bdc42237,15.680267,current_best_6122,lb-verified-current-best,1,0,1,1,0,0,0,0,0,0,0,0,1,0,0,0,0,0,0,"current_best_6122,candidate_v4,biohack44_6113,massimiliano_eda111"
task361,c699920ad2f238fc83e5ce068f9b1840e0bef19a7045709a95c8a20f63ccd62b,15.324857,nadeem_6252,public-anchor-candidate,0,1,0,0,0,0,0,0,0,0,0,0,0,0,0,0,0,0,0,nadeem_6252
task362,809f348845562e3a2af3412a38f9a7bf492e320a45d1adebf5e278757bb88f21,15.612434,nadeem_6252,public-anchor-candidate,0,1,0,0,0,0,0,0,0,0,0,0,0,0,0,0,0,0,0,nadeem_6252
task363,8a3cfb5d37774abac99d835a86a8babd5b0b5b962b572c370ff9b245ade595a2,13.604823,nadeem_6252,public-anchor-candidate,0,1,0,0,0,0,0,0,0,0,0,0,0,0,0,0,0,0,0,nadeem_6252
task364,9f5bdb27f1d3209b0218aec767937d478bbe7db43fdf2be16278461b10f9c75f,13.737345,nadeem_6252,public-anchor-candidate,0,1,0,0,0,0,0,0,0,0,0,0,0,0,0,0,0,0,0,nadeem_6252
task365,b5433fef2a486e434f677cabc36a073d21f90962bd37a741806cbce8ba33a836,14.017865,nadeem_6252,public-anchor-candidate,0,1,0,0,0,0,0,1,0,0,0,0,0,0,0,0,1,0,0,"nadeem_6252,octaviograu_6154,biohack44_super"
task366,9c2857c2195d9fb8bc86374d45e688230576cea8a4d8444034e776310f6c0d98,11.362564,nadeem_6252,public-anchor-candidate,0,1,0,0,0,0,0,0,0,0,0,0,0,0,0,0,0,0,0,nadeem_6252
task367,d714af254dd574b2ee6e4d9a7da38d254cc1cedf344e671171b3198e6677f3e9,13.125192,nadeem_6252,public-anchor-candidate,0,1,1,0,0,0,0,0,0,0,0,0,0,0,0,0,0,0,0,"nadeem_6252,candidate_v4"
task368,fb13ef89494b35d91e797f4295a7a89ef8111ed8b5d8f62974f2ce5be08e16a8,14.615971,current_best_6122,lb-verified-current-best,1,1,1,1,0,0,0,0,0,0,0,0,1,0,0,1,0,1,0,"current_best_6122,nadeem_6252,candidate_v4,biohack44_6113,massimiliano_eda111,afr1ste_5689,biohack44_6080"
task369,41510d5508f7ee00bea219692bf4efbbac40ae5b20300daa5ec4f01d4b6816a5,16.047265,current_best_6122,lb-verified-current-best,1,1,1,1,0,0,0,0,0,0,0,0,1,0,0,1,0,1,0,"current_best_6122,nadeem_6252,candidate_v4,biohack44_6113,massimiliano_eda111,afr1ste_5689,biohack44_6080"
task370,35b1354dec9c1b476f5dea4744a96e366bcc30ee32f727907652ee64f46a3f37,13.407367,nadeem_6252,public-anchor-candidate,0,1,0,0,0,0,0,0,0,0,0,0,0,0,0,0,0,0,0,nadeem_6252
task371,55f3e4edea862a77001eaa66f9ce4cd37bbc3eaaaad9315a16360ce4d1d01bfe,15.039140,current_best_6122,lb-verified-current-best,1,1,1,1,0,0,0,0,0,0,0,0,1,0,0,1,0,1,0,"current_best_6122,nadeem_6252,candidate_v4,biohack44_6113,massimiliano_eda111,afr1ste_5689,biohack44_6080"
task372,612684b2e2b88419b0dffb9061ba10832910a5dcbc1dedfb2dc7aba90a0290f7,16.027917,nadeem_6252,public-anchor-candidate,0,1,0,0,0,0,0,0,0,0,0,0,0,0,0,0,0,0,0,nadeem_6252
task373,febd0e663c6704afa5d637e656bb7decaf87e1523de97cd6fac5a3db41f7c234,18.738508,nadeem_6252,public-anchor-candidate,0,1,1,0,0,0,0,0,0,0,0,0,0,0,0,0,0,0,0,"nadeem_6252,candidate_v4"
task374,91c09b1102f4ea3c00148558423d98b8d9e9f04cfcd91d8995187f580364de84,15.335912,nadeem_6252,public-anchor-candidate,0,1,0,0,0,0,0,0,0,0,0,0,0,0,0,0,0,0,0,nadeem_6252
task375,509686d607b3126316a284357799deb369829fe56865a1b05609fa3447c4c5d7,15.372793,current_best_6122,lb-verified-current-best,1,1,1,1,1,0,0,1,0,0,0,0,1,1,1,1,1,1,0,"current_best_6122,nadeem_6252,candidate_v4,biohack44_6113,biohack44_6067,octaviograu_6154,massimiliano_eda111,octavi_6042,haoranran_6100,afr1ste_5689,biohack44_super,biohack44_6080"
task376,a303f886cac43798cffef617b4b9d6b5ef19587a49b8cb5ae3ee2b98fd71e4d6,14.938953,nadeem_6252,public-anchor-candidate,0,1,1,0,0,0,0,0,0,0,0,0,0,0,0,0,0,0,0,"nadeem_6252,candidate_v4"
task377,9b52b78bd3e2bfa2d9837ed1edc28b7aea7bbfa859063f82428bbf9c175dfa43,13.966337,nadeem_6252,public-anchor-candidate,0,1,0,0,0,0,0,0,0,0,0,0,0,0,0,0,0,0,0,nadeem_6252
task378,83b85af797290c872bb4445a649a62c3dbb79def4efe2837004cc95fe7d9308f,14.428478,nadeem_6252,public-anchor-candidate,0,1,0,0,0,0,0,0,0,0,0,0,0,0,0,0,0,0,0,nadeem_6252
task379,b5d2b20c584301f7abc010c463188b248a1cf46e8115c8d81cb5f0e30db38e33,13.808672,current_best_6122,lb-verified-current-best,1,1,1,0,0,0,0,0,0,0,0,0,0,0,0,1,0,0,0,"current_best_6122,nadeem_6252,candidate_v4,afr1ste_5689"
task380,5738b9a32c4e060390dd4e9616533654a3951ef69af2721854b0ba55a010d39c,18.409699,nadeem_6252,public-anchor-candidate,0,1,0,0,0,0,0,0,0,0,0,0,0,0,0,0,0,0,0,nadeem_6252
task381,a16d4bb356919ad3bf517a438093a449db108057e19f9536dcfb509f93eef5c8,16.789060,nadeem_6252,public-anchor-candidate,0,1,1,0,0,0,0,0,0,0,0,0,0,0,0,0,0,0,0,"nadeem_6252,candidate_v4"
task382,14b9a8cc2a3b6c3865bf63db9bd731226657d36477d972681299eb6da25e5bff,13.416113,nadeem_6252,public-anchor-candidate,0,1,1,0,0,0,0,0,0,0,0,0,0,0,0,0,0,0,0,"nadeem_6252,candidate_v4"
task383,76b3c84cc83d22a6e1cfcf3cf631a9ebf979bd96f557b1e644efbe9325f733f6,13.231905,nadeem_6252,public-anchor-candidate,0,1,0,0,0,0,0,0,0,0,0,0,0,0,0,0,0,0,0,nadeem_6252
task384,f0df167c63399347edeca26b04c3bf18712c68fa26dccbbe266d4e5755d907cf,13.778470,nadeem_6252,public-anchor-candidate,0,1,0,0,0,0,0,0,0,0,0,0,0,0,0,0,0,0,0,nadeem_6252
task385,629a5673b6a8e745a4c5b1b5afcf3c5e7214f2fd7c54d7f5da27eb3e788ea5d1,21.598803,current_best_6122,lb-verified-current-best,1,1,1,1,1,0,0,1,0,0,0,0,1,1,1,1,1,1,0,"current_best_6122,nadeem_6252,candidate_v4,biohack44_6113,biohack44_6067,octaviograu_6154,massimiliano_eda111,octavi_6042,haoranran_6100,afr1ste_5689,biohack44_super,biohack44_6080"
task386,323c7f3d8500272e976cba169d5131a6ace38a7ce40b52416fcfa2808138bd41,17.311545,nadeem_6252,public-anchor-candidate,0,1,0,0,0,0,0,0,0,0,0,0,0,0,0,0,0,0,0,nadeem_6252
task387,922ce5bde5319cc313a3bd536efe5ad0870456361b80db7b5e806f0adc4a9188,13.940292,nadeem_6252,public-anchor-candidate,0,1,1,0,0,0,0,0,0,0,0,0,0,0,0,0,0,0,0,"nadeem_6252,candidate_v4"
task388,8afccfc448cdf82a4975b45c7b556477083e29728ac00da51d92d2da1aefe4cc,16.225378,nadeem_6252,public-anchor-candidate,0,1,1,0,0,0,0,0,0,0,0,0,0,0,0,1,0,0,0,"nadeem_6252,candidate_v4,afr1ste_5689"
task389,5d19a4d137ddfa5d5e278378f5210bdd9ffd9225b6b7ca3cfb0a823a86ca0be9,17.451444,current_best_6122,lb-verified-current-best,1,1,1,1,1,0,0,1,0,0,0,0,1,1,1,1,1,1,0,"current_best_6122,nadeem_6252,candidate_v4,biohack44_6113,biohack44_6067,octaviograu_6154,massimiliano_eda111,octavi_6042,haoranran_6100,afr1ste_5689,biohack44_super,biohack44_6080"
task390,8beebca53dbcb17ddb3257f25febefec6a9f7212108ea7bd3d5155b14ea933c9,14.885765,nadeem_6252,public-anchor-candidate,0,1,0,0,0,0,0,0,0,0,0,0,0,0,0,0,0,0,0,nadeem_6252
task391,1582c8e52095b42ea4800ff8753f6e9fcb62f2e7b65b1642a469835c6548bf80,15.787562,current_best_6122,lb-verified-current-best,1,1,1,1,1,0,0,1,0,0,0,0,1,1,1,1,1,1,0,"current_best_6122,nadeem_6252,candidate_v4,biohack44_6113,biohack44_6067,octaviograu_6154,massimiliano_eda111,octavi_6042,haoranran_6100,afr1ste_5689,biohack44_super,biohack44_6080"
task392,286bbe96e893d8985bbc76084a277ad5864297316cf38f4ba6edf4007112e4c5,14.662460,current_best_6122,lb-verified-current-best,1,1,1,1,0,0,0,0,0,0,0,0,1,0,0,1,0,1,0,"current_best_6122,nadeem_6252,candidate_v4,biohack44_6113,massimiliano_eda111,afr1ste_5689,biohack44_6080"
task393,ca611d444767651339521e15512433dff1dccbf80f21572d62cfc02d5924cb48,18.870950,nadeem_6252,public-anchor-candidate,0,1,1,0,0,0,0,0,0,0,0,0,0,0,0,0,0,0,0,"nadeem_6252,candidate_v4"
task394,6f9e76b487f97c594199199e75fc55402957e97ede7b3c08c5059ae6412a4a45,16.533469,current_best_6122,lb-verified-current-best,1,0,1,1,0,0,0,0,0,0,0,0,1,0,0,1,0,1,0,"current_best_6122,candidate_v4,biohack44_6113,massimiliano_eda111,afr1ste_5689,biohack44_6080"
task395,19fd478858c781c596e2ca2f7e34d4e1bcfa8798379225afbe1efd44d2841ac0,17.581219,current_best_6122,lb-verified-current-best,1,0,1,1,0,0,0,0,0,0,0,0,1,0,0,1,0,1,0,"current_best_6122,candidate_v4,biohack44_6113,massimiliano_eda111,afr1ste_5689,biohack44_6080"
task396,a9a8a5c3780c0496286932fc74a4bc5917beceacf116e159df3effbb794bc085,13.126684,nadeem_6252,public-anchor-candidate,0,1,0,0,0,0,0,0,0,0,0,0,0,0,0,0,0,0,0,nadeem_6252
task397,ec9b058741eaf99344ec4924d5f8477c3c76806ed7bdd2e9f5e72d470c7b0255,15.040983,nadeem_6252,public-anchor-candidate,0,1,0,0,0,0,0,0,0,0,0,0,0,0,0,0,0,0,0,nadeem_6252
task398,5e22b113b5a8af360aa7e552fdd71f3ec955ca68744a8b5c21726a900f34e263,13.658254,current_best_6122,lb-verified-current-best,1,0,1,0,0,0,0,0,0,0,0,0,0,0,0,0,0,0,0,"current_best_6122,candidate_v4"
task399,f8e72c2228ae91a54d38c5a7f101356edc42d906cda234321b13bfc87a5ff38f,17.483023,current_best_6122,lb-verified-current-best,1,1,1,1,1,0,0,1,0,0,0,0,1,1,1,1,1,1,0,"current_best_6122,nadeem_6252,candidate_v4,biohack44_6113,biohack44_6067,octaviograu_6154,massimiliano_eda111,octavi_6042,haoranran_6100,afr1ste_5689,biohack44_super,biohack44_6080"
task400,85a9828beec5f14034326e3d758cb7a93f61e66437df97f60e5b4a304af62110,14.532535,current_best_6122,lb-verified-current-best,1,1,1,0,1,0,0,1,0,0,0,0,0,1,0,0,1,1,0,"current_best_6122,nadeem_6252,candidate_v4,biohack44_6067,octaviograu_6154,octavi_6042,biohack44_super,biohack44_6080"
