task_id,anchor_score,anchor_cost,anchor_memory,anchor_params,anchor_nodes,anchor_file_size,local_pass,local_total,source_label,source_risk,source_matches,known_match_summary,best_seen_score,best_seen_cost,best_seen_attempt,attempt_count,family_primary,family_tags,family_features,shape_profile,public_tail_tags,pseudo_hidden_status,pseudo_hidden_summary,known_prototypes,known_builders,known_reports,next_allowed_action,priority_score
task001,17.041074,2861,2837,24,14,1137,3,3,candidate_v4,lb-verified-v4-anchor,afr1ste_5689;biohack44_6080;biohack44_6113;candidate_v2;candidate_v4;current_best_6122;massimiliano_eda111;nadeem_6252,"current_best_6122,nadeem_6252,candidate_v4,biohack44_6113,massimiliano_eda111,afr1ste_5689,biohack44_6080",17.047385,2843,massim_part4_6255_score_n1,76,tiling,tiling,"train=5;test=1;tile,out_larger,color_subset,color_superset,color_same",in 3-3x3-3 -> out 9-9x9-9; pal 5->5,,not_run,passed=0 failed=0 skipped=0 total=0 reports=0 counted=0,,,,Route to family DSL/compiler search; record any exact rule.,0
task002,13.514518,97293,97200,93,95,14560,3,3,nadeem_6252,public-anchor-candidate,candidate_v2;nadeem_6252,nadeem_6252,13.514518,97293,candidate_nadeem6252_plus_ours_38_score_n3,76,other,other,"train=5;test=1;shape_preserving,color_superset",in 6-20x6-20 -> out 6-20x6-20; pal 2->3,,not_run,passed=0 failed=0 skipped=0 total=0 reports=0 counted=0,,,,Defer; revisit through family-level compiler rewrites or new public evidence.,7
task003,15.883531,9104,9094,10,44,3120,3,3,candidate_v4,lb-verified-v4-anchor,biohack44_6080;biohack44_6113;candidate_v2;candidate_v4;current_best_6122;massimiliano_eda111,"current_best_6122,candidate_v4,biohack44_6113,massimiliano_eda111,biohack44_6080",15.883751,9102,afr1ste_5689_score_n3,76,expand,expand,"train=3;test=1;out_larger,expand",in 6-6x3-3 -> out 9-9x3-3; pal 2->2,,not_run,passed=0 failed=0 skipped=0 total=0 reports=0 counted=0,,,,Defer; revisit through family-level compiler rewrites or new public evidence.,0
task004,14.084548,55020,54000,1020,4,2522,3,3,candidate_v4,lb-verified-v4-anchor,afr1ste_5689;biohack44_6067;biohack44_6080;biohack44_6113;biohack44_super;candidate_v2;candidate_v4;current_best_6122;haoranran_6100;massimiliano_eda111;nadeem_6252;octavi_6042;octaviograu_6154,"current_best_6122,nadeem_6252,candidate_v4,biohack44_6113,biohack44_6067,octaviograu_6154,massimiliano_eda111,octavi_6042,haoranran_6100,afr1ste_5689,biohack44_super,biohack44_6080",14.084548,55020,afr1ste_5689_score_n3,76,symmetry/flip/rotate,symmetry/flip/rotate,"train=2;test=1;shape_preserving,color_subset,color_superset,color_same,symmetry_candidate",in 8-14x9-9 -> out 8-14x9-9; pal 4->4,matches_cherrypick_unsafe_public,not_run,passed=0 failed=0 skipped=0 total=0 reports=0 counted=0,,,,Require semantic proof and pseudo-hidden audit; no raw public-source swap.,15
task005,13.328150,117225,116889,336,106,10910,3,3,candidate_v4,lb-verified-v4-anchor,biohack44_super;candidate_v2;candidate_v4;current_best_6122;nadeem_6252;octaviograu_6154,"current_best_6122,nadeem_6252,candidate_v4,octaviograu_6154,biohack44_super",13.328150,117225,biohack44_super_score_n3,76,symmetry/flip/rotate,symmetry/flip/rotate,"train=3;test=1;shape_preserving,color_subset,color_superset,color_same,symmetry_candidate",in 21-21x21-21 -> out 21-21x21-21; pal 8->8,cost_monster_top30;low_score_bottom30;matches_cherrypick_unsafe_public,not_run,passed=0 failed=0 skipped=0 total=0 reports=0 counted=0,,,,Require semantic proof and pseudo-hidden audit; no raw public-source swap.,58
task006,17.603051,1631,1584,47,12,1124,3,3,candidate_v4,lb-verified-v4-anchor,afr1ste_5689;biohack44_6080;biohack44_6113;candidate_v2;candidate_v4;current_best_6122;massimiliano_eda111,"current_best_6122,candidate_v4,biohack44_6113,massimiliano_eda111,afr1ste_5689,biohack44_6080",17.603051,1631,afr1ste_5689_score_n3,76,reduce,reduce,"train=3;test=1;out_smaller,reduce",in 3-3x7-7 -> out 3-3x3-3; pal 3->2,,not_run,passed=0 failed=0 skipped=0 total=0 reports=0 counted=0,,,,Route to family DSL/compiler search; record any exact rule.,0
task007,16.108351,7271,7240,31,13,1258,3,3,candidate_v4,lb-verified-v4-anchor,candidate_v2;candidate_v4;nadeem_6252,"nadeem_6252,candidate_v4",16.108351,7271,candidate_nadeem6252_plus_ours_38_score_n3,76,color_remap,color_remap,"train=3;test=1;shape_preserving,color_subset,color_remap",in 7-7x7-7 -> out 7-7x7-7; pal 6->5,,not_run,passed=0 failed=0 skipped=0 total=0 reports=0 counted=0,,,,Route to family DSL/compiler search; record any exact rule.,0
task008,14.944264,23289,23228,61,78,7667,3,3,candidate_v4,lb-verified-v4-anchor,biohack44_super;candidate_v2;candidate_v4;current_best_6122;nadeem_6252;octaviograu_6154,"current_best_6122,nadeem_6252,candidate_v4,octaviograu_6154,biohack44_super",14.944264,23289,biohack44_super_score_n3,76,symmetry/flip/rotate,symmetry/flip/rotate,"train=3;test=1;shape_preserving,color_subset,color_superset,color_same,symmetry_candidate",in 9-14x9-10 -> out 9-14x9-10; pal 3->3,matches_cherrypick_unsafe_public,not_run,passed=0 failed=0 skipped=0 total=0 reports=0 counted=0,,,,Require semantic proof and pseudo-hidden audit; no raw public-source swap.,12
task009,13.694825,81241,77400,3841,22,30956,3,3,candidate_v4,lb-verified-v4-anchor,afr1ste_5689;biohack44_6067;biohack44_6080;biohack44_6113;biohack44_super;candidate_v2;candidate_v4;current_best_6122;haoranran_6100;massimiliano_eda111;nadeem_6252;octavi_6042;octaviograu_6154,"current_best_6122,nadeem_6252,candidate_v4,biohack44_6113,biohack44_6067,octaviograu_6154,massimiliano_eda111,octavi_6042,haoranran_6100,afr1ste_5689,biohack44_super,biohack44_6080",13.694825,81241,afr1ste_5689_score_n3,76,symmetry/flip/rotate,symmetry/flip/rotate,"train=3;test=1;shape_preserving,color_subset,color_superset,color_same,symmetry_candidate",in 20-23x20-23 -> out 20-23x20-23; pal 7->7,public_slowest;matches_cherrypick_unsafe_public,not_run,passed=0 failed=0 skipped=0 total=0 reports=0 counted=0,,,,Require semantic proof and pseudo-hidden audit; no raw public-source swap.,17
task010,16.479612,5016,4939,77,60,4038,3,3,candidate_v4,lb-verified-v4-anchor,afr1ste_5689;biohack44_6080;biohack44_6113;candidate_v2;candidate_v4;current_best_6122;massimiliano_eda111;nadeem_6252,"current_best_6122,nadeem_6252,candidate_v4,biohack44_6113,massimiliano_eda111,afr1ste_5689,biohack44_6080",16.479612,5016,afr1ste_5689_score_n3,76,color_fill,color_fill,"train=2;test=1;shape_preserving,color_fill",in 9-9x9-9 -> out 9-9x9-9; pal 2->5,,not_run,passed=0 failed=0 skipped=0 total=0 reports=0 counted=0,,,,Route to family DSL/compiler search; record any exact rule.,0
task011,13.898855,66247,63916,2331,52,10170,3,3,candidate_v4,lb-verified-v4-anchor,afr1ste_5689;biohack44_6067;biohack44_6080;biohack44_6113;biohack44_super;candidate_v2;candidate_v4;current_best_6122;haoranran_6100;massimiliano_eda111;nadeem_6252;octavi_6042;octaviograu_6154,"current_best_6122,nadeem_6252,candidate_v4,biohack44_6113,biohack44_6067,octaviograu_6154,massimiliano_eda111,octavi_6042,haoranran_6100,afr1ste_5689,biohack44_super,biohack44_6080",13.898855,66247,afr1ste_5689_score_n3,76,color_remap,color_remap,"train=4;test=1;shape_preserving,color_subset,color_remap",in 11-11x11-11 -> out 11-11x11-11; pal 7->6,matches_cherrypick_unsafe_public,not_run,passed=0 failed=0 skipped=0 total=0 reports=0 counted=0,,,,Require semantic proof and pseudo-hidden audit; no raw public-source swap.,16
task012,15.556091,12631,12528,103,14,1906,3,3,v4_plus10_compiler2_unique,lb-verified-current-anchor,,nadeem_6252,15.556091,12631,candidate_nadeem6252_plus_ours_v3_score_n3,76,symmetry/flip/rotate,symmetry/flip/rotate,"train=2;test=1;shape_preserving,color_subset,color_superset,color_same,symmetry_candidate",in 12-12x12-12 -> out 12-12x12-12; pal 5->5,,not_run,passed=0 failed=0 skipped=0 total=0 reports=0 counted=0,,,,Route to family DSL/compiler search; record any exact rule.,0
task013,13.331080,116882,114625,2257,91,18384,3,3,candidate_v4,lb-verified-v4-anchor,afr1ste_5689;biohack44_6067;biohack44_6080;biohack44_6113;biohack44_super;candidate_v2;candidate_v4;current_best_6122;haoranran_6100;massimiliano_eda111;nadeem_6252;octavi_6042;octaviograu_6154,"current_best_6122,nadeem_6252,candidate_v4,biohack44_6113,biohack44_6067,octaviograu_6154,massimiliano_eda111,octavi_6042,haoranran_6100,afr1ste_5689,biohack44_super,biohack44_6080",13.331080,116882,afr1ste_5689_score_n3,76,symmetry/flip/rotate,symmetry/flip/rotate,"train=4;test=1;shape_preserving,color_subset,color_superset,color_same,symmetry_candidate",in 7-24x8-25 -> out 7-24x8-25; pal 6->6,cost_monster_top30;low_score_bottom30;matches_cherrypick_unsafe_public,not_run,passed=0 failed=0 skipped=0 total=0 reports=0 counted=0,,,,Require semantic proof and pseudo-hidden audit; no raw public-source swap.,58
task014,14.427427,39049,38399,650,42,5317,3,3,candidate_v4,lb-verified-v4-anchor,candidate_v2;candidate_v4;nadeem_6252,"nadeem_6252,candidate_v4",14.427427,39049,candidate_nadeem6252_plus_ours_38_score_n3,76,crop,crop,"train=3;test=1;crop,out_smaller,color_subset",in 18-21x17-21 -> out 7-10x6-10; pal 6->4,,not_run,passed=0 failed=0 skipped=0 total=0 reports=0 counted=0,,,,Route to family DSL/compiler search; record any exact rule.,4
task015,18.197605,900,0,900,1,3774,3,3,biohack44_6113,safe-source,biohack44_6080;biohack44_6113;candidate_v2;massimiliano_eda111;nadeem_6252,"nadeem_6252,biohack44_6113,massimiliano_eda111,biohack44_6080",18.197605,900,afr1ste_5689_score_n3,76,other,other,"train=3;test=1;shape_preserving,color_superset",in 9-9x9-9 -> out 9-9x9-9; pal 5->7,,not_run,passed=0 failed=0 skipped=0 total=0 reports=0 counted=0,,,,Defer; revisit through family-level compiler rewrites or new public evidence.,0
task016,22.697415,10,0,10,1,158,3,3,candidate_v4,lb-verified-v4-anchor,afr1ste_5689;biohack44_6067;biohack44_6080;biohack44_6113;biohack44_super;candidate_v2;candidate_v4;current_best_6122;haoranran_6100;konbu17_v36;massimiliano_eda111;nadeem_6252;octavi_6042;octaviograu_6154,"current_best_6122,nadeem_6252,candidate_v4,biohack44_6113,biohack44_6067,konbu17_v36,octaviograu_6154,massimiliano_eda111,octavi_6042,haoranran_6100,afr1ste_5689,biohack44_super,biohack44_6080",22.697415,10,afr1ste_5689_score_n3,76,color_fill,color_fill,"train=4;test=1;shape_preserving,color_disjoint,color_fill",in 3-3x3-3 -> out 3-3x3-3; pal 8->8,matches_cherrypick_unsafe_public,not_run,passed=0 failed=0 skipped=0 total=0 reports=0 counted=0,,,,Require semantic proof and pseudo-hidden audit; no raw public-source swap.,10
task017,14.545246,34709,34525,184,66,8079,3,3,v4_plus10_compiler2_unique,lb-verified-current-anchor,,"nadeem_6252,octaviograu_6154,biohack44_super",14.545246,34709,candidate_v4_plus10_compiler2_score_n3,76,color_remap,color_remap,"train=3;test=1;shape_preserving,color_subset,color_remap",in 21-21x21-21 -> out 21-21x21-21; pal 8->7,,not_run,passed=0 failed=0 skipped=0 total=0 reports=0 counted=0,,,,Route to family DSL/compiler search; record any exact rule.,4
task018,11.926438,476185,475190,995,192,29359,0,3,nadeem_6252,public-anchor-candidate,biohack44_super;nadeem_6252;octaviograu_6154,"current_best_6122,candidate_v4,biohack44_6113,biohack44_6067,massimiliano_eda111,octavi_6042,haoranran_6100,biohack44_6080",25.000000,0,candidate_task018_probe_score_n3,76,symmetry/flip/rotate,symmetry/flip/rotate,"train=3;test=1;shape_preserving,color_subset,color_superset,color_same,symmetry_candidate",in 14-16x14-18 -> out 14-16x14-18; pal 6->6,public_bottom15;public_big_gap;public_overfit_risk;cost_monster_top30;low_score_bottom30;local_visible_not_full_pass;matches_cherrypick_unsafe_public,not_run,passed=0 failed=0 skipped=0 total=0 reports=0 counted=0,,build_task018_constant.py;build_task018_identity.py,task018_probe_full_audit.csv,Do not cost-only replace; run scorer-decoder or semantic audit before any probe.,158
task019,13.693533,81346,81276,70,32,2566,3,3,candidate_v4,lb-verified-v4-anchor,candidate_v2;candidate_v4;nadeem_6252,"nadeem_6252,candidate_v4",13.693533,81346,candidate_nadeem6252_plus_ours_38_score_n3,76,tiling,tiling,"train=4;test=1;tile,out_larger,color_superset",in 2-5x3-4 -> out 4-10x6-8; pal 5->6,,not_run,passed=0 failed=0 skipped=0 total=0 reports=0 counted=0,,,,Route to family DSL/compiler search; record any exact rule.,7
task020,13.590958,90133,89863,270,245,31378,3,3,candidate_v4,lb-verified-v4-anchor,afr1ste_5689;biohack44_6067;biohack44_6080;biohack44_6113;biohack44_super;candidate_v2;candidate_v4;current_best_6122;haoranran_6100;massimiliano_eda111;nadeem_6252;octavi_6042;octaviograu_6154,"current_best_6122,nadeem_6252,candidate_v4,biohack44_6113,biohack44_6067,octaviograu_6154,massimiliano_eda111,octavi_6042,haoranran_6100,afr1ste_5689,biohack44_super,biohack44_6080",13.590958,90133,afr1ste_5689_score_n3,76,symmetry/flip/rotate,symmetry/flip/rotate,"train=3;test=1;shape_preserving,color_subset,color_superset,color_same,symmetry_candidate",in 10-10x10-10 -> out 10-10x10-10; pal 6->6,matches_cherrypick_unsafe_public,not_run,passed=0 failed=0 skipped=0 total=0 reports=0 counted=0,,,,Require semantic proof and pseudo-hidden audit; no raw public-source swap.,17
task021,14.225073,47807,45946,1861,214,30934,3,3,candidate_v4,lb-verified-v4-anchor,candidate_v4,"nadeem_6252,octaviograu_6154,biohack44_super",14.225073,47807,candidate_nadeem6252_plus_ours_v3_score_n3,76,crop,crop,"train=3;test=1;crop,out_smaller,color_subset",in 11-27x11-27 -> out 2-6x2-5; pal 4->2,,not_run,passed=0 failed=0 skipped=0 total=0 reports=0 counted=0,,,,Route to family DSL/compiler search; record any exact rule.,5
task022,14.542024,34821,34628,193,67,5021,3,3,candidate_v4,lb-verified-v4-anchor,candidate_v2;candidate_v4;nadeem_6252,"nadeem_6252,candidate_v4",14.542024,34821,candidate_nadeem6252_plus_ours_38_score_n3,76,reduce,reduce,"train=3;test=1;out_smaller,color_subset,reduce",in 11-11x11-11 -> out 3-3x3-3; pal 9->9,public_slowest,not_run,passed=0 failed=0 skipped=0 total=0 reports=0 counted=0,,,,Route to family DSL/compiler search; record any exact rule.,4
task023,13.807115,72612,72567,45,374,33067,3,3,candidate_v4,lb-verified-v4-anchor,candidate_v2;candidate_v4;nadeem_6252,"nadeem_6252,candidate_v4",15.009051,21828,blend_v360_score,76,color_fill,color_fill,"train=3;test=1;shape_preserving,color_fill",in 8-9x9-11 -> out 8-9x9-11; pal 2->3,,not_run,passed=0 failed=0 skipped=0 total=0 reports=0 counted=0,,,,Route to family DSL/compiler search; record any exact rule.,6
task024,15.886171,9080,8820,260,27,3233,3,3,candidate_v4,lb-verified-v4-anchor,afr1ste_5689;biohack44_6067;biohack44_6080;biohack44_6113;biohack44_super;candidate_v2;candidate_v4;current_best_6122;haoranran_6100;massimiliano_eda111;nadeem_6252;octavi_6042;octaviograu_6154,"current_best_6122,nadeem_6252,candidate_v4,biohack44_6113,biohack44_6067,octaviograu_6154,massimiliano_eda111,octavi_6042,haoranran_6100,afr1ste_5689,biohack44_super,biohack44_6080",15.886171,9080,afr1ste_5689_score_n3,76,symmetry/flip/rotate,symmetry/flip/rotate,"train=3;test=1;shape_preserving,color_subset,color_superset,color_same,symmetry_candidate",in 9-10x8-11 -> out 9-10x8-11; pal 4->4,matches_cherrypick_unsafe_public,not_run,passed=0 failed=0 skipped=0 total=0 reports=0 counted=0,,,,Require semantic proof and pseudo-hidden audit; no raw public-source swap.,10
task025,13.149938,140093,140028,65,127,13460,3,3,candidate_v4,lb-verified-v4-anchor,biohack44_super;candidate_v2;candidate_v4;nadeem_6252;octaviograu_6154,"nadeem_6252,candidate_v4,octaviograu_6154,biohack44_super",13.600400,89286,blend_v360_score,76,color_remap,color_remap,"train=3;test=1;shape_preserving,color_subset,color_remap",in 15-18x14-19 -> out 15-18x14-19; pal 6->6,public_bottom15;cost_monster_top30;low_score_bottom30;matches_cherrypick_unsafe_public,not_run,passed=0 failed=0 skipped=0 total=0 reports=0 counted=0,,build_task025.py,,Require semantic proof and pseudo-hidden audit; no raw public-source swap.,94
task026,18.415209,724,690,34,13,1309,3,3,v4_plus10_compiler2_unique,lb-verified-current-anchor,,"current_best_6122,nadeem_6252,candidate_v4,biohack44_6113,massimiliano_eda111,afr1ste_5689,biohack44_6080",18.415209,724,candidate_v4_plus10_compiler2_score_n3,76,reduce,reduce,"train=5;test=1;out_smaller,reduce",in 5-5x7-7 -> out 5-5x3-3; pal 3->2,,not_run,passed=0 failed=0 skipped=0 total=0 reports=0 counted=0,,,,Route to family DSL/compiler search; record any exact rule.,0
task027,14.486991,36791,29573,7218,25,16205,3,3,candidate_v4,lb-verified-v4-anchor,afr1ste_5689;biohack44_6080;biohack44_6113;candidate_v2;candidate_v4;current_best_6122;massimiliano_eda111;nadeem_6252,"current_best_6122,nadeem_6252,candidate_v4,biohack44_6113,massimiliano_eda111,afr1ste_5689,biohack44_6080",14.486991,36791,afr1ste_5689_score_n3,76,other,other,"train=3;test=1;shape_preserving,color_superset",in 10-10x10-10 -> out 10-10x10-10; pal 2->3,,not_run,passed=0 failed=0 skipped=0 total=0 reports=0 counted=0,,,,Defer; revisit through family-level compiler rewrites or new public evidence.,4
task028,15.896132,8990,8676,314,13,1867,3,3,candidate_v4,lb-verified-v4-anchor,afr1ste_5689;candidate_v2;candidate_v4;current_best_6122;nadeem_6252,"current_best_6122,nadeem_6252,candidate_v4,afr1ste_5689",15.896132,8990,afr1ste_5689_score_n3,76,symmetry/flip/rotate,symmetry/flip/rotate,"train=2;test=1;shape_preserving,color_subset,color_superset,color_same,symmetry_candidate",in 10-10x10-10 -> out 10-10x10-10; pal 5->5,,not_run,passed=0 failed=0 skipped=0 total=0 reports=0 counted=0,,,,Route to family DSL/compiler search; record any exact rule.,0
task029,13.516328,97117,96947,170,88,13589,3,3,nadeem_6252,public-anchor-candidate,biohack44_super;candidate_v2;nadeem_6252;octaviograu_6154,"nadeem_6252,octaviograu_6154,biohack44_super",13.516328,97117,biohack44_super_score_n3,76,crop,crop,"train=3;test=1;crop,out_smaller,color_subset",in 13-23x16-21 -> out 5-8x3-10; pal 9->8,matches_cherrypick_unsafe_public,not_run,passed=0 failed=0 skipped=0 total=0 reports=0 counted=0,,,,Require semantic proof and pseudo-hidden audit; no raw public-source swap.,17
task030,15.772409,10174,10004,170,64,7091,3,3,candidate_v4,lb-verified-v4-anchor,candidate_v4,nadeem_6252,15.772409,10174,candidate_nadeem6252_plus_ours_v3_score_n3,76,symmetry/flip/rotate,symmetry/flip/rotate,"train=3;test=1;shape_preserving,color_subset,color_superset,color_same,symmetry_candidate",in 5-10x10-10 -> out 5-10x10-10; pal 4->4,,not_run,passed=0 failed=0 skipped=0 total=0 reports=0 counted=0,,,,Route to family DSL/compiler search; record any exact rule.,0
task031,15.168223,18616,18558,58,26,3417,3,3,nadeem_6252,public-anchor-candidate,biohack44_super;candidate_v2;nadeem_6252;octaviograu_6154,"nadeem_6252,octaviograu_6154,biohack44_super",15.168223,18616,biohack44_super_score_n3,76,crop,crop,"train=3;test=1;crop,out_smaller,color_subset,color_superset,color_same",in 10-12x12-12 -> out 3-5x3-5; pal 4->4,matches_cherrypick_unsafe_public,not_run,passed=0 failed=0 skipped=0 total=0 reports=0 counted=0,,,,Require semantic proof and pseudo-hidden audit; no raw public-source swap.,12
task032,16.867000,3405,3336,69,19,2347,3,3,candidate_v4,lb-verified-v4-anchor,afr1ste_5689;biohack44_6067;biohack44_6080;biohack44_6113;biohack44_super;candidate_v2;candidate_v4;current_best_6122;haoranran_6100;massimiliano_eda111;nadeem_6252;octavi_6042;octaviograu_6154,"current_best_6122,nadeem_6252,candidate_v4,biohack44_6113,biohack44_6067,octaviograu_6154,massimiliano_eda111,octavi_6042,haoranran_6100,afr1ste_5689,biohack44_super,biohack44_6080",16.867000,3405,afr1ste_5689_score_n3,76,symmetry/flip/rotate,symmetry/flip/rotate,"train=3;test=1;shape_preserving,color_subset,color_superset,color_same,symmetry_candidate",in 4-6x4-6 -> out 4-6x4-6; pal 9->9,matches_cherrypick_unsafe_public,not_run,passed=0 failed=0 skipped=0 total=0 reports=0 counted=0,,,,Require semantic proof and pseudo-hidden audit; no raw public-source swap.,10
task033,14.081989,55161,55112,49,16,1510,3,3,candidate_v4,lb-verified-v4-anchor,afr1ste_5689;biohack44_6067;biohack44_6080;biohack44_6113;biohack44_super;candidate_v2;candidate_v4;current_best_6122;haoranran_6100;massimiliano_eda111;nadeem_6252;octavi_6042;octaviograu_6154,"current_best_6122,nadeem_6252,candidate_v4,biohack44_6113,biohack44_6067,octaviograu_6154,massimiliano_eda111,octavi_6042,haoranran_6100,afr1ste_5689,biohack44_super,biohack44_6080",14.081989,55161,afr1ste_5689_score_n3,76,symmetry/flip/rotate,symmetry/flip/rotate,"train=3;test=1;shape_preserving,color_subset,color_superset,color_same,symmetry_candidate",in 17-17x17-17 -> out 17-17x17-17; pal 5->5,matches_cherrypick_unsafe_public,not_run,passed=0 failed=0 skipped=0 total=0 reports=0 counted=0,,,,Require semantic proof and pseudo-hidden audit; no raw public-source swap.,15
task034,13.421324,106796,103949,2847,87,11293,3,3,candidate_v4,lb-verified-v4-anchor,biohack44_6067;biohack44_6080;biohack44_6113;biohack44_super;candidate_v2;candidate_v4;current_best_6122;haoranran_6100;massimiliano_eda111;nadeem_6252;octavi_6042;octaviograu_6154,"current_best_6122,nadeem_6252,candidate_v4,biohack44_6113,biohack44_6067,octaviograu_6154,massimiliano_eda111,octavi_6042,haoranran_6100,biohack44_super,biohack44_6080",13.425829,106316,afr1ste_5689_score_n3,76,color_remap,color_remap,"train=4;test=1;shape_preserving,color_subset,color_remap",in 9-9x9-9 -> out 9-9x9-9; pal 6->5,matches_cherrypick_unsafe_public,not_run,passed=0 failed=0 skipped=0 total=0 reports=0 counted=0,,,,Require semantic proof and pseudo-hidden audit; no raw public-source swap.,18
task035,15.360283,15363,15312,51,38,3707,3,3,candidate_v4,lb-verified-v4-anchor,afr1ste_5689;candidate_v2;candidate_v4;nadeem_6252,"nadeem_6252,candidate_v4,afr1ste_5689",15.360283,15363,afr1ste_5689_score_n3,76,symmetry/flip/rotate,symmetry/flip/rotate,"train=3;test=1;shape_preserving,color_subset,color_superset,color_same,symmetry_candidate",in 10-10x10-10 -> out 10-10x10-10; pal 9->9,,not_run,passed=0 failed=0 skipped=0 total=0 reports=0 counted=0,,,,Route to family DSL/compiler search; record any exact rule.,1
task036,13.710918,79944,79832,112,56,5484,3,3,v4_plus10_compiler2_unique,lb-verified-current-anchor,,nadeem_6252,13.710918,79944,candidate_v4_plus10_compiler2_score_n3,76,crop,crop,"train=2;test=1;crop,out_smaller,color_subset",in 30-30x30-30 -> out 3-5x3-3; pal 6->3,,not_run,passed=0 failed=0 skipped=0 total=0 reports=0 counted=0,,,,Route to family DSL/compiler search; record any exact rule.,7
task037,13.937652,63726,55400,8326,27,20424,3,3,candidate_v4,lb-verified-v4-anchor,afr1ste_5689;biohack44_6067;biohack44_6080;biohack44_6113;biohack44_super;candidate_v2;candidate_v4;current_best_6122;haoranran_6100;massimiliano_eda111;nadeem_6252;octavi_6042;octaviograu_6154,"current_best_6122,nadeem_6252,candidate_v4,biohack44_6113,biohack44_6067,octaviograu_6154,massimiliano_eda111,octavi_6042,haoranran_6100,afr1ste_5689,biohack44_super,biohack44_6080",13.937652,63726,afr1ste_5689_score_n3,76,symmetry/flip/rotate,symmetry/flip/rotate,"train=3;test=1;shape_preserving,color_subset,color_superset,color_same,symmetry_candidate",in 10-10x10-10 -> out 10-10x10-10; pal 8->8,matches_cherrypick_unsafe_public,not_run,passed=0 failed=0 skipped=0 total=0 reports=0 counted=0,,,,Require semantic proof and pseudo-hidden audit; no raw public-source swap.,16
task038,17.306974,2193,2116,77,16,2357,3,3,candidate_v4,lb-verified-v4-anchor,afr1ste_5689;biohack44_6067;biohack44_6080;biohack44_6113;biohack44_super;candidate_v2;candidate_v4;current_best_6122;haoranran_6100;massimiliano_eda111;nadeem_6252;octavi_6042;octaviograu_6154,"current_best_6122,nadeem_6252,candidate_v4,biohack44_6113,biohack44_6067,octaviograu_6154,massimiliano_eda111,octavi_6042,haoranran_6100,afr1ste_5689,biohack44_super,biohack44_6080",17.306974,2193,afr1ste_5689_score_n3,76,reduce,reduce,"train=3;test=1;out_smaller,color_subset,reduce",in 9-9x9-9 -> out 1-1x5-5; pal 3->2,matches_cherrypick_unsafe_public,not_run,passed=0 failed=0 skipped=0 total=0 reports=0 counted=0,,,,Require semantic proof and pseudo-hidden audit; no raw public-source swap.,10
task039,16.041717,7772,7744,28,14,1913,3,3,nadeem_6252,public-anchor-candidate,biohack44_super;candidate_v2;nadeem_6252;octaviograu_6154,"nadeem_6252,octaviograu_6154,biohack44_super",16.041717,7772,biohack44_super_score_n3,76,crop,crop,"train=2;test=1;crop,out_smaller,color_subset,color_superset,color_same",in 10-10x10-10 -> out 3-3x3-3; pal 9->9,matches_cherrypick_unsafe_public,not_run,passed=0 failed=0 skipped=0 total=0 reports=0 counted=0,,,,Require semantic proof and pseudo-hidden audit; no raw public-source swap.,10
task040,16.029441,7868,7806,62,36,4167,3,3,candidate_v4,lb-verified-v4-anchor,biohack44_super;candidate_v2;candidate_v4;nadeem_6252;octaviograu_6154,"nadeem_6252,candidate_v4,octaviograu_6154,biohack44_super",16.029441,7868,biohack44_super_score_n3,76,color_remap,color_remap,"train=3;test=1;shape_preserving,color_subset,color_remap",in 10-10x10-10 -> out 10-10x10-10; pal 8->7,matches_cherrypick_unsafe_public,not_run,passed=0 failed=0 skipped=0 total=0 reports=0 counted=0,,,,Require semantic proof and pseudo-hidden audit; no raw public-source swap.,10
task041,15.626776,11769,11740,29,20,2110,3,3,candidate_v4,lb-verified-v4-anchor,afr1ste_5689;candidate_v2;candidate_v4;nadeem_6252,"nadeem_6252,candidate_v4,afr1ste_5689",15.626776,11769,afr1ste_5689_score_n3,76,symmetry/flip/rotate,symmetry/flip/rotate,"train=3;test=1;shape_preserving,color_subset,color_superset,color_same,symmetry_candidate",in 10-10x10-10 -> out 10-10x10-10; pal 6->6,,not_run,passed=0 failed=0 skipped=0 total=0 reports=0 counted=0,,,,Route to family DSL/compiler search; record any exact rule.,0
task042,15.950063,8518,7790,728,52,8543,3,3,candidate_v4,lb-verified-v4-anchor,candidate_v2;candidate_v4;nadeem_6252,"nadeem_6252,candidate_v4",15.950063,8518,candidate_nadeem6252_plus_ours_38_score_n3,76,other,other,"train=3;test=1;shape_preserving,color_superset",in 10-10x10-10 -> out 10-10x10-10; pal 2->3,,not_run,passed=0 failed=0 skipped=0 total=0 reports=0 counted=0,,,,Defer; revisit through family-level compiler rewrites or new public evidence.,0
task043,16.129477,7119,6980,139,9,1966,3,3,candidate_v4,lb-verified-v4-anchor,afr1ste_5689;biohack44_6067;biohack44_6080;biohack44_6113;biohack44_super;candidate_v2;candidate_v4;current_best_6122;haoranran_6100;massimiliano_eda111;nadeem_6252;octavi_6042;octaviograu_6154,"current_best_6122,nadeem_6252,candidate_v4,biohack44_6113,biohack44_6067,octaviograu_6154,massimiliano_eda111,octavi_6042,haoranran_6100,afr1ste_5689,biohack44_super,biohack44_6080",16.129477,7119,afr1ste_5689_score_n3,76,other,other,"train=3;test=1;shape_preserving,color_superset",in 10-10x10-10 -> out 10-10x10-10; pal 2->3,matches_cherrypick_unsafe_public,not_run,passed=0 failed=0 skipped=0 total=0 reports=0 counted=0,,,,Require semantic proof and pseudo-hidden audit; no raw public-source swap.,10
task044,14.309260,43947,43212,735,298,33172,3,3,candidate_v4,lb-verified-v4-anchor,candidate_v4,"nadeem_6252,octaviograu_6154,biohack44_super",14.632621,31805,blend_v360_score,76,symmetry/flip/rotate,symmetry/flip/rotate,"train=3;test=1;shape_preserving,color_subset,color_superset,color_same,symmetry_candidate",in 10-10x10-10 -> out 10-10x10-10; pal 9->9,,not_run,passed=0 failed=0 skipped=0 total=0 reports=0 counted=0,,,,Route to family DSL/compiler search; record any exact rule.,5
task045,16.087392,7425,7400,25,14,980,3,3,v4_plus10_compiler2_unique,lb-verified-current-anchor,,nadeem_6252,16.087392,7425,candidate_nadeem6252_plus_ours_v3_score_n3,76,symmetry/flip/rotate,symmetry/flip/rotate,"train=3;test=1;shape_preserving,color_subset,color_superset,color_same,symmetry_candidate",in 10-10x10-10 -> out 10-10x10-10; pal 9->9,,not_run,passed=0 failed=0 skipped=0 total=0 reports=0 counted=0,,,,Route to family DSL/compiler search; record any exact rule.,0
task046,14.582911,33426,32560,866,73,5299,3,3,candidate_v4,lb-verified-v4-anchor,afr1ste_5689;biohack44_6080;biohack44_6113;candidate_v2;candidate_v4;current_best_6122;massimiliano_eda111;nadeem_6252,"current_best_6122,nadeem_6252,candidate_v4,biohack44_6113,massimiliano_eda111,afr1ste_5689,biohack44_6080",14.582911,33426,afr1ste_5689_score_n3,76,trim_border,trim_border;reduce,"train=4;test=1;trim_border,out_smaller,color_subset,reduce",in 3-3x9-11 -> out 3-3x7-9; pal 7->6,,not_run,passed=0 failed=0 skipped=0 total=0 reports=0 counted=0,,,,Defer; revisit through family-level compiler rewrites or new public evidence.,4
task047,16.985664,3024,2988,36,30,3091,3,3,candidate_v4,lb-verified-v4-anchor,biohack44_super;candidate_v2;candidate_v4;nadeem_6252;octaviograu_6154,"nadeem_6252,candidate_v4,octaviograu_6154,biohack44_super",16.985664,3024,biohack44_super_score_n3,76,other,other,"train=2;test=1;shape_preserving,color_superset",in 9-9x9-9 -> out 9-9x9-9; pal 3->4,matches_cherrypick_unsafe_public,not_run,passed=0 failed=0 skipped=0 total=0 reports=0 counted=0,,,,Require semantic proof and pseudo-hidden audit; no raw public-source swap.,10
task048,16.368586,5605,5539,66,52,5917,3,3,candidate_v4,lb-verified-v4-anchor,candidate_v2;candidate_v4;current_best_6122,"current_best_6122,candidate_v4",16.368586,5605,candidate_bio_t200_t084_score_n3,76,scalar_output,scalar_output;crop,"train=6;test=2;crop,out_smaller,color_subset,scalar_output",in 5-6x5-7 -> out 1-1x1-1; pal 3->2,public_overfit_risk,not_run,passed=0 failed=0 skipped=0 total=0 reports=0 counted=0,,,,Defer; revisit through family-level compiler rewrites or new public evidence.,15
task049,14.674879,30489,30339,150,29,3516,3,3,nadeem_6252,public-anchor-candidate,biohack44_super;candidate_v2;nadeem_6252;octaviograu_6154,"nadeem_6252,octaviograu_6154,biohack44_super",14.674879,30489,biohack44_super_score_n3,76,crop,crop,"train=5;test=1;crop,out_smaller,color_subset",in 10-20x10-20 -> out 2-3x2-4; pal 8->5,matches_cherrypick_unsafe_public,not_run,passed=0 failed=0 skipped=0 total=0 reports=0 counted=0,,,,Require semantic proof and pseudo-hidden audit; no raw public-source swap.,13
task050,15.843588,9475,9225,250,21,2006,3,3,candidate_v4,lb-verified-v4-anchor,afr1ste_5689;biohack44_6080;biohack44_6113;candidate_v2;candidate_v4;current_best_6122;massimiliano_eda111,"current_best_6122,candidate_v4,biohack44_6113,massimiliano_eda111,afr1ste_5689,biohack44_6080",15.843588,9475,afr1ste_5689_score_n3,76,other,other,"train=8;test=1;shape_preserving,color_superset",in 3-12x3-13 -> out 3-12x3-13; pal 2->3,,not_run,passed=0 failed=0 skipped=0 total=0 reports=0 counted=0,,,,Defer; revisit through family-level compiler rewrites or new public evidence.,0
task051,13.866448,68429,68359,70,58,3352,3,3,v4_plus10_compiler2_unique,lb-verified-current-anchor,,"current_best_6122,nadeem_6252,candidate_v4,afr1ste_5689",13.866448,68429,candidate_v4_plus10_compiler2_score_n3,76,symmetry/flip/rotate,symmetry/flip/rotate,"train=3;test=1;shape_preserving,color_subset,color_superset,color_same,symmetry_candidate",in 10-15x12-15 -> out 10-15x12-15; pal 5->5,,not_run,passed=0 failed=0 skipped=0 total=0 reports=0 counted=0,,,,Route to family DSL/compiler search; record any exact rule.,6
task052,17.886858,1228,1185,43,11,986,3,3,candidate_v4,lb-verified-v4-anchor,afr1ste_5689;biohack44_6080;biohack44_6113;candidate_v2;candidate_v4;current_best_6122;massimiliano_eda111;nadeem_6252,"current_best_6122,nadeem_6252,candidate_v4,biohack44_6113,massimiliano_eda111,afr1ste_5689,biohack44_6080",17.886858,1228,afr1ste_5689_score_n3,76,color_fill,color_fill,"train=4;test=1;shape_preserving,color_disjoint,color_fill",in 3-3x3-3 -> out 3-3x3-3; pal 7->2,,not_run,passed=0 failed=0 skipped=0 total=0 reports=0 counted=0,,,,Route to family DSL/compiler search; record any exact rule.,0
task053,21.598803,30,0,30,1,175,3,3,candidate_v4,lb-verified-v4-anchor,afr1ste_5689;biohack44_6067;biohack44_6080;biohack44_6113;biohack44_super;candidate_v2;candidate_v4;current_best_6122;haoranran_6100;massimiliano_eda111;nadeem_6252;octavi_6042;octaviograu_6154,"current_best_6122,nadeem_6252,candidate_v4,biohack44_6113,biohack44_6067,octaviograu_6154,massimiliano_eda111,octavi_6042,haoranran_6100,afr1ste_5689,biohack44_super,biohack44_6080",21.598803,30,afr1ste_5689_score_n3,76,symmetry/flip/rotate,symmetry/flip/rotate,"train=4;test=2;shape_preserving,color_subset,color_superset,color_same,symmetry_candidate",in 3-3x3-3 -> out 3-3x3-3; pal 3->3,matches_cherrypick_unsafe_public,not_run,passed=0 failed=0 skipped=0 total=0 reports=0 counted=0,,,,Require semantic proof and pseudo-hidden audit; no raw public-source swap.,10
task054,13.077963,150548,150387,161,107,5551,3,3,candidate_v4,lb-verified-v4-anchor,candidate_v2;candidate_v4;nadeem_6252,"nadeem_6252,candidate_v4",13.077963,150548,candidate_nadeem6252_plus_ours_38_score_n3,76,symmetry/flip/rotate,symmetry/flip/rotate,"train=3;test=1;shape_preserving,color_subset,color_superset,color_same,symmetry_candidate",in 30-30x30-30 -> out 30-30x30-30; pal 7->7,public_bottom15;cost_monster_top30;low_score_bottom30,not_run,passed=0 failed=0 skipped=0 total=0 reports=0 counted=0,,,,"Open semantic-factory pass: inspect examples, write prototype, then stress-test.",79
task055,14.815477,26490,25496,994,166,13497,3,3,candidate_v4,lb-verified-v4-anchor,biohack44_6080;biohack44_6113;candidate_v2;candidate_v4;current_best_6122;massimiliano_eda111;nadeem_6252,"current_best_6122,nadeem_6252,candidate_v4,biohack44_6113,massimiliano_eda111,biohack44_6080",14.820018,26370,afr1ste_5689_score_n3,76,other,other,"train=2;test=1;shape_preserving,color_superset",in 12-18x14-19 -> out 12-18x14-19; pal 2->7,,not_run,passed=0 failed=0 skipped=0 total=0 reports=0 counted=0,,,,Defer; revisit through family-level compiler rewrites or new public evidence.,3
task056,19.638708,213,136,77,9,815,3,3,candidate_v4,lb-verified-v4-anchor,candidate_v2;candidate_v4;nadeem_6252,"nadeem_6252,candidate_v4",19.638708,213,candidate_nadeem6252_plus_ours_38_score_n3,76,scalar_output,scalar_output;trim_border;reduce,"train=7;test=3;trim_border,out_smaller,color_disjoint,scalar_output,reduce",in 3-3x3-3 -> out 1-1x1-1; pal 5->4,,not_run,passed=0 failed=0 skipped=0 total=0 reports=0 counted=0,,,,Defer; revisit through family-level compiler rewrites or new public evidence.,0
task057,14.714521,29304,29284,20,16,1616,3,3,candidate_v4,lb-verified-v4-anchor,candidate_v2;candidate_v4;nadeem_6252,"nadeem_6252,candidate_v4",14.714521,29304,candidate_nadeem6252_plus_ours_38_score_n3,76,reduce,reduce,"train=3;test=1;out_smaller,color_subset,color_superset,color_same,reduce",in 8-8x8-8 -> out 3-3x6-6; pal 4->4,,not_run,passed=0 failed=0 skipped=0 total=0 reports=0 counted=0,,,,Route to family DSL/compiler search; record any exact rule.,3
task058,15.314295,16086,9660,6426,16,14194,3,3,v4_plus10_compiler2_unique,lb-verified-current-anchor,,"current_best_6122,candidate_v4,biohack44_6113,massimiliano_eda111,afr1ste_5689,biohack44_6080",15.314295,16086,candidate_v4_plus10_compiler2_score_n3,76,other,other,"train=5;test=1;shape_preserving,color_superset",in 6-15x6-15 -> out 6-15x6-15; pal 1->2,,not_run,passed=0 failed=0 skipped=0 total=0 reports=0 counted=0,,,,Defer; revisit through family-level compiler rewrites or new public evidence.,1
task059,15.076171,20411,17858,2553,21,7062,3,3,candidate_v4,lb-verified-v4-anchor,biohack44_6080;biohack44_6113;candidate_v2;candidate_v4;current_best_6122;massimiliano_eda111;nadeem_6252,"current_best_6122,nadeem_6252,candidate_v4,biohack44_6113,massimiliano_eda111,biohack44_6080",15.077347,20387,afr1ste_5689_score_n3,76,symmetry/flip/rotate,symmetry/flip/rotate,"train=3;test=1;shape_preserving,color_subset,color_superset,color_same,symmetry_candidate",in 11-11x11-11 -> out 11-11x11-11; pal 5->5,,not_run,passed=0 failed=0 skipped=0 total=0 reports=0 counted=0,,,,Route to family DSL/compiler search; record any exact rule.,2
task060,16.372877,5581,5400,181,20,2458,3,3,candidate_v4,lb-verified-v4-anchor,afr1ste_5689;biohack44_6080;biohack44_6113;candidate_v2;candidate_v4;current_best_6122;massimiliano_eda111;nadeem_6252,"current_best_6122,nadeem_6252,candidate_v4,biohack44_6113,massimiliano_eda111,afr1ste_5689,biohack44_6080",16.372877,5581,afr1ste_5689_score_n3,76,other,other,"train=2;test=1;shape_preserving,color_superset",in 5-5x11-11 -> out 5-5x11-11; pal 5->6,,not_run,passed=0 failed=0 skipped=0 total=0 reports=0 counted=0,,,,Defer; revisit through family-level compiler rewrites or new public evidence.,0
task061,15.152342,18914,16942,1972,9,17030,3,3,candidate_v4,lb-verified-v4-anchor,afr1ste_5689;biohack44_6067;biohack44_6080;biohack44_6113;biohack44_super;candidate_v2;candidate_v4;current_best_6122;haoranran_6100;massimiliano_eda111;nadeem_6252;octavi_6042;octaviograu_6154,"current_best_6122,nadeem_6252,candidate_v4,biohack44_6113,biohack44_6067,octaviograu_6154,massimiliano_eda111,octavi_6042,haoranran_6100,afr1ste_5689,biohack44_super,biohack44_6080",15.152342,18914,afr1ste_5689_score_n3,76,color_remap,color_remap,"train=4;test=1;shape_preserving,color_subset,color_remap",in 18-18x18-18 -> out 18-18x18-18; pal 9->8,matches_cherrypick_unsafe_public,not_run,passed=0 failed=0 skipped=0 total=0 reports=0 counted=0,,,,Require semantic proof and pseudo-hidden audit; no raw public-source swap.,12
task062,14.670951,30609,29680,929,217,14479,3,3,candidate_v4,lb-verified-v4-anchor,afr1ste_5689;biohack44_6080;biohack44_6113;candidate_v2;candidate_v4;current_best_6122;massimiliano_eda111;nadeem_6252,"current_best_6122,nadeem_6252,candidate_v4,biohack44_6113,massimiliano_eda111,afr1ste_5689,biohack44_6080",14.670951,30609,afr1ste_5689_score_n3,76,color_fill,color_fill,"train=4;test=1;shape_preserving,color_fill",in 10-10x10-10 -> out 10-10x10-10; pal 6->5,,not_run,passed=0 failed=0 skipped=0 total=0 reports=0 counted=0,,,,Route to family DSL/compiler search; record any exact rule.,3
task063,14.666940,30732,30700,32,34,3709,3,3,candidate_v4,lb-verified-v4-anchor,afr1ste_5689;biohack44_6067;biohack44_6080;biohack44_6113;biohack44_super;candidate_v2;candidate_v4;current_best_6122;haoranran_6100;massimiliano_eda111;nadeem_6252;octavi_6042;octaviograu_6154,"current_best_6122,nadeem_6252,candidate_v4,biohack44_6113,biohack44_6067,octaviograu_6154,massimiliano_eda111,octavi_6042,haoranran_6100,afr1ste_5689,biohack44_super,biohack44_6080",14.666940,30732,afr1ste_5689_score_n3,76,other,other,"train=3;test=1;shape_preserving,color_superset",in 10-12x10-12 -> out 10-12x10-12; pal 3->4,matches_cherrypick_unsafe_public,not_run,passed=0 failed=0 skipped=0 total=0 reports=0 counted=0,,,,Require semantic proof and pseudo-hidden audit; no raw public-source swap.,13
task064,13.354705,114153,114061,92,68,7151,3,3,candidate_v4,lb-verified-v4-anchor,biohack44_super;candidate_v2;candidate_v4;nadeem_6252;octaviograu_6154,"nadeem_6252,candidate_v4,octaviograu_6154,biohack44_super",13.354705,114153,biohack44_super_score_n3,76,symmetry/flip/rotate,symmetry/flip/rotate,"train=4;test=1;shape_preserving,color_subset,color_superset,color_same,symmetry_candidate",in 9-14x12-18 -> out 9-14x12-18; pal 6->6,cost_monster_top30;low_score_bottom30;matches_cherrypick_unsafe_public,not_run,passed=0 failed=0 skipped=0 total=0 reports=0 counted=0,,build_task064.py,,Require semantic proof and pseudo-hidden audit; no raw public-source swap.,63
task065,14.543691,34763,34700,63,37,2777,3,3,v4_plus10_compiler2_unique,lb-verified-current-anchor,,"current_best_6122,candidate_v4",14.543691,34763,candidate_v4_plus10_compiler2_score_n3,76,crop,crop,"train=3;test=1;crop,out_smaller,color_subset",in 5-11x5-11 -> out 2-5x2-5; pal 5->4,,not_run,passed=0 failed=0 skipped=0 total=0 reports=0 counted=0,,,,Route to family DSL/compiler search; record any exact rule.,4
task066,13.489738,99734,99596,138,291,16477,3,3,candidate_v4,lb-verified-v4-anchor,candidate_v4,nadeem_6252,15.028480,21408,blend_v360_score,76,symmetry/flip/rotate,symmetry/flip/rotate,"train=3;test=1;shape_preserving,color_subset,color_superset,color_same,symmetry_candidate",in 10-20x10-20 -> out 10-20x10-20; pal 4->4,,not_run,passed=0 failed=0 skipped=0 total=0 reports=0 counted=0,,,,Route to family DSL/compiler search; record any exact rule.,7
task067,19.247427,315,282,33,7,892,3,3,candidate_v4,lb-verified-v4-anchor,afr1ste_5689;biohack44_6067;biohack44_6080;biohack44_6113;biohack44_super;candidate_v2;candidate_v4;current_best_6122;haoranran_6100;massimiliano_eda111;nadeem_6252;octavi_6042;octaviograu_6154,"current_best_6122,nadeem_6252,candidate_v4,biohack44_6113,biohack44_6067,octaviograu_6154,massimiliano_eda111,octavi_6042,haoranran_6100,afr1ste_5689,biohack44_super,biohack44_6080",19.247427,315,afr1ste_5689_score_n3,76,reduce,reduce,"train=3;test=1;out_smaller,color_subset,color_superset,color_same,reduce",in 2-4x6-12 -> out 2-4x2-4; pal 6->6,matches_cherrypick_unsafe_public,not_run,passed=0 failed=0 skipped=0 total=0 reports=0 counted=0,,,,Require semantic proof and pseudo-hidden audit; no raw public-source swap.,10
task068,15.559421,12589,12562,27,24,1602,3,3,candidate_v4,lb-verified-v4-anchor,afr1ste_5689;biohack44_6080;biohack44_6113;candidate_v2;candidate_v4;current_best_6122;massimiliano_eda111;nadeem_6252,"current_best_6122,nadeem_6252,candidate_v4,biohack44_6113,massimiliano_eda111,afr1ste_5689,biohack44_6080",15.559421,12589,afr1ste_5689_score_n3,76,color_remap,color_remap,"train=3;test=1;shape_preserving,color_subset,color_remap",in 10-10x10-10 -> out 10-10x10-10; pal 10->5,,not_run,passed=0 failed=0 skipped=0 total=0 reports=0 counted=0,,,,Route to family DSL/compiler search; record any exact rule.,0
task069,13.667997,83450,82058,1392,380,30645,3,3,v4_plus10_compiler2_unique,lb-verified-current-anchor,,nadeem_6252,13.667997,83450,candidate_nadeem6252_plus_ours_v3_score_n3,76,color_remap,color_remap,"train=2;test=1;shape_preserving,color_subset,color_remap",in 10-10x10-10 -> out 10-10x10-10; pal 6->5,,not_run,passed=0 failed=0 skipped=0 total=0 reports=0 counted=0,,,,Route to family DSL/compiler search; record any exact rule.,7
task070,13.900501,66138,66060,78,71,11844,3,3,candidate_v4,lb-verified-v4-anchor,afr1ste_5689;biohack44_6067;biohack44_6080;biohack44_6113;biohack44_super;candidate_v2;candidate_v4;current_best_6122;haoranran_6100;massimiliano_eda111;nadeem_6252;octavi_6042;octaviograu_6154,"current_best_6122,nadeem_6252,candidate_v4,biohack44_6113,biohack44_6067,octaviograu_6154,massimiliano_eda111,octavi_6042,haoranran_6100,afr1ste_5689,biohack44_super,biohack44_6080",13.900501,66138,afr1ste_5689_score_n3,76,other,other,"train=3;test=1;shape_preserving,color_superset",in 17-17x17-17 -> out 17-17x17-17; pal 3->4,public_slowest;matches_cherrypick_unsafe_public,not_run,passed=0 failed=0 skipped=0 total=0 reports=0 counted=0,,,,Require semantic proof and pseudo-hidden audit; no raw public-source swap.,16
task071,13.226404,129780,128850,930,49,12082,3,3,candidate_v4,lb-verified-v4-anchor,afr1ste_5689;biohack44_6067;biohack44_6080;biohack44_6113;biohack44_super;candidate_v2;candidate_v4;current_best_6122;haoranran_6100;massimiliano_eda111;nadeem_6252;octavi_6042;octaviograu_6154,"current_best_6122,nadeem_6252,candidate_v4,biohack44_6113,biohack44_6067,octaviograu_6154,massimiliano_eda111,octavi_6042,haoranran_6100,afr1ste_5689,biohack44_super,biohack44_6080",13.226404,129780,afr1ste_5689_score_n3,76,color_remap,color_remap,"train=2;test=1;shape_preserving,color_subset,color_remap",in 16-16x16-16 -> out 16-16x16-16; pal 5->3,cost_monster_top30;low_score_bottom30;matches_cherrypick_unsafe_public,not_run,passed=0 failed=0 skipped=0 total=0 reports=0 counted=0,,,,Require semantic proof and pseudo-hidden audit; no raw public-source swap.,58
task072,17.822981,1309,1260,49,11,1289,3,3,nadeem_6252,public-anchor-candidate,candidate_v2;nadeem_6252,nadeem_6252,17.822981,1309,candidate_nadeem6252_plus_ours_38_score_n3,76,reduce,reduce,"train=4;test=2;out_smaller,reduce",in 13-13x5-5 -> out 6-6x5-5; pal 3->2,,not_run,passed=0 failed=0 skipped=0 total=0 reports=0 counted=0,,,,Route to family DSL/compiler search; record any exact rule.,0
task073,18.186555,910,0,910,1,3825,3,3,candidate_v4,lb-verified-v4-anchor,afr1ste_5689;biohack44_6067;biohack44_6080;biohack44_6113;biohack44_super;candidate_v2;candidate_v4;current_best_6122;haoranran_6100;massimiliano_eda111;nadeem_6252;octavi_6042;octaviograu_6154,"current_best_6122,nadeem_6252,candidate_v4,biohack44_6113,biohack44_6067,octaviograu_6154,massimiliano_eda111,octavi_6042,haoranran_6100,afr1ste_5689,biohack44_super,biohack44_6080",18.186555,910,afr1ste_5689_score_n3,76,symmetry/flip/rotate,symmetry/flip/rotate,"train=3;test=1;shape_preserving,color_subset,color_superset,color_same,symmetry_candidate",in 5-5x5-5 -> out 5-5x5-5; pal 3->3,matches_cherrypick_unsafe_public,not_run,passed=0 failed=0 skipped=0 total=0 reports=0 counted=0,,,,Require semantic proof and pseudo-hidden audit; no raw public-source swap.,10
task074,15.009189,21825,21780,45,18,1824,3,3,candidate_v4,lb-verified-v4-anchor,afr1ste_5689;biohack44_6067;biohack44_6080;biohack44_6113;biohack44_super;candidate_v2;candidate_v4;current_best_6122;haoranran_6100;massimiliano_eda111;nadeem_6252;octavi_6042;octaviograu_6154,"current_best_6122,nadeem_6252,candidate_v4,biohack44_6113,biohack44_6067,octaviograu_6154,massimiliano_eda111,octavi_6042,haoranran_6100,afr1ste_5689,biohack44_super,biohack44_6080",15.009189,21825,afr1ste_5689_score_n3,76,color_remap,color_remap,"train=4;test=1;shape_preserving,color_subset,color_remap",in 30-30x30-30 -> out 30-30x30-30; pal 10->9,public_slowest;matches_cherrypick_unsafe_public,not_run,passed=0 failed=0 skipped=0 total=0 reports=0 counted=0,,,,Require semantic proof and pseudo-hidden audit; no raw public-source swap.,12
task075,14.742797,28487,28430,57,57,6812,3,3,candidate_v4,lb-verified-v4-anchor,afr1ste_5689;biohack44_6080;biohack44_6113;candidate_v2;candidate_v4;current_best_6122;massimiliano_eda111;nadeem_6252,"current_best_6122,nadeem_6252,candidate_v4,biohack44_6113,massimiliano_eda111,afr1ste_5689,biohack44_6080",14.742797,28487,afr1ste_5689_score_n3,76,color_remap,color_remap,"train=3;test=1;shape_preserving,color_subset,color_remap",in 9-9x13-13 -> out 9-9x13-13; pal 10->9,,not_run,passed=0 failed=0 skipped=0 total=0 reports=0 counted=0,,,,Route to family DSL/compiler search; record any exact rule.,3
task076,12.303530,326593,325583,1010,365,39081,3,3,v4_plus10_compiler2_unique,lb-verified-current-anchor,,nadeem_6252,14.503628,36184,blend_v360_score,76,symmetry/flip/rotate,symmetry/flip/rotate,"train=3;test=1;shape_preserving,color_subset,color_superset,color_same,symmetry_candidate",in 13-13x13-13 -> out 13-13x13-13; pal 5->5,cost_monster_top30;low_score_bottom30,not_run,passed=0 failed=0 skipped=0 total=0 reports=0 counted=0,,,,"Open semantic-factory pass: inspect examples, write prototype, then stress-test.",52
task077,13.032857,157494,155700,1794,68,6842,3,3,v4_plus10_compiler2_unique,lb-verified-current-anchor,,"nadeem_6252,candidate_v4,afr1ste_5689",13.032857,157494,candidate_v4_plus10_compiler2_score_n3,76,other,other,"train=3;test=1;shape_preserving,color_superset",in 15-17x14-18 -> out 15-17x14-18; pal 5->6,cost_monster_top30;low_score_bottom30,not_run,passed=0 failed=0 skipped=0 total=0 reports=0 counted=0,,,,"Open semantic-factory pass: inspect examples, write prototype, then stress-test.",49
task078,15.650246,11496,11460,36,25,1974,3,3,candidate_v4,lb-verified-v4-anchor,afr1ste_5689;biohack44_6080;biohack44_6113;candidate_v2;candidate_v4;current_best_6122;massimiliano_eda111;nadeem_6252,"current_best_6122,nadeem_6252,candidate_v4,biohack44_6113,massimiliano_eda111,afr1ste_5689,biohack44_6080",15.650246,11496,afr1ste_5689_score_n3,76,symmetry/flip/rotate,symmetry/flip/rotate,"train=3;test=1;shape_preserving,color_subset,color_superset,color_same,symmetry_candidate",in 10-10x10-10 -> out 10-10x10-10; pal 3->3,,not_run,passed=0 failed=0 skipped=0 total=0 reports=0 counted=0,,,,Route to family DSL/compiler search; record any exact rule.,0
task079,15.029649,21383,21138,245,20,2695,3,3,candidate_v4,lb-verified-v4-anchor,biohack44_super;candidate_v2;candidate_v4;nadeem_6252;octaviograu_6154,"nadeem_6252,candidate_v4,octaviograu_6154,biohack44_super",15.029649,21383,biohack44_super_score_n3,76,crop,crop,"train=3;test=1;crop,out_smaller,color_subset",in 14-14x14-14 -> out 3-3x3-3; pal 6->3,matches_cherrypick_unsafe_public,not_run,passed=0 failed=0 skipped=0 total=0 reports=0 counted=0,,,,Require semantic proof and pseudo-hidden audit; no raw public-source swap.,12
task080,14.353266,42055,41838,217,123,10205,3,3,candidate_v4,lb-verified-v4-anchor,candidate_v4,nadeem_6252,14.353266,42055,candidate_nadeem6252_plus_ours_v3_score_n3,76,symmetry/flip/rotate,symmetry/flip/rotate,"train=3;test=1;shape_preserving,color_subset,color_superset,color_same,symmetry_candidate",in 24-27x24-27 -> out 24-27x24-27; pal 6->6,,not_run,passed=0 failed=0 skipped=0 total=0 reports=0 counted=0,,,,Route to family DSL/compiler search; record any exact rule.,4
task081,17.256297,2307,2198,109,35,3749,3,3,candidate_v4,lb-verified-v4-anchor,afr1ste_5689;biohack44_6067;biohack44_6080;biohack44_6113;biohack44_super;candidate_v2;candidate_v4;current_best_6122;haoranran_6100;massimiliano_eda111;nadeem_6252;octavi_6042;octaviograu_6154,"current_best_6122,nadeem_6252,candidate_v4,biohack44_6113,biohack44_6067,octaviograu_6154,massimiliano_eda111,octavi_6042,haoranran_6100,afr1ste_5689,biohack44_super,biohack44_6080",17.256297,2307,afr1ste_5689_score_n3,76,other,other,"train=2;test=1;shape_preserving,color_superset",in 7-7x7-7 -> out 7-7x7-7; pal 2->3,matches_cherrypick_unsafe_public,not_run,passed=0 failed=0 skipped=0 total=0 reports=0 counted=0,,,,Require semantic proof and pseudo-hidden audit; no raw public-source swap.,10
task082,14.936138,23479,23400,79,20,1645,3,3,candidate_v4,lb-verified-v4-anchor,afr1ste_5689;biohack44_6080;biohack44_6113;candidate_v2;candidate_v4;current_best_6122;massimiliano_eda111;nadeem_6252,"current_best_6122,nadeem_6252,candidate_v4,biohack44_6113,massimiliano_eda111,afr1ste_5689,biohack44_6080",14.936138,23479,afr1ste_5689_score_n3,76,symmetry/flip/rotate,symmetry/flip/rotate,"train=2;test=1;shape_preserving,color_subset,color_superset,color_same,symmetry_candidate",in 6-6x7-10 -> out 6-6x7-10; pal 4->4,,not_run,passed=0 failed=0 skipped=0 total=0 reports=0 counted=0,,,,Route to family DSL/compiler search; record any exact rule.,2
task083,17.504458,1800,0,1800,1,7454,3,3,candidate_v4,lb-verified-v4-anchor,afr1ste_5689;biohack44_6067;biohack44_6080;biohack44_6113;biohack44_super;candidate_v2;candidate_v4;current_best_6122;haoranran_6100;massimiliano_eda111;nadeem_6252;octavi_6042;octaviograu_6154,"current_best_6122,nadeem_6252,candidate_v4,biohack44_6113,biohack44_6067,octaviograu_6154,massimiliano_eda111,octavi_6042,haoranran_6100,afr1ste_5689,biohack44_super,biohack44_6080",17.504458,1800,afr1ste_5689_score_n3,76,tiling,tiling,"train=3;test=1;tile,out_larger,color_subset,color_superset,color_same",in 3-3x4-4 -> out 6-6x8-8; pal 3->3,matches_cherrypick_unsafe_public,not_run,passed=0 failed=0 skipped=0 total=0 reports=0 counted=0,,,,Require semantic proof and pseudo-hidden audit; no raw public-source swap.,10
task084,15.121164,19513,19400,113,23,2820,3,3,candidate_v4,lb-verified-v4-anchor,afr1ste_5689;biohack44_6067;biohack44_6080;biohack44_6113;biohack44_super;candidate_v2;candidate_v4;current_best_6122;haoranran_6100;massimiliano_eda111;nadeem_6252;octaviograu_6154,"current_best_6122,nadeem_6252,candidate_v4,biohack44_6113,biohack44_6067,octaviograu_6154,massimiliano_eda111,haoranran_6100,afr1ste_5689,biohack44_super,biohack44_6080",15.121164,19513,afr1ste_5689_score_n3,77,other,other,"train=3;test=1;shape_preserving,color_superset",in 3-15x3-15 -> out 3-15x3-15; pal 4->6,matches_cherrypick_unsafe_public,not_run,passed=0 failed=0 skipped=0 total=0 reports=0 counted=0,,build_task084.py,task084_handbuild_score.csv,Require semantic proof and pseudo-hidden audit; no raw public-source swap.,17
task085,13.363283,113178,113040,138,20,2547,3,3,candidate_v4,lb-verified-v4-anchor,afr1ste_5689;biohack44_6067;biohack44_6080;biohack44_6113;biohack44_super;candidate_v2;candidate_v4;current_best_6122;haoranran_6100;massimiliano_eda111;nadeem_6252;octavi_6042;octaviograu_6154,"current_best_6122,nadeem_6252,candidate_v4,biohack44_6113,biohack44_6067,octaviograu_6154,massimiliano_eda111,octavi_6042,haoranran_6100,afr1ste_5689,biohack44_super,biohack44_6080",13.363283,113178,afr1ste_5689_score_n3,76,symmetry/flip/rotate,symmetry/flip/rotate,"train=2;test=1;shape_preserving,color_subset,color_superset,color_same,symmetry_candidate",in 8-8x20-30 -> out 8-8x20-30; pal 5->5,cost_monster_top30;low_score_bottom30;matches_cherrypick_unsafe_public,not_run,passed=0 failed=0 skipped=0 total=0 reports=0 counted=0,,,,Require semantic proof and pseudo-hidden audit; no raw public-source swap.,58
task086,14.885239,24705,24480,225,42,4384,3,3,candidate_v4,lb-verified-v4-anchor,candidate_v2;candidate_v4;current_best_6122,"current_best_6122,candidate_v4",14.885239,24705,candidate_bio_t200_t084_score_n3,76,symmetry/flip/rotate,symmetry/flip/rotate,"train=3;test=1;shape_preserving,color_subset,color_superset,color_same,symmetry_candidate",in 10-10x10-10 -> out 10-10x10-10; pal 7->7,,not_run,passed=0 failed=0 skipped=0 total=0 reports=0 counted=0,,,,Route to family DSL/compiler search; record any exact rule.,3
task087,19.091917,368,360,8,2,394,3,3,nadeem_6252,public-anchor-candidate,candidate_v2;nadeem_6252,nadeem_6252,19.091917,368,candidate_nadeem6252_plus_ours_38_score_n3,76,covered_or_unclassified,covered_or_unclassified,covered_by_existing_dsl_or_missing_feature_report,in 3-3x3-3 -> out 3-3x3-3; pal 3->3,,not_run,passed=0 failed=0 skipped=0 total=0 reports=0 counted=0,,,,Defer; revisit through family-level compiler rewrites or new public evidence.,0
task088,13.804996,72766,72646,120,48,4099,3,3,candidate_v4,lb-verified-v4-anchor,candidate_v2;candidate_v4;nadeem_6252,"nadeem_6252,candidate_v4",13.804996,72766,candidate_nadeem6252_plus_ours_38_score_n3,76,reduce,reduce,"train=4;test=1;out_smaller,color_subset,reduce",in 7-12x7-18 -> out 3-4x3-8; pal 6->5,,not_run,passed=0 failed=0 skipped=0 total=0 reports=0 counted=0,,,,Route to family DSL/compiler search; record any exact rule.,6
task089,14.179382,50042,49943,99,181,17792,3,3,candidate_v4,lb-verified-v4-anchor,biohack44_6067;biohack44_6080;biohack44_6113;biohack44_super;candidate_v2;candidate_v4;current_best_6122;haoranran_6100;massimiliano_eda111;nadeem_6252;octavi_6042;octaviograu_6154,"current_best_6122,nadeem_6252,candidate_v4,biohack44_6113,biohack44_6067,octaviograu_6154,massimiliano_eda111,octavi_6042,haoranran_6100,biohack44_super,biohack44_6080",14.186179,49703,afr1ste_5689_score_n3,76,symmetry/flip/rotate,symmetry/flip/rotate,"train=4;test=1;shape_preserving,color_subset,color_superset,color_same,symmetry_candidate",in 13-13x13-13 -> out 13-13x13-13; pal 6->6,matches_cherrypick_unsafe_public,not_run,passed=0 failed=0 skipped=0 total=0 reports=0 counted=0,,,,Require semantic proof and pseudo-hidden audit; no raw public-source swap.,15
task090,13.943507,63354,63250,104,246,19660,3,3,candidate_v4,lb-verified-v4-anchor,afr1ste_5689;biohack44_6067;biohack44_6080;biohack44_6113;biohack44_super;candidate_v2;candidate_v4;current_best_6122;haoranran_6100;massimiliano_eda111;nadeem_6252;octavi_6042;octaviograu_6154,"current_best_6122,nadeem_6252,candidate_v4,biohack44_6113,biohack44_6067,octaviograu_6154,massimiliano_eda111,octavi_6042,haoranran_6100,afr1ste_5689,biohack44_super,biohack44_6080",13.943507,63354,afr1ste_5689_score_n3,76,other,other,"train=4;test=1;shape_preserving,color_superset",in 2-4x20-30 -> out 2-4x20-30; pal 3->4,matches_cherrypick_unsafe_public,not_run,passed=0 failed=0 skipped=0 total=0 reports=0 counted=0,,,,Require semantic proof and pseudo-hidden audit; no raw public-source swap.,16
task091,14.151323,51466,51388,78,43,4393,3,3,nadeem_6252,public-anchor-candidate,candidate_v2;nadeem_6252,nadeem_6252,14.151323,51466,candidate_nadeem6252_plus_ours_38_score_n3,76,crop,crop,"train=3;test=1;crop,out_smaller,color_subset,color_superset,color_same",in 9-11x9-13 -> out 5-6x5-7; pal 3->3,,not_run,passed=0 failed=0 skipped=0 total=0 reports=0 counted=0,,,,Route to family DSL/compiler search; record any exact rule.,5
task092,14.473546,37289,37260,29,29,2246,3,3,v4_plus10_compiler2_unique,lb-verified-current-anchor,,nadeem_6252,14.473546,37289,candidate_v4_plus10_compiler2_score_n3,76,symmetry/flip/rotate,symmetry/flip/rotate,"train=2;test=1;shape_preserving,color_subset,color_superset,color_same,symmetry_candidate",in 20-30x10-20 -> out 20-30x10-20; pal 9->9,v4_plus10_changed,not_run,passed=0 failed=0 skipped=0 total=0 reports=0 counted=0,,,,Route to family DSL/compiler search; record any exact rule.,4
task093,15.354118,15458,15400,58,56,6234,3,3,candidate_v4,lb-verified-v4-anchor,biohack44_super;candidate_v2;candidate_v4;nadeem_6252;octaviograu_6154,"nadeem_6252,candidate_v4,octaviograu_6154,biohack44_super",15.354118,15458,biohack44_super_score_n3,76,color_remap,color_remap,"train=3;test=1;shape_preserving,color_subset,color_remap",in 14-14x14-14 -> out 14-14x14-14; pal 5->2,matches_cherrypick_unsafe_public,not_run,passed=0 failed=0 skipped=0 total=0 reports=0 counted=0,,,,Require semantic proof and pseudo-hidden audit; no raw public-source swap.,11
task094,15.745356,10453,10340,113,25,2950,3,3,candidate_v4,lb-verified-v4-anchor,biohack44_super;candidate_v2;candidate_v4;nadeem_6252;octaviograu_6154,"nadeem_6252,candidate_v4,octaviograu_6154,biohack44_super",15.745356,10453,biohack44_super_score_n3,76,other,other,"train=2;test=1;shape_preserving,color_superset",in 15-15x15-15 -> out 15-15x15-15; pal 2->3,matches_cherrypick_unsafe_public,not_run,passed=0 failed=0 skipped=0 total=0 reports=0 counted=0,,,,Require semantic proof and pseudo-hidden audit; no raw public-source swap.,10
task095,18.186555,910,0,910,1,3950,3,3,candidate_v4,lb-verified-v4-anchor,afr1ste_5689;biohack44_6067;biohack44_6080;biohack44_6113;biohack44_super;candidate_v2;candidate_v4;current_best_6122;haoranran_6100;massimiliano_eda111;nadeem_6252;octavi_6042;octaviograu_6154,"current_best_6122,nadeem_6252,candidate_v4,biohack44_6113,biohack44_6067,octaviograu_6154,massimiliano_eda111,octavi_6042,haoranran_6100,afr1ste_5689,biohack44_super,biohack44_6080",18.186555,910,afr1ste_5689_score_n3,76,other,other,"train=2;test=1;shape_preserving,color_superset",in 9-9x9-9 -> out 9-9x9-9; pal 2->3,matches_cherrypick_unsafe_public,not_run,passed=0 failed=0 skipped=0 total=0 reports=0 counted=0,,,,Require semantic proof and pseudo-hidden audit; no raw public-source swap.,10
task096,12.873891,184630,183701,929,456,58448,3,3,v4_plus10_compiler2_unique,lb-verified-current-anchor,,"nadeem_6252,octaviograu_6154,biohack44_super",14.712339,29368,blend_v360_score,76,reduce,reduce,"train=3;test=1;out_smaller,color_subset,color_superset,color_same,reduce",in 13-18x17-18 -> out 7-11x7-11; pal 8->8,public_overfit_risk;cost_monster_top30;low_score_bottom30,not_run,passed=0 failed=0 skipped=0 total=0 reports=0 counted=0,,,,"Open semantic-factory pass: inspect examples, write prototype, then stress-test.",65
task097,14.070292,55810,55800,10,13,880,3,3,candidate_v4,lb-verified-v4-anchor,candidate_v4,nadeem_6252,14.070292,55810,candidate_nadeem6252_plus_ours_v3_score_n3,76,symmetry/flip/rotate,symmetry/flip/rotate,"train=4;test=1;shape_preserving,color_subset,color_superset,color_same,symmetry_candidate",in 11-17x9-19 -> out 11-17x9-19; pal 5->5,,not_run,passed=0 failed=0 skipped=0 total=0 reports=0 counted=0,,,,Route to family DSL/compiler search; record any exact rule.,5
task098,18.186555,910,0,910,1,3836,3,3,candidate_v4,lb-verified-v4-anchor,afr1ste_5689;biohack44_6067;biohack44_6080;biohack44_6113;biohack44_super;candidate_v2;candidate_v4;current_best_6122;haoranran_6100;massimiliano_eda111;nadeem_6252;octavi_6042;octaviograu_6154,"current_best_6122,nadeem_6252,candidate_v4,biohack44_6113,biohack44_6067,octaviograu_6154,massimiliano_eda111,octavi_6042,haoranran_6100,afr1ste_5689,biohack44_super,biohack44_6080",18.186555,910,afr1ste_5689_score_n3,76,symmetry/flip/rotate,symmetry/flip/rotate,"train=3;test=1;shape_preserving,color_subset,color_superset,color_same,symmetry_candidate",in 8-18x7-16 -> out 8-18x7-16; pal 8->8,matches_cherrypick_unsafe_public,not_run,passed=0 failed=0 skipped=0 total=0 reports=0 counted=0,,,,Require semantic proof and pseudo-hidden audit; no raw public-source swap.,10
task099,16.500971,4910,0,4910,1,19839,3,3,candidate_v4,lb-verified-v4-anchor,afr1ste_5689;biohack44_6067;biohack44_6080;biohack44_6113;biohack44_super;candidate_v2;candidate_v4;current_best_6122;haoranran_6100;massimiliano_eda111;nadeem_6252;octavi_6042;octaviograu_6154,"current_best_6122,nadeem_6252,candidate_v4,biohack44_6113,biohack44_6067,octaviograu_6154,massimiliano_eda111,octavi_6042,haoranran_6100,afr1ste_5689,biohack44_super,biohack44_6080",16.500971,4910,afr1ste_5689_score_n3,76,symmetry/flip/rotate,symmetry/flip/rotate,"train=3;test=1;shape_preserving,color_subset,color_superset,color_same,symmetry_candidate",in 10-10x10-10 -> out 10-10x10-10; pal 6->6,matches_cherrypick_unsafe_public,not_run,passed=0 failed=0 skipped=0 total=0 reports=0 counted=0,,,,Require semantic proof and pseudo-hidden audit; no raw public-source swap.,10
task100,16.214919,6536,6493,43,28,4954,3,3,nadeem_6252,public-anchor-candidate,biohack44_super;candidate_v2;nadeem_6252;octaviograu_6154,"nadeem_6252,octaviograu_6154,biohack44_super",16.214919,6536,biohack44_super_score_n3,76,reduce,reduce,"train=3;test=1;out_smaller,color_subset,reduce",in 10-10x10-10 -> out 2-2x2-2; pal 6->3,matches_cherrypick_unsafe_public,not_run,passed=0 failed=0 skipped=0 total=0 reports=0 counted=0,,,,Require semantic proof and pseudo-hidden audit; no raw public-source swap.,10
task101,12.166837,374431,374325,106,125,19538,3,3,candidate_v4,lb-verified-v4-anchor,candidate_v2;candidate_v4;nadeem_6252,"nadeem_6252,candidate_v4",13.904425,65879,blend_v360_score,76,symmetry/flip/rotate,symmetry/flip/rotate,"train=3;test=1;shape_preserving,color_subset,color_superset,color_same,symmetry_candidate",in 14-14x12-12 -> out 14-14x12-12; pal 3->3,cost_monster_top30;low_score_bottom30,not_run,passed=0 failed=0 skipped=0 total=0 reports=0 counted=0,,,,"Open semantic-factory pass: inspect examples, write prototype, then stress-test.",52
task102,15.557993,12607,12075,532,48,6500,3,3,candidate_v4,lb-verified-v4-anchor,biohack44_super;candidate_v2;candidate_v4;nadeem_6252;octaviograu_6154,"nadeem_6252,candidate_v4,octaviograu_6154,biohack44_super",15.557993,12607,biohack44_super_score_n3,76,other,other,"train=4;test=1;shape_preserving,color_superset",in 12-12x12-12 -> out 12-12x12-12; pal 2->3,matches_cherrypick_unsafe_public,not_run,passed=0 failed=0 skipped=0 total=0 reports=0 counted=0,,,,Require semantic proof and pseudo-hidden audit; no raw public-source swap.,10
task103,19.758253,189,155,34,11,1281,3,3,candidate_v4,lb-verified-v4-anchor,candidate_v4,nadeem_6252,19.758253,189,candidate_nadeem6252_plus_ours_v3_score_n3,76,scalar_output,scalar_output;trim_border;reduce,"train=6;test=2;trim_border,out_smaller,color_disjoint,scalar_output,reduce",in 3-3x3-3 -> out 1-1x1-1; pal 2->2,,not_run,passed=0 failed=0 skipped=0 total=0 reports=0 counted=0,,,,Defer; revisit through family-level compiler rewrites or new public evidence.,0
task104,16.788789,3682,2692,990,21,3505,3,3,nadeem_6252,public-anchor-candidate,candidate_v2;nadeem_6252,nadeem_6252,16.788789,3682,candidate_nadeem6252_plus_ours_38_score_n3,76,tiling,tiling,"train=2;test=1;tile,out_larger,color_subset",in 3-3x3-3 -> out 9-9x9-9; pal 3->2,,not_run,passed=0 failed=0 skipped=0 total=0 reports=0 counted=0,,,,Route to family DSL/compiler search; record any exact rule.,0
task105,16.138508,7055,6987,68,63,8053,3,3,candidate_v4,lb-verified-v4-anchor,candidate_v2;candidate_v4;nadeem_6252,"nadeem_6252,candidate_v4",16.138508,7055,candidate_nadeem6252_plus_ours_38_score_n3,76,other,other,"train=3;test=1;shape_preserving,color_superset",in 9-13x13-13 -> out 9-13x13-13; pal 2->3,,not_run,passed=0 failed=0 skipped=0 total=0 reports=0 counted=0,,,,Defer; revisit through family-level compiler rewrites or new public evidence.,0
task106,17.940382,1164,1039,125,13,2939,3,3,candidate_v4,lb-verified-v4-anchor,afr1ste_5689;biohack44_6067;biohack44_6080;biohack44_6113;biohack44_super;candidate_v2;candidate_v4;current_best_6122;haoranran_6100;konbu17_v36;massimiliano_eda111;nadeem_6252;octavi_6042;octaviograu_6154,"current_best_6122,nadeem_6252,candidate_v4,biohack44_6113,biohack44_6067,konbu17_v36,octaviograu_6154,massimiliano_eda111,octavi_6042,haoranran_6100,afr1ste_5689,biohack44_super,biohack44_6080",17.940382,1164,afr1ste_5689_score_n3,76,tiling,tiling,"train=3;test=1;tile,out_larger,color_subset,color_superset,color_same",in 2-3x2-3 -> out 4-6x4-6; pal 5->5,matches_cherrypick_unsafe_public,not_run,passed=0 failed=0 skipped=0 total=0 reports=0 counted=0,,,,Require semantic proof and pseudo-hidden audit; no raw public-source swap.,10
task107,13.806578,72651,58970,13681,52,31694,3,3,candidate_v4,lb-verified-v4-anchor,candidate_v2;candidate_v4;current_best_6122,"current_best_6122,candidate_v4",13.806578,72651,candidate_bio_t200_t084_score_n3,76,tiling,tiling,"train=3;test=1;tile,out_larger,color_superset",in 5-5x5-5 -> out 10-20x10-20; pal 8->9,,not_run,passed=0 failed=0 skipped=0 total=0 reports=0 counted=0,,,,Route to family DSL/compiler search; record any exact rule.,6
task108,17.504458,1800,0,1800,1,7454,3,3,candidate_v4,lb-verified-v4-anchor,afr1ste_5689;biohack44_6067;biohack44_6080;biohack44_6113;biohack44_super;candidate_v2;candidate_v4;current_best_6122;haoranran_6100;konbu17_v36;massimiliano_eda111;nadeem_6252;octavi_6042;octaviograu_6154,"current_best_6122,nadeem_6252,candidate_v4,biohack44_6113,biohack44_6067,konbu17_v36,octaviograu_6154,massimiliano_eda111,octavi_6042,haoranran_6100,afr1ste_5689,biohack44_super,biohack44_6080",17.504458,1800,afr1ste_5689_score_n3,76,tiling,tiling,"train=3;test=1;tile,out_larger,color_subset,color_superset,color_same",in 10-10x10-10 -> out 20-20x20-20; pal 6->6,matches_cherrypick_unsafe_public,not_run,passed=0 failed=0 skipped=0 total=0 reports=0 counted=0,,,,Require semantic proof and pseudo-hidden audit; no raw public-source swap.,10
task109,13.542355,94622,93668,954,39,5118,3,3,v4_plus10_compiler2_unique,lb-verified-current-anchor,,"current_best_6122,candidate_v4",13.542355,94622,candidate_v4_plus10_compiler2_score_n3,76,trim_border,trim_border;reduce,"train=3;test=1;trim_border,out_smaller,color_subset,reduce",in 7-11x7-11 -> out 6-10x6-10; pal 6->4,,not_run,passed=0 failed=0 skipped=0 total=0 reports=0 counted=0,,,,Defer; revisit through family-level compiler rewrites or new public evidence.,7
task110,13.411438,107857,107511,346,162,20445,3,3,v4_plus10_compiler2_unique,lb-verified-current-anchor,,"nadeem_6252,octaviograu_6154,biohack44_super",13.411438,107857,candidate_v4_plus10_compiler2_score_n3,76,color_remap,color_remap,"train=3;test=1;shape_preserving,color_subset,color_remap",in 29-29x29-29 -> out 29-29x29-29; pal 9->8,,not_run,passed=0 failed=0 skipped=0 total=0 reports=0 counted=0,,,,Route to family DSL/compiler search; record any exact rule.,8
task111,18.319145,797,772,25,15,1499,3,3,candidate_v4,lb-verified-v4-anchor,afr1ste_5689;biohack44_6080;biohack44_6113;candidate_v2;candidate_v4;current_best_6122;massimiliano_eda111;nadeem_6252,"current_best_6122,nadeem_6252,candidate_v4,biohack44_6113,massimiliano_eda111,afr1ste_5689,biohack44_6080",18.319145,797,afr1ste_5689_score_n3,76,crop,crop,"train=3;test=1;crop,out_smaller,color_subset",in 10-10x10-10 -> out 3-3x3-3; pal 5->4,,not_run,passed=0 failed=0 skipped=0 total=0 reports=0 counted=0,,,,Route to family DSL/compiler search; record any exact rule.,0
task112,14.010141,59270,59164,106,44,3987,3,3,candidate_v4,lb-verified-v4-anchor,biohack44_super;candidate_v2;candidate_v4;current_best_6122;nadeem_6252;octaviograu_6154,"current_best_6122,nadeem_6252,candidate_v4,octaviograu_6154,biohack44_super",14.010141,59270,biohack44_super_score_n3,76,symmetry/flip/rotate,symmetry/flip/rotate,"train=3;test=1;shape_preserving,color_subset,color_superset,color_same,symmetry_candidate",in 10-20x10-30 -> out 10-20x10-30; pal 3->3,matches_cherrypick_unsafe_public,not_run,passed=0 failed=0 skipped=0 total=0 reports=0 counted=0,,,,Require semantic proof and pseudo-hidden audit; no raw public-source swap.,16
task113,21.598803,30,0,30,1,499,3,3,candidate_v4,lb-verified-v4-anchor,afr1ste_5689;biohack44_6067;biohack44_6080;biohack44_6113;biohack44_super;candidate_v2;candidate_v4;current_best_6122;haoranran_6100;konbu17_v36;massimiliano_eda111;nadeem_6252;octavi_6042;octaviograu_6154,"current_best_6122,nadeem_6252,candidate_v4,biohack44_6113,biohack44_6067,konbu17_v36,octaviograu_6154,massimiliano_eda111,octavi_6042,haoranran_6100,afr1ste_5689,biohack44_super,biohack44_6080",21.598803,30,afr1ste_5689_score_n3,76,symmetry/flip/rotate,symmetry/flip/rotate,"train=2;test=1;shape_preserving,color_subset,color_superset,color_same,symmetry_candidate",in 10-10x3-5 -> out 10-10x3-5; pal 4->4,matches_cherrypick_unsafe_public,not_run,passed=0 failed=0 skipped=0 total=0 reports=0 counted=0,,,,Require semantic proof and pseudo-hidden audit; no raw public-source swap.,10
task114,17.869101,1250,1091,159,26,4699,3,3,v4_plus10_compiler2_unique,lb-verified-current-anchor,,"current_best_6122,nadeem_6252,candidate_v4,biohack44_6113,biohack44_6067,konbu17_v36,octaviograu_6154,massimiliano_eda111,octavi_6042,haoranran_6100,afr1ste_5689,biohack44_super,biohack44_6080",17.869101,1250,candidate_v4_plus10_compiler2_score_n3,76,expand,expand,"train=3;test=1;out_larger,color_superset,expand",in 2-3x2-3 -> out 4-5x4-5; pal 6->6,,not_run,passed=0 failed=0 skipped=0 total=0 reports=0 counted=0,,,,Defer; revisit through family-level compiler rewrites or new public evidence.,0
task115,16.676634,4119,4042,77,34,5064,3,3,v4_plus10_compiler2_unique,lb-verified-current-anchor,,"current_best_6122,nadeem_6252,candidate_v4,biohack44_6113,biohack44_6067,konbu17_v36,octaviograu_6154,massimiliano_eda111,octavi_6042,haoranran_6100,afr1ste_5689,biohack44_super,biohack44_6080",16.676634,4119,candidate_v4_plus10_compiler2_score_n3,76,reduce,reduce,"train=3;test=1;out_smaller,color_subset,color_superset,color_same,reduce",in 9-14x7-16 -> out 1-4x1-3; pal 6->6,,not_run,passed=0 failed=0 skipped=0 total=0 reports=0 counted=0,,,,Route to family DSL/compiler search; record any exact rule.,0
task116,21.598803,30,0,30,1,479,3,3,candidate_v4,lb-verified-v4-anchor,afr1ste_5689;biohack44_6067;biohack44_6080;biohack44_6113;biohack44_super;candidate_v2;candidate_v4;current_best_6122;haoranran_6100;konbu17_v36;massimiliano_eda111;nadeem_6252;octavi_6042;octaviograu_6154,"current_best_6122,nadeem_6252,candidate_v4,biohack44_6113,biohack44_6067,konbu17_v36,octaviograu_6154,massimiliano_eda111,octavi_6042,haoranran_6100,afr1ste_5689,biohack44_super,biohack44_6080",21.598803,30,afr1ste_5689_score_n3,76,tiling,tiling,"train=4;test=1;tile,out_larger,color_subset,color_superset,color_same",in 3-3x4-4 -> out 6-6x4-4; pal 5->5,matches_cherrypick_unsafe_public,not_run,passed=0 failed=0 skipped=0 total=0 reports=0 counted=0,,,,Require semantic proof and pseudo-hidden audit; no raw public-source swap.,10
task117,15.219584,17684,17527,157,74,10250,3,3,v4_plus10_compiler2_unique,lb-verified-current-anchor,,"current_best_6122,candidate_v4",15.219584,17684,candidate_v4_plus10_compiler2_score_n3,76,symmetry/flip/rotate,symmetry/flip/rotate,"train=3;test=1;shape_preserving,color_subset,color_superset,color_same,symmetry_candidate",in 12-14x12-14 -> out 12-14x12-14; pal 6->6,,not_run,passed=0 failed=0 skipped=0 total=0 reports=0 counted=0,,,,Route to family DSL/compiler search; record any exact rule.,1
task118,13.336553,116244,116104,140,64,6545,3,3,candidate_v4,lb-verified-v4-anchor,candidate_v4,nadeem_6252,13.979847,61093,blend_v360_score,76,other,other,"train=4;test=1;shape_preserving,color_superset",in 11-20x12-22 -> out 11-20x12-22; pal 3->4,public_overfit_risk;cost_monster_top30;low_score_bottom30,not_run,passed=0 failed=0 skipped=0 total=0 reports=0 counted=0,,,,"Open semantic-factory pass: inspect examples, write prototype, then stress-test.",63
task119,15.280435,16640,16539,101,140,8400,3,3,candidate_v4,lb-verified-v4-anchor,candidate_v2;candidate_v4;nadeem_6252,"nadeem_6252,candidate_v4",15.280435,16640,candidate_nadeem6252_plus_ours_38_score_n3,76,other,other,"train=3;test=1;shape_preserving,color_superset",in 12-12x12-12 -> out 12-12x12-12; pal 3->4,,not_run,passed=0 failed=0 skipped=0 total=0 reports=0 counted=0,,,,Defer; revisit through family-level compiler rewrites or new public evidence.,1
task120,18.186555,910,0,910,1,3836,3,3,candidate_v4,lb-verified-v4-anchor,afr1ste_5689;biohack44_6067;biohack44_6080;biohack44_6113;biohack44_super;candidate_v2;candidate_v4;current_best_6122;haoranran_6100;massimiliano_eda111;nadeem_6252;octavi_6042;octaviograu_6154,"current_best_6122,nadeem_6252,candidate_v4,biohack44_6113,biohack44_6067,octaviograu_6154,massimiliano_eda111,octavi_6042,haoranran_6100,afr1ste_5689,biohack44_super,biohack44_6080",18.186555,910,afr1ste_5689_score_n3,76,other,other,"train=3;test=1;shape_preserving,color_superset",in 12-13x11-15 -> out 12-13x11-15; pal 4->5,matches_cherrypick_unsafe_public,not_run,passed=0 failed=0 skipped=0 total=0 reports=0 counted=0,,,,Require semantic proof and pseudo-hidden audit; no raw public-source swap.,10
task121,16.215838,6530,6484,46,24,3339,3,3,candidate_v4,lb-verified-v4-anchor,afr1ste_5689;biohack44_6067;biohack44_6080;biohack44_6113;biohack44_super;candidate_v2;candidate_v4;current_best_6122;haoranran_6100;massimiliano_eda111;nadeem_6252;octavi_6042;octaviograu_6154,"current_best_6122,nadeem_6252,candidate_v4,biohack44_6113,biohack44_6067,octaviograu_6154,massimiliano_eda111,octavi_6042,haoranran_6100,afr1ste_5689,biohack44_super,biohack44_6080",16.215838,6530,afr1ste_5689_score_n3,76,reduce,reduce,"train=3;test=1;out_smaller,color_subset,reduce",in 13-13x13-13 -> out 3-3x3-3; pal 7->4,matches_cherrypick_unsafe_public,not_run,passed=0 failed=0 skipped=0 total=0 reports=0 counted=0,,,,Require semantic proof and pseudo-hidden audit; no raw public-source swap.,10
task122,17.171962,2510,0,2510,1,10236,3,3,candidate_v4,lb-verified-v4-anchor,afr1ste_5689;biohack44_6067;biohack44_6080;biohack44_6113;biohack44_super;candidate_v2;candidate_v4;current_best_6122;haoranran_6100;massimiliano_eda111;nadeem_6252;octavi_6042;octaviograu_6154,"current_best_6122,nadeem_6252,candidate_v4,biohack44_6113,biohack44_6067,octaviograu_6154,massimiliano_eda111,octavi_6042,haoranran_6100,afr1ste_5689,biohack44_super,biohack44_6080",17.171962,2510,afr1ste_5689_score_n3,76,symmetry/flip/rotate,symmetry/flip/rotate,"train=3;test=1;shape_preserving,color_subset,color_superset,color_same,symmetry_candidate",in 7-13x7-13 -> out 7-13x7-13; pal 3->3,matches_cherrypick_unsafe_public,not_run,passed=0 failed=0 skipped=0 total=0 reports=0 counted=0,,,,Require semantic proof and pseudo-hidden audit; no raw public-source swap.,10
task123,16.680283,4104,3155,949,17,8805,3,3,candidate_v4,lb-verified-v4-anchor,afr1ste_5689;biohack44_6080;biohack44_6113;candidate_v2;candidate_v4;current_best_6122;massimiliano_eda111,"current_best_6122,candidate_v4,biohack44_6113,massimiliano_eda111,afr1ste_5689,biohack44_6080",16.680283,4104,afr1ste_5689_score_n3,76,tiling,tiling,"train=3;test=1;tile,out_larger,color_subset",in 5-5x5-5 -> out 10-10x10-10; pal 6->5,,not_run,passed=0 failed=0 skipped=0 total=0 reports=0 counted=0,,,,Route to family DSL/compiler search; record any exact rule.,0
task124,15.705962,10873,10520,353,52,5397,3,3,candidate_v4,lb-verified-v4-anchor,candidate_v2;candidate_v4;current_best_6122,"current_best_6122,candidate_v4",15.705962,10873,candidate_bio_t200_t084_score_n3,76,expand,expand,"train=3;test=2;out_larger,color_subset,color_superset,color_same,expand",in 5-8x10-10 -> out 10-10x10-10; pal 4->4,,not_run,passed=0 failed=0 skipped=0 total=0 reports=0 counted=0,,,,Defer; revisit through family-level compiler rewrites or new public evidence.,0
task125,15.495722,13417,13170,247,28,3032,3,3,candidate_v4,lb-verified-v4-anchor,afr1ste_5689;biohack44_6067;biohack44_6080;biohack44_6113;biohack44_super;candidate_v2;candidate_v4;current_best_6122;haoranran_6100;massimiliano_eda111;nadeem_6252;octavi_6042;octaviograu_6154,"current_best_6122,nadeem_6252,candidate_v4,biohack44_6113,biohack44_6067,octaviograu_6154,massimiliano_eda111,octavi_6042,haoranran_6100,afr1ste_5689,biohack44_super,biohack44_6080",15.495722,13417,afr1ste_5689_score_n3,76,other,other,"train=2;test=1;shape_preserving,color_superset",in 15-15x15-15 -> out 15-15x15-15; pal 2->4,matches_cherrypick_unsafe_public,not_run,passed=0 failed=0 skipped=0 total=0 reports=0 counted=0,,,,Require semantic proof and pseudo-hidden audit; no raw public-source swap.,11
task126,13.636840,86091,86044,47,29,2765,3,3,candidate_v4,lb-verified-v4-anchor,afr1ste_5689;biohack44_6067;biohack44_6080;biohack44_6113;biohack44_super;candidate_v2;candidate_v4;current_best_6122;haoranran_6100;massimiliano_eda111;nadeem_6252;octavi_6042;octaviograu_6154,"current_best_6122,nadeem_6252,candidate_v4,biohack44_6113,biohack44_6067,octaviograu_6154,massimiliano_eda111,octavi_6042,haoranran_6100,afr1ste_5689,biohack44_super,biohack44_6080",13.636840,86091,afr1ste_5689_score_n3,76,other,other,"train=3;test=1;shape_preserving,color_superset",in 5-8x5-8 -> out 5-8x5-8; pal 4->5,matches_cherrypick_unsafe_public,not_run,passed=0 failed=0 skipped=0 total=0 reports=0 counted=0,,,,Require semantic proof and pseudo-hidden audit; no raw public-source swap.,17
task127,18.197605,900,0,900,1,3772,3,3,candidate_v4,lb-verified-v4-anchor,afr1ste_5689;biohack44_6067;biohack44_6080;biohack44_6113;biohack44_super;candidate_v2;candidate_v4;current_best_6122;haoranran_6100;konbu17_v36;massimiliano_eda111;nadeem_6252;octavi_6042;octaviograu_6154,"current_best_6122,nadeem_6252,candidate_v4,biohack44_6113,biohack44_6067,konbu17_v36,octaviograu_6154,massimiliano_eda111,octavi_6042,haoranran_6100,afr1ste_5689,biohack44_super,biohack44_6080",18.197605,900,afr1ste_5689_score_n3,76,color_fill,color_fill,"train=4;test=1;shape_preserving,color_fill",in 3-7x11-11 -> out 3-7x11-11; pal 6->5,matches_cherrypick_unsafe_public,not_run,passed=0 failed=0 skipped=0 total=0 reports=0 counted=0,,,,Require semantic proof and pseudo-hidden audit; no raw public-source swap.,10
task128,13.538115,95024,94940,84,28,3217,3,3,v4_plus10_compiler2_unique,lb-verified-current-anchor,,"current_best_6122,nadeem_6252,candidate_v4,biohack44_6113,biohack44_6067,octaviograu_6154,massimiliano_eda111,octavi_6042,haoranran_6100,afr1ste_5689,biohack44_super,biohack44_6080",13.538115,95024,candidate_v4_plus10_compiler2_score_n3,76,symmetry/flip/rotate,symmetry/flip/rotate,"train=3;test=1;shape_preserving,color_subset,color_superset,color_same,symmetry_candidate",in 15-15x15-15 -> out 15-15x15-15; pal 4->4,,not_run,passed=0 failed=0 skipped=0 total=0 reports=0 counted=0,,,,Route to family DSL/compiler search; record any exact rule.,7
task129,18.293138,818,788,30,8,1048,3,3,candidate_v4,lb-verified-v4-anchor,candidate_v2;candidate_v4;current_best_6122,"current_best_6122,candidate_v4",18.306676,807,afr1ste_5689_score_n3,76,covered_or_unclassified,covered_or_unclassified,covered_by_existing_dsl_or_missing_feature_report,in 3-3x3-3 -> out 3-3x3-3; pal 6->1,,not_run,passed=0 failed=0 skipped=0 total=0 reports=0 counted=0,,,,Defer; revisit through family-level compiler rewrites or new public evidence.,0
task130,15.322911,15948,15840,108,10,1293,3,3,candidate_v4,lb-verified-v4-anchor,afr1ste_5689;biohack44_6067;biohack44_6080;biohack44_6113;biohack44_super;candidate_v2;candidate_v4;current_best_6122;haoranran_6100;massimiliano_eda111;nadeem_6252;octavi_6042;octaviograu_6154,"current_best_6122,nadeem_6252,candidate_v4,biohack44_6113,biohack44_6067,octaviograu_6154,massimiliano_eda111,octavi_6042,haoranran_6100,afr1ste_5689,biohack44_super,biohack44_6080",15.322911,15948,afr1ste_5689_score_n3,76,reduce,reduce,"train=2;test=1;out_smaller,color_subset,reduce",in 9-9x9-9 -> out 3-3x3-3; pal 8->7,matches_cherrypick_unsafe_public,not_run,passed=0 failed=0 skipped=0 total=0 reports=0 counted=0,,,,Require semantic proof and pseudo-hidden audit; no raw public-source swap.,11
task131,14.295633,44550,43599,951,103,7860,3,3,candidate_v4,lb-verified-v4-anchor,afr1ste_5689;biohack44_6080;biohack44_6113;candidate_v2;candidate_v4;current_best_6122;massimiliano_eda111;nadeem_6252,"current_best_6122,nadeem_6252,candidate_v4,biohack44_6113,massimiliano_eda111,afr1ste_5689,biohack44_6080",14.295633,44550,afr1ste_5689_score_n3,76,other,other,"train=3;test=1;shape_preserving,color_superset",in 4-17x5-16 -> out 4-17x5-16; pal 3->4,,not_run,passed=0 failed=0 skipped=0 total=0 reports=0 counted=0,,,,Defer; revisit through family-level compiler rewrites or new public evidence.,5
task132,14.709279,29458,29394,64,38,2585,3,3,candidate_v4,lb-verified-v4-anchor,afr1ste_5689;biohack44_6080;biohack44_6113;candidate_v2;candidate_v4;current_best_6122;massimiliano_eda111;nadeem_6252,"current_best_6122,nadeem_6252,candidate_v4,biohack44_6113,massimiliano_eda111,afr1ste_5689,biohack44_6080",14.709279,29458,afr1ste_5689_score_n3,76,symmetry/flip/rotate,symmetry/flip/rotate,"train=4;test=1;shape_preserving,color_subset,color_superset,color_same,symmetry_candidate",in 6-10x8-11 -> out 6-10x8-11; pal 6->6,,not_run,passed=0 failed=0 skipped=0 total=0 reports=0 counted=0,,,,Route to family DSL/compiler search; record any exact rule.,3
task133,12.810667,196680,196254,426,121,9860,3,3,candidate_v4,lb-verified-v4-anchor,candidate_v4,nadeem_6252,12.824784,193923,blend_v360_score,76,symmetry/flip/rotate,symmetry/flip/rotate,"train=4;test=1;shape_preserving,color_subset,color_superset,color_same,symmetry_candidate",in 15-17x12-18 -> out 15-17x12-18; pal 7->7,public_bottom15;public_big_gap;cost_monster_top30;low_score_bottom30,stress_mixed,passed=4062 failed=1293 skipped=252 total=5607 reports=4 counted=2,prototype_task133_v2.py,,task133_semantic_v2.md;task133_v2_anchor_pseudo_hidden.csv;task133_v2_anchor_pseudo_hidden_summary.json;task133_v2_components.csv;task133_v2_eval.csv;task133_v2_leave_one_out.csv;task133_v2_pseudo_hidden.csv;task133_v2_pseudo_hidden_summary.json;task133_v2_stats.json;task133_v2_summary.csv,Revise semantic prototype; do not stage until pseudo-hidden is clean.,135
task134,15.576162,12380,12300,80,75,7045,3,3,v4_plus10_compiler2_unique,lb-verified-current-anchor,,"nadeem_6252,candidate_v4,afr1ste_5689",15.576162,12380,candidate_v4_plus10_compiler2_score_n3,76,reduce,reduce,"train=3;test=1;out_smaller,color_subset,reduce",in 20-24x23-24 -> out 3-3x3-3; pal 7->4,,not_run,passed=0 failed=0 skipped=0 total=0 reports=0 counted=0,,,,Route to family DSL/compiler search; record any exact rule.,0
task135,19.113896,360,360,0,2,251,3,3,nadeem_6252,public-anchor-candidate,candidate_v2;nadeem_6252,nadeem_6252,19.113896,360,candidate_nadeem6252_plus_ours_38_score_n3,76,crop,crop,"train=4;test=1;crop,out_smaller,color_subset",in 9-9x9-9 -> out 3-3x3-3; pal 10->9,,not_run,passed=0 failed=0 skipped=0 total=0 reports=0 counted=0,,,,Route to family DSL/compiler search; record any exact rule.,0
task136,16.515950,4837,4700,137,25,2845,3,3,candidate_v4,lb-verified-v4-anchor,candidate_v2;candidate_v4;nadeem_6252,"nadeem_6252,candidate_v4",16.515950,4837,candidate_nadeem6252_plus_ours_38_score_n3,76,symmetry/flip/rotate,symmetry/flip/rotate,"train=3;test=1;shape_preserving,color_subset,color_superset,color_same,symmetry_candidate",in 10-10x10-10 -> out 10-10x10-10; pal 3->3,,not_run,passed=0 failed=0 skipped=0 total=0 reports=0 counted=0,,,,Route to family DSL/compiler search; record any exact rule.,0
task137,14.031216,58034,57068,966,36,3852,3,3,candidate_v4,lb-verified-v4-anchor,candidate_v2;candidate_v4;current_best_6122,"current_best_6122,candidate_v4",14.031216,58034,candidate_bio_t200_t084_score_n3,76,symmetry/flip/rotate,symmetry/flip/rotate,"train=3;test=1;shape_preserving,color_subset,color_superset,color_same,symmetry_candidate",in 23-23x23-23 -> out 23-23x23-23; pal 4->4,,not_run,passed=0 failed=0 skipped=0 total=0 reports=0 counted=0,,,,Route to family DSL/compiler search; record any exact rule.,6
task138,14.418504,39399,39274,125,93,5486,3,3,v4_plus10_compiler2_unique,lb-verified-current-anchor,,nadeem_6252,14.418504,39399,candidate_v4_plus10_compiler2_score_n3,76,reduce,reduce,"train=3;test=1;out_smaller,color_subset,color_superset,color_same,reduce",in 12-22x12-22 -> out 6-15x8-12; pal 7->7,v4_plus10_changed,not_run,passed=0 failed=0 skipped=0 total=0 reports=0 counted=0,,,,Route to family DSL/compiler search; record any exact rule.,4
task139,16.803012,3630,3456,174,33,3865,3,3,candidate_v4,lb-verified-v4-anchor,afr1ste_5689;biohack44_6067;biohack44_6080;biohack44_6113;biohack44_super;candidate_v2;candidate_v4;current_best_6122;haoranran_6100;massimiliano_eda111;nadeem_6252;octavi_6042;octaviograu_6154,"current_best_6122,nadeem_6252,candidate_v4,biohack44_6113,biohack44_6067,octaviograu_6154,massimiliano_eda111,octavi_6042,haoranran_6100,afr1ste_5689,biohack44_super,biohack44_6080",16.803012,3630,afr1ste_5689_score_n3,76,other,other,"train=2;test=1;shape_preserving,color_superset",in 9-9x9-9 -> out 9-9x9-9; pal 2->3,matches_cherrypick_unsafe_public,not_run,passed=0 failed=0 skipped=0 total=0 reports=0 counted=0,,,,Require semantic proof and pseudo-hidden audit; no raw public-source swap.,10
task140,19.091917,368,360,8,2,394,3,3,nadeem_6252,public-anchor-candidate,candidate_v2;nadeem_6252,nadeem_6252,19.091917,368,candidate_nadeem6252_plus_ours_38_score_n3,76,covered_or_unclassified,covered_or_unclassified,covered_by_existing_dsl_or_missing_feature_report,in 3-3x3-3 -> out 3-3x3-3; pal 6->6,,not_run,passed=0 failed=0 skipped=0 total=0 reports=0 counted=0,,,,Defer; revisit through family-level compiler rewrites or new public evidence.,0
task141,15.331033,15819,15750,69,21,2345,3,3,candidate_v4,lb-verified-v4-anchor,afr1ste_5689;biohack44_6067;biohack44_6080;biohack44_6113;biohack44_super;candidate_v2;candidate_v4;current_best_6122;haoranran_6100;massimiliano_eda111;nadeem_6252;octavi_6042;octaviograu_6154,"current_best_6122,nadeem_6252,candidate_v4,biohack44_6113,biohack44_6067,octaviograu_6154,massimiliano_eda111,octavi_6042,haoranran_6100,afr1ste_5689,biohack44_super,biohack44_6080",15.331033,15819,afr1ste_5689_score_n3,76,symmetry/flip/rotate,symmetry/flip/rotate,"train=3;test=1;shape_preserving,color_subset,color_superset,color_same,symmetry_candidate",in 7-15x7-15 -> out 7-15x7-15; pal 4->4,matches_cherrypick_unsafe_public,not_run,passed=0 failed=0 skipped=0 total=0 reports=0 counted=0,,,,Require semantic proof and pseudo-hidden audit; no raw public-source swap.,11
task142,17.504458,1800,0,1800,1,7454,3,3,candidate_v4,lb-verified-v4-anchor,afr1ste_5689;biohack44_6067;biohack44_6080;biohack44_6113;biohack44_super;candidate_v2;candidate_v4;current_best_6122;haoranran_6100;massimiliano_eda111;nadeem_6252;octavi_6042;octaviograu_6154,"current_best_6122,nadeem_6252,candidate_v4,biohack44_6113,biohack44_6067,octaviograu_6154,massimiliano_eda111,octavi_6042,haoranran_6100,afr1ste_5689,biohack44_super,biohack44_6080",17.504458,1800,afr1ste_5689_score_n3,76,tiling,tiling,"train=3;test=1;tile,out_larger,color_subset,color_superset,color_same",in 3-3x3-3 -> out 6-6x6-6; pal 4->4,matches_cherrypick_unsafe_public,not_run,passed=0 failed=0 skipped=0 total=0 reports=0 counted=0,,,,Require semantic proof and pseudo-hidden audit; no raw public-source swap.,10
task143,15.124860,19441,19384,57,24,2144,3,3,candidate_v4,lb-verified-v4-anchor,afr1ste_5689;biohack44_6080;biohack44_6113;candidate_v2;candidate_v4;current_best_6122;massimiliano_eda111;nadeem_6252,"current_best_6122,nadeem_6252,candidate_v4,biohack44_6113,massimiliano_eda111,afr1ste_5689,biohack44_6080",15.124860,19441,afr1ste_5689_score_n3,76,color_remap,color_remap,"train=3;test=1;shape_preserving,color_subset,color_remap",in 10-10x10-10 -> out 10-10x10-10; pal 9->8,,not_run,passed=0 failed=0 skipped=0 total=0 reports=0 counted=0,,,,Route to family DSL/compiler search; record any exact rule.,2
task144,18.352312,771,736,35,13,1320,3,3,v4_plus10_compiler2_unique,lb-verified-current-anchor,,"current_best_6122,nadeem_6252,candidate_v4,biohack44_6113,massimiliano_eda111,afr1ste_5689,biohack44_6080",18.352312,771,candidate_v4_plus10_compiler2_score_n3,76,reduce,reduce,"train=4;test=1;out_smaller,reduce",in 9-9x4-4 -> out 4-4x4-4; pal 4->2,,not_run,passed=0 failed=0 skipped=0 total=0 reports=0 counted=0,,,,Route to family DSL/compiler search; record any exact rule.,0
task145,13.796907,73357,72424,933,325,31434,3,3,candidate_v4,lb-verified-v4-anchor,biohack44_6067;biohack44_6080;biohack44_6113;biohack44_super;candidate_v2;candidate_v4;current_best_6122;haoranran_6100;massimiliano_eda111;nadeem_6252;octavi_6042;octaviograu_6154,"current_best_6122,nadeem_6252,candidate_v4,biohack44_6113,biohack44_6067,octaviograu_6154,massimiliano_eda111,octavi_6042,haoranran_6100,biohack44_super,biohack44_6080",13.847227,69757,afr1ste_5689_score_n3,76,other,other,"train=4;test=1;shape_preserving,color_superset",in 11-18x13-16 -> out 11-18x13-16; pal 2->4,public_bottom15;matches_cherrypick_unsafe_public,not_run,passed=0 failed=0 skipped=0 total=0 reports=0 counted=0,,,,Require semantic proof and pseudo-hidden audit; no raw public-source swap.,46
task146,17.278651,2256,2232,24,29,1894,3,3,candidate_v4,lb-verified-v4-anchor,afr1ste_5689;biohack44_6067;biohack44_6080;biohack44_super;candidate_v2;candidate_v4;current_best_6122;nadeem_6252;octaviograu_6154,"current_best_6122,nadeem_6252,candidate_v4,biohack44_6067,octaviograu_6154,afr1ste_5689,biohack44_super,biohack44_6080",17.278651,2256,afr1ste_5689_score_n3,76,reduce,reduce,"train=4;test=1;out_smaller,color_subset,reduce",in 9-9x3-3 -> out 3-3x3-3; pal 9->5,matches_cherrypick_unsafe_public,not_run,passed=0 failed=0 skipped=0 total=0 reports=0 counted=0,,,,Require semantic proof and pseudo-hidden audit; no raw public-source swap.,10
task147,18.186555,910,0,910,1,3825,3,3,candidate_v4,lb-verified-v4-anchor,afr1ste_5689;biohack44_6067;biohack44_6080;biohack44_6113;biohack44_super;candidate_v2;candidate_v4;current_best_6122;haoranran_6100;massimiliano_eda111;nadeem_6252;octavi_6042;octaviograu_6154,"current_best_6122,nadeem_6252,candidate_v4,biohack44_6113,biohack44_6067,octaviograu_6154,massimiliano_eda111,octavi_6042,haoranran_6100,afr1ste_5689,biohack44_super,biohack44_6080",18.186555,910,afr1ste_5689_score_n3,76,other,other,"train=4;test=1;shape_preserving,color_superset",in 3-5x3-6 -> out 3-5x3-6; pal 2->3,matches_cherrypick_unsafe_public,not_run,passed=0 failed=0 skipped=0 total=0 reports=0 counted=0,,,,Require semantic proof and pseudo-hidden audit; no raw public-source swap.,10
task148,14.999885,22029,21676,353,110,6750,3,3,candidate_v4,lb-verified-v4-anchor,afr1ste_5689;biohack44_6080;biohack44_6113;candidate_v2;candidate_v4;current_best_6122;massimiliano_eda111;nadeem_6252,"current_best_6122,nadeem_6252,candidate_v4,biohack44_6113,massimiliano_eda111,afr1ste_5689,biohack44_6080",14.999885,22029,afr1ste_5689_score_n3,76,other,other,"train=3;test=1;shape_preserving,color_superset",in 19-20x8-10 -> out 19-20x8-10; pal 3->4,,not_run,passed=0 failed=0 skipped=0 total=0 reports=0 counted=0,,,,Defer; revisit through family-level compiler rewrites or new public evidence.,2
task149,19.858336,171,72,99,5,1001,3,3,v4_plus10_compiler2_unique,lb-verified-current-anchor,,"current_best_6122,nadeem_6252,candidate_v4,biohack44_6113,biohack44_6067,octaviograu_6154,massimiliano_eda111,octavi_6042,haoranran_6100,afr1ste_5689,biohack44_super,biohack44_6080",19.858336,171,candidate_v4_plus10_compiler2_score_n3,76,reduce,reduce,"train=4;test=1;out_smaller,reduce",in 11-11x11-11 -> out 3-3x3-3; pal 3->2,,not_run,passed=0 failed=0 skipped=0 total=0 reports=0 counted=0,,build_task149_sparse_fused.py,task149_bool_fusion.md,Run or extend pseudo-hidden audit before using the builder.,5
task150,18.276168,832,800,32,10,1657,3,3,v4_plus10_compiler2_unique,lb-verified-current-anchor,,"nadeem_6252,octaviograu_6154,biohack44_super",18.276168,832,candidate_v4_plus10_compiler2_score_n3,76,covered_or_unclassified,covered_or_unclassified,covered_by_existing_dsl_or_missing_feature_report,in 3-7x3-7 -> out 3-7x3-7; pal 4->4,,not_run,passed=0 failed=0 skipped=0 total=0 reports=0 counted=0,,,,Defer; revisit through family-level compiler rewrites or new public evidence.,0
task151,18.186555,910,0,910,1,3880,3,3,candidate_v4,lb-verified-v4-anchor,afr1ste_5689;biohack44_6080;biohack44_6113;candidate_v2;candidate_v4;current_best_6122;massimiliano_eda111;nadeem_6252,"current_best_6122,nadeem_6252,candidate_v4,biohack44_6113,massimiliano_eda111,afr1ste_5689,biohack44_6080",18.186555,910,afr1ste_5689_score_n3,76,other,other,"train=3;test=1;shape_preserving,color_superset",in 4-8x4-8 -> out 4-8x4-8; pal 7->8,,not_run,passed=0 failed=0 skipped=0 total=0 reports=0 counted=0,,,,Defer; revisit through family-level compiler rewrites or new public evidence.,0
task152,17.504458,1800,0,1800,1,7454,3,3,candidate_v4,lb-verified-v4-anchor,afr1ste_5689;biohack44_6067;biohack44_6080;biohack44_6113;biohack44_super;candidate_v2;candidate_v4;current_best_6122;haoranran_6100;massimiliano_eda111;nadeem_6252;octavi_6042;octaviograu_6154,"current_best_6122,nadeem_6252,candidate_v4,biohack44_6113,biohack44_6067,octaviograu_6154,massimiliano_eda111,octavi_6042,haoranran_6100,afr1ste_5689,biohack44_super,biohack44_6080",17.504458,1800,afr1ste_5689_score_n3,76,tiling,tiling,"train=4;test=1;tile,out_larger,color_subset,color_superset,color_same",in 3-3x3-3 -> out 6-6x6-6; pal 8->8,matches_cherrypick_unsafe_public,not_run,passed=0 failed=0 skipped=0 total=0 reports=0 counted=0,,,,Require semantic proof and pseudo-hidden audit; no raw public-source swap.,10
task153,15.018718,21618,20916,702,103,11982,3,3,candidate_v4,lb-verified-v4-anchor,candidate_v4,nadeem_6252,15.649898,11500,blend_v360_score,76,reduce,reduce,"train=3;test=1;out_smaller,color_subset,reduce",in 10-10x10-10 -> out 3-3x3-3; pal 6->5,,not_run,passed=0 failed=0 skipped=0 total=0 reports=0 counted=0,,build_task153.py,,Run or extend pseudo-hidden audit before using the builder.,7
task154,14.322200,43382,42392,990,44,7883,3,3,candidate_v4,lb-verified-v4-anchor,candidate_v4,"nadeem_6252,octaviograu_6154,biohack44_super",14.322200,43382,candidate_nadeem6252_plus_ours_v3_score_n3,76,symmetry/flip/rotate,symmetry/flip/rotate,"train=3;test=1;shape_preserving,color_subset,color_superset,color_same,symmetry_candidate",in 15-15x15-15 -> out 15-15x15-15; pal 3->3,,not_run,passed=0 failed=0 skipped=0 total=0 reports=0 counted=0,,,,Route to family DSL/compiler search; record any exact rule.,5
task155,18.276168,832,800,32,10,1657,3,3,v4_plus10_compiler2_unique,lb-verified-current-anchor,,"nadeem_6252,octaviograu_6154,biohack44_super",18.276168,832,candidate_v4_plus10_compiler2_score_n3,76,covered_or_unclassified,covered_or_unclassified,covered_by_existing_dsl_or_missing_feature_report,in 5-7x5-7 -> out 5-7x5-7; pal 6->6,,not_run,passed=0 failed=0 skipped=0 total=0 reports=0 counted=0,,,,Defer; revisit through family-level compiler rewrites or new public evidence.,0
task156,14.824541,26251,24352,1899,371,48746,3,3,v4_plus10_compiler2_unique,lb-verified-current-anchor,,"nadeem_6252,octaviograu_6154,biohack44_super",14.824541,26251,candidate_v4_plus10_compiler2_score_n3,76,other,other,"train=2;test=1;shape_preserving,color_superset",in 10-10x10-10 -> out 10-10x10-10; pal 2->4,,not_run,passed=0 failed=0 skipped=0 total=0 reports=0 counted=0,,,,Defer; revisit through family-level compiler rewrites or new public evidence.,3
task157,13.773251,75113,74312,801,2422,204564,3,3,candidate_v4,lb-verified-v4-anchor,candidate_v4,nadeem_6252,13.773251,75113,candidate_nadeem6252_plus_ours_v4_score_n3,76,color_fill,color_fill,"train=2;test=1;shape_preserving,color_fill",in 10-10x15-15 -> out 10-10x15-15; pal 3->3,,not_run,passed=0 failed=0 skipped=0 total=0 reports=0 counted=0,,,,Route to family DSL/compiler search; record any exact rule.,7
task158,12.838381,191304,190938,366,253,21962,3,3,candidate_v4,lb-verified-v4-anchor,candidate_v4,nadeem_6252,12.883972,182778,blend_v360_score,76,symmetry/flip/rotate,symmetry/flip/rotate,"train=3;test=1;shape_preserving,color_subset,color_superset,color_same,symmetry_candidate",in 20-21x19-22 -> out 20-21x19-22; pal 6->6,public_bottom15;cost_monster_top30;low_score_bottom30,not_run,passed=0 failed=0 skipped=0 total=0 reports=0 counted=0,,,,"Open semantic-factory pass: inspect examples, write prototype, then stress-test.",80
task159,13.597995,89501,85396,4105,57,12966,3,3,candidate_v4,lb-verified-v4-anchor,afr1ste_5689;biohack44_6067;biohack44_6080;biohack44_6113;biohack44_super;candidate_v2;candidate_v4;current_best_6122;haoranran_6100;massimiliano_eda111;nadeem_6252;octavi_6042;octaviograu_6154,"current_best_6122,nadeem_6252,candidate_v4,biohack44_6113,biohack44_6067,octaviograu_6154,massimiliano_eda111,octavi_6042,haoranran_6100,afr1ste_5689,biohack44_super,biohack44_6080",13.597995,89501,afr1ste_5689_score_n3,76,reduce,reduce,"train=3;test=1;out_smaller,color_subset,color_superset,color_same,reduce",in 18-21x21-24 -> out 5-11x5-11; pal 5->5,matches_cherrypick_unsafe_public,not_run,passed=0 failed=0 skipped=0 total=0 reports=0 counted=0,,,,Require semantic proof and pseudo-hidden audit; no raw public-source swap.,17
task160,16.569237,4586,4520,66,19,2189,3,3,candidate_v4,lb-verified-v4-anchor,biohack44_super;candidate_v2;candidate_v4;nadeem_6252;octaviograu_6154,"nadeem_6252,candidate_v4,octaviograu_6154,biohack44_super",16.569237,4586,biohack44_super_score_n3,76,other,other,"train=2;test=1;shape_preserving,color_superset",in 10-10x10-10 -> out 10-10x10-10; pal 2->3,matches_cherrypick_unsafe_public,not_run,passed=0 failed=0 skipped=0 total=0 reports=0 counted=0,,,,Require semantic proof and pseudo-hidden audit; no raw public-source swap.,10
task161,13.923427,64639,64611,28,39,4323,3,3,candidate_v4,lb-verified-v4-anchor,candidate_v4,nadeem_6252,13.923427,64639,candidate_nadeem6252_plus_ours_v3_score_n3,76,color_remap,color_remap,"train=3;test=1;shape_preserving,color_subset,color_remap",in 11-15x17-22 -> out 11-15x17-22; pal 7->4,,not_run,passed=0 failed=0 skipped=0 total=0 reports=0 counted=0,,,,Route to family DSL/compiler search; record any exact rule.,6
task162,13.944502,63291,63248,43,19,2268,3,3,candidate_v4,lb-verified-v4-anchor,afr1ste_5689;biohack44_6067;biohack44_6080;biohack44_6113;biohack44_super;candidate_v2;candidate_v4;current_best_6122;haoranran_6100;massimiliano_eda111;nadeem_6252;octavi_6042;octaviograu_6154,"current_best_6122,nadeem_6252,candidate_v4,biohack44_6113,biohack44_6067,octaviograu_6154,massimiliano_eda111,octavi_6042,haoranran_6100,afr1ste_5689,biohack44_super,biohack44_6080",13.944502,63291,afr1ste_5689_score_n3,76,other,other,"train=3;test=1;shape_preserving,color_superset",in 20-20x20-20 -> out 20-20x20-20; pal 4->5,matches_cherrypick_unsafe_public,not_run,passed=0 failed=0 skipped=0 total=0 reports=0 counted=0,,,,Require semantic proof and pseudo-hidden audit; no raw public-source swap.,16
task163,14.916318,23949,22294,1655,68,10270,3,3,candidate_v4,lb-verified-v4-anchor,candidate_v2;candidate_v4;current_best_6122,"current_best_6122,candidate_v4",14.916318,23949,candidate_bio_t200_t084_score_n3,76,color_remap,color_remap,"train=4;test=1;shape_preserving,color_subset,color_remap",in 11-11x11-11 -> out 11-11x11-11; pal 10->9,,not_run,passed=0 failed=0 skipped=0 total=0 reports=0 counted=0,,,,Route to family DSL/compiler search; record any exact rule.,3
task164,21.598803,30,0,30,1,479,3,3,candidate_v4,lb-verified-v4-anchor,afr1ste_5689;biohack44_6067;biohack44_6080;biohack44_6113;biohack44_super;candidate_v2;candidate_v4;current_best_6122;haoranran_6100;konbu17_v36;massimiliano_eda111;nadeem_6252;octavi_6042;octaviograu_6154,"current_best_6122,nadeem_6252,candidate_v4,biohack44_6113,biohack44_6067,konbu17_v36,octaviograu_6154,massimiliano_eda111,octavi_6042,haoranran_6100,afr1ste_5689,biohack44_super,biohack44_6080",21.598803,30,afr1ste_5689_score_n3,76,tiling,tiling,"train=4;test=1;tile,out_larger,color_subset,color_superset,color_same",in 3-3x3-3 -> out 3-3x6-6; pal 3->3,matches_cherrypick_unsafe_public,not_run,passed=0 failed=0 skipped=0 total=0 reports=0 counted=0,,,,Require semantic proof and pseudo-hidden audit; no raw public-source swap.,10
task165,13.879762,67524,66530,994,25,4910,3,3,candidate_v4,lb-verified-v4-anchor,afr1ste_5689;biohack44_6067;biohack44_6080;biohack44_6113;biohack44_super;candidate_v2;candidate_v4;current_best_6122;haoranran_6100;massimiliano_eda111;nadeem_6252;octavi_6042;octaviograu_6154,"current_best_6122,nadeem_6252,candidate_v4,biohack44_6113,biohack44_6067,octaviograu_6154,massimiliano_eda111,octavi_6042,haoranran_6100,afr1ste_5689,biohack44_super,biohack44_6080",13.879762,67524,afr1ste_5689_score_n3,76,symmetry/flip/rotate,symmetry/flip/rotate,"train=3;test=1;shape_preserving,color_subset,color_superset,color_same,symmetry_candidate",in 20-20x20-20 -> out 20-20x20-20; pal 7->7,matches_cherrypick_unsafe_public,not_run,passed=0 failed=0 skipped=0 total=0 reports=0 counted=0,,,,Require semantic proof and pseudo-hidden audit; no raw public-source swap.,16
task166,14.881845,24789,24752,37,11,1318,3,3,candidate_v4,lb-verified-v4-anchor,afr1ste_5689;biohack44_6080;biohack44_6113;candidate_v2;candidate_v4;current_best_6122;massimiliano_eda111;nadeem_6252,"current_best_6122,nadeem_6252,candidate_v4,biohack44_6113,massimiliano_eda111,afr1ste_5689,biohack44_6080",14.881845,24789,afr1ste_5689_score_n3,76,other,other,"train=3;test=1;shape_preserving,color_superset",in 7-14x8-10 -> out 7-14x8-10; pal 2->3,,not_run,passed=0 failed=0 skipped=0 total=0 reports=0 counted=0,,,,Defer; revisit through family-level compiler rewrites or new public evidence.,3
task167,18.470581,685,391,294,9,1673,3,3,candidate_v4,lb-verified-v4-anchor,afr1ste_5689;biohack44_6080;biohack44_6113;candidate_v2;candidate_v4;current_best_6122;massimiliano_eda111,"current_best_6122,candidate_v4,biohack44_6113,massimiliano_eda111,afr1ste_5689,biohack44_6080",18.470581,685,afr1ste_5689_score_n3,76,color_fill,color_fill,"train=5;test=1;shape_preserving,color_disjoint,color_fill",in 3-3x3-3 -> out 3-3x3-3; pal 3->2,,not_run,passed=0 failed=0 skipped=0 total=0 reports=0 counted=0,,,,Route to family DSL/compiler search; record any exact rule.,0
task168,15.076563,20403,20218,185,45,4620,3,3,nadeem_6252,public-anchor-candidate,candidate_v2;nadeem_6252,nadeem_6252,15.076563,20403,candidate_nadeem6252_plus_ours_38_score_n3,76,symmetry/flip/rotate,symmetry/flip/rotate,"train=2;test=1;shape_preserving,color_subset,color_superset,color_same,symmetry_candidate",in 10-10x10-10 -> out 10-10x10-10; pal 3->3,,not_run,passed=0 failed=0 skipped=0 total=0 reports=0 counted=0,,,,Route to family DSL/compiler search; record any exact rule.,2
task169,14.929770,23629,22973,656,168,20803,3,3,candidate_v4,lb-verified-v4-anchor,candidate_v2;candidate_v4;nadeem_6252,"nadeem_6252,candidate_v4",14.929770,23629,candidate_nadeem6252_plus_ours_38_score_n3,76,color_fill,color_fill,"train=3;test=1;shape_preserving,color_fill",in 10-10x10-10 -> out 10-10x10-10; pal 2->4,,not_run,passed=0 failed=0 skipped=0 total=0 reports=0 counted=0,,,,Route to family DSL/compiler search; record any exact rule.,2
task170,13.728331,78564,78315,249,681,50577,3,3,nadeem_6252,public-anchor-candidate,candidate_v2;nadeem_6252,nadeem_6252,13.728331,78564,candidate_nadeem6252_plus_ours_38_score_n3,76,reduce,reduce,"train=3;test=1;out_smaller,color_subset,reduce",in 22-27x21-25 -> out 3-4x3-4; pal 10->10,,not_run,passed=0 failed=0 skipped=0 total=0 reports=0 counted=0,,,,Route to family DSL/compiler search; record any exact rule.,7
task171,18.186555,910,0,910,1,3825,3,3,candidate_v4,lb-verified-v4-anchor,afr1ste_5689;biohack44_6067;biohack44_6080;biohack44_6113;biohack44_super;candidate_v2;candidate_v4;current_best_6122;haoranran_6100;massimiliano_eda111;nadeem_6252;octavi_6042;octaviograu_6154,"current_best_6122,nadeem_6252,candidate_v4,biohack44_6113,biohack44_6067,octaviograu_6154,massimiliano_eda111,octavi_6042,haoranran_6100,afr1ste_5689,biohack44_super,biohack44_6080",18.186555,910,afr1ste_5689_score_n3,76,other,other,"train=4;test=1;shape_preserving,color_superset",in 3-5x3-6 -> out 3-5x3-6; pal 1->2,matches_cherrypick_unsafe_public,not_run,passed=0 failed=0 skipped=0 total=0 reports=0 counted=0,,,,Require semantic proof and pseudo-hidden audit; no raw public-source swap.,10
task172,21.598803,30,0,30,1,479,3,3,candidate_v4,lb-verified-v4-anchor,afr1ste_5689;biohack44_6067;biohack44_6080;biohack44_6113;biohack44_super;candidate_v2;candidate_v4;current_best_6122;haoranran_6100;konbu17_v36;massimiliano_eda111;nadeem_6252;octavi_6042;octaviograu_6154,"current_best_6122,nadeem_6252,candidate_v4,biohack44_6113,biohack44_6067,konbu17_v36,octaviograu_6154,massimiliano_eda111,octavi_6042,haoranran_6100,afr1ste_5689,biohack44_super,biohack44_6080",21.598803,30,afr1ste_5689_score_n3,76,tiling,tiling,"train=4;test=1;tile,out_larger,color_subset,color_superset,color_same",in 3-3x3-3 -> out 6-6x3-3; pal 8->8,matches_cherrypick_unsafe_public,not_run,passed=0 failed=0 skipped=0 total=0 reports=0 counted=0,,,,Require semantic proof and pseudo-hidden audit; no raw public-source swap.,10
task173,12.926071,175243,175026,217,68,10061,3,3,nadeem_6252,public-anchor-candidate,biohack44_super;candidate_v2;nadeem_6252;octaviograu_6154,"nadeem_6252,octaviograu_6154,biohack44_super",12.926071,175243,biohack44_super_score_n3,76,symmetry/flip/rotate,symmetry/flip/rotate,"train=3;test=1;shape_preserving,color_subset,color_superset,color_same,symmetry_candidate",in 13-14x12-22 -> out 13-14x12-22; pal 7->7,public_bottom15;cost_monster_top30;low_score_bottom30;matches_cherrypick_unsafe_public,not_run,passed=0 failed=0 skipped=0 total=0 reports=0 counted=0,,,,Require semantic proof and pseudo-hidden audit; no raw public-source swap.,89
task174,14.140636,52019,51945,74,790,61839,3,3,nadeem_6252,public-anchor-candidate,biohack44_super;candidate_v2;nadeem_6252;octaviograu_6154,"nadeem_6252,octaviograu_6154,biohack44_super",14.140636,52019,biohack44_super_score_n3,76,crop,crop,"train=3;test=1;crop,out_smaller,color_subset",in 10-10x10-10 -> out 2-2x2-4; pal 8->4,matches_cherrypick_unsafe_public,not_run,passed=0 failed=0 skipped=0 total=0 reports=0 counted=0,,,,Require semantic proof and pseudo-hidden audit; no raw public-source swap.,15
task175,13.619235,87620,84872,2748,22,12985,3,3,candidate_v4,lb-verified-v4-anchor,candidate_v2;candidate_v4;current_best_6122,"current_best_6122,candidate_v4",14.605543,32678,blend_v360_score,76,color_remap,color_remap,"train=3;test=1;shape_preserving,color_subset,color_remap",in 21-21x21-21 -> out 21-21x21-21; pal 9->8,,not_run,passed=0 failed=0 skipped=0 total=0 reports=0 counted=0,,,,Route to family DSL/compiler search; record any exact rule.,7
task176,16.022854,7920,7800,120,7,1126,3,3,candidate_v4,lb-verified-v4-anchor,afr1ste_5689;biohack44_6080;biohack44_6113;candidate_v2;candidate_v4;current_best_6122;massimiliano_eda111;nadeem_6252,"current_best_6122,nadeem_6252,candidate_v4,biohack44_6113,massimiliano_eda111,afr1ste_5689,biohack44_6080",16.022854,7920,afr1ste_5689_score_n3,76,other,other,"train=3;test=1;shape_preserving,color_superset",in 3-3x10-18 -> out 3-3x10-18; pal 2->3,,not_run,passed=0 failed=0 skipped=0 total=0 reports=0 counted=0,,,,Defer; revisit through family-level compiler rewrites or new public evidence.,0
task177,14.000804,59826,59724,102,33,3834,3,3,candidate_v4,lb-verified-v4-anchor,candidate_v4,nadeem_6252,14.000804,59826,candidate_nadeem6252_plus_ours_v3_score_n3,76,reduce,reduce,"train=3;test=1;out_smaller,color_subset,reduce",in 10-15x15-17 -> out 4-5x5-8; pal 7->6,,not_run,passed=0 failed=0 skipped=0 total=0 reports=0 counted=0,,,,Route to family DSL/compiler search; record any exact rule.,6
task178,14.715374,29279,28762,517,126,6628,3,3,v4_plus10_compiler2_unique,lb-verified-current-anchor,,"current_best_6122,nadeem_6252,candidate_v4,biohack44_6113,massimiliano_eda111,afr1ste_5689,biohack44_6080",14.715374,29279,candidate_v4_plus10_compiler2_score_n3,76,reduce,reduce,"train=5;test=1;out_smaller,color_subset,color_superset,color_same,reduce",in 3-6x2-5 -> out 1-4x1-4; pal 6->6,,not_run,passed=0 failed=0 skipped=0 total=0 reports=0 counted=0,,,,Route to family DSL/compiler search; record any exact rule.,3
task179,25.000000,0,0,0,1,170,3,3,candidate_v4,lb-verified-v4-anchor,afr1ste_5689;biohack44_6067;biohack44_6080;biohack44_6113;biohack44_super;candidate_v2;candidate_v4;current_best_6122;haoranran_6100;konbu17_v36;massimiliano_eda111;nadeem_6252;octavi_6042;octaviograu_6154,"current_best_6122,nadeem_6252,candidate_v4,biohack44_6113,biohack44_6067,konbu17_v36,octaviograu_6154,massimiliano_eda111,octavi_6042,haoranran_6100,afr1ste_5689,biohack44_super,biohack44_6080",25.000000,0,afr1ste_5689_score_n3,76,covered_or_unclassified,covered_or_unclassified,covered_by_existing_dsl_or_missing_feature_report,in 3-3x3-3 -> out 3-3x3-3; pal 3->3,matches_cherrypick_unsafe_public,not_run,passed=0 failed=0 skipped=0 total=0 reports=0 counted=0,,,,Require semantic proof and pseudo-hidden audit; no raw public-source swap.,10
task180,16.084031,7450,6528,922,6,2525,3,3,candidate_v4,lb-verified-v4-anchor,afr1ste_5689;biohack44_6080;biohack44_6113;candidate_v2;candidate_v4;current_best_6122;massimiliano_eda111,"current_best_6122,candidate_v4,biohack44_6113,massimiliano_eda111,afr1ste_5689,biohack44_6080",16.084031,7450,afr1ste_5689_score_n3,76,reduce,reduce,"train=5;test=1;out_smaller,color_subset,reduce",in 8-8x8-8 -> out 4-4x4-4; pal 5->5,,not_run,passed=0 failed=0 skipped=0 total=0 reports=0 counted=0,,,,Route to family DSL/compiler search; record any exact rule.,0
task181,17.914936,1194,1108,86,21,3083,3,3,candidate_v4,lb-verified-v4-anchor,afr1ste_5689;biohack44_6067;biohack44_6080;biohack44_6113;biohack44_super;candidate_v2;candidate_v4;current_best_6122;haoranran_6100;massimiliano_eda111;nadeem_6252;octavi_6042;octaviograu_6154,"current_best_6122,nadeem_6252,candidate_v4,biohack44_6113,biohack44_6067,octaviograu_6154,massimiliano_eda111,octavi_6042,haoranran_6100,afr1ste_5689,biohack44_super,biohack44_6080",17.914936,1194,afr1ste_5689_score_n3,76,symmetry/flip/rotate,symmetry/flip/rotate,"train=3;test=1;shape_preserving,color_subset,color_superset,color_same,symmetry_candidate",in 6-6x9-9 -> out 6-6x9-9; pal 3->3,matches_cherrypick_unsafe_public,not_run,passed=0 failed=0 skipped=0 total=0 reports=0 counted=0,,,,Require semantic proof and pseudo-hidden audit; no raw public-source swap.,10
task182,14.229685,47587,46548,1039,136,11272,3,3,candidate_v4,lb-verified-v4-anchor,candidate_v4,nadeem_6252,14.229685,47587,candidate_nadeem6252_plus_ours_v3_score_n3,76,symmetry/flip/rotate,symmetry/flip/rotate,"train=4;test=1;shape_preserving,color_subset,color_superset,color_same,symmetry_candidate",in 20-20x20-20 -> out 20-20x20-20; pal 5->5,,not_run,passed=0 failed=0 skipped=0 total=0 reports=0 counted=0,,build_task182.py,,Run or extend pseudo-hidden audit before using the builder.,10
task183,14.879226,24854,24816,38,55,4690,3,3,candidate_v4,lb-verified-v4-anchor,candidate_v2;candidate_v4;current_best_6122,"current_best_6122,candidate_v4",14.879226,24854,candidate_bio_t200_t084_score_n3,76,reduce,reduce,"train=3;test=1;out_smaller,color_subset,reduce",in 6-8x6-8 -> out 2-4x2-4; pal 9->7,,not_run,passed=0 failed=0 skipped=0 total=0 reports=0 counted=0,,,,Route to family DSL/compiler search; record any exact rule.,3
task184,14.432408,38855,28880,9975,71,43202,3,3,nadeem_6252,public-anchor-candidate,candidate_v2;nadeem_6252,nadeem_6252,14.432408,38855,candidate_nadeem6252_plus_ours_38_score_n3,76,reduce,reduce,"train=3;test=1;out_smaller,color_subset,reduce",in 18-23x17-22 -> out 2-3x2-3; pal 8->7,,not_run,passed=0 failed=0 skipped=0 total=0 reports=0 counted=0,,,,Route to family DSL/compiler search; record any exact rule.,4
task185,14.004858,59584,59517,67,242,18881,3,3,candidate_v4,lb-verified-v4-anchor,biohack44_super;candidate_v2;candidate_v4;nadeem_6252;octaviograu_6154,"nadeem_6252,candidate_v4,octaviograu_6154,biohack44_super",14.004858,59584,biohack44_super_score_n3,76,reduce,reduce,"train=4;test=1;out_smaller,color_subset,reduce",in 27-29x27-29 -> out 3-3x3-3; pal 7->6,matches_cherrypick_unsafe_public,not_run,passed=0 failed=0 skipped=0 total=0 reports=0 counted=0,,,,Require semantic proof and pseudo-hidden audit; no raw public-source swap.,16
task186,19.113896,360,314,46,11,1210,3,3,candidate_v4,lb-verified-v4-anchor,candidate_v4,nadeem_6252,19.113896,360,candidate_nadeem6252_plus_ours_v3_score_n3,76,color_fill,color_fill,"train=10;test=2;shape_preserving,color_fill",in 3-3x3-3 -> out 3-3x3-3; pal 2->2,,not_run,passed=0 failed=0 skipped=0 total=0 reports=0 counted=0,,,,Route to family DSL/compiler search; record any exact rule.,0
task187,13.435308,105313,104400,913,87,5758,3,3,nadeem_6252,public-anchor-candidate,afr1ste_5689;candidate_v2;nadeem_6252,"nadeem_6252,afr1ste_5689",13.435308,105313,afr1ste_5689_score_n3,76,color_fill,color_fill,"train=3;test=1;shape_preserving,color_fill",in 22-24x21-25 -> out 22-24x21-25; pal 4->5,public_bottom15,not_run,passed=0 failed=0 skipped=0 total=0 reports=0 counted=0,,,,"Open semantic-factory pass: inspect examples, write prototype, then stress-test.",38
task188,15.725371,10664,10616,48,46,3259,3,3,candidate_v4,lb-verified-v4-anchor,afr1ste_5689;biohack44_6080;biohack44_6113;candidate_v2;candidate_v4;current_best_6122;massimiliano_eda111,"current_best_6122,candidate_v4,biohack44_6113,massimiliano_eda111,afr1ste_5689,biohack44_6080",15.725371,10664,afr1ste_5689_score_n3,76,reduce,reduce,"train=3;test=1;out_smaller,color_subset,color_superset,color_same,reduce",in 3-6x2-8 -> out 3-4x2-4; pal 6->6,,not_run,passed=0 failed=0 skipped=0 total=0 reports=0 counted=0,,,,Route to family DSL/compiler search; record any exact rule.,0
task189,14.887508,24649,24380,269,110,6704,3,3,nadeem_6252,public-anchor-candidate,candidate_v2;nadeem_6252,nadeem_6252,14.887508,24649,candidate_nadeem6252_plus_ours_38_score_n3,76,trim_border,trim_border;reduce,"train=3;test=1;trim_border,out_smaller,color_subset,reduce",in 9-9x9-9 -> out 6-6x6-6; pal 8->6,,not_run,passed=0 failed=0 skipped=0 total=0 reports=0 counted=0,,,,Defer; revisit through family-level compiler rewrites or new public evidence.,3
task190,15.675974,11204,11026,178,63,8781,3,3,candidate_v4,lb-verified-v4-anchor,afr1ste_5689;biohack44_6067;biohack44_6080;biohack44_6113;biohack44_super;candidate_v2;candidate_v4;current_best_6122;haoranran_6100;massimiliano_eda111;nadeem_6252;octavi_6042;octaviograu_6154,"current_best_6122,nadeem_6252,candidate_v4,biohack44_6113,biohack44_6067,octaviograu_6154,massimiliano_eda111,octavi_6042,haoranran_6100,afr1ste_5689,biohack44_super,biohack44_6080",15.675974,11204,afr1ste_5689_score_n3,76,symmetry/flip/rotate,symmetry/flip/rotate,"train=3;test=1;shape_preserving,color_subset,color_superset,color_same,symmetry_candidate",in 10-10x10-10 -> out 10-10x10-10; pal 4->4,matches_cherrypick_unsafe_public,not_run,passed=0 failed=0 skipped=0 total=0 reports=0 counted=0,,,,Require semantic proof and pseudo-hidden audit; no raw public-source swap.,10
task191,11.553610,691342,691177,165,1036,95203,3,3,v4_plus10_compiler2_unique,lb-verified-current-anchor,,nadeem_6252,13.638840,85919,afr1ste_5689_score_n3,76,symmetry/flip/rotate,symmetry/flip/rotate,"train=4;test=1;shape_preserving,color_subset,color_superset,color_same,symmetry_candidate",in 23-23x23-23 -> out 23-23x23-23; pal 3->3,cost_monster_top30;low_score_bottom30;v4_plus10_changed,not_run,passed=0 failed=0 skipped=0 total=0 reports=0 counted=0,prototype_task191_v2.py,build_task191_v2.py,task191_onnx_compile_v2.md;task191_onnx_v2_equivalence.json;task191_onnx_v2_verify.json;task191_semantic_v2.md,Run or extend pseudo-hidden audit before using the builder.,59
task192,14.566826,33968,33898,70,16,1501,3,3,v4_plus10_compiler2_unique,lb-verified-current-anchor,,nadeem_6252,14.566826,33968,candidate_v4_plus10_compiler2_score_n3,76,color_remap,color_remap,"train=2;test=1;shape_preserving,color_subset,color_remap",in 13-13x14-16 -> out 13-13x14-16; pal 5->3,public_overfit_risk;v4_plus10_changed,not_run,passed=0 failed=0 skipped=0 total=0 reports=0 counted=0,,,,Route to family DSL/compiler search; record any exact rule.,19
task193,14.109558,53661,53600,61,14,1925,3,3,candidate_v4,lb-verified-v4-anchor,afr1ste_5689;biohack44_6067;biohack44_6080;biohack44_6113;biohack44_super;candidate_v2;candidate_v4;current_best_6122;haoranran_6100;massimiliano_eda111;nadeem_6252;octavi_6042;octaviograu_6154,"current_best_6122,nadeem_6252,candidate_v4,biohack44_6113,biohack44_6067,octaviograu_6154,massimiliano_eda111,octavi_6042,haoranran_6100,afr1ste_5689,biohack44_super,biohack44_6080",14.109558,53661,afr1ste_5689_score_n3,76,symmetry/flip/rotate,symmetry/flip/rotate,"train=3;test=1;shape_preserving,color_subset,color_superset,color_same,symmetry_candidate",in 7-17x7-17 -> out 7-17x7-17; pal 4->4,matches_cherrypick_unsafe_public,not_run,passed=0 failed=0 skipped=0 total=0 reports=0 counted=0,,,,Require semantic proof and pseudo-hidden audit; no raw public-source swap.,15
task194,17.504458,1800,0,1800,1,7454,3,3,candidate_v4,lb-verified-v4-anchor,afr1ste_5689;biohack44_6067;biohack44_6080;biohack44_6113;biohack44_super;candidate_v2;candidate_v4;current_best_6122;haoranran_6100;konbu17_v36;massimiliano_eda111;nadeem_6252;octavi_6042;octaviograu_6154,"current_best_6122,nadeem_6252,candidate_v4,biohack44_6113,biohack44_6067,konbu17_v36,octaviograu_6154,massimiliano_eda111,octavi_6042,haoranran_6100,afr1ste_5689,biohack44_super,biohack44_6080",17.504458,1800,afr1ste_5689_score_n3,76,tiling,tiling,"train=3;test=1;tile,out_larger,color_subset,color_superset,color_same",in 3-3x3-3 -> out 6-6x6-6; pal 6->6,matches_cherrypick_unsafe_public,not_run,passed=0 failed=0 skipped=0 total=0 reports=0 counted=0,,,,Require semantic proof and pseudo-hidden audit; no raw public-source swap.,10
task195,15.436963,14229,12310,1919,33,5381,3,3,candidate_v4,lb-verified-v4-anchor,afr1ste_5689;biohack44_6067;biohack44_6080;biohack44_6113;biohack44_super;candidate_v2;candidate_v4;current_best_6122;haoranran_6100;massimiliano_eda111;nadeem_6252;octavi_6042;octaviograu_6154,"current_best_6122,nadeem_6252,candidate_v4,biohack44_6113,biohack44_6067,octaviograu_6154,massimiliano_eda111,octavi_6042,haoranran_6100,afr1ste_5689,biohack44_super,biohack44_6080",15.436963,14229,afr1ste_5689_score_n3,76,reduce,reduce,"train=3;test=1;out_smaller,color_subset,color_superset,color_same,reduce",in 16-16x18-18 -> out 9-9x9-9; pal 2->2,matches_cherrypick_unsafe_public,not_run,passed=0 failed=0 skipped=0 total=0 reports=0 counted=0,,,,Require semantic proof and pseudo-hidden audit; no raw public-source swap.,11
task196,14.618975,32242,32175,67,31,2417,3,3,candidate_v4,lb-verified-v4-anchor,afr1ste_5689;biohack44_6080;biohack44_6113;candidate_v2;candidate_v4;current_best_6122;massimiliano_eda111;nadeem_6252,"current_best_6122,nadeem_6252,candidate_v4,biohack44_6113,massimiliano_eda111,afr1ste_5689,biohack44_6080",14.618975,32242,afr1ste_5689_score_n3,76,other,other,"train=3;test=1;shape_preserving,color_superset",in 9-15x9-15 -> out 9-15x9-15; pal 2->3,,not_run,passed=0 failed=0 skipped=0 total=0 reports=0 counted=0,,,,Defer; revisit through family-level compiler rewrites or new public evidence.,4
task197,14.166556,50688,50672,16,18,1223,3,3,candidate_v4,lb-verified-v4-anchor,biohack44_6080;biohack44_6113;candidate_v2;candidate_v4;current_best_6122;massimiliano_eda111;nadeem_6252,"current_best_6122,nadeem_6252,candidate_v4,biohack44_6113,massimiliano_eda111,biohack44_6080",14.166556,50688,afr1ste_5689_score_n3,76,symmetry/flip/rotate,symmetry/flip/rotate,"train=4;test=1;shape_preserving,color_subset,color_superset,color_same,symmetry_candidate",in 6-12x8-8 -> out 6-12x8-8; pal 8->8,,not_run,passed=0 failed=0 skipped=0 total=0 reports=0 counted=0,,,,Route to family DSL/compiler search; record any exact rule.,5
task198,13.449576,103821,102908,913,51,6979,3,3,candidate_v4,lb-verified-v4-anchor,afr1ste_5689;biohack44_6067;biohack44_6080;biohack44_6113;biohack44_super;candidate_v2;candidate_v4;current_best_6122;haoranran_6100;massimiliano_eda111;nadeem_6252;octavi_6042;octaviograu_6154,"current_best_6122,nadeem_6252,candidate_v4,biohack44_6113,biohack44_6067,octaviograu_6154,massimiliano_eda111,octavi_6042,haoranran_6100,afr1ste_5689,biohack44_super,biohack44_6080",13.449576,103821,afr1ste_5689_score_n3,76,color_fill,color_fill,"train=3;test=1;shape_preserving,color_fill",in 19-29x19-29 -> out 19-29x19-29; pal 4->5,matches_cherrypick_unsafe_public,not_run,passed=0 failed=0 skipped=0 total=0 reports=0 counted=0,,,,Require semantic proof and pseudo-hidden audit; no raw public-source swap.,18
task199,15.309891,16157,16103,54,22,2948,3,3,candidate_v4,lb-verified-v4-anchor,afr1ste_5689;biohack44_6067;biohack44_6080;biohack44_6113;biohack44_super;candidate_v2;candidate_v4;current_best_6122;haoranran_6100;massimiliano_eda111;nadeem_6252;octavi_6042;octaviograu_6154,"current_best_6122,nadeem_6252,candidate_v4,biohack44_6113,biohack44_6067,octaviograu_6154,massimiliano_eda111,octavi_6042,haoranran_6100,afr1ste_5689,biohack44_super,biohack44_6080",15.309891,16157,afr1ste_5689_score_n3,76,other,other,"train=3;test=1;shape_preserving,color_superset",in 3-9x3-9 -> out 3-9x3-9; pal 4->5,matches_cherrypick_unsafe_public,not_run,passed=0 failed=0 skipped=0 total=0 reports=0 counted=0,,,,Require semantic proof and pseudo-hidden audit; no raw public-source swap.,11
task200,15.976592,8295,8232,63,36,3689,3,3,candidate_v4,lb-verified-v4-anchor,candidate_v4,"nadeem_6252,octaviograu_6154,biohack44_super",15.976592,8295,candidate_nadeem6252_plus_ours_v3_score_n3,77,other,other,"train=3;test=1;shape_preserving,color_superset",in 10-10x10-10 -> out 10-10x10-10; pal 4->5,,not_run,passed=0 failed=0 skipped=0 total=0 reports=0 counted=0,,build_task200.py,task200_handbuild_score.csv,Run or extend pseudo-hidden audit before using the builder.,5
task201,13.562876,92700,92392,308,135,9668,3,3,nadeem_6252,public-anchor-candidate,candidate_v2;nadeem_6252,nadeem_6252,13.562876,92700,candidate_nadeem6252_plus_ours_38_score_n3,76,reduce,reduce,"train=4;test=1;out_smaller,color_subset,color_superset,color_same,reduce",in 13-13x13-13 -> out 4-7x6-8; pal 7->7,,not_run,passed=0 failed=0 skipped=0 total=0 reports=0 counted=0,,,,Route to family DSL/compiler search; record any exact rule.,7
task202,13.258188,125720,125706,14,31,3582,3,3,candidate_v4,lb-verified-v4-anchor,afr1ste_5689;biohack44_6067;biohack44_6080;biohack44_6113;biohack44_super;candidate_v2;candidate_v4;current_best_6122;haoranran_6100;massimiliano_eda111;nadeem_6252;octavi_6042;octaviograu_6154,"current_best_6122,nadeem_6252,candidate_v4,biohack44_6113,biohack44_6067,octaviograu_6154,massimiliano_eda111,octavi_6042,haoranran_6100,afr1ste_5689,biohack44_super,biohack44_6080",13.258188,125720,afr1ste_5689_score_n3,76,symmetry/flip/rotate,symmetry/flip/rotate,"train=4;test=1;shape_preserving,color_subset,color_superset,color_same,symmetry_candidate",in 13-15x13-19 -> out 13-15x13-19; pal 7->7,cost_monster_top30;low_score_bottom30;matches_cherrypick_unsafe_public,not_run,passed=0 failed=0 skipped=0 total=0 reports=0 counted=0,,,,Require semantic proof and pseudo-hidden audit; no raw public-source swap.,58
task203,13.631707,86534,85844,690,36,6433,3,3,candidate_v4,lb-verified-v4-anchor,candidate_v2;candidate_v4;current_best_6122,"current_best_6122,candidate_v4",13.631707,86534,candidate_bio_t200_t084_score_n3,76,symmetry/flip/rotate,symmetry/flip/rotate,"train=4;test=1;shape_preserving,color_subset,color_superset,color_same,symmetry_candidate",in 6-12x6-12 -> out 6-12x6-12; pal 8->8,,not_run,passed=0 failed=0 skipped=0 total=0 reports=0 counted=0,,,,Route to family DSL/compiler search; record any exact rule.,7
task204,13.314416,118846,116800,2046,71,11457,3,3,candidate_v4,lb-verified-v4-anchor,candidate_v4,nadeem_6252,13.314416,118846,candidate_nadeem6252_plus_ours_v3_score_n3,76,other,other,"train=5;test=1;shape_preserving,color_superset",in 10-20x10-20 -> out 10-20x10-20; pal 2->4,cost_monster_top30;low_score_bottom30,not_run,passed=0 failed=0 skipped=0 total=0 reports=0 counted=0,prototype_task204.py,build_task204.py,,Run or extend pseudo-hidden audit before using the builder.,53
task205,13.454482,103313,101591,1722,415,33555,3,3,v4_plus10_compiler2_unique,lb-verified-current-anchor,,"nadeem_6252,candidate_v4",13.454482,103313,candidate_v4_plus10_compiler2_score_n3,76,reduce,reduce,"train=3;test=1;out_smaller,color_subset,reduce",in 16-27x17-23 -> out 6-10x6-9; pal 10->4,v4_plus10_changed,not_run,passed=0 failed=0 skipped=0 total=0 reports=0 counted=0,,,,Route to family DSL/compiler search; record any exact rule.,8
task206,13.975063,61386,61296,90,39,4022,3,3,v4_plus10_compiler2_unique,lb-verified-current-anchor,,nadeem_6252,13.975063,61386,candidate_v4_plus10_compiler2_score_n3,76,color_remap,color_remap,"train=3;test=1;shape_preserving,color_subset,color_remap",in 8-10x7-9 -> out 8-10x7-9; pal 6->5,,not_run,passed=0 failed=0 skipped=0 total=0 reports=0 counted=0,,,,Route to family DSL/compiler search; record any exact rule.,6
task207,17.463636,1875,1840,35,25,1979,3,3,candidate_v4,lb-verified-v4-anchor,afr1ste_5689;biohack44_6080;biohack44_6113;candidate_v2;candidate_v4;current_best_6122;massimiliano_eda111;nadeem_6252,"current_best_6122,nadeem_6252,candidate_v4,biohack44_6113,massimiliano_eda111,afr1ste_5689,biohack44_6080",17.463636,1875,afr1ste_5689_score_n3,76,crop,crop,"train=3;test=1;crop,out_smaller,color_subset,color_superset,color_same",in 5-5x5-5 -> out 2-2x2-2; pal 4->4,,not_run,passed=0 failed=0 skipped=0 total=0 reports=0 counted=0,,,,Route to family DSL/compiler search; record any exact rule.,0
task208,13.566031,92408,91886,522,196,15885,3,3,candidate_v4,lb-verified-v4-anchor,biohack44_6067;biohack44_6080;biohack44_6113;biohack44_super;candidate_v2;candidate_v4;current_best_6122;haoranran_6100;massimiliano_eda111;nadeem_6252;octavi_6042;octaviograu_6154,"current_best_6122,nadeem_6252,candidate_v4,biohack44_6113,biohack44_6067,octaviograu_6154,massimiliano_eda111,octavi_6042,haoranran_6100,biohack44_super,biohack44_6080",13.567493,92273,afr1ste_5689_score_n3,76,symmetry/flip/rotate,symmetry/flip/rotate,"train=3;test=1;shape_preserving,color_subset,color_superset,color_same,symmetry_candidate",in 21-21x21-21 -> out 21-21x21-21; pal 6->6,matches_cherrypick_unsafe_public,not_run,passed=0 failed=0 skipped=0 total=0 reports=0 counted=0,,,,Require semantic proof and pseudo-hidden audit; no raw public-source swap.,17
task209,13.361711,113356,113191,165,199,12395,3,3,v4_plus10_compiler2_unique,lb-verified-current-anchor,,"nadeem_6252,candidate_v4",13.745379,77236,blend_v360_score,76,reduce,reduce,"train=3;test=1;out_smaller,color_subset,color_superset,color_same,reduce",in 16-17x17-18 -> out 7-11x7-14; pal 6->6,cost_monster_top30;low_score_bottom30;v4_plus10_changed,not_run,passed=0 failed=0 skipped=0 total=0 reports=0 counted=0,,,,"Open semantic-factory pass: inspect examples, write prototype, then stress-test.",48
task210,21.598803,30,0,30,1,479,3,3,candidate_v4,lb-verified-v4-anchor,afr1ste_5689;biohack44_6067;biohack44_6080;biohack44_6113;biohack44_super;candidate_v2;candidate_v4;current_best_6122;haoranran_6100;konbu17_v36;massimiliano_eda111;nadeem_6252;octavi_6042;octaviograu_6154,"current_best_6122,nadeem_6252,candidate_v4,biohack44_6113,biohack44_6067,konbu17_v36,octaviograu_6154,massimiliano_eda111,octavi_6042,haoranran_6100,afr1ste_5689,biohack44_super,biohack44_6080",21.598803,30,afr1ste_5689_score_n3,76,tiling,tiling,"train=3;test=1;tile,out_larger,color_subset,color_superset,color_same",in 3-3x3-3 -> out 6-6x3-3; pal 2->2,matches_cherrypick_unsafe_public,not_run,passed=0 failed=0 skipped=0 total=0 reports=0 counted=0,,,,Require semantic proof and pseudo-hidden audit; no raw public-source swap.,10
task211,17.504458,1800,0,1800,1,7454,3,3,candidate_v4,lb-verified-v4-anchor,afr1ste_5689;biohack44_6067;biohack44_6080;biohack44_6113;biohack44_super;candidate_v2;candidate_v4;current_best_6122;haoranran_6100;konbu17_v36;massimiliano_eda111;nadeem_6252;octavi_6042;octaviograu_6154,"current_best_6122,nadeem_6252,candidate_v4,biohack44_6113,biohack44_6067,konbu17_v36,octaviograu_6154,massimiliano_eda111,octavi_6042,haoranran_6100,afr1ste_5689,biohack44_super,biohack44_6080",17.504458,1800,afr1ste_5689_score_n3,76,tiling,tiling,"train=3;test=1;tile,out_larger,color_subset,color_superset,color_same",in 3-3x2-2 -> out 9-9x4-4; pal 4->4,matches_cherrypick_unsafe_public,not_run,passed=0 failed=0 skipped=0 total=0 reports=0 counted=0,,,,Require semantic proof and pseudo-hidden audit; no raw public-source swap.,10
task212,15.792664,9970,9832,138,53,4512,3,3,nadeem_6252,public-anchor-candidate,candidate_v2;nadeem_6252,nadeem_6252,15.792764,9969,afr1ste_5689_score_n3,76,symmetry/flip/rotate,symmetry/flip/rotate,"train=2;test=1;shape_preserving,color_subset,color_superset,color_same,symmetry_candidate",in 10-10x10-10 -> out 10-10x10-10; pal 4->4,public_slowest,not_run,passed=0 failed=0 skipped=0 total=0 reports=0 counted=0,,,,Route to family DSL/compiler search; record any exact rule.,0
task213,14.177884,50117,49897,220,392,26541,3,3,v4_plus10_compiler2_unique,lb-verified-current-anchor,,nadeem_6252,14.177884,50117,candidate_nadeem6252_plus_ours_v3_score_n3,76,reduce,reduce,"train=3;test=1;out_smaller,color_subset,reduce",in 12-18x10-15 -> out 3-6x3-6; pal 8->6,,not_run,passed=0 failed=0 skipped=0 total=0 reports=0 counted=0,,,,Route to family DSL/compiler search; record any exact rule.,5
task214,17.504458,1800,0,1800,1,7454,3,3,candidate_v4,lb-verified-v4-anchor,afr1ste_5689;biohack44_6067;biohack44_6080;biohack44_6113;biohack44_super;candidate_v2;candidate_v4;current_best_6122;haoranran_6100;konbu17_v36;massimiliano_eda111;nadeem_6252;octavi_6042;octaviograu_6154,"current_best_6122,nadeem_6252,candidate_v4,biohack44_6113,biohack44_6067,konbu17_v36,octaviograu_6154,massimiliano_eda111,octavi_6042,haoranran_6100,afr1ste_5689,biohack44_super,biohack44_6080",17.504458,1800,afr1ste_5689_score_n3,76,color_remap,color_remap,"train=3;test=1;shape_preserving,color_subset,color_remap",in 3-3x11-11 -> out 3-3x11-11; pal 9->8,matches_cherrypick_unsafe_public,not_run,passed=0 failed=0 skipped=0 total=0 reports=0 counted=0,,,,Require semantic proof and pseudo-hidden audit; no raw public-source swap.,10
task215,14.721713,29094,28982,112,20,1688,3,3,v4_plus10_compiler2_unique,lb-verified-current-anchor,,"nadeem_6252,candidate_v4",14.721713,29094,candidate_v4_plus10_compiler2_score_n3,76,symmetry/flip/rotate,symmetry/flip/rotate,"train=2;test=1;shape_preserving,color_subset,color_superset,color_same,symmetry_candidate",in 10-15x12-19 -> out 10-15x12-19; pal 3->3,v4_plus10_changed,not_run,passed=0 failed=0 skipped=0 total=0 reports=0 counted=0,,,,Route to family DSL/compiler search; record any exact rule.,3
task216,13.449663,103812,103712,100,276,11049,3,3,biohack44_6113,safe-source,biohack44_6067;biohack44_6080;biohack44_6113;candidate_v2;haoranran_6100;massimiliano_eda111;nadeem_6252,"nadeem_6252,biohack44_6113,biohack44_6067,massimiliano_eda111,haoranran_6100,biohack44_6080",13.451978,103572,afr1ste_5689_score_n3,76,crop,crop,"train=3;test=1;crop,out_smaller,color_subset",in 20-20x20-20 -> out 5-9x6-17; pal 3->2,,not_run,passed=0 failed=0 skipped=0 total=0 reports=0 counted=0,,,,Route to family DSL/compiler search; record any exact rule.,8
task217,15.206104,17924,17901,23,18,1350,3,3,candidate_v4,lb-verified-v4-anchor,candidate_v2;candidate_v4;nadeem_6252,"nadeem_6252,candidate_v4",15.206104,17924,candidate_nadeem6252_plus_ours_38_score_n3,76,symmetry/flip/rotate,symmetry/flip/rotate,"train=3;test=1;shape_preserving,color_subset,color_superset,color_same,symmetry_candidate",in 9-9x9-9 -> out 9-9x9-9; pal 4->4,,not_run,passed=0 failed=0 skipped=0 total=0 reports=0 counted=0,,,,Route to family DSL/compiler search; record any exact rule.,2
task218,14.948006,23202,23158,44,137,9594,3,3,candidate_v4,lb-verified-v4-anchor,afr1ste_5689;biohack44_6067;biohack44_6080;biohack44_6113;biohack44_super;candidate_v2;candidate_v4;current_best_6122;haoranran_6100;massimiliano_eda111;nadeem_6252;octavi_6042;octaviograu_6154,"current_best_6122,nadeem_6252,candidate_v4,biohack44_6113,biohack44_6067,octaviograu_6154,massimiliano_eda111,octavi_6042,haoranran_6100,afr1ste_5689,biohack44_super,biohack44_6080",14.948006,23202,afr1ste_5689_score_n3,76,reduce,reduce,"train=3;test=1;out_smaller,color_subset,reduce",in 21-21x21-21 -> out 2-3x2-3; pal 8->7,matches_cherrypick_unsafe_public,not_run,passed=0 failed=0 skipped=0 total=0 reports=0 counted=0,,,,Require semantic proof and pseudo-hidden audit; no raw public-source swap.,12
task219,13.681837,82303,82206,97,393,17210,3,3,v4_plus10_compiler2_unique,lb-verified-current-anchor,,nadeem_6252,14.218173,48138,afr1ste_6284_score_n1,76,other,other,"train=3;test=1;shape_preserving,color_superset",in 15-15x10-10 -> out 15-15x10-10; pal 2->3,public_overfit_risk,not_run,passed=0 failed=0 skipped=0 total=0 reports=0 counted=0,prototype_task219.py,build_task219.py,task219_full_cost.json,Avoid visible-family lookup staging; generalize the closed Python rule against pseudo-hidden shape families.,32
task220,18.197605,900,0,900,1,3798,3,3,candidate_v4,lb-verified-v4-anchor,afr1ste_5689;biohack44_6067;biohack44_6080;biohack44_6113;biohack44_super;candidate_v2;candidate_v4;current_best_6122;haoranran_6100;massimiliano_eda111;nadeem_6252;octavi_6042;octaviograu_6154,"current_best_6122,nadeem_6252,candidate_v4,biohack44_6113,biohack44_6067,octaviograu_6154,massimiliano_eda111,octavi_6042,haoranran_6100,afr1ste_5689,biohack44_super,biohack44_6080",18.197605,900,afr1ste_5689_score_n3,76,other,other,"train=4;test=1;shape_preserving,color_superset",in 6-16x6-16 -> out 6-16x6-16; pal 4->7,matches_cherrypick_unsafe_public,not_run,passed=0 failed=0 skipped=0 total=0 reports=0 counted=0,,,,Require semantic proof and pseudo-hidden audit; no raw public-source swap.,10
task221,14.069307,55865,50837,5028,28,13313,3,3,candidate_v4,lb-verified-v4-anchor,candidate_v2;candidate_v4;current_best_6122,"current_best_6122,candidate_v4",14.069307,55865,candidate_bio_t200_t084_score_n3,76,tiling,tiling,"train=4;test=1;tile,out_larger,color_subset,color_superset,color_same",in 3-3x3-3 -> out 9-18x9-18; pal 5->5,,not_run,passed=0 failed=0 skipped=0 total=0 reports=0 counted=0,,,,Route to family DSL/compiler search; record any exact rule.,5
task222,14.031198,58035,57948,87,21,2578,3,3,candidate_v4,lb-verified-v4-anchor,afr1ste_5689;biohack44_6067;biohack44_6080;biohack44_6113;biohack44_super;candidate_v2;candidate_v4;current_best_6122;haoranran_6100;massimiliano_eda111;nadeem_6252;octavi_6042;octaviograu_6154,"current_best_6122,nadeem_6252,candidate_v4,biohack44_6113,biohack44_6067,octaviograu_6154,massimiliano_eda111,octavi_6042,haoranran_6100,afr1ste_5689,biohack44_super,biohack44_6080",14.031198,58035,afr1ste_5689_score_n3,76,color_remap,color_remap,"train=3;test=1;shape_preserving,color_subset,color_remap",in 16-16x16-16 -> out 16-16x16-16; pal 10->4,matches_cherrypick_unsafe_public,not_run,passed=0 failed=0 skipped=0 total=0 reports=0 counted=0,,,,Require semantic proof and pseudo-hidden audit; no raw public-source swap.,16
task223,17.504458,1800,0,1800,1,7454,3,3,candidate_v4,lb-verified-v4-anchor,afr1ste_5689;biohack44_6067;biohack44_6080;biohack44_6113;biohack44_super;candidate_v2;candidate_v4;current_best_6122;haoranran_6100;konbu17_v36;massimiliano_eda111;nadeem_6252;octavi_6042;octaviograu_6154,"current_best_6122,nadeem_6252,candidate_v4,biohack44_6113,biohack44_6067,konbu17_v36,octaviograu_6154,massimiliano_eda111,octavi_6042,haoranran_6100,afr1ste_5689,biohack44_super,biohack44_6080",17.504458,1800,afr1ste_5689_score_n3,76,tiling,tiling,"train=2;test=1;tile,out_larger,color_subset,color_superset,color_same",in 3-3x3-3 -> out 9-9x9-9; pal 5->5,matches_cherrypick_unsafe_public,not_run,passed=0 failed=0 skipped=0 total=0 reports=0 counted=0,,,,Require semantic proof and pseudo-hidden audit; no raw public-source swap.,10
task224,14.274049,45522,45340,182,55,4199,3,3,candidate_v4,lb-verified-v4-anchor,candidate_v2;candidate_v4;current_best_6122;nadeem_6252,"current_best_6122,nadeem_6252,candidate_v4",14.275456,45458,afr1ste_5689_score_n3,76,symmetry/flip/rotate,symmetry/flip/rotate,"train=3;test=1;shape_preserving,color_subset,color_superset,color_same,symmetry_candidate",in 12-15x13-14 -> out 12-15x13-14; pal 5->5,,not_run,passed=0 failed=0 skipped=0 total=0 reports=0 counted=0,,,,Route to family DSL/compiler search; record any exact rule.,5
task225,15.687284,11078,10428,650,40,5688,3,3,nadeem_6252,public-anchor-candidate,afr1ste_5689;candidate_v2;nadeem_6252,"nadeem_6252,afr1ste_5689",15.687284,11078,afr1ste_5689_score_n3,76,symmetry/flip/rotate,symmetry/flip/rotate,"train=3;test=1;shape_preserving,color_subset,color_superset,color_same,symmetry_candidate",in 6-6x6-6 -> out 6-6x6-6; pal 10->10,,not_run,passed=0 failed=0 skipped=0 total=0 reports=0 counted=0,,,,Route to family DSL/compiler search; record any exact rule.,0
task226,16.376826,5559,5408,151,39,3203,3,3,candidate_v4,lb-verified-v4-anchor,afr1ste_5689;biohack44_6080;biohack44_6113;candidate_v2;candidate_v4;current_best_6122;massimiliano_eda111;nadeem_6252,"current_best_6122,nadeem_6252,candidate_v4,biohack44_6113,massimiliano_eda111,afr1ste_5689,biohack44_6080",16.376826,5559,afr1ste_5689_score_n3,76,other,other,"train=3;test=1;shape_preserving,color_superset",in 10-10x10-10 -> out 10-10x10-10; pal 2->5,,not_run,passed=0 failed=0 skipped=0 total=0 reports=0 counted=0,,,,Defer; revisit through family-level compiler rewrites or new public evidence.,0
task227,17.018267,2927,2880,47,14,1135,3,3,candidate_v4,lb-verified-v4-anchor,afr1ste_5689;biohack44_6080;biohack44_6113;candidate_v2;candidate_v4;current_best_6122;massimiliano_eda111;nadeem_6252,"current_best_6122,nadeem_6252,candidate_v4,biohack44_6113,massimiliano_eda111,afr1ste_5689,biohack44_6080",17.018267,2927,afr1ste_5689_score_n3,76,reduce,reduce,"train=4;test=1;out_smaller,reduce",in 8-8x4-4 -> out 4-4x4-4; pal 3->2,,not_run,passed=0 failed=0 skipped=0 total=0 reports=0 counted=0,,,,Route to family DSL/compiler search; record any exact rule.,0
task228,14.869935,25086,25008,78,61,2649,3,3,candidate_v4,lb-verified-v4-anchor,afr1ste_5689;biohack44_6080;biohack44_6113;candidate_v2;candidate_v4;current_best_6122;massimiliano_eda111;nadeem_6252,"current_best_6122,nadeem_6252,candidate_v4,biohack44_6113,massimiliano_eda111,afr1ste_5689,biohack44_6080",14.869935,25086,afr1ste_5689_score_n3,76,symmetry/flip/rotate,symmetry/flip/rotate,"train=3;test=1;shape_preserving,color_subset,color_superset,color_same,symmetry_candidate",in 10-10x10-10 -> out 10-10x10-10; pal 10->10,,not_run,passed=0 failed=0 skipped=0 total=0 reports=0 counted=0,,,,Route to family DSL/compiler search; record any exact rule.,3
task229,17.749364,1409,1364,45,14,1379,3,3,candidate_v4,lb-verified-v4-anchor,afr1ste_5689;biohack44_6080;biohack44_6113;candidate_v2;candidate_v4;current_best_6122;massimiliano_eda111;nadeem_6252,"current_best_6122,nadeem_6252,candidate_v4,biohack44_6113,massimiliano_eda111,afr1ste_5689,biohack44_6080",17.749364,1409,afr1ste_5689_score_n3,76,color_fill,color_fill,"train=4;test=1;shape_preserving,color_fill",in 3-3x3-3 -> out 3-3x3-3; pal 5->4,,not_run,passed=0 failed=0 skipped=0 total=0 reports=0 counted=0,,,,Route to family DSL/compiler search; record any exact rule.,0
task230,18.197605,900,0,900,1,3798,0,3,candidate_v4,lb-verified-v4-anchor,afr1ste_5689;biohack44_6067;biohack44_6080;biohack44_6113;biohack44_super;candidate_v2;candidate_v4;current_best_6122;haoranran_6100;massimiliano_eda111;nadeem_6252;octavi_6042;octaviograu_6154,"current_best_6122,nadeem_6252,candidate_v4,biohack44_6113,biohack44_6067,octaviograu_6154,massimiliano_eda111,octavi_6042,haoranran_6100,afr1ste_5689,biohack44_super,biohack44_6080",18.197605,900,afr1ste_5689_score_n3,76,other,other,"train=3;test=1;shape_preserving,color_superset",in 10-15x10-15 -> out 10-15x10-15; pal 2->6,local_visible_not_full_pass;matches_cherrypick_unsafe_public,not_run,passed=0 failed=0 skipped=0 total=0 reports=0 counted=0,,,,Require semantic proof and pseudo-hidden audit; no raw public-source swap.,10
task231,14.448886,38220,38118,102,50,4473,3,3,candidate_v4,lb-verified-v4-anchor,candidate_v2;candidate_v4;current_best_6122,"current_best_6122,candidate_v4",14.448886,38220,candidate_bio_t200_t084_score_n3,76,tiling,tiling,"train=3;test=1;tile,out_larger,color_subset,color_superset,color_same",in 5-5x6-8 -> out 5-5x12-16; pal 5->5,,not_run,passed=0 failed=0 skipped=0 total=0 reports=0 counted=0,,,,Route to family DSL/compiler search; record any exact rule.,4
task232,14.707956,29497,29428,69,29,1616,3,3,candidate_v4,lb-verified-v4-anchor,afr1ste_5689;biohack44_6080;biohack44_6113;candidate_v2;candidate_v4;current_best_6122;massimiliano_eda111;nadeem_6252,"current_best_6122,nadeem_6252,candidate_v4,biohack44_6113,massimiliano_eda111,afr1ste_5689,biohack44_6080",14.707956,29497,afr1ste_5689_score_n3,76,other,other,"train=3;test=1;shape_preserving,color_superset",in 7-10x8-12 -> out 7-10x8-12; pal 5->6,,not_run,passed=0 failed=0 skipped=0 total=0 reports=0 counted=0,,,,Defer; revisit through family-level compiler rewrites or new public evidence.,3
task233,10.812401,1450762,1444504,6258,2141,271505,3,3,v4_plus10_compiler2_unique,lb-verified-current-anchor,,"nadeem_6252,octaviograu_6154,biohack44_super",13.767556,75542,blend_v360_score,76,reduce,reduce,"train=3;test=1;out_smaller,color_subset,reduce",in 16-24x10-19 -> out 8-17x8-9; pal 7->6,public_bottom15;public_big_gap;cost_monster_top30;low_score_bottom30,not_run,passed=0 failed=0 skipped=0 total=0 reports=0 counted=0,prototype_task233.py,build_task233.py,task233_baseline.json;task233_init.json;task233_v2.json;task233_v3.json;task233_v4.json,Run or extend pseudo-hidden audit before using the builder.,132
task234,13.689154,81703,81621,82,58,4106,3,3,candidate_v4,lb-verified-v4-anchor,candidate_v2;candidate_v4;nadeem_6252,"nadeem_6252,candidate_v4",13.689154,81703,candidate_nadeem6252_plus_ours_38_score_n3,76,symmetry/flip/rotate,symmetry/flip/rotate,"train=3;test=1;shape_preserving,color_subset,color_superset,color_same,symmetry_candidate",in 13-17x14-19 -> out 13-17x14-19; pal 5->5,,not_run,passed=0 failed=0 skipped=0 total=0 reports=0 counted=0,,,,Route to family DSL/compiler search; record any exact rule.,7
task235,17.810078,1326,1212,114,35,4028,3,3,candidate_v4,lb-verified-v4-anchor,candidate_v2;candidate_v4;current_best_6122,"current_best_6122,candidate_v4",17.810078,1326,candidate_bio_t200_t084_score_n3,76,reduce,reduce,"train=4;test=1;out_smaller,color_disjoint,reduce",in 4-4x14-14 -> out 3-3x3-3; pal 2->4,,not_run,passed=0 failed=0 skipped=0 total=0 reports=0 counted=0,,,,Route to family DSL/compiler search; record any exact rule.,0
task236,18.536971,641,640,1,10,619,3,3,candidate_v4,lb-verified-v4-anchor,candidate_v4,nadeem_6252,18.536971,641,candidate_nadeem6252_plus_ours_v3_score_n3,76,reduce,reduce,"train=4;test=1;out_smaller,reduce",in 9-9x4-4 -> out 4-4x4-4; pal 4->2,,not_run,passed=0 failed=0 skipped=0 total=0 reports=0 counted=0,,,,Route to family DSL/compiler search; record any exact rule.,0
task237,15.430308,14324,14283,41,25,1637,3,3,candidate_v4,lb-verified-v4-anchor,afr1ste_5689;biohack44_6080;biohack44_6113;candidate_v2;candidate_v4;current_best_6122;massimiliano_eda111;nadeem_6252,"current_best_6122,nadeem_6252,candidate_v4,biohack44_6113,massimiliano_eda111,afr1ste_5689,biohack44_6080",15.430308,14324,afr1ste_5689_score_n3,76,symmetry/flip/rotate,symmetry/flip/rotate,"train=4;test=1;shape_preserving,color_subset,color_superset,color_same,symmetry_candidate",in 3-7x3-6 -> out 3-7x3-6; pal 7->7,,not_run,passed=0 failed=0 skipped=0 total=0 reports=0 counted=0,,,,Route to family DSL/compiler search; record any exact rule.,1
task238,13.927566,64372,62905,1467,102,11927,3,3,candidate_v4,lb-verified-v4-anchor,afr1ste_5689;biohack44_6067;biohack44_6080;biohack44_6113;biohack44_super;candidate_v2;candidate_v4;current_best_6122;haoranran_6100;massimiliano_eda111;nadeem_6252;octavi_6042;octaviograu_6154,"current_best_6122,nadeem_6252,candidate_v4,biohack44_6113,biohack44_6067,octaviograu_6154,massimiliano_eda111,octavi_6042,haoranran_6100,afr1ste_5689,biohack44_super,biohack44_6080",13.927566,64372,afr1ste_5689_score_n3,76,reduce,reduce,"train=3;test=1;out_smaller,color_subset,color_superset,color_same,reduce",in 14-15x15-16 -> out 5-6x5-6; pal 8->8,matches_cherrypick_unsafe_public,not_run,passed=0 failed=0 skipped=0 total=0 reports=0 counted=0,,,,Require semantic proof and pseudo-hidden audit; no raw public-source swap.,16
task239,13.525015,96277,95891,386,33,4143,3,3,candidate_v4,lb-verified-v4-anchor,biohack44_6067;biohack44_6080;biohack44_6113;biohack44_super;candidate_v2;candidate_v4;current_best_6122;haoranran_6100;massimiliano_eda111;nadeem_6252;octavi_6042;octaviograu_6154,"current_best_6122,nadeem_6252,candidate_v4,biohack44_6113,biohack44_6067,octaviograu_6154,massimiliano_eda111,octavi_6042,haoranran_6100,biohack44_super,biohack44_6080",13.543888,94477,afr1ste_5689_score_n3,76,expand,expand,"train=4;test=1;out_larger,color_superset,expand",in 3-4x3-4 -> out 5-6x3-4; pal 5->6,matches_cherrypick_unsafe_public,not_run,passed=0 failed=0 skipped=0 total=0 reports=0 counted=0,,,,Require semantic proof and pseudo-hidden audit; no raw public-source swap.,17
task240,14.993189,22177,8442,13735,10,39452,3,3,v4_plus10_compiler2_unique,lb-verified-current-anchor,,nadeem_6252,14.993189,22177,candidate_v4_plus10_compiler2_score_n3,76,symmetry/flip/rotate,symmetry/flip/rotate,"train=3;test=1;shape_preserving,color_subset,color_superset,color_same,symmetry_candidate",in 19-19x19-19 -> out 19-19x19-19; pal 6->6,,not_run,passed=0 failed=0 skipped=0 total=0 reports=0 counted=0,,,,Route to family DSL/compiler search; record any exact rule.,2
task241,25.000000,0,0,0,1,170,3,3,candidate_v4,lb-verified-v4-anchor,afr1ste_5689;biohack44_6067;biohack44_6080;biohack44_6113;biohack44_super;candidate_v2;candidate_v4;current_best_6122;haoranran_6100;konbu17_v36;massimiliano_eda111;nadeem_6252;octavi_6042;octaviograu_6154,"current_best_6122,nadeem_6252,candidate_v4,biohack44_6113,biohack44_6067,konbu17_v36,octaviograu_6154,massimiliano_eda111,octavi_6042,haoranran_6100,afr1ste_5689,biohack44_super,biohack44_6080",25.000000,0,afr1ste_5689_score_n3,76,covered_or_unclassified,covered_or_unclassified,covered_by_existing_dsl_or_missing_feature_report,in 3-6x3-6 -> out 3-6x3-6; pal 6->6,matches_cherrypick_unsafe_public,not_run,passed=0 failed=0 skipped=0 total=0 reports=0 counted=0,,,,Require semantic proof and pseudo-hidden audit; no raw public-source swap.,10
task242,15.090580,20119,20074,45,14,1736,3,3,candidate_v4,lb-verified-v4-anchor,candidate_v2;candidate_v4;nadeem_6252,"nadeem_6252,candidate_v4",15.090580,20119,candidate_nadeem6252_plus_ours_38_score_n3,76,reduce,reduce,"train=3;test=1;out_smaller,color_subset,reduce",in 16-16x16-16 -> out 3-3x3-3; pal 10->8,,not_run,passed=0 failed=0 skipped=0 total=0 reports=0 counted=0,,,,Route to family DSL/compiler search; record any exact rule.,2
task243,13.401200,108967,108864,103,135,16583,3,3,candidate_v4,lb-verified-v4-anchor,candidate_v2;candidate_v4;nadeem_6252,"nadeem_6252,candidate_v4",13.874533,67878,blend_v360_score,76,symmetry/flip/rotate,symmetry/flip/rotate,"train=3;test=1;shape_preserving,color_subset,color_superset,color_same,symmetry_candidate",in 13-16x13-16 -> out 13-16x13-16; pal 10->10,public_bottom15;public_big_gap,not_run,passed=0 failed=0 skipped=0 total=0 reports=0 counted=0,,build_task243.py,,Run or extend pseudo-hidden audit before using the builder.,83
task244,14.633722,31770,31685,85,66,6790,3,3,v4_plus10_compiler2_unique,lb-verified-current-anchor,,"nadeem_6252,octaviograu_6154,biohack44_super",14.633722,31770,candidate_nadeem6252_plus_ours_v3_score_n3,76,reduce,reduce,"train=3;test=1;out_smaller,color_subset,reduce",in 11-19x11-19 -> out 3-4x3-4; pal 6->6,,not_run,passed=0 failed=0 skipped=0 total=0 reports=0 counted=0,,,,Route to family DSL/compiler search; record any exact rule.,4
task245,14.724535,29012,28916,96,37,2756,3,3,candidate_v4,lb-verified-v4-anchor,candidate_v4,"nadeem_6252,octaviograu_6154,biohack44_super",14.724535,29012,candidate_nadeem6252_plus_ours_v3_score_n3,76,symmetry/flip/rotate,symmetry/flip/rotate,"train=4;test=1;shape_preserving,color_subset,color_superset,color_same,symmetry_candidate",in 7-9x7-10 -> out 7-9x7-10; pal 3->3,,not_run,passed=0 failed=0 skipped=0 total=0 reports=0 counted=0,,,,Route to family DSL/compiler search; record any exact rule.,3
task246,15.497662,13391,12960,431,31,3824,3,3,candidate_v4,lb-verified-v4-anchor,afr1ste_5689;biohack44_6067;biohack44_6080;biohack44_6113;biohack44_super;candidate_v2;candidate_v4;current_best_6122;haoranran_6100;massimiliano_eda111;nadeem_6252;octavi_6042;octaviograu_6154,"current_best_6122,nadeem_6252,candidate_v4,biohack44_6113,biohack44_6067,octaviograu_6154,massimiliano_eda111,octavi_6042,haoranran_6100,afr1ste_5689,biohack44_super,biohack44_6080",15.497662,13391,afr1ste_5689_score_n3,76,other,other,"train=3;test=1;shape_preserving,color_superset",in 10-15x14-16 -> out 10-15x14-16; pal 3->4,public_slowest;matches_cherrypick_unsafe_public,not_run,passed=0 failed=0 skipped=0 total=0 reports=0 counted=0,,,,Require semantic proof and pseudo-hidden audit; no raw public-source swap.,11
task247,14.993279,22175,22142,33,25,2056,3,3,candidate_v4,lb-verified-v4-anchor,biohack44_6067;biohack44_6080;biohack44_6113;candidate_v2;candidate_v4;current_best_6122;haoranran_6100;massimiliano_eda111;nadeem_6252;octavi_6042,"current_best_6122,nadeem_6252,candidate_v4,biohack44_6113,biohack44_6067,massimiliano_eda111,octavi_6042,haoranran_6100,biohack44_6080",14.999794,22031,afr1ste_5689_score_n3,76,reduce,reduce,"train=6;test=1;out_smaller,color_subset,reduce",in 10-10x10-10 -> out 3-9x1-3; pal 9->7,,not_run,passed=0 failed=0 skipped=0 total=0 reports=0 counted=0,,,,Route to family DSL/compiler search; record any exact rule.,2
task248,16.122200,7171,7132,39,23,2311,3,3,v4_plus10_compiler2_unique,lb-verified-current-anchor,,"current_best_6122,nadeem_6252,candidate_v4,biohack44_6113,biohack44_6067,octaviograu_6154,massimiliano_eda111,octavi_6042,haoranran_6100,biohack44_super,biohack44_6080",16.208058,6581,afr1ste_5689_score_n3,76,symmetry/flip/rotate,symmetry/flip/rotate,"train=3;test=1;shape_preserving,color_subset,color_superset,color_same,symmetry_candidate",in 10-10x2-4 -> out 10-10x2-4; pal 2->2,,not_run,passed=0 failed=0 skipped=0 total=0 reports=0 counted=0,,,,Route to family DSL/compiler search; record any exact rule.,0
task249,15.895131,8999,8676,323,19,1912,3,3,afr1ste_5689,untested-public,afr1ste_5689,"current_best_6122,nadeem_6252,candidate_v4,biohack44_6113,massimiliano_eda111,biohack44_6080",15.895131,8999,afr1ste_5689_score_n3,76,tiling,tiling,"train=3;test=1;tile,out_larger,color_subset,color_superset,color_same",in 3-4x3-4 -> out 3-4x6-8; pal 7->7,,not_run,passed=0 failed=0 skipped=0 total=0 reports=0 counted=0,,,,Route to family DSL/compiler search; record any exact rule.,0
task250,15.595657,12141,12072,69,129,7749,3,3,nadeem_6252,public-anchor-candidate,candidate_v2;nadeem_6252,nadeem_6252,15.595657,12141,candidate_nadeem6252_plus_ours_38_score_n3,76,symmetry/flip/rotate,symmetry/flip/rotate,"train=2;test=1;shape_preserving,color_subset,color_superset,color_same,symmetry_candidate",in 10-10x10-10 -> out 10-10x10-10; pal 3->3,,not_run,passed=0 failed=0 skipped=0 total=0 reports=0 counted=0,,,,Route to family DSL/compiler search; record any exact rule.,0
task251,13.481291,100580,100560,20,53,5106,3,3,nadeem_6252,public-anchor-candidate,candidate_v2;nadeem_6252,nadeem_6252,13.481291,100580,candidate_nadeem6252_plus_ours_38_score_n3,76,other,other,"train=3;test=1;shape_preserving,color_superset",in 8-12x8-12 -> out 8-12x8-12; pal 2->3,,not_run,passed=0 failed=0 skipped=0 total=0 reports=0 counted=0,,,,Defer; revisit through family-level compiler rewrites or new public evidence.,8
task252,14.453028,38062,37800,262,38,3201,3,3,nadeem_6252,public-anchor-candidate,candidate_v2;nadeem_6252,nadeem_6252,14.453028,38062,candidate_nadeem6252_plus_ours_38_score_n3,76,other,other,"train=3;test=1;shape_preserving,color_superset",in 3-8x3-8 -> out 3-8x3-8; pal 4->5,,not_run,passed=0 failed=0 skipped=0 total=0 reports=0 counted=0,,,,Defer; revisit through family-level compiler rewrites or new public evidence.,4
task253,14.215455,48269,47830,439,17,3510,3,3,candidate_v4,lb-verified-v4-anchor,afr1ste_5689;biohack44_6067;biohack44_6080;biohack44_6113;biohack44_super;candidate_v2;candidate_v4;current_best_6122;haoranran_6100;massimiliano_eda111;nadeem_6252;octavi_6042;octaviograu_6154,"current_best_6122,nadeem_6252,candidate_v4,biohack44_6113,biohack44_6067,octaviograu_6154,massimiliano_eda111,octavi_6042,haoranran_6100,afr1ste_5689,biohack44_super,biohack44_6080",14.215455,48269,afr1ste_5689_score_n3,76,reduce,reduce,"train=2;test=1;out_smaller,color_subset,color_superset,color_same,reduce",in 13-13x13-13 -> out 4-4x4-4; pal 6->6,matches_cherrypick_unsafe_public,not_run,passed=0 failed=0 skipped=0 total=0 reports=0 counted=0,,,,Require semantic proof and pseudo-hidden audit; no raw public-source swap.,15
task254,16.018318,7956,7798,158,49,4960,3,3,candidate_v4,lb-verified-v4-anchor,afr1ste_5689;biohack44_6080;biohack44_6113;candidate_v2;candidate_v4;current_best_6122;massimiliano_eda111,"current_best_6122,candidate_v4,biohack44_6113,massimiliano_eda111,afr1ste_5689,biohack44_6080",16.018318,7956,afr1ste_5689_score_n3,76,color_fill,color_fill,"train=2;test=1;shape_preserving,color_fill",in 9-9x9-9 -> out 9-9x9-9; pal 2->3,,not_run,passed=0 failed=0 skipped=0 total=0 reports=0 counted=0,,,,Route to family DSL/compiler search; record any exact rule.,0
task255,10.718956,1592864,1437216,155648,153,304897,3,3,v4_plus10_compiler2_unique,lb-verified-current-anchor,,"nadeem_6252,octaviograu_6154,biohack44_super",13.105875,146404,afr1ste_6284_score_n1,76,other,other,"train=3;test=1;shape_preserving,color_superset",in 30-30x30-30 -> out 30-30x30-30; pal 4->5,public_bottom15;public_big_gap;cost_monster_top30;low_score_bottom30,stress_mixed,passed=2226 failed=2364 skipped=2303 total=6893 reports=3 counted=2,prototype_task255.py;prototype_task255_v2.py,,task255_semantic_v2.md;task255_v2_pseudo_hidden.csv;task255_v2_pseudo_hidden.json;task255_v2_pseudo_hidden_summary.csv;task255_v2_rectangles.csv;task255_v2_split_examples.csv;task255_v2_split_summary.csv;task255_v2_summary.json,Retire brittle variants; rebuild semantic rectangle/gutter rule and demand clean pseudo-hidden before ONNX.,147
task256,15.041882,21123,20050,1073,40,4780,3,3,nadeem_6252,public-anchor-candidate,candidate_v2;nadeem_6252,nadeem_6252,15.041882,21123,candidate_nadeem6252_plus_ours_38_score_n3,76,other,other,"train=3;test=1;shape_preserving,color_superset",in 7-8x7-9 -> out 7-8x7-9; pal 2->4,,not_run,passed=0 failed=0 skipped=0 total=0 reports=0 counted=0,,,,Defer; revisit through family-level compiler rewrites or new public evidence.,2
task257,18.018065,1077,1024,53,20,1369,3,3,candidate_v4,lb-verified-v4-anchor,afr1ste_5689;biohack44_6080;biohack44_6113;candidate_v2;candidate_v4;current_best_6122;massimiliano_eda111;nadeem_6252,"current_best_6122,nadeem_6252,candidate_v4,biohack44_6113,massimiliano_eda111,afr1ste_5689,biohack44_6080",18.018065,1077,afr1ste_5689_score_n3,76,reduce,reduce,"train=6;test=1;out_smaller,color_subset,reduce",in 9-9x9-9 -> out 4-4x4-4; pal 6->5,,not_run,passed=0 failed=0 skipped=0 total=0 reports=0 counted=0,,,,Route to family DSL/compiler search; record any exact rule.,0
task258,19.924826,160,0,160,1,880,3,3,candidate_v4,lb-verified-v4-anchor,afr1ste_5689;biohack44_6113;candidate_v2;candidate_v4;current_best_6122;nadeem_6252,"current_best_6122,nadeem_6252,candidate_v4,biohack44_6113,afr1ste_5689",19.924826,160,afr1ste_5689_score_n3,76,other,other,"train=3;test=1;shape_preserving,color_superset",in 5-10x5-10 -> out 5-10x5-10; pal 2->3,,not_run,passed=0 failed=0 skipped=0 total=0 reports=0 counted=0,,,,Defer; revisit through family-level compiler rewrites or new public evidence.,0
task259,16.169018,6843,6793,50,30,3882,3,3,nadeem_6252,public-anchor-candidate,biohack44_super;candidate_v2;nadeem_6252;octaviograu_6154,"nadeem_6252,octaviograu_6154,biohack44_super",16.169018,6843,biohack44_super_score_n3,76,reduce,reduce,"train=3;test=1;out_smaller,reduce",in 5-7x6-7 -> out 2-3x2-3; pal 5->5,matches_cherrypick_unsafe_public,not_run,passed=0 failed=0 skipped=0 total=0 reports=0 counted=0,,,,Require semantic proof and pseudo-hidden audit; no raw public-source swap.,10
task260,15.568598,12474,12332,142,28,2263,3,3,candidate_v4,lb-verified-v4-anchor,afr1ste_5689;biohack44_6080;biohack44_6113;candidate_v2;candidate_v4;current_best_6122;massimiliano_eda111;nadeem_6252,"current_best_6122,nadeem_6252,candidate_v4,biohack44_6113,massimiliano_eda111,afr1ste_5689,biohack44_6080",15.568598,12474,afr1ste_5689_score_n3,76,color_remap,color_remap,"train=3;test=1;shape_preserving,color_subset,color_remap",in 10-10x10-10 -> out 10-10x10-10; pal 5->4,,not_run,passed=0 failed=0 skipped=0 total=0 reports=0 counted=0,,,,Route to family DSL/compiler search; record any exact rule.,0
task261,19.701683,200,0,200,1,995,3,3,candidate_v4,lb-verified-v4-anchor,afr1ste_5689;biohack44_6067;biohack44_6080;biohack44_6113;biohack44_super;candidate_v2;candidate_v4;current_best_6122;haoranran_6100;massimiliano_eda111;nadeem_6252;octavi_6042;octaviograu_6154,"current_best_6122,nadeem_6252,candidate_v4,biohack44_6113,biohack44_6067,octaviograu_6154,massimiliano_eda111,octavi_6042,haoranran_6100,afr1ste_5689,biohack44_super,biohack44_6080",19.701683,200,afr1ste_5689_score_n3,76,color_fill,color_fill,"train=3;test=1;shape_preserving,color_fill",in 3-5x3-5 -> out 3-5x3-5; pal 2->2,matches_cherrypick_unsafe_public,not_run,passed=0 failed=0 skipped=0 total=0 reports=0 counted=0,,,,Require semantic proof and pseudo-hidden audit; no raw public-source swap.,10
task262,16.765170,3770,3744,26,8,903,3,3,candidate_v4,lb-verified-v4-anchor,candidate_v2;candidate_v4;nadeem_6252,"nadeem_6252,candidate_v4",16.765170,3770,candidate_nadeem6252_plus_ours_38_score_n3,76,color_fill,color_fill,"train=4;test=1;shape_preserving,color_disjoint,color_fill",in 3-3x3-3 -> out 3-3x3-3; pal 2->3,,not_run,passed=0 failed=0 skipped=0 total=0 reports=0 counted=0,,,,Route to family DSL/compiler search; record any exact rule.,0
task263,16.005828,8056,8004,52,159,7427,3,3,candidate_v4,lb-verified-v4-anchor,biohack44_6080;biohack44_6113;candidate_v2;candidate_v4;current_best_6122;massimiliano_eda111,"current_best_6122,candidate_v4,biohack44_6113,massimiliano_eda111,biohack44_6080",16.006076,8054,afr1ste_5689_score_n3,76,reduce,reduce,"train=4;test=1;out_smaller,color_subset,reduce",in 3-12x3-15 -> out 3-3x3-3; pal 8->4,,not_run,passed=0 failed=0 skipped=0 total=0 reports=0 counted=0,,,,Route to family DSL/compiler search; record any exact rule.,0
task264,13.155213,139356,138584,772,115,9904,3,3,v4_plus10_compiler2_unique,lb-verified-current-anchor,,"current_best_6122,candidate_v4,biohack44_6113,biohack44_6067,octaviograu_6154,massimiliano_eda111,octavi_6042,haoranran_6100,afr1ste_5689,biohack44_super,biohack44_6080",13.716035,79536,candidate_nadeem6252_plus_ours_38_score_n3,76,reduce,reduce,"train=2;test=1;out_smaller,color_subset,reduce",in 14-16x14-14 -> out 9-9x9-9; pal 10->9,cost_monster_top30;low_score_bottom30,not_run,passed=0 failed=0 skipped=0 total=0 reports=0 counted=0,,,,"Open semantic-factory pass: inspect examples, write prototype, then stress-test.",49
task265,14.408076,39812,39681,131,32,3110,3,3,candidate_v4,lb-verified-v4-anchor,biohack44_6067;biohack44_6080;biohack44_6113;biohack44_super;candidate_v2;candidate_v4;current_best_6122;haoranran_6100;massimiliano_eda111;nadeem_6252;octavi_6042;octaviograu_6154,"current_best_6122,nadeem_6252,candidate_v4,biohack44_6113,biohack44_6067,octaviograu_6154,massimiliano_eda111,octavi_6042,haoranran_6100,biohack44_super,biohack44_6080",14.424538,39162,afr1ste_5689_score_n3,76,other,other,"train=3;test=1;shape_preserving,color_superset",in 18-18x18-18 -> out 18-18x18-18; pal 2->3,matches_cherrypick_unsafe_public,not_run,passed=0 failed=0 skipped=0 total=0 reports=0 counted=0,,,,Require semantic proof and pseudo-hidden audit; no raw public-source swap.,14
task266,18.186555,910,0,910,1,3825,3,3,candidate_v4,lb-verified-v4-anchor,afr1ste_5689;biohack44_6067;biohack44_6080;biohack44_6113;biohack44_super;candidate_v2;candidate_v4;current_best_6122;haoranran_6100;massimiliano_eda111;nadeem_6252;octavi_6042;octaviograu_6154,"current_best_6122,nadeem_6252,candidate_v4,biohack44_6113,biohack44_6067,octaviograu_6154,massimiliano_eda111,octavi_6042,haoranran_6100,afr1ste_5689,biohack44_super,biohack44_6080",18.186555,910,afr1ste_5689_score_n3,76,color_fill,color_fill,"train=4;test=1;shape_preserving,color_fill",in 3-3x5-5 -> out 3-3x5-5; pal 2->5,matches_cherrypick_unsafe_public,not_run,passed=0 failed=0 skipped=0 total=0 reports=0 counted=0,,,,Require semantic proof and pseudo-hidden audit; no raw public-source swap.,10
task267,17.904107,1207,1160,47,11,1202,3,3,v4_plus10_compiler2_unique,lb-verified-current-anchor,,"current_best_6122,candidate_v4,biohack44_6113,massimiliano_eda111,afr1ste_5689,biohack44_6080",17.904107,1207,candidate_v4_plus10_compiler2_score_n3,76,color_remap,color_remap,"train=2;test=1;shape_preserving,color_subset,color_remap",in 7-7x7-7 -> out 7-7x7-7; pal 5->3,,not_run,passed=0 failed=0 skipped=0 total=0 reports=0 counted=0,,,,Route to family DSL/compiler search; record any exact rule.,0
task268,14.983764,22387,22288,99,180,13356,3,3,candidate_v4,lb-verified-v4-anchor,afr1ste_5689;biohack44_6080;biohack44_6113;candidate_v2;candidate_v4;current_best_6122;massimiliano_eda111;nadeem_6252,"current_best_6122,nadeem_6252,candidate_v4,biohack44_6113,massimiliano_eda111,afr1ste_5689,biohack44_6080",14.983764,22387,afr1ste_5689_score_n3,76,other,other,"train=3;test=1;shape_preserving,color_superset",in 6-9x6-9 -> out 6-9x6-9; pal 4->5,,not_run,passed=0 failed=0 skipped=0 total=0 reports=0 counted=0,,,,Defer; revisit through family-level compiler rewrites or new public evidence.,2
task269,15.940250,8602,8506,96,31,2336,3,3,candidate_v4,lb-verified-v4-anchor,afr1ste_5689;biohack44_6080;biohack44_6113;candidate_v2;candidate_v4;current_best_6122;massimiliano_eda111;nadeem_6252,"current_best_6122,nadeem_6252,candidate_v4,biohack44_6113,massimiliano_eda111,afr1ste_5689,biohack44_6080",15.940250,8602,afr1ste_5689_score_n3,76,tiling,tiling,"train=3;test=1;tile,out_larger,color_subset,color_superset,color_same",in 3-3x3-3 -> out 6-15x6-15; pal 8->8,,not_run,passed=0 failed=0 skipped=0 total=0 reports=0 counted=0,,,,Route to family DSL/compiler search; record any exact rule.,0
task270,14.785321,27301,26116,1185,96,13845,3,3,nadeem_6252,public-anchor-candidate,candidate_v2;nadeem_6252,nadeem_6252,14.785321,27301,candidate_nadeem6252_plus_ours_38_score_n3,76,symmetry/flip/rotate,symmetry/flip/rotate,"train=3;test=1;shape_preserving,color_subset,color_superset,color_same,symmetry_candidate",in 15-15x15-15 -> out 15-15x15-15; pal 5->5,,not_run,passed=0 failed=0 skipped=0 total=0 reports=0 counted=0,,,,Route to family DSL/compiler search; record any exact rule.,3
task271,14.725259,28991,28928,63,22,1993,3,3,candidate_v4,lb-verified-v4-anchor,afr1ste_5689;biohack44_6067;biohack44_6080;biohack44_6113;biohack44_super;candidate_v2;candidate_v4;current_best_6122;haoranran_6100;massimiliano_eda111;nadeem_6252;octavi_6042;octaviograu_6154,"current_best_6122,nadeem_6252,candidate_v4,biohack44_6113,biohack44_6067,octaviograu_6154,massimiliano_eda111,octavi_6042,haoranran_6100,afr1ste_5689,biohack44_super,biohack44_6080",14.725259,28991,afr1ste_5689_score_n3,76,crop,crop,"train=4;test=1;crop,out_smaller,color_subset",in 9-9x9-9 -> out 3-3x3-3; pal 3->2,matches_cherrypick_unsafe_public,not_run,passed=0 failed=0 skipped=0 total=0 reports=0 counted=0,,,,Require semantic proof and pseudo-hidden audit; no raw public-source swap.,13
task272,18.186555,910,0,910,1,3825,3,3,candidate_v4,lb-verified-v4-anchor,afr1ste_5689;biohack44_6067;biohack44_6080;biohack44_6113;biohack44_super;candidate_v2;candidate_v4;current_best_6122;haoranran_6100;massimiliano_eda111;nadeem_6252;octavi_6042;octaviograu_6154,"current_best_6122,nadeem_6252,candidate_v4,biohack44_6113,biohack44_6067,octaviograu_6154,massimiliano_eda111,octavi_6042,haoranran_6100,afr1ste_5689,biohack44_super,biohack44_6080",18.186555,910,afr1ste_5689_score_n3,76,other,other,"train=4;test=1;shape_preserving,color_superset",in 3-5x3-4 -> out 3-5x3-4; pal 2->3,matches_cherrypick_unsafe_public,not_run,passed=0 failed=0 skipped=0 total=0 reports=0 counted=0,,,,Require semantic proof and pseudo-hidden audit; no raw public-source swap.,10
task273,16.294338,6037,6000,37,22,2414,3,3,candidate_v4,lb-verified-v4-anchor,biohack44_6067;biohack44_6080;biohack44_6113;biohack44_super;candidate_v2;candidate_v4;current_best_6122;haoranran_6100;massimiliano_eda111;nadeem_6252;octavi_6042;octaviograu_6154,"current_best_6122,nadeem_6252,candidate_v4,biohack44_6113,biohack44_6067,octaviograu_6154,massimiliano_eda111,octavi_6042,haoranran_6100,biohack44_super,biohack44_6080",16.311041,5937,afr1ste_5689_score_n3,76,other,other,"train=3;test=1;shape_preserving,color_superset",in 10-10x10-10 -> out 10-10x10-10; pal 2->3,matches_cherrypick_unsafe_public,not_run,passed=0 failed=0 skipped=0 total=0 reports=0 counted=0,,,,Require semantic proof and pseudo-hidden audit; no raw public-source swap.,10
task274,15.942694,8581,8192,389,16,3619,3,3,nadeem_6252,public-anchor-candidate,biohack44_super;candidate_v2;nadeem_6252;octaviograu_6154,"nadeem_6252,octaviograu_6154,biohack44_super",15.942694,8581,biohack44_super_score_n3,76,reduce,reduce,"train=6;test=1;out_smaller,color_subset,reduce",in 5-9x6-9 -> out 3-3x3-3; pal 3->2,matches_cherrypick_unsafe_public,not_run,passed=0 failed=0 skipped=0 total=0 reports=0 counted=0,,,,Require semantic proof and pseudo-hidden audit; no raw public-source swap.,10
task275,13.662810,83884,81110,2774,253,24193,3,3,candidate_v4,lb-verified-v4-anchor,biohack44_6067;biohack44_6080;biohack44_6113;biohack44_super;candidate_v2;candidate_v4;current_best_6122;haoranran_6100;massimiliano_eda111;nadeem_6252;octavi_6042;octaviograu_6154,"current_best_6122,nadeem_6252,candidate_v4,biohack44_6113,biohack44_6067,octaviograu_6154,massimiliano_eda111,octavi_6042,haoranran_6100,biohack44_super,biohack44_6080",13.662869,83879,afr1ste_5689_score_n3,76,expand,expand,"train=3;test=1;out_larger,color_subset,expand",in 3-4x6-8 -> out 9-16x9-16; pal 6->5,matches_cherrypick_unsafe_public,not_run,passed=0 failed=0 skipped=0 total=0 reports=0 counted=0,,,,Require semantic proof and pseudo-hidden audit; no raw public-source swap.,17
task276,22.697415,10,0,10,1,217,3,3,candidate_v4,lb-verified-v4-anchor,afr1ste_5689;biohack44_6067;biohack44_6080;biohack44_6113;biohack44_super;candidate_v2;candidate_v4;current_best_6122;haoranran_6100;konbu17_v36;massimiliano_eda111;nadeem_6252;octavi_6042;octaviograu_6154,"current_best_6122,nadeem_6252,candidate_v4,biohack44_6113,biohack44_6067,konbu17_v36,octaviograu_6154,massimiliano_eda111,octavi_6042,haoranran_6100,afr1ste_5689,biohack44_super,biohack44_6080",22.697415,10,afr1ste_5689_score_n3,76,covered_or_unclassified,covered_or_unclassified,covered_by_existing_dsl_or_missing_feature_report,in 3-6x4-6 -> out 3-6x4-6; pal 2->2,matches_cherrypick_unsafe_public,not_run,passed=0 failed=0 skipped=0 total=0 reports=0 counted=0,,,,Require semantic proof and pseudo-hidden audit; no raw public-source swap.,10
task277,15.410059,14617,14367,250,60,6687,3,3,candidate_v4,lb-verified-v4-anchor,biohack44_super;candidate_v2;candidate_v4;nadeem_6252;octaviograu_6154,"nadeem_6252,candidate_v4,octaviograu_6154,biohack44_super",15.410059,14617,biohack44_super_score_n3,76,color_fill,color_fill,"train=3;test=1;shape_preserving,color_fill",in 10-10x10-10 -> out 10-10x10-10; pal 2->3,matches_cherrypick_unsafe_public,not_run,passed=0 failed=0 skipped=0 total=0 reports=0 counted=0,,,,Require semantic proof and pseudo-hidden audit; no raw public-source swap.,11
task278,14.554682,34383,34020,363,16,2285,3,3,candidate_v4,lb-verified-v4-anchor,afr1ste_5689;biohack44_6080;biohack44_6113;candidate_v2;candidate_v4;current_best_6122;massimiliano_eda111;nadeem_6252,"current_best_6122,nadeem_6252,candidate_v4,biohack44_6113,massimiliano_eda111,afr1ste_5689,biohack44_6080",14.554682,34383,afr1ste_5689_score_n3,76,other,other,"train=2;test=1;shape_preserving,color_superset",in 15-15x16-18 -> out 15-15x16-18; pal 2->3,,not_run,passed=0 failed=0 skipped=0 total=0 reports=0 counted=0,,,,Defer; revisit through family-level compiler rewrites or new public evidence.,4
task279,14.821536,26330,25144,1186,52,10314,3,3,nadeem_6252,public-anchor-candidate,candidate_v2;nadeem_6252,nadeem_6252,14.821536,26330,candidate_nadeem6252_plus_ours_38_score_n3,76,other,other,"train=4;test=1;shape_preserving,color_superset",in 9-14x11-15 -> out 9-14x11-15; pal 2->3,,not_run,passed=0 failed=0 skipped=0 total=0 reports=0 counted=0,,,,Defer; revisit through family-level compiler rewrites or new public evidence.,3
task280,13.586829,90506,89626,880,144,10565,3,3,candidate_v4,lb-verified-v4-anchor,candidate_v2;candidate_v4;nadeem_6252,"nadeem_6252,candidate_v4",13.586829,90506,candidate_nadeem6252_plus_ours_38_score_n3,76,symmetry/flip/rotate,symmetry/flip/rotate,"train=4;test=1;shape_preserving,color_subset,color_superset,color_same,symmetry_candidate",in 10-20x10-20 -> out 10-20x10-20; pal 3->3,,not_run,passed=0 failed=0 skipped=0 total=0 reports=0 counted=0,,,,Route to family DSL/compiler search; record any exact rule.,7
task281,13.597168,89575,88588,987,64,7659,3,3,candidate_v4,lb-verified-v4-anchor,biohack44_6067;biohack44_6080;biohack44_6113;biohack44_super;candidate_v2;candidate_v4;current_best_6122;haoranran_6100;massimiliano_eda111;nadeem_6252;octavi_6042;octaviograu_6154,"current_best_6122,nadeem_6252,candidate_v4,biohack44_6113,biohack44_6067,octaviograu_6154,massimiliano_eda111,octavi_6042,haoranran_6100,biohack44_super,biohack44_6080",13.607944,88615,afr1ste_5689_score_n3,76,color_remap,color_remap,"train=3;test=1;shape_preserving,color_subset,color_remap",in 11-13x11-12 -> out 11-13x11-12; pal 6->5,matches_cherrypick_unsafe_public,not_run,passed=0 failed=0 skipped=0 total=0 reports=0 counted=0,,,,Require semantic proof and pseudo-hidden audit; no raw public-source swap.,17
task282,18.197605,900,0,900,1,3798,0,3,candidate_v4,lb-verified-v4-anchor,afr1ste_5689;biohack44_6067;biohack44_6080;biohack44_6113;biohack44_super;candidate_v2;candidate_v4;current_best_6122;haoranran_6100;massimiliano_eda111;nadeem_6252;octavi_6042;octaviograu_6154,"current_best_6122,nadeem_6252,candidate_v4,biohack44_6113,biohack44_6067,octaviograu_6154,massimiliano_eda111,octavi_6042,haoranran_6100,afr1ste_5689,biohack44_super,biohack44_6080",18.197605,900,afr1ste_5689_score_n3,76,other,other,"train=2;test=1;shape_preserving,color_superset",in 9-9x9-9 -> out 9-9x9-9; pal 2->3,local_visible_not_full_pass;matches_cherrypick_unsafe_public,not_run,passed=0 failed=0 skipped=0 total=0 reports=0 counted=0,,,,Require semantic proof and pseudo-hidden audit; no raw public-source swap.,10
task283,18.186555,910,0,910,1,3825,3,3,candidate_v4,lb-verified-v4-anchor,afr1ste_5689;biohack44_6067;biohack44_6080;biohack44_6113;biohack44_super;candidate_v2;candidate_v4;current_best_6122;haoranran_6100;massimiliano_eda111;nadeem_6252;octavi_6042;octaviograu_6154,"current_best_6122,nadeem_6252,candidate_v4,biohack44_6113,biohack44_6067,octaviograu_6154,massimiliano_eda111,octavi_6042,haoranran_6100,afr1ste_5689,biohack44_super,biohack44_6080",18.186555,910,afr1ste_5689_score_n3,76,color_fill,color_fill,"train=2;test=1;shape_preserving,color_fill",in 10-10x10-10 -> out 10-10x10-10; pal 2->4,matches_cherrypick_unsafe_public,not_run,passed=0 failed=0 skipped=0 total=0 reports=0 counted=0,,,,Require semantic proof and pseudo-hidden audit; no raw public-source swap.,10
task284,13.475808,101133,99157,1976,125,23013,3,3,v4_plus10_compiler2_unique,lb-verified-current-anchor,,"nadeem_6252,candidate_v4,afr1ste_5689",13.475808,101133,candidate_v4_plus10_compiler2_score_n3,76,symmetry/flip/rotate,symmetry/flip/rotate,"train=3;test=1;shape_preserving,color_subset,color_superset,color_same,symmetry_candidate",in 10-14x10-18 -> out 10-14x10-18; pal 6->6,,not_run,passed=0 failed=0 skipped=0 total=0 reports=0 counted=0,,,,Route to family DSL/compiler search; record any exact rule.,8
task285,12.112175,395468,390848,4620,279,36534,3,3,v4_plus10_compiler2_unique,lb-verified-current-anchor,,nadeem_6252,12.935514,173596,afr1ste_6284_score_n1,76,symmetry/flip/rotate,symmetry/flip/rotate,"train=3;test=1;shape_preserving,color_subset,color_superset,color_same,symmetry_candidate",in 14-30x14-30 -> out 14-30x14-30; pal 8->8,public_bottom15;public_big_gap;public_overfit_risk;cost_monster_top30;low_score_bottom30,stress_clean,passed=3375 failed=0 skipped=70 total=3445 reports=1 counted=1,prototype_task285_v2.py,,task285_semantic_v2.md;task285_v2_hypotheses.csv;task285_v2_leave_one_out.csv;task285_v2_pseudo_hidden.csv;task285_v2_structure.csv;task285_v2_summary.json,"Compile a compact ONNX builder, then cost-audit against the anchor.",147
task286,13.011269,160931,159629,1302,168,19603,3,3,candidate_v4,lb-verified-v4-anchor,candidate_v2;candidate_v4;current_best_6122,"current_best_6122,candidate_v4",13.011269,160931,candidate_bio_t200_t084_score_n3,76,symmetry/flip/rotate,symmetry/flip/rotate,"train=2;test=1;shape_preserving,color_subset,color_superset,color_same,symmetry_candidate",in 11-13x14-24 -> out 11-13x14-24; pal 6->6,public_bottom15;cost_monster_top30;low_score_bottom30,not_run,passed=0 failed=0 skipped=0 total=0 reports=0 counted=0,,,,"Open semantic-factory pass: inspect examples, write prototype, then stress-test.",79
task287,14.975800,22566,22528,38,22,1686,3,3,candidate_v4,lb-verified-v4-anchor,afr1ste_5689;candidate_v2;candidate_v4;current_best_6122;nadeem_6252,"current_best_6122,nadeem_6252,candidate_v4,afr1ste_5689",14.975800,22566,afr1ste_5689_score_n3,76,color_remap,color_remap,"train=4;test=1;shape_preserving,color_subset,color_remap",in 16-16x16-16 -> out 16-16x16-16; pal 9->8,,not_run,passed=0 failed=0 skipped=0 total=0 reports=0 counted=0,,,,Route to family DSL/compiler search; record any exact rule.,2
task288,14.632558,31807,31766,41,54,5948,3,3,candidate_v4,lb-verified-v4-anchor,afr1ste_5689;candidate_v2;candidate_v4;current_best_6122;nadeem_6252,"current_best_6122,nadeem_6252,candidate_v4,afr1ste_5689",14.632558,31807,afr1ste_5689_score_n3,76,symmetry/flip/rotate,symmetry/flip/rotate,"train=4;test=1;shape_preserving,color_subset,color_superset,color_same,symmetry_candidate",in 3-7x3-7 -> out 3-7x3-7; pal 7->7,,not_run,passed=0 failed=0 skipped=0 total=0 reports=0 counted=0,,,,Route to family DSL/compiler search; record any exact rule.,4
task289,14.860176,25332,25252,80,28,2041,3,3,candidate_v4,lb-verified-v4-anchor,biohack44_6080;biohack44_6113;candidate_v2;candidate_v4;current_best_6122;massimiliano_eda111;nadeem_6252,"current_best_6122,nadeem_6252,candidate_v4,biohack44_6113,massimiliano_eda111,biohack44_6080",14.874490,24972,afr1ste_5689_score_n3,76,tiling,tiling,"train=5;test=1;tile,out_larger,color_subset,color_superset,color_same",in 3-3x3-3 -> out 6-12x6-12; pal 9->9,,not_run,passed=0 failed=0 skipped=0 total=0 reports=0 counted=0,,,,Route to family DSL/compiler search; record any exact rule.,3
task290,15.631972,11708,11614,94,32,3323,3,3,candidate_v4,lb-verified-v4-anchor,afr1ste_5689;candidate_v2;candidate_v4;nadeem_6252,"nadeem_6252,candidate_v4,afr1ste_5689",15.631972,11708,afr1ste_5689_score_n3,76,reduce,reduce,"train=3;test=1;out_smaller,color_subset,reduce",in 12-12x11-13 -> out 3-5x3-5; pal 6->5,,not_run,passed=0 failed=0 skipped=0 total=0 reports=0 counted=0,,,,Route to family DSL/compiler search; record any exact rule.,0
task291,16.627370,4327,3396,931,22,6009,3,3,candidate_v4,lb-verified-v4-anchor,afr1ste_5689;biohack44_6067;biohack44_6080;biohack44_6113;biohack44_super;candidate_v2;candidate_v4;current_best_6122;haoranran_6100;massimiliano_eda111;nadeem_6252;octavi_6042;octaviograu_6154,"current_best_6122,nadeem_6252,candidate_v4,biohack44_6113,biohack44_6067,octaviograu_6154,massimiliano_eda111,octavi_6042,haoranran_6100,afr1ste_5689,biohack44_super,biohack44_6080",16.627370,4327,afr1ste_5689_score_n3,76,scalar_output,scalar_output;crop,"train=3;test=1;crop,out_smaller,color_subset,scalar_output",in 15-16x13-17 -> out 1-1x1-1; pal 9->3,matches_cherrypick_unsafe_public,not_run,passed=0 failed=0 skipped=0 total=0 reports=0 counted=0,,,,Require semantic proof and pseudo-hidden audit; no raw public-source swap.,10
task292,16.250902,6305,6240,65,7,1065,3,3,nadeem_6252,public-anchor-candidate,candidate_v2;nadeem_6252,nadeem_6252,16.250902,6305,candidate_nadeem6252_plus_ours_38_score_n3,76,other,other,"train=5;test=1;shape_preserving,color_superset",in 3-3x10-14 -> out 3-3x10-14; pal 2->3,,not_run,passed=0 failed=0 skipped=0 total=0 reports=0 counted=0,,,,Defer; revisit through family-level compiler rewrites or new public evidence.,0
task293,14.882894,24763,24267,496,52,8093,3,3,v4_plus10_compiler2_unique,lb-verified-current-anchor,,"nadeem_6252,octaviograu_6154,biohack44_super",14.882894,24763,candidate_nadeem6252_plus_ours_v3_score_n3,76,symmetry/flip/rotate,symmetry/flip/rotate,"train=4;test=1;shape_preserving,color_subset,color_superset,color_same,symmetry_candidate",in 7-13x6-13 -> out 7-13x6-13; pal 7->7,,not_run,passed=0 failed=0 skipped=0 total=0 reports=0 counted=0,,,,Route to family DSL/compiler search; record any exact rule.,3
task294,18.186555,910,0,910,1,3825,3,3,candidate_v4,lb-verified-v4-anchor,afr1ste_5689;biohack44_6067;biohack44_6080;biohack44_6113;biohack44_super;candidate_v2;candidate_v4;current_best_6122;haoranran_6100;massimiliano_eda111;nadeem_6252;octavi_6042;octaviograu_6154,"current_best_6122,nadeem_6252,candidate_v4,biohack44_6113,biohack44_6067,octaviograu_6154,massimiliano_eda111,octavi_6042,haoranran_6100,afr1ste_5689,biohack44_super,biohack44_6080",18.186555,910,afr1ste_5689_score_n3,76,other,other,"train=2;test=1;shape_preserving,color_superset",in 10-10x10-10 -> out 10-10x10-10; pal 2->3,matches_cherrypick_unsafe_public,not_run,passed=0 failed=0 skipped=0 total=0 reports=0 counted=0,,,,Require semantic proof and pseudo-hidden audit; no raw public-source swap.,10
task295,15.588680,12226,12161,65,23,1956,3,3,candidate_v4,lb-verified-v4-anchor,afr1ste_5689;biohack44_6080;biohack44_6113;candidate_v2;candidate_v4;current_best_6122;massimiliano_eda111;nadeem_6252,"current_best_6122,nadeem_6252,candidate_v4,biohack44_6113,massimiliano_eda111,afr1ste_5689,biohack44_6080",15.591629,12190,massim_part4_6255_score_n1,76,tiling,tiling,"train=5;test=1;tile,out_larger,color_subset,color_superset,color_same",in 1-1x6-10 -> out 3-5x6-10; pal 6->6,,not_run,passed=0 failed=0 skipped=0 total=0 reports=0 counted=0,,,,Route to family DSL/compiler search; record any exact rule.,0
task296,16.679552,4107,3762,345,10,2803,3,3,v4_plus10_compiler2_unique,lb-verified-current-anchor,,"current_best_6122,nadeem_6252,candidate_v4,biohack44_6113,biohack44_6067,octaviograu_6154,massimiliano_eda111,octavi_6042,haoranran_6100,afr1ste_5689,biohack44_super,biohack44_6080",16.679552,4107,candidate_v4_plus10_compiler2_score_n3,76,reduce,reduce,"train=5;test=1;out_smaller,color_subset,color_superset,color_same,reduce",in 5-5x7-7 -> out 3-3x3-3; pal 5->5,,not_run,passed=0 failed=0 skipped=0 total=0 reports=0 counted=0,,,,Route to family DSL/compiler search; record any exact rule.,0
task297,15.876089,9172,9076,96,24,2373,3,3,nadeem_6252,public-anchor-candidate,afr1ste_5689;candidate_v2;nadeem_6252,"nadeem_6252,afr1ste_5689",15.876089,9172,afr1ste_5689_score_n3,76,color_remap,color_remap,"train=3;test=1;shape_preserving,color_subset,color_remap",in 6-10x2-4 -> out 6-10x2-4; pal 7->6,,not_run,passed=0 failed=0 skipped=0 total=0 reports=0 counted=0,,,,Route to family DSL/compiler search; record any exact rule.,0
task298,15.390078,14912,14378,534,35,4436,3,3,candidate_v4,lb-verified-v4-anchor,candidate_v2;candidate_v4;current_best_6122,"current_best_6122,candidate_v4",15.390078,14912,candidate_bio_t200_t084_score_n3,76,symmetry/flip/rotate,symmetry/flip/rotate,"train=3;test=2;shape_preserving,color_subset,color_superset,color_same,symmetry_candidate",in 6-8x6-8 -> out 6-8x6-8; pal 7->7,,not_run,passed=0 failed=0 skipped=0 total=0 reports=0 counted=0,,,,Route to family DSL/compiler search; record any exact rule.,1
task299,17.510029,1790,1728,62,21,1405,3,3,candidate_v4,lb-verified-v4-anchor,afr1ste_5689;biohack44_6080;biohack44_6113;candidate_v2;candidate_v4;current_best_6122;massimiliano_eda111;nadeem_6252,"current_best_6122,nadeem_6252,candidate_v4,biohack44_6113,massimiliano_eda111,afr1ste_5689,biohack44_6080",17.510029,1790,afr1ste_5689_score_n3,76,other,other,"train=2;test=1;shape_preserving,color_superset",in 6-6x6-6 -> out 6-6x6-6; pal 3->4,,not_run,passed=0 failed=0 skipped=0 total=0 reports=0 counted=0,,,,Defer; revisit through family-level compiler rewrites or new public evidence.,0
task300,13.741373,77546,77438,108,43,4454,3,3,nadeem_6252,public-anchor-candidate,candidate_v2;nadeem_6252,nadeem_6252,13.741373,77546,candidate_nadeem6252_plus_ours_38_score_n3,76,crop,crop,"train=4;test=1;crop,out_smaller,color_subset",in 5-7x9-13 -> out 3-4x2-3; pal 8->4,,not_run,passed=0 failed=0 skipped=0 total=0 reports=0 counted=0,,,,Route to family DSL/compiler search; record any exact rule.,7
task301,14.004690,59594,57740,1854,48,19355,3,3,v4_plus10_compiler2_unique,lb-verified-current-anchor,,"nadeem_6252,octaviograu_6154,biohack44_super",14.004690,59594,candidate_v4_plus10_compiler2_score_n3,76,symmetry/flip/rotate,symmetry/flip/rotate,"train=3;test=1;shape_preserving,color_subset,color_superset,color_same,symmetry_candidate",in 3-10x3-7 -> out 3-10x3-7; pal 8->8,,not_run,passed=0 failed=0 skipped=0 total=0 reports=0 counted=0,,,,Route to family DSL/compiler search; record any exact rule.,6
task302,16.038634,7796,7776,20,43,4372,3,3,candidate_v4,lb-verified-v4-anchor,biohack44_super;candidate_v2;candidate_v4;nadeem_6252;octaviograu_6154,"nadeem_6252,candidate_v4,octaviograu_6154,biohack44_super",16.038634,7796,biohack44_super_score_n3,76,other,other,"train=3;test=1;shape_preserving,color_superset",in 12-12x12-12 -> out 12-12x12-12; pal 2->5,matches_cherrypick_unsafe_public,not_run,passed=0 failed=0 skipped=0 total=0 reports=0 counted=0,,,,Require semantic proof and pseudo-hidden audit; no raw public-source swap.,10
task303,13.701382,80710,80400,310,8,2084,3,3,candidate_v4,lb-verified-v4-anchor,afr1ste_5689;biohack44_6067;biohack44_6113;biohack44_super;candidate_v2;candidate_v4;current_best_6122;haoranran_6100;massimiliano_eda111;nadeem_6252;octavi_6042;octaviograu_6154,"current_best_6122,nadeem_6252,candidate_v4,biohack44_6113,biohack44_6067,octaviograu_6154,massimiliano_eda111,octavi_6042,haoranran_6100,afr1ste_5689,biohack44_super",14.023047,58510,biohack44_6080_score_n3,76,other,other,"train=3;test=1;shape_preserving,color_superset",in 12-17x14-19 -> out 12-17x14-19; pal 4->5,matches_cherrypick_unsafe_public,not_run,passed=0 failed=0 skipped=0 total=0 reports=0 counted=0,,,,Require semantic proof and pseudo-hidden audit; no raw public-source swap.,17
task304,15.418510,14494,14476,18,17,1814,3,3,nadeem_6252,public-anchor-candidate,candidate_v2;nadeem_6252,nadeem_6252,15.418510,14494,candidate_nadeem6252_plus_ours_38_score_n3,76,tiling,tiling,"train=3;test=1;tile,out_larger,color_superset",in 3-3x3-3 -> out 9-9x9-9; pal 6->7,,not_run,passed=0 failed=0 skipped=0 total=0 reports=0 counted=0,,,,Route to family DSL/compiler search; record any exact rule.,1
task305,16.718023,3952,3668,284,6,1865,3,3,candidate_v4,lb-verified-v4-anchor,afr1ste_5689;biohack44_6067;biohack44_6080;biohack44_6113;biohack44_super;candidate_v2;candidate_v4;current_best_6122;haoranran_6100;massimiliano_eda111;nadeem_6252;octavi_6042;octaviograu_6154,"current_best_6122,nadeem_6252,candidate_v4,biohack44_6113,biohack44_6067,octaviograu_6154,massimiliano_eda111,octavi_6042,haoranran_6100,afr1ste_5689,biohack44_super,biohack44_6080",16.718023,3952,afr1ste_5689_score_n3,76,color_remap,color_remap,"train=3;test=1;shape_preserving,color_subset,color_remap",in 16-16x16-16 -> out 16-16x16-16; pal 8->7,matches_cherrypick_unsafe_public,not_run,passed=0 failed=0 skipped=0 total=0 reports=0 counted=0,,,,Require semantic proof and pseudo-hidden audit; no raw public-source swap.,10
task306,13.926448,64444,64374,70,33,4155,3,3,candidate_v4,lb-verified-v4-anchor,biohack44_super;candidate_v2;candidate_v4;nadeem_6252;octaviograu_6154,"nadeem_6252,candidate_v4,octaviograu_6154,biohack44_super",13.926448,64444,biohack44_super_score_n3,76,symmetry/flip/rotate,symmetry/flip/rotate,"train=2;test=1;shape_preserving,color_subset,color_superset,color_same,symmetry_candidate",in 19-19x9-19 -> out 19-19x9-19; pal 8->8,matches_cherrypick_unsafe_public,not_run,passed=0 failed=0 skipped=0 total=0 reports=0 counted=0,,,,Require semantic proof and pseudo-hidden audit; no raw public-source swap.,16
task307,17.504458,1800,0,1800,1,7454,3,3,candidate_v4,lb-verified-v4-anchor,afr1ste_5689;biohack44_6067;biohack44_6080;biohack44_6113;biohack44_super;candidate_v2;candidate_v4;current_best_6122;haoranran_6100;konbu17_v36;massimiliano_eda111;nadeem_6252;octavi_6042;octaviograu_6154,"current_best_6122,nadeem_6252,candidate_v4,biohack44_6113,biohack44_6067,konbu17_v36,octaviograu_6154,massimiliano_eda111,octavi_6042,haoranran_6100,afr1ste_5689,biohack44_super,biohack44_6080",17.504458,1800,afr1ste_5689_score_n3,76,tiling,tiling,"train=3;test=1;tile,out_larger,color_subset,color_superset,color_same",in 2-4x2-4 -> out 4-8x4-8; pal 5->5,matches_cherrypick_unsafe_public,not_run,passed=0 failed=0 skipped=0 total=0 reports=0 counted=0,,,,Require semantic proof and pseudo-hidden audit; no raw public-source swap.,10
task308,15.104595,19839,19738,101,58,5898,3,3,v4_plus10_compiler2_unique,lb-verified-current-anchor,,"nadeem_6252,candidate_v4",15.104595,19839,candidate_v4_plus10_compiler2_score_n3,76,reduce,reduce,"train=3;test=1;out_smaller,color_subset,color_superset,color_same,reduce",in 10-12x8-14 -> out 3-5x3-5; pal 6->6,,not_run,passed=0 failed=0 skipped=0 total=0 reports=0 counted=0,,,,Route to family DSL/compiler search; record any exact rule.,2
task309,22.697415,10,0,10,1,217,3,3,candidate_v4,lb-verified-v4-anchor,afr1ste_5689;biohack44_6067;biohack44_6080;biohack44_6113;biohack44_super;candidate_v2;candidate_v4;current_best_6122;haoranran_6100;konbu17_v36;massimiliano_eda111;nadeem_6252;octavi_6042;octaviograu_6154,"current_best_6122,nadeem_6252,candidate_v4,biohack44_6113,biohack44_6067,konbu17_v36,octaviograu_6154,massimiliano_eda111,octavi_6042,haoranran_6100,afr1ste_5689,biohack44_super,biohack44_6080",22.697415,10,afr1ste_5689_score_n3,76,covered_or_unclassified,covered_or_unclassified,covered_by_existing_dsl_or_missing_feature_report,in 3-3x4-6 -> out 3-3x4-6; pal 3->3,matches_cherrypick_unsafe_public,not_run,passed=0 failed=0 skipped=0 total=0 reports=0 counted=0,,,,Require semantic proof and pseudo-hidden audit; no raw public-source swap.,10
task310,14.844237,25739,25573,166,42,3379,3,3,candidate_v4,lb-verified-v4-anchor,candidate_v2;candidate_v4;nadeem_6252,"nadeem_6252,candidate_v4",14.844237,25739,candidate_nadeem6252_plus_ours_38_score_n3,76,crop,crop,"train=3;test=1;crop,out_smaller,color_subset",in 24-28x24-28 -> out 7-7x7-7; pal 8->7,,not_run,passed=0 failed=0 skipped=0 total=0 reports=0 counted=0,,,,Route to family DSL/compiler search; record any exact rule.,3
task311,21.598803,30,0,30,1,479,3,3,candidate_v4,lb-verified-v4-anchor,afr1ste_5689;biohack44_6067;biohack44_6080;biohack44_6113;biohack44_super;candidate_v2;candidate_v4;current_best_6122;haoranran_6100;konbu17_v36;massimiliano_eda111;nadeem_6252;octavi_6042;octaviograu_6154,"current_best_6122,nadeem_6252,candidate_v4,biohack44_6113,biohack44_6067,konbu17_v36,octaviograu_6154,massimiliano_eda111,octavi_6042,haoranran_6100,afr1ste_5689,biohack44_super,biohack44_6080",21.598803,30,afr1ste_5689_score_n3,76,tiling,tiling,"train=3;test=1;tile,out_larger,color_subset,color_superset,color_same",in 3-3x3-3 -> out 3-3x6-6; pal 2->2,matches_cherrypick_unsafe_public,not_run,passed=0 failed=0 skipped=0 total=0 reports=0 counted=0,,,,Require semantic proof and pseudo-hidden audit; no raw public-source swap.,10
task312,15.791762,9979,9960,19,8,1202,3,3,candidate_v4,lb-verified-v4-anchor,afr1ste_5689;biohack44_6067;biohack44_6080;biohack44_6113;biohack44_super;candidate_v2;candidate_v4;current_best_6122;haoranran_6100;massimiliano_eda111;nadeem_6252;octavi_6042;octaviograu_6154,"current_best_6122,nadeem_6252,candidate_v4,biohack44_6113,biohack44_6067,octaviograu_6154,massimiliano_eda111,octavi_6042,haoranran_6100,afr1ste_5689,biohack44_super,biohack44_6080",15.791762,9979,afr1ste_5689_score_n3,76,color_remap,color_remap,"train=2;test=1;shape_preserving,color_subset,color_remap",in 12-12x12-12 -> out 12-12x12-12; pal 6->5,matches_cherrypick_unsafe_public,not_run,passed=0 failed=0 skipped=0 total=0 reports=0 counted=0,,,,Require semantic proof and pseudo-hidden audit; no raw public-source swap.,10
task313,13.760196,76100,71553,4547,34,21754,3,3,candidate_v4,lb-verified-v4-anchor,candidate_v2;candidate_v4;current_best_6122,"current_best_6122,candidate_v4",13.760196,76100,candidate_bio_t200_t084_score_n3,76,color_remap,color_remap,"train=3;test=1;shape_preserving,color_subset,color_remap",in 6-11x6-11 -> out 6-11x6-11; pal 6->5,,not_run,passed=0 failed=0 skipped=0 total=0 reports=0 counted=0,,,,Route to family DSL/compiler search; record any exact rule.,7
task314,15.941180,8594,8416,178,282,24532,3,3,candidate_v4,lb-verified-v4-anchor,afr1ste_5689;biohack44_6080;biohack44_6113;candidate_v2;candidate_v4;current_best_6122;massimiliano_eda111;nadeem_6252,"current_best_6122,nadeem_6252,candidate_v4,biohack44_6113,massimiliano_eda111,afr1ste_5689,biohack44_6080",15.941180,8594,afr1ste_5689_score_n3,76,symmetry/flip/rotate,symmetry/flip/rotate,"train=3;test=1;shape_preserving,color_subset,color_superset,color_same,symmetry_candidate",in 8-8x8-8 -> out 8-8x8-8; pal 6->6,,not_run,passed=0 failed=0 skipped=0 total=0 reports=0 counted=0,,,,Route to family DSL/compiler search; record any exact rule.,0
task315,15.834971,9557,9540,17,15,1167,3,3,candidate_v4,lb-verified-v4-anchor,candidate_v2;candidate_v4;nadeem_6252,"nadeem_6252,candidate_v4",15.834971,9557,candidate_nadeem6252_plus_ours_38_score_n3,76,tiling,tiling,"train=3;test=1;tile,out_larger,color_subset,color_superset,color_same",in 3-3x3-3 -> out 9-9x9-9; pal 3->3,,not_run,passed=0 failed=0 skipped=0 total=0 reports=0 counted=0,,,,Route to family DSL/compiler search; record any exact rule.,0
task316,16.827271,3543,3388,155,45,5546,3,3,v4_plus10_compiler2_unique,lb-verified-current-anchor,,"nadeem_6252,candidate_v4",16.827271,3543,candidate_v4_plus10_compiler2_score_n3,76,reduce,reduce,"train=3;test=1;out_smaller,color_subset,reduce",in 10-10x10-10 -> out 3-3x3-3; pal 10->10,,not_run,passed=0 failed=0 skipped=0 total=0 reports=0 counted=0,,,,Route to family DSL/compiler search; record any exact rule.,0
task317,18.197605,900,0,900,1,3798,0,3,candidate_v4,lb-verified-v4-anchor,afr1ste_5689;biohack44_6067;biohack44_6080;biohack44_6113;biohack44_super;candidate_v2;candidate_v4;current_best_6122;haoranran_6100;massimiliano_eda111;nadeem_6252;octavi_6042;octaviograu_6154,"current_best_6122,nadeem_6252,candidate_v4,biohack44_6113,biohack44_6067,octaviograu_6154,massimiliano_eda111,octavi_6042,haoranran_6100,afr1ste_5689,biohack44_super,biohack44_6080",18.197605,900,afr1ste_5689_score_n3,76,color_fill,color_fill,"train=2;test=1;shape_preserving,color_fill",in 9-9x9-9 -> out 9-9x9-9; pal 2->2,local_visible_not_full_pass;matches_cherrypick_unsafe_public,not_run,passed=0 failed=0 skipped=0 total=0 reports=0 counted=0,,,,Require semantic proof and pseudo-hidden audit; no raw public-source swap.,10
task318,18.397412,737,736,1,13,704,3,3,v4_plus10_compiler2_unique,lb-verified-current-anchor,,nadeem_6252,18.397412,737,candidate_nadeem6252_plus_ours_v3_score_n3,76,reduce,reduce,"train=4;test=1;out_smaller,reduce",in 9-9x4-4 -> out 4-4x4-4; pal 4->2,,not_run,passed=0 failed=0 skipped=0 total=0 reports=0 counted=0,,,,Route to family DSL/compiler search; record any exact rule.,0
task319,14.580461,33508,33406,102,66,5710,3,3,candidate_v4,lb-verified-v4-anchor,candidate_v2;candidate_v4;nadeem_6252,"nadeem_6252,candidate_v4",15.138168,19184,afr1ste_6284_score_n1,76,crop,crop,"train=4;test=1;crop,out_smaller,color_subset",in 15-19x17-18 -> out 3-5x3-5; pal 6->5,public_overfit_risk,hidden_safety_failed,passed=0 failed=0 skipped=0 total=0 reports=0 counted=0; hidden-safety audit failed; current ONNX milestones are engineering artifacts only,prototype_task319.py,build_task319_base_selector_decision.py;build_task319_base_selector_render.py;build_task319_base_selector_solver.py;build_task319_candidate_features.py;build_task319_compress_features.py;build_task319_features.py;build_task319_match_features.py;build_task319_packed_compressed.py,task319_onnx_feasibility.md,FROZEN: no submission path; revisit only with a new hidden-safety theory.,39
task320,16.445511,5190,5049,141,19,2183,3,3,candidate_v4,lb-verified-v4-anchor,afr1ste_5689;biohack44_6067;biohack44_6080;biohack44_6113;biohack44_super;candidate_v2;candidate_v4;current_best_6122;haoranran_6100;massimiliano_eda111;nadeem_6252;octavi_6042;octaviograu_6154,"current_best_6122,nadeem_6252,candidate_v4,biohack44_6113,biohack44_6067,octaviograu_6154,massimiliano_eda111,octavi_6042,haoranran_6100,afr1ste_5689,biohack44_super,biohack44_6080",16.445511,5190,afr1ste_5689_score_n3,76,other,other,"train=3;test=1;shape_preserving,color_superset",in 7-9x9-9 -> out 7-9x9-9; pal 2->3,matches_cherrypick_unsafe_public,not_run,passed=0 failed=0 skipped=0 total=0 reports=0 counted=0,,,,Require semantic proof and pseudo-hidden audit; no raw public-source swap.,10
task321,16.385499,5511,5376,135,22,1733,3,3,candidate_v4,lb-verified-v4-anchor,afr1ste_5689;biohack44_6080;biohack44_6113;candidate_v2;candidate_v4;current_best_6122;massimiliano_eda111;nadeem_6252,"current_best_6122,nadeem_6252,candidate_v4,biohack44_6113,massimiliano_eda111,afr1ste_5689,biohack44_6080",16.385499,5511,afr1ste_5689_score_n3,76,reduce,reduce,"train=5;test=1;out_smaller,color_subset,reduce",in 4-4x14-14 -> out 4-4x4-4; pal 5->4,,not_run,passed=0 failed=0 skipped=0 total=0 reports=0 counted=0,,,,Route to family DSL/compiler search; record any exact rule.,0
task322,18.237270,865,864,1,7,515,3,3,candidate_v4,lb-verified-v4-anchor,candidate_v4,nadeem_6252,18.237270,865,candidate_nadeem6252_plus_ours_v3_score_n3,76,symmetry/flip/rotate,symmetry/flip/rotate,"train=3;test=1;shape_preserving,color_subset,color_superset,color_same,symmetry_candidate",in 3-3x3-3 -> out 3-3x3-3; pal 7->7,,not_run,passed=0 failed=0 skipped=0 total=0 reports=0 counted=0,,,,Route to family DSL/compiler search; record any exact rule.,0
task323,16.580861,4533,3887,646,10,2497,3,3,candidate_v4,lb-verified-v4-anchor,biohack44_super;candidate_v2;candidate_v4;nadeem_6252;octaviograu_6154,"nadeem_6252,candidate_v4,octaviograu_6154,biohack44_super",16.580861,4533,biohack44_super_score_n3,76,other,other,"train=2;test=1;shape_preserving,color_superset",in 13-13x13-13 -> out 13-13x13-13; pal 2->3,matches_cherrypick_unsafe_public,not_run,passed=0 failed=0 skipped=0 total=0 reports=0 counted=0,,,,Require semantic proof and pseudo-hidden audit; no raw public-source swap.,10
task324,14.203081,48870,47198,1672,52,6861,3,3,candidate_v4,lb-verified-v4-anchor,candidate_v2;candidate_v4;nadeem_6252,"nadeem_6252,candidate_v4",14.203081,48870,candidate_nadeem6252_plus_ours_38_score_n3,76,symmetry/flip/rotate,symmetry/flip/rotate,"train=3;test=1;shape_preserving,color_subset,color_superset,color_same,symmetry_candidate",in 12-19x12-15 -> out 12-19x12-15; pal 6->6,,not_run,passed=0 failed=0 skipped=0 total=0 reports=0 counted=0,,,,Route to family DSL/compiler search; record any exact rule.,5
task325,14.330533,43022,41120,1902,39,5072,3,3,candidate_v4,lb-verified-v4-anchor,afr1ste_5689;biohack44_6067;biohack44_6080;biohack44_6113;biohack44_super;candidate_v2;candidate_v4;current_best_6122;haoranran_6100;massimiliano_eda111;nadeem_6252;octavi_6042;octaviograu_6154,"current_best_6122,nadeem_6252,candidate_v4,biohack44_6113,biohack44_6067,octaviograu_6154,massimiliano_eda111,octavi_6042,haoranran_6100,afr1ste_5689,biohack44_super,biohack44_6080",14.330533,43022,afr1ste_5689_score_n3,76,reduce,reduce,"train=3;test=1;out_smaller,color_subset,color_superset,color_same,reduce",in 8-16x10-12 -> out 2-4x2-4; pal 2->2,matches_cherrypick_unsafe_public,not_run,passed=0 failed=0 skipped=0 total=0 reports=0 counted=0,,,,Require semantic proof and pseudo-hidden audit; no raw public-source swap.,15
task326,19.924826,160,160,0,2,251,3,3,nadeem_6252,public-anchor-candidate,candidate_v2;nadeem_6252,nadeem_6252,19.924826,160,candidate_nadeem6252_plus_ours_38_score_n3,76,crop,crop,"train=3;test=1;crop,out_smaller,color_subset,color_superset,color_same",in 6-12x6-8 -> out 2-2x2-2; pal 7->7,,not_run,passed=0 failed=0 skipped=0 total=0 reports=0 counted=0,,,,Route to family DSL/compiler search; record any exact rule.,0
task327,16.070962,7548,7516,32,18,1638,3,3,candidate_v4,lb-verified-v4-anchor,afr1ste_5689;biohack44_6080;biohack44_6113;candidate_v2;candidate_v4;current_best_6122;massimiliano_eda111;nadeem_6252,"current_best_6122,nadeem_6252,candidate_v4,biohack44_6113,massimiliano_eda111,afr1ste_5689,biohack44_6080",16.070962,7548,afr1ste_5689_score_n3,76,tiling,tiling,"train=3;test=1;tile,out_larger,color_subset,color_superset,color_same",in 3-3x3-3 -> out 6-6x6-6; pal 7->7,,not_run,passed=0 failed=0 skipped=0 total=0 reports=0 counted=0,,,,Route to family DSL/compiler search; record any exact rule.,0
task328,13.884006,67238,64190,3048,121,16275,3,3,candidate_v4,lb-verified-v4-anchor,candidate_v2;candidate_v4;current_best_6122,"current_best_6122,candidate_v4",13.884006,67238,candidate_bio_t200_t084_score_n3,76,symmetry/flip/rotate,symmetry/flip/rotate,"train=4;test=1;shape_preserving,color_subset,color_superset,color_same,symmetry_candidate",in 7-13x7-13 -> out 7-13x7-13; pal 6->6,,not_run,passed=0 failed=0 skipped=0 total=0 reports=0 counted=0,,,,Route to family DSL/compiler search; record any exact rule.,6
task329,15.763992,10260,10214,46,21,1652,3,3,candidate_v4,lb-verified-v4-anchor,afr1ste_5689;biohack44_6080;biohack44_6113;candidate_v2;candidate_v4;current_best_6122;massimiliano_eda111;nadeem_6252,"current_best_6122,nadeem_6252,candidate_v4,biohack44_6113,massimiliano_eda111,afr1ste_5689,biohack44_6080",15.763992,10260,afr1ste_5689_score_n3,76,color_remap,color_remap,"train=3;test=1;shape_preserving,color_subset,color_remap",in 3-5x3-5 -> out 3-5x3-5; pal 10->6,,not_run,passed=0 failed=0 skipped=0 total=0 reports=0 counted=0,,,,Route to family DSL/compiler search; record any exact rule.,0
task330,14.014301,59024,56200,2824,21,12033,3,3,candidate_v4,lb-verified-v4-anchor,candidate_v2;candidate_v4;current_best_6122,"current_best_6122,candidate_v4",14.014301,59024,afr1ste_5689_score_n3,76,color_fill,color_fill,"train=3;test=1;shape_preserving,color_fill",in 10-10x10-10 -> out 10-10x10-10; pal 2->3,,not_run,passed=0 failed=0 skipped=0 total=0 reports=0 counted=0,,,,Route to family DSL/compiler search; record any exact rule.,6
task331,18.186555,910,0,910,1,3836,3,3,candidate_v4,lb-verified-v4-anchor,afr1ste_5689;biohack44_6067;biohack44_6080;biohack44_6113;biohack44_super;candidate_v2;candidate_v4;current_best_6122;haoranran_6100;massimiliano_eda111;nadeem_6252;octavi_6042;octaviograu_6154,"current_best_6122,nadeem_6252,candidate_v4,biohack44_6113,biohack44_6067,octaviograu_6154,massimiliano_eda111,octavi_6042,haoranran_6100,afr1ste_5689,biohack44_super,biohack44_6080",18.186555,910,afr1ste_5689_score_n3,76,other,other,"train=2;test=1;shape_preserving,color_superset",in 10-10x10-10 -> out 10-10x10-10; pal 2->6,matches_cherrypick_unsafe_public,not_run,passed=0 failed=0 skipped=0 total=0 reports=0 counted=0,,,,Require semantic proof and pseudo-hidden audit; no raw public-source swap.,10
task332,15.952179,8500,8338,162,30,3735,3,3,candidate_v4,lb-verified-v4-anchor,candidate_v2;candidate_v4;current_best_6122,"current_best_6122,candidate_v4",15.952179,8500,candidate_bio_t200_t084_score_n3,76,other,other,"train=4;test=1;shape_preserving,color_superset",in 3-3x10-14 -> out 3-3x10-14; pal 2->3,,not_run,passed=0 failed=0 skipped=0 total=0 reports=0 counted=0,,,,Defer; revisit through family-level compiler rewrites or new public evidence.,0
task333,14.947532,23213,23140,73,44,4058,3,3,v4_plus10_compiler2_unique,lb-verified-current-anchor,,"current_best_6122,nadeem_6252,candidate_v4,biohack44_6113,biohack44_6067,octaviograu_6154,massimiliano_eda111,octavi_6042,haoranran_6100,afr1ste_5689,biohack44_super,biohack44_6080",14.947532,23213,candidate_v4_plus10_compiler2_score_n3,76,symmetry/flip/rotate,symmetry/flip/rotate,"train=3;test=1;shape_preserving,color_subset,color_superset,color_same,symmetry_candidate",in 10-10x10-10 -> out 10-10x10-10; pal 6->6,,not_run,passed=0 failed=0 skipped=0 total=0 reports=0 counted=0,,,,Route to family DSL/compiler search; record any exact rule.,2
task334,18.588182,609,572,37,9,889,3,3,candidate_v4,lb-verified-v4-anchor,candidate_v2;candidate_v4;nadeem_6252,"nadeem_6252,candidate_v4",18.588182,609,candidate_nadeem6252_plus_ours_38_score_n3,76,trim_border,trim_border;reduce,"train=7;test=2;trim_border,out_smaller,reduce",in 5-5x5-5 -> out 3-3x3-3; pal 4->2,,not_run,passed=0 failed=0 skipped=0 total=0 reports=0 counted=0,,,,Defer; revisit through family-level compiler rewrites or new public evidence.,0
task335,14.258205,46249,46156,93,36,3440,3,3,nadeem_6252,public-anchor-candidate,candidate_v2;nadeem_6252,nadeem_6252,14.258205,46249,candidate_nadeem6252_plus_ours_38_score_n3,76,other,other,"train=3;test=1;shape_preserving,color_superset",in 8-12x11-12 -> out 8-12x11-12; pal 3->4,public_slowest,not_run,passed=0 failed=0 skipped=0 total=0 reports=0 counted=0,,,,Defer; revisit through family-level compiler rewrites or new public evidence.,5
task336,16.294503,6036,5900,136,54,5276,3,3,candidate_v4,lb-verified-v4-anchor,afr1ste_5689;biohack44_6067;biohack44_6080;biohack44_6113;biohack44_super;candidate_v2;candidate_v4;current_best_6122;haoranran_6100;massimiliano_eda111;nadeem_6252;octavi_6042;octaviograu_6154,"current_best_6122,nadeem_6252,candidate_v4,biohack44_6113,biohack44_6067,octaviograu_6154,massimiliano_eda111,octavi_6042,haoranran_6100,afr1ste_5689,biohack44_super,biohack44_6080",16.294503,6036,afr1ste_5689_score_n3,76,other,other,"train=2;test=1;shape_preserving,color_superset",in 10-10x10-10 -> out 10-10x10-10; pal 2->3,matches_cherrypick_unsafe_public,not_run,passed=0 failed=0 skipped=0 total=0 reports=0 counted=0,,,,Require semantic proof and pseudo-hidden audit; no raw public-source swap.,10
task337,22.697415,10,0,10,1,159,3,3,candidate_v4,lb-verified-v4-anchor,afr1ste_5689;biohack44_6067;biohack44_6080;biohack44_6113;biohack44_super;candidate_v2;candidate_v4;current_best_6122;haoranran_6100;konbu17_v36;massimiliano_eda111;nadeem_6252;octavi_6042;octaviograu_6154,"current_best_6122,nadeem_6252,candidate_v4,biohack44_6113,biohack44_6067,konbu17_v36,octaviograu_6154,massimiliano_eda111,octavi_6042,haoranran_6100,afr1ste_5689,biohack44_super,biohack44_6080",22.697415,10,afr1ste_5689_score_n3,76,covered_or_unclassified,covered_or_unclassified,covered_by_existing_dsl_or_missing_feature_report,in 3-5x3-5 -> out 3-5x3-5; pal 9->9,matches_cherrypick_unsafe_public,not_run,passed=0 failed=0 skipped=0 total=0 reports=0 counted=0,,,,Require semantic proof and pseudo-hidden audit; no raw public-source swap.,10
task338,14.285227,45016,43200,1816,37,8884,3,3,nadeem_6252,public-anchor-candidate,candidate_v2;nadeem_6252,nadeem_6252,14.285227,45016,candidate_nadeem6252_plus_ours_38_score_n3,76,color_fill,color_fill,"train=3;test=2;shape_preserving,color_fill",in 10-15x10-15 -> out 10-15x10-15; pal 2->2,,not_run,passed=0 failed=0 skipped=0 total=0 reports=0 counted=0,,,,Route to family DSL/compiler search; record any exact rule.,5
task339,18.215543,884,776,108,13,1588,3,3,candidate_v4,lb-verified-v4-anchor,afr1ste_5689;biohack44_6080;biohack44_6113;candidate_v2;candidate_v4;current_best_6122;massimiliano_eda111,"current_best_6122,candidate_v4,biohack44_6113,massimiliano_eda111,afr1ste_5689,biohack44_6080",18.215543,884,afr1ste_5689_score_n3,76,reduce,reduce,"train=4;test=1;out_smaller,color_subset,reduce",in 3-3x3-3 -> out 1-1x1-4; pal 5->4,,not_run,passed=0 failed=0 skipped=0 total=0 reports=0 counted=0,,,,Route to family DSL/compiler search; record any exact rule.,0
task340,13.885435,67142,66980,162,72,6409,3,3,candidate_v4,lb-verified-v4-anchor,candidate_v2;candidate_v4;current_best_6122,"current_best_6122,candidate_v4",13.885435,67142,candidate_bio_t200_t084_score_n3,76,color_remap,color_remap,"train=3;test=1;shape_preserving,color_subset,color_remap",in 10-14x11-15 -> out 10-14x11-15; pal 8->8,,not_run,passed=0 failed=0 skipped=0 total=0 reports=0 counted=0,,,,Route to family DSL/compiler search; record any exact rule.,6
task341,15.154936,18865,18576,289,101,8743,3,3,candidate_v4,lb-verified-v4-anchor,afr1ste_5689;biohack44_6080;biohack44_6113;candidate_v2;candidate_v4;current_best_6122;massimiliano_eda111;nadeem_6252,"current_best_6122,nadeem_6252,candidate_v4,biohack44_6113,massimiliano_eda111,afr1ste_5689,biohack44_6080",15.154936,18865,afr1ste_5689_score_n3,76,other,other,"train=3;test=1;shape_preserving,color_superset",in 10-10x10-10 -> out 10-10x10-10; pal 7->8,,not_run,passed=0 failed=0 skipped=0 total=0 reports=0 counted=0,,,,Defer; revisit through family-level compiler rewrites or new public evidence.,2
task342,15.594669,12153,11916,237,40,3200,3,3,candidate_v4,lb-verified-v4-anchor,afr1ste_5689;biohack44_6080;biohack44_6113;candidate_v2;candidate_v4;current_best_6122;massimiliano_eda111,"current_best_6122,candidate_v4,biohack44_6113,massimiliano_eda111,afr1ste_5689,biohack44_6080",15.594669,12153,afr1ste_5689_score_n3,76,color_remap,color_remap,"train=3;test=1;shape_preserving,color_subset,color_remap",in 10-10x10-10 -> out 10-10x10-10; pal 10->9,,not_run,passed=0 failed=0 skipped=0 total=0 reports=0 counted=0,,,,Route to family DSL/compiler search; record any exact rule.,0
task343,14.741254,28531,28162,369,86,8142,3,3,candidate_v4,lb-verified-v4-anchor,candidate_v2;candidate_v4;current_best_6122,"current_best_6122,candidate_v4",14.741254,28531,candidate_bio_t200_t084_score_n3,76,symmetry/flip/rotate,symmetry/flip/rotate,"train=3;test=1;shape_preserving,color_subset,color_superset,color_same,symmetry_candidate",in 5-5x15-15 -> out 5-5x15-15; pal 5->5,,not_run,passed=0 failed=0 skipped=0 total=0 reports=0 counted=0,,,,Route to family DSL/compiler search; record any exact rule.,3
task344,17.171962,2510,0,2510,1,10236,3,3,candidate_v4,lb-verified-v4-anchor,afr1ste_5689;biohack44_6067;biohack44_6080;biohack44_6113;biohack44_super;candidate_v2;candidate_v4;current_best_6122;haoranran_6100;massimiliano_eda111;nadeem_6252;octavi_6042;octaviograu_6154,"current_best_6122,nadeem_6252,candidate_v4,biohack44_6113,biohack44_6067,octaviograu_6154,massimiliano_eda111,octavi_6042,haoranran_6100,afr1ste_5689,biohack44_super,biohack44_6080",17.171962,2510,afr1ste_5689_score_n3,76,color_fill,color_fill,"train=3;test=1;shape_preserving,color_fill",in 3-7x3-7 -> out 3-7x3-7; pal 4->5,matches_cherrypick_unsafe_public,not_run,passed=0 failed=0 skipped=0 total=0 reports=0 counted=0,,,,Require semantic proof and pseudo-hidden audit; no raw public-source swap.,10
task345,15.631289,11716,9860,1856,89,10079,3,3,candidate_v4,lb-verified-v4-anchor,candidate_v2;candidate_v4;nadeem_6252,"nadeem_6252,candidate_v4",15.631289,11716,candidate_nadeem6252_plus_ours_38_score_n3,76,symmetry/flip/rotate,symmetry/flip/rotate,"train=2;test=1;shape_preserving,color_subset,color_superset,color_same,symmetry_candidate",in 10-10x10-10 -> out 10-10x10-10; pal 3->3,,not_run,passed=0 failed=0 skipped=0 total=0 reports=0 counted=0,,,,Route to family DSL/compiler search; record any exact rule.,0
task346,15.875435,9178,9069,109,13,1580,3,3,nadeem_6252,public-anchor-candidate,candidate_v2;nadeem_6252,nadeem_6252,15.875435,9178,afr1ste_5689_score_n3,76,scalar_output,scalar_output;crop,"train=4;test=1;crop,out_smaller,color_subset,scalar_output",in 5-11x9-12 -> out 1-1x1-1; pal 6->3,,not_run,passed=0 failed=0 skipped=0 total=0 reports=0 counted=0,,,,Defer; revisit through family-level compiler rewrites or new public evidence.,0
task347,17.619121,1605,1584,21,12,753,3,3,v4_plus10_compiler2_unique,lb-verified-current-anchor,,nadeem_6252,17.619121,1605,candidate_nadeem6252_plus_ours_v3_score_n3,76,trim_border,trim_border;reduce,"train=5;test=2;trim_border,out_smaller,reduce",in 3-3x6-6 -> out 3-3x3-3; pal 3->2,,not_run,passed=0 failed=0 skipped=0 total=0 reports=0 counted=0,,,,Defer; revisit through family-level compiler rewrites or new public evidence.,0
task348,16.103412,7307,7168,139,29,3000,3,3,candidate_v4,lb-verified-v4-anchor,biohack44_6067;biohack44_6080;biohack44_6113;biohack44_super;candidate_v2;candidate_v4;current_best_6122;haoranran_6100;massimiliano_eda111;nadeem_6252;octavi_6042;octaviograu_6154,"current_best_6122,nadeem_6252,candidate_v4,biohack44_6113,biohack44_6067,octaviograu_6154,massimiliano_eda111,octavi_6042,haoranran_6100,biohack44_super,biohack44_6080",16.117192,7207,afr1ste_5689_score_n3,76,other,other,"train=2;test=1;shape_preserving,color_superset",in 5-7x7-8 -> out 5-7x7-8; pal 2->3,matches_cherrypick_unsafe_public,not_run,passed=0 failed=0 skipped=0 total=0 reports=0 counted=0,,,,Require semantic proof and pseudo-hidden audit; no raw public-source swap.,10
task349,14.190676,49480,45900,3580,25,8067,3,3,v4_plus10_compiler2_unique,lb-verified-current-anchor,,nadeem_6252,14.190676,49480,candidate_nadeem6252_plus_ours_v3_score_n3,76,other,other,"train=4;test=1;shape_preserving,color_superset",in 10-20x10-20 -> out 10-20x10-20; pal 2->4,public_bottom15,not_run,passed=0 failed=0 skipped=0 total=0 reports=0 counted=0,,,,"Open semantic-factory pass: inspect examples, write prototype, then stress-test.",35
task350,15.104998,19831,19800,31,17,1437,3,3,candidate_v4,lb-verified-v4-anchor,biohack44_super;candidate_v2;candidate_v4;nadeem_6252;octaviograu_6154,"nadeem_6252,candidate_v4,octaviograu_6154,biohack44_super",15.104998,19831,biohack44_super_score_n3,76,other,other,"train=4;test=1;shape_preserving,color_superset",in 8-12x9-12 -> out 8-12x9-12; pal 2->3,public_slowest;matches_cherrypick_unsafe_public,not_run,passed=0 failed=0 skipped=0 total=0 reports=0 counted=0,,,,Require semantic proof and pseudo-hidden audit; no raw public-source swap.,12
task351,14.532506,35154,35114,40,25,3049,3,3,candidate_v4,lb-verified-v4-anchor,afr1ste_5689;biohack44_6067;biohack44_6080;biohack44_6113;biohack44_super;candidate_v2;candidate_v4;current_best_6122;haoranran_6100;massimiliano_eda111;nadeem_6252;octavi_6042;octaviograu_6154,"current_best_6122,nadeem_6252,candidate_v4,biohack44_6113,biohack44_6067,octaviograu_6154,massimiliano_eda111,octavi_6042,haoranran_6100,afr1ste_5689,biohack44_super,biohack44_6080",14.532506,35154,afr1ste_5689_score_n3,76,reduce,reduce,"train=3;test=1;out_smaller,color_subset,reduce",in 16-16x16-16 -> out 5-5x5-5; pal 9->7,matches_cherrypick_unsafe_public,not_run,passed=0 failed=0 skipped=0 total=0 reports=0 counted=0,,,,Require semantic proof and pseudo-hidden audit; no raw public-source swap.,14
task352,16.201243,6626,6600,26,11,1398,3,3,candidate_v4,lb-verified-v4-anchor,afr1ste_5689;biohack44_6067;biohack44_6080;biohack44_6113;biohack44_super;candidate_v2;candidate_v4;current_best_6122;haoranran_6100;massimiliano_eda111;nadeem_6252;octavi_6042;octaviograu_6154,"current_best_6122,nadeem_6252,candidate_v4,biohack44_6113,biohack44_6067,octaviograu_6154,massimiliano_eda111,octavi_6042,haoranran_6100,afr1ste_5689,biohack44_super,biohack44_6080",16.201243,6626,afr1ste_5689_score_n3,76,other,other,"train=3;test=1;shape_preserving,color_superset",in 4-8x5-8 -> out 4-8x5-8; pal 5->6,matches_cherrypick_unsafe_public,not_run,passed=0 failed=0 skipped=0 total=0 reports=0 counted=0,,,,Require semantic proof and pseudo-hidden audit; no raw public-source swap.,10
task353,16.403811,5411,5186,225,31,3244,3,3,candidate_v4,lb-verified-v4-anchor,afr1ste_5689;biohack44_6067;biohack44_6080;biohack44_6113;biohack44_super;candidate_v2;candidate_v4;current_best_6122;haoranran_6100;massimiliano_eda111;nadeem_6252;octavi_6042;octaviograu_6154,"current_best_6122,nadeem_6252,candidate_v4,biohack44_6113,biohack44_6067,octaviograu_6154,massimiliano_eda111,octavi_6042,haoranran_6100,afr1ste_5689,biohack44_super,biohack44_6080",16.403811,5411,afr1ste_5689_score_n3,76,symmetry/flip/rotate,symmetry/flip/rotate,"train=7;test=2;shape_preserving,color_subset,color_superset,color_same,symmetry_candidate",in 3-11x3-11 -> out 3-11x3-11; pal 3->3,matches_cherrypick_unsafe_public,not_run,passed=0 failed=0 skipped=0 total=0 reports=0 counted=0,,,,Require semantic proof and pseudo-hidden audit; no raw public-source swap.,10
task354,15.258620,17007,16860,147,22,2710,3,3,candidate_v4,lb-verified-v4-anchor,afr1ste_5689;candidate_v2;candidate_v4;nadeem_6252,"nadeem_6252,candidate_v4,afr1ste_5689",15.258620,17007,afr1ste_5689_score_n3,76,color_remap,color_remap,"train=3;test=1;shape_preserving,color_subset,color_remap",in 10-10x10-10 -> out 10-10x10-10; pal 8->7,,not_run,passed=0 failed=0 skipped=0 total=0 reports=0 counted=0,,,,Route to family DSL/compiler search; record any exact rule.,1
task355,15.624569,11795,11706,89,41,3971,3,3,candidate_v4,lb-verified-v4-anchor,afr1ste_5689;candidate_v2;candidate_v4;nadeem_6252,"nadeem_6252,candidate_v4,afr1ste_5689",15.624569,11795,afr1ste_5689_score_n3,76,scalar_output,scalar_output;crop,"train=4;test=1;crop,out_smaller,color_subset,scalar_output",in 16-17x13-19 -> out 1-1x1-1; pal 8->4,public_overfit_risk,not_run,passed=0 failed=0 skipped=0 total=0 reports=0 counted=0,,,,Defer; revisit through family-level compiler rewrites or new public evidence.,15
task356,16.482407,5002,4880,122,21,2344,3,3,candidate_v4,lb-verified-v4-anchor,afr1ste_5689;biohack44_6067;biohack44_6080;biohack44_6113;biohack44_super;candidate_v2;candidate_v4;current_best_6122;haoranran_6100;massimiliano_eda111;nadeem_6252;octavi_6042;octaviograu_6154,"current_best_6122,nadeem_6252,candidate_v4,biohack44_6113,biohack44_6067,octaviograu_6154,massimiliano_eda111,octavi_6042,haoranran_6100,afr1ste_5689,biohack44_super,biohack44_6080",16.482407,5002,afr1ste_5689_score_n3,76,symmetry/flip/rotate,symmetry/flip/rotate,"train=3;test=1;shape_preserving,color_subset,color_superset,color_same,symmetry_candidate",in 10-10x10-10 -> out 10-10x10-10; pal 2->2,matches_cherrypick_unsafe_public,not_run,passed=0 failed=0 skipped=0 total=0 reports=0 counted=0,,,,Require semantic proof and pseudo-hidden audit; no raw public-source swap.,10
task357,16.122200,7171,7132,39,23,2311,3,3,v4_plus10_compiler2_unique,lb-verified-current-anchor,,"current_best_6122,nadeem_6252,candidate_v4,biohack44_6113,biohack44_6067,octaviograu_6154,massimiliano_eda111,octavi_6042,haoranran_6100,biohack44_super,biohack44_6080",16.208058,6581,afr1ste_5689_score_n3,76,color_fill,color_fill,"train=3;test=1;shape_preserving,color_fill",in 10-10x2-4 -> out 10-10x2-4; pal 2->2,,not_run,passed=0 failed=0 skipped=0 total=0 reports=0 counted=0,,,,Route to family DSL/compiler search; record any exact rule.,0
task358,13.371400,112263,111925,338,132,10783,3,3,v4_plus10_compiler2_unique,lb-verified-current-anchor,,"current_best_6122,candidate_v4",13.371400,112263,candidate_v4_plus10_compiler2_score_n3,76,symmetry/flip/rotate,symmetry/flip/rotate,"train=2;test=1;shape_preserving,color_subset,color_superset,color_same,symmetry_candidate",in 12-15x11-14 -> out 12-15x11-14; pal 5->5,public_slowest;cost_monster_top30;low_score_bottom30,not_run,passed=0 failed=0 skipped=0 total=0 reports=0 counted=0,,,,"Open semantic-factory pass: inspect examples, write prototype, then stress-test.",48
task359,14.347150,42313,42300,13,15,1184,3,3,candidate_v4,lb-verified-v4-anchor,candidate_v2;candidate_v4;nadeem_6252,"nadeem_6252,candidate_v4",14.347150,42313,candidate_nadeem6252_plus_ours_38_score_n3,76,color_remap,color_remap,"train=3;test=1;shape_preserving,color_subset,color_remap",in 13-15x14-17 -> out 13-15x14-17; pal 9->5,public_overfit_risk,not_run,passed=0 failed=0 skipped=0 total=0 reports=0 counted=0,,,,Route to family DSL/compiler search; record any exact rule.,20
task360,15.680267,11156,11120,36,13,1271,3,3,candidate_v4,lb-verified-v4-anchor,biohack44_6113;candidate_v2;candidate_v4;current_best_6122;massimiliano_eda111,"current_best_6122,candidate_v4,biohack44_6113,massimiliano_eda111",15.681164,11146,afr1ste_5689_score_n3,76,reduce,reduce,"train=3;test=1;out_smaller,color_subset,reduce",in 10-10x9-9 -> out 10-10x4-4; pal 8->7,,not_run,passed=0 failed=0 skipped=0 total=0 reports=0 counted=0,,,,Route to family DSL/compiler search; record any exact rule.,0
task361,15.351856,15493,15217,276,60,6018,3,3,v4_plus10_compiler2_unique,lb-verified-current-anchor,,nadeem_6252,15.351856,15493,candidate_nadeem6252_plus_ours_v3_score_n3,76,symmetry/flip/rotate,symmetry/flip/rotate,"train=3;test=1;shape_preserving,color_subset,color_superset,color_same,symmetry_candidate",in 10-10x10-10 -> out 10-10x10-10; pal 7->7,,not_run,passed=0 failed=0 skipped=0 total=0 reports=0 counted=0,,,,Route to family DSL/compiler search; record any exact rule.,1
task362,15.612434,11939,11894,45,28,1696,3,3,nadeem_6252,public-anchor-candidate,candidate_v2;nadeem_6252,nadeem_6252,15.612434,11939,candidate_nadeem6252_plus_ours_38_score_n3,76,color_remap,color_remap,"train=4;test=1;shape_preserving,color_subset,color_remap",in 10-10x10-10 -> out 10-10x10-10; pal 6->5,,not_run,passed=0 failed=0 skipped=0 total=0 reports=0 counted=0,,,,Route to family DSL/compiler search; record any exact rule.,0
task363,13.625050,87112,85482,1630,44,7690,3,3,candidate_v4,lb-verified-v4-anchor,candidate_v4,nadeem_6252,14.098808,54241,blend_v360_score,76,symmetry/flip/rotate,symmetry/flip/rotate,"train=3;test=1;shape_preserving,color_subset,color_superset,color_same,symmetry_candidate",in 10-10x10-10 -> out 10-10x10-10; pal 3->3,,not_run,passed=0 failed=0 skipped=0 total=0 reports=0 counted=0,prototype_task363.py,build_task363.py,,Run or extend pseudo-hidden audit before using the builder.,12
task364,13.754457,76538,75136,1402,62,10636,3,3,candidate_v4,lb-verified-v4-anchor,candidate_v4,nadeem_6252,13.754457,76538,candidate_nadeem6252_plus_ours_v3_score_n3,76,color_fill,color_fill,"train=3;test=1;shape_preserving,color_fill",in 10-19x11-21 -> out 10-19x11-21; pal 2->4,,not_run,passed=0 failed=0 skipped=0 total=0 reports=0 counted=0,,,,Route to family DSL/compiler search; record any exact rule.,7
task365,14.017865,58814,58743,71,234,16991,3,3,nadeem_6252,public-anchor-candidate,biohack44_super;candidate_v2;nadeem_6252;octaviograu_6154,"nadeem_6252,octaviograu_6154,biohack44_super",14.017865,58814,biohack44_super_score_n3,76,crop,crop,"train=3;test=1;crop,out_smaller,color_subset",in 10-10x10-10 -> out 3-6x3-4; pal 4->3,matches_cherrypick_unsafe_public,not_run,passed=0 failed=0 skipped=0 total=0 reports=0 counted=0,,,,Require semantic proof and pseudo-hidden audit; no raw public-source swap.,16
task366,11.369952,830720,824263,6457,713,90138,3,3,candidate_v4,lb-verified-v4-anchor,candidate_v4,nadeem_6252,11.369952,830720,candidate_nadeem6252_plus_ours_v3_score_n3,76,reduce,reduce,"train=3;test=1;out_smaller,color_subset,reduce",in 10-30x16-20 -> out 10-15x8-17; pal 7->7,public_bottom15;public_big_gap;cost_monster_top30;low_score_bottom30,stress_clean,passed=1456 failed=0 skipped=406 total=1862 reports=2 counted=1,prototype_task366.py;prototype_task366_v2.py,build_task366_v2.py,task366_semantic_v2.md;task366_v2_equivalence.csv;task366_v2_existing_onnx.csv;task366_v2_hypotheses.csv;task366_v2_pseudo_hidden.csv;task366_v2_pseudo_hidden_failures.txt;task366_v2_pseudo_hidden_summary.json;task366_v2_stats.json,Cost-audit builder and verify full visible plus stress suite before staging.,135
task367,13.125192,143603,141612,1991,135,9982,3,3,candidate_v4,lb-verified-v4-anchor,candidate_v2;candidate_v4;nadeem_6252,"nadeem_6252,candidate_v4",14.083967,55052,blend_v360_score,76,other,other,"train=3;test=1;shape_preserving,color_superset",in 12-15x16-19 -> out 12-15x16-19; pal 2->3,cost_monster_top30;low_score_bottom30,not_run,passed=0 failed=0 skipped=0 total=0 reports=0 counted=0,,,,"Open semantic-factory pass: inspect examples, write prototype, then stress-test.",49
task368,14.615971,32339,32264,75,186,8950,3,3,candidate_v4,lb-verified-v4-anchor,afr1ste_5689;biohack44_6080;biohack44_6113;candidate_v2;candidate_v4;current_best_6122;massimiliano_eda111;nadeem_6252,"current_best_6122,nadeem_6252,candidate_v4,biohack44_6113,massimiliano_eda111,afr1ste_5689,biohack44_6080",14.615971,32339,afr1ste_5689_score_n3,76,color_remap,color_remap,"train=2;test=1;shape_preserving,color_subset,color_remap",in 10-10x10-10 -> out 10-10x10-10; pal 6->5,,not_run,passed=0 failed=0 skipped=0 total=0 reports=0 counted=0,,,,Route to family DSL/compiler search; record any exact rule.,4
task369,16.047265,7729,7200,529,26,2940,3,3,candidate_v4,lb-verified-v4-anchor,afr1ste_5689;biohack44_6080;biohack44_6113;candidate_v2;candidate_v4;current_best_6122;massimiliano_eda111;nadeem_6252,"current_best_6122,nadeem_6252,candidate_v4,biohack44_6113,massimiliano_eda111,afr1ste_5689,biohack44_6080",16.047265,7729,afr1ste_5689_score_n3,76,color_fill,color_fill,"train=3;test=1;shape_preserving,color_fill",in 10-10x10-10 -> out 10-10x10-10; pal 2->4,,not_run,passed=0 failed=0 skipped=0 total=0 reports=0 counted=0,,,,Route to family DSL/compiler search; record any exact rule.,0
task370,13.417493,107206,107087,119,152,15228,3,3,candidate_v4,lb-verified-v4-anchor,candidate_v4,nadeem_6252,13.417493,107206,candidate_nadeem6252_plus_ours_v4_score_n3,76,symmetry/flip/rotate,symmetry/flip/rotate,"train=3;test=1;shape_preserving,color_subset,color_superset,color_same,symmetry_candidate",in 12-13x14-16 -> out 12-13x14-16; pal 6->6,,not_run,passed=0 failed=0 skipped=0 total=0 reports=0 counted=0,,,,Route to family DSL/compiler search; record any exact rule.,8
task371,15.039140,21181,21092,89,23,1810,3,3,candidate_v4,lb-verified-v4-anchor,afr1ste_5689;biohack44_6080;biohack44_6113;candidate_v2;candidate_v4;current_best_6122;massimiliano_eda111;nadeem_6252,"current_best_6122,nadeem_6252,candidate_v4,biohack44_6113,massimiliano_eda111,afr1ste_5689,biohack44_6080",15.039140,21181,afr1ste_5689_score_n3,76,other,other,"train=2;test=2;shape_preserving,color_superset",in 10-10x10-10 -> out 10-10x10-10; pal 2->3,,not_run,passed=0 failed=0 skipped=0 total=0 reports=0 counted=0,,,,Defer; revisit through family-level compiler rewrites or new public evidence.,2
task372,16.028171,7878,7865,13,8,640,3,3,candidate_v4,lb-verified-v4-anchor,candidate_v4,nadeem_6252,16.028171,7878,candidate_nadeem6252_plus_ours_v3_score_n3,76,reduce,reduce,"train=3;test=1;out_smaller,color_subset,reduce",in 11-11x11-11 -> out 5-5x11-11; pal 7->6,,not_run,passed=0 failed=0 skipped=0 total=0 reports=0 counted=0,,,,Route to family DSL/compiler search; record any exact rule.,0
task373,18.738508,524,520,4,9,581,3,3,candidate_v4,lb-verified-v4-anchor,candidate_v2;candidate_v4;nadeem_6252,"nadeem_6252,candidate_v4",18.738508,524,candidate_nadeem6252_plus_ours_38_score_n3,76,symmetry/flip/rotate,symmetry/flip/rotate,"train=2;test=1;shape_preserving,color_subset,color_superset,color_same,symmetry_candidate",in 2-2x6-6 -> out 2-2x6-6; pal 4->4,,not_run,passed=0 failed=0 skipped=0 total=0 reports=0 counted=0,,,,Route to family DSL/compiler search; record any exact rule.,0
task374,15.690539,11042,10808,234,44,5728,3,3,v4_plus10_compiler2_unique,lb-verified-current-anchor,,nadeem_6252,15.690539,11042,candidate_v4_plus10_compiler2_score_n3,76,color_fill,color_fill,"train=4;test=1;shape_preserving,color_fill",in 10-10x10-10 -> out 10-10x10-10; pal 2->4,,not_run,passed=0 failed=0 skipped=0 total=0 reports=0 counted=0,,,,Route to family DSL/compiler search; record any exact rule.,0
task375,15.372793,15172,15113,59,19,2214,3,3,candidate_v4,lb-verified-v4-anchor,afr1ste_5689;biohack44_6067;biohack44_6080;biohack44_6113;biohack44_super;candidate_v2;candidate_v4;current_best_6122;haoranran_6100;massimiliano_eda111;nadeem_6252;octavi_6042;octaviograu_6154,"current_best_6122,nadeem_6252,candidate_v4,biohack44_6113,biohack44_6067,octaviograu_6154,massimiliano_eda111,octavi_6042,haoranran_6100,afr1ste_5689,biohack44_super,biohack44_6080",15.372793,15172,afr1ste_5689_score_n3,76,symmetry/flip/rotate,symmetry/flip/rotate,"train=3;test=1;shape_preserving,color_subset,color_superset,color_same,symmetry_candidate",in 3-7x3-7 -> out 3-7x3-7; pal 4->4,public_slowest;matches_cherrypick_unsafe_public,not_run,passed=0 failed=0 skipped=0 total=0 reports=0 counted=0,,,,Require semantic proof and pseudo-hidden audit; no raw public-source swap.,11
task376,15.424114,14413,14262,151,40,2623,3,3,v4_plus10_compiler2_unique,lb-verified-current-anchor,,"nadeem_6252,candidate_v4",15.424114,14413,candidate_v4_plus10_compiler2_score_n3,76,expand,expand,"train=2;test=1;out_larger,color_subset,color_superset,color_same,expand",in 3-4x17-17 -> out 9-13x17-17; pal 3->3,v4_plus10_changed,not_run,passed=0 failed=0 skipped=0 total=0 reports=0 counted=0,,,,Defer; revisit through family-level compiler rewrites or new public evidence.,1
task377,14.175752,50224,49240,984,195,15257,3,3,v4_plus10_compiler2_unique,lb-verified-current-anchor,,nadeem_6252,14.175752,50224,candidate_v4_plus10_compiler2_score_n3,76,reduce,reduce,"train=3;test=1;out_smaller,color_subset,color_superset,color_same,reduce",in 21-23x22-27 -> out 3-7x3-7; pal 6->6,v4_plus10_changed,not_run,passed=0 failed=0 skipped=0 total=0 reports=0 counted=0,,,,Route to family DSL/compiler search; record any exact rule.,5
task378,14.428478,39008,38932,76,96,5481,3,3,nadeem_6252,public-anchor-candidate,candidate_v2;nadeem_6252,nadeem_6252,14.428478,39008,candidate_nadeem6252_plus_ours_38_score_n3,76,symmetry/flip/rotate,symmetry/flip/rotate,"train=4;test=1;shape_preserving,color_subset,color_superset,color_same,symmetry_candidate",in 6-12x6-12 -> out 6-12x6-12; pal 8->8,,not_run,passed=0 failed=0 skipped=0 total=0 reports=0 counted=0,,,,Route to family DSL/compiler search; record any exact rule.,4
task379,13.808672,72499,70769,1730,107,9996,3,3,candidate_v4,lb-verified-v4-anchor,afr1ste_5689;candidate_v2;candidate_v4;current_best_6122;nadeem_6252,"current_best_6122,nadeem_6252,candidate_v4,afr1ste_5689",13.808672,72499,afr1ste_5689_score_n3,76,symmetry/flip/rotate,symmetry/flip/rotate,"train=3;test=1;shape_preserving,color_subset,color_superset,color_same,symmetry_candidate",in 13-17x12-18 -> out 13-17x12-18; pal 3->3,,not_run,passed=0 failed=0 skipped=0 total=0 reports=0 counted=0,,,,Route to family DSL/compiler search; record any exact rule.,6
task380,18.409699,728,720,8,3,396,3,3,nadeem_6252,public-anchor-candidate,candidate_v2;nadeem_6252,nadeem_6252,18.409699,728,candidate_nadeem6252_plus_ours_38_score_n3,76,covered_or_unclassified,covered_or_unclassified,covered_by_existing_dsl_or_missing_feature_report,in 3-3x3-3 -> out 3-3x3-3; pal 2->2,,not_run,passed=0 failed=0 skipped=0 total=0 reports=0 counted=0,,,,Defer; revisit through family-level compiler rewrites or new public evidence.,0
task381,16.789060,3681,3640,41,31,3749,3,3,candidate_v4,lb-verified-v4-anchor,candidate_v2;candidate_v4;nadeem_6252,"nadeem_6252,candidate_v4",16.789060,3681,candidate_nadeem6252_plus_ours_38_score_n3,76,other,other,"train=3;test=1;shape_preserving,color_superset",in 10-10x10-10 -> out 10-10x10-10; pal 2->3,,not_run,passed=0 failed=0 skipped=0 total=0 reports=0 counted=0,,,,Defer; revisit through family-level compiler rewrites or new public evidence.,0
task382,13.416113,107354,106896,458,239,19986,3,3,candidate_v4,lb-verified-v4-anchor,candidate_v2;candidate_v4;nadeem_6252,"nadeem_6252,candidate_v4",13.416113,107354,candidate_nadeem6252_plus_ours_38_score_n3,76,symmetry/flip/rotate,symmetry/flip/rotate,"train=3;test=1;shape_preserving,color_subset,color_superset,color_same,symmetry_candidate",in 12-17x10-12 -> out 12-17x10-12; pal 3->3,,not_run,passed=0 failed=0 skipped=0 total=0 reports=0 counted=0,,,,Route to family DSL/compiler search; record any exact rule.,8
task383,13.231967,129060,129030,30,57,4981,3,3,v4_plus10_compiler2_unique,lb-verified-current-anchor,,nadeem_6252,13.239121,128140,afr1ste_5689_score_n3,76,symmetry/flip/rotate,symmetry/flip/rotate,"train=3;test=1;shape_preserving,color_subset,color_superset,color_same,symmetry_candidate",in 15-19x13-18 -> out 15-19x13-18; pal 6->6,cost_monster_top30;low_score_bottom30,not_run,passed=0 failed=0 skipped=0 total=0 reports=0 counted=0,,,,"Open semantic-factory pass: inspect examples, write prototype, then stress-test.",48
task384,13.778470,74722,74616,106,39,4308,3,3,nadeem_6252,public-anchor-candidate,candidate_v2;nadeem_6252,nadeem_6252,13.778470,74722,candidate_nadeem6252_plus_ours_38_score_n3,76,reduce,reduce,"train=3;test=1;out_smaller,color_subset,color_superset,color_same,reduce",in 9-9x9-9 -> out 6-8x6-8; pal 2->2,,not_run,passed=0 failed=0 skipped=0 total=0 reports=0 counted=0,,,,Route to family DSL/compiler search; record any exact rule.,6
task385,21.598803,30,0,30,1,175,3,3,candidate_v4,lb-verified-v4-anchor,afr1ste_5689;biohack44_6067;biohack44_6080;biohack44_6113;biohack44_super;candidate_v2;candidate_v4;current_best_6122;haoranran_6100;massimiliano_eda111;nadeem_6252;octavi_6042;octaviograu_6154,"current_best_6122,nadeem_6252,candidate_v4,biohack44_6113,biohack44_6067,octaviograu_6154,massimiliano_eda111,octavi_6042,haoranran_6100,afr1ste_5689,biohack44_super,biohack44_6080",21.598803,30,afr1ste_5689_score_n3,76,symmetry/flip/rotate,symmetry/flip/rotate,"train=2;test=1;shape_preserving,color_subset,color_superset,color_same,symmetry_candidate",in 10-10x4-4 -> out 10-10x4-4; pal 6->6,matches_cherrypick_unsafe_public,not_run,passed=0 failed=0 skipped=0 total=0 reports=0 counted=0,,,,Require semantic proof and pseudo-hidden audit; no raw public-source swap.,10
task386,17.312461,2181,2160,21,14,793,3,3,v4_plus10_compiler2_unique,lb-verified-current-anchor,,nadeem_6252,17.312461,2181,candidate_nadeem6252_plus_ours_v3_score_n3,76,reduce,reduce,"train=5;test=1;out_smaller,reduce",in 4-4x7-7 -> out 4-4x3-3; pal 4->2,,not_run,passed=0 failed=0 skipped=0 total=0 reports=0 counted=0,,,,Route to family DSL/compiler search; record any exact rule.,0
task387,13.940292,63558,63470,88,125,12388,3,3,candidate_v4,lb-verified-v4-anchor,candidate_v2;candidate_v4;nadeem_6252,"nadeem_6252,candidate_v4",13.940292,63558,candidate_nadeem6252_plus_ours_38_score_n3,76,other,other,"train=4;test=1;shape_preserving,color_superset",in 14-17x14-16 -> out 14-17x14-16; pal 6->7,,not_run,passed=0 failed=0 skipped=0 total=0 reports=0 counted=0,,build_task387.py,,Run or extend pseudo-hidden audit before using the builder.,11
task388,16.225378,6468,6282,186,52,6536,3,3,candidate_v4,lb-verified-v4-anchor,afr1ste_5689;candidate_v2;candidate_v4;nadeem_6252,"nadeem_6252,candidate_v4,afr1ste_5689",16.225378,6468,afr1ste_5689_score_n3,76,tiling,tiling,"train=3;test=1;tile,out_larger,color_superset",in 2-6x2-6 -> out 4-12x4-12; pal 4->5,,not_run,passed=0 failed=0 skipped=0 total=0 reports=0 counted=0,,,,Route to family DSL/compiler search; record any exact rule.,0
task389,17.451444,1898,1856,42,13,1421,3,3,candidate_v4,lb-verified-v4-anchor,afr1ste_5689;biohack44_6067;biohack44_6080;biohack44_6113;biohack44_super;candidate_v2;candidate_v4;current_best_6122;haoranran_6100;massimiliano_eda111;nadeem_6252;octavi_6042;octaviograu_6154,"current_best_6122,nadeem_6252,candidate_v4,biohack44_6113,biohack44_6067,octaviograu_6154,massimiliano_eda111,octavi_6042,haoranran_6100,afr1ste_5689,biohack44_super,biohack44_6080",17.451444,1898,afr1ste_5689_score_n3,76,color_fill,color_fill,"train=3;test=1;shape_preserving,color_fill",in 3-5x3-5 -> out 3-5x3-5; pal 4->4,matches_cherrypick_unsafe_public,not_run,passed=0 failed=0 skipped=0 total=0 reports=0 counted=0,,,,Require semantic proof and pseudo-hidden audit; no raw public-source swap.,10
task390,14.885765,24692,23724,968,43,4736,3,3,nadeem_6252,public-anchor-candidate,candidate_v2;nadeem_6252,nadeem_6252,14.885765,24692,candidate_nadeem6252_plus_ours_38_score_n3,76,symmetry/flip/rotate,symmetry/flip/rotate,"train=3;test=1;shape_preserving,color_subset,color_superset,color_same,symmetry_candidate",in 15-15x15-15 -> out 15-15x15-15; pal 3->3,,not_run,passed=0 failed=0 skipped=0 total=0 reports=0 counted=0,,,,Route to family DSL/compiler search; record any exact rule.,3
task391,15.787562,10021,9992,29,26,2841,3,3,candidate_v4,lb-verified-v4-anchor,afr1ste_5689;biohack44_6067;biohack44_6080;biohack44_6113;biohack44_super;candidate_v2;candidate_v4;current_best_6122;haoranran_6100;massimiliano_eda111;nadeem_6252;octavi_6042;octaviograu_6154,"current_best_6122,nadeem_6252,candidate_v4,biohack44_6113,biohack44_6067,octaviograu_6154,massimiliano_eda111,octavi_6042,haoranran_6100,afr1ste_5689,biohack44_super,biohack44_6080",15.787562,10021,afr1ste_5689_score_n3,76,reduce,reduce,"train=4;test=1;out_smaller,color_subset,reduce",in 13-13x10-16 -> out 3-3x1-1; pal 7->6,matches_cherrypick_unsafe_public,not_run,passed=0 failed=0 skipped=0 total=0 reports=0 counted=0,,,,Require semantic proof and pseudo-hidden audit; no raw public-source swap.,10
task392,14.662460,30870,28772,2098,51,8330,3,3,candidate_v4,lb-verified-v4-anchor,afr1ste_5689;biohack44_6080;biohack44_6113;candidate_v2;candidate_v4;current_best_6122;massimiliano_eda111;nadeem_6252,"current_best_6122,nadeem_6252,candidate_v4,biohack44_6113,massimiliano_eda111,afr1ste_5689,biohack44_6080",14.662460,30870,afr1ste_5689_score_n3,76,color_fill,color_fill,"train=3;test=1;shape_preserving,color_fill",in 10-10x10-10 -> out 10-10x10-10; pal 4->4,,not_run,passed=0 failed=0 skipped=0 total=0 reports=0 counted=0,,,,Route to family DSL/compiler search; record any exact rule.,3
task393,18.870950,459,450,9,25,1538,3,3,candidate_v4,lb-verified-v4-anchor,candidate_v2;candidate_v4;nadeem_6252,"nadeem_6252,candidate_v4",18.870950,459,candidate_nadeem6252_plus_ours_38_score_n3,76,reduce,reduce,"train=3;test=1;out_smaller,color_subset,reduce",in 12-12x12-12 -> out 3-3x1-1; pal 7->6,,not_run,passed=0 failed=0 skipped=0 total=0 reports=0 counted=0,,,,Route to family DSL/compiler search; record any exact rule.,0
task394,16.533469,4753,4718,35,80,3787,3,3,candidate_v4,lb-verified-v4-anchor,afr1ste_5689;biohack44_6080;biohack44_6113;candidate_v2;candidate_v4;current_best_6122;massimiliano_eda111,"current_best_6122,candidate_v4,biohack44_6113,massimiliano_eda111,afr1ste_5689,biohack44_6080",16.533469,4753,afr1ste_5689_score_n3,76,crop,crop,"train=3;test=1;crop,out_smaller,color_subset",in 4-7x4-7 -> out 1-2x1-2; pal 6->4,,not_run,passed=0 failed=0 skipped=0 total=0 reports=0 counted=0,,,,Route to family DSL/compiler search; record any exact rule.,0
task395,17.581219,1667,1620,47,14,1179,3,3,candidate_v4,lb-verified-v4-anchor,afr1ste_5689;biohack44_6080;biohack44_6113;candidate_v2;candidate_v4;current_best_6122;massimiliano_eda111,"current_best_6122,candidate_v4,biohack44_6113,massimiliano_eda111,afr1ste_5689,biohack44_6080",17.581219,1667,afr1ste_5689_score_n3,76,trim_border,trim_border;reduce,"train=5;test=1;trim_border,out_smaller,reduce",in 6-6x3-3 -> out 3-3x3-3; pal 3->2,,not_run,passed=0 failed=0 skipped=0 total=0 reports=0 counted=0,,,,Defer; revisit through family-level compiler rewrites or new public evidence.,0
task396,13.211809,131688,124442,7246,67,25265,3,3,v4_plus10_compiler2_unique,lb-verified-current-anchor,,nadeem_6252,13.211809,131688,candidate_v4_plus10_compiler2_score_n3,76,reduce,reduce,"train=3;test=1;out_smaller,color_subset,reduce",in 13-15x13-16 -> out 6-7x7-7; pal 5->4,cost_monster_top30;low_score_bottom30;v4_plus10_changed,not_run,passed=0 failed=0 skipped=0 total=0 reports=0 counted=0,,,,"Open semantic-factory pass: inspect examples, write prototype, then stress-test.",48
task397,15.040983,21142,21046,96,86,7145,3,3,nadeem_6252,public-anchor-candidate,candidate_v2;nadeem_6252,nadeem_6252,15.045772,21041,afr1ste_5689_score_n3,76,other,other,"train=3;test=1;shape_preserving,color_superset",in 10-10x10-10 -> out 10-10x10-10; pal 8->9,,not_run,passed=0 failed=0 skipped=0 total=0 reports=0 counted=0,,,,Defer; revisit through family-level compiler rewrites or new public evidence.,2
task398,13.658254,84267,83505,762,44,7459,3,3,candidate_v4,lb-verified-v4-anchor,candidate_v2;candidate_v4;current_best_6122,"current_best_6122,candidate_v4",13.658254,84267,candidate_bio_t200_t084_score_n3,76,tiling,tiling,"train=5;test=1;tile,out_larger,color_subset,color_superset,color_same",in 1-1x5-5 -> out 5-15x5-15; pal 8->8,,not_run,passed=0 failed=0 skipped=0 total=0 reports=0 counted=0,,,,Route to family DSL/compiler search; record any exact rule.,7
task399,17.483023,1839,930,909,8,1907,3,3,candidate_v4,lb-verified-v4-anchor,afr1ste_5689;biohack44_6067;biohack44_6080;biohack44_6113;biohack44_super;candidate_v2;candidate_v4;current_best_6122;haoranran_6100;massimiliano_eda111;nadeem_6252;octavi_6042;octaviograu_6154,"current_best_6122,nadeem_6252,candidate_v4,biohack44_6113,biohack44_6067,octaviograu_6154,massimiliano_eda111,octavi_6042,haoranran_6100,afr1ste_5689,biohack44_super,biohack44_6080",17.483023,1839,afr1ste_5689_score_n3,76,other_shape_change,other,train=8;test=3,in 3-7x3-7 -> out 3-3x3-3; pal 2->2,matches_cherrypick_unsafe_public,not_run,passed=0 failed=0 skipped=0 total=0 reports=0 counted=0,,,,Require semantic proof and pseudo-hidden audit; no raw public-source swap.,10
task400,14.532535,35153,35114,39,25,3021,3,3,candidate_v4,lb-verified-v4-anchor,biohack44_6067;biohack44_6080;biohack44_super;candidate_v2;candidate_v4;current_best_6122;nadeem_6252;octavi_6042;octaviograu_6154,"current_best_6122,nadeem_6252,candidate_v4,biohack44_6067,octaviograu_6154,octavi_6042,biohack44_super,biohack44_6080",14.532535,35153,afr1ste_5689_score_n3,76,reduce,reduce,"train=3;test=1;out_smaller,color_subset,reduce",in 24-24x24-24 -> out 5-5x5-5; pal 7->4,matches_cherrypick_unsafe_public,not_run,passed=0 failed=0 skipped=0 total=0 reports=0 counted=0,,,,Require semantic proof and pseudo-hidden audit; no raw public-source swap.,14
