task_id,rank,parent_priority_rank,direction,family_primary,family_tags_text,public_tail_tags_text,anchor_score,anchor_cost,anchor_memory,anchor_params,anchor_nodes,anchor_file_size,local_pass,local_total,cost_rank,low_score_rank,dossier_priority_score,best_seen_score,best_seen_cost,best_seen_attempt,best_seen_delta,attempt_count,gross_upside_lb,success_probability,hidden_risk,graphizability,family_reuse,effort_units,expected_lb,model_score,queue_score,pseudo_hidden_status,pseudo_passed,pseudo_failed,pseudo_skipped,pseudo_pass_rate,source_label,source_risk,source_match_count,known_prototypes_text,known_builders_text,known_reports_text,graph_risk_score,graph_risk_flags,graph_has_lookup_ops,compiler_golf_gain,compiler_golf_signal,delta_vs_prev_anchor,delta_vs_6122_anchor,shape_profile,family_features,rationale,next_gate
task018,1,1,pseudo_hidden_first,symmetry/flip/rotate,symmetry/flip/rotate,public_bottom15;public_big_gap;public_overfit_risk;cost_monster_top30;low_score_bottom30;local_visible_not_full_pass;matches_cherrypick_unsafe_public,11.926438,476185.000000,475190.000000,995.000000,192.000000,29359.000000,0,3,5,5,158.000000,25.000000,0.000000,candidate_task018_probe_score_n3,13.073562,76,3.520000,0.165800,0.980000,0.820000,1.000000,1.696111,0.583616,0.414250,9999.000000,not_run,0.000000,0.000000,0.000000,0.000000,nadeem_6252,public-anchor-candidate,3,,build_task018_constant.py;build_task018_identity.py,task018_probe_full_audit.csv,1.000000,has_lookup_ops;fp16,1,0.000000,,-0.000000,0.602563,in 14-16x14-18 -> out 14-16x14-18; pal 6->6,"train=3;test=1;shape_preserving,color_subset,color_superset,color_same,symmetry_candidate",parent-priority | public gap +3.52 | cost rank 5 | best-seen +13.07 | builder | Do not cost-only replace; run scorer-decoder or semantic audit before any probe.,Do not cost-only replace; run scorer-decoder or semantic audit before any probe.
task285,2,2,compact_compiler,symmetry/flip/rotate,symmetry/flip/rotate,public_bottom15;public_big_gap;public_overfit_risk;cost_monster_top30;low_score_bottom30,12.112175,395468.000000,390848.000000,4620.000000,279.000000,36534.000000,3,3,6,6,147.000000,12.935514,173596.000000,afr1ste_6284_score_n1,0.823339,76,3.620000,0.753800,0.240000,0.860000,1.000000,1.661625,2.728756,1.329690,9998.000000,stress_clean,3375.000000,0.000000,70.000000,1.000000,v4_plus10_compiler2_unique,lb-verified-current-anchor,0,prototype_task285_v2.py,,task285_semantic_v2.md;task285_v2_hypotheses.csv;task285_v2_leave_one_out.csv;task285_v2_pseudo_hidden.csv;task285_v2_structure.csv;task285_v2_summary.json,0.500000,fp16,0,0.000000,,0.000000,5.528608,in 14-30x14-30 -> out 14-30x14-30; pal 8->8,"train=3;test=1;shape_preserving,color_subset,color_superset,color_same,symmetry_candidate","parent-priority | public gap +3.02 | cost rank 6 | stress clean | best-seen +0.82 | prototype | Compile a compact ONNX builder, then cost-audit against the anchor.","Compile a compact ONNX builder, then cost-audit against the anchor."
task255,3,3,semantic_rebuild,other,other,public_bottom15;public_big_gap;cost_monster_top30;low_score_bottom30,10.718956,1592864.000000,1437216.000000,155648.000000,153.000000,304897.000000,3,3,1,1,147.000000,13.105875,146404.000000,afr1ste_6284_score_n1,2.386919,76,5.070604,0.331016,0.860000,0.400000,0.992319,1.886283,1.678451,0.662686,9997.000000,stress_mixed,2226.000000,2364.000000,2303.000000,0.484967,v4_plus10_compiler2_unique,lb-verified-current-anchor,0,prototype_task255.py;prototype_task255_v2.py,,task255_semantic_v2.md;task255_v2_pseudo_hidden.csv;task255_v2_pseudo_hidden.json;task255_v2_pseudo_hidden_summary.csv;task255_v2_rectangles.csv;task255_v2_split_examples.csv;task255_v2_split_summary.csv;task255_v2_summary.json,0.500000,fp16,0,0.000000,,0.000000,3.293738,in 30-30x30-30 -> out 30-30x30-30; pal 4->5,"train=3;test=1;shape_preserving,color_superset",parent-priority | public gap +4.57 | cost rank 1 | stress mixed | best-seen +2.39 | prototype | Retire brittle variants; rebuild semantic rectangle/gutter rule and demand clean pseudo-hidden before ONNX.,Retire brittle variants; rebuild semantic rectangle/gutter rule and demand clean pseudo-hidden before ONNX.
task133,4,4,semantic_rebuild,symmetry/flip/rotate,symmetry/flip/rotate,public_bottom15;public_big_gap;cost_monster_top30;low_score_bottom30,12.810667,196680.000000,196254.000000,426.000000,121.000000,9860.000000,3,3,9,9,135.000000,12.824784,193923.000000,blend_v360_score,0.014117,76,1.787336,0.309878,0.864510,0.640000,1.000000,1.744189,0.553857,0.375184,9996.000000,stress_mixed,4062.000000,1293.000000,252.000000,0.758543,candidate_v4,lb-verified-v4-anchor,1,prototype_task133_v2.py,,task133_semantic_v2.md;task133_v2_anchor_pseudo_hidden.csv;task133_v2_anchor_pseudo_hidden_summary.json;task133_v2_components.csv;task133_v2_eval.csv;task133_v2_leave_one_out.csv;task133_v2_pseudo_hidden.csv;task133_v2_pseudo_hidden_summary.json;task133_v2_stats.json;task133_v2_summary.csv,2.000000,high_init_ratio;big_init>=64KB,0,0.000000,,0.000000,3.860981,in 15-17x12-18 -> out 15-17x12-18; pal 7->7,"train=4;test=1;shape_preserving,color_subset,color_superset,color_same,symmetry_candidate",parent-priority | public big-gap set | cost rank 9 | stress mixed | prototype | graph risk 2 | Revise semantic prototype; do not stage until pseudo-hidden is clean.,Revise semantic prototype; do not stage until pseudo-hidden is clean.
task366,5,5,compact_compiler,reduce,reduce,public_bottom15;public_big_gap;cost_monster_top30;low_score_bottom30,11.369952,830720.000000,824263.000000,6457.000000,713.000000,90138.000000,3,3,3,3,135.000000,11.369952,830720.000000,candidate_nadeem6252_plus_ours_v3_score_n3,0.000000,76,4.370000,0.742600,0.200000,0.720000,1.000000,1.897529,3.245162,1.340810,9995.000000,stress_clean,1456.000000,0.000000,406.000000,1.000000,candidate_v4,lb-verified-v4-anchor,1,prototype_task366.py;prototype_task366_v2.py,build_task366_v2.py,task366_semantic_v2.md;task366_v2_equivalence.csv;task366_v2_existing_onnx.csv;task366_v2_hypotheses.csv;task366_v2_pseudo_hidden.csv;task366_v2_pseudo_hidden_failures.txt;task366_v2_pseudo_hidden_summary.json;task366_v2_stats.json,1.500000,big_init>=64KB;has_lookup_ops,1,0.000000,,0.000000,4.281193,in 10-30x16-20 -> out 10-15x8-17; pal 7->7,"train=3;test=1;out_smaller,color_subset,reduce",parent-priority | public gap +3.77 | cost rank 3 | stress clean | prototype | builder | Cost-audit builder and verify full visible plus stress suite before staging.,Cost-audit builder and verify full visible plus stress suite before staging.
task233,6,6,pseudo_hidden_first,reduce,reduce,public_bottom15;public_big_gap;cost_monster_top30;low_score_bottom30,10.812401,1450762.000000,1444504.000000,6258.000000,2141.000000,271505.000000,3,3,2,2,132.000000,13.767556,75542.000000,blend_v360_score,2.955155,76,4.580000,0.356600,0.730000,0.580000,1.000000,1.963008,1.633228,0.682181,9994.000000,not_run,0.000000,0.000000,0.000000,0.000000,v4_plus10_compiler2_unique,lb-verified-current-anchor,0,prototype_task233.py,build_task233.py,task233_baseline.json;task233_init.json;task233_v2.json;task233_v3.json;task233_v4.json,3.000000,high_init_ratio;big_init>=64KB;has_lookup_ops;fp16,1,0.000000,,0.000000,0.931603,in 16-24x10-19 -> out 8-17x8-9; pal 7->6,"train=3;test=1;out_smaller,color_subset,reduce",parent-priority | public gap +3.98 | cost rank 2 | best-seen +2.96 | prototype | builder | graph risk 3 | Run or extend pseudo-hidden audit before using the builder.,Run or extend pseudo-hidden audit before using the builder.
task025,7,7,audit_before_swap,color_remap,color_remap,public_bottom15;cost_monster_top30;low_score_bottom30;matches_cherrypick_unsafe_public,13.149938,140093.000000,140028.000000,65.000000,127.000000,13460.000000,3,3,17,17,94.000000,13.600400,89286.000000,blend_v360_score,0.450462,76,1.050462,0.325301,0.590000,0.840000,0.910022,1.505035,0.341716,0.373370,9993.000000,not_run,0.000000,0.000000,0.000000,0.000000,candidate_v4,lb-verified-v4-anchor,5,,build_task025.py,,0.500000,fp16,0,0.000000,,-0.000000,0.888883,in 15-18x14-19 -> out 15-18x14-19; pal 6->6,"train=3;test=1;shape_preserving,color_subset,color_remap",parent-priority | public bottom15 | cost rank 17 | best-seen +0.45 | builder | Require semantic proof and pseudo-hidden audit; no raw public-source swap.,Require semantic proof and pseudo-hidden audit; no raw public-source swap.
task173,8,8,audit_before_swap,symmetry/flip/rotate,symmetry/flip/rotate,public_bottom15;cost_monster_top30;low_score_bottom30;matches_cherrypick_unsafe_public,12.926071,175243.000000,175026.000000,217.000000,68.000000,10061.000000,3,3,12,12,89.000000,12.926071,175243.000000,biohack44_super_score_n3,0.000000,76,1.718093,0.229000,0.630000,0.660000,1.000000,1.615674,0.393443,0.351127,9992.000000,not_run,0.000000,0.000000,0.000000,0.000000,nadeem_6252,public-anchor-candidate,4,,,,0.500000,fp16,0,0.000000,,-0.000000,0.035038,in 13-14x12-22 -> out 13-14x12-22; pal 7->7,"train=3;test=1;shape_preserving,color_subset,color_superset,color_same,symmetry_candidate",parent-priority | public bottom15 | cost rank 12 | Require semantic proof and pseudo-hidden audit; no raw public-source swap.,Require semantic proof and pseudo-hidden audit; no raw public-source swap.
task243,9,9,pseudo_hidden_first,symmetry/flip/rotate,symmetry/flip/rotate,public_bottom15;public_big_gap,13.401200,108967.000000,108864.000000,103.000000,135.000000,16583.000000,3,3,31,31,83.000000,13.874533,67878.000000,blend_v360_score,0.473333,76,1.073333,0.356200,0.520000,0.780000,1.000000,1.616849,0.382321,0.391610,9991.000000,not_run,0.000000,0.000000,0.000000,0.000000,candidate_v4,lb-verified-v4-anchor,3,,build_task243.py,,0.500000,fp16,0,0.000000,,0.000000,0.696716,in 13-16x13-16 -> out 13-16x13-16; pal 10->10,"train=3;test=1;shape_preserving,color_subset,color_superset,color_same,symmetry_candidate",parent-priority | public big-gap set | best-seen +0.47 | builder | Run or extend pseudo-hidden audit before using the builder.,Run or extend pseudo-hidden audit before using the builder.
task158,10,10,semantic_rebuild,symmetry/flip/rotate,symmetry/flip/rotate,public_bottom15;cost_monster_top30;low_score_bottom30,12.838381,191304.000000,190938.000000,366.000000,253.000000,21962.000000,3,3,10,10,80.000000,12.883972,182778.000000,blend_v360_score,0.045591,76,1.770707,0.306600,0.520000,0.660000,1.000000,1.820624,0.542899,0.401746,9990.000000,not_run,0.000000,0.000000,0.000000,0.000000,candidate_v4,lb-verified-v4-anchor,1,,,,0.500000,fp16,0,0.000000,,0.000000,2.867164,in 20-21x19-22 -> out 20-21x19-22; pal 6->6,"train=3;test=1;shape_preserving,color_subset,color_superset,color_same,symmetry_candidate","parent-priority | public bottom15 | cost rank 10 | Open semantic-factory pass: inspect examples, write prototype, then stress-test.","Open semantic-factory pass: inspect examples, write prototype, then stress-test."
task054,11,11,semantic_rebuild,symmetry/flip/rotate,symmetry/flip/rotate,public_bottom15;cost_monster_top30;low_score_bottom30,13.077963,150548.000000,150387.000000,161.000000,107.000000,5551.000000,3,3,15,15,79.000000,13.077963,150548.000000,candidate_nadeem6252_plus_ours_38_score_n3,0.000000,76,1.626958,0.306600,0.520000,0.660000,1.000000,1.807098,0.498825,0.388420,9989.000000,not_run,0.000000,0.000000,0.000000,0.000000,candidate_v4,lb-verified-v4-anchor,3,,,,0.500000,fp16,0,0.000000,,0.000000,0.190033,in 30-30x30-30 -> out 30-30x30-30; pal 7->7,"train=3;test=1;shape_preserving,color_subset,color_superset,color_same,symmetry_candidate","parent-priority | public bottom15 | cost rank 15 | Open semantic-factory pass: inspect examples, write prototype, then stress-test.","Open semantic-factory pass: inspect examples, write prototype, then stress-test."
task286,12,12,semantic_rebuild,symmetry/flip/rotate,symmetry/flip/rotate,public_bottom15;cost_monster_top30;low_score_bottom30,13.011269,160931.000000,159629.000000,1302.000000,168.000000,19603.000000,3,3,13,13,79.000000,13.011269,160931.000000,candidate_bio_t200_t084_score_n3,0.000000,76,1.666974,0.306600,0.520000,0.660000,1.000000,1.810864,0.511094,0.391831,9988.000000,not_run,0.000000,0.000000,0.000000,0.000000,candidate_v4,lb-verified-v4-anchor,3,,,,0.500000,fp16,0,0.000000,,-0.000000,-0.000000,in 11-13x14-24 -> out 11-13x14-24; pal 6->6,"train=2;test=1;shape_preserving,color_subset,color_superset,color_same,symmetry_candidate","parent-priority | public bottom15 | cost rank 13 | Open semantic-factory pass: inspect examples, write prototype, then stress-test.","Open semantic-factory pass: inspect examples, write prototype, then stress-test."
task096,13,13,semantic_rebuild,reduce,reduce,public_overfit_risk;cost_monster_top30;low_score_bottom30,12.873891,184630.000000,183701.000000,929.000000,456.000000,58448.000000,3,3,11,11,65.000000,14.712339,29368.000000,blend_v360_score,1.838448,76,2.438448,0.305840,0.680000,0.480000,0.984806,1.836620,0.745776,0.365848,9987.000000,not_run,0.000000,0.000000,0.000000,0.000000,v4_plus10_compiler2_unique,lb-verified-current-anchor,0,,,,1.000000,has_lookup_ops;fp16,1,0.000000,,0.000000,0.955589,in 13-18x17-18 -> out 7-11x7-11; pal 8->8,"train=3;test=1;out_smaller,color_subset,color_superset,color_same,reduce","parent-priority | cost rank 11 | best-seen +1.84 | Open semantic-factory pass: inspect examples, write prototype, then stress-test.","Open semantic-factory pass: inspect examples, write prototype, then stress-test."
task191,14,0,pseudo_hidden_first,symmetry/flip/rotate,symmetry/flip/rotate,cost_monster_top30;low_score_bottom30;v4_plus10_changed,11.553610,691342.000000,691177.000000,165.000000,1036.000000,95203.000000,3,3,4,4,59.000000,13.638840,85919.000000,afr1ste_5689_score_n3,2.085230,76,2.685230,0.369800,0.580000,0.820000,1.000000,1.897160,0.992998,0.513377,0.513377,not_run,0.000000,0.000000,0.000000,0.000000,v4_plus10_compiler2_unique,lb-verified-current-anchor,0,prototype_task191_v2.py,build_task191_v2.py,task191_onnx_compile_v2.md;task191_onnx_v2_equivalence.json;task191_onnx_v2_verify.json;task191_semantic_v2.md,1.000000,has_lookup_ops;fp16,1,0.025703,compiler_golf_probe_v2_candidates.csv: removed terminal Cast; graph output now /Unsqueeze_160_output_0 as FLOAT16[1x10x30x30],0.025703,0.025703,in 23-23x23-23 -> out 23-23x23-23; pal 3->3,"train=4;test=1;shape_preserving,color_subset,color_superset,color_same,symmetry_candidate",cost rank 4 | best-seen +2.09 | prototype | builder | compiler +0.03 | Run or extend pseudo-hidden audit before using the builder.,Run or extend pseudo-hidden audit before using the builder.
task101,15,0,semantic_rebuild,symmetry/flip/rotate,symmetry/flip/rotate,cost_monster_top30;low_score_bottom30,12.166837,374431.000000,374325.000000,106.000000,125.000000,19538.000000,3,3,7,7,52.000000,13.904425,65879.000000,blend_v360_score,1.737588,76,2.337588,0.337000,0.580000,0.660000,1.000000,1.858538,0.787767,0.422166,0.422166,not_run,0.000000,0.000000,0.000000,0.000000,candidate_v4,lb-verified-v4-anchor,3,,,,1.000000,has_lookup_ops;fp16,1,0.000000,,-0.000000,1.214957,in 14-14x12-12 -> out 14-14x12-12; pal 3->3,"train=3;test=1;shape_preserving,color_subset,color_superset,color_same,symmetry_candidate","cost rank 7 | best-seen +1.74 | Open semantic-factory pass: inspect examples, write prototype, then stress-test.","Open semantic-factory pass: inspect examples, write prototype, then stress-test."
task076,16,0,semantic_rebuild,symmetry/flip/rotate,symmetry/flip/rotate,cost_monster_top30;low_score_bottom30,12.303530,326593.000000,325583.000000,1010.000000,365.000000,39081.000000,3,3,8,8,52.000000,14.503628,36184.000000,blend_v360_score,2.200098,76,2.800098,0.308200,0.730000,0.600000,1.000000,1.856821,0.862990,0.392463,0.392463,not_run,0.000000,0.000000,0.000000,0.000000,v4_plus10_compiler2_unique,lb-verified-current-anchor,0,,,,3.000000,high_init_ratio;big_init>=64KB;has_lookup_ops;fp16,1,0.000000,,0.000000,1.468655,in 13-13x13-13 -> out 13-13x13-13; pal 5->5,"train=3;test=1;shape_preserving,color_subset,color_superset,color_same,symmetry_candidate","cost rank 8 | best-seen +2.20 | graph risk 3 | Open semantic-factory pass: inspect examples, write prototype, then stress-test.","Open semantic-factory pass: inspect examples, write prototype, then stress-test."
task066,17,0,family_dsl,symmetry/flip/rotate,symmetry/flip/rotate,,13.489738,99734.000000,99596.000000,138.000000,291.000000,16477.000000,3,3,42,42,7.000000,15.028480,21408.000000,blend_v360_score,1.538742,76,2.138742,0.306600,0.520000,0.660000,1.000000,1.583850,0.655738,0.382283,0.382283,not_run,0.000000,0.000000,0.000000,0.000000,candidate_v4,lb-verified-v4-anchor,1,,,,0.500000,fp16,0,0.000000,,-0.000000,1.611171,in 10-20x10-20 -> out 10-20x10-20; pal 4->4,"train=3;test=1;shape_preserving,color_subset,color_superset,color_same,symmetry_candidate",best-seen +1.54 | Route to family DSL/compiler search; record any exact rule.,Route to family DSL/compiler search; record any exact rule.
task064,18,0,audit_before_swap,symmetry/flip/rotate,symmetry/flip/rotate,cost_monster_top30;low_score_bottom30;matches_cherrypick_unsafe_public,13.354705,114153.000000,114061.000000,92.000000,68.000000,7151.000000,3,3,27,27,63.000000,13.354705,114153.000000,biohack44_super_score_n3,0.000000,76,1.460913,0.285000,0.590000,0.780000,1.000000,1.499474,0.416360,0.371891,0.371891,not_run,0.000000,0.000000,0.000000,0.000000,candidate_v4,lb-verified-v4-anchor,5,,build_task064.py,,0.500000,fp16,0,0.000000,,-0.000000,0.143867,in 9-14x12-18 -> out 9-14x12-18; pal 6->6,"train=4;test=1;shape_preserving,color_subset,color_superset,color_same,symmetry_candidate",cost rank 27 | builder | Require semantic proof and pseudo-hidden audit; no raw public-source swap.,Require semantic proof and pseudo-hidden audit; no raw public-source swap.
task204,19,0,pseudo_hidden_first,other,other,cost_monster_top30;low_score_bottom30,13.314416,118846.000000,116800.000000,2046.000000,71.000000,11457.000000,3,3,23,23,53.000000,13.314416,118846.000000,candidate_nadeem6252_plus_ours_v3_score_n3,0.000000,76,1.485086,0.318216,0.520000,0.560000,0.992319,1.643748,0.472578,0.346722,0.346722,not_run,0.000000,0.000000,0.000000,0.000000,candidate_v4,lb-verified-v4-anchor,1,prototype_task204.py,build_task204.py,,0.500000,fp16,0,0.000000,,-0.000000,0.329292,in 10-20x10-20 -> out 10-20x10-20; pal 2->4,"train=5;test=1;shape_preserving,color_superset",cost rank 23 | prototype | builder | Run or extend pseudo-hidden audit before using the builder.,Run or extend pseudo-hidden audit before using the builder.
task383,20,0,semantic_rebuild,symmetry/flip/rotate,symmetry/flip/rotate,cost_monster_top30;low_score_bottom30,13.231967,129060.000000,129030.000000,30.000000,57.000000,4981.000000,3,3,21,21,48.000000,13.239121,128140.000000,afr1ste_5689_score_n3,0.007154,76,1.534556,0.306600,0.520000,0.660000,1.000000,1.798403,0.470495,0.345173,0.345173,not_run,0.000000,0.000000,0.000000,0.000000,v4_plus10_compiler2_unique,lb-verified-current-anchor,0,,,,0.500000,fp16,0,0.000000,,-0.000000,0.007003,in 15-19x13-18 -> out 15-19x13-18; pal 6->6,"train=3;test=1;shape_preserving,color_subset,color_superset,color_same,symmetry_candidate","cost rank 21 | Open semantic-factory pass: inspect examples, write prototype, then stress-test.","Open semantic-factory pass: inspect examples, write prototype, then stress-test."
task358,21,0,semantic_rebuild,symmetry/flip/rotate,symmetry/flip/rotate,public_slowest;cost_monster_top30;low_score_bottom30,13.371400,112263.000000,111925.000000,338.000000,132.000000,10783.000000,3,3,30,30,48.000000,13.371400,112263.000000,candidate_v4_plus10_compiler2_score_n3,0.000000,76,1.450896,0.306600,0.520000,0.660000,1.000000,1.790531,0.444845,0.337927,0.337927,not_run,0.000000,0.000000,0.000000,0.000000,v4_plus10_compiler2_unique,lb-verified-current-anchor,0,,,,0.500000,fp16,0,0.000000,,-0.000000,0.000694,in 12-15x11-14 -> out 12-15x11-14; pal 5->5,"train=2;test=1;shape_preserving,color_subset,color_superset,color_same,symmetry_candidate","cost rank 30 | Open semantic-factory pass: inspect examples, write prototype, then stress-test.","Open semantic-factory pass: inspect examples, write prototype, then stress-test."
task202,22,0,audit_before_swap,symmetry/flip/rotate,symmetry/flip/rotate,cost_monster_top30;low_score_bottom30;matches_cherrypick_unsafe_public,13.258188,125720.000000,125706.000000,14.000000,31.000000,3582.000000,3,3,22,22,58.000000,13.258188,125720.000000,afr1ste_5689_score_n3,0.000000,76,1.518823,0.241800,0.550000,0.660000,1.000000,1.596923,0.367251,0.330762,0.330762,not_run,0.000000,0.000000,0.000000,0.000000,candidate_v4,lb-verified-v4-anchor,13,,,,0.500000,fp16,0,0.000000,,0.000000,0.000000,in 13-15x13-19 -> out 13-15x13-19; pal 7->7,"train=4;test=1;shape_preserving,color_subset,color_superset,color_same,symmetry_candidate",cost rank 22 | Require semantic proof and pseudo-hidden audit; no raw public-source swap.,Require semantic proof and pseudo-hidden audit; no raw public-source swap.
task005,23,0,audit_before_swap,symmetry/flip/rotate,symmetry/flip/rotate,cost_monster_top30;low_score_bottom30;matches_cherrypick_unsafe_public,13.328150,117225.000000,116889.000000,336.000000,106.000000,10910.000000,3,3,24,24,58.000000,13.328150,117225.000000,biohack44_super_score_n3,0.000000,76,1.476846,0.241800,0.550000,0.660000,1.000000,1.592973,0.357101,0.327571,0.327571,not_run,0.000000,0.000000,0.000000,0.000000,candidate_v4,lb-verified-v4-anchor,6,,,,0.500000,fp16,0,0.000000,,0.000000,0.000000,in 21-21x21-21 -> out 21-21x21-21; pal 8->8,"train=3;test=1;shape_preserving,color_subset,color_superset,color_same,symmetry_candidate",cost rank 24 | Require semantic proof and pseudo-hidden audit; no raw public-source swap.,Require semantic proof and pseudo-hidden audit; no raw public-source swap.
task013,24,0,audit_before_swap,symmetry/flip/rotate,symmetry/flip/rotate,cost_monster_top30;low_score_bottom30;matches_cherrypick_unsafe_public,13.331080,116882.000000,114625.000000,2257.000000,91.000000,18384.000000,3,3,25,25,58.000000,13.331080,116882.000000,afr1ste_5689_score_n3,0.000000,76,1.475088,0.241800,0.550000,0.660000,1.000000,1.592808,0.356676,0.327437,0.327437,not_run,0.000000,0.000000,0.000000,0.000000,candidate_v4,lb-verified-v4-anchor,13,,,,0.500000,fp16,0,0.000000,,0.000000,0.000000,in 7-24x8-25 -> out 7-24x8-25; pal 6->6,"train=4;test=1;shape_preserving,color_subset,color_superset,color_same,symmetry_candidate",cost rank 25 | Require semantic proof and pseudo-hidden audit; no raw public-source swap.,Require semantic proof and pseudo-hidden audit; no raw public-source swap.
task085,25,0,audit_before_swap,symmetry/flip/rotate,symmetry/flip/rotate,cost_monster_top30;low_score_bottom30;matches_cherrypick_unsafe_public,13.363283,113178.000000,113040.000000,138.000000,20.000000,2547.000000,3,3,29,29,58.000000,13.363283,113178.000000,afr1ste_5689_score_n3,0.000000,76,1.455766,0.241800,0.550000,0.660000,1.000000,1.590990,0.352004,0.325963,0.325963,not_run,0.000000,0.000000,0.000000,0.000000,candidate_v4,lb-verified-v4-anchor,13,,,,0.500000,fp16,0,0.000000,,0.000000,0.000000,in 8-8x20-30 -> out 8-8x20-30; pal 5->5,"train=2;test=1;shape_preserving,color_subset,color_superset,color_same,symmetry_candidate",cost rank 29 | Require semantic proof and pseudo-hidden audit; no raw public-source swap.,Require semantic proof and pseudo-hidden audit; no raw public-source swap.
task071,26,0,audit_before_swap,color_remap,color_remap,cost_monster_top30;low_score_bottom30;matches_cherrypick_unsafe_public,13.226404,129780.000000,128850.000000,930.000000,49.000000,12082.000000,3,3,20,20,58.000000,13.226404,129780.000000,afr1ste_5689_score_n3,0.000000,76,1.537893,0.239601,0.550000,0.720000,0.860022,1.592717,0.368481,0.316524,0.316524,not_run,0.000000,0.000000,0.000000,0.000000,candidate_v4,lb-verified-v4-anchor,13,,,,0.500000,fp16,0,0.000000,,-0.000000,-0.000000,in 16-16x16-16 -> out 16-16x16-16; pal 5->3,"train=2;test=1;shape_preserving,color_subset,color_remap",cost rank 20 | Require semantic proof and pseudo-hidden audit; no raw public-source swap.,Require semantic proof and pseudo-hidden audit; no raw public-source swap.
task219,27,0,defer,other,other,public_overfit_risk,13.681837,82303.000000,82206.000000,97.000000,393.000000,17210.000000,3,3,61,61,32.000000,14.218173,48138.000000,afr1ste_6284_score_n1,0.536336,76,1.136336,0.375416,0.620000,0.600000,0.992319,1.499005,0.426599,0.299997,0.299997,not_run,0.000000,0.000000,0.000000,0.000000,v4_plus10_compiler2_unique,lb-verified-current-anchor,0,prototype_task219.py,build_task219.py,task219_full_cost.json,0.000000,,0,0.000000,,-0.000000,5.260060,in 15-15x10-10 -> out 15-15x10-10; pal 2->3,"train=3;test=1;shape_preserving,color_superset",best-seen +0.54 | prototype | builder | Avoid visible-family lookup staging; generalize the closed Python rule against pseudo-hidden shape families.,Avoid visible-family lookup staging; generalize the closed Python rule against pseudo-hidden shape families.
task367,28,0,semantic_rebuild,other,other,cost_monster_top30;low_score_bottom30,13.125192,143603.000000,141612.000000,1991.000000,135.000000,9982.000000,3,3,16,16,49.000000,14.083967,55052.000000,blend_v360_score,0.958775,76,1.558775,0.319716,0.520000,0.360000,0.942319,1.834432,0.498365,0.290460,0.290460,not_run,0.000000,0.000000,0.000000,0.000000,candidate_v4,lb-verified-v4-anchor,3,,,,0.500000,fp16,0,0.000000,,-0.000000,1.861244,in 12-15x16-19 -> out 12-15x16-19; pal 2->3,"train=3;test=1;shape_preserving,color_superset","cost rank 16 | best-seen +0.96 | Open semantic-factory pass: inspect examples, write prototype, then stress-test.","Open semantic-factory pass: inspect examples, write prototype, then stress-test."
task363,29,0,pseudo_hidden_first,symmetry/flip/rotate,symmetry/flip/rotate,,13.625050,87112.000000,85482.000000,1630.000000,44.000000,7690.000000,3,3,55,55,12.000000,14.098808,54241.000000,blend_v360_score,0.473758,76,1.073758,0.361800,0.620000,0.800000,1.000000,1.602211,0.388486,0.289429,0.289429,not_run,0.000000,0.000000,0.000000,0.000000,candidate_v4,lb-verified-v4-anchor,1,prototype_task363.py,build_task363.py,,2.000000,high_init_ratio;big_init>=64KB,0,0.000000,,-0.000000,1.772635,in 10-10x10-10 -> out 10-10x10-10; pal 3->3,"train=3;test=1;shape_preserving,color_subset,color_superset,color_same,symmetry_candidate",best-seen +0.47 | prototype | builder | graph risk 2 | Run or extend pseudo-hidden audit before using the builder.,Run or extend pseudo-hidden audit before using the builder.
task382,30,0,family_dsl,symmetry/flip/rotate,symmetry/flip/rotate,,13.416113,107354.000000,106896.000000,458.000000,239.000000,19986.000000,3,3,33,33,8.000000,13.416113,107354.000000,candidate_nadeem6252_plus_ours_38_score_n3,0.000000,76,1.424068,0.266600,0.520000,0.660000,1.000000,1.588007,0.379657,0.287206,0.287206,not_run,0.000000,0.000000,0.000000,0.000000,candidate_v4,lb-verified-v4-anchor,3,,,,0.500000,fp16,0,0.000000,,0.000000,0.591860,in 12-17x10-12 -> out 12-17x10-12; pal 3->3,"train=3;test=1;shape_preserving,color_subset,color_superset,color_same,symmetry_candidate",Route to family DSL/compiler search; record any exact rule.,Route to family DSL/compiler search; record any exact rule.
task370,31,0,family_dsl,symmetry/flip/rotate,symmetry/flip/rotate,,13.417493,107206.000000,107087.000000,119.000000,152.000000,15228.000000,3,3,34,34,8.000000,13.417493,107206.000000,candidate_nadeem6252_plus_ours_v4_score_n3,0.000000,76,1.423240,0.266600,0.520000,0.660000,1.000000,1.587929,0.379436,0.287136,0.287136,not_run,0.000000,0.000000,0.000000,0.000000,candidate_v4,lb-verified-v4-anchor,1,,,,0.500000,fp16,0,0.000000,,0.000000,1.195737,in 12-13x14-16 -> out 12-13x14-16; pal 6->6,"train=3;test=1;shape_preserving,color_subset,color_superset,color_same,symmetry_candidate",Route to family DSL/compiler search; record any exact rule.,Route to family DSL/compiler search; record any exact rule.
task396,32,0,semantic_rebuild,reduce,reduce,cost_monster_top30;low_score_bottom30;v4_plus10_changed,13.211809,131688.000000,124442.000000,7246.000000,67.000000,25265.000000,3,3,19,19,48.000000,13.211809,131688.000000,candidate_v4_plus10_compiler2_score_n3,0.000000,76,1.546650,0.281840,0.580000,0.480000,0.984806,1.817541,0.435908,0.286363,0.286363,not_run,0.000000,0.000000,0.000000,0.000000,v4_plus10_compiler2_unique,lb-verified-current-anchor,0,,,,1.000000,has_lookup_ops;fp16,1,0.066109,compiler_golf_probe_v2_candidates.csv: removed terminal Cast; graph output now output_bool as BOOL[1x10x30x30],0.066109,0.243814,in 13-15x13-16 -> out 6-7x7-7; pal 5->4,"train=3;test=1;out_smaller,color_subset,reduce","cost rank 19 | compiler +0.07 | Open semantic-factory pass: inspect examples, write prototype, then stress-test.","Open semantic-factory pass: inspect examples, write prototype, then stress-test."
task264,33,0,semantic_rebuild,reduce,reduce,cost_monster_top30;low_score_bottom30,13.155213,139356.000000,138584.000000,772.000000,115.000000,9904.000000,3,3,18,18,49.000000,13.716035,79536.000000,candidate_nadeem6252_plus_ours_38_score_n3,0.560822,76,1.160822,0.331440,0.520000,0.480000,0.984806,1.820737,0.384743,0.285309,0.285309,not_run,0.000000,0.000000,0.000000,0.000000,v4_plus10_compiler2_unique,lb-verified-current-anchor,0,,,,0.500000,fp16,0,0.000000,,0.000000,0.000574,in 14-16x14-14 -> out 9-9x9-9; pal 10->9,"train=2;test=1;out_smaller,color_subset,reduce","cost rank 18 | best-seen +0.56 | Open semantic-factory pass: inspect examples, write prototype, then stress-test.","Open semantic-factory pass: inspect examples, write prototype, then stress-test."
task284,34,0,family_dsl,symmetry/flip/rotate,symmetry/flip/rotate,,13.475808,101133.000000,99157.000000,1976.000000,125.000000,23013.000000,3,3,40,40,8.000000,13.475808,101133.000000,candidate_v4_plus10_compiler2_score_n3,0.000000,76,1.388251,0.266600,0.520000,0.660000,1.000000,1.584637,0.370108,0.284172,0.284172,not_run,0.000000,0.000000,0.000000,0.000000,v4_plus10_compiler2_unique,lb-verified-current-anchor,0,,,,0.000000,,0,0.000000,,-0.000000,0.171322,in 10-14x10-18 -> out 10-14x10-18; pal 6->6,"train=3;test=1;shape_preserving,color_subset,color_superset,color_same,symmetry_candidate",Route to family DSL/compiler search; record any exact rule.,Route to family DSL/compiler search; record any exact rule.
task077,35,0,semantic_rebuild,other,other,cost_monster_top30;low_score_bottom30,13.032857,157494.000000,155700.000000,1794.000000,68.000000,6842.000000,3,3,14,14,49.000000,13.032857,157494.000000,candidate_v4_plus10_compiler2_score_n3,0.000000,76,1.654022,0.279716,0.520000,0.360000,0.942319,1.839645,0.462656,0.279361,0.279361,not_run,0.000000,0.000000,0.000000,0.000000,v4_plus10_compiler2_unique,lb-verified-current-anchor,0,,,,0.500000,fp16,0,0.000000,,-0.000000,0.199945,in 15-17x14-18 -> out 15-17x14-18; pal 5->6,"train=3;test=1;shape_preserving,color_superset","cost rank 14 | Open semantic-factory pass: inspect examples, write prototype, then stress-test.","Open semantic-factory pass: inspect examples, write prototype, then stress-test."
task110,36,0,family_dsl,color_remap,color_remap,,13.411438,107857.000000,107511.000000,346.000000,162.000000,20445.000000,3,3,32,32,8.000000,13.411438,107857.000000,candidate_v4_plus10_compiler2_score_n3,0.000000,76,1.426873,0.264401,0.520000,0.720000,0.860022,1.582271,0.377267,0.271857,0.271857,not_run,0.000000,0.000000,0.000000,0.000000,v4_plus10_compiler2_unique,lb-verified-current-anchor,0,,,,0.500000,fp16,0,0.000000,,-0.000000,0.082273,in 29-29x29-29 -> out 29-29x29-29; pal 9->8,"train=3;test=1;shape_preserving,color_subset,color_remap",Route to family DSL/compiler search; record any exact rule.,Route to family DSL/compiler search; record any exact rule.
task209,37,0,semantic_rebuild,reduce,reduce,cost_monster_top30;low_score_bottom30;v4_plus10_changed,13.361711,113356.000000,113191.000000,165.000000,199.000000,12395.000000,3,3,28,28,48.000000,13.745379,77236.000000,blend_v360_score,0.383668,76,0.983668,0.331440,0.520000,0.480000,0.984806,1.809078,0.326027,0.270888,0.270888,not_run,0.000000,0.000000,0.000000,0.000000,v4_plus10_compiler2_unique,lb-verified-current-anchor,0,,,,0.000000,,0,0.076402,compiler_golf_probe_v2_candidates.csv: removed terminal Cast; graph output now onehot_b as BOOL[1x10x30x30],0.076401,2.896668,in 16-17x17-18 -> out 7-11x7-14; pal 6->6,"train=3;test=1;out_smaller,color_subset,color_superset,color_same,reduce","cost rank 28 | best-seen +0.38 | compiler +0.08 | Open semantic-factory pass: inspect examples, write prototype, then stress-test.","Open semantic-factory pass: inspect examples, write prototype, then stress-test."
task205,38,0,compiler_golf,reduce,reduce,v4_plus10_changed,13.454482,103313.000000,101591.000000,1722.000000,415.000000,33555.000000,3,3,39,39,8.000000,13.454482,103313.000000,candidate_v4_plus10_compiler2_score_n3,0.000000,76,1.401047,0.251440,0.520000,0.480000,0.984806,1.403841,0.352280,0.264572,0.264572,not_run,0.000000,0.000000,0.000000,0.000000,v4_plus10_compiler2_unique,lb-verified-current-anchor,0,,,,0.000000,,0,0.083526,compiler_golf_probe_v2_candidates.csv: removed terminal Cast; graph output now out_b as BOOL[1x10x30x30],0.083527,1.169890,in 16-27x17-23 -> out 6-10x6-9; pal 10->4,"train=3;test=1;out_smaller,color_subset,reduce",compiler +0.08 | Route to family DSL/compiler search; record any exact rule.,Route to family DSL/compiler search; record any exact rule.
task034,39,0,audit_before_swap,color_remap,color_remap,matches_cherrypick_unsafe_public,13.421324,106796.000000,103949.000000,2847.000000,87.000000,11293.000000,3,3,35,35,18.000000,13.425829,106316.000000,afr1ste_5689_score_n3,0.004505,76,1.420941,0.239601,0.550000,0.720000,0.860022,1.581713,0.340459,0.262096,0.262096,not_run,0.000000,0.000000,0.000000,0.000000,candidate_v4,lb-verified-v4-anchor,12,,,,0.500000,fp16,0,0.000000,,-0.000000,-0.000000,in 9-9x9-9 -> out 9-9x9-9; pal 6->5,"train=4;test=1;shape_preserving,color_subset,color_remap",Require semantic proof and pseudo-hidden audit; no raw public-source swap.,Require semantic proof and pseudo-hidden audit; no raw public-source swap.
task023,40,0,family_dsl,color_fill,color_fill,,13.807115,72612.000000,72567.000000,45.000000,374.000000,33067.000000,3,3,76,76,6.000000,15.009051,21828.000000,blend_v360_score,1.201936,76,1.801936,0.279467,0.520000,0.440000,0.809332,1.587932,0.503581,0.256137,0.256137,not_run,0.000000,0.000000,0.000000,0.000000,candidate_v4,lb-verified-v4-anchor,3,,,,0.500000,fp16,0,0.000000,,0.000000,2.121288,in 8-9x9-11 -> out 8-9x9-11; pal 2->3,"train=3;test=1;shape_preserving,color_fill",best-seen +1.20 | Route to family DSL/compiler search; record any exact rule.,Route to family DSL/compiler search; record any exact rule.
task044,41,0,family_dsl,symmetry/flip/rotate,symmetry/flip/rotate,,14.309260,43947.000000,43212.000000,735.000000,298.000000,33172.000000,3,3,120,120,5.000000,14.632621,31805.000000,blend_v360_score,0.323361,76,0.923361,0.306600,0.520000,0.660000,1.000000,1.537582,0.283102,0.253563,0.253563,not_run,0.000000,0.000000,0.000000,0.000000,candidate_v4,lb-verified-v4-anchor,1,,,,0.500000,fp16,0,0.000000,,-0.000000,3.991998,in 10-10x10-10 -> out 10-10x10-10; pal 9->9,"train=3;test=1;shape_preserving,color_subset,color_superset,color_same,symmetry_candidate",best-seen +0.32 | Route to family DSL/compiler search; record any exact rule.,Route to family DSL/compiler search; record any exact rule.
task175,42,0,family_dsl,color_remap,color_remap,,13.619235,87620.000000,84872.000000,2748.000000,22.000000,12985.000000,3,3,54,54,7.000000,14.605543,32678.000000,blend_v360_score,0.986308,76,1.586308,0.274001,0.680000,0.660000,0.860022,1.576539,0.434650,0.236213,0.236213,not_run,0.000000,0.000000,0.000000,0.000000,candidate_v4,lb-verified-v4-anchor,3,,,,2.000000,high_init_ratio;has_lookup_ops;fp16,1,0.000000,,-0.000000,-0.000000,in 21-21x21-21 -> out 21-21x21-21; pal 9->8,"train=3;test=1;shape_preserving,color_subset,color_remap",best-seen +0.99 | graph risk 2 | Route to family DSL/compiler search; record any exact rule.,Route to family DSL/compiler search; record any exact rule.
task182,43,0,pseudo_hidden_first,symmetry/flip/rotate,symmetry/flip/rotate,,14.229685,47587.000000,46548.000000,1039.000000,136.000000,11272.000000,3,3,115,115,10.000000,14.229685,47587.000000,candidate_nadeem6252_plus_ours_v3_score_n3,0.000000,76,0.545956,0.286200,0.520000,0.780000,1.000000,1.570075,0.156253,0.233128,0.233128,not_run,0.000000,0.000000,0.000000,0.000000,candidate_v4,lb-verified-v4-anchor,1,,build_task182.py,,0.500000,fp16,0,0.000000,,-0.000000,2.777507,in 20-20x20-20 -> out 20-20x20-20; pal 5->5,"train=4;test=1;shape_preserving,color_subset,color_superset,color_same,symmetry_candidate",builder | Run or extend pseudo-hidden audit before using the builder.,Run or extend pseudo-hidden audit before using the builder.
task216,44,0,family_dsl,crop,crop,,13.449663,103812.000000,103712.000000,100.000000,276.000000,11049.000000,3,3,38,38,8.000000,13.451978,103572.000000,afr1ste_5689_score_n3,0.002315,76,1.403938,0.254218,0.480000,0.580000,0.752357,1.594113,0.356906,0.231878,0.231878,not_run,0.000000,0.000000,0.000000,0.000000,biohack44_6113,safe-source,7,,,,0.500000,fp16,0,0.000000,,-0.000000,0.005763,in 20-20x20-20 -> out 5-9x6-17; pal 3->2,"train=3;test=1;crop,out_smaller,color_subset",Route to family DSL/compiler search; record any exact rule.,Route to family DSL/compiler search; record any exact rule.
task153,45,0,pseudo_hidden_first,reduce,reduce,,15.018718,21618.000000,20916.000000,702.000000,103.000000,11982.000000,3,3,185,185,7.000000,15.649898,11500.000000,blend_v360_score,0.631180,76,0.770842,0.311800,0.520000,0.600000,1.000000,1.543529,0.240348,0.230017,0.230017,not_run,0.000000,0.000000,0.000000,0.000000,candidate_v4,lb-verified-v4-anchor,1,,build_task153.py,,0.500000,fp16,0,0.000000,,-0.000000,3.553930,in 10-10x10-10 -> out 3-3x3-3; pal 6->5,"train=3;test=1;out_smaller,color_subset,reduce",best-seen +0.63 | builder | Run or extend pseudo-hidden audit before using the builder.,Run or extend pseudo-hidden audit before using the builder.
task128,46,0,family_dsl,symmetry/flip/rotate,symmetry/flip/rotate,,13.538115,95024.000000,94940.000000,84.000000,28.000000,3217.000000,3,3,46,46,7.000000,13.538115,95024.000000,candidate_v4_plus10_compiler2_score_n3,0.000000,76,0.788006,0.266600,0.520000,0.660000,1.000000,1.581119,0.210082,0.227653,0.227653,not_run,0.000000,0.000000,0.000000,0.000000,v4_plus10_compiler2_unique,lb-verified-current-anchor,0,,,,0.500000,fp16,0,0.000000,,-0.000000,0.000189,in 15-15x15-15 -> out 15-15x15-15; pal 4->4,"train=3;test=1;shape_preserving,color_subset,color_superset,color_same,symmetry_candidate",Route to family DSL/compiler search; record any exact rule.,Route to family DSL/compiler search; record any exact rule.
task280,47,0,family_dsl,symmetry/flip/rotate,symmetry/flip/rotate,,13.586829,90506.000000,89626.000000,880.000000,144.000000,10565.000000,3,3,50,50,7.000000,13.586829,90506.000000,candidate_nadeem6252_plus_ours_38_score_n3,0.000000,76,0.770956,0.266600,0.520000,0.660000,1.000000,1.578369,0.205537,0.226196,0.226196,not_run,0.000000,0.000000,0.000000,0.000000,candidate_v4,lb-verified-v4-anchor,3,,,,0.500000,fp16,0,0.000000,,0.000000,0.430826,in 10-20x10-20 -> out 10-20x10-20; pal 3->3,"train=4;test=1;shape_preserving,color_subset,color_superset,color_same,symmetry_candidate",Route to family DSL/compiler search; record any exact rule.,Route to family DSL/compiler search; record any exact rule.
task187,48,0,semantic_rebuild,color_fill,color_fill,public_bottom15,13.435308,105313.000000,104400.000000,913.000000,87.000000,5758.000000,3,3,36,36,38.000000,13.435308,105313.000000,afr1ste_5689_score_n3,0.000000,76,1.412551,0.273067,0.560000,0.440000,0.809332,1.808923,0.385721,0.224249,0.224249,not_run,0.000000,0.000000,0.000000,0.000000,nadeem_6252,public-anchor-candidate,3,,,,0.500000,fp16,0,0.000000,,0.000000,0.008510,in 22-24x21-25 -> out 22-24x21-25; pal 4->5,"train=3;test=1;shape_preserving,color_fill","public bottom15 | Open semantic-factory pass: inspect examples, write prototype, then stress-test.","Open semantic-factory pass: inspect examples, write prototype, then stress-test."
task234,49,0,family_dsl,symmetry/flip/rotate,symmetry/flip/rotate,,13.689154,81703.000000,81621.000000,82.000000,58.000000,4106.000000,3,3,62,62,7.000000,13.689154,81703.000000,candidate_nadeem6252_plus_ours_38_score_n3,0.000000,76,0.735142,0.266600,0.520000,0.660000,1.000000,1.572592,0.195989,0.223120,0.223120,not_run,0.000000,0.000000,0.000000,0.000000,candidate_v4,lb-verified-v4-anchor,3,,,,0.500000,fp16,0,0.000000,,-0.000000,0.538102,in 13-17x14-19 -> out 13-17x14-19; pal 5->5,"train=3;test=1;shape_preserving,color_subset,color_superset,color_same,symmetry_candidate",Route to family DSL/compiler search; record any exact rule.,Route to family DSL/compiler search; record any exact rule.
task208,50,0,audit_before_swap,symmetry/flip/rotate,symmetry/flip/rotate,matches_cherrypick_unsafe_public,13.566031,92408.000000,91886.000000,522.000000,196.000000,15885.000000,3,3,49,49,17.000000,13.567493,92273.000000,afr1ste_5689_score_n3,0.001462,76,0.778235,0.241800,0.550000,0.660000,1.000000,1.579543,0.188177,0.223091,0.223091,not_run,0.000000,0.000000,0.000000,0.000000,candidate_v4,lb-verified-v4-anchor,12,,,,0.500000,fp16,0,0.000000,,-0.000000,-0.000000,in 21-21x21-21 -> out 21-21x21-21; pal 6->6,"train=3;test=1;shape_preserving,color_subset,color_superset,color_same,symmetry_candidate",Require semantic proof and pseudo-hidden audit; no raw public-source swap.,Require semantic proof and pseudo-hidden audit; no raw public-source swap.
task118,51,0,semantic_rebuild,other,other,public_overfit_risk;cost_monster_top30;low_score_bottom30,13.336553,116244.000000,116104.000000,140.000000,64.000000,6545.000000,3,3,26,26,63.000000,13.979847,61093.000000,blend_v360_score,0.643294,76,1.243294,0.294116,0.680000,0.360000,0.942319,1.822499,0.365673,0.222544,0.222544,not_run,0.000000,0.000000,0.000000,0.000000,candidate_v4,lb-verified-v4-anchor,1,,,,1.000000,has_lookup_ops;fp16,1,0.000000,,-0.000000,2.920214,in 11-20x12-22 -> out 11-20x12-22; pal 3->4,"train=4;test=1;shape_preserving,color_superset","cost rank 26 | best-seen +0.64 | Open semantic-factory pass: inspect examples, write prototype, then stress-test.","Open semantic-factory pass: inspect examples, write prototype, then stress-test."
task020,52,0,audit_before_swap,symmetry/flip/rotate,symmetry/flip/rotate,matches_cherrypick_unsafe_public,13.590958,90133.000000,89863.000000,270.000000,245.000000,31378.000000,3,3,51,51,17.000000,13.590958,90133.000000,afr1ste_5689_score_n3,0.000000,76,0.769511,0.241800,0.550000,0.660000,1.000000,1.578136,0.186068,0.222414,0.222414,not_run,0.000000,0.000000,0.000000,0.000000,candidate_v4,lb-verified-v4-anchor,13,,,,0.500000,fp16,0,0.000000,,-0.000000,-0.000000,in 10-10x10-10 -> out 10-10x10-10; pal 6->6,"train=3;test=1;shape_preserving,color_subset,color_superset,color_same,symmetry_candidate",Require semantic proof and pseudo-hidden audit; no raw public-source swap.,Require semantic proof and pseudo-hidden audit; no raw public-source swap.
task197,53,0,family_dsl,symmetry/flip/rotate,symmetry/flip/rotate,,14.166556,50688.000000,50672.000000,16.000000,18.000000,1223.000000,3,3,107,107,5.000000,14.166556,50688.000000,afr1ste_5689_score_n3,0.000000,76,0.568051,0.273000,0.480000,0.660000,1.000000,1.545639,0.155078,0.218679,0.218679,not_run,0.000000,0.000000,0.000000,0.000000,candidate_v4,lb-verified-v4-anchor,7,,,,0.500000,fp16,0,0.000000,,0.000000,0.000000,in 6-12x8-8 -> out 6-12x8-8; pal 8->8,"train=4;test=1;shape_preserving,color_subset,color_superset,color_same,symmetry_candidate",Route to family DSL/compiler search; record any exact rule.,Route to family DSL/compiler search; record any exact rule.
task379,54,0,family_dsl,symmetry/flip/rotate,symmetry/flip/rotate,,13.808672,72499.000000,70769.000000,1730.000000,107.000000,9996.000000,3,3,77,77,6.000000,13.808672,72499.000000,afr1ste_5689_score_n3,0.000000,76,0.693311,0.266600,0.520000,0.660000,1.000000,1.565844,0.184837,0.218359,0.218359,not_run,0.000000,0.000000,0.000000,0.000000,candidate_v4,lb-verified-v4-anchor,5,,,,0.500000,fp16,0,0.000000,,0.000000,0.000000,in 13-17x12-18 -> out 13-17x12-18; pal 3->3,"train=3;test=1;shape_preserving,color_subset,color_superset,color_same,symmetry_candidate",Route to family DSL/compiler search; record any exact rule.,Route to family DSL/compiler search; record any exact rule.
task051,55,0,family_dsl,symmetry/flip/rotate,symmetry/flip/rotate,,13.866448,68429.000000,68359.000000,70.000000,58.000000,3352.000000,3,3,78,78,6.000000,13.866448,68429.000000,candidate_v4_plus10_compiler2_score_n3,0.000000,76,0.673089,0.266600,0.520000,0.660000,1.000000,1.562582,0.179446,0.216597,0.216597,not_run,0.000000,0.000000,0.000000,0.000000,v4_plus10_compiler2_unique,lb-verified-current-anchor,0,,,,0.500000,fp16,0,0.000000,,-0.000000,0.000117,in 10-15x12-15 -> out 10-15x12-15; pal 5->5,"train=3;test=1;shape_preserving,color_subset,color_superset,color_same,symmetry_candidate",Route to family DSL/compiler search; record any exact rule.,Route to family DSL/compiler search; record any exact rule.
task165,56,0,audit_before_swap,symmetry/flip/rotate,symmetry/flip/rotate,matches_cherrypick_unsafe_public,13.879762,67524.000000,66530.000000,994.000000,25.000000,4910.000000,3,3,79,79,16.000000,13.879762,67524.000000,afr1ste_5689_score_n3,0.000000,76,0.668429,0.241800,0.550000,0.660000,1.000000,1.561830,0.161626,0.213345,0.213345,not_run,0.000000,0.000000,0.000000,0.000000,candidate_v4,lb-verified-v4-anchor,13,,,,0.500000,fp16,0,0.000000,,0.000000,0.000000,in 20-20x20-20 -> out 20-20x20-20; pal 7->7,"train=3;test=1;shape_preserving,color_subset,color_superset,color_same,symmetry_candidate",Require semantic proof and pseudo-hidden audit; no raw public-source swap.,Require semantic proof and pseudo-hidden audit; no raw public-source swap.
task037,57,0,audit_before_swap,symmetry/flip/rotate,symmetry/flip/rotate,matches_cherrypick_unsafe_public,13.937652,63726.000000,55400.000000,8326.000000,27.000000,20424.000000,3,3,87,87,16.000000,13.937652,63726.000000,afr1ste_5689_score_n3,0.000000,76,0.648168,0.241800,0.550000,0.660000,1.000000,1.558562,0.156727,0.211735,0.211735,not_run,0.000000,0.000000,0.000000,0.000000,candidate_v4,lb-verified-v4-anchor,13,,,,1.500000,high_init_ratio;fp16,0,0.000000,,-0.000000,-0.000000,in 10-10x10-10 -> out 10-10x10-10; pal 8->8,"train=3;test=1;shape_preserving,color_subset,color_superset,color_same,symmetry_candidate",Require semantic proof and pseudo-hidden audit; no raw public-source swap.,Require semantic proof and pseudo-hidden audit; no raw public-source swap.
task137,58,0,family_dsl,symmetry/flip/rotate,symmetry/flip/rotate,,14.031216,58034.000000,57068.000000,966.000000,36.000000,3852.000000,3,3,99,99,6.000000,14.031216,58034.000000,candidate_bio_t200_t084_score_n3,0.000000,76,0.615420,0.266600,0.520000,0.660000,1.000000,1.553280,0.164071,0.211531,0.211531,not_run,0.000000,0.000000,0.000000,0.000000,candidate_v4,lb-verified-v4-anchor,3,,,,0.500000,fp16,0,0.000000,,0.000000,0.000000,in 23-23x23-23 -> out 23-23x23-23; pal 4->4,"train=3;test=1;shape_preserving,color_subset,color_superset,color_same,symmetry_candidate",Route to family DSL/compiler search; record any exact rule.,Route to family DSL/compiler search; record any exact rule.
task112,59,0,audit_before_swap,symmetry/flip/rotate,symmetry/flip/rotate,matches_cherrypick_unsafe_public,14.010141,59270.000000,59164.000000,106.000000,44.000000,3987.000000,3,3,95,95,16.000000,14.010141,59270.000000,biohack44_super_score_n3,0.000000,76,0.622797,0.241800,0.550000,0.660000,1.000000,1.554469,0.150592,0.209710,0.209710,not_run,0.000000,0.000000,0.000000,0.000000,candidate_v4,lb-verified-v4-anchor,6,,,,0.500000,fp16,0,0.000000,,-0.000000,-0.000000,in 10-20x10-30 -> out 10-20x10-30; pal 3->3,"train=3;test=1;shape_preserving,color_subset,color_superset,color_same,symmetry_candidate",Require semantic proof and pseudo-hidden audit; no raw public-source swap.,Require semantic proof and pseudo-hidden audit; no raw public-source swap.
task097,60,0,family_dsl,symmetry/flip/rotate,symmetry/flip/rotate,,14.070292,55810.000000,55800.000000,10.000000,13.000000,880.000000,3,3,101,101,5.000000,14.070292,55810.000000,candidate_nadeem6252_plus_ours_v3_score_n3,0.000000,76,0.601744,0.266600,0.520000,0.660000,1.000000,1.551074,0.160425,0.209182,0.209182,not_run,0.000000,0.000000,0.000000,0.000000,candidate_v4,lb-verified-v4-anchor,1,,,,0.500000,fp16,0,0.000000,,0.000000,0.216810,in 11-17x9-19 -> out 11-17x9-19; pal 5->5,"train=4;test=1;shape_preserving,color_subset,color_superset,color_same,symmetry_candidate",Route to family DSL/compiler search; record any exact rule.,Route to family DSL/compiler search; record any exact rule.
task281,61,0,audit_before_swap,color_remap,color_remap,matches_cherrypick_unsafe_public,13.597168,89575.000000,88588.000000,987.000000,64.000000,7659.000000,3,3,52,52,17.000000,13.607944,88615.000000,afr1ste_5689_score_n3,0.010776,76,0.767337,0.239601,0.550000,0.720000,0.860022,1.571785,0.183855,0.206906,0.206906,not_run,0.000000,0.000000,0.000000,0.000000,candidate_v4,lb-verified-v4-anchor,12,,,,0.500000,fp16,0,0.000000,,-0.000000,-0.000000,in 11-13x11-12 -> out 11-13x11-12; pal 6->5,"train=3;test=1;shape_preserving,color_subset,color_remap",Require semantic proof and pseudo-hidden audit; no raw public-source swap.,Require semantic proof and pseudo-hidden audit; no raw public-source swap.
task033,62,0,audit_before_swap,symmetry/flip/rotate,symmetry/flip/rotate,matches_cherrypick_unsafe_public,14.081989,55161.000000,55112.000000,49.000000,16.000000,1510.000000,3,3,102,102,15.000000,14.081989,55161.000000,afr1ste_5689_score_n3,0.000000,76,0.597650,0.241800,0.550000,0.660000,1.000000,1.550413,0.144512,0.206553,0.206553,not_run,0.000000,0.000000,0.000000,0.000000,candidate_v4,lb-verified-v4-anchor,13,,,,0.500000,fp16,0,0.000000,,0.000000,0.000000,in 17-17x17-17 -> out 17-17x17-17; pal 5->5,"train=3;test=1;shape_preserving,color_subset,color_superset,color_same,symmetry_candidate",Require semantic proof and pseudo-hidden audit; no raw public-source swap.,Require semantic proof and pseudo-hidden audit; no raw public-source swap.
task004,63,0,audit_before_swap,symmetry/flip/rotate,symmetry/flip/rotate,matches_cherrypick_unsafe_public,14.084548,55020.000000,54000.000000,1020.000000,4.000000,2522.000000,3,3,103,103,15.000000,14.084548,55020.000000,afr1ste_5689_score_n3,0.000000,76,0.596754,0.241800,0.550000,0.660000,1.000000,1.550269,0.144295,0.206481,0.206481,not_run,0.000000,0.000000,0.000000,0.000000,candidate_v4,lb-verified-v4-anchor,13,,,,1.500000,high_init_ratio;fp16,0,0.000000,,0.000000,0.000000,in 8-14x9-9 -> out 8-14x9-9; pal 4->4,"train=2;test=1;shape_preserving,color_subset,color_superset,color_same,symmetry_candidate",Require semantic proof and pseudo-hidden audit; no raw public-source swap.,Require semantic proof and pseudo-hidden audit; no raw public-source swap.
task193,64,0,audit_before_swap,symmetry/flip/rotate,symmetry/flip/rotate,matches_cherrypick_unsafe_public,14.109558,53661.000000,53600.000000,61.000000,14.000000,1925.000000,3,3,104,104,15.000000,14.109558,53661.000000,afr1ste_5689_score_n3,0.000000,76,0.588001,0.241800,0.550000,0.660000,1.000000,1.548857,0.142179,0.205776,0.205776,not_run,0.000000,0.000000,0.000000,0.000000,candidate_v4,lb-verified-v4-anchor,13,,,,0.500000,fp16,0,0.000000,,-0.000000,-0.000000,in 7-17x7-17 -> out 7-17x7-17; pal 4->4,"train=3;test=1;shape_preserving,color_subset,color_superset,color_same,symmetry_candidate",Require semantic proof and pseudo-hidden audit; no raw public-source swap.,Require semantic proof and pseudo-hidden audit; no raw public-source swap.
task313,65,0,family_dsl,color_remap,color_remap,,13.760196,76100.000000,71553.000000,4547.000000,34.000000,21754.000000,3,3,70,70,7.000000,13.760196,76100.000000,candidate_bio_t200_t084_score_n3,0.000000,76,0.710277,0.264401,0.520000,0.720000,0.860022,1.562581,0.187798,0.205680,0.205680,not_run,0.000000,0.000000,0.000000,0.000000,candidate_v4,lb-verified-v4-anchor,3,,,,1.500000,high_init_ratio;fp16,0,0.000000,,-0.000000,-0.000000,in 6-11x6-11 -> out 6-11x6-11; pal 6->5,"train=3;test=1;shape_preserving,color_subset,color_remap",Route to family DSL/compiler search; record any exact rule.,Route to family DSL/compiler search; record any exact rule.
task203,66,0,family_dsl,symmetry/flip/rotate,symmetry/flip/rotate,,13.631707,86534.000000,85844.000000,690.000000,36.000000,6433.000000,3,3,56,56,7.000000,13.631707,86534.000000,candidate_bio_t200_t084_score_n3,0.000000,76,0.755248,0.257000,0.580000,0.660000,1.000000,1.575835,0.194099,0.205519,0.205519,not_run,0.000000,0.000000,0.000000,0.000000,candidate_v4,lb-verified-v4-anchor,3,,,,1.000000,has_lookup_ops;fp16,1,0.000000,,-0.000000,-0.000000,in 6-12x6-12 -> out 6-12x6-12; pal 8->8,"train=4;test=1;shape_preserving,color_subset,color_superset,color_same,symmetry_candidate",Route to family DSL/compiler search; record any exact rule.,Route to family DSL/compiler search; record any exact rule.
task324,67,0,family_dsl,symmetry/flip/rotate,symmetry/flip/rotate,,14.203081,48870.000000,47198.000000,1672.000000,52.000000,6861.000000,3,3,112,112,5.000000,14.203081,48870.000000,candidate_nadeem6252_plus_ours_38_score_n3,0.000000,76,0.555268,0.266600,0.520000,0.660000,1.000000,1.543577,0.148034,0.205043,0.205043,not_run,0.000000,0.000000,0.000000,0.000000,candidate_v4,lb-verified-v4-anchor,3,,,,0.000000,,0,0.000000,,-0.000000,2.534766,in 12-19x12-15 -> out 12-19x12-15; pal 6->6,"train=3;test=1;shape_preserving,color_subset,color_superset,color_same,symmetry_candidate",Route to family DSL/compiler search; record any exact rule.,Route to family DSL/compiler search; record any exact rule.
task089,68,0,audit_before_swap,symmetry/flip/rotate,symmetry/flip/rotate,matches_cherrypick_unsafe_public,14.179382,50042.000000,49943.000000,99.000000,181.000000,17792.000000,3,3,110,110,15.000000,14.186179,49703.000000,afr1ste_5689_score_n3,0.006797,76,0.563562,0.241800,0.550000,0.660000,1.000000,1.544915,0.136269,0.203801,0.203801,not_run,0.000000,0.000000,0.000000,0.000000,candidate_v4,lb-verified-v4-anchor,12,,,,0.500000,fp16,0,0.000000,,-0.000000,-0.000000,in 13-13x13-13 -> out 13-13x13-13; pal 6->6,"train=4;test=1;shape_preserving,color_subset,color_superset,color_same,symmetry_candidate",Require semantic proof and pseudo-hidden audit; no raw public-source swap.,Require semantic proof and pseudo-hidden audit; no raw public-source swap.
task224,69,0,family_dsl,symmetry/flip/rotate,symmetry/flip/rotate,,14.274049,45522.000000,45340.000000,182.000000,55.000000,4199.000000,3,3,117,117,5.000000,14.275456,45458.000000,afr1ste_5689_score_n3,0.001407,76,0.530429,0.266600,0.520000,0.660000,1.000000,1.539570,0.141412,0.202815,0.202815,not_run,0.000000,0.000000,0.000000,0.000000,candidate_v4,lb-verified-v4-anchor,4,,,,0.500000,fp16,0,0.000000,,0.000000,0.000000,in 12-15x13-14 -> out 12-15x13-14; pal 5->5,"train=3;test=1;shape_preserving,color_subset,color_superset,color_same,symmetry_candidate",Route to family DSL/compiler search; record any exact rule.,Route to family DSL/compiler search; record any exact rule.
task161,70,0,family_dsl,color_remap,color_remap,,13.923427,64639.000000,64611.000000,28.000000,39.000000,4323.000000,3,3,84,84,6.000000,13.923427,64639.000000,candidate_nadeem6252_plus_ours_v3_score_n3,0.000000,76,0.653146,0.264401,0.520000,0.720000,0.860022,1.553365,0.172693,0.199585,0.199585,not_run,0.000000,0.000000,0.000000,0.000000,candidate_v4,lb-verified-v4-anchor,1,,,,0.500000,fp16,0,0.000000,,0.000000,0.749030,in 11-15x17-22 -> out 11-15x17-22; pal 7->4,"train=3;test=1;shape_preserving,color_subset,color_remap",Route to family DSL/compiler search; record any exact rule.,Route to family DSL/compiler search; record any exact rule.
task306,71,0,audit_before_swap,symmetry/flip/rotate,symmetry/flip/rotate,matches_cherrypick_unsafe_public,13.926448,64444.000000,64374.000000,70.000000,33.000000,4155.000000,3,3,85,85,16.000000,13.926448,64444.000000,biohack44_super_score_n3,0.000000,76,0.652089,0.235400,0.590000,0.660000,1.000000,1.559195,0.153502,0.199375,0.199375,not_run,0.000000,0.000000,0.000000,0.000000,candidate_v4,lb-verified-v4-anchor,5,,,,0.500000,fp16,0,0.000000,,-0.000000,0.330038,in 19-19x9-19 -> out 19-19x9-19; pal 8->8,"train=2;test=1;shape_preserving,color_subset,color_superset,color_same,symmetry_candidate",Require semantic proof and pseudo-hidden audit; no raw public-source swap.,Require semantic proof and pseudo-hidden audit; no raw public-source swap.
task080,72,0,family_dsl,symmetry/flip/rotate,symmetry/flip/rotate,,14.353266,42055.000000,41838.000000,217.000000,123.000000,10205.000000,3,3,124,124,4.000000,14.353266,42055.000000,candidate_nadeem6252_plus_ours_v3_score_n3,0.000000,76,0.502703,0.266600,0.520000,0.660000,1.000000,1.535098,0.134021,0.199174,0.199174,not_run,0.000000,0.000000,0.000000,0.000000,candidate_v4,lb-verified-v4-anchor,1,,,,0.500000,fp16,0,0.000000,,-0.000000,1.305381,in 24-27x24-27 -> out 24-27x24-27; pal 6->6,"train=3;test=1;shape_preserving,color_subset,color_superset,color_same,symmetry_candidate",Route to family DSL/compiler search; record any exact rule.,Route to family DSL/compiler search; record any exact rule.
task206,73,0,family_dsl,color_remap,color_remap,,13.975063,61386.000000,61296.000000,90.000000,39.000000,4022.000000,3,3,91,91,6.000000,13.975063,61386.000000,candidate_v4_plus10_compiler2_score_n3,0.000000,76,0.635074,0.264401,0.520000,0.720000,0.860022,1.550450,0.167914,0.198005,0.198005,not_run,0.000000,0.000000,0.000000,0.000000,v4_plus10_compiler2_unique,lb-verified-current-anchor,0,,,,0.500000,fp16,0,0.000000,,0.000000,0.079719,in 8-10x7-9 -> out 8-10x7-9; pal 6->5,"train=3;test=1;shape_preserving,color_subset,color_remap",Route to family DSL/compiler search; record any exact rule.,Route to family DSL/compiler search; record any exact rule.
task011,74,0,audit_before_swap,color_remap,color_remap,matches_cherrypick_unsafe_public,13.898855,66247.000000,63916.000000,2331.000000,52.000000,10170.000000,3,3,82,82,16.000000,13.898855,66247.000000,afr1ste_5689_score_n3,0.000000,76,0.661747,0.239601,0.550000,0.720000,0.860022,1.554752,0.158555,0.197521,0.197521,not_run,0.000000,0.000000,0.000000,0.000000,candidate_v4,lb-verified-v4-anchor,13,,,,0.500000,fp16,0,0.000000,,0.000000,0.000000,in 11-11x11-11 -> out 11-11x11-11; pal 7->6,"train=4;test=1;shape_preserving,color_subset,color_remap",Require semantic proof and pseudo-hidden audit; no raw public-source swap.,Require semantic proof and pseudo-hidden audit; no raw public-source swap.
task328,75,0,family_dsl,symmetry/flip/rotate,symmetry/flip/rotate,,13.884006,67238.000000,64190.000000,3048.000000,121.000000,16275.000000,3,3,80,80,6.000000,13.884006,67238.000000,candidate_bio_t200_t084_score_n3,0.000000,76,0.666944,0.257000,0.580000,0.660000,1.000000,1.561591,0.171405,0.197005,0.197005,not_run,0.000000,0.000000,0.000000,0.000000,candidate_v4,lb-verified-v4-anchor,3,,,,1.000000,has_lookup_ops;fp16,1,0.000000,,-0.000000,-0.000000,in 7-13x7-13 -> out 7-13x7-13; pal 6->6,"train=4;test=1;shape_preserving,color_subset,color_superset,color_same,symmetry_candidate",Route to family DSL/compiler search; record any exact rule.,Route to family DSL/compiler search; record any exact rule.
task222,76,0,audit_before_swap,color_remap,color_remap,matches_cherrypick_unsafe_public,14.031198,58035.000000,57948.000000,87.000000,21.000000,2578.000000,3,3,98,98,16.000000,14.031198,58035.000000,afr1ste_5689_score_n3,0.000000,76,0.615427,0.239601,0.550000,0.720000,0.860022,1.547281,0.147457,0.193847,0.193847,not_run,0.000000,0.000000,0.000000,0.000000,candidate_v4,lb-verified-v4-anchor,13,,,,0.500000,fp16,0,0.000000,,-0.000000,-0.000000,in 16-16x16-16 -> out 16-16x16-16; pal 10->4,"train=3;test=1;shape_preserving,color_subset,color_remap",Require semantic proof and pseudo-hidden audit; no raw public-source swap.,Require semantic proof and pseudo-hidden audit; no raw public-source swap.
task215,77,0,compiler_golf,symmetry/flip/rotate,symmetry/flip/rotate,v4_plus10_changed,14.721713,29094.000000,28982.000000,112.000000,20.000000,1688.000000,3,3,155,155,3.000000,14.721713,29094.000000,candidate_v4_plus10_compiler2_score_n3,0.000000,76,0.269525,0.266600,0.520000,0.660000,1.000000,1.314296,0.071855,0.193564,0.193564,not_run,0.000000,0.000000,0.000000,0.000000,v4_plus10_compiler2_unique,lb-verified-current-anchor,0,,,,0.500000,fp16,0,0.269525,compiler_golf_probe_v2_candidates.csv: removed terminal Cast; graph output now out_b as BOOL[1x10x30x30],0.269525,0.400365,in 10-15x12-19 -> out 10-15x12-19; pal 3->3,"train=2;test=1;shape_preserving,color_subset,color_superset,color_same,symmetry_candidate",compiler +0.27 | Route to family DSL/compiler search; record any exact rule.,Route to family DSL/compiler search; record any exact rule.
task251,78,0,defer,other,other,,13.481291,100580.000000,100560.000000,20.000000,53.000000,5106.000000,3,3,41,41,8.000000,13.481291,100580.000000,candidate_nadeem6252_plus_ours_38_score_n3,0.000000,76,1.384961,0.233316,0.560000,0.360000,0.942319,1.614327,0.323134,0.193223,0.193223,not_run,0.000000,0.000000,0.000000,0.000000,nadeem_6252,public-anchor-candidate,2,,,,0.500000,fp16,0,0.000000,,-0.000000,0.008898,in 8-12x8-12 -> out 8-12x8-12; pal 2->3,"train=3;test=1;shape_preserving,color_superset",Defer; revisit through family-level compiler rewrites or new public evidence.,Defer; revisit through family-level compiler rewrites or new public evidence.
task192,79,0,compiler_golf,color_remap,color_remap,public_overfit_risk;v4_plus10_changed,14.566826,33968.000000,33898.000000,70.000000,16.000000,1501.000000,3,3,140,140,19.000000,14.566826,33968.000000,candidate_v4_plus10_compiler2_score_n3,0.000000,76,0.425209,0.248401,0.620000,0.720000,0.860022,1.317041,0.105622,0.190618,0.190618,not_run,0.000000,0.000000,0.000000,0.000000,v4_plus10_compiler2_unique,lb-verified-current-anchor,0,,,,0.500000,fp16,0,0.425209,compiler_golf_probe_v2_candidates.csv: removed terminal Cast; graph output now out_h as FLOAT16[1x10x30x30],0.425209,0.473424,in 13-13x14-16 -> out 13-13x14-16; pal 5->3,"train=2;test=1;shape_preserving,color_subset,color_remap",compiler +0.43 | Route to family DSL/compiler search; record any exact rule.,Route to family DSL/compiler search; record any exact rule.
task288,80,0,family_dsl,symmetry/flip/rotate,symmetry/flip/rotate,,14.632558,31807.000000,31766.000000,41.000000,54.000000,5948.000000,3,3,145,145,4.000000,14.632558,31807.000000,afr1ste_5689_score_n3,0.000000,76,0.404951,0.266600,0.520000,0.660000,1.000000,1.519330,0.107960,0.190239,0.190239,not_run,0.000000,0.000000,0.000000,0.000000,candidate_v4,lb-verified-v4-anchor,5,,,,0.500000,fp16,0,0.000000,,-0.000000,-0.000000,in 3-7x3-7 -> out 3-7x3-7; pal 7->7,"train=4;test=1;shape_preserving,color_subset,color_superset,color_same,symmetry_candidate",Route to family DSL/compiler search; record any exact rule.,Route to family DSL/compiler search; record any exact rule.
task198,81,0,audit_before_swap,color_fill,color_fill,matches_cherrypick_unsafe_public,13.449576,103821.000000,102908.000000,913.000000,51.000000,6979.000000,3,3,37,37,18.000000,13.449576,103821.000000,afr1ste_5689_score_n3,0.000000,76,1.403990,0.214667,0.550000,0.440000,0.809332,1.608118,0.301390,0.190066,0.190066,not_run,0.000000,0.000000,0.000000,0.000000,candidate_v4,lb-verified-v4-anchor,13,,,,0.500000,fp16,0,0.000000,,-0.000000,-0.000000,in 19-29x19-29 -> out 19-29x19-29; pal 4->5,"train=3;test=1;shape_preserving,color_fill",Require semantic proof and pseudo-hidden audit; no raw public-source swap.,Require semantic proof and pseudo-hidden audit; no raw public-source swap.
task069,82,0,family_dsl,color_remap,color_remap,,13.667997,83450.000000,82058.000000,1392.000000,380.000000,30645.000000,3,3,60,60,7.000000,13.667997,83450.000000,candidate_nadeem6252_plus_ours_v3_score_n3,0.000000,76,0.742547,0.254801,0.580000,0.720000,0.860022,1.567786,0.189202,0.189153,0.189153,not_run,0.000000,0.000000,0.000000,0.000000,v4_plus10_compiler2_unique,lb-verified-current-anchor,0,,,,1.000000,has_lookup_ops;fp16,1,0.000000,,-0.000000,0.010964,in 10-10x10-10 -> out 10-10x10-10; pal 6->5,"train=2;test=1;shape_preserving,color_subset,color_remap",Route to family DSL/compiler search; record any exact rule.,Route to family DSL/compiler search; record any exact rule.
task368,83,0,family_dsl,color_remap,color_remap,,14.615971,32339.000000,32264.000000,75.000000,186.000000,8950.000000,3,3,143,143,4.000000,14.615971,32339.000000,afr1ste_5689_score_n3,0.000000,76,0.410756,0.270801,0.480000,0.720000,0.860022,1.514266,0.111233,0.187762,0.187762,not_run,0.000000,0.000000,0.000000,0.000000,candidate_v4,lb-verified-v4-anchor,8,,,,0.500000,fp16,0,0.000000,,0.000000,0.000000,in 10-10x10-10 -> out 10-10x10-10; pal 6->5,"train=2;test=1;shape_preserving,color_subset,color_remap",Route to family DSL/compiler search; record any exact rule.,Route to family DSL/compiler search; record any exact rule.
task092,84,0,compiler_golf,symmetry/flip/rotate,symmetry/flip/rotate,v4_plus10_changed,14.473546,37289.000000,37260.000000,29.000000,29.000000,2246.000000,3,3,132,132,4.000000,14.473546,37289.000000,candidate_v4_plus10_compiler2_score_n3,0.000000,76,0.216206,0.266600,0.520000,0.660000,1.000000,1.328307,0.057641,0.185834,0.185834,not_run,0.000000,0.000000,0.000000,0.000000,v4_plus10_compiler2_unique,lb-verified-current-anchor,0,,,,0.500000,fp16,0,0.216206,compiler_golf_probe_v2_candidates.csv: removed terminal Cast; graph output now output_b as BOOL[1x10x30x30],0.216206,1.402059,in 20-30x10-20 -> out 20-30x10-20; pal 9->9,"train=2;test=1;shape_preserving,color_subset,color_superset,color_same,symmetry_candidate",compiler +0.22 | Route to family DSL/compiler search; record any exact rule.,Route to family DSL/compiler search; record any exact rule.
task387,85,0,pseudo_hidden_first,other,other,,13.940292,63558.000000,63470.000000,88.000000,125.000000,12388.000000,3,3,88,88,11.000000,13.940292,63558.000000,candidate_nadeem6252_plus_ours_38_score_n3,0.000000,76,0.647244,0.261816,0.520000,0.480000,0.992319,1.616413,0.169459,0.184809,0.184809,not_run,0.000000,0.000000,0.000000,0.000000,candidate_v4,lb-verified-v4-anchor,3,,build_task387.py,,0.500000,fp16,0,0.000000,,0.000000,2.205773,in 14-17x14-16 -> out 14-17x14-16; pal 6->7,"train=4;test=1;shape_preserving,color_superset",builder | Run or extend pseudo-hidden audit before using the builder.,Run or extend pseudo-hidden audit before using the builder.
task378,86,0,family_dsl,symmetry/flip/rotate,symmetry/flip/rotate,,14.428478,39008.000000,38932.000000,76.000000,96.000000,5481.000000,3,3,128,128,4.000000,14.428478,39008.000000,candidate_nadeem6252_plus_ours_38_score_n3,0.000000,76,0.476379,0.260200,0.560000,0.660000,1.000000,1.530851,0.123954,0.184491,0.184491,not_run,0.000000,0.000000,0.000000,0.000000,nadeem_6252,public-anchor-candidate,2,,,,0.500000,fp16,0,0.000000,,0.000000,0.049805,in 6-12x6-12 -> out 6-12x6-12; pal 8->8,"train=4;test=1;shape_preserving,color_subset,color_superset,color_same,symmetry_candidate",Route to family DSL/compiler search; record any exact rule.,Route to family DSL/compiler search; record any exact rule.
task159,87,0,audit_before_swap,reduce,reduce,matches_cherrypick_unsafe_public,13.597995,89501.000000,85396.000000,4105.000000,57.000000,12966.000000,3,3,53,53,17.000000,13.597995,89501.000000,afr1ste_5689_score_n3,0.000000,76,0.767048,0.226640,0.550000,0.480000,0.984806,1.595738,0.173844,0.184151,0.184151,not_run,0.000000,0.000000,0.000000,0.000000,candidate_v4,lb-verified-v4-anchor,13,,,,0.500000,fp16,0,0.000000,,0.000000,0.000000,in 18-21x21-24 -> out 5-11x5-11; pal 5->5,"train=3;test=1;out_smaller,color_subset,color_superset,color_same,reduce",Require semantic proof and pseudo-hidden audit; no raw public-source swap.,Require semantic proof and pseudo-hidden audit; no raw public-source swap.
task154,88,0,family_dsl,symmetry/flip/rotate,symmetry/flip/rotate,,14.322200,43382.000000,42392.000000,990.000000,44.000000,7883.000000,3,3,121,121,5.000000,14.322200,43382.000000,candidate_nadeem6252_plus_ours_v3_score_n3,0.000000,76,0.513576,0.257000,0.580000,0.660000,1.000000,1.536852,0.131989,0.182732,0.182732,not_run,0.000000,0.000000,0.000000,0.000000,candidate_v4,lb-verified-v4-anchor,1,,,,1.000000,has_lookup_ops;fp16,1,0.000000,,-0.000000,0.250259,in 15-15x15-15 -> out 15-15x15-15; pal 3->3,"train=3;test=1;shape_preserving,color_subset,color_superset,color_same,symmetry_candidate",Route to family DSL/compiler search; record any exact rule.,Route to family DSL/compiler search; record any exact rule.
task340,89,0,family_dsl,color_remap,color_remap,,13.885435,67142.000000,66980.000000,162.000000,72.000000,6409.000000,3,3,81,81,6.000000,13.885435,67142.000000,candidate_bio_t200_t084_score_n3,0.000000,76,0.666444,0.254801,0.580000,0.720000,0.860022,1.555510,0.169811,0.181681,0.181681,not_run,0.000000,0.000000,0.000000,0.000000,candidate_v4,lb-verified-v4-anchor,3,,,,1.000000,has_lookup_ops;fp16,1,0.000000,,0.000000,0.000000,in 10-14x11-15 -> out 10-14x11-15; pal 8->8,"train=3;test=1;shape_preserving,color_subset,color_remap",Route to family DSL/compiler search; record any exact rule.,Route to family DSL/compiler search; record any exact rule.
task145,90,0,audit_before_swap,other,other,public_bottom15;matches_cherrypick_unsafe_public,13.796907,73357.000000,72424.000000,933.000000,325.000000,31434.000000,3,3,73,73,46.000000,13.847227,69757.000000,afr1ste_5689_score_n3,0.050320,76,0.697428,0.214916,0.550000,0.360000,0.942319,1.596508,0.149889,0.180859,0.180859,not_run,0.000000,0.000000,0.000000,0.000000,candidate_v4,lb-verified-v4-anchor,12,,,,0.500000,fp16,0,0.000000,,0.000000,0.000000,in 11-18x13-16 -> out 11-18x13-16; pal 2->4,"train=4;test=1;shape_preserving,color_superset",public bottom15 | best-seen +0.05 | Require semantic proof and pseudo-hidden audit; no raw public-source swap.,Require semantic proof and pseudo-hidden audit; no raw public-source swap.
task088,91,0,family_dsl,reduce,reduce,,13.804996,72766.000000,72646.000000,120.000000,48.000000,4099.000000,3,3,74,74,6.000000,13.804996,72766.000000,candidate_nadeem6252_plus_ours_38_score_n3,0.000000,76,0.694597,0.251440,0.520000,0.480000,0.984806,1.584051,0.174650,0.180741,0.180741,not_run,0.000000,0.000000,0.000000,0.000000,candidate_v4,lb-verified-v4-anchor,3,,,,0.500000,fp16,0,0.000000,,0.000000,0.336449,in 7-12x7-18 -> out 3-4x3-8; pal 6->5,"train=4;test=1;out_smaller,color_subset,reduce",Route to family DSL/compiler search; record any exact rule.,Route to family DSL/compiler search; record any exact rule.
task017,92,0,family_dsl,color_remap,color_remap,,14.545246,34709.000000,34525.000000,184.000000,66.000000,8079.000000,3,3,138,138,4.000000,14.545246,34709.000000,candidate_v4_plus10_compiler2_score_n3,0.000000,76,0.435510,0.264401,0.520000,0.720000,0.860022,1.518259,0.115149,0.177875,0.177875,not_run,0.000000,0.000000,0.000000,0.000000,v4_plus10_compiler2_unique,lb-verified-current-anchor,0,,,,0.500000,fp16,0,0.000000,,0.000000,0.130769,in 21-21x21-21 -> out 21-21x21-21; pal 8->7,"train=3;test=1;shape_preserving,color_subset,color_remap",Route to family DSL/compiler search; record any exact rule.,Route to family DSL/compiler search; record any exact rule.
task398,93,0,family_dsl,tiling,tiling,,13.658254,84267.000000,83505.000000,762.000000,44.000000,7459.000000,3,3,58,58,7.000000,13.658254,84267.000000,candidate_bio_t200_t084_score_n3,0.000000,76,0.745957,0.255018,0.520000,0.680000,0.736364,1.572336,0.190233,0.177063,0.177063,not_run,0.000000,0.000000,0.000000,0.000000,candidate_v4,lb-verified-v4-anchor,3,,,,0.500000,fp16,0,0.000000,,-0.000000,-0.000000,in 1-1x5-5 -> out 5-15x5-15; pal 8->8,"train=5;test=1;tile,out_larger,color_subset,color_superset,color_same",Route to family DSL/compiler search; record any exact rule.,Route to family DSL/compiler search; record any exact rule.
task303,94,0,audit_before_swap,other,other,matches_cherrypick_unsafe_public,13.701382,80710.000000,80400.000000,310.000000,8.000000,2084.000000,3,3,65,65,17.000000,14.023047,58510.000000,biohack44_6080_score_n3,0.321665,76,0.921665,0.254916,0.550000,0.360000,0.942319,1.601901,0.234947,0.176852,0.176852,not_run,0.000000,0.000000,0.000000,0.000000,candidate_v4,lb-verified-v4-anchor,12,,,,0.000000,,0,0.000000,,-0.000000,-0.000000,in 12-17x14-19 -> out 12-17x14-19; pal 4->5,"train=3;test=1;shape_preserving,color_superset",best-seen +0.32 | Require semantic proof and pseudo-hidden audit; no raw public-source swap.,Require semantic proof and pseudo-hidden audit; no raw public-source swap.
task019,95,0,family_dsl,tiling,tiling,,13.693533,81346.000000,81276.000000,70.000000,32.000000,2566.000000,3,3,63,63,7.000000,13.693533,81346.000000,candidate_nadeem6252_plus_ours_38_score_n3,0.000000,76,0.733609,0.255018,0.520000,0.680000,0.736364,1.570344,0.187084,0.176045,0.176045,not_run,0.000000,0.000000,0.000000,0.000000,candidate_v4,lb-verified-v4-anchor,3,,,,0.500000,fp16,0,0.000000,,-0.000000,0.527585,in 2-5x3-4 -> out 4-10x6-8; pal 5->6,"train=4;test=1;tile,out_larger,color_superset",Route to family DSL/compiler search; record any exact rule.,Route to family DSL/compiler search; record any exact rule.
task201,96,0,family_dsl,reduce,reduce,,13.562876,92700.000000,92392.000000,308.000000,135.000000,9668.000000,3,3,48,48,7.000000,13.562876,92700.000000,candidate_nadeem6252_plus_ours_38_score_n3,0.000000,76,0.779339,0.245040,0.560000,0.480000,0.984806,1.597721,0.190970,0.175779,0.175779,not_run,0.000000,0.000000,0.000000,0.000000,nadeem_6252,public-anchor-candidate,2,,,,0.500000,fp16,0,0.000000,,-0.000000,0.008379,in 13-13x13-13 -> out 4-7x6-8; pal 7->7,"train=4;test=1;out_smaller,color_subset,color_superset,color_same,reduce",Route to family DSL/compiler search; record any exact rule.,Route to family DSL/compiler search; record any exact rule.
task177,97,0,family_dsl,reduce,reduce,,14.000804,59826.000000,59724.000000,102.000000,33.000000,3834.000000,3,3,92,92,6.000000,14.000804,59826.000000,candidate_nadeem6252_plus_ours_v3_score_n3,0.000000,76,0.626064,0.251440,0.520000,0.480000,0.984806,1.572997,0.157418,0.175142,0.175142,not_run,0.000000,0.000000,0.000000,0.000000,candidate_v4,lb-verified-v4-anchor,1,,,,0.000000,,0,0.000000,,-0.000000,0.222106,in 10-15x15-17 -> out 4-5x5-8; pal 7->6,"train=3;test=1;out_smaller,color_subset,reduce",Route to family DSL/compiler search; record any exact rule.,Route to family DSL/compiler search; record any exact rule.
task238,98,0,audit_before_swap,reduce,reduce,matches_cherrypick_unsafe_public,13.927566,64372.000000,62905.000000,1467.000000,102.000000,11927.000000,3,3,86,86,16.000000,13.927566,64372.000000,afr1ste_5689_score_n3,0.000000,76,0.651698,0.226640,0.550000,0.480000,0.984806,1.577131,0.147701,0.174601,0.174601,not_run,0.000000,0.000000,0.000000,0.000000,candidate_v4,lb-verified-v4-anchor,13,,,,0.500000,fp16,0,0.000000,,0.000000,0.000000,in 14-15x15-16 -> out 5-6x5-6; pal 8->8,"train=3;test=1;out_smaller,color_subset,color_superset,color_same,reduce",Require semantic proof and pseudo-hidden audit; no raw public-source swap.,Require semantic proof and pseudo-hidden audit; no raw public-source swap.
task349,99,0,semantic_rebuild,other,other,public_bottom15,14.190676,49480.000000,45900.000000,3580.000000,25.000000,8067.000000,3,3,111,111,35.000000,14.190676,49480.000000,candidate_nadeem6252_plus_ours_v3_score_n3,0.000000,76,0.559609,0.279716,0.520000,0.360000,0.942319,1.774277,0.156532,0.173613,0.173613,not_run,0.000000,0.000000,0.000000,0.000000,v4_plus10_compiler2_unique,lb-verified-current-anchor,0,,,,0.500000,fp16,0,0.000000,,-0.000000,1.087380,in 10-20x10-20 -> out 10-20x10-20; pal 2->4,"train=4;test=1;shape_preserving,color_superset","public bottom15 | Open semantic-factory pass: inspect examples, write prototype, then stress-test.","Open semantic-factory pass: inspect examples, write prototype, then stress-test."
task107,100,0,family_dsl,tiling,tiling,,13.806578,72651.000000,58970.000000,13681.000000,52.000000,31694.000000,3,3,75,75,6.000000,13.806578,72651.000000,candidate_bio_t200_t084_score_n3,0.000000,76,0.694044,0.255018,0.520000,0.680000,0.736364,1.563962,0.176994,0.171624,0.171624,not_run,0.000000,0.000000,0.000000,0.000000,candidate_v4,lb-verified-v4-anchor,3,,,,1.500000,high_init_ratio;fp16,0,0.000000,,0.000000,0.000000,in 5-5x5-5 -> out 10-20x10-20; pal 8->9,"train=3;test=1;tile,out_larger,color_superset",Route to family DSL/compiler search; record any exact rule.,Route to family DSL/compiler search; record any exact rule.
task359,101,0,family_dsl,color_remap,color_remap,public_overfit_risk,14.347150,42313.000000,42300.000000,13.000000,15.000000,1184.000000,3,3,123,123,20.000000,14.347150,42313.000000,candidate_nadeem6252_plus_ours_38_score_n3,0.000000,76,0.504843,0.248401,0.620000,0.720000,0.860022,1.529443,0.125404,0.171485,0.171485,not_run,0.000000,0.000000,0.000000,0.000000,candidate_v4,lb-verified-v4-anchor,3,,,,0.500000,fp16,0,0.000000,,-0.000000,0.190176,in 13-15x14-17 -> out 13-15x14-17; pal 9->5,"train=3;test=1;shape_preserving,color_subset,color_remap",Route to family DSL/compiler search; record any exact rule.,Route to family DSL/compiler search; record any exact rule.
task213,102,0,family_dsl,reduce,reduce,,14.177884,50117.000000,49897.000000,220.000000,392.000000,26541.000000,3,3,109,109,5.000000,14.177884,50117.000000,candidate_nadeem6252_plus_ours_v3_score_n3,0.000000,76,0.564086,0.251440,0.520000,0.480000,0.984806,1.562999,0.141834,0.168871,0.168871,not_run,0.000000,0.000000,0.000000,0.000000,v4_plus10_compiler2_unique,lb-verified-current-anchor,0,,,,0.500000,fp16,0,0.000000,,-0.000000,0.043801,in 12-18x10-15 -> out 3-6x3-6; pal 8->6,"train=3;test=1;out_smaller,color_subset,reduce",Route to family DSL/compiler search; record any exact rule.,Route to family DSL/compiler search; record any exact rule.
task384,103,0,family_dsl,reduce,reduce,,13.778470,74722.000000,74616.000000,106.000000,39.000000,4308.000000,3,3,72,72,6.000000,13.778470,74722.000000,candidate_nadeem6252_plus_ours_38_score_n3,0.000000,76,0.703881,0.245040,0.560000,0.480000,0.984806,1.585549,0.172479,0.168731,0.168731,not_run,0.000000,0.000000,0.000000,0.000000,nadeem_6252,public-anchor-candidate,2,,,,0.000000,,0,0.000000,,-0.000000,0.000388,in 9-9x9-9 -> out 6-8x6-8; pal 2->2,"train=3;test=1;out_smaller,color_subset,color_superset,color_same,reduce",Route to family DSL/compiler search; record any exact rule.,Route to family DSL/compiler search; record any exact rule.
task253,104,0,audit_before_swap,reduce,reduce,matches_cherrypick_unsafe_public,14.215455,48269.000000,47830.000000,439.000000,17.000000,3510.000000,3,3,113,113,15.000000,14.215455,48269.000000,afr1ste_5689_score_n3,0.000000,76,0.550937,0.226640,0.550000,0.480000,0.984806,1.560878,0.124864,0.165952,0.165952,not_run,0.000000,0.000000,0.000000,0.000000,candidate_v4,lb-verified-v4-anchor,13,,,,0.000000,,0,0.000000,,-0.000000,-0.000000,in 13-13x13-13 -> out 4-4x4-4; pal 6->6,"train=2;test=1;out_smaller,color_subset,color_superset,color_same,reduce",Require semantic proof and pseudo-hidden audit; no raw public-source swap.,Require semantic proof and pseudo-hidden audit; no raw public-source swap.
task325,105,0,audit_before_swap,reduce,reduce,matches_cherrypick_unsafe_public,14.330533,43022.000000,41120.000000,1902.000000,39.000000,5072.000000,3,3,122,122,15.000000,14.330533,43022.000000,afr1ste_5689_score_n3,0.000000,76,0.510659,0.226640,0.550000,0.480000,0.984806,1.554381,0.115736,0.162906,0.162906,not_run,0.000000,0.000000,0.000000,0.000000,candidate_v4,lb-verified-v4-anchor,13,,,,0.500000,fp16,0,0.000000,,-0.000000,-0.000000,in 8-16x10-12 -> out 2-4x2-4; pal 2->2,"train=3;test=1;out_smaller,color_subset,color_superset,color_same,reduce",Require semantic proof and pseudo-hidden audit; no raw public-source swap.,Require semantic proof and pseudo-hidden audit; no raw public-source swap.
task221,106,0,family_dsl,tiling,tiling,,14.069307,55865.000000,50837.000000,5028.000000,28.000000,13313.000000,3,3,100,100,5.000000,14.069307,55865.000000,candidate_bio_t200_t084_score_n3,0.000000,76,0.602088,0.255018,0.520000,0.680000,0.736364,1.549129,0.153543,0.162755,0.162755,not_run,0.000000,0.000000,0.000000,0.000000,candidate_v4,lb-verified-v4-anchor,3,,,,1.500000,high_init_ratio;fp16,0,0.000000,,0.000000,0.000000,in 3-3x3-3 -> out 9-18x9-18; pal 5->5,"train=4;test=1;tile,out_larger,color_subset,color_superset,color_same",Route to family DSL/compiler search; record any exact rule.,Route to family DSL/compiler search; record any exact rule.
task132,107,0,family_dsl,symmetry/flip/rotate,symmetry/flip/rotate,,14.709279,29458.000000,29394.000000,64.000000,38.000000,2585.000000,3,3,152,152,3.000000,14.709279,29458.000000,afr1ste_5689_score_n3,0.000000,76,0.000000,0.273000,0.480000,0.660000,1.000000,1.514998,0.000000,0.161218,0.161218,not_run,0.000000,0.000000,0.000000,0.000000,candidate_v4,lb-verified-v4-anchor,8,,,,0.500000,fp16,0,0.000000,,-0.000000,-0.000000,in 6-10x8-11 -> out 6-10x8-11; pal 6->6,"train=4;test=1;shape_preserving,color_subset,color_superset,color_same,symmetry_candidate",Route to family DSL/compiler search; record any exact rule.,Route to family DSL/compiler search; record any exact rule.
task228,108,0,family_dsl,symmetry/flip/rotate,symmetry/flip/rotate,,14.869935,25086.000000,25008.000000,78.000000,61.000000,2649.000000,3,3,166,166,3.000000,14.869935,25086.000000,afr1ste_5689_score_n3,0.000000,76,0.000000,0.273000,0.480000,0.660000,1.000000,1.505928,0.000000,0.161218,0.161218,not_run,0.000000,0.000000,0.000000,0.000000,candidate_v4,lb-verified-v4-anchor,8,,,,0.500000,fp16,0,0.000000,,0.000000,0.000000,in 10-10x10-10 -> out 10-10x10-10; pal 10->10,"train=3;test=1;shape_preserving,color_subset,color_superset,color_same,symmetry_candidate",Route to family DSL/compiler search; record any exact rule.,Route to family DSL/compiler search; record any exact rule.
task333,109,0,compiler_golf,symmetry/flip/rotate,symmetry/flip/rotate,,14.947532,23213.000000,23140.000000,73.000000,44.000000,4058.000000,3,3,177,177,2.000000,14.947532,23213.000000,candidate_v4_plus10_compiler2_score_n3,0.000000,76,0.069874,0.266600,0.520000,0.660000,1.000000,1.301547,0.018628,0.160244,0.160244,not_run,0.000000,0.000000,0.000000,0.000000,v4_plus10_compiler2_unique,lb-verified-current-anchor,0,,,,0.000000,,0,0.069874,"bool_memory_priority.csv: replace final float one-hot Sum/Concat with bool logic, then Cast before opset11 Pad",-0.000000,0.069874,in 10-10x10-10 -> out 10-10x10-10; pal 6->6,"train=3;test=1;shape_preserving,color_subset,color_superset,color_same,symmetry_candidate",compiler +0.07 | Route to family DSL/compiler search; record any exact rule.,Route to family DSL/compiler search; record any exact rule.
task059,110,0,family_dsl,symmetry/flip/rotate,symmetry/flip/rotate,,15.076171,20411.000000,17858.000000,2553.000000,21.000000,7062.000000,3,3,190,190,2.000000,15.077347,20387.000000,afr1ste_5689_score_n3,0.001176,76,0.000000,0.273000,0.480000,0.660000,1.000000,1.494285,0.000000,0.160078,0.160078,not_run,0.000000,0.000000,0.000000,0.000000,candidate_v4,lb-verified-v4-anchor,7,,,,1.500000,high_init_ratio;fp16,0,0.000000,,0.000000,0.000000,in 11-11x11-11 -> out 11-11x11-11; pal 5->5,"train=3;test=1;shape_preserving,color_subset,color_superset,color_same,symmetry_candidate",Route to family DSL/compiler search; record any exact rule.,Route to family DSL/compiler search; record any exact rule.
task082,111,0,family_dsl,symmetry/flip/rotate,symmetry/flip/rotate,,14.936138,23479.000000,23400.000000,79.000000,20.000000,1645.000000,3,3,175,175,2.000000,14.936138,23479.000000,afr1ste_5689_score_n3,0.000000,76,0.000000,0.273000,0.480000,0.660000,1.000000,1.502191,0.000000,0.160078,0.160078,not_run,0.000000,0.000000,0.000000,0.000000,candidate_v4,lb-verified-v4-anchor,8,,,,0.500000,fp16,0,0.000000,,-0.000000,-0.000000,in 6-6x7-10 -> out 6-6x7-10; pal 4->4,"train=2;test=1;shape_preserving,color_subset,color_superset,color_same,symmetry_candidate",Route to family DSL/compiler search; record any exact rule.,Route to family DSL/compiler search; record any exact rule.
task036,112,0,family_dsl,crop,crop,,13.710918,79944.000000,79832.000000,112.000000,56.000000,5484.000000,3,3,66,66,7.000000,13.710918,79944.000000,candidate_v4_plus10_compiler2_score_n3,0.000000,76,0.727525,0.247818,0.520000,0.580000,0.752357,1.579363,0.180294,0.159185,0.159185,not_run,0.000000,0.000000,0.000000,0.000000,v4_plus10_compiler2_unique,lb-verified-current-anchor,0,,,,0.500000,fp16,0,0.000000,,-0.000000,0.000587,in 30-30x30-30 -> out 3-5x3-3; pal 6->3,"train=2;test=1;crop,out_smaller,color_subset",Route to family DSL/compiler search; record any exact rule.,Route to family DSL/compiler search; record any exact rule.
task237,113,0,family_dsl,symmetry/flip/rotate,symmetry/flip/rotate,,15.430308,14324.000000,14283.000000,41.000000,25.000000,1637.000000,3,3,216,216,1.000000,15.430308,14324.000000,afr1ste_5689_score_n3,0.000000,76,0.000000,0.273000,0.480000,0.660000,1.000000,1.474292,0.000000,0.158939,0.158939,not_run,0.000000,0.000000,0.000000,0.000000,candidate_v4,lb-verified-v4-anchor,8,,,,0.500000,fp16,0,0.000000,,-0.000000,-0.000000,in 3-7x3-6 -> out 3-7x3-6; pal 7->7,"train=4;test=1;shape_preserving,color_subset,color_superset,color_same,symmetry_candidate",Route to family DSL/compiler search; record any exact rule.,Route to family DSL/compiler search; record any exact rule.
task078,114,0,family_dsl,symmetry/flip/rotate,symmetry/flip/rotate,,15.650246,11496.000000,11460.000000,36.000000,25.000000,1974.000000,3,3,233,233,0.000000,15.650246,11496.000000,afr1ste_5689_score_n3,0.000000,76,0.000000,0.273000,0.480000,0.660000,1.000000,1.461876,0.000000,0.157800,0.157800,not_run,0.000000,0.000000,0.000000,0.000000,candidate_v4,lb-verified-v4-anchor,8,,,,0.500000,fp16,0,0.000000,,0.000000,0.000000,in 10-10x10-10 -> out 10-10x10-10; pal 3->3,"train=3;test=1;shape_preserving,color_subset,color_superset,color_same,symmetry_candidate",Route to family DSL/compiler search; record any exact rule.,Route to family DSL/compiler search; record any exact rule.
task314,115,0,family_dsl,symmetry/flip/rotate,symmetry/flip/rotate,,15.941180,8594.000000,8416.000000,178.000000,282.000000,24532.000000,3,3,255,255,0.000000,15.941180,8594.000000,afr1ste_5689_score_n3,0.000000,76,0.000000,0.273000,0.480000,0.660000,1.000000,1.445452,0.000000,0.157800,0.157800,not_run,0.000000,0.000000,0.000000,0.000000,candidate_v4,lb-verified-v4-anchor,8,,,,0.500000,fp16,0,0.000000,,-0.000000,-0.000000,in 8-8x8-8 -> out 8-8x8-8; pal 6->6,"train=3;test=1;shape_preserving,color_subset,color_superset,color_same,symmetry_candidate",Route to family DSL/compiler search; record any exact rule.,Route to family DSL/compiler search; record any exact rule.
task022,116,0,family_dsl,reduce,reduce,public_slowest,14.542024,34821.000000,34628.000000,193.000000,67.000000,5021.000000,3,3,136,136,4.000000,14.542024,34821.000000,candidate_nadeem6252_plus_ours_38_score_n3,0.000000,76,0.436637,0.251440,0.520000,0.480000,0.984806,1.542441,0.109788,0.156970,0.156970,not_run,0.000000,0.000000,0.000000,0.000000,candidate_v4,lb-verified-v4-anchor,3,,,,0.500000,fp16,0,0.000000,,-0.000000,0.254952,in 11-11x11-11 -> out 3-3x3-3; pal 9->9,"train=3;test=1;out_smaller,color_subset,reduce",Route to family DSL/compiler search; record any exact rule.,Route to family DSL/compiler search; record any exact rule.
task009,117,0,audit_before_swap,symmetry/flip/rotate,symmetry/flip/rotate,public_slowest;matches_cherrypick_unsafe_public,13.694825,81241.000000,77400.000000,3841.000000,22.000000,30956.000000,3,3,64,64,17.000000,13.694825,81241.000000,afr1ste_5689_score_n3,0.000000,76,0.733157,0.211400,0.710000,0.600000,1.000000,1.578271,0.154989,0.156578,0.156578,not_run,0.000000,0.000000,0.000000,0.000000,candidate_v4,lb-verified-v4-anchor,13,,,,2.000000,high_init_ratio;has_lookup_ops;fp16,1,0.000000,,0.000000,0.000000,in 20-23x20-23 -> out 20-23x20-23; pal 7->7,"train=3;test=1;shape_preserving,color_subset,color_superset,color_same,symmetry_candidate",graph risk 2 | Require semantic proof and pseudo-hidden audit; no raw public-source swap.,Require semantic proof and pseudo-hidden audit; no raw public-source swap.
task351,118,0,audit_before_swap,reduce,reduce,matches_cherrypick_unsafe_public,14.532506,35154.000000,35114.000000,40.000000,25.000000,3049.000000,3,3,134,134,14.000000,14.532506,35154.000000,afr1ste_5689_score_n3,0.000000,76,0.439969,0.226640,0.550000,0.480000,0.984806,1.542978,0.099715,0.156358,0.156358,not_run,0.000000,0.000000,0.000000,0.000000,candidate_v4,lb-verified-v4-anchor,13,,,,0.500000,fp16,0,0.000000,,-0.000000,-0.000000,in 16-16x16-16 -> out 5-5x5-5; pal 9->7,"train=3;test=1;out_smaller,color_subset,reduce",Require semantic proof and pseudo-hidden audit; no raw public-source swap.,Require semantic proof and pseudo-hidden audit; no raw public-source swap.
task400,119,0,audit_before_swap,reduce,reduce,matches_cherrypick_unsafe_public,14.532535,35153.000000,35114.000000,39.000000,25.000000,3021.000000,3,3,135,135,14.000000,14.532535,35153.000000,afr1ste_5689_score_n3,0.000000,76,0.439959,0.226640,0.550000,0.480000,0.984806,1.542977,0.099712,0.156357,0.156357,not_run,0.000000,0.000000,0.000000,0.000000,candidate_v4,lb-verified-v4-anchor,9,,,,0.500000,fp16,0,0.000000,,0.000000,0.000000,in 24-24x24-24 -> out 5-5x5-5; pal 7->4,"train=3;test=1;out_smaller,color_subset,reduce",Require semantic proof and pseudo-hidden audit; no raw public-source swap.,Require semantic proof and pseudo-hidden audit; no raw public-source swap.
task244,120,0,family_dsl,reduce,reduce,,14.633722,31770.000000,31685.000000,85.000000,66.000000,6790.000000,3,3,146,146,4.000000,14.633722,31770.000000,candidate_nadeem6252_plus_ours_v3_score_n3,0.000000,76,0.404543,0.251440,0.520000,0.480000,0.984806,1.537264,0.101718,0.154215,0.154215,not_run,0.000000,0.000000,0.000000,0.000000,v4_plus10_compiler2_unique,lb-verified-current-anchor,0,,,,0.000000,,0,0.000000,,-0.000000,0.026158,in 11-19x11-19 -> out 3-4x3-4; pal 6->6,"train=3;test=1;out_smaller,color_subset,reduce",Route to family DSL/compiler search; record any exact rule.,Route to family DSL/compiler search; record any exact rule.
task008,121,0,audit_before_swap,symmetry/flip/rotate,symmetry/flip/rotate,matches_cherrypick_unsafe_public,14.944264,23289.000000,23228.000000,61.000000,78.000000,7667.000000,3,3,176,176,12.000000,14.944264,23289.000000,biohack44_super_score_n3,0.000000,76,0.000000,0.241800,0.550000,0.660000,1.000000,1.501732,0.000000,0.151871,0.151871,not_run,0.000000,0.000000,0.000000,0.000000,candidate_v4,lb-verified-v4-anchor,6,,,,0.000000,,0,0.000000,,0.000000,0.000000,in 9-14x9-10 -> out 9-14x9-10; pal 3->3,"train=3;test=1;shape_preserving,color_subset,color_superset,color_same,symmetry_candidate",Require semantic proof and pseudo-hidden audit; no raw public-source swap.,Require semantic proof and pseudo-hidden audit; no raw public-source swap.
task126,122,0,audit_before_swap,other,other,matches_cherrypick_unsafe_public,13.636840,86091.000000,86044.000000,47.000000,29.000000,2765.000000,3,3,57,57,17.000000,13.636840,86091.000000,afr1ste_5689_score_n3,0.000000,76,0.753452,0.214916,0.550000,0.360000,0.942319,1.605545,0.161929,0.151655,0.151655,not_run,0.000000,0.000000,0.000000,0.000000,candidate_v4,lb-verified-v4-anchor,13,,,,0.500000,fp16,0,0.000000,,0.000000,0.000000,in 5-8x5-8 -> out 5-8x5-8; pal 4->5,"train=3;test=1;shape_preserving,color_superset",Require semantic proof and pseudo-hidden audit; no raw public-source swap.,Require semantic proof and pseudo-hidden audit; no raw public-source swap.
task141,123,0,audit_before_swap,symmetry/flip/rotate,symmetry/flip/rotate,matches_cherrypick_unsafe_public,15.331033,15819.000000,15750.000000,69.000000,21.000000,2345.000000,3,3,207,207,11.000000,15.331033,15819.000000,afr1ste_5689_score_n3,0.000000,76,0.000000,0.241800,0.550000,0.660000,1.000000,1.479897,0.000000,0.150732,0.150732,not_run,0.000000,0.000000,0.000000,0.000000,candidate_v4,lb-verified-v4-anchor,13,,,,0.000000,,0,0.000000,,0.000000,0.000000,in 7-15x7-15 -> out 7-15x7-15; pal 4->4,"train=3;test=1;shape_preserving,color_subset,color_superset,color_same,symmetry_candidate",Require semantic proof and pseudo-hidden audit; no raw public-source swap.,Require semantic proof and pseudo-hidden audit; no raw public-source swap.
task375,124,0,audit_before_swap,symmetry/flip/rotate,symmetry/flip/rotate,public_slowest;matches_cherrypick_unsafe_public,15.372793,15172.000000,15113.000000,59.000000,19.000000,2214.000000,3,3,211,211,11.000000,15.372793,15172.000000,afr1ste_5689_score_n3,0.000000,76,0.000000,0.241800,0.550000,0.660000,1.000000,1.477539,0.000000,0.150732,0.150732,not_run,0.000000,0.000000,0.000000,0.000000,candidate_v4,lb-verified-v4-anchor,13,,,,0.000000,,0,0.000000,,-0.000000,-0.000000,in 3-7x3-7 -> out 3-7x3-7; pal 4->4,"train=3;test=1;shape_preserving,color_subset,color_superset,color_same,symmetry_candidate",Require semantic proof and pseudo-hidden audit; no raw public-source swap.,Require semantic proof and pseudo-hidden audit; no raw public-source swap.
task231,125,0,family_dsl,tiling,tiling,,14.448886,38220.000000,38118.000000,102.000000,50.000000,4473.000000,3,3,130,130,4.000000,14.448886,38220.000000,candidate_bio_t200_t084_score_n3,0.000000,76,0.469236,0.255018,0.520000,0.680000,0.736364,1.527699,0.119664,0.150184,0.150184,not_run,0.000000,0.000000,0.000000,0.000000,candidate_v4,lb-verified-v4-anchor,3,,,,0.500000,fp16,0,0.000000,,0.000000,0.000000,in 5-5x6-8 -> out 5-5x12-16; pal 5->5,"train=3;test=1;tile,out_larger,color_subset,color_superset,color_same",Route to family DSL/compiler search; record any exact rule.,Route to family DSL/compiler search; record any exact rule.
task245,126,0,family_dsl,symmetry/flip/rotate,symmetry/flip/rotate,,14.724535,29012.000000,28916.000000,96.000000,37.000000,2756.000000,3,3,156,156,3.000000,14.724535,29012.000000,candidate_nadeem6252_plus_ours_v3_score_n3,0.000000,76,0.000000,0.266600,0.520000,0.660000,1.000000,1.514137,0.000000,0.150018,0.150018,not_run,0.000000,0.000000,0.000000,0.000000,candidate_v4,lb-verified-v4-anchor,1,,,,0.500000,fp16,0,0.000000,,-0.000000,1.123855,in 7-9x7-10 -> out 7-9x7-10; pal 3->3,"train=4;test=1;shape_preserving,color_subset,color_superset,color_same,symmetry_candidate",Route to family DSL/compiler search; record any exact rule.,Route to family DSL/compiler search; record any exact rule.
task293,127,0,family_dsl,symmetry/flip/rotate,symmetry/flip/rotate,,14.882894,24763.000000,24267.000000,496.000000,52.000000,8093.000000,3,3,169,169,3.000000,14.882894,24763.000000,candidate_nadeem6252_plus_ours_v3_score_n3,0.000000,76,0.000000,0.266600,0.520000,0.660000,1.000000,1.505197,0.000000,0.150018,0.150018,not_run,0.000000,0.000000,0.000000,0.000000,v4_plus10_compiler2_unique,lb-verified-current-anchor,0,,,,0.000000,,0,0.000000,,-0.000000,0.020544,in 7-13x6-13 -> out 7-13x6-13; pal 7->7,"train=4;test=1;shape_preserving,color_subset,color_superset,color_same,symmetry_candidate",Route to family DSL/compiler search; record any exact rule.,Route to family DSL/compiler search; record any exact rule.
task170,128,0,family_dsl,reduce,reduce,,13.728331,78564.000000,78315.000000,249.000000,681.000000,50577.000000,3,3,67,67,7.000000,13.728331,78564.000000,candidate_nadeem6252_plus_ours_38_score_n3,0.000000,76,0.721430,0.238640,0.560000,0.400000,0.984806,1.776380,0.172162,0.149744,0.149744,not_run,0.000000,0.000000,0.000000,0.000000,nadeem_6252,public-anchor-candidate,2,,,,0.000000,,0,0.000000,,-0.000000,0.044390,in 22-27x21-25 -> out 3-4x3-4; pal 10->10,"train=3;test=1;out_smaller,color_subset,reduce",Route to family DSL/compiler search; record any exact rule.,Route to family DSL/compiler search; record any exact rule.
task024,129,0,audit_before_swap,symmetry/flip/rotate,symmetry/flip/rotate,matches_cherrypick_unsafe_public,15.886171,9080.000000,8820.000000,260.000000,27.000000,3233.000000,3,3,251,251,10.000000,15.886171,9080.000000,afr1ste_5689_score_n3,0.000000,76,0.000000,0.241800,0.550000,0.660000,1.000000,1.448557,0.000000,0.149592,0.149592,not_run,0.000000,0.000000,0.000000,0.000000,candidate_v4,lb-verified-v4-anchor,13,,,,0.000000,,0,0.000000,,0.000000,0.000000,in 9-10x8-11 -> out 9-10x8-11; pal 4->4,"train=3;test=1;shape_preserving,color_subset,color_superset,color_same,symmetry_candidate",Require semantic proof and pseudo-hidden audit; no raw public-source swap.,Require semantic proof and pseudo-hidden audit; no raw public-source swap.
task032,130,0,audit_before_swap,symmetry/flip/rotate,symmetry/flip/rotate,matches_cherrypick_unsafe_public,16.867000,3405.000000,3336.000000,69.000000,19.000000,2347.000000,3,3,308,308,10.000000,16.867000,3405.000000,afr1ste_5689_score_n3,0.000000,76,0.000000,0.241800,0.550000,0.660000,1.000000,1.393192,0.000000,0.149592,0.149592,not_run,0.000000,0.000000,0.000000,0.000000,candidate_v4,lb-verified-v4-anchor,13,,,,0.000000,,0,0.000000,,0.000000,0.000000,in 4-6x4-6 -> out 4-6x4-6; pal 9->9,"train=3;test=1;shape_preserving,color_subset,color_superset,color_same,symmetry_candidate",Require semantic proof and pseudo-hidden audit; no raw public-source swap.,Require semantic proof and pseudo-hidden audit; no raw public-source swap.
task053,131,0,audit_before_swap,symmetry/flip/rotate,symmetry/flip/rotate,matches_cherrypick_unsafe_public,21.598803,30.000000,0.000000,30.000000,1.000000,175.000000,3,3,387,387,10.000000,21.598803,30.000000,afr1ste_5689_score_n3,0.000000,76,0.000000,0.241800,0.550000,0.660000,1.000000,1.127877,0.000000,0.149592,0.149592,not_run,0.000000,0.000000,0.000000,0.000000,candidate_v4,lb-verified-v4-anchor,13,,,,1.000000,high_init_ratio,0,0.000000,,0.000000,0.000000,in 3-3x3-3 -> out 3-3x3-3; pal 3->3,"train=4;test=2;shape_preserving,color_subset,color_superset,color_same,symmetry_candidate",Require semantic proof and pseudo-hidden audit; no raw public-source swap.,Require semantic proof and pseudo-hidden audit; no raw public-source swap.
task073,132,0,audit_before_swap,symmetry/flip/rotate,symmetry/flip/rotate,matches_cherrypick_unsafe_public,18.186555,910.000000,0.000000,910.000000,1.000000,3825.000000,3,3,343,343,10.000000,18.186555,910.000000,afr1ste_5689_score_n3,0.000000,76,0.000000,0.241800,0.550000,0.660000,1.000000,1.318737,0.000000,0.149592,0.149592,not_run,0.000000,0.000000,0.000000,0.000000,candidate_v4,lb-verified-v4-anchor,13,,,,1.000000,high_init_ratio,0,0.000000,,-0.000000,-0.000000,in 5-5x5-5 -> out 5-5x5-5; pal 3->3,"train=3;test=1;shape_preserving,color_subset,color_superset,color_same,symmetry_candidate",Require semantic proof and pseudo-hidden audit; no raw public-source swap.,Require semantic proof and pseudo-hidden audit; no raw public-source swap.
task098,133,0,audit_before_swap,symmetry/flip/rotate,symmetry/flip/rotate,matches_cherrypick_unsafe_public,18.186555,910.000000,0.000000,910.000000,1.000000,3836.000000,3,3,345,345,10.000000,18.186555,910.000000,afr1ste_5689_score_n3,0.000000,76,0.000000,0.241800,0.550000,0.660000,1.000000,1.318737,0.000000,0.149592,0.149592,not_run,0.000000,0.000000,0.000000,0.000000,candidate_v4,lb-verified-v4-anchor,13,,,,1.000000,high_init_ratio,0,0.000000,,-0.000000,-0.000000,in 8-18x7-16 -> out 8-18x7-16; pal 8->8,"train=3;test=1;shape_preserving,color_subset,color_superset,color_same,symmetry_candidate",Require semantic proof and pseudo-hidden audit; no raw public-source swap.,Require semantic proof and pseudo-hidden audit; no raw public-source swap.
task099,134,0,audit_before_swap,symmetry/flip/rotate,symmetry/flip/rotate,matches_cherrypick_unsafe_public,16.500971,4910.000000,0.000000,4910.000000,1.000000,19839.000000,3,3,293,293,10.000000,16.500971,4910.000000,afr1ste_5689_score_n3,0.000000,76,0.000000,0.241800,0.550000,0.660000,1.000000,1.413852,0.000000,0.149592,0.149592,not_run,0.000000,0.000000,0.000000,0.000000,candidate_v4,lb-verified-v4-anchor,13,,,,1.000000,high_init_ratio,0,0.000000,,0.000000,0.000000,in 10-10x10-10 -> out 10-10x10-10; pal 6->6,"train=3;test=1;shape_preserving,color_subset,color_superset,color_same,symmetry_candidate",Require semantic proof and pseudo-hidden audit; no raw public-source swap.,Require semantic proof and pseudo-hidden audit; no raw public-source swap.
task113,135,0,audit_before_swap,symmetry/flip/rotate,symmetry/flip/rotate,matches_cherrypick_unsafe_public,21.598803,30.000000,0.000000,30.000000,1.000000,499.000000,3,3,388,388,10.000000,21.598803,30.000000,afr1ste_5689_score_n3,0.000000,76,0.000000,0.241800,0.550000,0.660000,1.000000,1.127877,0.000000,0.149592,0.149592,not_run,0.000000,0.000000,0.000000,0.000000,candidate_v4,lb-verified-v4-anchor,14,,,,0.000000,,0,0.000000,,0.000000,0.000000,in 10-10x3-5 -> out 10-10x3-5; pal 4->4,"train=2;test=1;shape_preserving,color_subset,color_superset,color_same,symmetry_candidate",Require semantic proof and pseudo-hidden audit; no raw public-source swap.,Require semantic proof and pseudo-hidden audit; no raw public-source swap.
task122,136,0,audit_before_swap,symmetry/flip/rotate,symmetry/flip/rotate,matches_cherrypick_unsafe_public,17.171962,2510.000000,0.000000,2510.000000,1.000000,10236.000000,3,3,312,312,10.000000,17.171962,2510.000000,afr1ste_5689_score_n3,0.000000,76,0.000000,0.241800,0.550000,0.660000,1.000000,1.375980,0.000000,0.149592,0.149592,not_run,0.000000,0.000000,0.000000,0.000000,candidate_v4,lb-verified-v4-anchor,13,,,,1.000000,high_init_ratio,0,0.000000,,0.000000,0.000000,in 7-13x7-13 -> out 7-13x7-13; pal 3->3,"train=3;test=1;shape_preserving,color_subset,color_superset,color_same,symmetry_candidate",Require semantic proof and pseudo-hidden audit; no raw public-source swap.,Require semantic proof and pseudo-hidden audit; no raw public-source swap.
task181,137,0,audit_before_swap,symmetry/flip/rotate,symmetry/flip/rotate,matches_cherrypick_unsafe_public,17.914936,1194.000000,1108.000000,86.000000,21.000000,3083.000000,3,3,340,340,10.000000,17.914936,1194.000000,afr1ste_5689_score_n3,0.000000,76,0.000000,0.241800,0.550000,0.660000,1.000000,1.334058,0.000000,0.149592,0.149592,not_run,0.000000,0.000000,0.000000,0.000000,candidate_v4,lb-verified-v4-anchor,13,,,,0.000000,,0,0.000000,,0.000000,0.000000,in 6-6x9-9 -> out 6-6x9-9; pal 3->3,"train=3;test=1;shape_preserving,color_subset,color_superset,color_same,symmetry_candidate",Require semantic proof and pseudo-hidden audit; no raw public-source swap.,Require semantic proof and pseudo-hidden audit; no raw public-source swap.
task190,138,0,audit_before_swap,symmetry/flip/rotate,symmetry/flip/rotate,matches_cherrypick_unsafe_public,15.675974,11204.000000,11026.000000,178.000000,63.000000,8781.000000,3,3,234,234,10.000000,15.675974,11204.000000,afr1ste_5689_score_n3,0.000000,76,0.000000,0.241800,0.550000,0.660000,1.000000,1.460424,0.000000,0.149592,0.149592,not_run,0.000000,0.000000,0.000000,0.000000,candidate_v4,lb-verified-v4-anchor,13,,,,0.000000,,0,0.000000,,0.000000,0.000000,in 10-10x10-10 -> out 10-10x10-10; pal 4->4,"train=3;test=1;shape_preserving,color_subset,color_superset,color_same,symmetry_candidate",Require semantic proof and pseudo-hidden audit; no raw public-source swap.,Require semantic proof and pseudo-hidden audit; no raw public-source swap.
task353,139,0,audit_before_swap,symmetry/flip/rotate,symmetry/flip/rotate,matches_cherrypick_unsafe_public,16.403811,5411.000000,5186.000000,225.000000,31.000000,3244.000000,3,3,289,289,10.000000,16.403811,5411.000000,afr1ste_5689_score_n3,0.000000,76,0.000000,0.241800,0.550000,0.660000,1.000000,1.419337,0.000000,0.149592,0.149592,not_run,0.000000,0.000000,0.000000,0.000000,candidate_v4,lb-verified-v4-anchor,13,,,,0.000000,,0,0.000000,,0.000000,0.000000,in 3-11x3-11 -> out 3-11x3-11; pal 3->3,"train=7;test=2;shape_preserving,color_subset,color_superset,color_same,symmetry_candidate",Require semantic proof and pseudo-hidden audit; no raw public-source swap.,Require semantic proof and pseudo-hidden audit; no raw public-source swap.
task356,140,0,audit_before_swap,symmetry/flip/rotate,symmetry/flip/rotate,matches_cherrypick_unsafe_public,16.482407,5002.000000,4880.000000,122.000000,21.000000,2344.000000,3,3,292,292,10.000000,16.482407,5002.000000,afr1ste_5689_score_n3,0.000000,76,0.000000,0.241800,0.550000,0.660000,1.000000,1.414900,0.000000,0.149592,0.149592,not_run,0.000000,0.000000,0.000000,0.000000,candidate_v4,lb-verified-v4-anchor,13,,,,0.000000,,0,0.000000,,0.000000,0.000000,in 10-10x10-10 -> out 10-10x10-10; pal 2->2,"train=3;test=1;shape_preserving,color_subset,color_superset,color_same,symmetry_candidate",Require semantic proof and pseudo-hidden audit; no raw public-source swap.,Require semantic proof and pseudo-hidden audit; no raw public-source swap.
task385,141,0,audit_before_swap,symmetry/flip/rotate,symmetry/flip/rotate,matches_cherrypick_unsafe_public,21.598803,30.000000,0.000000,30.000000,1.000000,175.000000,3,3,394,394,10.000000,21.598803,30.000000,afr1ste_5689_score_n3,0.000000,76,0.000000,0.241800,0.550000,0.660000,1.000000,1.127877,0.000000,0.149592,0.149592,not_run,0.000000,0.000000,0.000000,0.000000,candidate_v4,lb-verified-v4-anchor,13,,,,1.000000,high_init_ratio,0,0.000000,,0.000000,0.000000,in 10-10x4-4 -> out 10-10x4-4; pal 6->6,"train=2;test=1;shape_preserving,color_subset,color_superset,color_same,symmetry_candidate",Require semantic proof and pseudo-hidden audit; no raw public-source swap.,Require semantic proof and pseudo-hidden audit; no raw public-source swap.
task138,142,0,compiler_golf,reduce,reduce,v4_plus10_changed,14.418504,39399.000000,39274.000000,125.000000,93.000000,5486.000000,3,3,126,126,4.000000,14.418504,39399.000000,candidate_v4_plus10_compiler2_score_n3,0.000000,76,0.205739,0.251440,0.520000,0.480000,0.984806,1.349415,0.051731,0.149194,0.149194,not_run,0.000000,0.000000,0.000000,0.000000,v4_plus10_compiler2_unique,lb-verified-current-anchor,0,,,,0.500000,fp16,0,0.205739,compiler_golf_probe_v2_candidates.csv: removed terminal Cast; graph output now onehot_b as BOOL[1x10x30x30],0.205738,1.614344,in 12-22x12-22 -> out 6-15x8-12; pal 7->7,"train=3;test=1;out_smaller,color_subset,color_superset,color_same,reduce",compiler +0.21 | Route to family DSL/compiler search; record any exact rule.,Route to family DSL/compiler search; record any exact rule.
task149,143,0,pseudo_hidden_first,reduce,reduce,,19.858336,171.000000,72.000000,99.000000,5.000000,1001.000000,3,3,384,384,5.000000,19.858336,171.000000,candidate_v4_plus10_compiler2_score_n3,0.000000,76,0.000000,0.275000,0.520000,0.640000,1.000000,1.266619,0.000000,0.148896,0.148896,not_run,0.000000,0.000000,0.000000,0.000000,v4_plus10_compiler2_unique,lb-verified-current-anchor,0,,build_task149_sparse_fused.py,task149_bool_fusion.md,0.000000,,0,0.000000,,-0.000000,3.402950,in 11-11x11-11 -> out 3-3x3-3; pal 3->2,"train=4;test=1;out_smaller,reduce",builder | Run or extend pseudo-hidden audit before using the builder.,Run or extend pseudo-hidden audit before using the builder.
task217,144,0,family_dsl,symmetry/flip/rotate,symmetry/flip/rotate,,15.206104,17924.000000,17901.000000,23.000000,18.000000,1350.000000,3,3,200,200,2.000000,15.206104,17924.000000,candidate_nadeem6252_plus_ours_38_score_n3,0.000000,76,0.000000,0.266600,0.520000,0.660000,1.000000,1.486950,0.000000,0.148878,0.148878,not_run,0.000000,0.000000,0.000000,0.000000,candidate_v4,lb-verified-v4-anchor,3,,,,0.500000,fp16,0,0.000000,,-0.000000,1.458457,in 9-9x9-9 -> out 9-9x9-9; pal 4->4,"train=3;test=1;shape_preserving,color_subset,color_superset,color_same,symmetry_candidate",Route to family DSL/compiler search; record any exact rule.,Route to family DSL/compiler search; record any exact rule.
task240,145,0,family_dsl,symmetry/flip/rotate,symmetry/flip/rotate,,14.993189,22177.000000,8442.000000,13735.000000,10.000000,39452.000000,3,3,181,181,2.000000,14.993189,22177.000000,candidate_v4_plus10_compiler2_score_n3,0.000000,76,0.000000,0.266600,0.520000,0.660000,1.000000,1.498970,0.000000,0.148878,0.148878,not_run,0.000000,0.000000,0.000000,0.000000,v4_plus10_compiler2_unique,lb-verified-current-anchor,0,,,,0.500000,fp16,0,0.000000,,-0.000000,0.766588,in 19-19x19-19 -> out 19-19x19-19; pal 6->6,"train=3;test=1;shape_preserving,color_subset,color_superset,color_same,symmetry_candidate",Route to family DSL/compiler search; record any exact rule.,Route to family DSL/compiler search; record any exact rule.
task184,146,0,family_dsl,reduce,reduce,,14.432408,38855.000000,28880.000000,9975.000000,71.000000,43202.000000,3,3,129,129,4.000000,14.432408,38855.000000,candidate_nadeem6252_plus_ours_38_score_n3,0.000000,76,0.475003,0.245040,0.560000,0.480000,0.984806,1.548630,0.116395,0.147960,0.147960,not_run,0.000000,0.000000,0.000000,0.000000,nadeem_6252,public-anchor-candidate,2,,,,0.500000,fp16,0,0.000000,,0.000000,0.129973,in 18-23x17-22 -> out 2-3x2-3; pal 8->7,"train=3;test=1;out_smaller,color_subset,reduce",Route to family DSL/compiler search; record any exact rule.,Route to family DSL/compiler search; record any exact rule.
task035,147,0,family_dsl,symmetry/flip/rotate,symmetry/flip/rotate,,15.360283,15363.000000,15312.000000,51.000000,38.000000,3707.000000,3,3,210,210,1.000000,15.360283,15363.000000,afr1ste_5689_score_n3,0.000000,76,0.000000,0.266600,0.520000,0.660000,1.000000,1.478246,0.000000,0.147739,0.147739,not_run,0.000000,0.000000,0.000000,0.000000,candidate_v4,lb-verified-v4-anchor,4,,,,0.500000,fp16,0,0.000000,,0.000000,0.514257,in 10-10x10-10 -> out 10-10x10-10; pal 9->9,"train=3;test=1;shape_preserving,color_subset,color_superset,color_same,symmetry_candidate",Route to family DSL/compiler search; record any exact rule.,Route to family DSL/compiler search; record any exact rule.
task117,148,0,family_dsl,symmetry/flip/rotate,symmetry/flip/rotate,,15.219584,17684.000000,17527.000000,157.000000,74.000000,10250.000000,3,3,201,201,1.000000,15.219584,17684.000000,candidate_v4_plus10_compiler2_score_n3,0.000000,76,0.000000,0.266600,0.520000,0.660000,1.000000,1.486189,0.000000,0.147739,0.147739,not_run,0.000000,0.000000,0.000000,0.000000,v4_plus10_compiler2_unique,lb-verified-current-anchor,0,,,,0.000000,,0,0.000000,,-0.000000,0.025789,in 12-14x12-14 -> out 12-14x12-14; pal 6->6,"train=3;test=1;shape_preserving,color_subset,color_superset,color_same,symmetry_candidate",Route to family DSL/compiler search; record any exact rule.,Route to family DSL/compiler search; record any exact rule.
task298,149,0,family_dsl,symmetry/flip/rotate,symmetry/flip/rotate,,15.390078,14912.000000,14378.000000,534.000000,35.000000,4436.000000,3,3,212,212,1.000000,15.390078,14912.000000,candidate_bio_t200_t084_score_n3,0.000000,76,0.000000,0.266600,0.520000,0.660000,1.000000,1.476563,0.000000,0.147739,0.147739,not_run,0.000000,0.000000,0.000000,0.000000,candidate_v4,lb-verified-v4-anchor,3,,,,0.500000,fp16,0,0.000000,,-0.000000,-0.000000,in 6-8x6-8 -> out 6-8x6-8; pal 7->7,"train=3;test=2;shape_preserving,color_subset,color_superset,color_same,symmetry_candidate",Route to family DSL/compiler search; record any exact rule.,Route to family DSL/compiler search; record any exact rule.
task361,150,0,family_dsl,symmetry/flip/rotate,symmetry/flip/rotate,,15.351856,15493.000000,15217.000000,276.000000,60.000000,6018.000000,3,3,208,208,1.000000,15.351856,15493.000000,candidate_nadeem6252_plus_ours_v3_score_n3,0.000000,76,0.000000,0.266600,0.520000,0.660000,1.000000,1.478721,0.000000,0.147739,0.147739,not_run,0.000000,0.000000,0.000000,0.000000,v4_plus10_compiler2_unique,lb-verified-current-anchor,0,,,,0.000000,,0,0.000000,,-0.000000,0.062547,in 10-10x10-10 -> out 10-10x10-10; pal 7->7,"train=3;test=1;shape_preserving,color_subset,color_superset,color_same,symmetry_candidate",Route to family DSL/compiler search; record any exact rule.,Route to family DSL/compiler search; record any exact rule.
task131,151,0,defer,other,other,,14.295633,44550.000000,43599.000000,951.000000,103.000000,7860.000000,3,3,119,119,5.000000,14.295633,44550.000000,afr1ste_5689_score_n3,0.000000,76,0.522874,0.246116,0.480000,0.360000,0.942319,1.568351,0.128688,0.147243,0.147243,not_run,0.000000,0.000000,0.000000,0.000000,candidate_v4,lb-verified-v4-anchor,8,,,,0.500000,fp16,0,0.000000,,0.000000,0.000000,in 4-17x5-16 -> out 4-17x5-16; pal 3->4,"train=3;test=1;shape_preserving,color_superset",Defer; revisit through family-level compiler rewrites or new public evidence.,Defer; revisit through family-level compiler rewrites or new public evidence.
task012,152,0,family_dsl,symmetry/flip/rotate,symmetry/flip/rotate,,15.556091,12631.000000,12528.000000,103.000000,14.000000,1906.000000,3,3,220,220,0.000000,15.556091,12631.000000,candidate_nadeem6252_plus_ours_v3_score_n3,0.000000,76,0.000000,0.266600,0.520000,0.660000,1.000000,1.467191,0.000000,0.146600,0.146600,not_run,0.000000,0.000000,0.000000,0.000000,v4_plus10_compiler2_unique,lb-verified-current-anchor,0,,,,0.500000,fp16,0,0.000000,,0.000000,0.087210,in 12-12x12-12 -> out 12-12x12-12; pal 5->5,"train=2;test=1;shape_preserving,color_subset,color_superset,color_same,symmetry_candidate",Route to family DSL/compiler search; record any exact rule.,Route to family DSL/compiler search; record any exact rule.
task028,153,0,family_dsl,symmetry/flip/rotate,symmetry/flip/rotate,,15.896132,8990.000000,8676.000000,314.000000,13.000000,1867.000000,3,3,253,253,0.000000,15.896132,8990.000000,afr1ste_5689_score_n3,0.000000,76,0.000000,0.266600,0.520000,0.660000,1.000000,1.447995,0.000000,0.146600,0.146600,not_run,0.000000,0.000000,0.000000,0.000000,candidate_v4,lb-verified-v4-anchor,5,,,,0.500000,fp16,0,0.000000,,0.000000,0.000000,in 10-10x10-10 -> out 10-10x10-10; pal 5->5,"train=2;test=1;shape_preserving,color_subset,color_superset,color_same,symmetry_candidate",Route to family DSL/compiler search; record any exact rule.,Route to family DSL/compiler search; record any exact rule.
task030,154,0,family_dsl,symmetry/flip/rotate,symmetry/flip/rotate,,15.772409,10174.000000,10004.000000,170.000000,64.000000,7091.000000,3,3,242,242,0.000000,15.772409,10174.000000,candidate_nadeem6252_plus_ours_v3_score_n3,0.000000,76,0.000000,0.266600,0.520000,0.660000,1.000000,1.454979,0.000000,0.146600,0.146600,not_run,0.000000,0.000000,0.000000,0.000000,candidate_v4,lb-verified-v4-anchor,1,,,,0.500000,fp16,0,0.000000,,-0.000000,1.521486,in 5-10x10-10 -> out 5-10x10-10; pal 4->4,"train=3;test=1;shape_preserving,color_subset,color_superset,color_same,symmetry_candidate",Route to family DSL/compiler search; record any exact rule.,Route to family DSL/compiler search; record any exact rule.
task041,155,0,family_dsl,symmetry/flip/rotate,symmetry/flip/rotate,,15.626776,11769.000000,11740.000000,29.000000,20.000000,2110.000000,3,3,230,230,0.000000,15.626776,11769.000000,afr1ste_5689_score_n3,0.000000,76,0.000000,0.266600,0.520000,0.660000,1.000000,1.463201,0.000000,0.146600,0.146600,not_run,0.000000,0.000000,0.000000,0.000000,candidate_v4,lb-verified-v4-anchor,4,,,,0.000000,,0,0.000000,,0.000000,0.327351,in 10-10x10-10 -> out 10-10x10-10; pal 6->6,"train=3;test=1;shape_preserving,color_subset,color_superset,color_same,symmetry_candidate",Route to family DSL/compiler search; record any exact rule.,Route to family DSL/compiler search; record any exact rule.
task045,156,0,family_dsl,symmetry/flip/rotate,symmetry/flip/rotate,,16.087392,7425.000000,7400.000000,25.000000,14.000000,980.000000,3,3,270,270,0.000000,16.087392,7425.000000,candidate_nadeem6252_plus_ours_v3_score_n3,0.000000,76,0.000000,0.266600,0.520000,0.660000,1.000000,1.437198,0.000000,0.146600,0.146600,not_run,0.000000,0.000000,0.000000,0.000000,v4_plus10_compiler2_unique,lb-verified-current-anchor,0,,,,0.000000,,0,0.000000,,-0.000000,0.046961,in 10-10x10-10 -> out 10-10x10-10; pal 9->9,"train=3;test=1;shape_preserving,color_subset,color_superset,color_same,symmetry_candidate",Route to family DSL/compiler search; record any exact rule.,Route to family DSL/compiler search; record any exact rule.
task136,157,0,family_dsl,symmetry/flip/rotate,symmetry/flip/rotate,,16.515950,4837.000000,4700.000000,137.000000,25.000000,2845.000000,3,3,294,294,0.000000,16.515950,4837.000000,candidate_nadeem6252_plus_ours_38_score_n3,0.000000,76,0.000000,0.266600,0.520000,0.660000,1.000000,1.413007,0.000000,0.146600,0.146600,not_run,0.000000,0.000000,0.000000,0.000000,candidate_v4,lb-verified-v4-anchor,3,,,,0.500000,fp16,0,0.000000,,-0.000000,0.944060,in 10-10x10-10 -> out 10-10x10-10; pal 3->3,"train=3;test=1;shape_preserving,color_subset,color_superset,color_same,symmetry_candidate",Route to family DSL/compiler search; record any exact rule.,Route to family DSL/compiler search; record any exact rule.
task248,158,0,family_dsl,symmetry/flip/rotate,symmetry/flip/rotate,,16.122200,7171.000000,7132.000000,39.000000,23.000000,2311.000000,3,3,273,273,0.000000,16.208058,6581.000000,afr1ste_5689_score_n3,0.085858,76,0.000000,0.266600,0.520000,0.660000,1.000000,1.435233,0.000000,0.146600,0.146600,not_run,0.000000,0.000000,0.000000,0.000000,v4_plus10_compiler2_unique,lb-verified-current-anchor,0,,,,0.000000,,0,0.000000,,0.000000,0.001255,in 10-10x2-4 -> out 10-10x2-4; pal 2->2,"train=3;test=1;shape_preserving,color_subset,color_superset,color_same,symmetry_candidate",best-seen +0.09 | Route to family DSL/compiler search; record any exact rule.,Route to family DSL/compiler search; record any exact rule.
task322,159,0,family_dsl,symmetry/flip/rotate,symmetry/flip/rotate,,18.237270,865.000000,864.000000,1.000000,7.000000,515.000000,3,3,362,362,0.000000,18.237270,865.000000,candidate_nadeem6252_plus_ours_v3_score_n3,0.000000,76,0.000000,0.266600,0.520000,0.660000,1.000000,1.315877,0.000000,0.146600,0.146600,not_run,0.000000,0.000000,0.000000,0.000000,candidate_v4,lb-verified-v4-anchor,1,,,,0.500000,fp16,0,0.000000,,-0.000000,0.190954,in 3-3x3-3 -> out 3-3x3-3; pal 7->7,"train=3;test=1;shape_preserving,color_subset,color_superset,color_same,symmetry_candidate",Route to family DSL/compiler search; record any exact rule.,Route to family DSL/compiler search; record any exact rule.
task345,160,0,family_dsl,symmetry/flip/rotate,symmetry/flip/rotate,,15.631289,11716.000000,9860.000000,1856.000000,89.000000,10079.000000,3,3,231,231,0.000000,15.631289,11716.000000,candidate_nadeem6252_plus_ours_38_score_n3,0.000000,76,0.000000,0.266600,0.520000,0.660000,1.000000,1.462946,0.000000,0.146600,0.146600,not_run,0.000000,0.000000,0.000000,0.000000,candidate_v4,lb-verified-v4-anchor,3,,,,0.500000,fp16,0,0.000000,,-0.000000,1.349145,in 10-10x10-10 -> out 10-10x10-10; pal 3->3,"train=2;test=1;shape_preserving,color_subset,color_superset,color_same,symmetry_candidate",Route to family DSL/compiler search; record any exact rule.,Route to family DSL/compiler search; record any exact rule.
task373,161,0,family_dsl,symmetry/flip/rotate,symmetry/flip/rotate,,18.738508,524.000000,520.000000,4.000000,9.000000,581.000000,3,3,374,374,0.000000,18.738508,524.000000,candidate_nadeem6252_plus_ours_38_score_n3,0.000000,76,0.000000,0.266600,0.520000,0.660000,1.000000,1.287621,0.000000,0.146600,0.146600,not_run,0.000000,0.000000,0.000000,0.000000,candidate_v4,lb-verified-v4-anchor,3,,,,0.500000,fp16,0,0.000000,,-0.000000,0.179455,in 2-2x6-6 -> out 2-2x6-6; pal 4->4,"train=2;test=1;shape_preserving,color_subset,color_superset,color_same,symmetry_candidate",Route to family DSL/compiler search; record any exact rule.,Route to family DSL/compiler search; record any exact rule.
task075,162,0,family_dsl,color_remap,color_remap,,14.742797,28487.000000,28430.000000,57.000000,57.000000,6812.000000,3,3,159,159,3.000000,14.742797,28487.000000,afr1ste_5689_score_n3,0.000000,76,0.000000,0.270801,0.480000,0.720000,0.860022,1.507106,0.000000,0.146222,0.146222,not_run,0.000000,0.000000,0.000000,0.000000,candidate_v4,lb-verified-v4-anchor,8,,,,0.500000,fp16,0,0.000000,,0.000000,0.000000,in 9-9x13-13 -> out 9-9x13-13; pal 10->9,"train=3;test=1;shape_preserving,color_subset,color_remap",Route to family DSL/compiler search; record any exact rule.,Route to family DSL/compiler search; record any exact rule.
task300,163,0,family_dsl,crop,crop,,13.741373,77546.000000,77438.000000,108.000000,43.000000,4454.000000,3,3,68,68,7.000000,13.741373,77546.000000,candidate_nadeem6252_plus_ours_38_score_n3,0.000000,76,0.716865,0.241418,0.560000,0.580000,0.752357,1.577643,0.173064,0.145533,0.145533,not_run,0.000000,0.000000,0.000000,0.000000,nadeem_6252,public-anchor-candidate,2,,,,0.500000,fp16,0,0.000000,,-0.000000,0.000373,in 5-7x9-13 -> out 3-4x2-3; pal 8->4,"train=4;test=1;crop,out_smaller,color_subset",Route to family DSL/compiler search; record any exact rule.,Route to family DSL/compiler search; record any exact rule.
task002,164,0,defer,other,other,,13.514518,97293.000000,97200.000000,93.000000,95.000000,14560.000000,3,3,43,43,7.000000,13.514518,97293.000000,candidate_nadeem6252_plus_ours_38_score_n3,0.000000,76,0.796265,0.233316,0.560000,0.360000,0.942319,1.612451,0.185781,0.145361,0.145361,not_run,0.000000,0.000000,0.000000,0.000000,nadeem_6252,public-anchor-candidate,2,,,,0.500000,fp16,0,0.000000,,0.000000,0.004103,in 6-20x6-20 -> out 6-20x6-20; pal 2->3,"train=5;test=1;shape_preserving,color_superset",Defer; revisit through family-level compiler rewrites or new public evidence.,Defer; revisit through family-level compiler rewrites or new public evidence.
task143,165,0,family_dsl,color_remap,color_remap,,15.124860,19441.000000,19384.000000,57.000000,24.000000,2144.000000,3,3,196,196,2.000000,15.124860,19441.000000,afr1ste_5689_score_n3,0.000000,76,0.000000,0.270801,0.480000,0.720000,0.860022,1.485536,0.000000,0.145082,0.145082,not_run,0.000000,0.000000,0.000000,0.000000,candidate_v4,lb-verified-v4-anchor,8,,,,0.500000,fp16,0,0.000000,,-0.000000,-0.000000,in 10-10x10-10 -> out 10-10x10-10; pal 9->8,"train=3;test=1;shape_preserving,color_subset,color_remap",Route to family DSL/compiler search; record any exact rule.,Route to family DSL/compiler search; record any exact rule.
task070,166,0,audit_before_swap,other,other,public_slowest;matches_cherrypick_unsafe_public,13.900501,66138.000000,66060.000000,78.000000,71.000000,11844.000000,3,3,83,83,16.000000,13.900501,66138.000000,afr1ste_5689_score_n3,0.000000,76,0.661171,0.214916,0.550000,0.360000,0.942319,1.590659,0.142096,0.144178,0.144178,not_run,0.000000,0.000000,0.000000,0.000000,candidate_v4,lb-verified-v4-anchor,13,,,,0.500000,fp16,0,0.000000,,-0.000000,-0.000000,in 17-17x17-17 -> out 17-17x17-17; pal 3->4,"train=3;test=1;shape_preserving,color_superset",Require semantic proof and pseudo-hidden audit; no raw public-source swap.,Require semantic proof and pseudo-hidden audit; no raw public-source swap.
task377,167,0,compiler_golf,reduce,reduce,v4_plus10_changed,14.175752,50224.000000,49240.000000,984.000000,195.000000,15257.000000,3,3,108,108,5.000000,14.175752,50224.000000,candidate_v4_plus10_compiler2_score_n3,0.000000,76,0.164834,0.251440,0.520000,0.480000,0.984806,1.363120,0.041446,0.143926,0.143926,not_run,0.000000,0.000000,0.000000,0.000000,v4_plus10_compiler2_unique,lb-verified-current-anchor,0,,,,0.500000,fp16,0,0.164834,compiler_golf_probe_v2_candidates.csv: removed terminal Cast; graph output now out_bool as BOOL[1x10x30x30],0.164834,0.256062,in 21-23x22-27 -> out 3-7x3-7; pal 6->6,"train=3;test=1;out_smaller,color_subset,color_superset,color_same,reduce",compiler +0.16 | Route to family DSL/compiler search; record any exact rule.,Route to family DSL/compiler search; record any exact rule.
task090,168,0,audit_before_swap,other,other,matches_cherrypick_unsafe_public,13.943507,63354.000000,63250.000000,104.000000,246.000000,19660.000000,3,3,89,89,16.000000,13.943507,63354.000000,afr1ste_5689_score_n3,0.000000,76,0.646118,0.214916,0.550000,0.360000,0.942319,1.588232,0.138861,0.143133,0.143133,not_run,0.000000,0.000000,0.000000,0.000000,candidate_v4,lb-verified-v4-anchor,13,,,,0.500000,fp16,0,0.000000,,0.000000,0.000000,in 2-4x20-30 -> out 2-4x20-30; pal 3->4,"train=4;test=1;shape_preserving,color_superset",Require semantic proof and pseudo-hidden audit; no raw public-source swap.,Require semantic proof and pseudo-hidden audit; no raw public-source swap.
task162,169,0,audit_before_swap,other,other,matches_cherrypick_unsafe_public,13.944502,63291.000000,63248.000000,43.000000,19.000000,2268.000000,3,3,90,90,16.000000,13.944502,63291.000000,afr1ste_5689_score_n3,0.000000,76,0.645770,0.214916,0.550000,0.360000,0.942319,1.588175,0.138786,0.143108,0.143108,not_run,0.000000,0.000000,0.000000,0.000000,candidate_v4,lb-verified-v4-anchor,13,,,,0.500000,fp16,0,0.000000,,0.000000,0.000000,in 20-20x20-20 -> out 20-20x20-20; pal 4->5,"train=3;test=1;shape_preserving,color_superset",Require semantic proof and pseudo-hidden audit; no raw public-source swap.,Require semantic proof and pseudo-hidden audit; no raw public-source swap.
task068,170,0,family_dsl,color_remap,color_remap,,15.559421,12589.000000,12562.000000,27.000000,24.000000,1602.000000,3,3,222,222,0.000000,15.559421,12589.000000,afr1ste_5689_score_n3,0.000000,76,0.000000,0.270801,0.480000,0.720000,0.860022,1.461003,0.000000,0.142804,0.142804,not_run,0.000000,0.000000,0.000000,0.000000,candidate_v4,lb-verified-v4-anchor,8,,,,0.500000,fp16,0,0.000000,,-0.000000,-0.000000,in 10-10x10-10 -> out 10-10x10-10; pal 10->5,"train=3;test=1;shape_preserving,color_subset,color_remap",Route to family DSL/compiler search; record any exact rule.,Route to family DSL/compiler search; record any exact rule.
task260,171,0,family_dsl,color_remap,color_remap,,15.568598,12474.000000,12332.000000,142.000000,28.000000,2263.000000,3,3,223,223,0.000000,15.568598,12474.000000,afr1ste_5689_score_n3,0.000000,76,0.000000,0.270801,0.480000,0.720000,0.860022,1.460485,0.000000,0.142804,0.142804,not_run,0.000000,0.000000,0.000000,0.000000,candidate_v4,lb-verified-v4-anchor,8,,,,0.500000,fp16,0,0.000000,,-0.000000,-0.000000,in 10-10x10-10 -> out 10-10x10-10; pal 5->4,"train=3;test=1;shape_preserving,color_subset,color_remap",Route to family DSL/compiler search; record any exact rule.,Route to family DSL/compiler search; record any exact rule.
task329,172,0,family_dsl,color_remap,color_remap,,15.763992,10260.000000,10214.000000,46.000000,21.000000,1652.000000,3,3,241,241,0.000000,15.763992,10260.000000,afr1ste_5689_score_n3,0.000000,76,0.000000,0.270801,0.480000,0.720000,0.860022,1.449455,0.000000,0.142804,0.142804,not_run,0.000000,0.000000,0.000000,0.000000,candidate_v4,lb-verified-v4-anchor,8,,,,0.500000,fp16,0,0.000000,,0.000000,0.000000,in 3-5x3-5 -> out 3-5x3-5; pal 10->6,"train=3;test=1;shape_preserving,color_subset,color_remap",Route to family DSL/compiler search; record any exact rule.,Route to family DSL/compiler search; record any exact rule.
task342,173,0,family_dsl,color_remap,color_remap,,15.594669,12153.000000,11916.000000,237.000000,40.000000,3200.000000,3,3,226,226,0.000000,15.594669,12153.000000,afr1ste_5689_score_n3,0.000000,76,0.000000,0.270801,0.480000,0.720000,0.860022,1.459014,0.000000,0.142804,0.142804,not_run,0.000000,0.000000,0.000000,0.000000,candidate_v4,lb-verified-v4-anchor,7,,,,0.500000,fp16,0,0.000000,,0.000000,0.000000,in 10-10x10-10 -> out 10-10x10-10; pal 10->9,"train=3;test=1;shape_preserving,color_subset,color_remap",Route to family DSL/compiler search; record any exact rule.,Route to family DSL/compiler search; record any exact rule.
task185,174,0,audit_before_swap,reduce,reduce,matches_cherrypick_unsafe_public,14.004858,59584.000000,59517.000000,67.000000,242.000000,18881.000000,3,3,94,94,16.000000,14.004858,59584.000000,biohack44_super_score_n3,0.000000,76,0.624646,0.210640,0.650000,0.480000,0.984806,1.572768,0.131576,0.141105,0.141105,not_run,0.000000,0.000000,0.000000,0.000000,candidate_v4,lb-verified-v4-anchor,5,,,,0.500000,has_lookup_ops,1,0.000000,,0.000000,0.241213,in 27-29x27-29 -> out 3-3x3-3; pal 7->6,"train=4;test=1;out_smaller,color_subset,reduce",Require semantic proof and pseudo-hidden audit; no raw public-source swap.,Require semantic proof and pseudo-hidden audit; no raw public-source swap.
task027,175,0,defer,other,other,,14.486991,36791.000000,29573.000000,7218.000000,25.000000,16205.000000,3,3,133,133,4.000000,14.486991,36791.000000,afr1ste_5689_score_n3,0.000000,76,0.455899,0.246116,0.480000,0.360000,0.942319,1.557548,0.112204,0.140596,0.140596,not_run,0.000000,0.000000,0.000000,0.000000,candidate_v4,lb-verified-v4-anchor,8,,,,1.500000,high_init_ratio;fp16,0,0.000000,,-0.000000,-0.000000,in 10-10x10-10 -> out 10-10x10-10; pal 2->3,"train=3;test=1;shape_preserving,color_superset",Defer; revisit through family-level compiler rewrites or new public evidence.,Defer; revisit through family-level compiler rewrites or new public evidence.
task270,176,0,family_dsl,symmetry/flip/rotate,symmetry/flip/rotate,,14.785321,27301.000000,26116.000000,1185.000000,96.000000,13845.000000,3,3,160,160,3.000000,14.785321,27301.000000,candidate_nadeem6252_plus_ours_38_score_n3,0.000000,76,0.000000,0.260200,0.560000,0.660000,1.000000,1.510705,0.000000,0.138818,0.138818,not_run,0.000000,0.000000,0.000000,0.000000,nadeem_6252,public-anchor-candidate,2,,,,0.500000,fp16,0,0.000000,,-0.000000,0.051540,in 15-15x15-15 -> out 15-15x15-15; pal 5->5,"train=3;test=1;shape_preserving,color_subset,color_superset,color_same,symmetry_candidate",Route to family DSL/compiler search; record any exact rule.,Route to family DSL/compiler search; record any exact rule.
task390,177,0,family_dsl,symmetry/flip/rotate,symmetry/flip/rotate,,14.885765,24692.000000,23724.000000,968.000000,43.000000,4736.000000,3,3,171,171,3.000000,14.885765,24692.000000,candidate_nadeem6252_plus_ours_38_score_n3,0.000000,76,0.000000,0.260200,0.560000,0.660000,1.000000,1.505035,0.000000,0.138818,0.138818,not_run,0.000000,0.000000,0.000000,0.000000,nadeem_6252,public-anchor-candidate,2,,,,0.500000,fp16,0,0.000000,,-0.000000,0.001173,in 15-15x15-15 -> out 15-15x15-15; pal 3->3,"train=3;test=1;shape_preserving,color_subset,color_superset,color_same,symmetry_candidate",Route to family DSL/compiler search; record any exact rule.,Route to family DSL/compiler search; record any exact rule.
task278,178,0,defer,other,other,,14.554682,34383.000000,34020.000000,363.000000,16.000000,2285.000000,3,3,139,139,4.000000,14.554682,34383.000000,afr1ste_5689_score_n3,0.000000,76,0.432207,0.246116,0.480000,0.360000,0.942319,1.553726,0.106373,0.138629,0.138629,not_run,0.000000,0.000000,0.000000,0.000000,candidate_v4,lb-verified-v4-anchor,8,,,,0.500000,fp16,0,0.000000,,-0.000000,-0.000000,in 15-15x16-18 -> out 15-15x16-18; pal 2->3,"train=2;test=1;shape_preserving,color_superset",Defer; revisit through family-level compiler rewrites or new public evidence.,Defer; revisit through family-level compiler rewrites or new public evidence.
task168,179,0,family_dsl,symmetry/flip/rotate,symmetry/flip/rotate,,15.076563,20403.000000,20218.000000,185.000000,45.000000,4620.000000,3,3,191,191,2.000000,15.076563,20403.000000,candidate_nadeem6252_plus_ours_38_score_n3,0.000000,76,0.000000,0.260200,0.560000,0.660000,1.000000,1.494263,0.000000,0.137678,0.137678,not_run,0.000000,0.000000,0.000000,0.000000,nadeem_6252,public-anchor-candidate,2,,,,0.500000,fp16,0,0.000000,,0.000000,0.004889,in 10-10x10-10 -> out 10-10x10-10; pal 3->3,"train=2;test=1;shape_preserving,color_subset,color_superset,color_same,symmetry_candidate",Route to family DSL/compiler search; record any exact rule.,Route to family DSL/compiler search; record any exact rule.
task074,180,0,audit_before_swap,color_remap,color_remap,public_slowest;matches_cherrypick_unsafe_public,15.009189,21825.000000,21780.000000,45.000000,18.000000,1824.000000,3,3,184,184,12.000000,15.009189,21825.000000,afr1ste_5689_score_n3,0.000000,76,0.000000,0.239601,0.550000,0.720000,0.860022,1.492067,0.000000,0.136875,0.136875,not_run,0.000000,0.000000,0.000000,0.000000,candidate_v4,lb-verified-v4-anchor,13,,,,0.000000,,0,0.000000,,0.000000,0.000000,in 30-30x30-30 -> out 30-30x30-30; pal 10->9,"train=4;test=1;shape_preserving,color_subset,color_remap",Require semantic proof and pseudo-hidden audit; no raw public-source swap.,Require semantic proof and pseudo-hidden audit; no raw public-source swap.
task196,181,0,defer,other,other,,14.618975,32242.000000,32175.000000,67.000000,31.000000,2417.000000,3,3,144,144,4.000000,14.618975,32242.000000,afr1ste_5689_score_n3,0.000000,76,0.409705,0.246116,0.480000,0.360000,0.942319,1.550097,0.100835,0.136752,0.136752,not_run,0.000000,0.000000,0.000000,0.000000,candidate_v4,lb-verified-v4-anchor,8,,,,0.500000,fp16,0,0.000000,,0.000000,0.000000,in 9-15x9-15 -> out 9-15x9-15; pal 2->3,"train=3;test=1;shape_preserving,color_superset",Defer; revisit through family-level compiler rewrites or new public evidence.,Defer; revisit through family-level compiler rewrites or new public evidence.
task212,182,0,family_dsl,symmetry/flip/rotate,symmetry/flip/rotate,public_slowest,15.792664,9970.000000,9832.000000,138.000000,53.000000,4512.000000,3,3,245,245,0.000000,15.792764,9969.000000,afr1ste_5689_score_n3,0.000100,76,0.000000,0.260200,0.560000,0.660000,1.000000,1.453836,0.000000,0.135400,0.135400,not_run,0.000000,0.000000,0.000000,0.000000,nadeem_6252,public-anchor-candidate,2,,,,0.500000,fp16,0,0.000000,,-0.000000,0.009881,in 10-10x10-10 -> out 10-10x10-10; pal 4->4,"train=2;test=1;shape_preserving,color_subset,color_superset,color_same,symmetry_candidate",Route to family DSL/compiler search; record any exact rule.,Route to family DSL/compiler search; record any exact rule.
task225,183,0,family_dsl,symmetry/flip/rotate,symmetry/flip/rotate,,15.687284,11078.000000,10428.000000,650.000000,40.000000,5688.000000,3,3,236,236,0.000000,15.687284,11078.000000,afr1ste_5689_score_n3,0.000000,76,0.000000,0.260200,0.560000,0.660000,1.000000,1.459785,0.000000,0.135400,0.135400,not_run,0.000000,0.000000,0.000000,0.000000,nadeem_6252,public-anchor-candidate,3,,,,0.500000,fp16,0,0.000000,,0.000000,0.014518,in 6-6x6-6 -> out 6-6x6-6; pal 10->10,"train=3;test=1;shape_preserving,color_subset,color_superset,color_same,symmetry_candidate",Route to family DSL/compiler search; record any exact rule.,Route to family DSL/compiler search; record any exact rule.
task250,184,0,family_dsl,symmetry/flip/rotate,symmetry/flip/rotate,,15.595657,12141.000000,12072.000000,69.000000,129.000000,7749.000000,3,3,227,227,0.000000,15.595657,12141.000000,candidate_nadeem6252_plus_ours_38_score_n3,0.000000,76,0.000000,0.260200,0.560000,0.660000,1.000000,1.464958,0.000000,0.135400,0.135400,not_run,0.000000,0.000000,0.000000,0.000000,nadeem_6252,public-anchor-candidate,2,,,,0.500000,fp16,0,0.000000,,0.000000,0.098742,in 10-10x10-10 -> out 10-10x10-10; pal 3->3,"train=2;test=1;shape_preserving,color_subset,color_superset,color_same,symmetry_candidate",Route to family DSL/compiler search; record any exact rule.,Route to family DSL/compiler search; record any exact rule.
task014,185,0,family_dsl,crop,crop,,14.427427,39049.000000,38399.000000,650.000000,42.000000,5317.000000,3,3,127,127,4.000000,14.427427,39049.000000,candidate_nadeem6252_plus_ours_38_score_n3,0.000000,76,0.476746,0.247818,0.520000,0.580000,0.752357,1.538911,0.118146,0.135206,0.135206,not_run,0.000000,0.000000,0.000000,0.000000,candidate_v4,lb-verified-v4-anchor,3,,,,0.000000,,0,0.000000,,-0.000000,0.650615,in 18-21x17-21 -> out 7-10x6-10; pal 6->4,"train=3;test=1;crop,out_smaller,color_subset",Route to family DSL/compiler search; record any exact rule.,Route to family DSL/compiler search; record any exact rule.
task163,186,0,family_dsl,color_remap,color_remap,,14.916318,23949.000000,22294.000000,1655.000000,68.000000,10270.000000,3,3,173,173,3.000000,14.916318,23949.000000,candidate_bio_t200_t084_score_n3,0.000000,76,0.000000,0.264401,0.520000,0.720000,0.860022,1.497310,0.000000,0.135022,0.135022,not_run,0.000000,0.000000,0.000000,0.000000,candidate_v4,lb-verified-v4-anchor,3,,,,0.500000,fp16,0,0.000000,,-0.000000,-0.000000,in 11-11x11-11 -> out 11-11x11-11; pal 10->9,"train=4;test=1;shape_preserving,color_subset,color_remap",Route to family DSL/compiler search; record any exact rule.,Route to family DSL/compiler search; record any exact rule.
task029,187,0,audit_before_swap,crop,crop,matches_cherrypick_unsafe_public,13.516328,97117.000000,96947.000000,170.000000,88.000000,13589.000000,3,3,44,44,17.000000,13.516328,97117.000000,biohack44_super_score_n3,0.000000,76,0.795631,0.210218,0.630000,0.580000,0.752357,1.590349,0.167256,0.134834,0.134834,not_run,0.000000,0.000000,0.000000,0.000000,nadeem_6252,public-anchor-candidate,4,,,,0.500000,fp16,0,0.000000,,-0.000000,0.012890,in 13-23x16-21 -> out 5-8x3-10; pal 9->8,"train=3;test=1;crop,out_smaller,color_subset",Require semantic proof and pseudo-hidden audit; no raw public-source swap.,Require semantic proof and pseudo-hidden audit; no raw public-source swap.
task214,188,0,audit_before_swap,color_remap,color_remap,matches_cherrypick_unsafe_public,17.504458,1800.000000,0.000000,1800.000000,1.000000,7454.000000,3,3,327,327,10.000000,17.504458,1800.000000,afr1ste_5689_score_n3,0.000000,76,0.000000,0.239601,0.550000,0.720000,0.860022,1.351217,0.000000,0.134596,0.134596,not_run,0.000000,0.000000,0.000000,0.000000,candidate_v4,lb-verified-v4-anchor,14,,,,1.000000,high_init_ratio,0,0.000000,,-0.000000,-0.000000,in 3-3x11-11 -> out 3-3x11-11; pal 9->8,"train=3;test=1;shape_preserving,color_subset,color_remap",Require semantic proof and pseudo-hidden audit; no raw public-source swap.,Require semantic proof and pseudo-hidden audit; no raw public-source swap.
task305,189,0,audit_before_swap,color_remap,color_remap,matches_cherrypick_unsafe_public,16.718023,3952.000000,3668.000000,284.000000,6.000000,1865.000000,3,3,302,302,10.000000,16.718023,3952.000000,afr1ste_5689_score_n3,0.000000,76,0.000000,0.239601,0.550000,0.720000,0.860022,1.395600,0.000000,0.134596,0.134596,not_run,0.000000,0.000000,0.000000,0.000000,candidate_v4,lb-verified-v4-anchor,13,,,,0.000000,,0,0.000000,,0.000000,0.000000,in 16-16x16-16 -> out 16-16x16-16; pal 8->7,"train=3;test=1;shape_preserving,color_subset,color_remap",Require semantic proof and pseudo-hidden audit; no raw public-source swap.,Require semantic proof and pseudo-hidden audit; no raw public-source swap.
task312,190,0,audit_before_swap,color_remap,color_remap,matches_cherrypick_unsafe_public,15.791762,9979.000000,9960.000000,19.000000,8.000000,1202.000000,3,3,244,244,10.000000,15.791762,9979.000000,afr1ste_5689_score_n3,0.000000,76,0.000000,0.239601,0.550000,0.720000,0.860022,1.447887,0.000000,0.134596,0.134596,not_run,0.000000,0.000000,0.000000,0.000000,candidate_v4,lb-verified-v4-anchor,13,,,,0.000000,,0,0.000000,,0.000000,0.000000,in 12-12x12-12 -> out 12-12x12-12; pal 6->5,"train=2;test=1;shape_preserving,color_subset,color_remap",Require semantic proof and pseudo-hidden audit; no raw public-source swap.,Require semantic proof and pseudo-hidden audit; no raw public-source swap.
task287,191,0,family_dsl,color_remap,color_remap,,14.975800,22566.000000,22528.000000,38.000000,22.000000,1686.000000,3,3,179,179,2.000000,14.975800,22566.000000,afr1ste_5689_score_n3,0.000000,76,0.000000,0.264401,0.520000,0.720000,0.860022,1.493952,0.000000,0.133882,0.133882,not_run,0.000000,0.000000,0.000000,0.000000,candidate_v4,lb-verified-v4-anchor,5,,,,0.000000,,0,0.000000,,-0.000000,-0.000000,in 16-16x16-16 -> out 16-16x16-16; pal 9->8,"train=4;test=1;shape_preserving,color_subset,color_remap",Route to family DSL/compiler search; record any exact rule.,Route to family DSL/compiler search; record any exact rule.
task086,192,0,family_dsl,symmetry/flip/rotate,symmetry/flip/rotate,,14.885239,24705.000000,24480.000000,225.000000,42.000000,4384.000000,3,3,170,170,3.000000,14.885239,24705.000000,candidate_bio_t200_t084_score_n3,0.000000,76,0.000000,0.257000,0.580000,0.660000,1.000000,1.505064,0.000000,0.133218,0.133218,not_run,0.000000,0.000000,0.000000,0.000000,candidate_v4,lb-verified-v4-anchor,3,,,,1.000000,has_lookup_ops;fp16,1,0.000000,,-0.000000,-0.000000,in 10-10x10-10 -> out 10-10x10-10; pal 7->7,"train=3;test=1;shape_preserving,color_subset,color_superset,color_same,symmetry_candidate",Route to family DSL/compiler search; record any exact rule.,Route to family DSL/compiler search; record any exact rule.
task343,193,0,family_dsl,symmetry/flip/rotate,symmetry/flip/rotate,,14.741254,28531.000000,28162.000000,369.000000,86.000000,8142.000000,3,3,158,158,3.000000,14.741254,28531.000000,candidate_bio_t200_t084_score_n3,0.000000,76,0.000000,0.257000,0.580000,0.660000,1.000000,1.513193,0.000000,0.133218,0.133218,not_run,0.000000,0.000000,0.000000,0.000000,candidate_v4,lb-verified-v4-anchor,3,,,,1.000000,has_lookup_ops;fp16,1,0.000000,,0.000000,0.000000,in 5-5x15-15 -> out 5-5x15-15; pal 5->5,"train=3;test=1;shape_preserving,color_subset,color_superset,color_same,symmetry_candidate",Route to family DSL/compiler search; record any exact rule.,Route to family DSL/compiler search; record any exact rule.
task354,194,0,family_dsl,color_remap,color_remap,,15.258620,17007.000000,16860.000000,147.000000,22.000000,2710.000000,3,3,202,202,1.000000,15.258620,17007.000000,afr1ste_5689_score_n3,0.000000,76,0.000000,0.264401,0.520000,0.720000,0.860022,1.477985,0.000000,0.132743,0.132743,not_run,0.000000,0.000000,0.000000,0.000000,candidate_v4,lb-verified-v4-anchor,4,,,,0.500000,fp16,0,0.000000,,0.000000,0.605222,in 10-10x10-10 -> out 10-10x10-10; pal 8->7,"train=3;test=1;shape_preserving,color_subset,color_remap",Route to family DSL/compiler search; record any exact rule.,Route to family DSL/compiler search; record any exact rule.
task084,195,0,audit_before_swap,other,other,matches_cherrypick_unsafe_public,15.121164,19513.000000,19400.000000,113.000000,23.000000,2820.000000,3,3,195,195,17.000000,15.121164,19513.000000,afr1ste_5689_score_n3,0.000000,77,0.000000,0.270216,0.550000,0.520000,0.992319,1.425745,0.000000,0.132385,0.132385,not_run,0.000000,0.000000,0.000000,0.000000,candidate_v4,lb-verified-v4-anchor,12,,build_task084.py,task084_handbuild_score.csv,0.000000,,0,0.000000,,0.000000,0.000000,in 3-15x3-15 -> out 3-15x3-15; pal 4->6,"train=3;test=1;shape_preserving,color_superset",builder | Require semantic proof and pseudo-hidden audit; no raw public-source swap.,Require semantic proof and pseudo-hidden audit; no raw public-source swap.
task091,196,0,family_dsl,crop,crop,,14.151323,51466.000000,51388.000000,78.000000,43.000000,4393.000000,3,3,106,106,5.000000,14.151323,51466.000000,candidate_nadeem6252_plus_ours_38_score_n3,0.000000,76,0.573383,0.241418,0.560000,0.580000,0.752357,1.554499,0.138425,0.131897,0.131897,not_run,0.000000,0.000000,0.000000,0.000000,nadeem_6252,public-anchor-candidate,2,,,,0.000000,,0,0.000000,,-0.000000,0.000563,in 9-11x9-13 -> out 5-6x5-7; pal 3->3,"train=3;test=1;crop,out_smaller,color_subset,color_superset,color_same",Route to family DSL/compiler search; record any exact rule.,Route to family DSL/compiler search; record any exact rule.
task065,197,0,family_dsl,crop,crop,,14.543691,34763.000000,34700.000000,63.000000,37.000000,2777.000000,3,3,137,137,4.000000,14.543691,34763.000000,candidate_v4_plus10_compiler2_score_n3,0.000000,76,0.436054,0.247818,0.520000,0.580000,0.752357,1.532347,0.108062,0.131767,0.131767,not_run,0.000000,0.000000,0.000000,0.000000,v4_plus10_compiler2_unique,lb-verified-current-anchor,0,,,,0.500000,fp16,0,0.000000,,-0.000000,0.000403,in 5-11x5-11 -> out 2-5x2-5; pal 5->4,"train=3;test=1;crop,out_smaller,color_subset",Route to family DSL/compiler search; record any exact rule.,Route to family DSL/compiler search; record any exact rule.
task267,198,0,family_dsl,color_remap,color_remap,,17.904107,1207.000000,1160.000000,47.000000,11.000000,1202.000000,3,3,339,339,0.000000,17.904107,1207.000000,candidate_v4_plus10_compiler2_score_n3,0.000000,76,0.000000,0.264401,0.520000,0.720000,0.860022,1.328669,0.000000,0.131604,0.131604,not_run,0.000000,0.000000,0.000000,0.000000,v4_plus10_compiler2_unique,lb-verified-current-anchor,0,,,,0.500000,fp16,0,0.000000,,0.000000,0.038998,in 7-7x7-7 -> out 7-7x7-7; pal 5->3,"train=2;test=1;shape_preserving,color_subset,color_remap",Route to family DSL/compiler search; record any exact rule.,Route to family DSL/compiler search; record any exact rule.
task265,199,0,audit_before_swap,other,other,matches_cherrypick_unsafe_public,14.408076,39812.000000,39681.000000,131.000000,32.000000,3110.000000,3,3,125,125,14.000000,14.424538,39162.000000,afr1ste_5689_score_n3,0.016462,76,0.483519,0.214916,0.550000,0.360000,0.942319,1.562003,0.103916,0.129357,0.129357,not_run,0.000000,0.000000,0.000000,0.000000,candidate_v4,lb-verified-v4-anchor,12,,,,0.500000,fp16,0,0.000000,,-0.000000,-0.000000,in 18-18x18-18 -> out 18-18x18-18; pal 2->3,"train=3;test=1;shape_preserving,color_superset",Require semantic proof and pseudo-hidden audit; no raw public-source swap.,Require semantic proof and pseudo-hidden audit; no raw public-source swap.
task200,200,0,pseudo_hidden_first,other,other,,15.976592,8295.000000,8232.000000,63.000000,36.000000,3689.000000,3,3,259,259,5.000000,15.976592,8295.000000,candidate_nadeem6252_plus_ours_v3_score_n3,0.000000,77,0.000000,0.265016,0.520000,0.520000,0.992319,1.497453,0.000000,0.127114,0.127114,not_run,0.000000,0.000000,0.000000,0.000000,candidate_v4,lb-verified-v4-anchor,1,,build_task200.py,task200_handbuild_score.csv,0.500000,fp16,0,0.000000,,0.000000,0.236770,in 10-10x10-10 -> out 10-10x10-10; pal 4->5,"train=3;test=1;shape_preserving,color_superset",builder | Run or extend pseudo-hidden audit before using the builder.,Run or extend pseudo-hidden audit before using the builder.
task247,201,0,family_dsl,reduce,reduce,,14.993279,22175.000000,22142.000000,33.000000,25.000000,2056.000000,3,3,182,182,2.000000,14.999794,22031.000000,afr1ste_5689_score_n3,0.006515,76,0.000000,0.257840,0.480000,0.480000,0.984806,1.516965,0.000000,0.126744,0.126744,not_run,0.000000,0.000000,0.000000,0.000000,candidate_v4,lb-verified-v4-anchor,10,,,,0.000000,,0,0.000000,,-0.000000,-0.000000,in 10-10x10-10 -> out 3-9x1-3; pal 9->7,"train=6;test=1;out_smaller,color_subset,reduce",Route to family DSL/compiler search; record any exact rule.,Route to family DSL/compiler search; record any exact rule.
task374,202,0,compiler_golf,color_fill,color_fill,,15.690539,11042.000000,10808.000000,234.000000,44.000000,5728.000000,3,3,237,237,0.000000,15.690539,11042.000000,candidate_v4_plus10_compiler2_score_n3,0.000000,76,0.335320,0.239467,0.520000,0.440000,0.809332,1.281601,0.080298,0.126106,0.126106,not_run,0.000000,0.000000,0.000000,0.000000,v4_plus10_compiler2_unique,lb-verified-current-anchor,0,,,,0.500000,fp16,0,0.335320,bool_memory_priority.csv: bool ch0/ch1/ch2/ch4 concat; Pad bool out10_b,0.000000,1.550249,in 10-10x10-10 -> out 10-10x10-10; pal 2->4,"train=4;test=1;shape_preserving,color_fill",compiler +0.34 | Route to family DSL/compiler search; record any exact rule.,Route to family DSL/compiler search; record any exact rule.
task093,203,0,audit_before_swap,color_remap,color_remap,matches_cherrypick_unsafe_public,15.354118,15458.000000,15400.000000,58.000000,56.000000,6234.000000,3,3,209,209,11.000000,15.354118,15458.000000,biohack44_super_score_n3,0.000000,76,0.000000,0.233201,0.590000,0.720000,0.860022,1.472594,0.000000,0.124536,0.124536,not_run,0.000000,0.000000,0.000000,0.000000,candidate_v4,lb-verified-v4-anchor,5,,,,0.500000,fp16,0,0.000000,,-0.000000,0.774701,in 14-14x14-14 -> out 14-14x14-14; pal 5->2,"train=3;test=1;shape_preserving,color_subset,color_remap",Require semantic proof and pseudo-hidden audit; no raw public-source swap.,Require semantic proof and pseudo-hidden audit; no raw public-source swap.
task006,204,0,family_dsl,reduce,reduce,,17.603051,1631.000000,1584.000000,47.000000,12.000000,1124.000000,3,3,332,332,0.000000,17.603051,1631.000000,afr1ste_5689_score_n3,0.000000,76,0.000000,0.257840,0.480000,0.480000,0.984806,1.369654,0.000000,0.124465,0.124465,not_run,0.000000,0.000000,0.000000,0.000000,candidate_v4,lb-verified-v4-anchor,7,,,,0.500000,fp16,0,0.000000,,-0.000000,-0.000000,in 3-3x7-7 -> out 3-3x3-3; pal 3->2,"train=3;test=1;out_smaller,reduce",Route to family DSL/compiler search; record any exact rule.,Route to family DSL/compiler search; record any exact rule.
task180,205,0,family_dsl,reduce,reduce,,16.084031,7450.000000,6528.000000,922.000000,6.000000,2525.000000,3,3,269,269,0.000000,16.084031,7450.000000,afr1ste_5689_score_n3,0.000000,76,0.000000,0.257840,0.480000,0.480000,0.984806,1.455388,0.000000,0.124465,0.124465,not_run,0.000000,0.000000,0.000000,0.000000,candidate_v4,lb-verified-v4-anchor,7,,,,1.500000,high_init_ratio;fp16,0,0.000000,,0.000000,0.000000,in 8-8x8-8 -> out 4-4x4-4; pal 5->5,"train=5;test=1;out_smaller,color_subset,reduce",Route to family DSL/compiler search; record any exact rule.,Route to family DSL/compiler search; record any exact rule.
task188,206,0,family_dsl,reduce,reduce,,15.725371,10664.000000,10616.000000,48.000000,46.000000,3259.000000,3,3,239,239,0.000000,15.725371,10664.000000,afr1ste_5689_score_n3,0.000000,76,0.000000,0.257840,0.480000,0.480000,0.984806,1.475635,0.000000,0.124465,0.124465,not_run,0.000000,0.000000,0.000000,0.000000,candidate_v4,lb-verified-v4-anchor,7,,,,0.500000,fp16,0,0.000000,,-0.000000,-0.000000,in 3-6x2-8 -> out 3-4x2-4; pal 6->6,"train=3;test=1;out_smaller,color_subset,color_superset,color_same,reduce",Route to family DSL/compiler search; record any exact rule.,Route to family DSL/compiler search; record any exact rule.
task227,207,0,family_dsl,reduce,reduce,,17.018267,2927.000000,2880.000000,47.000000,14.000000,1135.000000,3,3,310,310,0.000000,17.018267,2927.000000,afr1ste_5689_score_n3,0.000000,76,0.000000,0.257840,0.480000,0.480000,0.984806,1.402654,0.000000,0.124465,0.124465,not_run,0.000000,0.000000,0.000000,0.000000,candidate_v4,lb-verified-v4-anchor,8,,,,0.500000,fp16,0,0.000000,,0.000000,0.000000,in 8-8x4-4 -> out 4-4x4-4; pal 3->2,"train=4;test=1;out_smaller,reduce",Route to family DSL/compiler search; record any exact rule.,Route to family DSL/compiler search; record any exact rule.
task257,208,0,family_dsl,reduce,reduce,,18.018065,1077.000000,1024.000000,53.000000,20.000000,1369.000000,3,3,342,342,0.000000,18.018065,1077.000000,afr1ste_5689_score_n3,0.000000,76,0.000000,0.257840,0.480000,0.480000,0.984806,1.346240,0.000000,0.124465,0.124465,not_run,0.000000,0.000000,0.000000,0.000000,candidate_v4,lb-verified-v4-anchor,8,,,,0.500000,fp16,0,0.000000,,-0.000000,-0.000000,in 9-9x9-9 -> out 4-4x4-4; pal 6->5,"train=6;test=1;out_smaller,color_subset,reduce",Route to family DSL/compiler search; record any exact rule.,Route to family DSL/compiler search; record any exact rule.
task263,209,0,family_dsl,reduce,reduce,,16.005828,8056.000000,8004.000000,52.000000,159.000000,7427.000000,3,3,260,260,0.000000,16.006076,8054.000000,afr1ste_5689_score_n3,0.000248,76,0.000000,0.257840,0.480000,0.480000,0.984806,1.459803,0.000000,0.124465,0.124465,not_run,0.000000,0.000000,0.000000,0.000000,candidate_v4,lb-verified-v4-anchor,6,,,,0.500000,fp16,0,0.000000,,0.000000,0.000000,in 3-12x3-15 -> out 3-3x3-3; pal 8->4,"train=4;test=1;out_smaller,color_subset,reduce",Route to family DSL/compiler search; record any exact rule.,Route to family DSL/compiler search; record any exact rule.
task321,210,0,family_dsl,reduce,reduce,,16.385499,5511.000000,5376.000000,135.000000,22.000000,1733.000000,3,3,288,288,0.000000,16.385499,5511.000000,afr1ste_5689_score_n3,0.000000,76,0.000000,0.257840,0.480000,0.480000,0.984806,1.438370,0.000000,0.124465,0.124465,not_run,0.000000,0.000000,0.000000,0.000000,candidate_v4,lb-verified-v4-anchor,8,,,,0.500000,fp16,0,0.000000,,0.000000,0.000000,in 4-4x14-14 -> out 4-4x4-4; pal 5->4,"train=5;test=1;out_smaller,color_subset,reduce",Route to family DSL/compiler search; record any exact rule.,Route to family DSL/compiler search; record any exact rule.
task392,211,0,family_dsl,color_fill,color_fill,,14.662460,30870.000000,28772.000000,2098.000000,51.000000,8330.000000,3,3,147,147,3.000000,14.662460,30870.000000,afr1ste_5689_score_n3,0.000000,76,0.394485,0.245867,0.480000,0.440000,0.809332,1.539642,0.096991,0.124145,0.124145,not_run,0.000000,0.000000,0.000000,0.000000,candidate_v4,lb-verified-v4-anchor,8,,,,0.500000,fp16,0,0.000000,,0.000000,0.000000,in 10-10x10-10 -> out 10-10x10-10; pal 4->4,"train=3;test=1;shape_preserving,color_fill",Route to family DSL/compiler search; record any exact rule.,Route to family DSL/compiler search; record any exact rule.
task062,212,0,family_dsl,color_fill,color_fill,,14.670951,30609.000000,29680.000000,929.000000,217.000000,14479.000000,3,3,149,149,3.000000,14.670951,30609.000000,afr1ste_5689_score_n3,0.000000,76,0.391513,0.245867,0.480000,0.440000,0.809332,1.539162,0.096260,0.123895,0.123895,not_run,0.000000,0.000000,0.000000,0.000000,candidate_v4,lb-verified-v4-anchor,8,,,,0.500000,fp16,0,0.000000,,0.000000,0.000000,in 10-10x10-10 -> out 10-10x10-10; pal 6->5,"train=4;test=1;shape_preserving,color_fill",Route to family DSL/compiler search; record any exact rule.,Route to family DSL/compiler search; record any exact rule.
task021,213,0,family_dsl,crop,crop,,14.225073,47807.000000,45946.000000,1861.000000,214.000000,30934.000000,3,3,114,114,5.000000,14.225073,47807.000000,candidate_nadeem6252_plus_ours_v3_score_n3,0.000000,76,0.547570,0.238218,0.580000,0.580000,0.752357,1.550335,0.130441,0.123596,0.123596,not_run,0.000000,0.000000,0.000000,0.000000,candidate_v4,lb-verified-v4-anchor,1,,,,1.000000,has_lookup_ops;fp16,1,0.000000,,0.000000,0.239892,in 11-27x11-27 -> out 2-6x2-5; pal 4->2,"train=3;test=1;crop,out_smaller,color_subset",Route to family DSL/compiler search; record any exact rule.,Route to family DSL/compiler search; record any exact rule.
task335,214,0,defer,other,other,public_slowest,14.258205,46249.000000,46156.000000,93.000000,36.000000,3440.000000,3,3,116,116,5.000000,14.258205,46249.000000,candidate_nadeem6252_plus_ours_38_score_n3,0.000000,76,0.535974,0.233316,0.560000,0.360000,0.942319,1.570465,0.125051,0.123509,0.123509,not_run,0.000000,0.000000,0.000000,0.000000,nadeem_6252,public-anchor-candidate,2,,,,0.500000,fp16,0,0.000000,,0.000000,0.065141,in 8-12x11-12 -> out 8-12x11-12; pal 3->4,"train=3;test=1;shape_preserving,color_superset",Defer; revisit through family-level compiler rewrites or new public evidence.,Defer; revisit through family-level compiler rewrites or new public evidence.
task040,215,0,audit_before_swap,color_remap,color_remap,matches_cherrypick_unsafe_public,16.029441,7868.000000,7806.000000,62.000000,36.000000,4167.000000,3,3,264,264,10.000000,16.029441,7868.000000,biohack44_super_score_n3,0.000000,76,0.000000,0.233201,0.590000,0.720000,0.860022,1.434470,0.000000,0.123396,0.123396,not_run,0.000000,0.000000,0.000000,0.000000,candidate_v4,lb-verified-v4-anchor,5,,,,0.500000,fp16,0,0.000000,,0.000000,0.251512,in 10-10x10-10 -> out 10-10x10-10; pal 8->7,"train=3;test=1;shape_preserving,color_subset,color_remap",Require semantic proof and pseudo-hidden audit; no raw public-source swap.,Require semantic proof and pseudo-hidden audit; no raw public-source swap.
task364,216,0,family_dsl,color_fill,color_fill,,13.754457,76538.000000,75136.000000,1402.000000,62.000000,10636.000000,3,3,69,69,7.000000,13.754457,76538.000000,candidate_nadeem6252_plus_ours_v3_score_n3,0.000000,76,0.712286,0.229867,0.580000,0.440000,0.809332,1.590905,0.163731,0.122659,0.122659,not_run,0.000000,0.000000,0.000000,0.000000,candidate_v4,lb-verified-v4-anchor,1,,,,1.000000,has_lookup_ops;fp16,1,0.000000,,-0.000000,0.678518,in 10-19x11-21 -> out 10-19x11-21; pal 2->4,"train=3;test=1;shape_preserving,color_fill",Route to family DSL/compiler search; record any exact rule.,Route to family DSL/compiler search; record any exact rule.
task365,217,0,audit_before_swap,crop,crop,matches_cherrypick_unsafe_public,14.017865,58814.000000,58743.000000,71.000000,234.000000,16991.000000,3,3,97,97,16.000000,14.017865,58814.000000,biohack44_super_score_n3,0.000000,76,0.620093,0.210218,0.630000,0.580000,0.752357,1.562033,0.130355,0.121751,0.121751,not_run,0.000000,0.000000,0.000000,0.000000,nadeem_6252,public-anchor-candidate,4,,,,0.500000,fp16,0,0.000000,,0.000000,0.003226,in 10-10x10-10 -> out 3-6x3-4; pal 4->3,"train=3;test=1;crop,out_smaller,color_subset",Require semantic proof and pseudo-hidden audit; no raw public-source swap.,Require semantic proof and pseudo-hidden audit; no raw public-source swap.
task063,218,0,audit_before_swap,other,other,matches_cherrypick_unsafe_public,14.666940,30732.000000,30700.000000,32.000000,34.000000,3709.000000,3,3,148,148,13.000000,14.666940,30732.000000,afr1ste_5689_score_n3,0.000000,76,0.392917,0.214916,0.550000,0.360000,0.942319,1.547389,0.084444,0.121642,0.121642,not_run,0.000000,0.000000,0.000000,0.000000,candidate_v4,lb-verified-v4-anchor,13,,,,0.000000,,0,0.000000,,-0.000000,-0.000000,in 10-12x10-12 -> out 10-12x10-12; pal 3->4,"train=3;test=1;shape_preserving,color_superset",Require semantic proof and pseudo-hidden audit; no raw public-source swap.,Require semantic proof and pseudo-hidden audit; no raw public-source swap.
task297,219,0,family_dsl,color_remap,color_remap,,15.876089,9172.000000,9076.000000,96.000000,24.000000,2373.000000,3,3,249,249,0.000000,15.876089,9172.000000,afr1ste_5689_score_n3,0.000000,76,0.000000,0.258001,0.560000,0.720000,0.860022,1.443126,0.000000,0.120404,0.120404,not_run,0.000000,0.000000,0.000000,0.000000,nadeem_6252,public-anchor-candidate,3,,,,0.500000,fp16,0,0.000000,,-0.000000,0.035978,in 6-10x2-4 -> out 6-10x2-4; pal 7->6,"train=3;test=1;shape_preserving,color_subset,color_remap",Route to family DSL/compiler search; record any exact rule.,Route to family DSL/compiler search; record any exact rule.
task362,220,0,family_dsl,color_remap,color_remap,,15.612434,11939.000000,11894.000000,45.000000,28.000000,1696.000000,3,3,228,228,0.000000,15.612434,11939.000000,candidate_nadeem6252_plus_ours_38_score_n3,0.000000,76,0.000000,0.258001,0.560000,0.720000,0.860022,1.458011,0.000000,0.120404,0.120404,not_run,0.000000,0.000000,0.000000,0.000000,nadeem_6252,public-anchor-candidate,2,,,,0.500000,fp16,0,0.000000,,-0.000000,0.008258,in 10-10x10-10 -> out 10-10x10-10; pal 6->5,"train=4;test=1;shape_preserving,color_subset,color_remap",Route to family DSL/compiler search; record any exact rule.,Route to family DSL/compiler search; record any exact rule.
task130,221,0,audit_before_swap,reduce,reduce,matches_cherrypick_unsafe_public,15.322911,15948.000000,15840.000000,108.000000,10.000000,1293.000000,3,3,206,206,11.000000,15.322911,15948.000000,afr1ste_5689_score_n3,0.000000,76,0.000000,0.226640,0.550000,0.480000,0.984806,1.498355,0.000000,0.117397,0.117397,not_run,0.000000,0.000000,0.000000,0.000000,candidate_v4,lb-verified-v4-anchor,13,,,,0.000000,,0,0.000000,,-0.000000,-0.000000,in 9-9x9-9 -> out 3-3x3-3; pal 8->7,"train=2;test=1;out_smaller,color_subset,reduce",Require semantic proof and pseudo-hidden audit; no raw public-source swap.,Require semantic proof and pseudo-hidden audit; no raw public-source swap.
task195,222,0,audit_before_swap,reduce,reduce,matches_cherrypick_unsafe_public,15.436963,14229.000000,12310.000000,1919.000000,33.000000,5381.000000,3,3,217,217,11.000000,15.436963,14229.000000,afr1ste_5689_score_n3,0.000000,76,0.000000,0.226640,0.550000,0.480000,0.984806,1.491917,0.000000,0.117397,0.117397,not_run,0.000000,0.000000,0.000000,0.000000,candidate_v4,lb-verified-v4-anchor,13,,,,0.500000,fp16,0,0.000000,,0.000000,0.000000,in 16-16x18-18 -> out 9-9x9-9; pal 2->2,"train=3;test=1;out_smaller,color_subset,color_superset,color_same,reduce",Require semantic proof and pseudo-hidden audit; no raw public-source swap.,Require semantic proof and pseudo-hidden audit; no raw public-source swap.
task289,223,0,family_dsl,tiling,tiling,,14.860176,25332.000000,25252.000000,80.000000,28.000000,2041.000000,3,3,165,165,3.000000,14.874490,24972.000000,afr1ste_5689_score_n3,0.014314,76,0.000000,0.261418,0.480000,0.680000,0.736364,1.504479,0.000000,0.117163,0.117163,not_run,0.000000,0.000000,0.000000,0.000000,candidate_v4,lb-verified-v4-anchor,7,,,,0.500000,fp16,0,0.000000,,-0.000000,-0.000000,in 3-3x3-3 -> out 6-12x6-12; pal 9->9,"train=5;test=1;tile,out_larger,color_subset,color_superset,color_same",Route to family DSL/compiler search; record any exact rule.,Route to family DSL/compiler search; record any exact rule.
task252,224,0,defer,other,other,,14.453028,38062.000000,37800.000000,262.000000,38.000000,3201.000000,3,3,131,131,4.000000,14.453028,38062.000000,candidate_nadeem6252_plus_ours_38_score_n3,0.000000,76,0.467786,0.233316,0.560000,0.360000,0.942319,1.559465,0.109142,0.117067,0.117067,not_run,0.000000,0.000000,0.000000,0.000000,nadeem_6252,public-anchor-candidate,2,,,,0.500000,fp16,0,0.000000,,-0.000000,0.005868,in 3-8x3-8 -> out 3-8x3-8; pal 4->5,"train=3;test=1;shape_preserving,color_superset",Defer; revisit through family-level compiler rewrites or new public evidence.,Defer; revisit through family-level compiler rewrites or new public evidence.
task057,225,0,family_dsl,reduce,reduce,,14.714521,29304.000000,29284.000000,20.000000,16.000000,1616.000000,3,3,153,153,3.000000,14.714521,29304.000000,candidate_nadeem6252_plus_ours_38_score_n3,0.000000,76,0.000000,0.251440,0.520000,0.480000,0.984806,1.532702,0.000000,0.116683,0.116683,not_run,0.000000,0.000000,0.000000,0.000000,candidate_v4,lb-verified-v4-anchor,3,,,,0.000000,,0,0.000000,,0.000000,0.468480,in 8-8x8-8 -> out 3-3x6-6; pal 4->4,"train=3;test=1;out_smaller,color_subset,color_superset,color_same,reduce",Route to family DSL/compiler search; record any exact rule.,Route to family DSL/compiler search; record any exact rule.
task178,226,0,family_dsl,reduce,reduce,,14.715374,29279.000000,28762.000000,517.000000,126.000000,6628.000000,3,3,154,154,3.000000,14.715374,29279.000000,candidate_v4_plus10_compiler2_score_n3,0.000000,76,0.000000,0.251440,0.520000,0.480000,0.984806,1.532654,0.000000,0.116683,0.116683,not_run,0.000000,0.000000,0.000000,0.000000,v4_plus10_compiler2_unique,lb-verified-current-anchor,0,,,,0.500000,fp16,0,0.000000,,-0.000000,0.001774,in 3-6x2-5 -> out 1-4x1-4; pal 6->6,"train=5;test=1;out_smaller,color_subset,color_superset,color_same,reduce",Route to family DSL/compiler search; record any exact rule.,Route to family DSL/compiler search; record any exact rule.
task183,227,0,family_dsl,reduce,reduce,,14.879226,24854.000000,24816.000000,38.000000,55.000000,4690.000000,3,3,167,167,3.000000,14.879226,24854.000000,candidate_bio_t200_t084_score_n3,0.000000,76,0.000000,0.251440,0.520000,0.480000,0.984806,1.523404,0.000000,0.116683,0.116683,not_run,0.000000,0.000000,0.000000,0.000000,candidate_v4,lb-verified-v4-anchor,3,,,,0.000000,,0,0.000000,,-0.000000,-0.000000,in 6-8x6-8 -> out 2-4x2-4; pal 9->7,"train=3;test=1;out_smaller,color_subset,reduce",Route to family DSL/compiler search; record any exact rule.,Route to family DSL/compiler search; record any exact rule.
task038,228,0,audit_before_swap,reduce,reduce,matches_cherrypick_unsafe_public,17.306974,2193.000000,2116.000000,77.000000,16.000000,2357.000000,3,3,316,316,10.000000,17.306974,2193.000000,afr1ste_5689_score_n3,0.000000,76,0.000000,0.226640,0.550000,0.480000,0.984806,1.386361,0.000000,0.116257,0.116257,not_run,0.000000,0.000000,0.000000,0.000000,candidate_v4,lb-verified-v4-anchor,13,,,,0.000000,,0,0.000000,,-0.000000,-0.000000,in 9-9x9-9 -> out 1-1x5-5; pal 3->2,"train=3;test=1;out_smaller,color_subset,reduce",Require semantic proof and pseudo-hidden audit; no raw public-source swap.,Require semantic proof and pseudo-hidden audit; no raw public-source swap.
task067,229,0,audit_before_swap,reduce,reduce,matches_cherrypick_unsafe_public,19.247427,315.000000,282.000000,33.000000,7.000000,892.000000,3,3,380,380,10.000000,19.247427,315.000000,afr1ste_5689_score_n3,0.000000,76,0.000000,0.226640,0.550000,0.480000,0.984806,1.276959,0.000000,0.116257,0.116257,not_run,0.000000,0.000000,0.000000,0.000000,candidate_v4,lb-verified-v4-anchor,13,,,,0.000000,,0,0.000000,,-0.000000,-0.000000,in 2-4x6-12 -> out 2-4x2-4; pal 6->6,"train=3;test=1;out_smaller,color_subset,color_superset,color_same,reduce",Require semantic proof and pseudo-hidden audit; no raw public-source swap.,Require semantic proof and pseudo-hidden audit; no raw public-source swap.
task146,230,0,audit_before_swap,reduce,reduce,matches_cherrypick_unsafe_public,17.278651,2256.000000,2232.000000,24.000000,29.000000,1894.000000,3,3,315,315,10.000000,17.278651,2256.000000,afr1ste_5689_score_n3,0.000000,76,0.000000,0.226640,0.550000,0.480000,0.984806,1.387959,0.000000,0.116257,0.116257,not_run,0.000000,0.000000,0.000000,0.000000,candidate_v4,lb-verified-v4-anchor,9,,,,0.500000,fp16,0,0.000000,,-0.000000,-0.000000,in 9-9x3-3 -> out 3-3x3-3; pal 9->5,"train=4;test=1;out_smaller,color_subset,reduce",Require semantic proof and pseudo-hidden audit; no raw public-source swap.,Require semantic proof and pseudo-hidden audit; no raw public-source swap.
task242,231,0,family_dsl,reduce,reduce,,15.090580,20119.000000,20074.000000,45.000000,14.000000,1736.000000,3,3,192,192,2.000000,15.090580,20119.000000,candidate_nadeem6252_plus_ours_38_score_n3,0.000000,76,0.000000,0.251440,0.520000,0.480000,0.984806,1.511472,0.000000,0.115544,0.115544,not_run,0.000000,0.000000,0.000000,0.000000,candidate_v4,lb-verified-v4-anchor,3,,,,0.000000,,0,0.000000,,-0.000000,0.194147,in 16-16x16-16 -> out 3-3x3-3; pal 10->8,"train=3;test=1;out_smaller,color_subset,reduce",Route to family DSL/compiler search; record any exact rule.,Route to family DSL/compiler search; record any exact rule.
task308,232,0,family_dsl,reduce,reduce,,15.104595,19839.000000,19738.000000,101.000000,58.000000,5898.000000,3,3,193,193,2.000000,15.104595,19839.000000,candidate_v4_plus10_compiler2_score_n3,0.000000,76,0.000000,0.251440,0.520000,0.480000,0.984806,1.510680,0.000000,0.115544,0.115544,not_run,0.000000,0.000000,0.000000,0.000000,v4_plus10_compiler2_unique,lb-verified-current-anchor,0,,,,0.500000,fp16,0,0.000000,,-0.000000,0.904619,in 10-12x8-14 -> out 3-5x3-5; pal 6->6,"train=3;test=1;out_smaller,color_subset,color_superset,color_same,reduce",Route to family DSL/compiler search; record any exact rule.,Route to family DSL/compiler search; record any exact rule.
task007,233,0,family_dsl,color_remap,color_remap,,16.108351,7271.000000,7240.000000,31.000000,13.000000,1258.000000,3,3,272,272,0.000000,16.108351,7271.000000,candidate_nadeem6252_plus_ours_38_score_n3,0.000000,76,0.000000,0.254801,0.580000,0.720000,0.860022,1.430015,0.000000,0.114804,0.114804,not_run,0.000000,0.000000,0.000000,0.000000,candidate_v4,lb-verified-v4-anchor,3,,,,1.000000,has_lookup_ops;fp16,1,0.000000,,0.000000,0.126441,in 7-7x7-7 -> out 7-7x7-7; pal 6->5,"train=3;test=1;shape_preserving,color_subset,color_remap",Route to family DSL/compiler search; record any exact rule.,Route to family DSL/compiler search; record any exact rule.
task001,234,0,family_dsl,tiling,tiling,,17.041074,2861.000000,2837.000000,24.000000,14.000000,1137.000000,3,3,311,311,0.000000,17.047385,2843.000000,massim_part4_6255_score_n1,0.006311,76,0.000000,0.261418,0.480000,0.680000,0.736364,1.381367,0.000000,0.113745,0.113745,not_run,0.000000,0.000000,0.000000,0.000000,candidate_v4,lb-verified-v4-anchor,8,,,,0.500000,fp16,0,0.000000,,0.000000,0.000000,in 3-3x3-3 -> out 9-9x9-9; pal 5->5,"train=5;test=1;tile,out_larger,color_subset,color_superset,color_same",Route to family DSL/compiler search; record any exact rule.,Route to family DSL/compiler search; record any exact rule.
task123,235,0,family_dsl,tiling,tiling,,16.680283,4104.000000,3155.000000,949.000000,17.000000,8805.000000,3,3,301,301,0.000000,16.680283,4104.000000,afr1ste_5689_score_n3,0.000000,76,0.000000,0.261418,0.480000,0.680000,0.736364,1.401731,0.000000,0.113745,0.113745,not_run,0.000000,0.000000,0.000000,0.000000,candidate_v4,lb-verified-v4-anchor,7,,,,1.500000,high_init_ratio;fp16,0,0.000000,,0.000000,0.000000,in 5-5x5-5 -> out 10-10x10-10; pal 6->5,"train=3;test=1;tile,out_larger,color_subset",Route to family DSL/compiler search; record any exact rule.,Route to family DSL/compiler search; record any exact rule.
task269,236,0,family_dsl,tiling,tiling,,15.940250,8602.000000,8506.000000,96.000000,31.000000,2336.000000,3,3,254,254,0.000000,15.940250,8602.000000,afr1ste_5689_score_n3,0.000000,76,0.000000,0.261418,0.480000,0.680000,0.736364,1.443504,0.000000,0.113745,0.113745,not_run,0.000000,0.000000,0.000000,0.000000,candidate_v4,lb-verified-v4-anchor,8,,,,0.500000,fp16,0,0.000000,,0.000000,0.000000,in 3-3x3-3 -> out 6-15x6-15; pal 8->8,"train=3;test=1;tile,out_larger,color_subset,color_superset,color_same",Route to family DSL/compiler search; record any exact rule.,Route to family DSL/compiler search; record any exact rule.
task295,237,0,family_dsl,tiling,tiling,,15.588680,12226.000000,12161.000000,65.000000,23.000000,1956.000000,3,3,225,225,0.000000,15.591629,12190.000000,massim_part4_6255_score_n1,0.002949,76,0.000000,0.261418,0.480000,0.680000,0.736364,1.463352,0.000000,0.113745,0.113745,not_run,0.000000,0.000000,0.000000,0.000000,candidate_v4,lb-verified-v4-anchor,8,,,,0.500000,fp16,0,0.000000,,0.000000,0.000000,in 1-1x6-10 -> out 3-5x6-10; pal 6->6,"train=5;test=1;tile,out_larger,color_subset,color_superset,color_same",Route to family DSL/compiler search; record any exact rule.,Route to family DSL/compiler search; record any exact rule.
task327,238,0,family_dsl,tiling,tiling,,16.070962,7548.000000,7516.000000,32.000000,18.000000,1638.000000,3,3,268,268,0.000000,16.070962,7548.000000,afr1ste_5689_score_n3,0.000000,76,0.000000,0.261418,0.480000,0.680000,0.736364,1.436126,0.000000,0.113745,0.113745,not_run,0.000000,0.000000,0.000000,0.000000,candidate_v4,lb-verified-v4-anchor,8,,,,0.500000,fp16,0,0.000000,,-0.000000,-0.000000,in 3-3x3-3 -> out 6-6x6-6; pal 7->7,"train=3;test=1;tile,out_larger,color_subset,color_superset,color_same",Route to family DSL/compiler search; record any exact rule.,Route to family DSL/compiler search; record any exact rule.
task026,239,0,family_dsl,reduce,reduce,,18.415209,724.000000,690.000000,34.000000,13.000000,1309.000000,3,3,370,370,0.000000,18.415209,724.000000,candidate_v4_plus10_compiler2_score_n3,0.000000,76,0.000000,0.251440,0.520000,0.480000,0.984806,1.323844,0.000000,0.113265,0.113265,not_run,0.000000,0.000000,0.000000,0.000000,v4_plus10_compiler2_unique,lb-verified-current-anchor,0,,,,0.500000,fp16,0,0.000000,,0.000000,0.019153,in 5-5x7-7 -> out 5-5x3-3; pal 3->2,"train=5;test=1;out_smaller,reduce",Route to family DSL/compiler search; record any exact rule.,Route to family DSL/compiler search; record any exact rule.
task134,240,0,family_dsl,reduce,reduce,,15.576162,12380.000000,12300.000000,80.000000,75.000000,7045.000000,3,3,224,224,0.000000,15.576162,12380.000000,candidate_v4_plus10_compiler2_score_n3,0.000000,76,0.000000,0.251440,0.520000,0.480000,0.984806,1.484058,0.000000,0.113265,0.113265,not_run,0.000000,0.000000,0.000000,0.000000,v4_plus10_compiler2_unique,lb-verified-current-anchor,0,,,,0.000000,,0,0.000000,,-0.000000,0.316954,in 20-24x23-24 -> out 3-3x3-3; pal 7->4,"train=3;test=1;out_smaller,color_subset,reduce",Route to family DSL/compiler search; record any exact rule.,Route to family DSL/compiler search; record any exact rule.
task144,241,0,family_dsl,reduce,reduce,,18.352312,771.000000,736.000000,35.000000,13.000000,1320.000000,3,3,367,367,0.000000,18.352312,771.000000,candidate_v4_plus10_compiler2_score_n3,0.000000,76,0.000000,0.251440,0.520000,0.480000,0.984806,1.327390,0.000000,0.113265,0.113265,not_run,0.000000,0.000000,0.000000,0.000000,v4_plus10_compiler2_unique,lb-verified-current-anchor,0,,,,0.500000,fp16,0,0.000000,,0.000000,0.019269,in 9-9x4-4 -> out 4-4x4-4; pal 4->2,"train=4;test=1;out_smaller,reduce",Route to family DSL/compiler search; record any exact rule.,Route to family DSL/compiler search; record any exact rule.
task236,242,0,family_dsl,reduce,reduce,,18.536971,641.000000,640.000000,1.000000,10.000000,619.000000,3,3,372,372,0.000000,18.536971,641.000000,candidate_nadeem6252_plus_ours_v3_score_n3,0.000000,76,0.000000,0.251440,0.520000,0.480000,0.984806,1.316980,0.000000,0.113265,0.113265,not_run,0.000000,0.000000,0.000000,0.000000,candidate_v4,lb-verified-v4-anchor,1,,,,0.500000,fp16,0,0.000000,,0.000000,0.118996,in 9-9x4-4 -> out 4-4x4-4; pal 4->2,"train=4;test=1;out_smaller,reduce",Route to family DSL/compiler search; record any exact rule.,Route to family DSL/compiler search; record any exact rule.
task296,243,0,family_dsl,reduce,reduce,,16.679552,4107.000000,3762.000000,345.000000,10.000000,2803.000000,3,3,300,300,0.000000,16.679552,4107.000000,candidate_v4_plus10_compiler2_score_n3,0.000000,76,0.000000,0.251440,0.520000,0.480000,0.984806,1.421772,0.000000,0.113265,0.113265,not_run,0.000000,0.000000,0.000000,0.000000,v4_plus10_compiler2_unique,lb-verified-current-anchor,0,,,,0.000000,,0,0.000000,,0.000000,0.001946,in 5-5x7-7 -> out 3-3x3-3; pal 5->5,"train=5;test=1;out_smaller,color_subset,color_superset,color_same,reduce",Route to family DSL/compiler search; record any exact rule.,Route to family DSL/compiler search; record any exact rule.
task316,244,0,family_dsl,reduce,reduce,,16.827271,3543.000000,3388.000000,155.000000,45.000000,5546.000000,3,3,307,307,0.000000,16.827271,3543.000000,candidate_v4_plus10_compiler2_score_n3,0.000000,76,0.000000,0.251440,0.520000,0.480000,0.984806,1.413434,0.000000,0.113265,0.113265,not_run,0.000000,0.000000,0.000000,0.000000,v4_plus10_compiler2_unique,lb-verified-current-anchor,0,,,,0.000000,,0,0.000000,,0.000000,2.676802,in 10-10x10-10 -> out 3-3x3-3; pal 10->10,"train=3;test=1;out_smaller,color_subset,reduce",Route to family DSL/compiler search; record any exact rule.,Route to family DSL/compiler search; record any exact rule.
task318,245,0,family_dsl,reduce,reduce,,18.397412,737.000000,736.000000,1.000000,13.000000,704.000000,3,3,368,368,0.000000,18.397412,737.000000,candidate_nadeem6252_plus_ours_v3_score_n3,0.000000,76,0.000000,0.251440,0.520000,0.480000,0.984806,1.324847,0.000000,0.113265,0.113265,not_run,0.000000,0.000000,0.000000,0.000000,v4_plus10_compiler2_unique,lb-verified-current-anchor,0,,,,0.500000,fp16,0,0.000000,,-0.000000,0.022804,in 9-9x4-4 -> out 4-4x4-4; pal 4->2,"train=4;test=1;out_smaller,reduce",Route to family DSL/compiler search; record any exact rule.,Route to family DSL/compiler search; record any exact rule.
task360,246,0,family_dsl,reduce,reduce,,15.680267,11156.000000,11120.000000,36.000000,13.000000,1271.000000,3,3,235,235,0.000000,15.681164,11146.000000,afr1ste_5689_score_n3,0.000897,76,0.000000,0.251440,0.520000,0.480000,0.984806,1.478181,0.000000,0.113265,0.113265,not_run,0.000000,0.000000,0.000000,0.000000,candidate_v4,lb-verified-v4-anchor,5,,,,0.500000,fp16,0,0.000000,,-0.000000,-0.000000,in 10-10x9-9 -> out 10-10x4-4; pal 8->7,"train=3;test=1;out_smaller,color_subset,reduce",Route to family DSL/compiler search; record any exact rule.,Route to family DSL/compiler search; record any exact rule.
task372,247,0,family_dsl,reduce,reduce,,16.028171,7878.000000,7865.000000,13.000000,8.000000,640.000000,3,3,263,263,0.000000,16.028171,7878.000000,candidate_nadeem6252_plus_ours_v3_score_n3,0.000000,76,0.000000,0.251440,0.520000,0.480000,0.984806,1.458541,0.000000,0.113265,0.113265,not_run,0.000000,0.000000,0.000000,0.000000,candidate_v4,lb-verified-v4-anchor,1,,,,0.000000,,0,0.000000,,0.000000,0.394660,in 11-11x11-11 -> out 5-5x11-11; pal 7->6,"train=3;test=1;out_smaller,color_subset,reduce",Route to family DSL/compiler search; record any exact rule.,Route to family DSL/compiler search; record any exact rule.
task386,248,0,family_dsl,reduce,reduce,,17.312461,2181.000000,2160.000000,21.000000,14.000000,793.000000,3,3,317,317,0.000000,17.312461,2181.000000,candidate_nadeem6252_plus_ours_v3_score_n3,0.000000,76,0.000000,0.251440,0.520000,0.480000,0.984806,1.386051,0.000000,0.113265,0.113265,not_run,0.000000,0.000000,0.000000,0.000000,v4_plus10_compiler2_unique,lb-verified-current-anchor,0,,,,0.500000,fp16,0,0.000000,,-0.000000,0.011850,in 4-4x7-7 -> out 4-4x3-3; pal 4->2,"train=5;test=1;out_smaller,reduce",Route to family DSL/compiler search; record any exact rule.,Route to family DSL/compiler search; record any exact rule.
task338,249,0,family_dsl,color_fill,color_fill,,14.285227,45016.000000,43200.000000,1816.000000,37.000000,8884.000000,3,3,118,118,5.000000,14.285227,45016.000000,candidate_nadeem6252_plus_ours_38_score_n3,0.000000,76,0.526516,0.233067,0.560000,0.440000,0.809332,1.560939,0.122713,0.112614,0.112614,not_run,0.000000,0.000000,0.000000,0.000000,nadeem_6252,public-anchor-candidate,2,,,,0.500000,fp16,0,0.000000,,0.000000,0.040979,in 10-15x10-15 -> out 10-15x10-15; pal 2->2,"train=3;test=2;shape_preserving,color_fill",Route to family DSL/compiler search; record any exact rule.,Route to family DSL/compiler search; record any exact rule.
task301,250,0,compiler_golf,symmetry/flip/rotate,symmetry/flip/rotate,,14.004690,59594.000000,57740.000000,1854.000000,48.000000,19355.000000,3,3,93,93,6.000000,14.004690,59594.000000,candidate_v4_plus10_compiler2_score_n3,0.000000,76,0.086648,0.236200,0.680000,0.600000,1.000000,1.360777,0.020466,0.111040,0.111040,not_run,0.000000,0.000000,0.000000,0.000000,v4_plus10_compiler2_unique,lb-verified-current-anchor,0,,,,2.000000,high_init_ratio;has_lookup_ops;fp16,1,0.086648,bool_memory_priority.csv: replace final OneHot/Where with bool Equal tail index against color ids,0.000000,0.237994,in 3-10x3-7 -> out 3-10x3-7; pal 8->8,"train=3;test=1;shape_preserving,color_subset,color_superset,color_same,symmetry_candidate",compiler +0.09 | graph risk 2 | Route to family DSL/compiler search; record any exact rule.,Route to family DSL/compiler search; record any exact rule.
task339,251,0,family_dsl,reduce,reduce,,18.215543,884.000000,776.000000,108.000000,13.000000,1588.000000,3,3,361,361,0.000000,18.215543,884.000000,afr1ste_5689_score_n3,0.000000,76,0.000000,0.248240,0.540000,0.480000,0.984806,1.335103,0.000000,0.107665,0.107665,not_run,0.000000,0.000000,0.000000,0.000000,candidate_v4,lb-verified-v4-anchor,7,,,,1.000000,has_lookup_ops;fp16,1,0.000000,,0.000000,0.000000,in 3-3x3-3 -> out 1-1x1-4; pal 5->4,"train=4;test=1;out_smaller,color_subset,reduce",Route to family DSL/compiler search; record any exact rule.,Route to family DSL/compiler search; record any exact rule.
task109,252,0,defer,trim_border,trim_border;reduce,,13.542355,94622.000000,93668.000000,954.000000,39.000000,5118.000000,3,3,47,47,7.000000,13.542355,94622.000000,candidate_v4_plus10_compiler2_score_n3,0.000000,76,0.786522,0.234263,0.520000,0.620000,0.417269,1.584880,0.184253,0.106824,0.106824,not_run,0.000000,0.000000,0.000000,0.000000,v4_plus10_compiler2_unique,lb-verified-current-anchor,0,,,,0.500000,fp16,0,0.000000,,0.000000,0.000307,in 7-11x7-11 -> out 6-10x6-10; pal 6->4,"train=3;test=1;trim_border,out_smaller,color_subset,reduce",Defer; revisit through family-level compiler rewrites or new public evidence.,Defer; revisit through family-level compiler rewrites or new public evidence.
task083,253,0,audit_before_swap,tiling,tiling,matches_cherrypick_unsafe_public,17.504458,1800.000000,0.000000,1800.000000,1.000000,7454.000000,3,3,321,321,10.000000,17.504458,1800.000000,afr1ste_5689_score_n3,0.000000,76,0.000000,0.230218,0.550000,0.680000,0.736364,1.355217,0.000000,0.105538,0.105538,not_run,0.000000,0.000000,0.000000,0.000000,candidate_v4,lb-verified-v4-anchor,13,,,,1.000000,high_init_ratio,0,0.000000,,-0.000000,-0.000000,in 3-3x4-4 -> out 6-6x8-8; pal 3->3,"train=3;test=1;tile,out_larger,color_subset,color_superset,color_same",Require semantic proof and pseudo-hidden audit; no raw public-source swap.,Require semantic proof and pseudo-hidden audit; no raw public-source swap.
task106,254,0,audit_before_swap,tiling,tiling,matches_cherrypick_unsafe_public,17.940382,1164.000000,1039.000000,125.000000,13.000000,2939.000000,3,3,341,341,10.000000,17.940382,1164.000000,afr1ste_5689_score_n3,0.000000,76,0.000000,0.230218,0.550000,0.680000,0.736364,1.330622,0.000000,0.105538,0.105538,not_run,0.000000,0.000000,0.000000,0.000000,candidate_v4,lb-verified-v4-anchor,14,,,,0.000000,,0,0.000000,,-0.000000,-0.000000,in 2-3x2-3 -> out 4-6x4-6; pal 5->5,"train=3;test=1;tile,out_larger,color_subset,color_superset,color_same",Require semantic proof and pseudo-hidden audit; no raw public-source swap.,Require semantic proof and pseudo-hidden audit; no raw public-source swap.
task108,255,0,audit_before_swap,tiling,tiling,matches_cherrypick_unsafe_public,17.504458,1800.000000,0.000000,1800.000000,1.000000,7454.000000,3,3,322,322,10.000000,17.504458,1800.000000,afr1ste_5689_score_n3,0.000000,76,0.000000,0.230218,0.550000,0.680000,0.736364,1.355217,0.000000,0.105538,0.105538,not_run,0.000000,0.000000,0.000000,0.000000,candidate_v4,lb-verified-v4-anchor,14,,,,1.000000,high_init_ratio,0,0.000000,,-0.000000,-0.000000,in 10-10x10-10 -> out 20-20x20-20; pal 6->6,"train=3;test=1;tile,out_larger,color_subset,color_superset,color_same",Require semantic proof and pseudo-hidden audit; no raw public-source swap.,Require semantic proof and pseudo-hidden audit; no raw public-source swap.
task116,256,0,audit_before_swap,tiling,tiling,matches_cherrypick_unsafe_public,21.598803,30.000000,0.000000,30.000000,1.000000,479.000000,3,3,389,389,10.000000,21.598803,30.000000,afr1ste_5689_score_n3,0.000000,76,0.000000,0.230218,0.550000,0.680000,0.736364,1.125877,0.000000,0.105538,0.105538,not_run,0.000000,0.000000,0.000000,0.000000,candidate_v4,lb-verified-v4-anchor,14,,,,0.000000,,0,0.000000,,0.000000,0.000000,in 3-3x4-4 -> out 6-6x4-4; pal 5->5,"train=4;test=1;tile,out_larger,color_subset,color_superset,color_same",Require semantic proof and pseudo-hidden audit; no raw public-source swap.,Require semantic proof and pseudo-hidden audit; no raw public-source swap.
task142,257,0,audit_before_swap,tiling,tiling,matches_cherrypick_unsafe_public,17.504458,1800.000000,0.000000,1800.000000,1.000000,7454.000000,3,3,323,323,10.000000,17.504458,1800.000000,afr1ste_5689_score_n3,0.000000,76,0.000000,0.230218,0.550000,0.680000,0.736364,1.355217,0.000000,0.105538,0.105538,not_run,0.000000,0.000000,0.000000,0.000000,candidate_v4,lb-verified-v4-anchor,13,,,,1.000000,high_init_ratio,0,0.000000,,-0.000000,-0.000000,in 3-3x3-3 -> out 6-6x6-6; pal 4->4,"train=3;test=1;tile,out_larger,color_subset,color_superset,color_same",Require semantic proof and pseudo-hidden audit; no raw public-source swap.,Require semantic proof and pseudo-hidden audit; no raw public-source swap.
task152,258,0,audit_before_swap,tiling,tiling,matches_cherrypick_unsafe_public,17.504458,1800.000000,0.000000,1800.000000,1.000000,7454.000000,3,3,324,324,10.000000,17.504458,1800.000000,afr1ste_5689_score_n3,0.000000,76,0.000000,0.230218,0.550000,0.680000,0.736364,1.355217,0.000000,0.105538,0.105538,not_run,0.000000,0.000000,0.000000,0.000000,candidate_v4,lb-verified-v4-anchor,13,,,,1.000000,high_init_ratio,0,0.000000,,-0.000000,-0.000000,in 3-3x3-3 -> out 6-6x6-6; pal 8->8,"train=4;test=1;tile,out_larger,color_subset,color_superset,color_same",Require semantic proof and pseudo-hidden audit; no raw public-source swap.,Require semantic proof and pseudo-hidden audit; no raw public-source swap.
task164,259,0,audit_before_swap,tiling,tiling,matches_cherrypick_unsafe_public,21.598803,30.000000,0.000000,30.000000,1.000000,479.000000,3,3,390,390,10.000000,21.598803,30.000000,afr1ste_5689_score_n3,0.000000,76,0.000000,0.230218,0.550000,0.680000,0.736364,1.125877,0.000000,0.105538,0.105538,not_run,0.000000,0.000000,0.000000,0.000000,candidate_v4,lb-verified-v4-anchor,14,,,,0.000000,,0,0.000000,,0.000000,0.000000,in 3-3x3-3 -> out 3-3x6-6; pal 3->3,"train=4;test=1;tile,out_larger,color_subset,color_superset,color_same",Require semantic proof and pseudo-hidden audit; no raw public-source swap.,Require semantic proof and pseudo-hidden audit; no raw public-source swap.
task172,260,0,audit_before_swap,tiling,tiling,matches_cherrypick_unsafe_public,21.598803,30.000000,0.000000,30.000000,1.000000,479.000000,3,3,391,391,10.000000,21.598803,30.000000,afr1ste_5689_score_n3,0.000000,76,0.000000,0.230218,0.550000,0.680000,0.736364,1.125877,0.000000,0.105538,0.105538,not_run,0.000000,0.000000,0.000000,0.000000,candidate_v4,lb-verified-v4-anchor,14,,,,0.000000,,0,0.000000,,0.000000,0.000000,in 3-3x3-3 -> out 6-6x3-3; pal 8->8,"train=4;test=1;tile,out_larger,color_subset,color_superset,color_same",Require semantic proof and pseudo-hidden audit; no raw public-source swap.,Require semantic proof and pseudo-hidden audit; no raw public-source swap.
task194,261,0,audit_before_swap,tiling,tiling,matches_cherrypick_unsafe_public,17.504458,1800.000000,0.000000,1800.000000,1.000000,7454.000000,3,3,325,325,10.000000,17.504458,1800.000000,afr1ste_5689_score_n3,0.000000,76,0.000000,0.230218,0.550000,0.680000,0.736364,1.355217,0.000000,0.105538,0.105538,not_run,0.000000,0.000000,0.000000,0.000000,candidate_v4,lb-verified-v4-anchor,14,,,,1.000000,high_init_ratio,0,0.000000,,-0.000000,-0.000000,in 3-3x3-3 -> out 6-6x6-6; pal 6->6,"train=3;test=1;tile,out_larger,color_subset,color_superset,color_same",Require semantic proof and pseudo-hidden audit; no raw public-source swap.,Require semantic proof and pseudo-hidden audit; no raw public-source swap.
task210,262,0,audit_before_swap,tiling,tiling,matches_cherrypick_unsafe_public,21.598803,30.000000,0.000000,30.000000,1.000000,479.000000,3,3,392,392,10.000000,21.598803,30.000000,afr1ste_5689_score_n3,0.000000,76,0.000000,0.230218,0.550000,0.680000,0.736364,1.125877,0.000000,0.105538,0.105538,not_run,0.000000,0.000000,0.000000,0.000000,candidate_v4,lb-verified-v4-anchor,14,,,,0.000000,,0,0.000000,,0.000000,0.000000,in 3-3x3-3 -> out 6-6x3-3; pal 2->2,"train=3;test=1;tile,out_larger,color_subset,color_superset,color_same",Require semantic proof and pseudo-hidden audit; no raw public-source swap.,Require semantic proof and pseudo-hidden audit; no raw public-source swap.
task211,263,0,audit_before_swap,tiling,tiling,matches_cherrypick_unsafe_public,17.504458,1800.000000,0.000000,1800.000000,1.000000,7454.000000,3,3,326,326,10.000000,17.504458,1800.000000,afr1ste_5689_score_n3,0.000000,76,0.000000,0.230218,0.550000,0.680000,0.736364,1.355217,0.000000,0.105538,0.105538,not_run,0.000000,0.000000,0.000000,0.000000,candidate_v4,lb-verified-v4-anchor,14,,,,1.000000,high_init_ratio,0,0.000000,,-0.000000,-0.000000,in 3-3x2-2 -> out 9-9x4-4; pal 4->4,"train=3;test=1;tile,out_larger,color_subset,color_superset,color_same",Require semantic proof and pseudo-hidden audit; no raw public-source swap.,Require semantic proof and pseudo-hidden audit; no raw public-source swap.
task223,264,0,audit_before_swap,tiling,tiling,matches_cherrypick_unsafe_public,17.504458,1800.000000,0.000000,1800.000000,1.000000,7454.000000,3,3,328,328,10.000000,17.504458,1800.000000,afr1ste_5689_score_n3,0.000000,76,0.000000,0.230218,0.550000,0.680000,0.736364,1.355217,0.000000,0.105538,0.105538,not_run,0.000000,0.000000,0.000000,0.000000,candidate_v4,lb-verified-v4-anchor,14,,,,1.000000,high_init_ratio,0,0.000000,,-0.000000,-0.000000,in 3-3x3-3 -> out 9-9x9-9; pal 5->5,"train=2;test=1;tile,out_larger,color_subset,color_superset,color_same",Require semantic proof and pseudo-hidden audit; no raw public-source swap.,Require semantic proof and pseudo-hidden audit; no raw public-source swap.
task307,265,0,audit_before_swap,tiling,tiling,matches_cherrypick_unsafe_public,17.504458,1800.000000,0.000000,1800.000000,1.000000,7454.000000,3,3,329,329,10.000000,17.504458,1800.000000,afr1ste_5689_score_n3,0.000000,76,0.000000,0.230218,0.550000,0.680000,0.736364,1.355217,0.000000,0.105538,0.105538,not_run,0.000000,0.000000,0.000000,0.000000,candidate_v4,lb-verified-v4-anchor,14,,,,1.000000,high_init_ratio,0,0.000000,,-0.000000,-0.000000,in 2-4x2-4 -> out 4-8x4-8; pal 5->5,"train=3;test=1;tile,out_larger,color_subset,color_superset,color_same",Require semantic proof and pseudo-hidden audit; no raw public-source swap.,Require semantic proof and pseudo-hidden audit; no raw public-source swap.
task311,266,0,audit_before_swap,tiling,tiling,matches_cherrypick_unsafe_public,21.598803,30.000000,0.000000,30.000000,1.000000,479.000000,3,3,393,393,10.000000,21.598803,30.000000,afr1ste_5689_score_n3,0.000000,76,0.000000,0.230218,0.550000,0.680000,0.736364,1.125877,0.000000,0.105538,0.105538,not_run,0.000000,0.000000,0.000000,0.000000,candidate_v4,lb-verified-v4-anchor,14,,,,0.000000,,0,0.000000,,0.000000,0.000000,in 3-3x3-3 -> out 3-3x6-6; pal 2->2,"train=3;test=1;tile,out_larger,color_subset,color_superset,color_same",Require semantic proof and pseudo-hidden audit; no raw public-source swap.,Require semantic proof and pseudo-hidden audit; no raw public-source swap.
task315,267,0,family_dsl,tiling,tiling,,15.834971,9557.000000,9540.000000,17.000000,15.000000,1167.000000,3,3,246,246,0.000000,15.834971,9557.000000,candidate_nadeem6252_plus_ours_38_score_n3,0.000000,76,0.000000,0.255018,0.520000,0.680000,0.736364,1.449448,0.000000,0.102545,0.102545,not_run,0.000000,0.000000,0.000000,0.000000,candidate_v4,lb-verified-v4-anchor,3,,,,0.000000,,0,0.000000,,0.000000,0.365872,in 3-3x3-3 -> out 9-9x9-9; pal 3->3,"train=3;test=1;tile,out_larger,color_subset,color_superset,color_same",Route to family DSL/compiler search; record any exact rule.,Route to family DSL/compiler search; record any exact rule.
task388,268,0,family_dsl,tiling,tiling,,16.225378,6468.000000,6282.000000,186.000000,52.000000,6536.000000,3,3,281,281,0.000000,16.225378,6468.000000,afr1ste_5689_score_n3,0.000000,76,0.000000,0.255018,0.520000,0.680000,0.736364,1.427409,0.000000,0.102545,0.102545,not_run,0.000000,0.000000,0.000000,0.000000,candidate_v4,lb-verified-v4-anchor,4,,,,0.500000,fp16,0,0.000000,,0.000000,0.510733,in 2-6x2-6 -> out 4-12x4-12; pal 4->5,"train=3;test=1;tile,out_larger,color_superset",Route to family DSL/compiler search; record any exact rule.,Route to family DSL/compiler search; record any exact rule.
task072,269,0,family_dsl,reduce,reduce,,17.822981,1309.000000,1260.000000,49.000000,11.000000,1289.000000,3,3,336,336,0.000000,17.822981,1309.000000,candidate_nadeem6252_plus_ours_38_score_n3,0.000000,76,0.000000,0.245040,0.560000,0.480000,0.984806,1.357245,0.000000,0.102065,0.102065,not_run,0.000000,0.000000,0.000000,0.000000,nadeem_6252,public-anchor-candidate,2,,,,0.500000,fp16,0,0.000000,,-0.000000,0.021912,in 13-13x5-5 -> out 6-6x5-5; pal 3->2,"train=4;test=2;out_smaller,reduce",Route to family DSL/compiler search; record any exact rule.,Route to family DSL/compiler search; record any exact rule.
task049,270,0,audit_before_swap,crop,crop,matches_cherrypick_unsafe_public,14.674879,30489.000000,30339.000000,150.000000,29.000000,3516.000000,3,3,150,150,13.000000,14.674879,30489.000000,biohack44_super_score_n3,0.000000,76,0.390138,0.210218,0.630000,0.580000,0.752357,1.524940,0.082014,0.102014,0.102014,not_run,0.000000,0.000000,0.000000,0.000000,nadeem_6252,public-anchor-candidate,4,,,,0.000000,,0,0.000000,,0.000000,0.061194,in 10-20x10-20 -> out 2-3x2-4; pal 8->5,"train=5;test=1;crop,out_smaller,color_subset",Require semantic proof and pseudo-hidden audit; no raw public-source swap.,Require semantic proof and pseudo-hidden audit; no raw public-source swap.
task218,271,0,audit_before_swap,reduce,reduce,matches_cherrypick_unsafe_public,14.948006,23202.000000,23158.000000,44.000000,137.000000,9594.000000,3,3,178,178,12.000000,14.948006,23202.000000,afr1ste_5689_score_n3,0.000000,76,0.000000,0.217040,0.610000,0.480000,0.984806,1.519521,0.000000,0.101736,0.101736,not_run,0.000000,0.000000,0.000000,0.000000,candidate_v4,lb-verified-v4-anchor,13,,,,0.500000,has_lookup_ops,1,0.000000,,-0.000000,-0.000000,in 21-21x21-21 -> out 2-3x2-3; pal 8->7,"train=3;test=1;out_smaller,color_subset,reduce",Require semantic proof and pseudo-hidden audit; no raw public-source swap.,Require semantic proof and pseudo-hidden audit; no raw public-source swap.
task055,272,0,defer,other,other,,14.815477,26490.000000,25496.000000,994.000000,166.000000,13497.000000,3,3,161,161,3.000000,14.820018,26370.000000,afr1ste_5689_score_n3,0.004541,76,0.000000,0.246116,0.480000,0.360000,0.942319,1.539003,0.000000,0.099835,0.099835,not_run,0.000000,0.000000,0.000000,0.000000,candidate_v4,lb-verified-v4-anchor,7,,,,0.500000,fp16,0,0.000000,,-0.000000,-0.000000,in 12-18x14-19 -> out 12-18x14-19; pal 2->7,"train=2;test=1;shape_preserving,color_superset",Defer; revisit through family-level compiler rewrites or new public evidence.,Defer; revisit through family-level compiler rewrites or new public evidence.
task166,273,0,defer,other,other,,14.881845,24789.000000,24752.000000,37.000000,11.000000,1318.000000,3,3,168,168,3.000000,14.881845,24789.000000,afr1ste_5689_score_n3,0.000000,76,0.000000,0.246116,0.480000,0.360000,0.942319,1.535256,0.000000,0.099835,0.099835,not_run,0.000000,0.000000,0.000000,0.000000,candidate_v4,lb-verified-v4-anchor,8,,,,0.500000,fp16,0,0.000000,,0.000000,0.000000,in 7-14x8-10 -> out 7-14x8-10; pal 2->3,"train=3;test=1;shape_preserving,color_superset",Defer; revisit through family-level compiler rewrites or new public evidence.,Defer; revisit through family-level compiler rewrites or new public evidence.
task232,274,0,defer,other,other,,14.707956,29497.000000,29428.000000,69.000000,29.000000,1616.000000,3,3,151,151,3.000000,14.707956,29497.000000,afr1ste_5689_score_n3,0.000000,76,0.000000,0.246116,0.480000,0.360000,0.942319,1.545073,0.000000,0.099835,0.099835,not_run,0.000000,0.000000,0.000000,0.000000,candidate_v4,lb-verified-v4-anchor,8,,,,0.500000,fp16,0,0.000000,,-0.000000,-0.000000,in 7-10x8-12 -> out 7-10x8-12; pal 5->6,"train=3;test=1;shape_preserving,color_superset",Defer; revisit through family-level compiler rewrites or new public evidence.,Defer; revisit through family-level compiler rewrites or new public evidence.
task111,275,0,family_dsl,crop,crop,,18.319145,797.000000,772.000000,25.000000,15.000000,1499.000000,3,3,366,366,0.000000,18.319145,797.000000,afr1ste_5689_score_n3,0.000000,76,0.000000,0.254218,0.480000,0.580000,0.752357,1.319260,0.000000,0.099624,0.099624,not_run,0.000000,0.000000,0.000000,0.000000,candidate_v4,lb-verified-v4-anchor,8,,,,0.000000,,0,0.000000,,-0.000000,-0.000000,in 10-10x10-10 -> out 3-3x3-3; pal 5->4,"train=3;test=1;crop,out_smaller,color_subset",Route to family DSL/compiler search; record any exact rule.,Route to family DSL/compiler search; record any exact rule.
task207,276,0,family_dsl,crop,crop,,17.463636,1875.000000,1840.000000,35.000000,25.000000,1979.000000,3,3,319,319,0.000000,17.463636,1875.000000,afr1ste_5689_score_n3,0.000000,76,0.000000,0.254218,0.480000,0.580000,0.752357,1.367520,0.000000,0.099624,0.099624,not_run,0.000000,0.000000,0.000000,0.000000,candidate_v4,lb-verified-v4-anchor,8,,,,0.500000,fp16,0,0.000000,,-0.000000,-0.000000,in 5-5x5-5 -> out 2-2x2-2; pal 4->4,"train=3;test=1;crop,out_smaller,color_subset,color_superset,color_same",Route to family DSL/compiler search; record any exact rule.,Route to family DSL/compiler search; record any exact rule.
task394,277,0,family_dsl,crop,crop,,16.533469,4753.000000,4718.000000,35.000000,80.000000,3787.000000,3,3,295,295,0.000000,16.533469,4753.000000,afr1ste_5689_score_n3,0.000000,76,0.000000,0.254218,0.480000,0.580000,0.752357,1.420018,0.000000,0.099624,0.099624,not_run,0.000000,0.000000,0.000000,0.000000,candidate_v4,lb-verified-v4-anchor,7,,,,0.500000,fp16,0,0.000000,,0.000000,0.000000,in 4-7x4-7 -> out 1-2x1-2; pal 6->4,"train=3;test=1;crop,out_smaller,color_subset",Route to family DSL/compiler search; record any exact rule.,Route to family DSL/compiler search; record any exact rule.
task121,278,0,audit_before_swap,reduce,reduce,matches_cherrypick_unsafe_public,16.215838,6530.000000,6484.000000,46.000000,24.000000,3339.000000,3,3,280,280,10.000000,16.215838,6530.000000,afr1ste_5689_score_n3,0.000000,76,0.000000,0.217040,0.610000,0.480000,0.984806,1.447947,0.000000,0.099457,0.099457,not_run,0.000000,0.000000,0.000000,0.000000,candidate_v4,lb-verified-v4-anchor,13,,,,0.500000,has_lookup_ops,1,0.000000,,0.000000,0.000000,in 13-13x13-13 -> out 3-3x3-3; pal 7->4,"train=3;test=1;out_smaller,color_subset,reduce",Require semantic proof and pseudo-hidden audit; no raw public-source swap.,Require semantic proof and pseudo-hidden audit; no raw public-source swap.
task391,279,0,audit_before_swap,reduce,reduce,matches_cherrypick_unsafe_public,15.787562,10021.000000,9992.000000,29.000000,26.000000,2841.000000,3,3,243,243,10.000000,15.787562,10021.000000,afr1ste_5689_score_n3,0.000000,76,0.000000,0.217040,0.610000,0.480000,0.984806,1.472124,0.000000,0.099457,0.099457,not_run,0.000000,0.000000,0.000000,0.000000,candidate_v4,lb-verified-v4-anchor,13,,,,0.500000,has_lookup_ops,1,0.000000,,0.000000,0.000000,in 13-13x10-16 -> out 3-3x1-1; pal 7->6,"train=4;test=1;out_smaller,color_subset,reduce",Require semantic proof and pseudo-hidden audit; no raw public-source swap.,Require semantic proof and pseudo-hidden audit; no raw public-source swap.
task148,280,0,defer,other,other,,14.999885,22029.000000,21676.000000,353.000000,110.000000,6750.000000,3,3,183,183,2.000000,14.999885,22029.000000,afr1ste_5689_score_n3,0.000000,76,0.000000,0.246116,0.480000,0.360000,0.942319,1.528592,0.000000,0.098696,0.098696,not_run,0.000000,0.000000,0.000000,0.000000,candidate_v4,lb-verified-v4-anchor,8,,,,0.500000,fp16,0,0.000000,,0.000000,0.000000,in 19-20x8-10 -> out 19-20x8-10; pal 3->4,"train=3;test=1;shape_preserving,color_superset",Defer; revisit through family-level compiler rewrites or new public evidence.,Defer; revisit through family-level compiler rewrites or new public evidence.
task268,281,0,defer,other,other,,14.983764,22387.000000,22288.000000,99.000000,180.000000,13356.000000,3,3,180,180,2.000000,14.983764,22387.000000,afr1ste_5689_score_n3,0.000000,76,0.000000,0.246116,0.480000,0.360000,0.942319,1.529502,0.000000,0.098696,0.098696,not_run,0.000000,0.000000,0.000000,0.000000,candidate_v4,lb-verified-v4-anchor,8,,,,0.500000,fp16,0,0.000000,,-0.000000,-0.000000,in 6-9x6-9 -> out 6-9x6-9; pal 4->5,"train=3;test=1;shape_preserving,color_superset",Defer; revisit through family-level compiler rewrites or new public evidence.,Defer; revisit through family-level compiler rewrites or new public evidence.
task341,282,0,defer,other,other,,15.154936,18865.000000,18576.000000,289.000000,101.000000,8743.000000,3,3,198,198,2.000000,15.154936,18865.000000,afr1ste_5689_score_n3,0.000000,76,0.000000,0.246116,0.480000,0.360000,0.942319,1.519838,0.000000,0.098696,0.098696,not_run,0.000000,0.000000,0.000000,0.000000,candidate_v4,lb-verified-v4-anchor,8,,,,0.500000,fp16,0,0.000000,,-0.000000,-0.000000,in 10-10x10-10 -> out 10-10x10-10; pal 7->8,"train=3;test=1;shape_preserving,color_superset",Defer; revisit through family-level compiler rewrites or new public evidence.,Defer; revisit through family-level compiler rewrites or new public evidence.
task371,283,0,defer,other,other,,15.039140,21181.000000,21092.000000,89.000000,23.000000,1810.000000,3,3,187,187,2.000000,15.039140,21181.000000,afr1ste_5689_score_n3,0.000000,76,0.000000,0.246116,0.480000,0.360000,0.942319,1.526376,0.000000,0.098696,0.098696,not_run,0.000000,0.000000,0.000000,0.000000,candidate_v4,lb-verified-v4-anchor,8,,,,0.500000,fp16,0,0.000000,,-0.000000,-0.000000,in 10-10x10-10 -> out 10-10x10-10; pal 2->3,"train=2;test=2;shape_preserving,color_superset",Defer; revisit through family-level compiler rewrites or new public evidence.,Defer; revisit through family-level compiler rewrites or new public evidence.
task174,284,0,audit_before_swap,crop,crop,matches_cherrypick_unsafe_public,14.140636,52019.000000,51945.000000,74.000000,790.000000,61839.000000,3,3,105,105,15.000000,14.140636,52019.000000,biohack44_super_score_n3,0.000000,76,0.577123,0.203818,0.630000,0.500000,0.752357,1.743102,0.117628,0.098228,0.098228,not_run,0.000000,0.000000,0.000000,0.000000,nadeem_6252,public-anchor-candidate,4,,,,0.000000,,0,0.000000,,0.000000,0.020549,in 10-10x10-10 -> out 2-2x2-4; pal 8->4,"train=3;test=1;crop,out_smaller,color_subset",Require semantic proof and pseudo-hidden audit; no raw public-source swap.,Require semantic proof and pseudo-hidden audit; no raw public-source swap.
task115,285,0,family_dsl,reduce,reduce,,16.676634,4119.000000,4042.000000,77.000000,34.000000,5064.000000,3,3,299,299,0.000000,16.676634,4119.000000,candidate_v4_plus10_compiler2_score_n3,0.000000,76,0.000000,0.241840,0.580000,0.480000,0.984806,1.421937,0.000000,0.096465,0.096465,not_run,0.000000,0.000000,0.000000,0.000000,v4_plus10_compiler2_unique,lb-verified-current-anchor,0,,,,0.500000,has_lookup_ops,1,0.000000,,-0.000000,0.000728,in 9-14x7-16 -> out 1-4x1-3; pal 6->6,"train=3;test=1;out_smaller,color_subset,color_superset,color_same,reduce",Route to family DSL/compiler search; record any exact rule.,Route to family DSL/compiler search; record any exact rule.
task235,286,0,family_dsl,reduce,reduce,,17.810078,1326.000000,1212.000000,114.000000,35.000000,4028.000000,3,3,335,335,0.000000,17.810078,1326.000000,candidate_bio_t200_t084_score_n3,0.000000,76,0.000000,0.241840,0.580000,0.480000,0.984806,1.357973,0.000000,0.096465,0.096465,not_run,0.000000,0.000000,0.000000,0.000000,candidate_v4,lb-verified-v4-anchor,3,,,,1.000000,has_lookup_ops;fp16,1,0.000000,,0.000000,0.000000,in 4-4x14-14 -> out 3-3x3-3; pal 2->4,"train=4;test=1;out_smaller,color_disjoint,reduce",Route to family DSL/compiler search; record any exact rule.,Route to family DSL/compiler search; record any exact rule.
task393,287,0,family_dsl,reduce,reduce,,18.870950,459.000000,450.000000,9.000000,25.000000,1538.000000,3,3,375,375,0.000000,18.870950,459.000000,candidate_nadeem6252_plus_ours_38_score_n3,0.000000,76,0.000000,0.241840,0.580000,0.480000,0.984806,1.298159,0.000000,0.096465,0.096465,not_run,0.000000,0.000000,0.000000,0.000000,candidate_v4,lb-verified-v4-anchor,3,,,,0.500000,has_lookup_ops,1,0.000000,,0.000000,2.549071,in 12-12x12-12 -> out 3-3x1-1; pal 7->6,"train=3;test=1;out_smaller,color_subset,reduce",Route to family DSL/compiler search; record any exact rule.,Route to family DSL/compiler search; record any exact rule.
task050,288,0,defer,other,other,,15.843588,9475.000000,9225.000000,250.000000,21.000000,2006.000000,3,3,247,247,0.000000,15.843588,9475.000000,afr1ste_5689_score_n3,0.000000,76,0.000000,0.246116,0.480000,0.360000,0.942319,1.480961,0.000000,0.096417,0.096417,not_run,0.000000,0.000000,0.000000,0.000000,candidate_v4,lb-verified-v4-anchor,7,,,,0.000000,,0,0.000000,,0.000000,0.000000,in 3-12x3-13 -> out 3-12x3-13; pal 2->3,"train=8;test=1;shape_preserving,color_superset",Defer; revisit through family-level compiler rewrites or new public evidence.,Defer; revisit through family-level compiler rewrites or new public evidence.
task060,289,0,defer,other,other,,16.372877,5581.000000,5400.000000,181.000000,20.000000,2458.000000,3,3,286,286,0.000000,16.372877,5581.000000,afr1ste_5689_score_n3,0.000000,76,0.000000,0.246116,0.480000,0.360000,0.942319,1.451083,0.000000,0.096417,0.096417,not_run,0.000000,0.000000,0.000000,0.000000,candidate_v4,lb-verified-v4-anchor,8,,,,0.500000,fp16,0,0.000000,,0.000000,0.000000,in 5-5x11-11 -> out 5-5x11-11; pal 5->6,"train=2;test=1;shape_preserving,color_superset",Defer; revisit through family-level compiler rewrites or new public evidence.,Defer; revisit through family-level compiler rewrites or new public evidence.
task151,290,0,defer,other,other,,18.186555,910.000000,0.000000,910.000000,1.000000,3880.000000,3,3,348,348,0.000000,18.186555,910.000000,afr1ste_5689_score_n3,0.000000,76,0.000000,0.246116,0.480000,0.360000,0.942319,1.348737,0.000000,0.096417,0.096417,not_run,0.000000,0.000000,0.000000,0.000000,candidate_v4,lb-verified-v4-anchor,8,,,,1.000000,high_init_ratio,0,0.000000,,-0.000000,-0.000000,in 4-8x4-8 -> out 4-8x4-8; pal 7->8,"train=3;test=1;shape_preserving,color_superset",Defer; revisit through family-level compiler rewrites or new public evidence.,Defer; revisit through family-level compiler rewrites or new public evidence.
task176,291,0,defer,other,other,,16.022854,7920.000000,7800.000000,120.000000,7.000000,1126.000000,3,3,262,262,0.000000,16.022854,7920.000000,afr1ste_5689_score_n3,0.000000,76,0.000000,0.246116,0.480000,0.360000,0.942319,1.470841,0.000000,0.096417,0.096417,not_run,0.000000,0.000000,0.000000,0.000000,candidate_v4,lb-verified-v4-anchor,8,,,,0.500000,fp16,0,0.000000,,0.000000,0.000000,in 3-3x10-18 -> out 3-3x10-18; pal 2->3,"train=3;test=1;shape_preserving,color_superset",Defer; revisit through family-level compiler rewrites or new public evidence.,Defer; revisit through family-level compiler rewrites or new public evidence.
task226,292,0,defer,other,other,,16.376826,5559.000000,5408.000000,151.000000,39.000000,3203.000000,3,3,287,287,0.000000,16.376826,5559.000000,afr1ste_5689_score_n3,0.000000,76,0.000000,0.246116,0.480000,0.360000,0.942319,1.450860,0.000000,0.096417,0.096417,not_run,0.000000,0.000000,0.000000,0.000000,candidate_v4,lb-verified-v4-anchor,8,,,,0.500000,fp16,0,0.000000,,-0.000000,-0.000000,in 10-10x10-10 -> out 10-10x10-10; pal 2->5,"train=3;test=1;shape_preserving,color_superset",Defer; revisit through family-level compiler rewrites or new public evidence.,Defer; revisit through family-level compiler rewrites or new public evidence.
task258,293,0,defer,other,other,,19.924826,160.000000,0.000000,160.000000,1.000000,880.000000,3,3,385,385,0.000000,19.924826,160.000000,afr1ste_5689_score_n3,0.000000,76,0.000000,0.246116,0.480000,0.360000,0.942319,1.250887,0.000000,0.096417,0.096417,not_run,0.000000,0.000000,0.000000,0.000000,candidate_v4,lb-verified-v4-anchor,6,,,,1.000000,high_init_ratio,0,0.000000,,-0.000000,-0.000000,in 5-10x5-10 -> out 5-10x5-10; pal 2->3,"train=3;test=1;shape_preserving,color_superset",Defer; revisit through family-level compiler rewrites or new public evidence.,Defer; revisit through family-level compiler rewrites or new public evidence.
task299,294,0,defer,other,other,,17.510029,1790.000000,1728.000000,62.000000,21.000000,1405.000000,3,3,330,330,0.000000,17.510029,1790.000000,afr1ste_5689_score_n3,0.000000,76,0.000000,0.246116,0.480000,0.360000,0.942319,1.386902,0.000000,0.096417,0.096417,not_run,0.000000,0.000000,0.000000,0.000000,candidate_v4,lb-verified-v4-anchor,8,,,,0.500000,fp16,0,0.000000,,-0.000000,-0.000000,in 6-6x6-6 -> out 6-6x6-6; pal 3->4,"train=2;test=1;shape_preserving,color_superset",Defer; revisit through family-level compiler rewrites or new public evidence.,Defer; revisit through family-level compiler rewrites or new public evidence.
task271,295,0,audit_before_swap,crop,crop,matches_cherrypick_unsafe_public,14.725259,28991.000000,28928.000000,63.000000,22.000000,1993.000000,3,3,157,157,13.000000,14.725259,28991.000000,afr1ste_5689_score_n3,0.000000,76,0.000000,0.223018,0.550000,0.580000,0.752357,1.522096,0.000000,0.094834,0.094834,not_run,0.000000,0.000000,0.000000,0.000000,candidate_v4,lb-verified-v4-anchor,13,,,,0.000000,,0,0.000000,,-0.000000,-0.000000,in 9-9x9-9 -> out 3-3x3-3; pal 3->2,"train=4;test=1;crop,out_smaller,color_subset",Require semantic proof and pseudo-hidden audit; no raw public-source swap.,Require semantic proof and pseudo-hidden audit; no raw public-source swap.
task259,296,0,audit_before_swap,reduce,reduce,matches_cherrypick_unsafe_public,16.169018,6843.000000,6793.000000,50.000000,30.000000,3882.000000,3,3,277,277,10.000000,16.169018,6843.000000,biohack44_super_score_n3,0.000000,76,0.000000,0.213840,0.630000,0.480000,0.984806,1.450590,0.000000,0.093857,0.093857,not_run,0.000000,0.000000,0.000000,0.000000,nadeem_6252,public-anchor-candidate,4,,,,0.000000,,0,0.000000,,-0.000000,0.006118,in 5-7x6-7 -> out 2-3x2-3; pal 5->5,"train=3;test=1;out_smaller,reduce",Require semantic proof and pseudo-hidden audit; no raw public-source swap.,Require semantic proof and pseudo-hidden audit; no raw public-source swap.
task274,297,0,audit_before_swap,reduce,reduce,matches_cherrypick_unsafe_public,15.942694,8581.000000,8192.000000,389.000000,16.000000,3619.000000,3,3,256,256,10.000000,15.942694,8581.000000,biohack44_super_score_n3,0.000000,76,0.000000,0.213840,0.630000,0.480000,0.984806,1.463367,0.000000,0.093857,0.093857,not_run,0.000000,0.000000,0.000000,0.000000,nadeem_6252,public-anchor-candidate,4,,,,0.000000,,0,0.000000,,-0.000000,0.020759,in 5-9x6-9 -> out 3-3x3-3; pal 3->2,"train=6;test=1;out_smaller,color_subset,reduce",Require semantic proof and pseudo-hidden audit; no raw public-source swap.,Require semantic proof and pseudo-hidden audit; no raw public-source swap.
task304,298,0,family_dsl,tiling,tiling,,15.418510,14494.000000,14476.000000,18.000000,17.000000,1814.000000,3,3,214,214,1.000000,15.418510,14494.000000,candidate_nadeem6252_plus_ours_38_score_n3,0.000000,76,0.000000,0.248618,0.560000,0.680000,0.736364,1.472958,0.000000,0.092485,0.092485,not_run,0.000000,0.000000,0.000000,0.000000,nadeem_6252,public-anchor-candidate,2,,,,0.000000,,0,0.000000,,0.000000,0.005504,in 3-3x3-3 -> out 9-9x9-9; pal 6->7,"train=3;test=1;tile,out_larger,color_superset",Route to family DSL/compiler search; record any exact rule.,Route to family DSL/compiler search; record any exact rule.
task310,299,0,family_dsl,crop,crop,,14.844237,25739.000000,25573.000000,166.000000,42.000000,3379.000000,3,3,164,164,3.000000,14.844237,25739.000000,candidate_nadeem6252_plus_ours_38_score_n3,0.000000,76,0.000000,0.247818,0.520000,0.580000,0.752357,1.515379,0.000000,0.091842,0.091842,not_run,0.000000,0.000000,0.000000,0.000000,candidate_v4,lb-verified-v4-anchor,3,,,,0.000000,,0,0.000000,,-0.000000,0.827392,in 24-28x24-28 -> out 7-7x7-7; pal 8->7,"train=3;test=1;crop,out_smaller,color_subset",Route to family DSL/compiler search; record any exact rule.,Route to family DSL/compiler search; record any exact rule.
task104,300,0,family_dsl,tiling,tiling,,16.788789,3682.000000,2692.000000,990.000000,21.000000,3505.000000,3,3,304,304,0.000000,16.788789,3682.000000,candidate_nadeem6252_plus_ours_38_score_n3,0.000000,76,0.000000,0.248618,0.560000,0.680000,0.736364,1.395606,0.000000,0.091345,0.091345,not_run,0.000000,0.000000,0.000000,0.000000,nadeem_6252,public-anchor-candidate,2,,,,0.500000,fp16,0,0.000000,,0.000000,0.021495,in 3-3x3-3 -> out 9-9x9-9; pal 3->2,"train=2;test=1;tile,out_larger,color_subset",Route to family DSL/compiler search; record any exact rule.,Route to family DSL/compiler search; record any exact rule.
task125,301,0,audit_before_swap,other,other,matches_cherrypick_unsafe_public,15.495722,13417.000000,13170.000000,247.000000,28.000000,3032.000000,3,3,218,218,11.000000,15.495722,13417.000000,afr1ste_5689_score_n3,0.000000,76,0.000000,0.214916,0.550000,0.360000,0.942319,1.500599,0.000000,0.089349,0.089349,not_run,0.000000,0.000000,0.000000,0.000000,candidate_v4,lb-verified-v4-anchor,13,,,,0.000000,,0,0.000000,,-0.000000,-0.000000,in 15-15x15-15 -> out 15-15x15-15; pal 2->4,"train=2;test=1;shape_preserving,color_superset",Require semantic proof and pseudo-hidden audit; no raw public-source swap.,Require semantic proof and pseudo-hidden audit; no raw public-source swap.
task199,302,0,audit_before_swap,other,other,matches_cherrypick_unsafe_public,15.309891,16157.000000,16103.000000,54.000000,22.000000,2948.000000,3,3,204,204,11.000000,15.309891,16157.000000,afr1ste_5689_score_n3,0.000000,76,0.000000,0.214916,0.550000,0.360000,0.942319,1.511090,0.000000,0.089349,0.089349,not_run,0.000000,0.000000,0.000000,0.000000,candidate_v4,lb-verified-v4-anchor,13,,,,0.000000,,0,0.000000,,-0.000000,-0.000000,in 3-9x3-9 -> out 3-9x3-9; pal 4->5,"train=3;test=1;shape_preserving,color_superset",Require semantic proof and pseudo-hidden audit; no raw public-source swap.,Require semantic proof and pseudo-hidden audit; no raw public-source swap.
task246,303,0,audit_before_swap,other,other,public_slowest;matches_cherrypick_unsafe_public,15.497662,13391.000000,12960.000000,431.000000,31.000000,3824.000000,3,3,219,219,11.000000,15.497662,13391.000000,afr1ste_5689_score_n3,0.000000,76,0.000000,0.214916,0.550000,0.360000,0.942319,1.500490,0.000000,0.089349,0.089349,not_run,0.000000,0.000000,0.000000,0.000000,candidate_v4,lb-verified-v4-anchor,13,,,,0.000000,,0,0.000000,,0.000000,0.000000,in 10-15x14-16 -> out 10-15x14-16; pal 3->4,"train=3;test=1;shape_preserving,color_superset",Require semantic proof and pseudo-hidden audit; no raw public-source swap.,Require semantic proof and pseudo-hidden audit; no raw public-source swap.
task319,304,0,frozen,crop,crop,public_overfit_risk,14.580461,33508.000000,33406.000000,102.000000,66.000000,5710.000000,3,3,141,141,39.000000,15.138168,19184.000000,afr1ste_6284_score_n1,0.557707,76,1.157707,0.109518,0.980000,0.740000,0.802357,1.434271,0.126790,0.088875,0.088875,hidden_safety_failed,0.000000,0.000000,0.000000,0.000000,candidate_v4,lb-verified-v4-anchor,3,prototype_task319.py,build_task319_base_selector_decision.py;build_task319_base_selector_render.py;build_task319_base_selector_solver.py;build_task319_candidate_features.py;build_task319_compress_features.py;build_task319_features.py;build_task319_match_features.py;build_task319_packed_compressed.py,task319_onnx_feasibility.md,0.500000,has_lookup_ops,1,0.000000,,0.000000,6.666504,in 15-19x17-18 -> out 3-5x3-5; pal 6->5,"train=4;test=1;crop,out_smaller,color_subset",hidden safety failed | best-seen +0.56 | prototype | builder | FROZEN: no submission path; revisit only with a new hidden-safety theory.,FROZEN: no submission path; revisit only with a new hidden-safety theory.
task156,305,0,defer,other,other,,14.824541,26251.000000,24352.000000,1899.000000,371.000000,48746.000000,3,3,163,163,3.000000,14.824541,26251.000000,candidate_v4_plus10_compiler2_score_n3,0.000000,76,0.000000,0.239716,0.520000,0.360000,0.942319,1.538491,0.000000,0.088635,0.088635,not_run,0.000000,0.000000,0.000000,0.000000,v4_plus10_compiler2_unique,lb-verified-current-anchor,0,,,,0.500000,fp16,0,0.000000,,0.000000,0.811561,in 10-10x10-10 -> out 10-10x10-10; pal 2->4,"train=2;test=1;shape_preserving,color_superset",Defer; revisit through family-level compiler rewrites or new public evidence.,Defer; revisit through family-level compiler rewrites or new public evidence.
task043,306,0,audit_before_swap,other,other,matches_cherrypick_unsafe_public,16.129477,7119.000000,6980.000000,139.000000,9.000000,1966.000000,3,3,275,275,10.000000,16.129477,7119.000000,afr1ste_5689_score_n3,0.000000,76,0.000000,0.214916,0.550000,0.360000,0.942319,1.464822,0.000000,0.088210,0.088210,not_run,0.000000,0.000000,0.000000,0.000000,candidate_v4,lb-verified-v4-anchor,13,,,,0.000000,,0,0.000000,,-0.000000,-0.000000,in 10-10x10-10 -> out 10-10x10-10; pal 2->3,"train=3;test=1;shape_preserving,color_superset",Require semantic proof and pseudo-hidden audit; no raw public-source swap.,Require semantic proof and pseudo-hidden audit; no raw public-source swap.
task081,307,0,audit_before_swap,other,other,matches_cherrypick_unsafe_public,17.256297,2307.000000,2198.000000,109.000000,35.000000,3749.000000,3,3,314,314,10.000000,17.256297,2307.000000,afr1ste_5689_score_n3,0.000000,76,0.000000,0.214916,0.550000,0.360000,0.942319,1.401221,0.000000,0.088210,0.088210,not_run,0.000000,0.000000,0.000000,0.000000,candidate_v4,lb-verified-v4-anchor,13,,,,0.000000,,0,0.000000,,0.000000,0.000000,in 7-7x7-7 -> out 7-7x7-7; pal 2->3,"train=2;test=1;shape_preserving,color_superset",Require semantic proof and pseudo-hidden audit; no raw public-source swap.,Require semantic proof and pseudo-hidden audit; no raw public-source swap.
task095,308,0,audit_before_swap,other,other,matches_cherrypick_unsafe_public,18.186555,910.000000,0.000000,910.000000,1.000000,3950.000000,3,3,344,344,10.000000,18.186555,910.000000,afr1ste_5689_score_n3,0.000000,76,0.000000,0.214916,0.550000,0.360000,0.942319,1.348737,0.000000,0.088210,0.088210,not_run,0.000000,0.000000,0.000000,0.000000,candidate_v4,lb-verified-v4-anchor,13,,,,1.000000,high_init_ratio,0,0.000000,,-0.000000,-0.000000,in 9-9x9-9 -> out 9-9x9-9; pal 2->3,"train=2;test=1;shape_preserving,color_superset",Require semantic proof and pseudo-hidden audit; no raw public-source swap.,Require semantic proof and pseudo-hidden audit; no raw public-source swap.
task120,309,0,audit_before_swap,other,other,matches_cherrypick_unsafe_public,18.186555,910.000000,0.000000,910.000000,1.000000,3836.000000,3,3,346,346,10.000000,18.186555,910.000000,afr1ste_5689_score_n3,0.000000,76,0.000000,0.214916,0.550000,0.360000,0.942319,1.348737,0.000000,0.088210,0.088210,not_run,0.000000,0.000000,0.000000,0.000000,candidate_v4,lb-verified-v4-anchor,13,,,,1.000000,high_init_ratio,0,0.000000,,-0.000000,-0.000000,in 12-13x11-15 -> out 12-13x11-15; pal 4->5,"train=3;test=1;shape_preserving,color_superset",Require semantic proof and pseudo-hidden audit; no raw public-source swap.,Require semantic proof and pseudo-hidden audit; no raw public-source swap.
task139,310,0,audit_before_swap,other,other,matches_cherrypick_unsafe_public,16.803012,3630.000000,3456.000000,174.000000,33.000000,3865.000000,3,3,306,306,10.000000,16.803012,3630.000000,afr1ste_5689_score_n3,0.000000,76,0.000000,0.214916,0.550000,0.360000,0.942319,1.426803,0.000000,0.088210,0.088210,not_run,0.000000,0.000000,0.000000,0.000000,candidate_v4,lb-verified-v4-anchor,13,,,,0.000000,,0,0.000000,,-0.000000,-0.000000,in 9-9x9-9 -> out 9-9x9-9; pal 2->3,"train=2;test=1;shape_preserving,color_superset",Require semantic proof and pseudo-hidden audit; no raw public-source swap.,Require semantic proof and pseudo-hidden audit; no raw public-source swap.
task147,311,0,audit_before_swap,other,other,matches_cherrypick_unsafe_public,18.186555,910.000000,0.000000,910.000000,1.000000,3825.000000,3,3,347,347,10.000000,18.186555,910.000000,afr1ste_5689_score_n3,0.000000,76,0.000000,0.214916,0.550000,0.360000,0.942319,1.348737,0.000000,0.088210,0.088210,not_run,0.000000,0.000000,0.000000,0.000000,candidate_v4,lb-verified-v4-anchor,13,,,,1.000000,high_init_ratio,0,0.000000,,-0.000000,-0.000000,in 3-5x3-6 -> out 3-5x3-6; pal 2->3,"train=4;test=1;shape_preserving,color_superset",Require semantic proof and pseudo-hidden audit; no raw public-source swap.,Require semantic proof and pseudo-hidden audit; no raw public-source swap.
task171,312,0,audit_before_swap,other,other,matches_cherrypick_unsafe_public,18.186555,910.000000,0.000000,910.000000,1.000000,3825.000000,3,3,349,349,10.000000,18.186555,910.000000,afr1ste_5689_score_n3,0.000000,76,0.000000,0.214916,0.550000,0.360000,0.942319,1.348737,0.000000,0.088210,0.088210,not_run,0.000000,0.000000,0.000000,0.000000,candidate_v4,lb-verified-v4-anchor,13,,,,1.000000,high_init_ratio,0,0.000000,,-0.000000,-0.000000,in 3-5x3-6 -> out 3-5x3-6; pal 1->2,"train=4;test=1;shape_preserving,color_superset",Require semantic proof and pseudo-hidden audit; no raw public-source swap.,Require semantic proof and pseudo-hidden audit; no raw public-source swap.
task220,313,0,audit_before_swap,other,other,matches_cherrypick_unsafe_public,18.197605,900.000000,0.000000,900.000000,1.000000,3798.000000,3,3,357,357,10.000000,18.197605,900.000000,afr1ste_5689_score_n3,0.000000,76,0.000000,0.214916,0.550000,0.360000,0.942319,1.348114,0.000000,0.088210,0.088210,not_run,0.000000,0.000000,0.000000,0.000000,candidate_v4,lb-verified-v4-anchor,13,,,,1.000000,high_init_ratio,0,0.000000,,-0.000000,-0.000000,in 6-16x6-16 -> out 6-16x6-16; pal 4->7,"train=4;test=1;shape_preserving,color_superset",Require semantic proof and pseudo-hidden audit; no raw public-source swap.,Require semantic proof and pseudo-hidden audit; no raw public-source swap.
task272,314,0,audit_before_swap,other,other,matches_cherrypick_unsafe_public,18.186555,910.000000,0.000000,910.000000,1.000000,3825.000000,3,3,351,351,10.000000,18.186555,910.000000,afr1ste_5689_score_n3,0.000000,76,0.000000,0.214916,0.550000,0.360000,0.942319,1.348737,0.000000,0.088210,0.088210,not_run,0.000000,0.000000,0.000000,0.000000,candidate_v4,lb-verified-v4-anchor,13,,,,1.000000,high_init_ratio,0,0.000000,,-0.000000,-0.000000,in 3-5x3-4 -> out 3-5x3-4; pal 2->3,"train=4;test=1;shape_preserving,color_superset",Require semantic proof and pseudo-hidden audit; no raw public-source swap.,Require semantic proof and pseudo-hidden audit; no raw public-source swap.
task273,315,0,audit_before_swap,other,other,matches_cherrypick_unsafe_public,16.294338,6037.000000,6000.000000,37.000000,22.000000,2414.000000,3,3,283,283,10.000000,16.311041,5937.000000,afr1ste_5689_score_n3,0.016703,76,0.000000,0.214916,0.550000,0.360000,0.942319,1.455516,0.000000,0.088210,0.088210,not_run,0.000000,0.000000,0.000000,0.000000,candidate_v4,lb-verified-v4-anchor,12,,,,0.000000,,0,0.000000,,0.000000,0.000000,in 10-10x10-10 -> out 10-10x10-10; pal 2->3,"train=3;test=1;shape_preserving,color_superset",Require semantic proof and pseudo-hidden audit; no raw public-source swap.,Require semantic proof and pseudo-hidden audit; no raw public-source swap.
task294,316,0,audit_before_swap,other,other,matches_cherrypick_unsafe_public,18.186555,910.000000,0.000000,910.000000,1.000000,3825.000000,3,3,353,353,10.000000,18.186555,910.000000,afr1ste_5689_score_n3,0.000000,76,0.000000,0.214916,0.550000,0.360000,0.942319,1.348737,0.000000,0.088210,0.088210,not_run,0.000000,0.000000,0.000000,0.000000,candidate_v4,lb-verified-v4-anchor,13,,,,1.000000,high_init_ratio,0,0.000000,,-0.000000,-0.000000,in 10-10x10-10 -> out 10-10x10-10; pal 2->3,"train=2;test=1;shape_preserving,color_superset",Require semantic proof and pseudo-hidden audit; no raw public-source swap.,Require semantic proof and pseudo-hidden audit; no raw public-source swap.
task320,317,0,audit_before_swap,other,other,matches_cherrypick_unsafe_public,16.445511,5190.000000,5049.000000,141.000000,19.000000,2183.000000,3,3,290,290,10.000000,16.445511,5190.000000,afr1ste_5689_score_n3,0.000000,76,0.000000,0.214916,0.550000,0.360000,0.942319,1.446983,0.000000,0.088210,0.088210,not_run,0.000000,0.000000,0.000000,0.000000,candidate_v4,lb-verified-v4-anchor,13,,,,0.000000,,0,0.000000,,-0.000000,-0.000000,in 7-9x9-9 -> out 7-9x9-9; pal 2->3,"train=3;test=1;shape_preserving,color_superset",Require semantic proof and pseudo-hidden audit; no raw public-source swap.,Require semantic proof and pseudo-hidden audit; no raw public-source swap.
task331,318,0,audit_before_swap,other,other,matches_cherrypick_unsafe_public,18.186555,910.000000,0.000000,910.000000,1.000000,3836.000000,3,3,354,354,10.000000,18.186555,910.000000,afr1ste_5689_score_n3,0.000000,76,0.000000,0.214916,0.550000,0.360000,0.942319,1.348737,0.000000,0.088210,0.088210,not_run,0.000000,0.000000,0.000000,0.000000,candidate_v4,lb-verified-v4-anchor,13,,,,1.000000,high_init_ratio,0,0.000000,,-0.000000,-0.000000,in 10-10x10-10 -> out 10-10x10-10; pal 2->6,"train=2;test=1;shape_preserving,color_superset",Require semantic proof and pseudo-hidden audit; no raw public-source swap.,Require semantic proof and pseudo-hidden audit; no raw public-source swap.
task336,319,0,audit_before_swap,other,other,matches_cherrypick_unsafe_public,16.294503,6036.000000,5900.000000,136.000000,54.000000,5276.000000,3,3,284,284,10.000000,16.294503,6036.000000,afr1ste_5689_score_n3,0.000000,76,0.000000,0.214916,0.550000,0.360000,0.942319,1.455507,0.000000,0.088210,0.088210,not_run,0.000000,0.000000,0.000000,0.000000,candidate_v4,lb-verified-v4-anchor,13,,,,0.000000,,0,0.000000,,-0.000000,-0.000000,in 10-10x10-10 -> out 10-10x10-10; pal 2->3,"train=2;test=1;shape_preserving,color_superset",Require semantic proof and pseudo-hidden audit; no raw public-source swap.,Require semantic proof and pseudo-hidden audit; no raw public-source swap.
task348,320,0,audit_before_swap,other,other,matches_cherrypick_unsafe_public,16.103412,7307.000000,7168.000000,139.000000,29.000000,3000.000000,3,3,271,271,10.000000,16.117192,7207.000000,afr1ste_5689_score_n3,0.013780,76,0.000000,0.214916,0.550000,0.360000,0.942319,1.466294,0.000000,0.088210,0.088210,not_run,0.000000,0.000000,0.000000,0.000000,candidate_v4,lb-verified-v4-anchor,12,,,,0.000000,,0,0.000000,,0.000000,0.000000,in 5-7x7-8 -> out 5-7x7-8; pal 2->3,"train=2;test=1;shape_preserving,color_superset",Require semantic proof and pseudo-hidden audit; no raw public-source swap.,Require semantic proof and pseudo-hidden audit; no raw public-source swap.
task352,321,0,audit_before_swap,other,other,matches_cherrypick_unsafe_public,16.201243,6626.000000,6600.000000,26.000000,11.000000,1398.000000,3,3,278,278,10.000000,16.201243,6626.000000,afr1ste_5689_score_n3,0.000000,76,0.000000,0.214916,0.550000,0.360000,0.942319,1.460771,0.000000,0.088210,0.088210,not_run,0.000000,0.000000,0.000000,0.000000,candidate_v4,lb-verified-v4-anchor,13,,,,0.000000,,0,0.000000,,-0.000000,-0.000000,in 4-8x5-8 -> out 4-8x5-8; pal 5->6,"train=3;test=1;shape_preserving,color_superset",Require semantic proof and pseudo-hidden audit; no raw public-source swap.,Require semantic proof and pseudo-hidden audit; no raw public-source swap.
task046,322,0,defer,trim_border,trim_border;reduce,,14.582911,33426.000000,32560.000000,866.000000,73.000000,5299.000000,3,3,142,142,4.000000,14.582911,33426.000000,afr1ste_5689_score_n3,0.000000,76,0.422327,0.240663,0.480000,0.620000,0.417269,1.526133,0.101639,0.087295,0.087295,not_run,0.000000,0.000000,0.000000,0.000000,candidate_v4,lb-verified-v4-anchor,8,,,,0.500000,fp16,0,0.000000,,0.000000,0.000000,in 3-3x9-11 -> out 3-3x7-9; pal 7->6,"train=4;test=1;trim_border,out_smaller,color_subset,reduce",Defer; revisit through family-level compiler rewrites or new public evidence.,Defer; revisit through family-level compiler rewrites or new public evidence.
task058,323,0,defer,other,other,,15.314295,16086.000000,9660.000000,6426.000000,16.000000,14194.000000,3,3,205,205,1.000000,15.314295,16086.000000,candidate_v4_plus10_compiler2_score_n3,0.000000,76,0.000000,0.239716,0.520000,0.360000,0.942319,1.510842,0.000000,0.086357,0.086357,not_run,0.000000,0.000000,0.000000,0.000000,v4_plus10_compiler2_unique,lb-verified-current-anchor,0,,,,1.500000,high_init_ratio;fp16,0,0.000000,,-0.000000,0.001180,in 6-15x6-15 -> out 6-15x6-15; pal 1->2,"train=5;test=1;shape_preserving,color_superset",Defer; revisit through family-level compiler rewrites or new public evidence.,Defer; revisit through family-level compiler rewrites or new public evidence.
task119,324,0,defer,other,other,,15.280435,16640.000000,16539.000000,101.000000,140.000000,8400.000000,3,3,203,203,1.000000,15.280435,16640.000000,candidate_nadeem6252_plus_ours_38_score_n3,0.000000,76,0.000000,0.239716,0.520000,0.360000,0.942319,1.512753,0.000000,0.086357,0.086357,not_run,0.000000,0.000000,0.000000,0.000000,candidate_v4,lb-verified-v4-anchor,3,,,,0.500000,fp16,0,0.000000,,-0.000000,1.056220,in 12-12x12-12 -> out 12-12x12-12; pal 3->4,"train=3;test=1;shape_preserving,color_superset",Defer; revisit through family-level compiler rewrites or new public evidence.,Defer; revisit through family-level compiler rewrites or new public evidence.
task376,325,0,compiler_golf,expand,expand,v4_plus10_changed,15.424114,14413.000000,14262.000000,151.000000,40.000000,2623.000000,3,3,215,215,1.000000,15.424114,14413.000000,candidate_v4_plus10_compiler2_score_n3,0.000000,76,0.485161,0.224663,0.520000,0.500000,0.417269,1.290642,0.108998,0.086355,0.086355,not_run,0.000000,0.000000,0.000000,0.000000,v4_plus10_compiler2_unique,lb-verified-current-anchor,0,,,,0.500000,fp16,0,0.485161,compiler_golf_probe_v2_candidates.csv: removed terminal Cast; graph output now out_b as BOOL[1x10x30x30],0.485161,1.035219,in 3-4x17-17 -> out 9-13x17-17; pal 3->3,"train=2;test=1;out_larger,color_subset,color_superset,color_same,expand",compiler +0.49 | Defer; revisit through family-level compiler rewrites or new public evidence.,Defer; revisit through family-level compiler rewrites or new public evidence.
task010,326,0,family_dsl,color_fill,color_fill,,16.479612,5016.000000,4939.000000,77.000000,60.000000,4038.000000,3,3,291,291,0.000000,16.479612,5016.000000,afr1ste_5689_score_n3,0.000000,76,0.000000,0.245867,0.480000,0.440000,0.809332,1.437058,0.000000,0.086080,0.086080,not_run,0.000000,0.000000,0.000000,0.000000,candidate_v4,lb-verified-v4-anchor,8,,,,0.500000,fp16,0,0.000000,,0.000000,0.000000,in 9-9x9-9 -> out 9-9x9-9; pal 2->5,"train=2;test=1;shape_preserving,color_fill",Route to family DSL/compiler search; record any exact rule.,Route to family DSL/compiler search; record any exact rule.
task052,327,0,family_dsl,color_fill,color_fill,,17.886858,1228.000000,1185.000000,43.000000,11.000000,986.000000,3,3,338,338,0.000000,17.886858,1228.000000,afr1ste_5689_score_n3,0.000000,76,0.000000,0.245867,0.480000,0.440000,0.809332,1.357642,0.000000,0.086080,0.086080,not_run,0.000000,0.000000,0.000000,0.000000,candidate_v4,lb-verified-v4-anchor,8,,,,0.500000,fp16,0,0.000000,,0.000000,0.000000,in 3-3x3-3 -> out 3-3x3-3; pal 7->2,"train=4;test=1;shape_preserving,color_disjoint,color_fill",Route to family DSL/compiler search; record any exact rule.,Route to family DSL/compiler search; record any exact rule.
task167,328,0,family_dsl,color_fill,color_fill,,18.470581,685.000000,391.000000,294.000000,9.000000,1673.000000,3,3,371,371,0.000000,18.470581,685.000000,afr1ste_5689_score_n3,0.000000,76,0.000000,0.245867,0.480000,0.440000,0.809332,1.324722,0.000000,0.086080,0.086080,not_run,0.000000,0.000000,0.000000,0.000000,candidate_v4,lb-verified-v4-anchor,7,,,,0.500000,fp16,0,0.000000,,-0.000000,-0.000000,in 3-3x3-3 -> out 3-3x3-3; pal 3->2,"train=5;test=1;shape_preserving,color_disjoint,color_fill",Route to family DSL/compiler search; record any exact rule.,Route to family DSL/compiler search; record any exact rule.
task229,329,0,family_dsl,color_fill,color_fill,,17.749364,1409.000000,1364.000000,45.000000,14.000000,1379.000000,3,3,334,334,0.000000,17.749364,1409.000000,afr1ste_5689_score_n3,0.000000,76,0.000000,0.245867,0.480000,0.440000,0.809332,1.365398,0.000000,0.086080,0.086080,not_run,0.000000,0.000000,0.000000,0.000000,candidate_v4,lb-verified-v4-anchor,8,,,,0.500000,fp16,0,0.000000,,-0.000000,-0.000000,in 3-3x3-3 -> out 3-3x3-3; pal 5->4,"train=4;test=1;shape_preserving,color_fill",Route to family DSL/compiler search; record any exact rule.,Route to family DSL/compiler search; record any exact rule.
task254,330,0,family_dsl,color_fill,color_fill,,16.018318,7956.000000,7798.000000,158.000000,49.000000,4960.000000,3,3,261,261,0.000000,16.018318,7956.000000,afr1ste_5689_score_n3,0.000000,76,0.000000,0.245867,0.480000,0.440000,0.809332,1.463097,0.000000,0.086080,0.086080,not_run,0.000000,0.000000,0.000000,0.000000,candidate_v4,lb-verified-v4-anchor,7,,,,0.500000,fp16,0,0.000000,,-0.000000,-0.000000,in 9-9x9-9 -> out 9-9x9-9; pal 2->3,"train=2;test=1;shape_preserving,color_fill",Route to family DSL/compiler search; record any exact rule.,Route to family DSL/compiler search; record any exact rule.
task369,331,0,family_dsl,color_fill,color_fill,,16.047265,7729.000000,7200.000000,529.000000,26.000000,2940.000000,3,3,267,267,0.000000,16.047265,7729.000000,afr1ste_5689_score_n3,0.000000,76,0.000000,0.245867,0.480000,0.440000,0.809332,1.461463,0.000000,0.086080,0.086080,not_run,0.000000,0.000000,0.000000,0.000000,candidate_v4,lb-verified-v4-anchor,8,,,,0.500000,fp16,0,0.000000,,-0.000000,-0.000000,in 10-10x10-10 -> out 10-10x10-10; pal 2->4,"train=3;test=1;shape_preserving,color_fill",Route to family DSL/compiler search; record any exact rule.,Route to family DSL/compiler search; record any exact rule.
task015,332,0,defer,other,other,,18.197605,900.000000,0.000000,900.000000,1.000000,3774.000000,3,3,355,355,0.000000,18.197605,900.000000,afr1ste_5689_score_n3,0.000000,76,0.000000,0.239716,0.520000,0.360000,0.942319,1.348114,0.000000,0.085217,0.085217,not_run,0.000000,0.000000,0.000000,0.000000,biohack44_6113,safe-source,5,,,,1.000000,high_init_ratio,0,0.000000,,-0.000000,-0.000000,in 9-9x9-9 -> out 9-9x9-9; pal 5->7,"train=3;test=1;shape_preserving,color_superset",Defer; revisit through family-level compiler rewrites or new public evidence.,Defer; revisit through family-level compiler rewrites or new public evidence.
task042,333,0,defer,other,other,,15.950063,8518.000000,7790.000000,728.000000,52.000000,8543.000000,3,3,257,257,0.000000,15.950063,8518.000000,candidate_nadeem6252_plus_ours_38_score_n3,0.000000,76,0.000000,0.239716,0.520000,0.360000,0.942319,1.474951,0.000000,0.085217,0.085217,not_run,0.000000,0.000000,0.000000,0.000000,candidate_v4,lb-verified-v4-anchor,3,,,,0.500000,fp16,0,0.000000,,-0.000000,0.694965,in 10-10x10-10 -> out 10-10x10-10; pal 2->3,"train=3;test=1;shape_preserving,color_superset",Defer; revisit through family-level compiler rewrites or new public evidence.,Defer; revisit through family-level compiler rewrites or new public evidence.
task105,334,0,defer,other,other,,16.138508,7055.000000,6987.000000,68.000000,63.000000,8053.000000,3,3,276,276,0.000000,16.138508,7055.000000,candidate_nadeem6252_plus_ours_38_score_n3,0.000000,76,0.000000,0.239716,0.520000,0.360000,0.942319,1.464313,0.000000,0.085217,0.085217,not_run,0.000000,0.000000,0.000000,0.000000,candidate_v4,lb-verified-v4-anchor,3,,,,1.500000,high_init_ratio;fp16,0,0.000000,,-0.000000,1.643027,in 9-13x13-13 -> out 9-13x13-13; pal 2->3,"train=3;test=1;shape_preserving,color_superset",Defer; revisit through family-level compiler rewrites or new public evidence.,Defer; revisit through family-level compiler rewrites or new public evidence.
task381,335,0,defer,other,other,,16.789060,3681.000000,3640.000000,41.000000,31.000000,3749.000000,3,3,305,305,0.000000,16.789060,3681.000000,candidate_nadeem6252_plus_ours_38_score_n3,0.000000,76,0.000000,0.239716,0.520000,0.360000,0.942319,1.427591,0.000000,0.085217,0.085217,not_run,0.000000,0.000000,0.000000,0.000000,candidate_v4,lb-verified-v4-anchor,3,,,,0.500000,fp16,0,0.000000,,-0.000000,2.439638,in 10-10x10-10 -> out 10-10x10-10; pal 2->3,"train=3;test=1;shape_preserving,color_superset",Defer; revisit through family-level compiler rewrites or new public evidence.,Defer; revisit through family-level compiler rewrites or new public evidence.
task079,336,0,audit_before_swap,crop,crop,matches_cherrypick_unsafe_public,15.029649,21383.000000,21138.000000,245.000000,20.000000,2695.000000,3,3,186,186,12.000000,15.029649,21383.000000,biohack44_super_score_n3,0.000000,76,0.000000,0.216618,0.590000,0.580000,0.752357,1.504912,0.000000,0.082495,0.082495,not_run,0.000000,0.000000,0.000000,0.000000,candidate_v4,lb-verified-v4-anchor,5,,,,0.000000,,0,0.000000,,0.000000,0.154398,in 14-14x14-14 -> out 3-3x3-3; pal 6->3,"train=3;test=1;crop,out_smaller,color_subset",Require semantic proof and pseudo-hidden audit; no raw public-source swap.,Require semantic proof and pseudo-hidden audit; no raw public-source swap.
task061,337,0,audit_before_swap,color_remap,color_remap,matches_cherrypick_unsafe_public,15.152342,18914.000000,16942.000000,1972.000000,9.000000,17030.000000,3,3,197,197,12.000000,15.152342,18914.000000,afr1ste_5689_score_n3,0.000000,76,0.000000,0.209201,0.710000,0.660000,0.860022,1.489985,0.000000,0.081875,0.081875,not_run,0.000000,0.000000,0.000000,0.000000,candidate_v4,lb-verified-v4-anchor,13,,,,2.000000,high_init_ratio;has_lookup_ops;fp16,1,0.000000,,-0.000000,-0.000000,in 18-18x18-18 -> out 18-18x18-18; pal 9->8,"train=4;test=1;shape_preserving,color_subset,color_remap",graph risk 2 | Require semantic proof and pseudo-hidden audit; no raw public-source swap.,Require semantic proof and pseudo-hidden audit; no raw public-source swap.
task249,338,0,family_dsl,tiling,tiling,,15.895131,8999.000000,8676.000000,323.000000,19.000000,1912.000000,3,3,252,252,0.000000,15.895131,8999.000000,afr1ste_5689_score_n3,0.000000,76,0.000000,0.242218,0.600000,0.680000,0.736364,1.446052,0.000000,0.080145,0.080145,not_run,0.000000,0.000000,0.000000,0.000000,afr1ste_5689,untested-public,1,,,,0.500000,fp16,0,0.000000,,-0.000000,0.154166,in 3-4x3-4 -> out 3-4x6-8; pal 7->7,"train=3;test=1;tile,out_larger,color_subset,color_superset,color_same",Route to family DSL/compiler search; record any exact rule.,Route to family DSL/compiler search; record any exact rule.
task350,339,0,audit_before_swap,other,other,public_slowest;matches_cherrypick_unsafe_public,15.104998,19831.000000,19800.000000,31.000000,17.000000,1437.000000,3,3,194,194,12.000000,15.104998,19831.000000,biohack44_super_score_n3,0.000000,76,0.000000,0.208516,0.590000,0.360000,0.942319,1.522658,0.000000,0.079288,0.079288,not_run,0.000000,0.000000,0.000000,0.000000,candidate_v4,lb-verified-v4-anchor,5,,,,0.000000,,0,0.000000,,-0.000000,0.370660,in 8-12x9-12 -> out 8-12x9-12; pal 2->3,"train=4;test=1;shape_preserving,color_superset",Require semantic proof and pseudo-hidden audit; no raw public-source swap.,Require semantic proof and pseudo-hidden audit; no raw public-source swap.
task016,340,0,audit_before_swap,color_fill,color_fill,matches_cherrypick_unsafe_public,22.697415,10.000000,0.000000,10.000000,1.000000,158.000000,3,3,395,395,10.000000,22.697415,10.000000,afr1ste_5689_score_n3,0.000000,76,0.000000,0.214667,0.550000,0.440000,0.809332,1.091381,0.000000,0.077872,0.077872,not_run,0.000000,0.000000,0.000000,0.000000,candidate_v4,lb-verified-v4-anchor,14,,,,0.000000,,0,0.000000,,0.000000,0.000000,in 3-3x3-3 -> out 3-3x3-3; pal 8->8,"train=4;test=1;shape_preserving,color_disjoint,color_fill",Require semantic proof and pseudo-hidden audit; no raw public-source swap.,Require semantic proof and pseudo-hidden audit; no raw public-source swap.
task127,341,0,audit_before_swap,color_fill,color_fill,matches_cherrypick_unsafe_public,18.197605,900.000000,0.000000,900.000000,1.000000,3772.000000,3,3,356,356,10.000000,18.197605,900.000000,afr1ste_5689_score_n3,0.000000,76,0.000000,0.214667,0.550000,0.440000,0.809332,1.340114,0.000000,0.077872,0.077872,not_run,0.000000,0.000000,0.000000,0.000000,candidate_v4,lb-verified-v4-anchor,14,,,,1.000000,high_init_ratio,0,0.000000,,-0.000000,-0.000000,in 3-7x11-11 -> out 3-7x11-11; pal 6->5,"train=4;test=1;shape_preserving,color_fill",Require semantic proof and pseudo-hidden audit; no raw public-source swap.,Require semantic proof and pseudo-hidden audit; no raw public-source swap.
task261,342,0,audit_before_swap,color_fill,color_fill,matches_cherrypick_unsafe_public,19.701683,200.000000,0.000000,200.000000,1.000000,995.000000,3,3,382,382,10.000000,19.701683,200.000000,afr1ste_5689_score_n3,0.000000,76,0.000000,0.214667,0.550000,0.440000,0.809332,1.255415,0.000000,0.077872,0.077872,not_run,0.000000,0.000000,0.000000,0.000000,candidate_v4,lb-verified-v4-anchor,13,,,,1.000000,high_init_ratio,0,0.000000,,0.000000,0.000000,in 3-5x3-5 -> out 3-5x3-5; pal 2->2,"train=3;test=1;shape_preserving,color_fill",Require semantic proof and pseudo-hidden audit; no raw public-source swap.,Require semantic proof and pseudo-hidden audit; no raw public-source swap.
task266,343,0,audit_before_swap,color_fill,color_fill,matches_cherrypick_unsafe_public,18.186555,910.000000,0.000000,910.000000,1.000000,3825.000000,3,3,350,350,10.000000,18.186555,910.000000,afr1ste_5689_score_n3,0.000000,76,0.000000,0.214667,0.550000,0.440000,0.809332,1.340737,0.000000,0.077872,0.077872,not_run,0.000000,0.000000,0.000000,0.000000,candidate_v4,lb-verified-v4-anchor,13,,,,1.000000,high_init_ratio,0,0.000000,,-0.000000,-0.000000,in 3-3x5-5 -> out 3-3x5-5; pal 2->5,"train=4;test=1;shape_preserving,color_fill",Require semantic proof and pseudo-hidden audit; no raw public-source swap.,Require semantic proof and pseudo-hidden audit; no raw public-source swap.
task283,344,0,audit_before_swap,color_fill,color_fill,matches_cherrypick_unsafe_public,18.186555,910.000000,0.000000,910.000000,1.000000,3825.000000,3,3,352,352,10.000000,18.186555,910.000000,afr1ste_5689_score_n3,0.000000,76,0.000000,0.214667,0.550000,0.440000,0.809332,1.340737,0.000000,0.077872,0.077872,not_run,0.000000,0.000000,0.000000,0.000000,candidate_v4,lb-verified-v4-anchor,13,,,,1.000000,high_init_ratio,0,0.000000,,-0.000000,-0.000000,in 10-10x10-10 -> out 10-10x10-10; pal 2->4,"train=2;test=1;shape_preserving,color_fill",Require semantic proof and pseudo-hidden audit; no raw public-source swap.,Require semantic proof and pseudo-hidden audit; no raw public-source swap.
task344,345,0,audit_before_swap,color_fill,color_fill,matches_cherrypick_unsafe_public,17.171962,2510.000000,0.000000,2510.000000,1.000000,10236.000000,3,3,313,313,10.000000,17.171962,2510.000000,afr1ste_5689_score_n3,0.000000,76,0.000000,0.214667,0.550000,0.440000,0.809332,1.397980,0.000000,0.077872,0.077872,not_run,0.000000,0.000000,0.000000,0.000000,candidate_v4,lb-verified-v4-anchor,13,,,,1.000000,high_init_ratio,0,0.000000,,0.000000,0.000000,in 3-7x3-7 -> out 3-7x3-7; pal 4->5,"train=3;test=1;shape_preserving,color_fill",Require semantic proof and pseudo-hidden audit; no raw public-source swap.,Require semantic proof and pseudo-hidden audit; no raw public-source swap.
task279,346,0,defer,other,other,,14.821536,26330.000000,25144.000000,1186.000000,52.000000,10314.000000,3,3,162,162,3.000000,14.821536,26330.000000,candidate_nadeem6252_plus_ours_38_score_n3,0.000000,76,0.000000,0.233316,0.560000,0.360000,0.942319,1.538661,0.000000,0.077435,0.077435,not_run,0.000000,0.000000,0.000000,0.000000,nadeem_6252,public-anchor-candidate,2,,,,0.500000,fp16,0,0.000000,,0.000000,0.040637,in 9-14x11-15 -> out 9-14x11-15; pal 2->3,"train=4;test=1;shape_preserving,color_superset",Defer; revisit through family-level compiler rewrites or new public evidence.,Defer; revisit through family-level compiler rewrites or new public evidence.
task135,347,0,family_dsl,crop,crop,,19.113896,360.000000,360.000000,0.000000,2.000000,251.000000,3,3,378,378,0.000000,19.113896,360.000000,candidate_nadeem6252_plus_ours_38_score_n3,0.000000,76,0.000000,0.241418,0.560000,0.580000,0.752357,1.274476,0.000000,0.077224,0.077224,not_run,0.000000,0.000000,0.000000,0.000000,nadeem_6252,public-anchor-candidate,2,,,,0.000000,,0,0.000000,,0.000000,0.016529,in 9-9x9-9 -> out 3-3x3-3; pal 10->9,"train=4;test=1;crop,out_smaller,color_subset",Route to family DSL/compiler search; record any exact rule.,Route to family DSL/compiler search; record any exact rule.
task326,348,0,family_dsl,crop,crop,,19.924826,160.000000,160.000000,0.000000,2.000000,251.000000,3,3,386,386,0.000000,19.924826,160.000000,candidate_nadeem6252_plus_ours_38_score_n3,0.000000,76,0.000000,0.241418,0.560000,0.580000,0.752357,1.228887,0.000000,0.077224,0.077224,not_run,0.000000,0.000000,0.000000,0.000000,nadeem_6252,public-anchor-candidate,2,,,,0.000000,,0,0.000000,,-0.000000,0.036814,in 6-12x6-8 -> out 2-2x2-2; pal 7->7,"train=3;test=1;crop,out_smaller,color_subset,color_superset,color_same",Route to family DSL/compiler search; record any exact rule.,Route to family DSL/compiler search; record any exact rule.
task169,349,0,family_dsl,color_fill,color_fill,,14.929770,23629.000000,22973.000000,656.000000,168.000000,20803.000000,3,3,174,174,2.000000,14.929770,23629.000000,candidate_nadeem6252_plus_ours_38_score_n3,0.000000,76,0.000000,0.239467,0.520000,0.440000,0.809332,1.524550,0.000000,0.077158,0.077158,not_run,0.000000,0.000000,0.000000,0.000000,candidate_v4,lb-verified-v4-anchor,3,,,,0.500000,fp16,0,0.000000,,0.000000,0.378166,in 10-10x10-10 -> out 10-10x10-10; pal 2->4,"train=3;test=1;shape_preserving,color_fill",Route to family DSL/compiler search; record any exact rule.,Route to family DSL/compiler search; record any exact rule.
task100,350,0,audit_before_swap,reduce,reduce,matches_cherrypick_unsafe_public,16.214919,6536.000000,6493.000000,43.000000,28.000000,4954.000000,3,3,279,279,10.000000,16.214919,6536.000000,biohack44_super_score_n3,0.000000,76,0.000000,0.204240,0.690000,0.480000,0.984806,1.447999,0.000000,0.077057,0.077057,not_run,0.000000,0.000000,0.000000,0.000000,nadeem_6252,public-anchor-candidate,4,,,,0.500000,has_lookup_ops,1,0.000000,,-0.000000,0.079383,in 10-10x10-10 -> out 2-2x2-2; pal 6->3,"train=3;test=1;out_smaller,color_subset,reduce",Require semantic proof and pseudo-hidden audit; no raw public-source swap.,Require semantic proof and pseudo-hidden audit; no raw public-source swap.
task047,351,0,audit_before_swap,other,other,matches_cherrypick_unsafe_public,16.985664,3024.000000,2988.000000,36.000000,30.000000,3091.000000,3,3,309,309,10.000000,16.985664,3024.000000,biohack44_super_score_n3,0.000000,76,0.000000,0.208516,0.590000,0.360000,0.942319,1.416494,0.000000,0.077010,0.077010,not_run,0.000000,0.000000,0.000000,0.000000,candidate_v4,lb-verified-v4-anchor,5,,,,0.500000,fp16,0,0.000000,,-0.000000,0.492807,in 9-9x9-9 -> out 9-9x9-9; pal 3->4,"train=2;test=1;shape_preserving,color_superset",Require semantic proof and pseudo-hidden audit; no raw public-source swap.,Require semantic proof and pseudo-hidden audit; no raw public-source swap.
task094,352,0,audit_before_swap,other,other,matches_cherrypick_unsafe_public,15.745356,10453.000000,10340.000000,113.000000,25.000000,2950.000000,3,3,240,240,10.000000,15.745356,10453.000000,biohack44_super_score_n3,0.000000,76,0.000000,0.208516,0.590000,0.360000,0.942319,1.486507,0.000000,0.077010,0.077010,not_run,0.000000,0.000000,0.000000,0.000000,candidate_v4,lb-verified-v4-anchor,5,,,,0.500000,fp16,0,0.000000,,0.000000,1.393634,in 15-15x15-15 -> out 15-15x15-15; pal 2->3,"train=2;test=1;shape_preserving,color_superset",Require semantic proof and pseudo-hidden audit; no raw public-source swap.,Require semantic proof and pseudo-hidden audit; no raw public-source swap.
task102,353,0,audit_before_swap,other,other,matches_cherrypick_unsafe_public,15.557993,12607.000000,12075.000000,532.000000,48.000000,6500.000000,3,3,221,221,10.000000,15.557993,12607.000000,biohack44_super_score_n3,0.000000,76,0.000000,0.208516,0.590000,0.360000,0.942319,1.497084,0.000000,0.077010,0.077010,not_run,0.000000,0.000000,0.000000,0.000000,candidate_v4,lb-verified-v4-anchor,5,,,,0.500000,fp16,0,0.000000,,0.000000,1.265520,in 12-12x12-12 -> out 12-12x12-12; pal 2->3,"train=4;test=1;shape_preserving,color_superset",Require semantic proof and pseudo-hidden audit; no raw public-source swap.,Require semantic proof and pseudo-hidden audit; no raw public-source swap.
task160,354,0,audit_before_swap,other,other,matches_cherrypick_unsafe_public,16.569237,4586.000000,4520.000000,66.000000,19.000000,2189.000000,3,3,296,296,10.000000,16.569237,4586.000000,biohack44_super_score_n3,0.000000,76,0.000000,0.208516,0.590000,0.360000,0.942319,1.439999,0.000000,0.077010,0.077010,not_run,0.000000,0.000000,0.000000,0.000000,candidate_v4,lb-verified-v4-anchor,5,,,,0.500000,fp16,0,0.000000,,0.000000,0.892460,in 10-10x10-10 -> out 10-10x10-10; pal 2->3,"train=2;test=1;shape_preserving,color_superset",Require semantic proof and pseudo-hidden audit; no raw public-source swap.,Require semantic proof and pseudo-hidden audit; no raw public-source swap.
task302,355,0,audit_before_swap,other,other,matches_cherrypick_unsafe_public,16.038634,7796.000000,7776.000000,20.000000,43.000000,4372.000000,3,3,265,265,10.000000,16.038634,7796.000000,biohack44_super_score_n3,0.000000,76,0.000000,0.208516,0.590000,0.360000,0.942319,1.469951,0.000000,0.077010,0.077010,not_run,0.000000,0.000000,0.000000,0.000000,candidate_v4,lb-verified-v4-anchor,5,,,,0.500000,fp16,0,0.000000,,0.000000,1.007019,in 12-12x12-12 -> out 12-12x12-12; pal 2->5,"train=3;test=1;shape_preserving,color_superset",Require semantic proof and pseudo-hidden audit; no raw public-source swap.,Require semantic proof and pseudo-hidden audit; no raw public-source swap.
task323,356,0,audit_before_swap,other,other,matches_cherrypick_unsafe_public,16.580861,4533.000000,3887.000000,646.000000,10.000000,2497.000000,3,3,297,297,10.000000,16.580861,4533.000000,biohack44_super_score_n3,0.000000,76,0.000000,0.208516,0.590000,0.360000,0.942319,1.439343,0.000000,0.077010,0.077010,not_run,0.000000,0.000000,0.000000,0.000000,candidate_v4,lb-verified-v4-anchor,5,,,,0.500000,fp16,0,0.000000,,0.000000,1.892244,in 13-13x13-13 -> out 13-13x13-13; pal 2->3,"train=2;test=1;shape_preserving,color_superset",Require semantic proof and pseudo-hidden audit; no raw public-source swap.,Require semantic proof and pseudo-hidden audit; no raw public-source swap.
task275,357,0,audit_before_swap,expand,expand,matches_cherrypick_unsafe_public,13.662810,83884.000000,81110.000000,2774.000000,253.000000,24193.000000,3,3,59,59,17.000000,13.662869,83879.000000,afr1ste_5689_score_n3,0.000059,76,0.744362,0.199863,0.550000,0.500000,0.417269,1.590079,0.148771,0.076935,0.076935,not_run,0.000000,0.000000,0.000000,0.000000,candidate_v4,lb-verified-v4-anchor,12,,,,0.500000,fp16,0,0.000000,,0.000000,0.000000,in 3-4x6-8 -> out 9-16x9-16; pal 6->5,"train=3;test=1;out_larger,color_subset,expand",Require semantic proof and pseudo-hidden audit; no raw public-source swap.,Require semantic proof and pseudo-hidden audit; no raw public-source swap.
task256,358,0,defer,other,other,,15.041882,21123.000000,20050.000000,1073.000000,40.000000,4780.000000,3,3,189,189,2.000000,15.041882,21123.000000,candidate_nadeem6252_plus_ours_38_score_n3,0.000000,76,0.000000,0.233316,0.560000,0.360000,0.942319,1.526221,0.000000,0.076296,0.076296,not_run,0.000000,0.000000,0.000000,0.000000,nadeem_6252,public-anchor-candidate,2,,,,0.500000,fp16,0,0.000000,,-0.000000,0.007922,in 7-8x7-9 -> out 7-8x7-9; pal 2->4,"train=3;test=1;shape_preserving,color_superset",Defer; revisit through family-level compiler rewrites or new public evidence.,Defer; revisit through family-level compiler rewrites or new public evidence.
task397,359,0,defer,other,other,,15.040983,21142.000000,21046.000000,96.000000,86.000000,7145.000000,3,3,188,188,2.000000,15.045772,21041.000000,afr1ste_5689_score_n3,0.004789,76,0.000000,0.233316,0.560000,0.360000,0.942319,1.526272,0.000000,0.076296,0.076296,not_run,0.000000,0.000000,0.000000,0.000000,nadeem_6252,public-anchor-candidate,2,,,,0.500000,fp16,0,0.000000,,-0.000000,0.004672,in 10-10x10-10 -> out 10-10x10-10; pal 8->9,"train=3;test=1;shape_preserving,color_superset",Defer; revisit through family-level compiler rewrites or new public evidence.,Defer; revisit through family-level compiler rewrites or new public evidence.
task186,360,0,family_dsl,color_fill,color_fill,,19.113896,360.000000,314.000000,46.000000,11.000000,1210.000000,3,3,379,379,0.000000,19.113896,360.000000,candidate_nadeem6252_plus_ours_v3_score_n3,0.000000,76,0.000000,0.239467,0.520000,0.440000,0.809332,1.288476,0.000000,0.074880,0.074880,not_run,0.000000,0.000000,0.000000,0.000000,candidate_v4,lb-verified-v4-anchor,1,,,,0.500000,fp16,0,0.000000,,0.000000,0.553246,in 3-3x3-3 -> out 3-3x3-3; pal 2->2,"train=10;test=2;shape_preserving,color_fill",Route to family DSL/compiler search; record any exact rule.,Route to family DSL/compiler search; record any exact rule.
task357,361,0,family_dsl,color_fill,color_fill,,16.122200,7171.000000,7132.000000,39.000000,23.000000,2311.000000,3,3,274,274,0.000000,16.208058,6581.000000,afr1ste_5689_score_n3,0.085858,76,0.000000,0.239467,0.520000,0.440000,0.809332,1.457233,0.000000,0.074880,0.074880,not_run,0.000000,0.000000,0.000000,0.000000,v4_plus10_compiler2_unique,lb-verified-current-anchor,0,,,,0.000000,,0,0.000000,,0.000000,0.001255,in 10-10x2-4 -> out 10-10x2-4; pal 2->2,"train=3;test=1;shape_preserving,color_fill",best-seen +0.09 | Route to family DSL/compiler search; record any exact rule.,Route to family DSL/compiler search; record any exact rule.
task292,362,0,defer,other,other,,16.250902,6305.000000,6240.000000,65.000000,7.000000,1065.000000,3,3,282,282,0.000000,16.250902,6305.000000,candidate_nadeem6252_plus_ours_38_score_n3,0.000000,76,0.000000,0.233316,0.560000,0.360000,0.942319,1.457968,0.000000,0.074017,0.074017,not_run,0.000000,0.000000,0.000000,0.000000,nadeem_6252,public-anchor-candidate,2,,,,0.500000,fp16,0,0.000000,,0.000000,0.006324,in 3-3x10-14 -> out 3-3x10-14; pal 2->3,"train=5;test=1;shape_preserving,color_superset",Defer; revisit through family-level compiler rewrites or new public evidence.,Defer; revisit through family-level compiler rewrites or new public evidence.
task330,363,0,family_dsl,color_fill,color_fill,,14.014301,59024.000000,56200.000000,2824.000000,21.000000,12033.000000,3,3,96,96,6.000000,14.014301,59024.000000,afr1ste_5689_score_n3,0.000000,76,0.621341,0.209067,0.680000,0.380000,0.809332,1.582235,0.129902,0.071870,0.071870,not_run,0.000000,0.000000,0.000000,0.000000,candidate_v4,lb-verified-v4-anchor,3,,,,2.000000,high_init_ratio;has_lookup_ops;fp16,1,0.000000,,0.000000,0.000000,in 10-10x10-10 -> out 10-10x10-10; pal 2->3,"train=3;test=1;shape_preserving,color_fill",graph risk 2 | Route to family DSL/compiler search; record any exact rule.,Route to family DSL/compiler search; record any exact rule.
task031,364,0,audit_before_swap,crop,crop,matches_cherrypick_unsafe_public,15.168223,18616.000000,18558.000000,58.000000,26.000000,3417.000000,3,3,199,199,12.000000,15.168223,18616.000000,biohack44_super_score_n3,0.000000,76,0.000000,0.210218,0.630000,0.580000,0.752357,1.497088,0.000000,0.071295,0.071295,not_run,0.000000,0.000000,0.000000,0.000000,nadeem_6252,public-anchor-candidate,4,,,,0.000000,,0,0.000000,,-0.000000,0.003860,in 10-12x12-12 -> out 3-5x3-5; pal 4->4,"train=3;test=1;crop,out_smaller,color_subset,color_superset,color_same",Require semantic proof and pseudo-hidden audit; no raw public-source swap.,Require semantic proof and pseudo-hidden audit; no raw public-source swap.
task039,365,0,audit_before_swap,crop,crop,matches_cherrypick_unsafe_public,16.041717,7772.000000,7744.000000,28.000000,14.000000,1913.000000,3,3,266,266,10.000000,16.041717,7772.000000,biohack44_super_score_n3,0.000000,76,0.000000,0.210218,0.630000,0.580000,0.752357,1.447777,0.000000,0.069017,0.069017,not_run,0.000000,0.000000,0.000000,0.000000,nadeem_6252,public-anchor-candidate,4,,,,0.000000,,0,0.000000,,-0.000000,0.007690,in 10-10x10-10 -> out 3-3x3-3; pal 9->9,"train=2;test=1;crop,out_smaller,color_subset,color_superset,color_same",Require semantic proof and pseudo-hidden audit; no raw public-source swap.,Require semantic proof and pseudo-hidden audit; no raw public-source swap.
task332,366,0,defer,other,other,,15.952179,8500.000000,8338.000000,162.000000,30.000000,3735.000000,3,3,258,258,0.000000,15.952179,8500.000000,candidate_bio_t200_t084_score_n3,0.000000,76,0.000000,0.230116,0.580000,0.360000,0.942319,1.474831,0.000000,0.068417,0.068417,not_run,0.000000,0.000000,0.000000,0.000000,candidate_v4,lb-verified-v4-anchor,3,,,,1.000000,has_lookup_ops;fp16,1,0.000000,,0.000000,0.000000,in 3-3x10-14 -> out 3-3x10-14; pal 2->3,"train=4;test=1;shape_preserving,color_superset",Defer; revisit through family-level compiler rewrites or new public evidence.,Defer; revisit through family-level compiler rewrites or new public evidence.
task277,367,0,audit_before_swap,color_fill,color_fill,matches_cherrypick_unsafe_public,15.410059,14617.000000,14367.000000,250.000000,60.000000,6687.000000,3,3,213,213,11.000000,15.410059,14617.000000,biohack44_super_score_n3,0.000000,76,0.000000,0.208267,0.590000,0.440000,0.809332,1.497435,0.000000,0.067811,0.067811,not_run,0.000000,0.000000,0.000000,0.000000,candidate_v4,lb-verified-v4-anchor,5,,,,0.500000,fp16,0,0.000000,,-0.000000,1.574844,in 10-10x10-10 -> out 10-10x10-10; pal 2->3,"train=3;test=1;shape_preserving,color_fill",Require semantic proof and pseudo-hidden audit; no raw public-source swap.,Require semantic proof and pseudo-hidden audit; no raw public-source swap.
task389,368,0,audit_before_swap,color_fill,color_fill,matches_cherrypick_unsafe_public,17.451444,1898.000000,1856.000000,42.000000,13.000000,1421.000000,3,3,318,318,10.000000,17.451444,1898.000000,afr1ste_5689_score_n3,0.000000,76,0.000000,0.205067,0.610000,0.440000,0.809332,1.382208,0.000000,0.061072,0.061072,not_run,0.000000,0.000000,0.000000,0.000000,candidate_v4,lb-verified-v4-anchor,13,,,,0.500000,has_lookup_ops,1,0.000000,,-0.000000,-0.000000,in 3-5x3-5 -> out 3-5x3-5; pal 4->4,"train=3;test=1;shape_preserving,color_fill",Require semantic proof and pseudo-hidden audit; no raw public-source swap.,Require semantic proof and pseudo-hidden audit; no raw public-source swap.
task239,369,0,audit_before_swap,expand,expand,matches_cherrypick_unsafe_public,13.525015,96277.000000,95891.000000,386.000000,33.000000,4143.000000,3,3,45,45,17.000000,13.543888,94477.000000,afr1ste_5689_score_n3,0.018873,76,0.792591,0.190263,0.610000,0.500000,0.417269,1.597859,0.150801,0.060583,0.060583,not_run,0.000000,0.000000,0.000000,0.000000,candidate_v4,lb-verified-v4-anchor,12,,,,1.000000,has_lookup_ops;fp16,1,0.000000,,-0.000000,-0.000000,in 3-4x3-4 -> out 5-6x3-4; pal 5->6,"train=4;test=1;out_larger,color_superset,expand",Require semantic proof and pseudo-hidden audit; no raw public-source swap.,Require semantic proof and pseudo-hidden audit; no raw public-source swap.
task290,370,0,family_dsl,reduce,reduce,,15.631972,11708.000000,11614.000000,94.000000,32.000000,3323.000000,3,3,232,232,0.000000,15.631972,11708.000000,afr1ste_5689_score_n3,0.000000,76,0.000000,0.221040,0.680000,0.420000,0.984806,1.486908,0.000000,0.058265,0.058265,not_run,0.000000,0.000000,0.000000,0.000000,candidate_v4,lb-verified-v4-anchor,4,,,,2.000000,high_init_ratio;has_lookup_ops;fp16,1,0.000000,,-0.000000,2.247923,in 12-12x11-13 -> out 3-5x3-5; pal 6->5,"train=3;test=1;out_smaller,color_subset,reduce",graph risk 2 | Route to family DSL/compiler search; record any exact rule.,Route to family DSL/compiler search; record any exact rule.
task262,371,0,family_dsl,color_fill,color_fill,,16.765170,3770.000000,3744.000000,26.000000,8.000000,903.000000,3,3,303,303,0.000000,16.765170,3770.000000,candidate_nadeem6252_plus_ours_38_score_n3,0.000000,76,0.000000,0.229867,0.580000,0.440000,0.809332,1.420939,0.000000,0.058080,0.058080,not_run,0.000000,0.000000,0.000000,0.000000,candidate_v4,lb-verified-v4-anchor,3,,,,0.500000,has_lookup_ops,1,0.000000,,0.000000,0.678855,in 3-3x3-3 -> out 3-3x3-3; pal 2->3,"train=4;test=1;shape_preserving,color_disjoint,color_fill",Route to family DSL/compiler search; record any exact rule.,Route to family DSL/compiler search; record any exact rule.
task395,372,0,defer,trim_border,trim_border;reduce,,17.581219,1667.000000,1620.000000,47.000000,14.000000,1179.000000,3,3,331,331,0.000000,17.581219,1667.000000,afr1ste_5689_score_n3,0.000000,76,0.000000,0.240663,0.480000,0.620000,0.417269,1.356885,0.000000,0.046108,0.046108,not_run,0.000000,0.000000,0.000000,0.000000,candidate_v4,lb-verified-v4-anchor,7,,,,0.500000,fp16,0,0.000000,,-0.000000,-0.000000,in 6-6x3-3 -> out 3-3x3-3; pal 3->2,"train=5;test=1;trim_border,out_smaller,reduce",Defer; revisit through family-level compiler rewrites or new public evidence.,Defer; revisit through family-level compiler rewrites or new public evidence.
task334,373,0,defer,trim_border,trim_border;reduce,,18.588182,609.000000,572.000000,37.000000,9.000000,889.000000,3,3,373,373,0.000000,18.588182,609.000000,candidate_nadeem6252_plus_ours_38_score_n3,0.000000,76,0.000000,0.234263,0.520000,0.620000,0.417269,1.300093,0.000000,0.034908,0.034908,not_run,0.000000,0.000000,0.000000,0.000000,candidate_v4,lb-verified-v4-anchor,3,,,,0.500000,fp16,0,0.000000,,0.000000,0.430865,in 5-5x5-5 -> out 3-3x3-3; pal 4->2,"train=7;test=2;trim_border,out_smaller,reduce",Defer; revisit through family-level compiler rewrites or new public evidence.,Defer; revisit through family-level compiler rewrites or new public evidence.
task347,374,0,defer,trim_border,trim_border;reduce,,17.619121,1605.000000,1584.000000,21.000000,12.000000,753.000000,3,3,333,333,0.000000,17.619121,1605.000000,candidate_nadeem6252_plus_ours_v3_score_n3,0.000000,76,0.000000,0.234263,0.520000,0.620000,0.417269,1.354747,0.000000,0.034908,0.034908,not_run,0.000000,0.000000,0.000000,0.000000,v4_plus10_compiler2_unique,lb-verified-current-anchor,0,,,,0.500000,fp16,0,0.000000,,0.000000,0.016070,in 3-3x6-6 -> out 3-3x3-3; pal 3->2,"train=5;test=2;trim_border,out_smaller,reduce",Defer; revisit through family-level compiler rewrites or new public evidence.,Defer; revisit through family-level compiler rewrites or new public evidence.
task189,375,0,defer,trim_border,trim_border;reduce,,14.887508,24649.000000,24380.000000,269.000000,110.000000,6704.000000,3,3,172,172,3.000000,14.887508,24649.000000,candidate_nadeem6252_plus_ours_38_score_n3,0.000000,76,0.000000,0.227863,0.560000,0.620000,0.417269,1.508936,0.000000,0.027126,0.027126,not_run,0.000000,0.000000,0.000000,0.000000,nadeem_6252,public-anchor-candidate,2,,,,0.500000,fp16,0,0.000000,,-0.000000,0.001419,in 9-9x9-9 -> out 6-6x6-6; pal 8->6,"train=3;test=1;trim_border,out_smaller,color_subset,reduce",Defer; revisit through family-level compiler rewrites or new public evidence.,Defer; revisit through family-level compiler rewrites or new public evidence.
task157,376,0,family_dsl,color_fill,color_fill,,13.773251,75113.000000,74312.000000,801.000000,2422.000000,204564.000000,3,3,71,71,7.000000,13.773251,75113.000000,candidate_nadeem6252_plus_ours_v4_score_n3,0.000000,76,0.705708,0.186667,0.780000,0.300000,0.809332,1.783844,0.131732,0.026871,0.026871,not_run,0.000000,0.000000,0.000000,0.000000,candidate_v4,lb-verified-v4-anchor,1,,,,4.000000,high_init_ratio;huge_init>=512KB;has_lookup_ops;fp16,1,0.000000,,-0.000000,3.961944,in 10-10x15-15 -> out 10-10x15-15; pal 3->3,"train=2;test=1;shape_preserving,color_fill",graph risk 4 | Route to family DSL/compiler search; record any exact rule.,Route to family DSL/compiler search; record any exact rule.
task003,377,0,defer,expand,expand,,15.883531,9104.000000,9094.000000,10.000000,44.000000,3120.000000,3,3,250,250,0.000000,15.883751,9102.000000,afr1ste_5689_score_n3,0.000220,76,0.000000,0.231063,0.480000,0.500000,0.417269,1.464706,0.000000,0.025708,0.025708,not_run,0.000000,0.000000,0.000000,0.000000,candidate_v4,lb-verified-v4-anchor,6,,,,0.500000,fp16,0,0.000000,,0.000000,0.000000,in 6-6x3-3 -> out 9-9x3-3; pal 2->2,"train=3;test=1;out_larger,expand",Defer; revisit through family-level compiler rewrites or new public evidence.,Defer; revisit through family-level compiler rewrites or new public evidence.
task179,378,0,audit_before_swap,covered_or_unclassified,covered_or_unclassified,matches_cherrypick_unsafe_public,25.000000,0.000000,0.000000,0.000000,1.000000,170.000000,3,3,399,399,10.000000,25.000000,0.000000,afr1ste_5689_score_n3,0.000000,76,0.000000,0.196042,0.550000,0.380000,0.532849,0.962000,0.000000,0.017905,0.017905,not_run,0.000000,0.000000,0.000000,0.000000,candidate_v4,lb-verified-v4-anchor,14,,,,0.000000,,0,0.000000,,0.000000,0.000000,in 3-3x3-3 -> out 3-3x3-3; pal 3->3,covered_by_existing_dsl_or_missing_feature_report,Require semantic proof and pseudo-hidden audit; no raw public-source swap.,Require semantic proof and pseudo-hidden audit; no raw public-source swap.
task241,379,0,audit_before_swap,covered_or_unclassified,covered_or_unclassified,matches_cherrypick_unsafe_public,25.000000,0.000000,0.000000,0.000000,1.000000,170.000000,3,3,400,400,10.000000,25.000000,0.000000,afr1ste_5689_score_n3,0.000000,76,0.000000,0.196042,0.550000,0.380000,0.532849,0.962000,0.000000,0.017905,0.017905,not_run,0.000000,0.000000,0.000000,0.000000,candidate_v4,lb-verified-v4-anchor,14,,,,0.000000,,0,0.000000,,0.000000,0.000000,in 3-6x3-6 -> out 3-6x3-6; pal 6->6,covered_by_existing_dsl_or_missing_feature_report,Require semantic proof and pseudo-hidden audit; no raw public-source swap.,Require semantic proof and pseudo-hidden audit; no raw public-source swap.
task276,380,0,audit_before_swap,covered_or_unclassified,covered_or_unclassified,matches_cherrypick_unsafe_public,22.697415,10.000000,0.000000,10.000000,1.000000,217.000000,3,3,396,396,10.000000,22.697415,10.000000,afr1ste_5689_score_n3,0.000000,76,0.000000,0.196042,0.550000,0.380000,0.532849,1.097381,0.000000,0.017905,0.017905,not_run,0.000000,0.000000,0.000000,0.000000,candidate_v4,lb-verified-v4-anchor,14,,,,0.000000,,0,0.000000,,0.000000,0.000000,in 3-6x4-6 -> out 3-6x4-6; pal 2->2,covered_by_existing_dsl_or_missing_feature_report,Require semantic proof and pseudo-hidden audit; no raw public-source swap.,Require semantic proof and pseudo-hidden audit; no raw public-source swap.
task309,381,0,audit_before_swap,covered_or_unclassified,covered_or_unclassified,matches_cherrypick_unsafe_public,22.697415,10.000000,0.000000,10.000000,1.000000,217.000000,3,3,397,397,10.000000,22.697415,10.000000,afr1ste_5689_score_n3,0.000000,76,0.000000,0.196042,0.550000,0.380000,0.532849,1.097381,0.000000,0.017905,0.017905,not_run,0.000000,0.000000,0.000000,0.000000,candidate_v4,lb-verified-v4-anchor,14,,,,0.000000,,0,0.000000,,0.000000,0.000000,in 3-3x4-6 -> out 3-3x4-6; pal 3->3,covered_by_existing_dsl_or_missing_feature_report,Require semantic proof and pseudo-hidden audit; no raw public-source swap.,Require semantic proof and pseudo-hidden audit; no raw public-source swap.
task337,382,0,audit_before_swap,covered_or_unclassified,covered_or_unclassified,matches_cherrypick_unsafe_public,22.697415,10.000000,0.000000,10.000000,1.000000,159.000000,3,3,398,398,10.000000,22.697415,10.000000,afr1ste_5689_score_n3,0.000000,76,0.000000,0.196042,0.550000,0.380000,0.532849,1.097381,0.000000,0.017905,0.017905,not_run,0.000000,0.000000,0.000000,0.000000,candidate_v4,lb-verified-v4-anchor,14,,,,0.000000,,0,0.000000,,0.000000,0.000000,in 3-5x3-5 -> out 3-5x3-5; pal 9->9,covered_by_existing_dsl_or_missing_feature_report,Require semantic proof and pseudo-hidden audit; no raw public-source swap.,Require semantic proof and pseudo-hidden audit; no raw public-source swap.
task150,383,0,defer,covered_or_unclassified,covered_or_unclassified,,18.276168,832.000000,800.000000,32.000000,10.000000,1657.000000,3,3,363,363,0.000000,18.276168,832.000000,candidate_v4_plus10_compiler2_score_n3,0.000000,76,0.000000,0.220842,0.520000,0.380000,0.532849,1.341684,0.000000,0.014913,0.014913,not_run,0.000000,0.000000,0.000000,0.000000,v4_plus10_compiler2_unique,lb-verified-current-anchor,0,,,,0.000000,,0,0.000000,,0.000000,0.257174,in 3-7x3-7 -> out 3-7x3-7; pal 4->4,covered_by_existing_dsl_or_missing_feature_report,Defer; revisit through family-level compiler rewrites or new public evidence.,Defer; revisit through family-level compiler rewrites or new public evidence.
task155,384,0,defer,covered_or_unclassified,covered_or_unclassified,,18.276168,832.000000,800.000000,32.000000,10.000000,1657.000000,3,3,364,364,0.000000,18.276168,832.000000,candidate_v4_plus10_compiler2_score_n3,0.000000,76,0.000000,0.220842,0.520000,0.380000,0.532849,1.341684,0.000000,0.014913,0.014913,not_run,0.000000,0.000000,0.000000,0.000000,v4_plus10_compiler2_unique,lb-verified-current-anchor,0,,,,0.000000,,0,0.000000,,0.000000,0.257174,in 5-7x5-7 -> out 5-7x5-7; pal 6->6,covered_by_existing_dsl_or_missing_feature_report,Defer; revisit through family-level compiler rewrites or new public evidence.,Defer; revisit through family-level compiler rewrites or new public evidence.
task114,385,0,defer,expand,expand,,17.869101,1250.000000,1091.000000,159.000000,26.000000,4699.000000,3,3,337,337,0.000000,17.869101,1250.000000,candidate_v4_plus10_compiler2_score_n3,0.000000,76,0.000000,0.224663,0.520000,0.500000,0.417269,1.352643,0.000000,0.014508,0.014508,not_run,0.000000,0.000000,0.000000,0.000000,v4_plus10_compiler2_unique,lb-verified-current-anchor,0,,,,0.000000,,0,0.000000,,-0.000000,0.003195,in 2-3x2-3 -> out 4-5x4-5; pal 6->6,"train=3;test=1;out_larger,color_superset,expand",Defer; revisit through family-level compiler rewrites or new public evidence.,Defer; revisit through family-level compiler rewrites or new public evidence.
task087,386,0,defer,covered_or_unclassified,covered_or_unclassified,,19.091917,368.000000,360.000000,8.000000,2.000000,394.000000,3,3,376,376,0.000000,19.091917,368.000000,candidate_nadeem6252_plus_ours_38_score_n3,0.000000,76,0.000000,0.214442,0.560000,0.380000,0.532849,1.295713,0.000000,0.003713,0.003713,not_run,0.000000,0.000000,0.000000,0.000000,nadeem_6252,public-anchor-candidate,2,,,,0.000000,,0,0.000000,,-0.000000,0.021506,in 3-3x3-3 -> out 3-3x3-3; pal 3->3,covered_by_existing_dsl_or_missing_feature_report,Defer; revisit through family-level compiler rewrites or new public evidence.,Defer; revisit through family-level compiler rewrites or new public evidence.
task140,387,0,defer,covered_or_unclassified,covered_or_unclassified,,19.091917,368.000000,360.000000,8.000000,2.000000,394.000000,3,3,377,377,0.000000,19.091917,368.000000,candidate_nadeem6252_plus_ours_38_score_n3,0.000000,76,0.000000,0.214442,0.560000,0.380000,0.532849,1.295713,0.000000,0.003713,0.003713,not_run,0.000000,0.000000,0.000000,0.000000,nadeem_6252,public-anchor-candidate,2,,,,0.000000,,0,0.000000,,-0.000000,0.021506,in 3-3x3-3 -> out 3-3x3-3; pal 6->6,covered_by_existing_dsl_or_missing_feature_report,Defer; revisit through family-level compiler rewrites or new public evidence.,Defer; revisit through family-level compiler rewrites or new public evidence.
task380,388,0,defer,covered_or_unclassified,covered_or_unclassified,,18.409699,728.000000,720.000000,8.000000,3.000000,396.000000,3,3,369,369,0.000000,18.409699,728.000000,candidate_nadeem6252_plus_ours_38_score_n3,0.000000,76,0.000000,0.214442,0.560000,0.380000,0.532849,1.334155,0.000000,0.003713,0.003713,not_run,0.000000,0.000000,0.000000,0.000000,nadeem_6252,public-anchor-candidate,2,,,,0.000000,,0,0.000000,,0.000000,0.012287,in 3-3x3-3 -> out 3-3x3-3; pal 2->2,covered_by_existing_dsl_or_missing_feature_report,Defer; revisit through family-level compiler rewrites or new public evidence.,Defer; revisit through family-level compiler rewrites or new public evidence.
task291,389,0,audit_before_swap,scalar_output,scalar_output;crop,matches_cherrypick_unsafe_public,16.627370,4327.000000,3396.000000,931.000000,22.000000,6009.000000,3,3,298,298,10.000000,16.627370,4327.000000,afr1ste_5689_score_n3,0.000000,76,0.000000,0.191863,0.550000,0.400000,0.417269,1.432717,0.000000,0.000501,0.000501,not_run,0.000000,0.000000,0.000000,0.000000,candidate_v4,lb-verified-v4-anchor,13,,,,0.000000,,0,0.000000,,-0.000000,-0.000000,in 15-16x13-17 -> out 1-1x1-1; pal 9->3,"train=3;test=1;crop,out_smaller,color_subset,scalar_output",Require semantic proof and pseudo-hidden audit; no raw public-source swap.,Require semantic proof and pseudo-hidden audit; no raw public-source swap.
task129,390,0,defer,covered_or_unclassified,covered_or_unclassified,,18.293138,818.000000,788.000000,30.000000,8.000000,1048.000000,3,3,365,365,0.000000,18.306676,807.000000,afr1ste_5689_score_n3,0.013538,76,0.000000,0.211242,0.580000,0.380000,0.532849,1.340727,0.000000,-0.001887,-0.001887,not_run,0.000000,0.000000,0.000000,0.000000,candidate_v4,lb-verified-v4-anchor,3,,,,1.000000,has_lookup_ops;fp16,1,0.000000,,0.000000,0.000000,in 3-3x3-3 -> out 3-3x3-3; pal 6->1,covered_by_existing_dsl_or_missing_feature_report,Defer; revisit through family-level compiler rewrites or new public evidence.,Defer; revisit through family-level compiler rewrites or new public evidence.
task124,391,0,defer,expand,expand,,15.705962,10873.000000,10520.000000,353.000000,52.000000,5397.000000,3,3,238,238,0.000000,15.705962,10873.000000,candidate_bio_t200_t084_score_n3,0.000000,76,0.000000,0.215063,0.580000,0.500000,0.417269,1.474731,0.000000,-0.002292,-0.002292,not_run,0.000000,0.000000,0.000000,0.000000,candidate_v4,lb-verified-v4-anchor,3,,,,1.000000,has_lookup_ops;fp16,1,0.000000,,-0.000000,-0.000000,in 5-8x10-10 -> out 10-10x10-10; pal 4->4,"train=3;test=2;out_larger,color_subset,color_superset,color_same,expand",Defer; revisit through family-level compiler rewrites or new public evidence.,Defer; revisit through family-level compiler rewrites or new public evidence.
task056,392,0,defer,scalar_output,scalar_output;trim_border;reduce,,19.638708,213.000000,136.000000,77.000000,9.000000,815.000000,3,3,381,381,0.000000,19.638708,213.000000,candidate_nadeem6252_plus_ours_38_score_n3,0.000000,76,0.000000,0.216663,0.520000,0.400000,0.417269,1.262954,0.000000,-0.002492,-0.002492,not_run,0.000000,0.000000,0.000000,0.000000,candidate_v4,lb-verified-v4-anchor,3,,,,0.000000,,0,0.000000,,0.000000,0.966645,in 3-3x3-3 -> out 1-1x1-1; pal 5->4,"train=7;test=3;trim_border,out_smaller,color_disjoint,scalar_output,reduce",Defer; revisit through family-level compiler rewrites or new public evidence.,Defer; revisit through family-level compiler rewrites or new public evidence.
task103,393,0,defer,scalar_output,scalar_output;trim_border;reduce,,19.758253,189.000000,155.000000,34.000000,11.000000,1281.000000,3,3,383,383,0.000000,19.758253,189.000000,candidate_nadeem6252_plus_ours_v3_score_n3,0.000000,76,0.000000,0.216663,0.520000,0.400000,0.417269,1.256238,0.000000,-0.002492,-0.002492,not_run,0.000000,0.000000,0.000000,0.000000,candidate_v4,lb-verified-v4-anchor,1,,,,0.500000,fp16,0,0.000000,,0.000000,0.303430,in 3-3x3-3 -> out 1-1x1-1; pal 2->2,"train=6;test=2;trim_border,out_smaller,color_disjoint,scalar_output,reduce",Defer; revisit through family-level compiler rewrites or new public evidence.,Defer; revisit through family-level compiler rewrites or new public evidence.
task230,394,0,audit_before_swap,other,other,local_visible_not_full_pass;matches_cherrypick_unsafe_public,18.197605,900.000000,0.000000,900.000000,1.000000,3798.000000,0,3,358,358,10.000000,18.197605,900.000000,afr1ste_5689_score_n3,0.000000,76,0.000000,0.078916,0.900000,0.360000,0.942319,1.348114,0.000000,-0.009790,-0.009790,not_run,0.000000,0.000000,0.000000,0.000000,candidate_v4,lb-verified-v4-anchor,13,,,,1.000000,high_init_ratio,0,0.000000,,-0.000000,-0.000000,in 10-15x10-15 -> out 10-15x10-15; pal 2->6,"train=3;test=1;shape_preserving,color_superset",Require semantic proof and pseudo-hidden audit; no raw public-source swap.,Require semantic proof and pseudo-hidden audit; no raw public-source swap.
task282,395,0,audit_before_swap,other,other,local_visible_not_full_pass;matches_cherrypick_unsafe_public,18.197605,900.000000,0.000000,900.000000,1.000000,3798.000000,0,3,359,359,10.000000,18.197605,900.000000,afr1ste_5689_score_n3,0.000000,76,0.000000,0.078916,0.900000,0.360000,0.942319,1.348114,0.000000,-0.009790,-0.009790,not_run,0.000000,0.000000,0.000000,0.000000,candidate_v4,lb-verified-v4-anchor,13,,,,1.000000,high_init_ratio,0,0.000000,,-0.000000,-0.000000,in 9-9x9-9 -> out 9-9x9-9; pal 2->3,"train=2;test=1;shape_preserving,color_superset",Require semantic proof and pseudo-hidden audit; no raw public-source swap.,Require semantic proof and pseudo-hidden audit; no raw public-source swap.
task355,396,0,defer,scalar_output,scalar_output;crop,public_overfit_risk,15.624569,11795.000000,11706.000000,89.000000,41.000000,3971.000000,3,3,229,229,15.000000,15.624569,11795.000000,afr1ste_5689_score_n3,0.000000,76,0.000000,0.200663,0.620000,0.400000,0.417269,1.489326,0.000000,-0.013403,-0.013403,not_run,0.000000,0.000000,0.000000,0.000000,candidate_v4,lb-verified-v4-anchor,4,,,,0.000000,,0,0.000000,,-0.000000,0.438788,in 16-17x13-19 -> out 1-1x1-1; pal 8->4,"train=4;test=1;crop,out_smaller,color_subset,scalar_output",Defer; revisit through family-level compiler rewrites or new public evidence.,Defer; revisit through family-level compiler rewrites or new public evidence.
task317,397,0,audit_before_swap,color_fill,color_fill,local_visible_not_full_pass;matches_cherrypick_unsafe_public,18.197605,900.000000,0.000000,900.000000,1.000000,3798.000000,0,3,360,360,10.000000,18.197605,900.000000,afr1ste_5689_score_n3,0.000000,76,0.000000,0.078667,0.900000,0.440000,0.809332,1.340114,0.000000,-0.020128,-0.020128,not_run,0.000000,0.000000,0.000000,0.000000,candidate_v4,lb-verified-v4-anchor,13,,,,1.000000,high_init_ratio,0,0.000000,,-0.000000,-0.000000,in 9-9x9-9 -> out 9-9x9-9; pal 2->2,"train=2;test=1;shape_preserving,color_fill",Require semantic proof and pseudo-hidden audit; no raw public-source swap.,Require semantic proof and pseudo-hidden audit; no raw public-source swap.
task048,398,0,defer,scalar_output,scalar_output;crop,public_overfit_risk,16.368586,5605.000000,5539.000000,66.000000,52.000000,5917.000000,3,3,285,285,15.000000,16.368586,5605.000000,candidate_bio_t200_t084_score_n3,0.000000,76,0.000000,0.191063,0.680000,0.400000,0.417269,1.447325,0.000000,-0.030203,-0.030203,not_run,0.000000,0.000000,0.000000,0.000000,candidate_v4,lb-verified-v4-anchor,3,,,,1.000000,has_lookup_ops;fp16,1,0.000000,,0.000000,0.000000,in 5-6x5-7 -> out 1-1x1-1; pal 3->2,"train=6;test=2;crop,out_smaller,color_subset,scalar_output",Defer; revisit through family-level compiler rewrites or new public evidence.,Defer; revisit through family-level compiler rewrites or new public evidence.
task346,399,0,defer,scalar_output,scalar_output;crop,,15.875435,9178.000000,9069.000000,109.000000,13.000000,1580.000000,3,3,248,248,0.000000,15.875435,9178.000000,afr1ste_5689_score_n3,0.000000,76,0.000000,0.200663,0.620000,0.400000,0.417269,1.475163,0.000000,-0.030492,-0.030492,not_run,0.000000,0.000000,0.000000,0.000000,nadeem_6252,public-anchor-candidate,2,,,,0.500000,has_lookup_ops,1,0.000000,,-0.000000,-0.000000,in 5-11x9-12 -> out 1-1x1-1; pal 6->3,"train=4;test=1;crop,out_smaller,color_subset,scalar_output",Defer; revisit through family-level compiler rewrites or new public evidence.,Defer; revisit through family-level compiler rewrites or new public evidence.
task399,400,0,audit_before_swap,other_shape_change,other,matches_cherrypick_unsafe_public,17.483023,1839.000000,930.000000,909.000000,8.000000,1907.000000,3,3,320,320,10.000000,17.483023,1839.000000,afr1ste_5689_score_n3,0.000000,76,0.000000,0.176832,0.550000,0.380000,0.148634,1.386426,0.000000,-0.051253,-0.051253,not_run,0.000000,0.000000,0.000000,0.000000,candidate_v4,lb-verified-v4-anchor,13,,,,0.000000,,0,0.000000,,0.000000,0.000000,in 3-7x3-7 -> out 3-3x3-3; pal 2->2,train=8;test=3,Require semantic proof and pseudo-hidden audit; no raw public-source swap.,Require semantic proof and pseudo-hidden audit; no raw public-source swap.
