source_index,source_label,contract_name,passed,skipped,reason,input_shape,expected_shape,actual_shape,mismatch_count,rule_label
0,ex0,original,True,False,ok,"(16, 12)","(16, 12)","(16, 12)",0,v4_plus9_compiler
0,ex0,task133_color_bijection,True,False,ok,"(16, 12)","(16, 12)","(16, 12)",0,v4_plus9_compiler
0,ex0,task133_transpose,True,False,ok,"(12, 16)","(12, 16)","(12, 16)",0,v4_plus9_compiler
0,ex0,task133_mirror_lr,True,False,ok,"(16, 12)","(16, 12)","(16, 12)",0,v4_plus9_compiler
0,ex0,task133_mirror_ud,True,False,ok,"(16, 12)","(16, 12)","(16, 12)",0,v4_plus9_compiler
0,ex0,task133_zero_pad_top_left,True,False,ok,"(17, 13)","(17, 13)","(17, 13)",0,v4_plus9_compiler
0,ex0,task133_zero_pad_bottom_right,True,False,ok,"(17, 13)","(17, 13)","(17, 13)",0,v4_plus9_compiler
1,ex1,original,True,False,ok,"(16, 18)","(16, 18)","(16, 18)",0,v4_plus9_compiler
1,ex1,task133_color_bijection,True,False,ok,"(16, 18)","(16, 18)","(16, 18)",0,v4_plus9_compiler
1,ex1,task133_transpose,True,False,ok,"(18, 16)","(18, 16)","(18, 16)",0,v4_plus9_compiler
1,ex1,task133_mirror_lr,True,False,ok,"(16, 18)","(16, 18)","(16, 18)",0,v4_plus9_compiler
1,ex1,task133_mirror_ud,True,False,ok,"(16, 18)","(16, 18)","(16, 18)",0,v4_plus9_compiler
1,ex1,task133_zero_pad_top_left,True,False,ok,"(17, 19)","(17, 19)","(17, 19)",0,v4_plus9_compiler
1,ex1,task133_zero_pad_bottom_right,True,False,ok,"(17, 19)","(17, 19)","(17, 19)",0,v4_plus9_compiler
2,ex2,original,True,False,ok,"(17, 18)","(17, 18)","(17, 18)",0,v4_plus9_compiler
2,ex2,task133_color_bijection,True,False,ok,"(17, 18)","(17, 18)","(17, 18)",0,v4_plus9_compiler
2,ex2,task133_transpose,True,False,ok,"(18, 17)","(18, 17)","(18, 17)",0,v4_plus9_compiler
2,ex2,task133_mirror_lr,True,False,ok,"(17, 18)","(17, 18)","(17, 18)",0,v4_plus9_compiler
2,ex2,task133_mirror_ud,True,False,ok,"(17, 18)","(17, 18)","(17, 18)",0,v4_plus9_compiler
2,ex2,task133_zero_pad_top_left,True,False,ok,"(18, 19)","(18, 19)","(18, 19)",0,v4_plus9_compiler
2,ex2,task133_zero_pad_bottom_right,True,False,ok,"(18, 19)","(18, 19)","(18, 19)",0,v4_plus9_compiler
3,ex3,original,True,False,ok,"(15, 18)","(15, 18)","(15, 18)",0,v4_plus9_compiler
3,ex3,task133_color_bijection,True,False,ok,"(15, 18)","(15, 18)","(15, 18)",0,v4_plus9_compiler
3,ex3,task133_transpose,True,False,ok,"(18, 15)","(18, 15)","(18, 15)",0,v4_plus9_compiler
3,ex3,task133_mirror_lr,True,False,ok,"(15, 18)","(15, 18)","(15, 18)",0,v4_plus9_compiler
3,ex3,task133_mirror_ud,True,False,ok,"(15, 18)","(15, 18)","(15, 18)",0,v4_plus9_compiler
3,ex3,task133_zero_pad_top_left,True,False,ok,"(16, 19)","(16, 19)","(16, 19)",0,v4_plus9_compiler
3,ex3,task133_zero_pad_bottom_right,True,False,ok,"(16, 19)","(16, 19)","(16, 19)",0,v4_plus9_compiler
4,ex4,original,True,False,ok,"(19, 30)","(19, 30)","(19, 30)",0,v4_plus9_compiler
4,ex4,task133_color_bijection,True,False,ok,"(19, 30)","(19, 30)","(19, 30)",0,v4_plus9_compiler
4,ex4,task133_transpose,True,False,ok,"(30, 19)","(30, 19)","(30, 19)",0,v4_plus9_compiler
4,ex4,task133_mirror_lr,True,False,ok,"(19, 30)","(19, 30)","(19, 30)",0,v4_plus9_compiler
4,ex4,task133_mirror_ud,True,False,ok,"(19, 30)","(19, 30)","(19, 30)",0,v4_plus9_compiler
4,ex4,task133_zero_pad_top_left,False,True,"input_shape_exceeds_limit:(20, 31)>(30, 30)","(20, 31)","(20, 31)",,,
4,ex4,task133_zero_pad_bottom_right,False,True,"input_shape_exceeds_limit:(20, 31)>(30, 30)","(20, 31)","(20, 31)",,,
5,ex5,original,True,False,ok,"(27, 25)","(27, 25)","(27, 25)",0,v4_plus9_compiler
5,ex5,task133_color_bijection,True,False,ok,"(27, 25)","(27, 25)","(27, 25)",0,v4_plus9_compiler
5,ex5,task133_transpose,True,False,ok,"(25, 27)","(25, 27)","(25, 27)",0,v4_plus9_compiler
5,ex5,task133_mirror_lr,True,False,ok,"(27, 25)","(27, 25)","(27, 25)",0,v4_plus9_compiler
5,ex5,task133_mirror_ud,True,False,ok,"(27, 25)","(27, 25)","(27, 25)",0,v4_plus9_compiler
5,ex5,task133_zero_pad_top_left,True,False,ok,"(28, 26)","(28, 26)","(28, 26)",0,v4_plus9_compiler
5,ex5,task133_zero_pad_bottom_right,True,False,ok,"(28, 26)","(28, 26)","(28, 26)",0,v4_plus9_compiler
6,ex6,original,True,False,ok,"(26, 20)","(26, 20)","(26, 20)",0,v4_plus9_compiler
6,ex6,task133_color_bijection,True,False,ok,"(26, 20)","(26, 20)","(26, 20)",0,v4_plus9_compiler
6,ex6,task133_transpose,True,False,ok,"(20, 26)","(20, 26)","(20, 26)",0,v4_plus9_compiler
6,ex6,task133_mirror_lr,True,False,ok,"(26, 20)","(26, 20)","(26, 20)",0,v4_plus9_compiler
6,ex6,task133_mirror_ud,True,False,ok,"(26, 20)","(26, 20)","(26, 20)",0,v4_plus9_compiler
6,ex6,task133_zero_pad_top_left,True,False,ok,"(27, 21)","(27, 21)","(27, 21)",0,v4_plus9_compiler
6,ex6,task133_zero_pad_bottom_right,True,False,ok,"(27, 21)","(27, 21)","(27, 21)",0,v4_plus9_compiler
7,ex7,original,True,False,ok,"(29, 21)","(29, 21)","(29, 21)",0,v4_plus9_compiler
7,ex7,task133_color_bijection,True,False,ok,"(29, 21)","(29, 21)","(29, 21)",0,v4_plus9_compiler
7,ex7,task133_transpose,True,False,ok,"(21, 29)","(21, 29)","(21, 29)",0,v4_plus9_compiler
7,ex7,task133_mirror_lr,True,False,ok,"(29, 21)","(29, 21)","(29, 21)",0,v4_plus9_compiler
7,ex7,task133_mirror_ud,True,False,ok,"(29, 21)","(29, 21)","(29, 21)",0,v4_plus9_compiler
7,ex7,task133_zero_pad_top_left,True,False,ok,"(30, 22)","(30, 22)","(30, 22)",0,v4_plus9_compiler
7,ex7,task133_zero_pad_bottom_right,True,False,ok,"(30, 22)","(30, 22)","(30, 22)",0,v4_plus9_compiler
8,ex8,original,True,False,ok,"(25, 26)","(25, 26)","(25, 26)",0,v4_plus9_compiler
8,ex8,task133_color_bijection,True,False,ok,"(25, 26)","(25, 26)","(25, 26)",0,v4_plus9_compiler
8,ex8,task133_transpose,True,False,ok,"(26, 25)","(26, 25)","(26, 25)",0,v4_plus9_compiler
8,ex8,task133_mirror_lr,True,False,ok,"(25, 26)","(25, 26)","(25, 26)",0,v4_plus9_compiler
8,ex8,task133_mirror_ud,True,False,ok,"(25, 26)","(25, 26)","(25, 26)",0,v4_plus9_compiler
8,ex8,task133_zero_pad_top_left,True,False,ok,"(26, 27)","(26, 27)","(26, 27)",0,v4_plus9_compiler
8,ex8,task133_zero_pad_bottom_right,True,False,ok,"(26, 27)","(26, 27)","(26, 27)",0,v4_plus9_compiler
9,ex9,original,True,False,ok,"(30, 26)","(30, 26)","(30, 26)",0,v4_plus9_compiler
9,ex9,task133_color_bijection,True,False,ok,"(30, 26)","(30, 26)","(30, 26)",0,v4_plus9_compiler
9,ex9,task133_transpose,True,False,ok,"(26, 30)","(26, 30)","(26, 30)",0,v4_plus9_compiler
9,ex9,task133_mirror_lr,True,False,ok,"(30, 26)","(30, 26)","(30, 26)",0,v4_plus9_compiler
9,ex9,task133_mirror_ud,True,False,ok,"(30, 26)","(30, 26)","(30, 26)",0,v4_plus9_compiler
9,ex9,task133_zero_pad_top_left,False,True,"input_shape_exceeds_limit:(31, 27)>(30, 30)","(31, 27)","(31, 27)",,,
9,ex9,task133_zero_pad_bottom_right,False,True,"input_shape_exceeds_limit:(31, 27)>(30, 30)","(31, 27)","(31, 27)",,,
10,ex10,original,True,False,ok,"(30, 21)","(30, 21)","(30, 21)",0,v4_plus9_compiler
10,ex10,task133_color_bijection,True,False,ok,"(30, 21)","(30, 21)","(30, 21)",0,v4_plus9_compiler
10,ex10,task133_transpose,True,False,ok,"(21, 30)","(21, 30)","(21, 30)",0,v4_plus9_compiler
10,ex10,task133_mirror_lr,True,False,ok,"(30, 21)","(30, 21)","(30, 21)",0,v4_plus9_compiler
10,ex10,task133_mirror_ud,True,False,ok,"(30, 21)","(30, 21)","(30, 21)",0,v4_plus9_compiler
10,ex10,task133_zero_pad_top_left,False,True,"input_shape_exceeds_limit:(31, 22)>(30, 30)","(31, 22)","(31, 22)",,,
10,ex10,task133_zero_pad_bottom_right,False,True,"input_shape_exceeds_limit:(31, 22)>(30, 30)","(31, 22)","(31, 22)",,,
11,ex11,original,True,False,ok,"(30, 27)","(30, 27)","(30, 27)",0,v4_plus9_compiler
11,ex11,task133_color_bijection,True,False,ok,"(30, 27)","(30, 27)","(30, 27)",0,v4_plus9_compiler
11,ex11,task133_transpose,True,False,ok,"(27, 30)","(27, 30)","(27, 30)",0,v4_plus9_compiler
11,ex11,task133_mirror_lr,True,False,ok,"(30, 27)","(30, 27)","(30, 27)",0,v4_plus9_compiler
11,ex11,task133_mirror_ud,True,False,ok,"(30, 27)","(30, 27)","(30, 27)",0,v4_plus9_compiler
11,ex11,task133_zero_pad_top_left,False,True,"input_shape_exceeds_limit:(31, 28)>(30, 30)","(31, 28)","(31, 28)",,,
11,ex11,task133_zero_pad_bottom_right,False,True,"input_shape_exceeds_limit:(31, 28)>(30, 30)","(31, 28)","(31, 28)",,,
12,ex12,original,True,False,ok,"(24, 28)","(24, 28)","(24, 28)",0,v4_plus9_compiler
12,ex12,task133_color_bijection,True,False,ok,"(24, 28)","(24, 28)","(24, 28)",0,v4_plus9_compiler
12,ex12,task133_transpose,True,False,ok,"(28, 24)","(28, 24)","(28, 24)",0,v4_plus9_compiler
12,ex12,task133_mirror_lr,True,False,ok,"(24, 28)","(24, 28)","(24, 28)",0,v4_plus9_compiler
12,ex12,task133_mirror_ud,True,False,ok,"(24, 28)","(24, 28)","(24, 28)",0,v4_plus9_compiler
12,ex12,task133_zero_pad_top_left,True,False,ok,"(25, 29)","(25, 29)","(25, 29)",0,v4_plus9_compiler
12,ex12,task133_zero_pad_bottom_right,True,False,ok,"(25, 29)","(25, 29)","(25, 29)",0,v4_plus9_compiler
13,ex13,original,True,False,ok,"(15, 25)","(15, 25)","(15, 25)",0,v4_plus9_compiler
13,ex13,task133_color_bijection,True,False,ok,"(15, 25)","(15, 25)","(15, 25)",0,v4_plus9_compiler
13,ex13,task133_transpose,True,False,ok,"(25, 15)","(25, 15)","(25, 15)",0,v4_plus9_compiler
13,ex13,task133_mirror_lr,True,False,ok,"(15, 25)","(15, 25)","(15, 25)",0,v4_plus9_compiler
13,ex13,task133_mirror_ud,True,False,ok,"(15, 25)","(15, 25)","(15, 25)",0,v4_plus9_compiler
13,ex13,task133_zero_pad_top_left,True,False,ok,"(16, 26)","(16, 26)","(16, 26)",0,v4_plus9_compiler
13,ex13,task133_zero_pad_bottom_right,True,False,ok,"(16, 26)","(16, 26)","(16, 26)",0,v4_plus9_compiler
14,ex14,original,True,False,ok,"(21, 21)","(21, 21)","(21, 21)",0,v4_plus9_compiler
14,ex14,task133_color_bijection,True,False,ok,"(21, 21)","(21, 21)","(21, 21)",0,v4_plus9_compiler
14,ex14,task133_transpose,True,False,ok,"(21, 21)","(21, 21)","(21, 21)",0,v4_plus9_compiler
14,ex14,task133_mirror_lr,True,False,ok,"(21, 21)","(21, 21)","(21, 21)",0,v4_plus9_compiler
14,ex14,task133_mirror_ud,True,False,ok,"(21, 21)","(21, 21)","(21, 21)",0,v4_plus9_compiler
14,ex14,task133_zero_pad_top_left,True,False,ok,"(22, 22)","(22, 22)","(22, 22)",0,v4_plus9_compiler
14,ex14,task133_zero_pad_bottom_right,True,False,ok,"(22, 22)","(22, 22)","(22, 22)",0,v4_plus9_compiler
15,ex15,original,True,False,ok,"(27, 21)","(27, 21)","(27, 21)",0,v4_plus9_compiler
15,ex15,task133_color_bijection,True,False,ok,"(27, 21)","(27, 21)","(27, 21)",0,v4_plus9_compiler
15,ex15,task133_transpose,True,False,ok,"(21, 27)","(21, 27)","(21, 27)",0,v4_plus9_compiler
15,ex15,task133_mirror_lr,True,False,ok,"(27, 21)","(27, 21)","(27, 21)",0,v4_plus9_compiler
15,ex15,task133_mirror_ud,True,False,ok,"(27, 21)","(27, 21)","(27, 21)",0,v4_plus9_compiler
15,ex15,task133_zero_pad_top_left,True,False,ok,"(28, 22)","(28, 22)","(28, 22)",0,v4_plus9_compiler
15,ex15,task133_zero_pad_bottom_right,True,False,ok,"(28, 22)","(28, 22)","(28, 22)",0,v4_plus9_compiler
16,ex16,original,True,False,ok,"(28, 29)","(28, 29)","(28, 29)",0,v4_plus9_compiler
16,ex16,task133_color_bijection,True,False,ok,"(28, 29)","(28, 29)","(28, 29)",0,v4_plus9_compiler
16,ex16,task133_transpose,True,False,ok,"(29, 28)","(29, 28)","(29, 28)",0,v4_plus9_compiler
16,ex16,task133_mirror_lr,True,False,ok,"(28, 29)","(28, 29)","(28, 29)",0,v4_plus9_compiler
16,ex16,task133_mirror_ud,True,False,ok,"(28, 29)","(28, 29)","(28, 29)",0,v4_plus9_compiler
16,ex16,task133_zero_pad_top_left,True,False,ok,"(29, 30)","(29, 30)","(29, 30)",0,v4_plus9_compiler
16,ex16,task133_zero_pad_bottom_right,True,False,ok,"(29, 30)","(29, 30)","(29, 30)",0,v4_plus9_compiler
17,ex17,original,True,False,ok,"(23, 27)","(23, 27)","(23, 27)",0,v4_plus9_compiler
17,ex17,task133_color_bijection,True,False,ok,"(23, 27)","(23, 27)","(23, 27)",0,v4_plus9_compiler
17,ex17,task133_transpose,True,False,ok,"(27, 23)","(27, 23)","(27, 23)",0,v4_plus9_compiler
17,ex17,task133_mirror_lr,True,False,ok,"(23, 27)","(23, 27)","(23, 27)",0,v4_plus9_compiler
17,ex17,task133_mirror_ud,True,False,ok,"(23, 27)","(23, 27)","(23, 27)",0,v4_plus9_compiler
17,ex17,task133_zero_pad_top_left,True,False,ok,"(24, 28)","(24, 28)","(24, 28)",0,v4_plus9_compiler
17,ex17,task133_zero_pad_bottom_right,True,False,ok,"(24, 28)","(24, 28)","(24, 28)",0,v4_plus9_compiler
18,ex18,original,True,False,ok,"(12, 25)","(12, 25)","(12, 25)",0,v4_plus9_compiler
18,ex18,task133_color_bijection,True,False,ok,"(12, 25)","(12, 25)","(12, 25)",0,v4_plus9_compiler
18,ex18,task133_transpose,True,False,ok,"(25, 12)","(25, 12)","(25, 12)",0,v4_plus9_compiler
18,ex18,task133_mirror_lr,True,False,ok,"(12, 25)","(12, 25)","(12, 25)",0,v4_plus9_compiler
18,ex18,task133_mirror_ud,True,False,ok,"(12, 25)","(12, 25)","(12, 25)",0,v4_plus9_compiler
18,ex18,task133_zero_pad_top_left,True,False,ok,"(13, 26)","(13, 26)","(13, 26)",0,v4_plus9_compiler
18,ex18,task133_zero_pad_bottom_right,True,False,ok,"(13, 26)","(13, 26)","(13, 26)",0,v4_plus9_compiler
19,ex19,original,True,False,ok,"(28, 28)","(28, 28)","(28, 28)",0,v4_plus9_compiler
19,ex19,task133_color_bijection,True,False,ok,"(28, 28)","(28, 28)","(28, 28)",0,v4_plus9_compiler
19,ex19,task133_transpose,True,False,ok,"(28, 28)","(28, 28)","(28, 28)",0,v4_plus9_compiler
19,ex19,task133_mirror_lr,True,False,ok,"(28, 28)","(28, 28)","(28, 28)",0,v4_plus9_compiler
19,ex19,task133_mirror_ud,True,False,ok,"(28, 28)","(28, 28)","(28, 28)",0,v4_plus9_compiler
19,ex19,task133_zero_pad_top_left,True,False,ok,"(29, 29)","(29, 29)","(29, 29)",0,v4_plus9_compiler
19,ex19,task133_zero_pad_bottom_right,True,False,ok,"(29, 29)","(29, 29)","(29, 29)",0,v4_plus9_compiler
20,ex20,original,True,False,ok,"(29, 17)","(29, 17)","(29, 17)",0,v4_plus9_compiler
20,ex20,task133_color_bijection,True,False,ok,"(29, 17)","(29, 17)","(29, 17)",0,v4_plus9_compiler
20,ex20,task133_transpose,True,False,ok,"(17, 29)","(17, 29)","(17, 29)",0,v4_plus9_compiler
20,ex20,task133_mirror_lr,True,False,ok,"(29, 17)","(29, 17)","(29, 17)",0,v4_plus9_compiler
20,ex20,task133_mirror_ud,True,False,ok,"(29, 17)","(29, 17)","(29, 17)",0,v4_plus9_compiler
20,ex20,task133_zero_pad_top_left,True,False,ok,"(30, 18)","(30, 18)","(30, 18)",0,v4_plus9_compiler
20,ex20,task133_zero_pad_bottom_right,True,False,ok,"(30, 18)","(30, 18)","(30, 18)",0,v4_plus9_compiler
21,ex21,original,True,False,ok,"(28, 24)","(28, 24)","(28, 24)",0,v4_plus9_compiler
21,ex21,task133_color_bijection,True,False,ok,"(28, 24)","(28, 24)","(28, 24)",0,v4_plus9_compiler
21,ex21,task133_transpose,True,False,ok,"(24, 28)","(24, 28)","(24, 28)",0,v4_plus9_compiler
21,ex21,task133_mirror_lr,True,False,ok,"(28, 24)","(28, 24)","(28, 24)",0,v4_plus9_compiler
21,ex21,task133_mirror_ud,True,False,ok,"(28, 24)","(28, 24)","(28, 24)",0,v4_plus9_compiler
21,ex21,task133_zero_pad_top_left,True,False,ok,"(29, 25)","(29, 25)","(29, 25)",0,v4_plus9_compiler
21,ex21,task133_zero_pad_bottom_right,True,False,ok,"(29, 25)","(29, 25)","(29, 25)",0,v4_plus9_compiler
22,ex22,original,True,False,ok,"(17, 29)","(17, 29)","(17, 29)",0,v4_plus9_compiler
22,ex22,task133_color_bijection,True,False,ok,"(17, 29)","(17, 29)","(17, 29)",0,v4_plus9_compiler
22,ex22,task133_transpose,True,False,ok,"(29, 17)","(29, 17)","(29, 17)",0,v4_plus9_compiler
22,ex22,task133_mirror_lr,True,False,ok,"(17, 29)","(17, 29)","(17, 29)",0,v4_plus9_compiler
22,ex22,task133_mirror_ud,True,False,ok,"(17, 29)","(17, 29)","(17, 29)",0,v4_plus9_compiler
22,ex22,task133_zero_pad_top_left,True,False,ok,"(18, 30)","(18, 30)","(18, 30)",0,v4_plus9_compiler
22,ex22,task133_zero_pad_bottom_right,True,False,ok,"(18, 30)","(18, 30)","(18, 30)",0,v4_plus9_compiler
23,ex23,original,True,False,ok,"(23, 19)","(23, 19)","(23, 19)",0,v4_plus9_compiler
23,ex23,task133_color_bijection,True,False,ok,"(23, 19)","(23, 19)","(23, 19)",0,v4_plus9_compiler
23,ex23,task133_transpose,True,False,ok,"(19, 23)","(19, 23)","(19, 23)",0,v4_plus9_compiler
23,ex23,task133_mirror_lr,True,False,ok,"(23, 19)","(23, 19)","(23, 19)",0,v4_plus9_compiler
23,ex23,task133_mirror_ud,True,False,ok,"(23, 19)","(23, 19)","(23, 19)",0,v4_plus9_compiler
23,ex23,task133_zero_pad_top_left,True,False,ok,"(24, 20)","(24, 20)","(24, 20)",0,v4_plus9_compiler
23,ex23,task133_zero_pad_bottom_right,True,False,ok,"(24, 20)","(24, 20)","(24, 20)",0,v4_plus9_compiler
24,ex24,original,True,False,ok,"(26, 12)","(26, 12)","(26, 12)",0,v4_plus9_compiler
24,ex24,task133_color_bijection,True,False,ok,"(26, 12)","(26, 12)","(26, 12)",0,v4_plus9_compiler
24,ex24,task133_transpose,True,False,ok,"(12, 26)","(12, 26)","(12, 26)",0,v4_plus9_compiler
24,ex24,task133_mirror_lr,True,False,ok,"(26, 12)","(26, 12)","(26, 12)",0,v4_plus9_compiler
24,ex24,task133_mirror_ud,True,False,ok,"(26, 12)","(26, 12)","(26, 12)",0,v4_plus9_compiler
24,ex24,task133_zero_pad_top_left,True,False,ok,"(27, 13)","(27, 13)","(27, 13)",0,v4_plus9_compiler
24,ex24,task133_zero_pad_bottom_right,True,False,ok,"(27, 13)","(27, 13)","(27, 13)",0,v4_plus9_compiler
25,ex25,original,True,False,ok,"(30, 25)","(30, 25)","(30, 25)",0,v4_plus9_compiler
25,ex25,task133_color_bijection,True,False,ok,"(30, 25)","(30, 25)","(30, 25)",0,v4_plus9_compiler
25,ex25,task133_transpose,True,False,ok,"(25, 30)","(25, 30)","(25, 30)",0,v4_plus9_compiler
25,ex25,task133_mirror_lr,True,False,ok,"(30, 25)","(30, 25)","(30, 25)",0,v4_plus9_compiler
25,ex25,task133_mirror_ud,True,False,ok,"(30, 25)","(30, 25)","(30, 25)",0,v4_plus9_compiler
25,ex25,task133_zero_pad_top_left,False,True,"input_shape_exceeds_limit:(31, 26)>(30, 30)","(31, 26)","(31, 26)",,,
25,ex25,task133_zero_pad_bottom_right,False,True,"input_shape_exceeds_limit:(31, 26)>(30, 30)","(31, 26)","(31, 26)",,,
26,ex26,original,True,False,ok,"(29, 28)","(29, 28)","(29, 28)",0,v4_plus9_compiler
26,ex26,task133_color_bijection,True,False,ok,"(29, 28)","(29, 28)","(29, 28)",0,v4_plus9_compiler
26,ex26,task133_transpose,True,False,ok,"(28, 29)","(28, 29)","(28, 29)",0,v4_plus9_compiler
26,ex26,task133_mirror_lr,True,False,ok,"(29, 28)","(29, 28)","(29, 28)",0,v4_plus9_compiler
26,ex26,task133_mirror_ud,True,False,ok,"(29, 28)","(29, 28)","(29, 28)",0,v4_plus9_compiler
26,ex26,task133_zero_pad_top_left,True,False,ok,"(30, 29)","(30, 29)","(30, 29)",0,v4_plus9_compiler
26,ex26,task133_zero_pad_bottom_right,True,False,ok,"(30, 29)","(30, 29)","(30, 29)",0,v4_plus9_compiler
27,ex27,original,True,False,ok,"(29, 19)","(29, 19)","(29, 19)",0,v4_plus9_compiler
27,ex27,task133_color_bijection,True,False,ok,"(29, 19)","(29, 19)","(29, 19)",0,v4_plus9_compiler
27,ex27,task133_transpose,True,False,ok,"(19, 29)","(19, 29)","(19, 29)",0,v4_plus9_compiler
27,ex27,task133_mirror_lr,True,False,ok,"(29, 19)","(29, 19)","(29, 19)",0,v4_plus9_compiler
27,ex27,task133_mirror_ud,True,False,ok,"(29, 19)","(29, 19)","(29, 19)",0,v4_plus9_compiler
27,ex27,task133_zero_pad_top_left,True,False,ok,"(30, 20)","(30, 20)","(30, 20)",0,v4_plus9_compiler
27,ex27,task133_zero_pad_bottom_right,True,False,ok,"(30, 20)","(30, 20)","(30, 20)",0,v4_plus9_compiler
28,ex28,original,True,False,ok,"(29, 30)","(29, 30)","(29, 30)",0,v4_plus9_compiler
28,ex28,task133_color_bijection,True,False,ok,"(29, 30)","(29, 30)","(29, 30)",0,v4_plus9_compiler
28,ex28,task133_transpose,True,False,ok,"(30, 29)","(30, 29)","(30, 29)",0,v4_plus9_compiler
28,ex28,task133_mirror_lr,True,False,ok,"(29, 30)","(29, 30)","(29, 30)",0,v4_plus9_compiler
28,ex28,task133_mirror_ud,True,False,ok,"(29, 30)","(29, 30)","(29, 30)",0,v4_plus9_compiler
28,ex28,task133_zero_pad_top_left,False,True,"input_shape_exceeds_limit:(30, 31)>(30, 30)","(30, 31)","(30, 31)",,,
28,ex28,task133_zero_pad_bottom_right,False,True,"input_shape_exceeds_limit:(30, 31)>(30, 30)","(30, 31)","(30, 31)",,,
29,ex29,original,True,False,ok,"(18, 30)","(18, 30)","(18, 30)",0,v4_plus9_compiler
29,ex29,task133_color_bijection,True,False,ok,"(18, 30)","(18, 30)","(18, 30)",0,v4_plus9_compiler
29,ex29,task133_transpose,True,False,ok,"(30, 18)","(30, 18)","(30, 18)",0,v4_plus9_compiler
29,ex29,task133_mirror_lr,True,False,ok,"(18, 30)","(18, 30)","(18, 30)",0,v4_plus9_compiler
29,ex29,task133_mirror_ud,True,False,ok,"(18, 30)","(18, 30)","(18, 30)",0,v4_plus9_compiler
29,ex29,task133_zero_pad_top_left,False,True,"input_shape_exceeds_limit:(19, 31)>(30, 30)","(19, 31)","(19, 31)",,,
29,ex29,task133_zero_pad_bottom_right,False,True,"input_shape_exceeds_limit:(19, 31)>(30, 30)","(19, 31)","(19, 31)",,,
30,ex30,original,True,False,ok,"(29, 21)","(29, 21)","(29, 21)",0,v4_plus9_compiler
30,ex30,task133_color_bijection,True,False,ok,"(29, 21)","(29, 21)","(29, 21)",0,v4_plus9_compiler
30,ex30,task133_transpose,True,False,ok,"(21, 29)","(21, 29)","(21, 29)",0,v4_plus9_compiler
30,ex30,task133_mirror_lr,True,False,ok,"(29, 21)","(29, 21)","(29, 21)",0,v4_plus9_compiler
30,ex30,task133_mirror_ud,True,False,ok,"(29, 21)","(29, 21)","(29, 21)",0,v4_plus9_compiler
30,ex30,task133_zero_pad_top_left,True,False,ok,"(30, 22)","(30, 22)","(30, 22)",0,v4_plus9_compiler
30,ex30,task133_zero_pad_bottom_right,True,False,ok,"(30, 22)","(30, 22)","(30, 22)",0,v4_plus9_compiler
31,ex31,original,True,False,ok,"(14, 23)","(14, 23)","(14, 23)",0,v4_plus9_compiler
31,ex31,task133_color_bijection,True,False,ok,"(14, 23)","(14, 23)","(14, 23)",0,v4_plus9_compiler
31,ex31,task133_transpose,True,False,ok,"(23, 14)","(23, 14)","(23, 14)",0,v4_plus9_compiler
31,ex31,task133_mirror_lr,True,False,ok,"(14, 23)","(14, 23)","(14, 23)",0,v4_plus9_compiler
31,ex31,task133_mirror_ud,True,False,ok,"(14, 23)","(14, 23)","(14, 23)",0,v4_plus9_compiler
31,ex31,task133_zero_pad_top_left,True,False,ok,"(15, 24)","(15, 24)","(15, 24)",0,v4_plus9_compiler
31,ex31,task133_zero_pad_bottom_right,True,False,ok,"(15, 24)","(15, 24)","(15, 24)",0,v4_plus9_compiler
32,ex32,original,True,False,ok,"(24, 18)","(24, 18)","(24, 18)",0,v4_plus9_compiler
32,ex32,task133_color_bijection,True,False,ok,"(24, 18)","(24, 18)","(24, 18)",0,v4_plus9_compiler
32,ex32,task133_transpose,True,False,ok,"(18, 24)","(18, 24)","(18, 24)",0,v4_plus9_compiler
32,ex32,task133_mirror_lr,True,False,ok,"(24, 18)","(24, 18)","(24, 18)",0,v4_plus9_compiler
32,ex32,task133_mirror_ud,True,False,ok,"(24, 18)","(24, 18)","(24, 18)",0,v4_plus9_compiler
32,ex32,task133_zero_pad_top_left,True,False,ok,"(25, 19)","(25, 19)","(25, 19)",0,v4_plus9_compiler
32,ex32,task133_zero_pad_bottom_right,True,False,ok,"(25, 19)","(25, 19)","(25, 19)",0,v4_plus9_compiler
33,ex33,original,True,False,ok,"(30, 27)","(30, 27)","(30, 27)",0,v4_plus9_compiler
33,ex33,task133_color_bijection,True,False,ok,"(30, 27)","(30, 27)","(30, 27)",0,v4_plus9_compiler
33,ex33,task133_transpose,True,False,ok,"(27, 30)","(27, 30)","(27, 30)",0,v4_plus9_compiler
33,ex33,task133_mirror_lr,True,False,ok,"(30, 27)","(30, 27)","(30, 27)",0,v4_plus9_compiler
33,ex33,task133_mirror_ud,True,False,ok,"(30, 27)","(30, 27)","(30, 27)",0,v4_plus9_compiler
33,ex33,task133_zero_pad_top_left,False,True,"input_shape_exceeds_limit:(31, 28)>(30, 30)","(31, 28)","(31, 28)",,,
33,ex33,task133_zero_pad_bottom_right,False,True,"input_shape_exceeds_limit:(31, 28)>(30, 30)","(31, 28)","(31, 28)",,,
34,ex34,original,True,False,ok,"(13, 27)","(13, 27)","(13, 27)",0,v4_plus9_compiler
34,ex34,task133_color_bijection,True,False,ok,"(13, 27)","(13, 27)","(13, 27)",0,v4_plus9_compiler
34,ex34,task133_transpose,True,False,ok,"(27, 13)","(27, 13)","(27, 13)",0,v4_plus9_compiler
34,ex34,task133_mirror_lr,True,False,ok,"(13, 27)","(13, 27)","(13, 27)",0,v4_plus9_compiler
34,ex34,task133_mirror_ud,True,False,ok,"(13, 27)","(13, 27)","(13, 27)",0,v4_plus9_compiler
34,ex34,task133_zero_pad_top_left,True,False,ok,"(14, 28)","(14, 28)","(14, 28)",0,v4_plus9_compiler
34,ex34,task133_zero_pad_bottom_right,True,False,ok,"(14, 28)","(14, 28)","(14, 28)",0,v4_plus9_compiler
35,ex35,original,True,False,ok,"(15, 18)","(15, 18)","(15, 18)",0,v4_plus9_compiler
35,ex35,task133_color_bijection,True,False,ok,"(15, 18)","(15, 18)","(15, 18)",0,v4_plus9_compiler
35,ex35,task133_transpose,True,False,ok,"(18, 15)","(18, 15)","(18, 15)",0,v4_plus9_compiler
35,ex35,task133_mirror_lr,True,False,ok,"(15, 18)","(15, 18)","(15, 18)",0,v4_plus9_compiler
35,ex35,task133_mirror_ud,True,False,ok,"(15, 18)","(15, 18)","(15, 18)",0,v4_plus9_compiler
35,ex35,task133_zero_pad_top_left,True,False,ok,"(16, 19)","(16, 19)","(16, 19)",0,v4_plus9_compiler
35,ex35,task133_zero_pad_bottom_right,True,False,ok,"(16, 19)","(16, 19)","(16, 19)",0,v4_plus9_compiler
36,ex36,original,True,False,ok,"(18, 28)","(18, 28)","(18, 28)",0,v4_plus9_compiler
36,ex36,task133_color_bijection,True,False,ok,"(18, 28)","(18, 28)","(18, 28)",0,v4_plus9_compiler
36,ex36,task133_transpose,True,False,ok,"(28, 18)","(28, 18)","(28, 18)",0,v4_plus9_compiler
36,ex36,task133_mirror_lr,True,False,ok,"(18, 28)","(18, 28)","(18, 28)",0,v4_plus9_compiler
36,ex36,task133_mirror_ud,True,False,ok,"(18, 28)","(18, 28)","(18, 28)",0,v4_plus9_compiler
36,ex36,task133_zero_pad_top_left,True,False,ok,"(19, 29)","(19, 29)","(19, 29)",0,v4_plus9_compiler
36,ex36,task133_zero_pad_bottom_right,True,False,ok,"(19, 29)","(19, 29)","(19, 29)",0,v4_plus9_compiler
37,ex37,original,True,False,ok,"(19, 29)","(19, 29)","(19, 29)",0,v4_plus9_compiler
37,ex37,task133_color_bijection,True,False,ok,"(19, 29)","(19, 29)","(19, 29)",0,v4_plus9_compiler
37,ex37,task133_transpose,True,False,ok,"(29, 19)","(29, 19)","(29, 19)",0,v4_plus9_compiler
37,ex37,task133_mirror_lr,True,False,ok,"(19, 29)","(19, 29)","(19, 29)",0,v4_plus9_compiler
37,ex37,task133_mirror_ud,True,False,ok,"(19, 29)","(19, 29)","(19, 29)",0,v4_plus9_compiler
37,ex37,task133_zero_pad_top_left,True,False,ok,"(20, 30)","(20, 30)","(20, 30)",0,v4_plus9_compiler
37,ex37,task133_zero_pad_bottom_right,True,False,ok,"(20, 30)","(20, 30)","(20, 30)",0,v4_plus9_compiler
38,ex38,original,True,False,ok,"(18, 24)","(18, 24)","(18, 24)",0,v4_plus9_compiler
38,ex38,task133_color_bijection,True,False,ok,"(18, 24)","(18, 24)","(18, 24)",0,v4_plus9_compiler
38,ex38,task133_transpose,True,False,ok,"(24, 18)","(24, 18)","(24, 18)",0,v4_plus9_compiler
38,ex38,task133_mirror_lr,True,False,ok,"(18, 24)","(18, 24)","(18, 24)",0,v4_plus9_compiler
38,ex38,task133_mirror_ud,True,False,ok,"(18, 24)","(18, 24)","(18, 24)",0,v4_plus9_compiler
38,ex38,task133_zero_pad_top_left,True,False,ok,"(19, 25)","(19, 25)","(19, 25)",0,v4_plus9_compiler
38,ex38,task133_zero_pad_bottom_right,True,False,ok,"(19, 25)","(19, 25)","(19, 25)",0,v4_plus9_compiler
39,ex39,original,True,False,ok,"(24, 28)","(24, 28)","(24, 28)",0,v4_plus9_compiler
39,ex39,task133_color_bijection,True,False,ok,"(24, 28)","(24, 28)","(24, 28)",0,v4_plus9_compiler
39,ex39,task133_transpose,True,False,ok,"(28, 24)","(28, 24)","(28, 24)",0,v4_plus9_compiler
39,ex39,task133_mirror_lr,True,False,ok,"(24, 28)","(24, 28)","(24, 28)",0,v4_plus9_compiler
39,ex39,task133_mirror_ud,True,False,ok,"(24, 28)","(24, 28)","(24, 28)",0,v4_plus9_compiler
39,ex39,task133_zero_pad_top_left,True,False,ok,"(25, 29)","(25, 29)","(25, 29)",0,v4_plus9_compiler
39,ex39,task133_zero_pad_bottom_right,True,False,ok,"(25, 29)","(25, 29)","(25, 29)",0,v4_plus9_compiler
40,ex40,original,True,False,ok,"(24, 20)","(24, 20)","(24, 20)",0,v4_plus9_compiler
40,ex40,task133_color_bijection,True,False,ok,"(24, 20)","(24, 20)","(24, 20)",0,v4_plus9_compiler
40,ex40,task133_transpose,True,False,ok,"(20, 24)","(20, 24)","(20, 24)",0,v4_plus9_compiler
40,ex40,task133_mirror_lr,True,False,ok,"(24, 20)","(24, 20)","(24, 20)",0,v4_plus9_compiler
40,ex40,task133_mirror_ud,True,False,ok,"(24, 20)","(24, 20)","(24, 20)",0,v4_plus9_compiler
40,ex40,task133_zero_pad_top_left,True,False,ok,"(25, 21)","(25, 21)","(25, 21)",0,v4_plus9_compiler
40,ex40,task133_zero_pad_bottom_right,True,False,ok,"(25, 21)","(25, 21)","(25, 21)",0,v4_plus9_compiler
41,ex41,original,True,False,ok,"(19, 30)","(19, 30)","(19, 30)",0,v4_plus9_compiler
41,ex41,task133_color_bijection,True,False,ok,"(19, 30)","(19, 30)","(19, 30)",0,v4_plus9_compiler
41,ex41,task133_transpose,True,False,ok,"(30, 19)","(30, 19)","(30, 19)",0,v4_plus9_compiler
41,ex41,task133_mirror_lr,True,False,ok,"(19, 30)","(19, 30)","(19, 30)",0,v4_plus9_compiler
41,ex41,task133_mirror_ud,True,False,ok,"(19, 30)","(19, 30)","(19, 30)",0,v4_plus9_compiler
41,ex41,task133_zero_pad_top_left,False,True,"input_shape_exceeds_limit:(20, 31)>(30, 30)","(20, 31)","(20, 31)",,,
41,ex41,task133_zero_pad_bottom_right,False,True,"input_shape_exceeds_limit:(20, 31)>(30, 30)","(20, 31)","(20, 31)",,,
42,ex42,original,True,False,ok,"(26, 29)","(26, 29)","(26, 29)",0,v4_plus9_compiler
42,ex42,task133_color_bijection,True,False,ok,"(26, 29)","(26, 29)","(26, 29)",0,v4_plus9_compiler
42,ex42,task133_transpose,True,False,ok,"(29, 26)","(29, 26)","(29, 26)",0,v4_plus9_compiler
42,ex42,task133_mirror_lr,True,False,ok,"(26, 29)","(26, 29)","(26, 29)",0,v4_plus9_compiler
42,ex42,task133_mirror_ud,True,False,ok,"(26, 29)","(26, 29)","(26, 29)",0,v4_plus9_compiler
42,ex42,task133_zero_pad_top_left,True,False,ok,"(27, 30)","(27, 30)","(27, 30)",0,v4_plus9_compiler
42,ex42,task133_zero_pad_bottom_right,True,False,ok,"(27, 30)","(27, 30)","(27, 30)",0,v4_plus9_compiler
43,ex43,original,True,False,ok,"(26, 15)","(26, 15)","(26, 15)",0,v4_plus9_compiler
43,ex43,task133_color_bijection,True,False,ok,"(26, 15)","(26, 15)","(26, 15)",0,v4_plus9_compiler
43,ex43,task133_transpose,True,False,ok,"(15, 26)","(15, 26)","(15, 26)",0,v4_plus9_compiler
43,ex43,task133_mirror_lr,True,False,ok,"(26, 15)","(26, 15)","(26, 15)",0,v4_plus9_compiler
43,ex43,task133_mirror_ud,True,False,ok,"(26, 15)","(26, 15)","(26, 15)",0,v4_plus9_compiler
43,ex43,task133_zero_pad_top_left,True,False,ok,"(27, 16)","(27, 16)","(27, 16)",0,v4_plus9_compiler
43,ex43,task133_zero_pad_bottom_right,True,False,ok,"(27, 16)","(27, 16)","(27, 16)",0,v4_plus9_compiler
44,ex44,original,True,False,ok,"(24, 19)","(24, 19)","(24, 19)",0,v4_plus9_compiler
44,ex44,task133_color_bijection,True,False,ok,"(24, 19)","(24, 19)","(24, 19)",0,v4_plus9_compiler
44,ex44,task133_transpose,True,False,ok,"(19, 24)","(19, 24)","(19, 24)",0,v4_plus9_compiler
44,ex44,task133_mirror_lr,True,False,ok,"(24, 19)","(24, 19)","(24, 19)",0,v4_plus9_compiler
44,ex44,task133_mirror_ud,True,False,ok,"(24, 19)","(24, 19)","(24, 19)",0,v4_plus9_compiler
44,ex44,task133_zero_pad_top_left,True,False,ok,"(25, 20)","(25, 20)","(25, 20)",0,v4_plus9_compiler
44,ex44,task133_zero_pad_bottom_right,True,False,ok,"(25, 20)","(25, 20)","(25, 20)",0,v4_plus9_compiler
45,ex45,original,True,False,ok,"(20, 30)","(20, 30)","(20, 30)",0,v4_plus9_compiler
45,ex45,task133_color_bijection,True,False,ok,"(20, 30)","(20, 30)","(20, 30)",0,v4_plus9_compiler
45,ex45,task133_transpose,True,False,ok,"(30, 20)","(30, 20)","(30, 20)",0,v4_plus9_compiler
45,ex45,task133_mirror_lr,True,False,ok,"(20, 30)","(20, 30)","(20, 30)",0,v4_plus9_compiler
45,ex45,task133_mirror_ud,True,False,ok,"(20, 30)","(20, 30)","(20, 30)",0,v4_plus9_compiler
45,ex45,task133_zero_pad_top_left,False,True,"input_shape_exceeds_limit:(21, 31)>(30, 30)","(21, 31)","(21, 31)",,,
45,ex45,task133_zero_pad_bottom_right,False,True,"input_shape_exceeds_limit:(21, 31)>(30, 30)","(21, 31)","(21, 31)",,,
46,ex46,original,True,False,ok,"(27, 22)","(27, 22)","(27, 22)",0,v4_plus9_compiler
46,ex46,task133_color_bijection,True,False,ok,"(27, 22)","(27, 22)","(27, 22)",0,v4_plus9_compiler
46,ex46,task133_transpose,True,False,ok,"(22, 27)","(22, 27)","(22, 27)",0,v4_plus9_compiler
46,ex46,task133_mirror_lr,True,False,ok,"(27, 22)","(27, 22)","(27, 22)",0,v4_plus9_compiler
46,ex46,task133_mirror_ud,True,False,ok,"(27, 22)","(27, 22)","(27, 22)",0,v4_plus9_compiler
46,ex46,task133_zero_pad_top_left,True,False,ok,"(28, 23)","(28, 23)","(28, 23)",0,v4_plus9_compiler
46,ex46,task133_zero_pad_bottom_right,True,False,ok,"(28, 23)","(28, 23)","(28, 23)",0,v4_plus9_compiler
47,ex47,original,True,False,ok,"(30, 21)","(30, 21)","(30, 21)",0,v4_plus9_compiler
47,ex47,task133_color_bijection,True,False,ok,"(30, 21)","(30, 21)","(30, 21)",0,v4_plus9_compiler
47,ex47,task133_transpose,True,False,ok,"(21, 30)","(21, 30)","(21, 30)",0,v4_plus9_compiler
47,ex47,task133_mirror_lr,True,False,ok,"(30, 21)","(30, 21)","(30, 21)",0,v4_plus9_compiler
47,ex47,task133_mirror_ud,True,False,ok,"(30, 21)","(30, 21)","(30, 21)",0,v4_plus9_compiler
47,ex47,task133_zero_pad_top_left,False,True,"input_shape_exceeds_limit:(31, 22)>(30, 30)","(31, 22)","(31, 22)",,,
47,ex47,task133_zero_pad_bottom_right,False,True,"input_shape_exceeds_limit:(31, 22)>(30, 30)","(31, 22)","(31, 22)",,,
48,ex48,original,True,False,ok,"(25, 27)","(25, 27)","(25, 27)",0,v4_plus9_compiler
48,ex48,task133_color_bijection,True,False,ok,"(25, 27)","(25, 27)","(25, 27)",0,v4_plus9_compiler
48,ex48,task133_transpose,True,False,ok,"(27, 25)","(27, 25)","(27, 25)",0,v4_plus9_compiler
48,ex48,task133_mirror_lr,True,False,ok,"(25, 27)","(25, 27)","(25, 27)",0,v4_plus9_compiler
48,ex48,task133_mirror_ud,True,False,ok,"(25, 27)","(25, 27)","(25, 27)",0,v4_plus9_compiler
48,ex48,task133_zero_pad_top_left,True,False,ok,"(26, 28)","(26, 28)","(26, 28)",0,v4_plus9_compiler
48,ex48,task133_zero_pad_bottom_right,True,False,ok,"(26, 28)","(26, 28)","(26, 28)",0,v4_plus9_compiler
49,ex49,original,True,False,ok,"(21, 20)","(21, 20)","(21, 20)",0,v4_plus9_compiler
49,ex49,task133_color_bijection,True,False,ok,"(21, 20)","(21, 20)","(21, 20)",0,v4_plus9_compiler
49,ex49,task133_transpose,True,False,ok,"(20, 21)","(20, 21)","(20, 21)",0,v4_plus9_compiler
49,ex49,task133_mirror_lr,True,False,ok,"(21, 20)","(21, 20)","(21, 20)",0,v4_plus9_compiler
49,ex49,task133_mirror_ud,True,False,ok,"(21, 20)","(21, 20)","(21, 20)",0,v4_plus9_compiler
49,ex49,task133_zero_pad_top_left,True,False,ok,"(22, 21)","(22, 21)","(22, 21)",0,v4_plus9_compiler
49,ex49,task133_zero_pad_bottom_right,True,False,ok,"(22, 21)","(22, 21)","(22, 21)",0,v4_plus9_compiler
50,ex50,original,True,False,ok,"(20, 26)","(20, 26)","(20, 26)",0,v4_plus9_compiler
50,ex50,task133_color_bijection,True,False,ok,"(20, 26)","(20, 26)","(20, 26)",0,v4_plus9_compiler
50,ex50,task133_transpose,True,False,ok,"(26, 20)","(26, 20)","(26, 20)",0,v4_plus9_compiler
50,ex50,task133_mirror_lr,True,False,ok,"(20, 26)","(20, 26)","(20, 26)",0,v4_plus9_compiler
50,ex50,task133_mirror_ud,True,False,ok,"(20, 26)","(20, 26)","(20, 26)",0,v4_plus9_compiler
50,ex50,task133_zero_pad_top_left,True,False,ok,"(21, 27)","(21, 27)","(21, 27)",0,v4_plus9_compiler
50,ex50,task133_zero_pad_bottom_right,True,False,ok,"(21, 27)","(21, 27)","(21, 27)",0,v4_plus9_compiler
51,ex51,original,True,False,ok,"(28, 14)","(28, 14)","(28, 14)",0,v4_plus9_compiler
51,ex51,task133_color_bijection,True,False,ok,"(28, 14)","(28, 14)","(28, 14)",0,v4_plus9_compiler
51,ex51,task133_transpose,True,False,ok,"(14, 28)","(14, 28)","(14, 28)",0,v4_plus9_compiler
51,ex51,task133_mirror_lr,True,False,ok,"(28, 14)","(28, 14)","(28, 14)",0,v4_plus9_compiler
51,ex51,task133_mirror_ud,True,False,ok,"(28, 14)","(28, 14)","(28, 14)",0,v4_plus9_compiler
51,ex51,task133_zero_pad_top_left,True,False,ok,"(29, 15)","(29, 15)","(29, 15)",0,v4_plus9_compiler
51,ex51,task133_zero_pad_bottom_right,True,False,ok,"(29, 15)","(29, 15)","(29, 15)",0,v4_plus9_compiler
52,ex52,original,True,False,ok,"(13, 24)","(13, 24)","(13, 24)",0,v4_plus9_compiler
52,ex52,task133_color_bijection,True,False,ok,"(13, 24)","(13, 24)","(13, 24)",0,v4_plus9_compiler
52,ex52,task133_transpose,True,False,ok,"(24, 13)","(24, 13)","(24, 13)",0,v4_plus9_compiler
52,ex52,task133_mirror_lr,True,False,ok,"(13, 24)","(13, 24)","(13, 24)",0,v4_plus9_compiler
52,ex52,task133_mirror_ud,True,False,ok,"(13, 24)","(13, 24)","(13, 24)",0,v4_plus9_compiler
52,ex52,task133_zero_pad_top_left,True,False,ok,"(14, 25)","(14, 25)","(14, 25)",0,v4_plus9_compiler
52,ex52,task133_zero_pad_bottom_right,True,False,ok,"(14, 25)","(14, 25)","(14, 25)",0,v4_plus9_compiler
53,ex53,original,True,False,ok,"(26, 28)","(26, 28)","(26, 28)",0,v4_plus9_compiler
53,ex53,task133_color_bijection,True,False,ok,"(26, 28)","(26, 28)","(26, 28)",0,v4_plus9_compiler
53,ex53,task133_transpose,True,False,ok,"(28, 26)","(28, 26)","(28, 26)",0,v4_plus9_compiler
53,ex53,task133_mirror_lr,True,False,ok,"(26, 28)","(26, 28)","(26, 28)",0,v4_plus9_compiler
53,ex53,task133_mirror_ud,True,False,ok,"(26, 28)","(26, 28)","(26, 28)",0,v4_plus9_compiler
53,ex53,task133_zero_pad_top_left,True,False,ok,"(27, 29)","(27, 29)","(27, 29)",0,v4_plus9_compiler
53,ex53,task133_zero_pad_bottom_right,True,False,ok,"(27, 29)","(27, 29)","(27, 29)",0,v4_plus9_compiler
54,ex54,original,True,False,ok,"(28, 30)","(28, 30)","(28, 30)",0,v4_plus9_compiler
54,ex54,task133_color_bijection,True,False,ok,"(28, 30)","(28, 30)","(28, 30)",0,v4_plus9_compiler
54,ex54,task133_transpose,True,False,ok,"(30, 28)","(30, 28)","(30, 28)",0,v4_plus9_compiler
54,ex54,task133_mirror_lr,True,False,ok,"(28, 30)","(28, 30)","(28, 30)",0,v4_plus9_compiler
54,ex54,task133_mirror_ud,True,False,ok,"(28, 30)","(28, 30)","(28, 30)",0,v4_plus9_compiler
54,ex54,task133_zero_pad_top_left,False,True,"input_shape_exceeds_limit:(29, 31)>(30, 30)","(29, 31)","(29, 31)",,,
54,ex54,task133_zero_pad_bottom_right,False,True,"input_shape_exceeds_limit:(29, 31)>(30, 30)","(29, 31)","(29, 31)",,,
55,ex55,original,True,False,ok,"(20, 19)","(20, 19)","(20, 19)",0,v4_plus9_compiler
55,ex55,task133_color_bijection,True,False,ok,"(20, 19)","(20, 19)","(20, 19)",0,v4_plus9_compiler
55,ex55,task133_transpose,True,False,ok,"(19, 20)","(19, 20)","(19, 20)",0,v4_plus9_compiler
55,ex55,task133_mirror_lr,True,False,ok,"(20, 19)","(20, 19)","(20, 19)",0,v4_plus9_compiler
55,ex55,task133_mirror_ud,True,False,ok,"(20, 19)","(20, 19)","(20, 19)",0,v4_plus9_compiler
55,ex55,task133_zero_pad_top_left,True,False,ok,"(21, 20)","(21, 20)","(21, 20)",0,v4_plus9_compiler
55,ex55,task133_zero_pad_bottom_right,True,False,ok,"(21, 20)","(21, 20)","(21, 20)",0,v4_plus9_compiler
56,ex56,original,True,False,ok,"(12, 26)","(12, 26)","(12, 26)",0,v4_plus9_compiler
56,ex56,task133_color_bijection,True,False,ok,"(12, 26)","(12, 26)","(12, 26)",0,v4_plus9_compiler
56,ex56,task133_transpose,True,False,ok,"(26, 12)","(26, 12)","(26, 12)",0,v4_plus9_compiler
56,ex56,task133_mirror_lr,True,False,ok,"(12, 26)","(12, 26)","(12, 26)",0,v4_plus9_compiler
56,ex56,task133_mirror_ud,True,False,ok,"(12, 26)","(12, 26)","(12, 26)",0,v4_plus9_compiler
56,ex56,task133_zero_pad_top_left,True,False,ok,"(13, 27)","(13, 27)","(13, 27)",0,v4_plus9_compiler
56,ex56,task133_zero_pad_bottom_right,True,False,ok,"(13, 27)","(13, 27)","(13, 27)",0,v4_plus9_compiler
57,ex57,original,True,False,ok,"(13, 19)","(13, 19)","(13, 19)",0,v4_plus9_compiler
57,ex57,task133_color_bijection,True,False,ok,"(13, 19)","(13, 19)","(13, 19)",0,v4_plus9_compiler
57,ex57,task133_transpose,True,False,ok,"(19, 13)","(19, 13)","(19, 13)",0,v4_plus9_compiler
57,ex57,task133_mirror_lr,True,False,ok,"(13, 19)","(13, 19)","(13, 19)",0,v4_plus9_compiler
57,ex57,task133_mirror_ud,True,False,ok,"(13, 19)","(13, 19)","(13, 19)",0,v4_plus9_compiler
57,ex57,task133_zero_pad_top_left,True,False,ok,"(14, 20)","(14, 20)","(14, 20)",0,v4_plus9_compiler
57,ex57,task133_zero_pad_bottom_right,True,False,ok,"(14, 20)","(14, 20)","(14, 20)",0,v4_plus9_compiler
58,ex58,original,True,False,ok,"(25, 20)","(25, 20)","(25, 20)",0,v4_plus9_compiler
58,ex58,task133_color_bijection,True,False,ok,"(25, 20)","(25, 20)","(25, 20)",0,v4_plus9_compiler
58,ex58,task133_transpose,True,False,ok,"(20, 25)","(20, 25)","(20, 25)",0,v4_plus9_compiler
58,ex58,task133_mirror_lr,True,False,ok,"(25, 20)","(25, 20)","(25, 20)",0,v4_plus9_compiler
58,ex58,task133_mirror_ud,True,False,ok,"(25, 20)","(25, 20)","(25, 20)",0,v4_plus9_compiler
58,ex58,task133_zero_pad_top_left,True,False,ok,"(26, 21)","(26, 21)","(26, 21)",0,v4_plus9_compiler
58,ex58,task133_zero_pad_bottom_right,True,False,ok,"(26, 21)","(26, 21)","(26, 21)",0,v4_plus9_compiler
59,ex59,original,True,False,ok,"(24, 27)","(24, 27)","(24, 27)",0,v4_plus9_compiler
59,ex59,task133_color_bijection,True,False,ok,"(24, 27)","(24, 27)","(24, 27)",0,v4_plus9_compiler
59,ex59,task133_transpose,True,False,ok,"(27, 24)","(27, 24)","(27, 24)",0,v4_plus9_compiler
59,ex59,task133_mirror_lr,True,False,ok,"(24, 27)","(24, 27)","(24, 27)",0,v4_plus9_compiler
59,ex59,task133_mirror_ud,True,False,ok,"(24, 27)","(24, 27)","(24, 27)",0,v4_plus9_compiler
59,ex59,task133_zero_pad_top_left,True,False,ok,"(25, 28)","(25, 28)","(25, 28)",0,v4_plus9_compiler
59,ex59,task133_zero_pad_bottom_right,True,False,ok,"(25, 28)","(25, 28)","(25, 28)",0,v4_plus9_compiler
60,ex60,original,True,False,ok,"(10, 30)","(10, 30)","(10, 30)",0,v4_plus9_compiler
60,ex60,task133_color_bijection,True,False,ok,"(10, 30)","(10, 30)","(10, 30)",0,v4_plus9_compiler
60,ex60,task133_transpose,True,False,ok,"(30, 10)","(30, 10)","(30, 10)",0,v4_plus9_compiler
60,ex60,task133_mirror_lr,True,False,ok,"(10, 30)","(10, 30)","(10, 30)",0,v4_plus9_compiler
60,ex60,task133_mirror_ud,True,False,ok,"(10, 30)","(10, 30)","(10, 30)",0,v4_plus9_compiler
60,ex60,task133_zero_pad_top_left,False,True,"input_shape_exceeds_limit:(11, 31)>(30, 30)","(11, 31)","(11, 31)",,,
60,ex60,task133_zero_pad_bottom_right,False,True,"input_shape_exceeds_limit:(11, 31)>(30, 30)","(11, 31)","(11, 31)",,,
61,ex61,original,True,False,ok,"(30, 15)","(30, 15)","(30, 15)",0,v4_plus9_compiler
61,ex61,task133_color_bijection,True,False,ok,"(30, 15)","(30, 15)","(30, 15)",0,v4_plus9_compiler
61,ex61,task133_transpose,True,False,ok,"(15, 30)","(15, 30)","(15, 30)",0,v4_plus9_compiler
61,ex61,task133_mirror_lr,True,False,ok,"(30, 15)","(30, 15)","(30, 15)",0,v4_plus9_compiler
61,ex61,task133_mirror_ud,True,False,ok,"(30, 15)","(30, 15)","(30, 15)",0,v4_plus9_compiler
61,ex61,task133_zero_pad_top_left,False,True,"input_shape_exceeds_limit:(31, 16)>(30, 30)","(31, 16)","(31, 16)",,,
61,ex61,task133_zero_pad_bottom_right,False,True,"input_shape_exceeds_limit:(31, 16)>(30, 30)","(31, 16)","(31, 16)",,,
62,ex62,original,True,False,ok,"(26, 25)","(26, 25)","(26, 25)",0,v4_plus9_compiler
62,ex62,task133_color_bijection,True,False,ok,"(26, 25)","(26, 25)","(26, 25)",0,v4_plus9_compiler
62,ex62,task133_transpose,True,False,ok,"(25, 26)","(25, 26)","(25, 26)",0,v4_plus9_compiler
62,ex62,task133_mirror_lr,True,False,ok,"(26, 25)","(26, 25)","(26, 25)",0,v4_plus9_compiler
62,ex62,task133_mirror_ud,True,False,ok,"(26, 25)","(26, 25)","(26, 25)",0,v4_plus9_compiler
62,ex62,task133_zero_pad_top_left,True,False,ok,"(27, 26)","(27, 26)","(27, 26)",0,v4_plus9_compiler
62,ex62,task133_zero_pad_bottom_right,True,False,ok,"(27, 26)","(27, 26)","(27, 26)",0,v4_plus9_compiler
63,ex63,original,True,False,ok,"(14, 20)","(14, 20)","(14, 20)",0,v4_plus9_compiler
63,ex63,task133_color_bijection,True,False,ok,"(14, 20)","(14, 20)","(14, 20)",0,v4_plus9_compiler
63,ex63,task133_transpose,True,False,ok,"(20, 14)","(20, 14)","(20, 14)",0,v4_plus9_compiler
63,ex63,task133_mirror_lr,True,False,ok,"(14, 20)","(14, 20)","(14, 20)",0,v4_plus9_compiler
63,ex63,task133_mirror_ud,True,False,ok,"(14, 20)","(14, 20)","(14, 20)",0,v4_plus9_compiler
63,ex63,task133_zero_pad_top_left,True,False,ok,"(15, 21)","(15, 21)","(15, 21)",0,v4_plus9_compiler
63,ex63,task133_zero_pad_bottom_right,True,False,ok,"(15, 21)","(15, 21)","(15, 21)",0,v4_plus9_compiler
64,ex64,original,True,False,ok,"(10, 16)","(10, 16)","(10, 16)",0,v4_plus9_compiler
64,ex64,task133_color_bijection,True,False,ok,"(10, 16)","(10, 16)","(10, 16)",0,v4_plus9_compiler
64,ex64,task133_transpose,True,False,ok,"(16, 10)","(16, 10)","(16, 10)",0,v4_plus9_compiler
64,ex64,task133_mirror_lr,True,False,ok,"(10, 16)","(10, 16)","(10, 16)",0,v4_plus9_compiler
64,ex64,task133_mirror_ud,True,False,ok,"(10, 16)","(10, 16)","(10, 16)",0,v4_plus9_compiler
64,ex64,task133_zero_pad_top_left,True,False,ok,"(11, 17)","(11, 17)","(11, 17)",0,v4_plus9_compiler
64,ex64,task133_zero_pad_bottom_right,True,False,ok,"(11, 17)","(11, 17)","(11, 17)",0,v4_plus9_compiler
65,ex65,original,True,False,ok,"(19, 13)","(19, 13)","(19, 13)",0,v4_plus9_compiler
65,ex65,task133_color_bijection,True,False,ok,"(19, 13)","(19, 13)","(19, 13)",0,v4_plus9_compiler
65,ex65,task133_transpose,True,False,ok,"(13, 19)","(13, 19)","(13, 19)",0,v4_plus9_compiler
65,ex65,task133_mirror_lr,True,False,ok,"(19, 13)","(19, 13)","(19, 13)",0,v4_plus9_compiler
65,ex65,task133_mirror_ud,True,False,ok,"(19, 13)","(19, 13)","(19, 13)",0,v4_plus9_compiler
65,ex65,task133_zero_pad_top_left,True,False,ok,"(20, 14)","(20, 14)","(20, 14)",0,v4_plus9_compiler
65,ex65,task133_zero_pad_bottom_right,True,False,ok,"(20, 14)","(20, 14)","(20, 14)",0,v4_plus9_compiler
66,ex66,original,True,False,ok,"(28, 27)","(28, 27)","(28, 27)",0,v4_plus9_compiler
66,ex66,task133_color_bijection,True,False,ok,"(28, 27)","(28, 27)","(28, 27)",0,v4_plus9_compiler
66,ex66,task133_transpose,True,False,ok,"(27, 28)","(27, 28)","(27, 28)",0,v4_plus9_compiler
66,ex66,task133_mirror_lr,True,False,ok,"(28, 27)","(28, 27)","(28, 27)",0,v4_plus9_compiler
66,ex66,task133_mirror_ud,True,False,ok,"(28, 27)","(28, 27)","(28, 27)",0,v4_plus9_compiler
66,ex66,task133_zero_pad_top_left,True,False,ok,"(29, 28)","(29, 28)","(29, 28)",0,v4_plus9_compiler
66,ex66,task133_zero_pad_bottom_right,True,False,ok,"(29, 28)","(29, 28)","(29, 28)",0,v4_plus9_compiler
67,ex67,original,True,False,ok,"(14, 17)","(14, 17)","(14, 17)",0,v4_plus9_compiler
67,ex67,task133_color_bijection,True,False,ok,"(14, 17)","(14, 17)","(14, 17)",0,v4_plus9_compiler
67,ex67,task133_transpose,True,False,ok,"(17, 14)","(17, 14)","(17, 14)",0,v4_plus9_compiler
67,ex67,task133_mirror_lr,True,False,ok,"(14, 17)","(14, 17)","(14, 17)",0,v4_plus9_compiler
67,ex67,task133_mirror_ud,True,False,ok,"(14, 17)","(14, 17)","(14, 17)",0,v4_plus9_compiler
67,ex67,task133_zero_pad_top_left,True,False,ok,"(15, 18)","(15, 18)","(15, 18)",0,v4_plus9_compiler
67,ex67,task133_zero_pad_bottom_right,True,False,ok,"(15, 18)","(15, 18)","(15, 18)",0,v4_plus9_compiler
68,ex68,original,True,False,ok,"(24, 29)","(24, 29)","(24, 29)",0,v4_plus9_compiler
68,ex68,task133_color_bijection,True,False,ok,"(24, 29)","(24, 29)","(24, 29)",0,v4_plus9_compiler
68,ex68,task133_transpose,True,False,ok,"(29, 24)","(29, 24)","(29, 24)",0,v4_plus9_compiler
68,ex68,task133_mirror_lr,True,False,ok,"(24, 29)","(24, 29)","(24, 29)",0,v4_plus9_compiler
68,ex68,task133_mirror_ud,True,False,ok,"(24, 29)","(24, 29)","(24, 29)",0,v4_plus9_compiler
68,ex68,task133_zero_pad_top_left,True,False,ok,"(25, 30)","(25, 30)","(25, 30)",0,v4_plus9_compiler
68,ex68,task133_zero_pad_bottom_right,True,False,ok,"(25, 30)","(25, 30)","(25, 30)",0,v4_plus9_compiler
69,ex69,original,True,False,ok,"(23, 23)","(23, 23)","(23, 23)",0,v4_plus9_compiler
69,ex69,task133_color_bijection,True,False,ok,"(23, 23)","(23, 23)","(23, 23)",0,v4_plus9_compiler
69,ex69,task133_transpose,True,False,ok,"(23, 23)","(23, 23)","(23, 23)",0,v4_plus9_compiler
69,ex69,task133_mirror_lr,True,False,ok,"(23, 23)","(23, 23)","(23, 23)",0,v4_plus9_compiler
69,ex69,task133_mirror_ud,True,False,ok,"(23, 23)","(23, 23)","(23, 23)",0,v4_plus9_compiler
69,ex69,task133_zero_pad_top_left,True,False,ok,"(24, 24)","(24, 24)","(24, 24)",0,v4_plus9_compiler
69,ex69,task133_zero_pad_bottom_right,True,False,ok,"(24, 24)","(24, 24)","(24, 24)",0,v4_plus9_compiler
70,ex70,original,True,False,ok,"(21, 29)","(21, 29)","(21, 29)",0,v4_plus9_compiler
70,ex70,task133_color_bijection,True,False,ok,"(21, 29)","(21, 29)","(21, 29)",0,v4_plus9_compiler
70,ex70,task133_transpose,True,False,ok,"(29, 21)","(29, 21)","(29, 21)",0,v4_plus9_compiler
70,ex70,task133_mirror_lr,True,False,ok,"(21, 29)","(21, 29)","(21, 29)",0,v4_plus9_compiler
70,ex70,task133_mirror_ud,True,False,ok,"(21, 29)","(21, 29)","(21, 29)",0,v4_plus9_compiler
70,ex70,task133_zero_pad_top_left,True,False,ok,"(22, 30)","(22, 30)","(22, 30)",0,v4_plus9_compiler
70,ex70,task133_zero_pad_bottom_right,True,False,ok,"(22, 30)","(22, 30)","(22, 30)",0,v4_plus9_compiler
71,ex71,original,True,False,ok,"(25, 24)","(25, 24)","(25, 24)",0,v4_plus9_compiler
71,ex71,task133_color_bijection,True,False,ok,"(25, 24)","(25, 24)","(25, 24)",0,v4_plus9_compiler
71,ex71,task133_transpose,True,False,ok,"(24, 25)","(24, 25)","(24, 25)",0,v4_plus9_compiler
71,ex71,task133_mirror_lr,True,False,ok,"(25, 24)","(25, 24)","(25, 24)",0,v4_plus9_compiler
71,ex71,task133_mirror_ud,True,False,ok,"(25, 24)","(25, 24)","(25, 24)",0,v4_plus9_compiler
71,ex71,task133_zero_pad_top_left,True,False,ok,"(26, 25)","(26, 25)","(26, 25)",0,v4_plus9_compiler
71,ex71,task133_zero_pad_bottom_right,True,False,ok,"(26, 25)","(26, 25)","(26, 25)",0,v4_plus9_compiler
72,ex72,original,True,False,ok,"(28, 26)","(28, 26)","(28, 26)",0,v4_plus9_compiler
72,ex72,task133_color_bijection,True,False,ok,"(28, 26)","(28, 26)","(28, 26)",0,v4_plus9_compiler
72,ex72,task133_transpose,True,False,ok,"(26, 28)","(26, 28)","(26, 28)",0,v4_plus9_compiler
72,ex72,task133_mirror_lr,True,False,ok,"(28, 26)","(28, 26)","(28, 26)",0,v4_plus9_compiler
72,ex72,task133_mirror_ud,True,False,ok,"(28, 26)","(28, 26)","(28, 26)",0,v4_plus9_compiler
72,ex72,task133_zero_pad_top_left,True,False,ok,"(29, 27)","(29, 27)","(29, 27)",0,v4_plus9_compiler
72,ex72,task133_zero_pad_bottom_right,True,False,ok,"(29, 27)","(29, 27)","(29, 27)",0,v4_plus9_compiler
73,ex73,original,True,False,ok,"(19, 24)","(19, 24)","(19, 24)",0,v4_plus9_compiler
73,ex73,task133_color_bijection,True,False,ok,"(19, 24)","(19, 24)","(19, 24)",0,v4_plus9_compiler
73,ex73,task133_transpose,True,False,ok,"(24, 19)","(24, 19)","(24, 19)",0,v4_plus9_compiler
73,ex73,task133_mirror_lr,True,False,ok,"(19, 24)","(19, 24)","(19, 24)",0,v4_plus9_compiler
73,ex73,task133_mirror_ud,True,False,ok,"(19, 24)","(19, 24)","(19, 24)",0,v4_plus9_compiler
73,ex73,task133_zero_pad_top_left,True,False,ok,"(20, 25)","(20, 25)","(20, 25)",0,v4_plus9_compiler
73,ex73,task133_zero_pad_bottom_right,True,False,ok,"(20, 25)","(20, 25)","(20, 25)",0,v4_plus9_compiler
74,ex74,original,True,False,ok,"(26, 29)","(26, 29)","(26, 29)",0,v4_plus9_compiler
74,ex74,task133_color_bijection,True,False,ok,"(26, 29)","(26, 29)","(26, 29)",0,v4_plus9_compiler
74,ex74,task133_transpose,True,False,ok,"(29, 26)","(29, 26)","(29, 26)",0,v4_plus9_compiler
74,ex74,task133_mirror_lr,True,False,ok,"(26, 29)","(26, 29)","(26, 29)",0,v4_plus9_compiler
74,ex74,task133_mirror_ud,True,False,ok,"(26, 29)","(26, 29)","(26, 29)",0,v4_plus9_compiler
74,ex74,task133_zero_pad_top_left,True,False,ok,"(27, 30)","(27, 30)","(27, 30)",0,v4_plus9_compiler
74,ex74,task133_zero_pad_bottom_right,True,False,ok,"(27, 30)","(27, 30)","(27, 30)",0,v4_plus9_compiler
75,ex75,original,True,False,ok,"(20, 30)","(20, 30)","(20, 30)",0,v4_plus9_compiler
75,ex75,task133_color_bijection,True,False,ok,"(20, 30)","(20, 30)","(20, 30)",0,v4_plus9_compiler
75,ex75,task133_transpose,True,False,ok,"(30, 20)","(30, 20)","(30, 20)",0,v4_plus9_compiler
75,ex75,task133_mirror_lr,True,False,ok,"(20, 30)","(20, 30)","(20, 30)",0,v4_plus9_compiler
75,ex75,task133_mirror_ud,True,False,ok,"(20, 30)","(20, 30)","(20, 30)",0,v4_plus9_compiler
75,ex75,task133_zero_pad_top_left,False,True,"input_shape_exceeds_limit:(21, 31)>(30, 30)","(21, 31)","(21, 31)",,,
75,ex75,task133_zero_pad_bottom_right,False,True,"input_shape_exceeds_limit:(21, 31)>(30, 30)","(21, 31)","(21, 31)",,,
76,ex76,original,True,False,ok,"(17, 16)","(17, 16)","(17, 16)",0,v4_plus9_compiler
76,ex76,task133_color_bijection,True,False,ok,"(17, 16)","(17, 16)","(17, 16)",0,v4_plus9_compiler
76,ex76,task133_transpose,True,False,ok,"(16, 17)","(16, 17)","(16, 17)",0,v4_plus9_compiler
76,ex76,task133_mirror_lr,True,False,ok,"(17, 16)","(17, 16)","(17, 16)",0,v4_plus9_compiler
76,ex76,task133_mirror_ud,True,False,ok,"(17, 16)","(17, 16)","(17, 16)",0,v4_plus9_compiler
76,ex76,task133_zero_pad_top_left,True,False,ok,"(18, 17)","(18, 17)","(18, 17)",0,v4_plus9_compiler
76,ex76,task133_zero_pad_bottom_right,True,False,ok,"(18, 17)","(18, 17)","(18, 17)",0,v4_plus9_compiler
77,ex77,original,True,False,ok,"(13, 22)","(13, 22)","(13, 22)",0,v4_plus9_compiler
77,ex77,task133_color_bijection,True,False,ok,"(13, 22)","(13, 22)","(13, 22)",0,v4_plus9_compiler
77,ex77,task133_transpose,True,False,ok,"(22, 13)","(22, 13)","(22, 13)",0,v4_plus9_compiler
77,ex77,task133_mirror_lr,True,False,ok,"(13, 22)","(13, 22)","(13, 22)",0,v4_plus9_compiler
77,ex77,task133_mirror_ud,True,False,ok,"(13, 22)","(13, 22)","(13, 22)",0,v4_plus9_compiler
77,ex77,task133_zero_pad_top_left,True,False,ok,"(14, 23)","(14, 23)","(14, 23)",0,v4_plus9_compiler
77,ex77,task133_zero_pad_bottom_right,True,False,ok,"(14, 23)","(14, 23)","(14, 23)",0,v4_plus9_compiler
78,ex78,original,True,False,ok,"(28, 29)","(28, 29)","(28, 29)",0,v4_plus9_compiler
78,ex78,task133_color_bijection,True,False,ok,"(28, 29)","(28, 29)","(28, 29)",0,v4_plus9_compiler
78,ex78,task133_transpose,True,False,ok,"(29, 28)","(29, 28)","(29, 28)",0,v4_plus9_compiler
78,ex78,task133_mirror_lr,True,False,ok,"(28, 29)","(28, 29)","(28, 29)",0,v4_plus9_compiler
78,ex78,task133_mirror_ud,True,False,ok,"(28, 29)","(28, 29)","(28, 29)",0,v4_plus9_compiler
78,ex78,task133_zero_pad_top_left,True,False,ok,"(29, 30)","(29, 30)","(29, 30)",0,v4_plus9_compiler
78,ex78,task133_zero_pad_bottom_right,True,False,ok,"(29, 30)","(29, 30)","(29, 30)",0,v4_plus9_compiler
79,ex79,original,True,False,ok,"(22, 16)","(22, 16)","(22, 16)",0,v4_plus9_compiler
79,ex79,task133_color_bijection,True,False,ok,"(22, 16)","(22, 16)","(22, 16)",0,v4_plus9_compiler
79,ex79,task133_transpose,True,False,ok,"(16, 22)","(16, 22)","(16, 22)",0,v4_plus9_compiler
79,ex79,task133_mirror_lr,True,False,ok,"(22, 16)","(22, 16)","(22, 16)",0,v4_plus9_compiler
79,ex79,task133_mirror_ud,True,False,ok,"(22, 16)","(22, 16)","(22, 16)",0,v4_plus9_compiler
79,ex79,task133_zero_pad_top_left,True,False,ok,"(23, 17)","(23, 17)","(23, 17)",0,v4_plus9_compiler
79,ex79,task133_zero_pad_bottom_right,True,False,ok,"(23, 17)","(23, 17)","(23, 17)",0,v4_plus9_compiler
80,ex80,original,True,False,ok,"(16, 22)","(16, 22)","(16, 22)",0,v4_plus9_compiler
80,ex80,task133_color_bijection,True,False,ok,"(16, 22)","(16, 22)","(16, 22)",0,v4_plus9_compiler
80,ex80,task133_transpose,True,False,ok,"(22, 16)","(22, 16)","(22, 16)",0,v4_plus9_compiler
80,ex80,task133_mirror_lr,True,False,ok,"(16, 22)","(16, 22)","(16, 22)",0,v4_plus9_compiler
80,ex80,task133_mirror_ud,True,False,ok,"(16, 22)","(16, 22)","(16, 22)",0,v4_plus9_compiler
80,ex80,task133_zero_pad_top_left,True,False,ok,"(17, 23)","(17, 23)","(17, 23)",0,v4_plus9_compiler
80,ex80,task133_zero_pad_bottom_right,True,False,ok,"(17, 23)","(17, 23)","(17, 23)",0,v4_plus9_compiler
81,ex81,original,True,False,ok,"(21, 25)","(21, 25)","(21, 25)",0,v4_plus9_compiler
81,ex81,task133_color_bijection,True,False,ok,"(21, 25)","(21, 25)","(21, 25)",0,v4_plus9_compiler
81,ex81,task133_transpose,True,False,ok,"(25, 21)","(25, 21)","(25, 21)",0,v4_plus9_compiler
81,ex81,task133_mirror_lr,True,False,ok,"(21, 25)","(21, 25)","(21, 25)",0,v4_plus9_compiler
81,ex81,task133_mirror_ud,True,False,ok,"(21, 25)","(21, 25)","(21, 25)",0,v4_plus9_compiler
81,ex81,task133_zero_pad_top_left,True,False,ok,"(22, 26)","(22, 26)","(22, 26)",0,v4_plus9_compiler
81,ex81,task133_zero_pad_bottom_right,True,False,ok,"(22, 26)","(22, 26)","(22, 26)",0,v4_plus9_compiler
82,ex82,original,True,False,ok,"(22, 24)","(22, 24)","(22, 24)",0,v4_plus9_compiler
82,ex82,task133_color_bijection,True,False,ok,"(22, 24)","(22, 24)","(22, 24)",0,v4_plus9_compiler
82,ex82,task133_transpose,True,False,ok,"(24, 22)","(24, 22)","(24, 22)",0,v4_plus9_compiler
82,ex82,task133_mirror_lr,True,False,ok,"(22, 24)","(22, 24)","(22, 24)",0,v4_plus9_compiler
82,ex82,task133_mirror_ud,True,False,ok,"(22, 24)","(22, 24)","(22, 24)",0,v4_plus9_compiler
82,ex82,task133_zero_pad_top_left,True,False,ok,"(23, 25)","(23, 25)","(23, 25)",0,v4_plus9_compiler
82,ex82,task133_zero_pad_bottom_right,True,False,ok,"(23, 25)","(23, 25)","(23, 25)",0,v4_plus9_compiler
83,ex83,original,True,False,ok,"(25, 24)","(25, 24)","(25, 24)",0,v4_plus9_compiler
83,ex83,task133_color_bijection,True,False,ok,"(25, 24)","(25, 24)","(25, 24)",0,v4_plus9_compiler
83,ex83,task133_transpose,True,False,ok,"(24, 25)","(24, 25)","(24, 25)",0,v4_plus9_compiler
83,ex83,task133_mirror_lr,True,False,ok,"(25, 24)","(25, 24)","(25, 24)",0,v4_plus9_compiler
83,ex83,task133_mirror_ud,True,False,ok,"(25, 24)","(25, 24)","(25, 24)",0,v4_plus9_compiler
83,ex83,task133_zero_pad_top_left,True,False,ok,"(26, 25)","(26, 25)","(26, 25)",0,v4_plus9_compiler
83,ex83,task133_zero_pad_bottom_right,True,False,ok,"(26, 25)","(26, 25)","(26, 25)",0,v4_plus9_compiler
84,ex84,original,True,False,ok,"(19, 28)","(19, 28)","(19, 28)",0,v4_plus9_compiler
84,ex84,task133_color_bijection,True,False,ok,"(19, 28)","(19, 28)","(19, 28)",0,v4_plus9_compiler
84,ex84,task133_transpose,True,False,ok,"(28, 19)","(28, 19)","(28, 19)",0,v4_plus9_compiler
84,ex84,task133_mirror_lr,True,False,ok,"(19, 28)","(19, 28)","(19, 28)",0,v4_plus9_compiler
84,ex84,task133_mirror_ud,True,False,ok,"(19, 28)","(19, 28)","(19, 28)",0,v4_plus9_compiler
84,ex84,task133_zero_pad_top_left,True,False,ok,"(20, 29)","(20, 29)","(20, 29)",0,v4_plus9_compiler
84,ex84,task133_zero_pad_bottom_right,True,False,ok,"(20, 29)","(20, 29)","(20, 29)",0,v4_plus9_compiler
85,ex85,original,True,False,ok,"(23, 29)","(23, 29)","(23, 29)",0,v4_plus9_compiler
85,ex85,task133_color_bijection,True,False,ok,"(23, 29)","(23, 29)","(23, 29)",0,v4_plus9_compiler
85,ex85,task133_transpose,True,False,ok,"(29, 23)","(29, 23)","(29, 23)",0,v4_plus9_compiler
85,ex85,task133_mirror_lr,True,False,ok,"(23, 29)","(23, 29)","(23, 29)",0,v4_plus9_compiler
85,ex85,task133_mirror_ud,True,False,ok,"(23, 29)","(23, 29)","(23, 29)",0,v4_plus9_compiler
85,ex85,task133_zero_pad_top_left,True,False,ok,"(24, 30)","(24, 30)","(24, 30)",0,v4_plus9_compiler
85,ex85,task133_zero_pad_bottom_right,True,False,ok,"(24, 30)","(24, 30)","(24, 30)",0,v4_plus9_compiler
86,ex86,original,True,False,ok,"(14, 23)","(14, 23)","(14, 23)",0,v4_plus9_compiler
86,ex86,task133_color_bijection,True,False,ok,"(14, 23)","(14, 23)","(14, 23)",0,v4_plus9_compiler
86,ex86,task133_transpose,True,False,ok,"(23, 14)","(23, 14)","(23, 14)",0,v4_plus9_compiler
86,ex86,task133_mirror_lr,True,False,ok,"(14, 23)","(14, 23)","(14, 23)",0,v4_plus9_compiler
86,ex86,task133_mirror_ud,True,False,ok,"(14, 23)","(14, 23)","(14, 23)",0,v4_plus9_compiler
86,ex86,task133_zero_pad_top_left,True,False,ok,"(15, 24)","(15, 24)","(15, 24)",0,v4_plus9_compiler
86,ex86,task133_zero_pad_bottom_right,True,False,ok,"(15, 24)","(15, 24)","(15, 24)",0,v4_plus9_compiler
87,ex87,original,True,False,ok,"(14, 22)","(14, 22)","(14, 22)",0,v4_plus9_compiler
87,ex87,task133_color_bijection,True,False,ok,"(14, 22)","(14, 22)","(14, 22)",0,v4_plus9_compiler
87,ex87,task133_transpose,True,False,ok,"(22, 14)","(22, 14)","(22, 14)",0,v4_plus9_compiler
87,ex87,task133_mirror_lr,True,False,ok,"(14, 22)","(14, 22)","(14, 22)",0,v4_plus9_compiler
87,ex87,task133_mirror_ud,True,False,ok,"(14, 22)","(14, 22)","(14, 22)",0,v4_plus9_compiler
87,ex87,task133_zero_pad_top_left,True,False,ok,"(15, 23)","(15, 23)","(15, 23)",0,v4_plus9_compiler
87,ex87,task133_zero_pad_bottom_right,True,False,ok,"(15, 23)","(15, 23)","(15, 23)",0,v4_plus9_compiler
88,ex88,original,True,False,ok,"(22, 21)","(22, 21)","(22, 21)",0,v4_plus9_compiler
88,ex88,task133_color_bijection,True,False,ok,"(22, 21)","(22, 21)","(22, 21)",0,v4_plus9_compiler
88,ex88,task133_transpose,True,False,ok,"(21, 22)","(21, 22)","(21, 22)",0,v4_plus9_compiler
88,ex88,task133_mirror_lr,True,False,ok,"(22, 21)","(22, 21)","(22, 21)",0,v4_plus9_compiler
88,ex88,task133_mirror_ud,True,False,ok,"(22, 21)","(22, 21)","(22, 21)",0,v4_plus9_compiler
88,ex88,task133_zero_pad_top_left,True,False,ok,"(23, 22)","(23, 22)","(23, 22)",0,v4_plus9_compiler
88,ex88,task133_zero_pad_bottom_right,True,False,ok,"(23, 22)","(23, 22)","(23, 22)",0,v4_plus9_compiler
89,ex89,original,True,False,ok,"(23, 27)","(23, 27)","(23, 27)",0,v4_plus9_compiler
89,ex89,task133_color_bijection,True,False,ok,"(23, 27)","(23, 27)","(23, 27)",0,v4_plus9_compiler
89,ex89,task133_transpose,True,False,ok,"(27, 23)","(27, 23)","(27, 23)",0,v4_plus9_compiler
89,ex89,task133_mirror_lr,True,False,ok,"(23, 27)","(23, 27)","(23, 27)",0,v4_plus9_compiler
89,ex89,task133_mirror_ud,True,False,ok,"(23, 27)","(23, 27)","(23, 27)",0,v4_plus9_compiler
89,ex89,task133_zero_pad_top_left,True,False,ok,"(24, 28)","(24, 28)","(24, 28)",0,v4_plus9_compiler
89,ex89,task133_zero_pad_bottom_right,True,False,ok,"(24, 28)","(24, 28)","(24, 28)",0,v4_plus9_compiler
90,ex90,original,True,False,ok,"(25, 17)","(25, 17)","(25, 17)",0,v4_plus9_compiler
90,ex90,task133_color_bijection,True,False,ok,"(25, 17)","(25, 17)","(25, 17)",0,v4_plus9_compiler
90,ex90,task133_transpose,True,False,ok,"(17, 25)","(17, 25)","(17, 25)",0,v4_plus9_compiler
90,ex90,task133_mirror_lr,True,False,ok,"(25, 17)","(25, 17)","(25, 17)",0,v4_plus9_compiler
90,ex90,task133_mirror_ud,True,False,ok,"(25, 17)","(25, 17)","(25, 17)",0,v4_plus9_compiler
90,ex90,task133_zero_pad_top_left,True,False,ok,"(26, 18)","(26, 18)","(26, 18)",0,v4_plus9_compiler
90,ex90,task133_zero_pad_bottom_right,True,False,ok,"(26, 18)","(26, 18)","(26, 18)",0,v4_plus9_compiler
91,ex91,original,True,False,ok,"(29, 20)","(29, 20)","(29, 20)",0,v4_plus9_compiler
91,ex91,task133_color_bijection,True,False,ok,"(29, 20)","(29, 20)","(29, 20)",0,v4_plus9_compiler
91,ex91,task133_transpose,True,False,ok,"(20, 29)","(20, 29)","(20, 29)",0,v4_plus9_compiler
91,ex91,task133_mirror_lr,True,False,ok,"(29, 20)","(29, 20)","(29, 20)",0,v4_plus9_compiler
91,ex91,task133_mirror_ud,True,False,ok,"(29, 20)","(29, 20)","(29, 20)",0,v4_plus9_compiler
91,ex91,task133_zero_pad_top_left,True,False,ok,"(30, 21)","(30, 21)","(30, 21)",0,v4_plus9_compiler
91,ex91,task133_zero_pad_bottom_right,True,False,ok,"(30, 21)","(30, 21)","(30, 21)",0,v4_plus9_compiler
92,ex92,original,True,False,ok,"(19, 25)","(19, 25)","(19, 25)",0,v4_plus9_compiler
92,ex92,task133_color_bijection,True,False,ok,"(19, 25)","(19, 25)","(19, 25)",0,v4_plus9_compiler
92,ex92,task133_transpose,True,False,ok,"(25, 19)","(25, 19)","(25, 19)",0,v4_plus9_compiler
92,ex92,task133_mirror_lr,True,False,ok,"(19, 25)","(19, 25)","(19, 25)",0,v4_plus9_compiler
92,ex92,task133_mirror_ud,True,False,ok,"(19, 25)","(19, 25)","(19, 25)",0,v4_plus9_compiler
92,ex92,task133_zero_pad_top_left,True,False,ok,"(20, 26)","(20, 26)","(20, 26)",0,v4_plus9_compiler
92,ex92,task133_zero_pad_bottom_right,True,False,ok,"(20, 26)","(20, 26)","(20, 26)",0,v4_plus9_compiler
93,ex93,original,True,False,ok,"(21, 30)","(21, 30)","(21, 30)",0,v4_plus9_compiler
93,ex93,task133_color_bijection,True,False,ok,"(21, 30)","(21, 30)","(21, 30)",0,v4_plus9_compiler
93,ex93,task133_transpose,True,False,ok,"(30, 21)","(30, 21)","(30, 21)",0,v4_plus9_compiler
93,ex93,task133_mirror_lr,True,False,ok,"(21, 30)","(21, 30)","(21, 30)",0,v4_plus9_compiler
93,ex93,task133_mirror_ud,True,False,ok,"(21, 30)","(21, 30)","(21, 30)",0,v4_plus9_compiler
93,ex93,task133_zero_pad_top_left,False,True,"input_shape_exceeds_limit:(22, 31)>(30, 30)","(22, 31)","(22, 31)",,,
93,ex93,task133_zero_pad_bottom_right,False,True,"input_shape_exceeds_limit:(22, 31)>(30, 30)","(22, 31)","(22, 31)",,,
94,ex94,original,True,False,ok,"(28, 26)","(28, 26)","(28, 26)",0,v4_plus9_compiler
94,ex94,task133_color_bijection,True,False,ok,"(28, 26)","(28, 26)","(28, 26)",0,v4_plus9_compiler
94,ex94,task133_transpose,True,False,ok,"(26, 28)","(26, 28)","(26, 28)",0,v4_plus9_compiler
94,ex94,task133_mirror_lr,True,False,ok,"(28, 26)","(28, 26)","(28, 26)",0,v4_plus9_compiler
94,ex94,task133_mirror_ud,True,False,ok,"(28, 26)","(28, 26)","(28, 26)",0,v4_plus9_compiler
94,ex94,task133_zero_pad_top_left,True,False,ok,"(29, 27)","(29, 27)","(29, 27)",0,v4_plus9_compiler
94,ex94,task133_zero_pad_bottom_right,True,False,ok,"(29, 27)","(29, 27)","(29, 27)",0,v4_plus9_compiler
95,ex95,original,True,False,ok,"(14, 30)","(14, 30)","(14, 30)",0,v4_plus9_compiler
95,ex95,task133_color_bijection,True,False,ok,"(14, 30)","(14, 30)","(14, 30)",0,v4_plus9_compiler
95,ex95,task133_transpose,True,False,ok,"(30, 14)","(30, 14)","(30, 14)",0,v4_plus9_compiler
95,ex95,task133_mirror_lr,True,False,ok,"(14, 30)","(14, 30)","(14, 30)",0,v4_plus9_compiler
95,ex95,task133_mirror_ud,True,False,ok,"(14, 30)","(14, 30)","(14, 30)",0,v4_plus9_compiler
95,ex95,task133_zero_pad_top_left,False,True,"input_shape_exceeds_limit:(15, 31)>(30, 30)","(15, 31)","(15, 31)",,,
95,ex95,task133_zero_pad_bottom_right,False,True,"input_shape_exceeds_limit:(15, 31)>(30, 30)","(15, 31)","(15, 31)",,,
96,ex96,original,True,False,ok,"(10, 30)","(10, 30)","(10, 30)",0,v4_plus9_compiler
96,ex96,task133_color_bijection,True,False,ok,"(10, 30)","(10, 30)","(10, 30)",0,v4_plus9_compiler
96,ex96,task133_transpose,True,False,ok,"(30, 10)","(30, 10)","(30, 10)",0,v4_plus9_compiler
96,ex96,task133_mirror_lr,True,False,ok,"(10, 30)","(10, 30)","(10, 30)",0,v4_plus9_compiler
96,ex96,task133_mirror_ud,True,False,ok,"(10, 30)","(10, 30)","(10, 30)",0,v4_plus9_compiler
96,ex96,task133_zero_pad_top_left,False,True,"input_shape_exceeds_limit:(11, 31)>(30, 30)","(11, 31)","(11, 31)",,,
96,ex96,task133_zero_pad_bottom_right,False,True,"input_shape_exceeds_limit:(11, 31)>(30, 30)","(11, 31)","(11, 31)",,,
97,ex97,original,True,False,ok,"(24, 25)","(24, 25)","(24, 25)",0,v4_plus9_compiler
97,ex97,task133_color_bijection,True,False,ok,"(24, 25)","(24, 25)","(24, 25)",0,v4_plus9_compiler
97,ex97,task133_transpose,True,False,ok,"(25, 24)","(25, 24)","(25, 24)",0,v4_plus9_compiler
97,ex97,task133_mirror_lr,True,False,ok,"(24, 25)","(24, 25)","(24, 25)",0,v4_plus9_compiler
97,ex97,task133_mirror_ud,True,False,ok,"(24, 25)","(24, 25)","(24, 25)",0,v4_plus9_compiler
97,ex97,task133_zero_pad_top_left,True,False,ok,"(25, 26)","(25, 26)","(25, 26)",0,v4_plus9_compiler
97,ex97,task133_zero_pad_bottom_right,True,False,ok,"(25, 26)","(25, 26)","(25, 26)",0,v4_plus9_compiler
98,ex98,original,True,False,ok,"(30, 23)","(30, 23)","(30, 23)",0,v4_plus9_compiler
98,ex98,task133_color_bijection,True,False,ok,"(30, 23)","(30, 23)","(30, 23)",0,v4_plus9_compiler
98,ex98,task133_transpose,True,False,ok,"(23, 30)","(23, 30)","(23, 30)",0,v4_plus9_compiler
98,ex98,task133_mirror_lr,True,False,ok,"(30, 23)","(30, 23)","(30, 23)",0,v4_plus9_compiler
98,ex98,task133_mirror_ud,True,False,ok,"(30, 23)","(30, 23)","(30, 23)",0,v4_plus9_compiler
98,ex98,task133_zero_pad_top_left,False,True,"input_shape_exceeds_limit:(31, 24)>(30, 30)","(31, 24)","(31, 24)",,,
98,ex98,task133_zero_pad_bottom_right,False,True,"input_shape_exceeds_limit:(31, 24)>(30, 30)","(31, 24)","(31, 24)",,,
99,ex99,original,True,False,ok,"(28, 18)","(28, 18)","(28, 18)",0,v4_plus9_compiler
99,ex99,task133_color_bijection,True,False,ok,"(28, 18)","(28, 18)","(28, 18)",0,v4_plus9_compiler
99,ex99,task133_transpose,True,False,ok,"(18, 28)","(18, 28)","(18, 28)",0,v4_plus9_compiler
99,ex99,task133_mirror_lr,True,False,ok,"(28, 18)","(28, 18)","(28, 18)",0,v4_plus9_compiler
99,ex99,task133_mirror_ud,True,False,ok,"(28, 18)","(28, 18)","(28, 18)",0,v4_plus9_compiler
99,ex99,task133_zero_pad_top_left,True,False,ok,"(29, 19)","(29, 19)","(29, 19)",0,v4_plus9_compiler
99,ex99,task133_zero_pad_bottom_right,True,False,ok,"(29, 19)","(29, 19)","(29, 19)",0,v4_plus9_compiler
100,ex100,original,True,False,ok,"(28, 23)","(28, 23)","(28, 23)",0,v4_plus9_compiler
100,ex100,task133_color_bijection,True,False,ok,"(28, 23)","(28, 23)","(28, 23)",0,v4_plus9_compiler
100,ex100,task133_transpose,True,False,ok,"(23, 28)","(23, 28)","(23, 28)",0,v4_plus9_compiler
100,ex100,task133_mirror_lr,True,False,ok,"(28, 23)","(28, 23)","(28, 23)",0,v4_plus9_compiler
100,ex100,task133_mirror_ud,True,False,ok,"(28, 23)","(28, 23)","(28, 23)",0,v4_plus9_compiler
100,ex100,task133_zero_pad_top_left,True,False,ok,"(29, 24)","(29, 24)","(29, 24)",0,v4_plus9_compiler
100,ex100,task133_zero_pad_bottom_right,True,False,ok,"(29, 24)","(29, 24)","(29, 24)",0,v4_plus9_compiler
101,ex101,original,True,False,ok,"(19, 11)","(19, 11)","(19, 11)",0,v4_plus9_compiler
101,ex101,task133_color_bijection,True,False,ok,"(19, 11)","(19, 11)","(19, 11)",0,v4_plus9_compiler
101,ex101,task133_transpose,True,False,ok,"(11, 19)","(11, 19)","(11, 19)",0,v4_plus9_compiler
101,ex101,task133_mirror_lr,True,False,ok,"(19, 11)","(19, 11)","(19, 11)",0,v4_plus9_compiler
101,ex101,task133_mirror_ud,True,False,ok,"(19, 11)","(19, 11)","(19, 11)",0,v4_plus9_compiler
101,ex101,task133_zero_pad_top_left,True,False,ok,"(20, 12)","(20, 12)","(20, 12)",0,v4_plus9_compiler
101,ex101,task133_zero_pad_bottom_right,True,False,ok,"(20, 12)","(20, 12)","(20, 12)",0,v4_plus9_compiler
102,ex102,original,True,False,ok,"(27, 20)","(27, 20)","(27, 20)",0,v4_plus9_compiler
102,ex102,task133_color_bijection,True,False,ok,"(27, 20)","(27, 20)","(27, 20)",0,v4_plus9_compiler
102,ex102,task133_transpose,True,False,ok,"(20, 27)","(20, 27)","(20, 27)",0,v4_plus9_compiler
102,ex102,task133_mirror_lr,True,False,ok,"(27, 20)","(27, 20)","(27, 20)",0,v4_plus9_compiler
102,ex102,task133_mirror_ud,True,False,ok,"(27, 20)","(27, 20)","(27, 20)",0,v4_plus9_compiler
102,ex102,task133_zero_pad_top_left,True,False,ok,"(28, 21)","(28, 21)","(28, 21)",0,v4_plus9_compiler
102,ex102,task133_zero_pad_bottom_right,True,False,ok,"(28, 21)","(28, 21)","(28, 21)",0,v4_plus9_compiler
103,ex103,original,True,False,ok,"(22, 27)","(22, 27)","(22, 27)",0,v4_plus9_compiler
103,ex103,task133_color_bijection,True,False,ok,"(22, 27)","(22, 27)","(22, 27)",0,v4_plus9_compiler
103,ex103,task133_transpose,True,False,ok,"(27, 22)","(27, 22)","(27, 22)",0,v4_plus9_compiler
103,ex103,task133_mirror_lr,True,False,ok,"(22, 27)","(22, 27)","(22, 27)",0,v4_plus9_compiler
103,ex103,task133_mirror_ud,True,False,ok,"(22, 27)","(22, 27)","(22, 27)",0,v4_plus9_compiler
103,ex103,task133_zero_pad_top_left,True,False,ok,"(23, 28)","(23, 28)","(23, 28)",0,v4_plus9_compiler
103,ex103,task133_zero_pad_bottom_right,True,False,ok,"(23, 28)","(23, 28)","(23, 28)",0,v4_plus9_compiler
104,ex104,original,True,False,ok,"(20, 26)","(20, 26)","(20, 26)",0,v4_plus9_compiler
104,ex104,task133_color_bijection,True,False,ok,"(20, 26)","(20, 26)","(20, 26)",0,v4_plus9_compiler
104,ex104,task133_transpose,True,False,ok,"(26, 20)","(26, 20)","(26, 20)",0,v4_plus9_compiler
104,ex104,task133_mirror_lr,True,False,ok,"(20, 26)","(20, 26)","(20, 26)",0,v4_plus9_compiler
104,ex104,task133_mirror_ud,True,False,ok,"(20, 26)","(20, 26)","(20, 26)",0,v4_plus9_compiler
104,ex104,task133_zero_pad_top_left,True,False,ok,"(21, 27)","(21, 27)","(21, 27)",0,v4_plus9_compiler
104,ex104,task133_zero_pad_bottom_right,True,False,ok,"(21, 27)","(21, 27)","(21, 27)",0,v4_plus9_compiler
105,ex105,original,True,False,ok,"(22, 10)","(22, 10)","(22, 10)",0,v4_plus9_compiler
105,ex105,task133_color_bijection,True,False,ok,"(22, 10)","(22, 10)","(22, 10)",0,v4_plus9_compiler
105,ex105,task133_transpose,True,False,ok,"(10, 22)","(10, 22)","(10, 22)",0,v4_plus9_compiler
105,ex105,task133_mirror_lr,True,False,ok,"(22, 10)","(22, 10)","(22, 10)",0,v4_plus9_compiler
105,ex105,task133_mirror_ud,True,False,ok,"(22, 10)","(22, 10)","(22, 10)",0,v4_plus9_compiler
105,ex105,task133_zero_pad_top_left,True,False,ok,"(23, 11)","(23, 11)","(23, 11)",0,v4_plus9_compiler
105,ex105,task133_zero_pad_bottom_right,True,False,ok,"(23, 11)","(23, 11)","(23, 11)",0,v4_plus9_compiler
106,ex106,original,True,False,ok,"(20, 22)","(20, 22)","(20, 22)",0,v4_plus9_compiler
106,ex106,task133_color_bijection,True,False,ok,"(20, 22)","(20, 22)","(20, 22)",0,v4_plus9_compiler
106,ex106,task133_transpose,True,False,ok,"(22, 20)","(22, 20)","(22, 20)",0,v4_plus9_compiler
106,ex106,task133_mirror_lr,True,False,ok,"(20, 22)","(20, 22)","(20, 22)",0,v4_plus9_compiler
106,ex106,task133_mirror_ud,True,False,ok,"(20, 22)","(20, 22)","(20, 22)",0,v4_plus9_compiler
106,ex106,task133_zero_pad_top_left,True,False,ok,"(21, 23)","(21, 23)","(21, 23)",0,v4_plus9_compiler
106,ex106,task133_zero_pad_bottom_right,True,False,ok,"(21, 23)","(21, 23)","(21, 23)",0,v4_plus9_compiler
107,ex107,original,True,False,ok,"(26, 25)","(26, 25)","(26, 25)",0,v4_plus9_compiler
107,ex107,task133_color_bijection,True,False,ok,"(26, 25)","(26, 25)","(26, 25)",0,v4_plus9_compiler
107,ex107,task133_transpose,True,False,ok,"(25, 26)","(25, 26)","(25, 26)",0,v4_plus9_compiler
107,ex107,task133_mirror_lr,True,False,ok,"(26, 25)","(26, 25)","(26, 25)",0,v4_plus9_compiler
107,ex107,task133_mirror_ud,True,False,ok,"(26, 25)","(26, 25)","(26, 25)",0,v4_plus9_compiler
107,ex107,task133_zero_pad_top_left,True,False,ok,"(27, 26)","(27, 26)","(27, 26)",0,v4_plus9_compiler
107,ex107,task133_zero_pad_bottom_right,True,False,ok,"(27, 26)","(27, 26)","(27, 26)",0,v4_plus9_compiler
108,ex108,original,True,False,ok,"(14, 26)","(14, 26)","(14, 26)",0,v4_plus9_compiler
108,ex108,task133_color_bijection,True,False,ok,"(14, 26)","(14, 26)","(14, 26)",0,v4_plus9_compiler
108,ex108,task133_transpose,True,False,ok,"(26, 14)","(26, 14)","(26, 14)",0,v4_plus9_compiler
108,ex108,task133_mirror_lr,True,False,ok,"(14, 26)","(14, 26)","(14, 26)",0,v4_plus9_compiler
108,ex108,task133_mirror_ud,True,False,ok,"(14, 26)","(14, 26)","(14, 26)",0,v4_plus9_compiler
108,ex108,task133_zero_pad_top_left,True,False,ok,"(15, 27)","(15, 27)","(15, 27)",0,v4_plus9_compiler
108,ex108,task133_zero_pad_bottom_right,True,False,ok,"(15, 27)","(15, 27)","(15, 27)",0,v4_plus9_compiler
109,ex109,original,True,False,ok,"(17, 17)","(17, 17)","(17, 17)",0,v4_plus9_compiler
109,ex109,task133_color_bijection,True,False,ok,"(17, 17)","(17, 17)","(17, 17)",0,v4_plus9_compiler
109,ex109,task133_transpose,True,False,ok,"(17, 17)","(17, 17)","(17, 17)",0,v4_plus9_compiler
109,ex109,task133_mirror_lr,True,False,ok,"(17, 17)","(17, 17)","(17, 17)",0,v4_plus9_compiler
109,ex109,task133_mirror_ud,True,False,ok,"(17, 17)","(17, 17)","(17, 17)",0,v4_plus9_compiler
109,ex109,task133_zero_pad_top_left,True,False,ok,"(18, 18)","(18, 18)","(18, 18)",0,v4_plus9_compiler
109,ex109,task133_zero_pad_bottom_right,True,False,ok,"(18, 18)","(18, 18)","(18, 18)",0,v4_plus9_compiler
110,ex110,original,True,False,ok,"(21, 30)","(21, 30)","(21, 30)",0,v4_plus9_compiler
110,ex110,task133_color_bijection,True,False,ok,"(21, 30)","(21, 30)","(21, 30)",0,v4_plus9_compiler
110,ex110,task133_transpose,True,False,ok,"(30, 21)","(30, 21)","(30, 21)",0,v4_plus9_compiler
110,ex110,task133_mirror_lr,True,False,ok,"(21, 30)","(21, 30)","(21, 30)",0,v4_plus9_compiler
110,ex110,task133_mirror_ud,True,False,ok,"(21, 30)","(21, 30)","(21, 30)",0,v4_plus9_compiler
110,ex110,task133_zero_pad_top_left,False,True,"input_shape_exceeds_limit:(22, 31)>(30, 30)","(22, 31)","(22, 31)",,,
110,ex110,task133_zero_pad_bottom_right,False,True,"input_shape_exceeds_limit:(22, 31)>(30, 30)","(22, 31)","(22, 31)",,,
111,ex111,original,True,False,ok,"(19, 30)","(19, 30)","(19, 30)",0,v4_plus9_compiler
111,ex111,task133_color_bijection,True,False,ok,"(19, 30)","(19, 30)","(19, 30)",0,v4_plus9_compiler
111,ex111,task133_transpose,True,False,ok,"(30, 19)","(30, 19)","(30, 19)",0,v4_plus9_compiler
111,ex111,task133_mirror_lr,True,False,ok,"(19, 30)","(19, 30)","(19, 30)",0,v4_plus9_compiler
111,ex111,task133_mirror_ud,True,False,ok,"(19, 30)","(19, 30)","(19, 30)",0,v4_plus9_compiler
111,ex111,task133_zero_pad_top_left,False,True,"input_shape_exceeds_limit:(20, 31)>(30, 30)","(20, 31)","(20, 31)",,,
111,ex111,task133_zero_pad_bottom_right,False,True,"input_shape_exceeds_limit:(20, 31)>(30, 30)","(20, 31)","(20, 31)",,,
112,ex112,original,True,False,ok,"(29, 26)","(29, 26)","(29, 26)",0,v4_plus9_compiler
112,ex112,task133_color_bijection,True,False,ok,"(29, 26)","(29, 26)","(29, 26)",0,v4_plus9_compiler
112,ex112,task133_transpose,True,False,ok,"(26, 29)","(26, 29)","(26, 29)",0,v4_plus9_compiler
112,ex112,task133_mirror_lr,True,False,ok,"(29, 26)","(29, 26)","(29, 26)",0,v4_plus9_compiler
112,ex112,task133_mirror_ud,True,False,ok,"(29, 26)","(29, 26)","(29, 26)",0,v4_plus9_compiler
112,ex112,task133_zero_pad_top_left,True,False,ok,"(30, 27)","(30, 27)","(30, 27)",0,v4_plus9_compiler
112,ex112,task133_zero_pad_bottom_right,True,False,ok,"(30, 27)","(30, 27)","(30, 27)",0,v4_plus9_compiler
113,ex113,original,True,False,ok,"(21, 20)","(21, 20)","(21, 20)",0,v4_plus9_compiler
113,ex113,task133_color_bijection,True,False,ok,"(21, 20)","(21, 20)","(21, 20)",0,v4_plus9_compiler
113,ex113,task133_transpose,True,False,ok,"(20, 21)","(20, 21)","(20, 21)",0,v4_plus9_compiler
113,ex113,task133_mirror_lr,True,False,ok,"(21, 20)","(21, 20)","(21, 20)",0,v4_plus9_compiler
113,ex113,task133_mirror_ud,True,False,ok,"(21, 20)","(21, 20)","(21, 20)",0,v4_plus9_compiler
113,ex113,task133_zero_pad_top_left,True,False,ok,"(22, 21)","(22, 21)","(22, 21)",0,v4_plus9_compiler
113,ex113,task133_zero_pad_bottom_right,True,False,ok,"(22, 21)","(22, 21)","(22, 21)",0,v4_plus9_compiler
114,ex114,original,True,False,ok,"(24, 28)","(24, 28)","(24, 28)",0,v4_plus9_compiler
114,ex114,task133_color_bijection,True,False,ok,"(24, 28)","(24, 28)","(24, 28)",0,v4_plus9_compiler
114,ex114,task133_transpose,True,False,ok,"(28, 24)","(28, 24)","(28, 24)",0,v4_plus9_compiler
114,ex114,task133_mirror_lr,True,False,ok,"(24, 28)","(24, 28)","(24, 28)",0,v4_plus9_compiler
114,ex114,task133_mirror_ud,True,False,ok,"(24, 28)","(24, 28)","(24, 28)",0,v4_plus9_compiler
114,ex114,task133_zero_pad_top_left,True,False,ok,"(25, 29)","(25, 29)","(25, 29)",0,v4_plus9_compiler
114,ex114,task133_zero_pad_bottom_right,True,False,ok,"(25, 29)","(25, 29)","(25, 29)",0,v4_plus9_compiler
115,ex115,original,True,False,ok,"(24, 30)","(24, 30)","(24, 30)",0,v4_plus9_compiler
115,ex115,task133_color_bijection,True,False,ok,"(24, 30)","(24, 30)","(24, 30)",0,v4_plus9_compiler
115,ex115,task133_transpose,True,False,ok,"(30, 24)","(30, 24)","(30, 24)",0,v4_plus9_compiler
115,ex115,task133_mirror_lr,True,False,ok,"(24, 30)","(24, 30)","(24, 30)",0,v4_plus9_compiler
115,ex115,task133_mirror_ud,True,False,ok,"(24, 30)","(24, 30)","(24, 30)",0,v4_plus9_compiler
115,ex115,task133_zero_pad_top_left,False,True,"input_shape_exceeds_limit:(25, 31)>(30, 30)","(25, 31)","(25, 31)",,,
115,ex115,task133_zero_pad_bottom_right,False,True,"input_shape_exceeds_limit:(25, 31)>(30, 30)","(25, 31)","(25, 31)",,,
116,ex116,original,True,False,ok,"(27, 10)","(27, 10)","(27, 10)",0,v4_plus9_compiler
116,ex116,task133_color_bijection,True,False,ok,"(27, 10)","(27, 10)","(27, 10)",0,v4_plus9_compiler
116,ex116,task133_transpose,True,False,ok,"(10, 27)","(10, 27)","(10, 27)",0,v4_plus9_compiler
116,ex116,task133_mirror_lr,True,False,ok,"(27, 10)","(27, 10)","(27, 10)",0,v4_plus9_compiler
116,ex116,task133_mirror_ud,True,False,ok,"(27, 10)","(27, 10)","(27, 10)",0,v4_plus9_compiler
116,ex116,task133_zero_pad_top_left,True,False,ok,"(28, 11)","(28, 11)","(28, 11)",0,v4_plus9_compiler
116,ex116,task133_zero_pad_bottom_right,True,False,ok,"(28, 11)","(28, 11)","(28, 11)",0,v4_plus9_compiler
117,ex117,original,True,False,ok,"(30, 20)","(30, 20)","(30, 20)",0,v4_plus9_compiler
117,ex117,task133_color_bijection,True,False,ok,"(30, 20)","(30, 20)","(30, 20)",0,v4_plus9_compiler
117,ex117,task133_transpose,True,False,ok,"(20, 30)","(20, 30)","(20, 30)",0,v4_plus9_compiler
117,ex117,task133_mirror_lr,True,False,ok,"(30, 20)","(30, 20)","(30, 20)",0,v4_plus9_compiler
117,ex117,task133_mirror_ud,True,False,ok,"(30, 20)","(30, 20)","(30, 20)",0,v4_plus9_compiler
117,ex117,task133_zero_pad_top_left,False,True,"input_shape_exceeds_limit:(31, 21)>(30, 30)","(31, 21)","(31, 21)",,,
117,ex117,task133_zero_pad_bottom_right,False,True,"input_shape_exceeds_limit:(31, 21)>(30, 30)","(31, 21)","(31, 21)",,,
118,ex118,original,True,False,ok,"(26, 27)","(26, 27)","(26, 27)",0,v4_plus9_compiler
118,ex118,task133_color_bijection,True,False,ok,"(26, 27)","(26, 27)","(26, 27)",0,v4_plus9_compiler
118,ex118,task133_transpose,True,False,ok,"(27, 26)","(27, 26)","(27, 26)",0,v4_plus9_compiler
118,ex118,task133_mirror_lr,True,False,ok,"(26, 27)","(26, 27)","(26, 27)",0,v4_plus9_compiler
118,ex118,task133_mirror_ud,True,False,ok,"(26, 27)","(26, 27)","(26, 27)",0,v4_plus9_compiler
118,ex118,task133_zero_pad_top_left,True,False,ok,"(27, 28)","(27, 28)","(27, 28)",0,v4_plus9_compiler
118,ex118,task133_zero_pad_bottom_right,True,False,ok,"(27, 28)","(27, 28)","(27, 28)",0,v4_plus9_compiler
119,ex119,original,True,False,ok,"(29, 27)","(29, 27)","(29, 27)",0,v4_plus9_compiler
119,ex119,task133_color_bijection,True,False,ok,"(29, 27)","(29, 27)","(29, 27)",0,v4_plus9_compiler
119,ex119,task133_transpose,True,False,ok,"(27, 29)","(27, 29)","(27, 29)",0,v4_plus9_compiler
119,ex119,task133_mirror_lr,True,False,ok,"(29, 27)","(29, 27)","(29, 27)",0,v4_plus9_compiler
119,ex119,task133_mirror_ud,True,False,ok,"(29, 27)","(29, 27)","(29, 27)",0,v4_plus9_compiler
119,ex119,task133_zero_pad_top_left,True,False,ok,"(30, 28)","(30, 28)","(30, 28)",0,v4_plus9_compiler
119,ex119,task133_zero_pad_bottom_right,True,False,ok,"(30, 28)","(30, 28)","(30, 28)",0,v4_plus9_compiler
120,ex120,original,True,False,ok,"(13, 30)","(13, 30)","(13, 30)",0,v4_plus9_compiler
120,ex120,task133_color_bijection,True,False,ok,"(13, 30)","(13, 30)","(13, 30)",0,v4_plus9_compiler
120,ex120,task133_transpose,True,False,ok,"(30, 13)","(30, 13)","(30, 13)",0,v4_plus9_compiler
120,ex120,task133_mirror_lr,True,False,ok,"(13, 30)","(13, 30)","(13, 30)",0,v4_plus9_compiler
120,ex120,task133_mirror_ud,True,False,ok,"(13, 30)","(13, 30)","(13, 30)",0,v4_plus9_compiler
120,ex120,task133_zero_pad_top_left,False,True,"input_shape_exceeds_limit:(14, 31)>(30, 30)","(14, 31)","(14, 31)",,,
120,ex120,task133_zero_pad_bottom_right,False,True,"input_shape_exceeds_limit:(14, 31)>(30, 30)","(14, 31)","(14, 31)",,,
121,ex121,original,True,False,ok,"(11, 26)","(11, 26)","(11, 26)",0,v4_plus9_compiler
121,ex121,task133_color_bijection,True,False,ok,"(11, 26)","(11, 26)","(11, 26)",0,v4_plus9_compiler
121,ex121,task133_transpose,True,False,ok,"(26, 11)","(26, 11)","(26, 11)",0,v4_plus9_compiler
121,ex121,task133_mirror_lr,True,False,ok,"(11, 26)","(11, 26)","(11, 26)",0,v4_plus9_compiler
121,ex121,task133_mirror_ud,True,False,ok,"(11, 26)","(11, 26)","(11, 26)",0,v4_plus9_compiler
121,ex121,task133_zero_pad_top_left,True,False,ok,"(12, 27)","(12, 27)","(12, 27)",0,v4_plus9_compiler
121,ex121,task133_zero_pad_bottom_right,True,False,ok,"(12, 27)","(12, 27)","(12, 27)",0,v4_plus9_compiler
122,ex122,original,True,False,ok,"(15, 29)","(15, 29)","(15, 29)",0,v4_plus9_compiler
122,ex122,task133_color_bijection,True,False,ok,"(15, 29)","(15, 29)","(15, 29)",0,v4_plus9_compiler
122,ex122,task133_transpose,True,False,ok,"(29, 15)","(29, 15)","(29, 15)",0,v4_plus9_compiler
122,ex122,task133_mirror_lr,True,False,ok,"(15, 29)","(15, 29)","(15, 29)",0,v4_plus9_compiler
122,ex122,task133_mirror_ud,True,False,ok,"(15, 29)","(15, 29)","(15, 29)",0,v4_plus9_compiler
122,ex122,task133_zero_pad_top_left,True,False,ok,"(16, 30)","(16, 30)","(16, 30)",0,v4_plus9_compiler
122,ex122,task133_zero_pad_bottom_right,True,False,ok,"(16, 30)","(16, 30)","(16, 30)",0,v4_plus9_compiler
123,ex123,original,True,False,ok,"(29, 25)","(29, 25)","(29, 25)",0,v4_plus9_compiler
123,ex123,task133_color_bijection,True,False,ok,"(29, 25)","(29, 25)","(29, 25)",0,v4_plus9_compiler
123,ex123,task133_transpose,True,False,ok,"(25, 29)","(25, 29)","(25, 29)",0,v4_plus9_compiler
123,ex123,task133_mirror_lr,True,False,ok,"(29, 25)","(29, 25)","(29, 25)",0,v4_plus9_compiler
123,ex123,task133_mirror_ud,True,False,ok,"(29, 25)","(29, 25)","(29, 25)",0,v4_plus9_compiler
123,ex123,task133_zero_pad_top_left,True,False,ok,"(30, 26)","(30, 26)","(30, 26)",0,v4_plus9_compiler
123,ex123,task133_zero_pad_bottom_right,True,False,ok,"(30, 26)","(30, 26)","(30, 26)",0,v4_plus9_compiler
124,ex124,original,True,False,ok,"(28, 16)","(28, 16)","(28, 16)",0,v4_plus9_compiler
124,ex124,task133_color_bijection,True,False,ok,"(28, 16)","(28, 16)","(28, 16)",0,v4_plus9_compiler
124,ex124,task133_transpose,True,False,ok,"(16, 28)","(16, 28)","(16, 28)",0,v4_plus9_compiler
124,ex124,task133_mirror_lr,True,False,ok,"(28, 16)","(28, 16)","(28, 16)",0,v4_plus9_compiler
124,ex124,task133_mirror_ud,True,False,ok,"(28, 16)","(28, 16)","(28, 16)",0,v4_plus9_compiler
124,ex124,task133_zero_pad_top_left,True,False,ok,"(29, 17)","(29, 17)","(29, 17)",0,v4_plus9_compiler
124,ex124,task133_zero_pad_bottom_right,True,False,ok,"(29, 17)","(29, 17)","(29, 17)",0,v4_plus9_compiler
125,ex125,original,True,False,ok,"(27, 23)","(27, 23)","(27, 23)",0,v4_plus9_compiler
125,ex125,task133_color_bijection,True,False,ok,"(27, 23)","(27, 23)","(27, 23)",0,v4_plus9_compiler
125,ex125,task133_transpose,True,False,ok,"(23, 27)","(23, 27)","(23, 27)",0,v4_plus9_compiler
125,ex125,task133_mirror_lr,True,False,ok,"(27, 23)","(27, 23)","(27, 23)",0,v4_plus9_compiler
125,ex125,task133_mirror_ud,True,False,ok,"(27, 23)","(27, 23)","(27, 23)",0,v4_plus9_compiler
125,ex125,task133_zero_pad_top_left,True,False,ok,"(28, 24)","(28, 24)","(28, 24)",0,v4_plus9_compiler
125,ex125,task133_zero_pad_bottom_right,True,False,ok,"(28, 24)","(28, 24)","(28, 24)",0,v4_plus9_compiler
126,ex126,original,True,False,ok,"(24, 20)","(24, 20)","(24, 20)",0,v4_plus9_compiler
126,ex126,task133_color_bijection,True,False,ok,"(24, 20)","(24, 20)","(24, 20)",0,v4_plus9_compiler
126,ex126,task133_transpose,True,False,ok,"(20, 24)","(20, 24)","(20, 24)",0,v4_plus9_compiler
126,ex126,task133_mirror_lr,True,False,ok,"(24, 20)","(24, 20)","(24, 20)",0,v4_plus9_compiler
126,ex126,task133_mirror_ud,True,False,ok,"(24, 20)","(24, 20)","(24, 20)",0,v4_plus9_compiler
126,ex126,task133_zero_pad_top_left,True,False,ok,"(25, 21)","(25, 21)","(25, 21)",0,v4_plus9_compiler
126,ex126,task133_zero_pad_bottom_right,True,False,ok,"(25, 21)","(25, 21)","(25, 21)",0,v4_plus9_compiler
127,ex127,original,True,False,ok,"(23, 21)","(23, 21)","(23, 21)",0,v4_plus9_compiler
127,ex127,task133_color_bijection,True,False,ok,"(23, 21)","(23, 21)","(23, 21)",0,v4_plus9_compiler
127,ex127,task133_transpose,True,False,ok,"(21, 23)","(21, 23)","(21, 23)",0,v4_plus9_compiler
127,ex127,task133_mirror_lr,True,False,ok,"(23, 21)","(23, 21)","(23, 21)",0,v4_plus9_compiler
127,ex127,task133_mirror_ud,True,False,ok,"(23, 21)","(23, 21)","(23, 21)",0,v4_plus9_compiler
127,ex127,task133_zero_pad_top_left,True,False,ok,"(24, 22)","(24, 22)","(24, 22)",0,v4_plus9_compiler
127,ex127,task133_zero_pad_bottom_right,True,False,ok,"(24, 22)","(24, 22)","(24, 22)",0,v4_plus9_compiler
128,ex128,original,True,False,ok,"(14, 28)","(14, 28)","(14, 28)",0,v4_plus9_compiler
128,ex128,task133_color_bijection,True,False,ok,"(14, 28)","(14, 28)","(14, 28)",0,v4_plus9_compiler
128,ex128,task133_transpose,True,False,ok,"(28, 14)","(28, 14)","(28, 14)",0,v4_plus9_compiler
128,ex128,task133_mirror_lr,True,False,ok,"(14, 28)","(14, 28)","(14, 28)",0,v4_plus9_compiler
128,ex128,task133_mirror_ud,True,False,ok,"(14, 28)","(14, 28)","(14, 28)",0,v4_plus9_compiler
128,ex128,task133_zero_pad_top_left,True,False,ok,"(15, 29)","(15, 29)","(15, 29)",0,v4_plus9_compiler
128,ex128,task133_zero_pad_bottom_right,True,False,ok,"(15, 29)","(15, 29)","(15, 29)",0,v4_plus9_compiler
129,ex129,original,True,False,ok,"(27, 30)","(27, 30)","(27, 30)",0,v4_plus9_compiler
129,ex129,task133_color_bijection,True,False,ok,"(27, 30)","(27, 30)","(27, 30)",0,v4_plus9_compiler
129,ex129,task133_transpose,True,False,ok,"(30, 27)","(30, 27)","(30, 27)",0,v4_plus9_compiler
129,ex129,task133_mirror_lr,True,False,ok,"(27, 30)","(27, 30)","(27, 30)",0,v4_plus9_compiler
129,ex129,task133_mirror_ud,True,False,ok,"(27, 30)","(27, 30)","(27, 30)",0,v4_plus9_compiler
129,ex129,task133_zero_pad_top_left,False,True,"input_shape_exceeds_limit:(28, 31)>(30, 30)","(28, 31)","(28, 31)",,,
129,ex129,task133_zero_pad_bottom_right,False,True,"input_shape_exceeds_limit:(28, 31)>(30, 30)","(28, 31)","(28, 31)",,,
130,ex130,original,True,False,ok,"(21, 14)","(21, 14)","(21, 14)",0,v4_plus9_compiler
130,ex130,task133_color_bijection,True,False,ok,"(21, 14)","(21, 14)","(21, 14)",0,v4_plus9_compiler
130,ex130,task133_transpose,True,False,ok,"(14, 21)","(14, 21)","(14, 21)",0,v4_plus9_compiler
130,ex130,task133_mirror_lr,True,False,ok,"(21, 14)","(21, 14)","(21, 14)",0,v4_plus9_compiler
130,ex130,task133_mirror_ud,True,False,ok,"(21, 14)","(21, 14)","(21, 14)",0,v4_plus9_compiler
130,ex130,task133_zero_pad_top_left,True,False,ok,"(22, 15)","(22, 15)","(22, 15)",0,v4_plus9_compiler
130,ex130,task133_zero_pad_bottom_right,True,False,ok,"(22, 15)","(22, 15)","(22, 15)",0,v4_plus9_compiler
131,ex131,original,True,False,ok,"(29, 29)","(29, 29)","(29, 29)",0,v4_plus9_compiler
131,ex131,task133_color_bijection,True,False,ok,"(29, 29)","(29, 29)","(29, 29)",0,v4_plus9_compiler
131,ex131,task133_transpose,True,False,ok,"(29, 29)","(29, 29)","(29, 29)",0,v4_plus9_compiler
131,ex131,task133_mirror_lr,True,False,ok,"(29, 29)","(29, 29)","(29, 29)",0,v4_plus9_compiler
131,ex131,task133_mirror_ud,True,False,ok,"(29, 29)","(29, 29)","(29, 29)",0,v4_plus9_compiler
131,ex131,task133_zero_pad_top_left,True,False,ok,"(30, 30)","(30, 30)","(30, 30)",0,v4_plus9_compiler
131,ex131,task133_zero_pad_bottom_right,True,False,ok,"(30, 30)","(30, 30)","(30, 30)",0,v4_plus9_compiler
132,ex132,original,True,False,ok,"(15, 24)","(15, 24)","(15, 24)",0,v4_plus9_compiler
132,ex132,task133_color_bijection,True,False,ok,"(15, 24)","(15, 24)","(15, 24)",0,v4_plus9_compiler
132,ex132,task133_transpose,True,False,ok,"(24, 15)","(24, 15)","(24, 15)",0,v4_plus9_compiler
132,ex132,task133_mirror_lr,True,False,ok,"(15, 24)","(15, 24)","(15, 24)",0,v4_plus9_compiler
132,ex132,task133_mirror_ud,True,False,ok,"(15, 24)","(15, 24)","(15, 24)",0,v4_plus9_compiler
132,ex132,task133_zero_pad_top_left,True,False,ok,"(16, 25)","(16, 25)","(16, 25)",0,v4_plus9_compiler
132,ex132,task133_zero_pad_bottom_right,True,False,ok,"(16, 25)","(16, 25)","(16, 25)",0,v4_plus9_compiler
133,ex133,original,True,False,ok,"(17, 18)","(17, 18)","(17, 18)",0,v4_plus9_compiler
133,ex133,task133_color_bijection,True,False,ok,"(17, 18)","(17, 18)","(17, 18)",0,v4_plus9_compiler
133,ex133,task133_transpose,True,False,ok,"(18, 17)","(18, 17)","(18, 17)",0,v4_plus9_compiler
133,ex133,task133_mirror_lr,True,False,ok,"(17, 18)","(17, 18)","(17, 18)",0,v4_plus9_compiler
133,ex133,task133_mirror_ud,True,False,ok,"(17, 18)","(17, 18)","(17, 18)",0,v4_plus9_compiler
133,ex133,task133_zero_pad_top_left,True,False,ok,"(18, 19)","(18, 19)","(18, 19)",0,v4_plus9_compiler
133,ex133,task133_zero_pad_bottom_right,True,False,ok,"(18, 19)","(18, 19)","(18, 19)",0,v4_plus9_compiler
134,ex134,original,True,False,ok,"(29, 26)","(29, 26)","(29, 26)",0,v4_plus9_compiler
134,ex134,task133_color_bijection,True,False,ok,"(29, 26)","(29, 26)","(29, 26)",0,v4_plus9_compiler
134,ex134,task133_transpose,True,False,ok,"(26, 29)","(26, 29)","(26, 29)",0,v4_plus9_compiler
134,ex134,task133_mirror_lr,True,False,ok,"(29, 26)","(29, 26)","(29, 26)",0,v4_plus9_compiler
134,ex134,task133_mirror_ud,True,False,ok,"(29, 26)","(29, 26)","(29, 26)",0,v4_plus9_compiler
134,ex134,task133_zero_pad_top_left,True,False,ok,"(30, 27)","(30, 27)","(30, 27)",0,v4_plus9_compiler
134,ex134,task133_zero_pad_bottom_right,True,False,ok,"(30, 27)","(30, 27)","(30, 27)",0,v4_plus9_compiler
135,ex135,original,True,False,ok,"(29, 23)","(29, 23)","(29, 23)",0,v4_plus9_compiler
135,ex135,task133_color_bijection,True,False,ok,"(29, 23)","(29, 23)","(29, 23)",0,v4_plus9_compiler
135,ex135,task133_transpose,True,False,ok,"(23, 29)","(23, 29)","(23, 29)",0,v4_plus9_compiler
135,ex135,task133_mirror_lr,True,False,ok,"(29, 23)","(29, 23)","(29, 23)",0,v4_plus9_compiler
135,ex135,task133_mirror_ud,True,False,ok,"(29, 23)","(29, 23)","(29, 23)",0,v4_plus9_compiler
135,ex135,task133_zero_pad_top_left,True,False,ok,"(30, 24)","(30, 24)","(30, 24)",0,v4_plus9_compiler
135,ex135,task133_zero_pad_bottom_right,True,False,ok,"(30, 24)","(30, 24)","(30, 24)",0,v4_plus9_compiler
136,ex136,original,True,False,ok,"(28, 22)","(28, 22)","(28, 22)",0,v4_plus9_compiler
136,ex136,task133_color_bijection,True,False,ok,"(28, 22)","(28, 22)","(28, 22)",0,v4_plus9_compiler
136,ex136,task133_transpose,True,False,ok,"(22, 28)","(22, 28)","(22, 28)",0,v4_plus9_compiler
136,ex136,task133_mirror_lr,True,False,ok,"(28, 22)","(28, 22)","(28, 22)",0,v4_plus9_compiler
136,ex136,task133_mirror_ud,True,False,ok,"(28, 22)","(28, 22)","(28, 22)",0,v4_plus9_compiler
136,ex136,task133_zero_pad_top_left,True,False,ok,"(29, 23)","(29, 23)","(29, 23)",0,v4_plus9_compiler
136,ex136,task133_zero_pad_bottom_right,True,False,ok,"(29, 23)","(29, 23)","(29, 23)",0,v4_plus9_compiler
137,ex137,original,True,False,ok,"(29, 30)","(29, 30)","(29, 30)",0,v4_plus9_compiler
137,ex137,task133_color_bijection,True,False,ok,"(29, 30)","(29, 30)","(29, 30)",0,v4_plus9_compiler
137,ex137,task133_transpose,True,False,ok,"(30, 29)","(30, 29)","(30, 29)",0,v4_plus9_compiler
137,ex137,task133_mirror_lr,True,False,ok,"(29, 30)","(29, 30)","(29, 30)",0,v4_plus9_compiler
137,ex137,task133_mirror_ud,True,False,ok,"(29, 30)","(29, 30)","(29, 30)",0,v4_plus9_compiler
137,ex137,task133_zero_pad_top_left,False,True,"input_shape_exceeds_limit:(30, 31)>(30, 30)","(30, 31)","(30, 31)",,,
137,ex137,task133_zero_pad_bottom_right,False,True,"input_shape_exceeds_limit:(30, 31)>(30, 30)","(30, 31)","(30, 31)",,,
138,ex138,original,True,False,ok,"(13, 19)","(13, 19)","(13, 19)",0,v4_plus9_compiler
138,ex138,task133_color_bijection,True,False,ok,"(13, 19)","(13, 19)","(13, 19)",0,v4_plus9_compiler
138,ex138,task133_transpose,True,False,ok,"(19, 13)","(19, 13)","(19, 13)",0,v4_plus9_compiler
138,ex138,task133_mirror_lr,True,False,ok,"(13, 19)","(13, 19)","(13, 19)",0,v4_plus9_compiler
138,ex138,task133_mirror_ud,True,False,ok,"(13, 19)","(13, 19)","(13, 19)",0,v4_plus9_compiler
138,ex138,task133_zero_pad_top_left,True,False,ok,"(14, 20)","(14, 20)","(14, 20)",0,v4_plus9_compiler
138,ex138,task133_zero_pad_bottom_right,True,False,ok,"(14, 20)","(14, 20)","(14, 20)",0,v4_plus9_compiler
139,ex139,original,True,False,ok,"(11, 30)","(11, 30)","(11, 30)",0,v4_plus9_compiler
139,ex139,task133_color_bijection,True,False,ok,"(11, 30)","(11, 30)","(11, 30)",0,v4_plus9_compiler
139,ex139,task133_transpose,True,False,ok,"(30, 11)","(30, 11)","(30, 11)",0,v4_plus9_compiler
139,ex139,task133_mirror_lr,True,False,ok,"(11, 30)","(11, 30)","(11, 30)",0,v4_plus9_compiler
139,ex139,task133_mirror_ud,True,False,ok,"(11, 30)","(11, 30)","(11, 30)",0,v4_plus9_compiler
139,ex139,task133_zero_pad_top_left,False,True,"input_shape_exceeds_limit:(12, 31)>(30, 30)","(12, 31)","(12, 31)",,,
139,ex139,task133_zero_pad_bottom_right,False,True,"input_shape_exceeds_limit:(12, 31)>(30, 30)","(12, 31)","(12, 31)",,,
140,ex140,original,True,False,ok,"(23, 17)","(23, 17)","(23, 17)",0,v4_plus9_compiler
140,ex140,task133_color_bijection,True,False,ok,"(23, 17)","(23, 17)","(23, 17)",0,v4_plus9_compiler
140,ex140,task133_transpose,True,False,ok,"(17, 23)","(17, 23)","(17, 23)",0,v4_plus9_compiler
140,ex140,task133_mirror_lr,True,False,ok,"(23, 17)","(23, 17)","(23, 17)",0,v4_plus9_compiler
140,ex140,task133_mirror_ud,True,False,ok,"(23, 17)","(23, 17)","(23, 17)",0,v4_plus9_compiler
140,ex140,task133_zero_pad_top_left,True,False,ok,"(24, 18)","(24, 18)","(24, 18)",0,v4_plus9_compiler
140,ex140,task133_zero_pad_bottom_right,True,False,ok,"(24, 18)","(24, 18)","(24, 18)",0,v4_plus9_compiler
141,ex141,original,True,False,ok,"(27, 26)","(27, 26)","(27, 26)",0,v4_plus9_compiler
141,ex141,task133_color_bijection,True,False,ok,"(27, 26)","(27, 26)","(27, 26)",0,v4_plus9_compiler
141,ex141,task133_transpose,True,False,ok,"(26, 27)","(26, 27)","(26, 27)",0,v4_plus9_compiler
141,ex141,task133_mirror_lr,True,False,ok,"(27, 26)","(27, 26)","(27, 26)",0,v4_plus9_compiler
141,ex141,task133_mirror_ud,True,False,ok,"(27, 26)","(27, 26)","(27, 26)",0,v4_plus9_compiler
141,ex141,task133_zero_pad_top_left,True,False,ok,"(28, 27)","(28, 27)","(28, 27)",0,v4_plus9_compiler
141,ex141,task133_zero_pad_bottom_right,True,False,ok,"(28, 27)","(28, 27)","(28, 27)",0,v4_plus9_compiler
142,ex142,original,True,False,ok,"(24, 16)","(24, 16)","(24, 16)",0,v4_plus9_compiler
142,ex142,task133_color_bijection,True,False,ok,"(24, 16)","(24, 16)","(24, 16)",0,v4_plus9_compiler
142,ex142,task133_transpose,True,False,ok,"(16, 24)","(16, 24)","(16, 24)",0,v4_plus9_compiler
142,ex142,task133_mirror_lr,True,False,ok,"(24, 16)","(24, 16)","(24, 16)",0,v4_plus9_compiler
142,ex142,task133_mirror_ud,True,False,ok,"(24, 16)","(24, 16)","(24, 16)",0,v4_plus9_compiler
142,ex142,task133_zero_pad_top_left,True,False,ok,"(25, 17)","(25, 17)","(25, 17)",0,v4_plus9_compiler
142,ex142,task133_zero_pad_bottom_right,True,False,ok,"(25, 17)","(25, 17)","(25, 17)",0,v4_plus9_compiler
143,ex143,original,True,False,ok,"(22, 29)","(22, 29)","(22, 29)",0,v4_plus9_compiler
143,ex143,task133_color_bijection,True,False,ok,"(22, 29)","(22, 29)","(22, 29)",0,v4_plus9_compiler
143,ex143,task133_transpose,True,False,ok,"(29, 22)","(29, 22)","(29, 22)",0,v4_plus9_compiler
143,ex143,task133_mirror_lr,True,False,ok,"(22, 29)","(22, 29)","(22, 29)",0,v4_plus9_compiler
143,ex143,task133_mirror_ud,True,False,ok,"(22, 29)","(22, 29)","(22, 29)",0,v4_plus9_compiler
143,ex143,task133_zero_pad_top_left,True,False,ok,"(23, 30)","(23, 30)","(23, 30)",0,v4_plus9_compiler
143,ex143,task133_zero_pad_bottom_right,True,False,ok,"(23, 30)","(23, 30)","(23, 30)",0,v4_plus9_compiler
144,ex144,original,True,False,ok,"(29, 27)","(29, 27)","(29, 27)",0,v4_plus9_compiler
144,ex144,task133_color_bijection,True,False,ok,"(29, 27)","(29, 27)","(29, 27)",0,v4_plus9_compiler
144,ex144,task133_transpose,True,False,ok,"(27, 29)","(27, 29)","(27, 29)",0,v4_plus9_compiler
144,ex144,task133_mirror_lr,True,False,ok,"(29, 27)","(29, 27)","(29, 27)",0,v4_plus9_compiler
144,ex144,task133_mirror_ud,True,False,ok,"(29, 27)","(29, 27)","(29, 27)",0,v4_plus9_compiler
144,ex144,task133_zero_pad_top_left,True,False,ok,"(30, 28)","(30, 28)","(30, 28)",0,v4_plus9_compiler
144,ex144,task133_zero_pad_bottom_right,True,False,ok,"(30, 28)","(30, 28)","(30, 28)",0,v4_plus9_compiler
145,ex145,original,True,False,ok,"(28, 27)","(28, 27)","(28, 27)",0,v4_plus9_compiler
145,ex145,task133_color_bijection,True,False,ok,"(28, 27)","(28, 27)","(28, 27)",0,v4_plus9_compiler
145,ex145,task133_transpose,True,False,ok,"(27, 28)","(27, 28)","(27, 28)",0,v4_plus9_compiler
145,ex145,task133_mirror_lr,True,False,ok,"(28, 27)","(28, 27)","(28, 27)",0,v4_plus9_compiler
145,ex145,task133_mirror_ud,True,False,ok,"(28, 27)","(28, 27)","(28, 27)",0,v4_plus9_compiler
145,ex145,task133_zero_pad_top_left,True,False,ok,"(29, 28)","(29, 28)","(29, 28)",0,v4_plus9_compiler
145,ex145,task133_zero_pad_bottom_right,True,False,ok,"(29, 28)","(29, 28)","(29, 28)",0,v4_plus9_compiler
146,ex146,original,True,False,ok,"(13, 27)","(13, 27)","(13, 27)",0,v4_plus9_compiler
146,ex146,task133_color_bijection,True,False,ok,"(13, 27)","(13, 27)","(13, 27)",0,v4_plus9_compiler
146,ex146,task133_transpose,True,False,ok,"(27, 13)","(27, 13)","(27, 13)",0,v4_plus9_compiler
146,ex146,task133_mirror_lr,True,False,ok,"(13, 27)","(13, 27)","(13, 27)",0,v4_plus9_compiler
146,ex146,task133_mirror_ud,True,False,ok,"(13, 27)","(13, 27)","(13, 27)",0,v4_plus9_compiler
146,ex146,task133_zero_pad_top_left,True,False,ok,"(14, 28)","(14, 28)","(14, 28)",0,v4_plus9_compiler
146,ex146,task133_zero_pad_bottom_right,True,False,ok,"(14, 28)","(14, 28)","(14, 28)",0,v4_plus9_compiler
147,ex147,original,True,False,ok,"(22, 19)","(22, 19)","(22, 19)",0,v4_plus9_compiler
147,ex147,task133_color_bijection,True,False,ok,"(22, 19)","(22, 19)","(22, 19)",0,v4_plus9_compiler
147,ex147,task133_transpose,True,False,ok,"(19, 22)","(19, 22)","(19, 22)",0,v4_plus9_compiler
147,ex147,task133_mirror_lr,True,False,ok,"(22, 19)","(22, 19)","(22, 19)",0,v4_plus9_compiler
147,ex147,task133_mirror_ud,True,False,ok,"(22, 19)","(22, 19)","(22, 19)",0,v4_plus9_compiler
147,ex147,task133_zero_pad_top_left,True,False,ok,"(23, 20)","(23, 20)","(23, 20)",0,v4_plus9_compiler
147,ex147,task133_zero_pad_bottom_right,True,False,ok,"(23, 20)","(23, 20)","(23, 20)",0,v4_plus9_compiler
148,ex148,original,True,False,ok,"(13, 29)","(13, 29)","(13, 29)",0,v4_plus9_compiler
148,ex148,task133_color_bijection,True,False,ok,"(13, 29)","(13, 29)","(13, 29)",0,v4_plus9_compiler
148,ex148,task133_transpose,True,False,ok,"(29, 13)","(29, 13)","(29, 13)",0,v4_plus9_compiler
148,ex148,task133_mirror_lr,True,False,ok,"(13, 29)","(13, 29)","(13, 29)",0,v4_plus9_compiler
148,ex148,task133_mirror_ud,True,False,ok,"(13, 29)","(13, 29)","(13, 29)",0,v4_plus9_compiler
148,ex148,task133_zero_pad_top_left,True,False,ok,"(14, 30)","(14, 30)","(14, 30)",0,v4_plus9_compiler
148,ex148,task133_zero_pad_bottom_right,True,False,ok,"(14, 30)","(14, 30)","(14, 30)",0,v4_plus9_compiler
149,ex149,original,True,False,ok,"(17, 29)","(17, 29)","(17, 29)",0,v4_plus9_compiler
149,ex149,task133_color_bijection,True,False,ok,"(17, 29)","(17, 29)","(17, 29)",0,v4_plus9_compiler
149,ex149,task133_transpose,True,False,ok,"(29, 17)","(29, 17)","(29, 17)",0,v4_plus9_compiler
149,ex149,task133_mirror_lr,True,False,ok,"(17, 29)","(17, 29)","(17, 29)",0,v4_plus9_compiler
149,ex149,task133_mirror_ud,True,False,ok,"(17, 29)","(17, 29)","(17, 29)",0,v4_plus9_compiler
149,ex149,task133_zero_pad_top_left,True,False,ok,"(18, 30)","(18, 30)","(18, 30)",0,v4_plus9_compiler
149,ex149,task133_zero_pad_bottom_right,True,False,ok,"(18, 30)","(18, 30)","(18, 30)",0,v4_plus9_compiler
150,ex150,original,True,False,ok,"(13, 19)","(13, 19)","(13, 19)",0,v4_plus9_compiler
150,ex150,task133_color_bijection,True,False,ok,"(13, 19)","(13, 19)","(13, 19)",0,v4_plus9_compiler
150,ex150,task133_transpose,True,False,ok,"(19, 13)","(19, 13)","(19, 13)",0,v4_plus9_compiler
150,ex150,task133_mirror_lr,True,False,ok,"(13, 19)","(13, 19)","(13, 19)",0,v4_plus9_compiler
150,ex150,task133_mirror_ud,True,False,ok,"(13, 19)","(13, 19)","(13, 19)",0,v4_plus9_compiler
150,ex150,task133_zero_pad_top_left,True,False,ok,"(14, 20)","(14, 20)","(14, 20)",0,v4_plus9_compiler
150,ex150,task133_zero_pad_bottom_right,True,False,ok,"(14, 20)","(14, 20)","(14, 20)",0,v4_plus9_compiler
151,ex151,original,True,False,ok,"(22, 29)","(22, 29)","(22, 29)",0,v4_plus9_compiler
151,ex151,task133_color_bijection,True,False,ok,"(22, 29)","(22, 29)","(22, 29)",0,v4_plus9_compiler
151,ex151,task133_transpose,True,False,ok,"(29, 22)","(29, 22)","(29, 22)",0,v4_plus9_compiler
151,ex151,task133_mirror_lr,True,False,ok,"(22, 29)","(22, 29)","(22, 29)",0,v4_plus9_compiler
151,ex151,task133_mirror_ud,True,False,ok,"(22, 29)","(22, 29)","(22, 29)",0,v4_plus9_compiler
151,ex151,task133_zero_pad_top_left,True,False,ok,"(23, 30)","(23, 30)","(23, 30)",0,v4_plus9_compiler
151,ex151,task133_zero_pad_bottom_right,True,False,ok,"(23, 30)","(23, 30)","(23, 30)",0,v4_plus9_compiler
152,ex152,original,True,False,ok,"(21, 30)","(21, 30)","(21, 30)",0,v4_plus9_compiler
152,ex152,task133_color_bijection,True,False,ok,"(21, 30)","(21, 30)","(21, 30)",0,v4_plus9_compiler
152,ex152,task133_transpose,True,False,ok,"(30, 21)","(30, 21)","(30, 21)",0,v4_plus9_compiler
152,ex152,task133_mirror_lr,True,False,ok,"(21, 30)","(21, 30)","(21, 30)",0,v4_plus9_compiler
152,ex152,task133_mirror_ud,True,False,ok,"(21, 30)","(21, 30)","(21, 30)",0,v4_plus9_compiler
152,ex152,task133_zero_pad_top_left,False,True,"input_shape_exceeds_limit:(22, 31)>(30, 30)","(22, 31)","(22, 31)",,,
152,ex152,task133_zero_pad_bottom_right,False,True,"input_shape_exceeds_limit:(22, 31)>(30, 30)","(22, 31)","(22, 31)",,,
153,ex153,original,True,False,ok,"(23, 14)","(23, 14)","(23, 14)",0,v4_plus9_compiler
153,ex153,task133_color_bijection,True,False,ok,"(23, 14)","(23, 14)","(23, 14)",0,v4_plus9_compiler
153,ex153,task133_transpose,True,False,ok,"(14, 23)","(14, 23)","(14, 23)",0,v4_plus9_compiler
153,ex153,task133_mirror_lr,True,False,ok,"(23, 14)","(23, 14)","(23, 14)",0,v4_plus9_compiler
153,ex153,task133_mirror_ud,True,False,ok,"(23, 14)","(23, 14)","(23, 14)",0,v4_plus9_compiler
153,ex153,task133_zero_pad_top_left,True,False,ok,"(24, 15)","(24, 15)","(24, 15)",0,v4_plus9_compiler
153,ex153,task133_zero_pad_bottom_right,True,False,ok,"(24, 15)","(24, 15)","(24, 15)",0,v4_plus9_compiler
154,ex154,original,True,False,ok,"(30, 29)","(30, 29)","(30, 29)",0,v4_plus9_compiler
154,ex154,task133_color_bijection,True,False,ok,"(30, 29)","(30, 29)","(30, 29)",0,v4_plus9_compiler
154,ex154,task133_transpose,True,False,ok,"(29, 30)","(29, 30)","(29, 30)",0,v4_plus9_compiler
154,ex154,task133_mirror_lr,True,False,ok,"(30, 29)","(30, 29)","(30, 29)",0,v4_plus9_compiler
154,ex154,task133_mirror_ud,True,False,ok,"(30, 29)","(30, 29)","(30, 29)",0,v4_plus9_compiler
154,ex154,task133_zero_pad_top_left,False,True,"input_shape_exceeds_limit:(31, 30)>(30, 30)","(31, 30)","(31, 30)",,,
154,ex154,task133_zero_pad_bottom_right,False,True,"input_shape_exceeds_limit:(31, 30)>(30, 30)","(31, 30)","(31, 30)",,,
155,ex155,original,True,False,ok,"(24, 25)","(24, 25)","(24, 25)",0,v4_plus9_compiler
155,ex155,task133_color_bijection,True,False,ok,"(24, 25)","(24, 25)","(24, 25)",0,v4_plus9_compiler
155,ex155,task133_transpose,True,False,ok,"(25, 24)","(25, 24)","(25, 24)",0,v4_plus9_compiler
155,ex155,task133_mirror_lr,True,False,ok,"(24, 25)","(24, 25)","(24, 25)",0,v4_plus9_compiler
155,ex155,task133_mirror_ud,True,False,ok,"(24, 25)","(24, 25)","(24, 25)",0,v4_plus9_compiler
155,ex155,task133_zero_pad_top_left,True,False,ok,"(25, 26)","(25, 26)","(25, 26)",0,v4_plus9_compiler
155,ex155,task133_zero_pad_bottom_right,True,False,ok,"(25, 26)","(25, 26)","(25, 26)",0,v4_plus9_compiler
156,ex156,original,True,False,ok,"(18, 21)","(18, 21)","(18, 21)",0,v4_plus9_compiler
156,ex156,task133_color_bijection,True,False,ok,"(18, 21)","(18, 21)","(18, 21)",0,v4_plus9_compiler
156,ex156,task133_transpose,True,False,ok,"(21, 18)","(21, 18)","(21, 18)",0,v4_plus9_compiler
156,ex156,task133_mirror_lr,True,False,ok,"(18, 21)","(18, 21)","(18, 21)",0,v4_plus9_compiler
156,ex156,task133_mirror_ud,True,False,ok,"(18, 21)","(18, 21)","(18, 21)",0,v4_plus9_compiler
156,ex156,task133_zero_pad_top_left,True,False,ok,"(19, 22)","(19, 22)","(19, 22)",0,v4_plus9_compiler
156,ex156,task133_zero_pad_bottom_right,True,False,ok,"(19, 22)","(19, 22)","(19, 22)",0,v4_plus9_compiler
157,ex157,original,True,False,ok,"(27, 26)","(27, 26)","(27, 26)",0,v4_plus9_compiler
157,ex157,task133_color_bijection,True,False,ok,"(27, 26)","(27, 26)","(27, 26)",0,v4_plus9_compiler
157,ex157,task133_transpose,True,False,ok,"(26, 27)","(26, 27)","(26, 27)",0,v4_plus9_compiler
157,ex157,task133_mirror_lr,True,False,ok,"(27, 26)","(27, 26)","(27, 26)",0,v4_plus9_compiler
157,ex157,task133_mirror_ud,True,False,ok,"(27, 26)","(27, 26)","(27, 26)",0,v4_plus9_compiler
157,ex157,task133_zero_pad_top_left,True,False,ok,"(28, 27)","(28, 27)","(28, 27)",0,v4_plus9_compiler
157,ex157,task133_zero_pad_bottom_right,True,False,ok,"(28, 27)","(28, 27)","(28, 27)",0,v4_plus9_compiler
158,ex158,original,True,False,ok,"(30, 20)","(30, 20)","(30, 20)",0,v4_plus9_compiler
158,ex158,task133_color_bijection,True,False,ok,"(30, 20)","(30, 20)","(30, 20)",0,v4_plus9_compiler
158,ex158,task133_transpose,True,False,ok,"(20, 30)","(20, 30)","(20, 30)",0,v4_plus9_compiler
158,ex158,task133_mirror_lr,True,False,ok,"(30, 20)","(30, 20)","(30, 20)",0,v4_plus9_compiler
158,ex158,task133_mirror_ud,True,False,ok,"(30, 20)","(30, 20)","(30, 20)",0,v4_plus9_compiler
158,ex158,task133_zero_pad_top_left,False,True,"input_shape_exceeds_limit:(31, 21)>(30, 30)","(31, 21)","(31, 21)",,,
158,ex158,task133_zero_pad_bottom_right,False,True,"input_shape_exceeds_limit:(31, 21)>(30, 30)","(31, 21)","(31, 21)",,,
159,ex159,original,True,False,ok,"(18, 18)","(18, 18)","(18, 18)",0,v4_plus9_compiler
159,ex159,task133_color_bijection,True,False,ok,"(18, 18)","(18, 18)","(18, 18)",0,v4_plus9_compiler
159,ex159,task133_transpose,True,False,ok,"(18, 18)","(18, 18)","(18, 18)",0,v4_plus9_compiler
159,ex159,task133_mirror_lr,True,False,ok,"(18, 18)","(18, 18)","(18, 18)",0,v4_plus9_compiler
159,ex159,task133_mirror_ud,True,False,ok,"(18, 18)","(18, 18)","(18, 18)",0,v4_plus9_compiler
159,ex159,task133_zero_pad_top_left,True,False,ok,"(19, 19)","(19, 19)","(19, 19)",0,v4_plus9_compiler
159,ex159,task133_zero_pad_bottom_right,True,False,ok,"(19, 19)","(19, 19)","(19, 19)",0,v4_plus9_compiler
160,ex160,original,True,False,ok,"(28, 30)","(28, 30)","(28, 30)",0,v4_plus9_compiler
160,ex160,task133_color_bijection,True,False,ok,"(28, 30)","(28, 30)","(28, 30)",0,v4_plus9_compiler
160,ex160,task133_transpose,True,False,ok,"(30, 28)","(30, 28)","(30, 28)",0,v4_plus9_compiler
160,ex160,task133_mirror_lr,True,False,ok,"(28, 30)","(28, 30)","(28, 30)",0,v4_plus9_compiler
160,ex160,task133_mirror_ud,True,False,ok,"(28, 30)","(28, 30)","(28, 30)",0,v4_plus9_compiler
160,ex160,task133_zero_pad_top_left,False,True,"input_shape_exceeds_limit:(29, 31)>(30, 30)","(29, 31)","(29, 31)",,,
160,ex160,task133_zero_pad_bottom_right,False,True,"input_shape_exceeds_limit:(29, 31)>(30, 30)","(29, 31)","(29, 31)",,,
161,ex161,original,True,False,ok,"(25, 27)","(25, 27)","(25, 27)",0,v4_plus9_compiler
161,ex161,task133_color_bijection,True,False,ok,"(25, 27)","(25, 27)","(25, 27)",0,v4_plus9_compiler
161,ex161,task133_transpose,True,False,ok,"(27, 25)","(27, 25)","(27, 25)",0,v4_plus9_compiler
161,ex161,task133_mirror_lr,True,False,ok,"(25, 27)","(25, 27)","(25, 27)",0,v4_plus9_compiler
161,ex161,task133_mirror_ud,True,False,ok,"(25, 27)","(25, 27)","(25, 27)",0,v4_plus9_compiler
161,ex161,task133_zero_pad_top_left,True,False,ok,"(26, 28)","(26, 28)","(26, 28)",0,v4_plus9_compiler
161,ex161,task133_zero_pad_bottom_right,True,False,ok,"(26, 28)","(26, 28)","(26, 28)",0,v4_plus9_compiler
162,ex162,original,True,False,ok,"(15, 20)","(15, 20)","(15, 20)",0,v4_plus9_compiler
162,ex162,task133_color_bijection,True,False,ok,"(15, 20)","(15, 20)","(15, 20)",0,v4_plus9_compiler
162,ex162,task133_transpose,True,False,ok,"(20, 15)","(20, 15)","(20, 15)",0,v4_plus9_compiler
162,ex162,task133_mirror_lr,True,False,ok,"(15, 20)","(15, 20)","(15, 20)",0,v4_plus9_compiler
162,ex162,task133_mirror_ud,True,False,ok,"(15, 20)","(15, 20)","(15, 20)",0,v4_plus9_compiler
162,ex162,task133_zero_pad_top_left,True,False,ok,"(16, 21)","(16, 21)","(16, 21)",0,v4_plus9_compiler
162,ex162,task133_zero_pad_bottom_right,True,False,ok,"(16, 21)","(16, 21)","(16, 21)",0,v4_plus9_compiler
163,ex163,original,True,False,ok,"(20, 26)","(20, 26)","(20, 26)",0,v4_plus9_compiler
163,ex163,task133_color_bijection,True,False,ok,"(20, 26)","(20, 26)","(20, 26)",0,v4_plus9_compiler
163,ex163,task133_transpose,True,False,ok,"(26, 20)","(26, 20)","(26, 20)",0,v4_plus9_compiler
163,ex163,task133_mirror_lr,True,False,ok,"(20, 26)","(20, 26)","(20, 26)",0,v4_plus9_compiler
163,ex163,task133_mirror_ud,True,False,ok,"(20, 26)","(20, 26)","(20, 26)",0,v4_plus9_compiler
163,ex163,task133_zero_pad_top_left,True,False,ok,"(21, 27)","(21, 27)","(21, 27)",0,v4_plus9_compiler
163,ex163,task133_zero_pad_bottom_right,True,False,ok,"(21, 27)","(21, 27)","(21, 27)",0,v4_plus9_compiler
164,ex164,original,True,False,ok,"(12, 16)","(12, 16)","(12, 16)",0,v4_plus9_compiler
164,ex164,task133_color_bijection,True,False,ok,"(12, 16)","(12, 16)","(12, 16)",0,v4_plus9_compiler
164,ex164,task133_transpose,True,False,ok,"(16, 12)","(16, 12)","(16, 12)",0,v4_plus9_compiler
164,ex164,task133_mirror_lr,True,False,ok,"(12, 16)","(12, 16)","(12, 16)",0,v4_plus9_compiler
164,ex164,task133_mirror_ud,True,False,ok,"(12, 16)","(12, 16)","(12, 16)",0,v4_plus9_compiler
164,ex164,task133_zero_pad_top_left,True,False,ok,"(13, 17)","(13, 17)","(13, 17)",0,v4_plus9_compiler
164,ex164,task133_zero_pad_bottom_right,True,False,ok,"(13, 17)","(13, 17)","(13, 17)",0,v4_plus9_compiler
165,ex165,original,True,False,ok,"(28, 27)","(28, 27)","(28, 27)",0,v4_plus9_compiler
165,ex165,task133_color_bijection,True,False,ok,"(28, 27)","(28, 27)","(28, 27)",0,v4_plus9_compiler
165,ex165,task133_transpose,True,False,ok,"(27, 28)","(27, 28)","(27, 28)",0,v4_plus9_compiler
165,ex165,task133_mirror_lr,True,False,ok,"(28, 27)","(28, 27)","(28, 27)",0,v4_plus9_compiler
165,ex165,task133_mirror_ud,True,False,ok,"(28, 27)","(28, 27)","(28, 27)",0,v4_plus9_compiler
165,ex165,task133_zero_pad_top_left,True,False,ok,"(29, 28)","(29, 28)","(29, 28)",0,v4_plus9_compiler
165,ex165,task133_zero_pad_bottom_right,True,False,ok,"(29, 28)","(29, 28)","(29, 28)",0,v4_plus9_compiler
166,ex166,original,True,False,ok,"(17, 19)","(17, 19)","(17, 19)",0,v4_plus9_compiler
166,ex166,task133_color_bijection,True,False,ok,"(17, 19)","(17, 19)","(17, 19)",0,v4_plus9_compiler
166,ex166,task133_transpose,True,False,ok,"(19, 17)","(19, 17)","(19, 17)",0,v4_plus9_compiler
166,ex166,task133_mirror_lr,True,False,ok,"(17, 19)","(17, 19)","(17, 19)",0,v4_plus9_compiler
166,ex166,task133_mirror_ud,True,False,ok,"(17, 19)","(17, 19)","(17, 19)",0,v4_plus9_compiler
166,ex166,task133_zero_pad_top_left,True,False,ok,"(18, 20)","(18, 20)","(18, 20)",0,v4_plus9_compiler
166,ex166,task133_zero_pad_bottom_right,True,False,ok,"(18, 20)","(18, 20)","(18, 20)",0,v4_plus9_compiler
167,ex167,original,True,False,ok,"(21, 19)","(21, 19)","(21, 19)",0,v4_plus9_compiler
167,ex167,task133_color_bijection,True,False,ok,"(21, 19)","(21, 19)","(21, 19)",0,v4_plus9_compiler
167,ex167,task133_transpose,True,False,ok,"(19, 21)","(19, 21)","(19, 21)",0,v4_plus9_compiler
167,ex167,task133_mirror_lr,True,False,ok,"(21, 19)","(21, 19)","(21, 19)",0,v4_plus9_compiler
167,ex167,task133_mirror_ud,True,False,ok,"(21, 19)","(21, 19)","(21, 19)",0,v4_plus9_compiler
167,ex167,task133_zero_pad_top_left,True,False,ok,"(22, 20)","(22, 20)","(22, 20)",0,v4_plus9_compiler
167,ex167,task133_zero_pad_bottom_right,True,False,ok,"(22, 20)","(22, 20)","(22, 20)",0,v4_plus9_compiler
168,ex168,original,True,False,ok,"(15, 14)","(15, 14)","(15, 14)",0,v4_plus9_compiler
168,ex168,task133_color_bijection,True,False,ok,"(15, 14)","(15, 14)","(15, 14)",0,v4_plus9_compiler
168,ex168,task133_transpose,True,False,ok,"(14, 15)","(14, 15)","(14, 15)",0,v4_plus9_compiler
168,ex168,task133_mirror_lr,True,False,ok,"(15, 14)","(15, 14)","(15, 14)",0,v4_plus9_compiler
168,ex168,task133_mirror_ud,True,False,ok,"(15, 14)","(15, 14)","(15, 14)",0,v4_plus9_compiler
168,ex168,task133_zero_pad_top_left,True,False,ok,"(16, 15)","(16, 15)","(16, 15)",0,v4_plus9_compiler
168,ex168,task133_zero_pad_bottom_right,True,False,ok,"(16, 15)","(16, 15)","(16, 15)",0,v4_plus9_compiler
169,ex169,original,True,False,ok,"(26, 17)","(26, 17)","(26, 17)",0,v4_plus9_compiler
169,ex169,task133_color_bijection,True,False,ok,"(26, 17)","(26, 17)","(26, 17)",0,v4_plus9_compiler
169,ex169,task133_transpose,True,False,ok,"(17, 26)","(17, 26)","(17, 26)",0,v4_plus9_compiler
169,ex169,task133_mirror_lr,True,False,ok,"(26, 17)","(26, 17)","(26, 17)",0,v4_plus9_compiler
169,ex169,task133_mirror_ud,True,False,ok,"(26, 17)","(26, 17)","(26, 17)",0,v4_plus9_compiler
169,ex169,task133_zero_pad_top_left,True,False,ok,"(27, 18)","(27, 18)","(27, 18)",0,v4_plus9_compiler
169,ex169,task133_zero_pad_bottom_right,True,False,ok,"(27, 18)","(27, 18)","(27, 18)",0,v4_plus9_compiler
170,ex170,original,True,False,ok,"(17, 26)","(17, 26)","(17, 26)",0,v4_plus9_compiler
170,ex170,task133_color_bijection,True,False,ok,"(17, 26)","(17, 26)","(17, 26)",0,v4_plus9_compiler
170,ex170,task133_transpose,True,False,ok,"(26, 17)","(26, 17)","(26, 17)",0,v4_plus9_compiler
170,ex170,task133_mirror_lr,True,False,ok,"(17, 26)","(17, 26)","(17, 26)",0,v4_plus9_compiler
170,ex170,task133_mirror_ud,True,False,ok,"(17, 26)","(17, 26)","(17, 26)",0,v4_plus9_compiler
170,ex170,task133_zero_pad_top_left,True,False,ok,"(18, 27)","(18, 27)","(18, 27)",0,v4_plus9_compiler
170,ex170,task133_zero_pad_bottom_right,True,False,ok,"(18, 27)","(18, 27)","(18, 27)",0,v4_plus9_compiler
171,ex171,original,True,False,ok,"(21, 27)","(21, 27)","(21, 27)",0,v4_plus9_compiler
171,ex171,task133_color_bijection,True,False,ok,"(21, 27)","(21, 27)","(21, 27)",0,v4_plus9_compiler
171,ex171,task133_transpose,True,False,ok,"(27, 21)","(27, 21)","(27, 21)",0,v4_plus9_compiler
171,ex171,task133_mirror_lr,True,False,ok,"(21, 27)","(21, 27)","(21, 27)",0,v4_plus9_compiler
171,ex171,task133_mirror_ud,True,False,ok,"(21, 27)","(21, 27)","(21, 27)",0,v4_plus9_compiler
171,ex171,task133_zero_pad_top_left,True,False,ok,"(22, 28)","(22, 28)","(22, 28)",0,v4_plus9_compiler
171,ex171,task133_zero_pad_bottom_right,True,False,ok,"(22, 28)","(22, 28)","(22, 28)",0,v4_plus9_compiler
172,ex172,original,True,False,ok,"(29, 25)","(29, 25)","(29, 25)",0,v4_plus9_compiler
172,ex172,task133_color_bijection,True,False,ok,"(29, 25)","(29, 25)","(29, 25)",0,v4_plus9_compiler
172,ex172,task133_transpose,True,False,ok,"(25, 29)","(25, 29)","(25, 29)",0,v4_plus9_compiler
172,ex172,task133_mirror_lr,True,False,ok,"(29, 25)","(29, 25)","(29, 25)",0,v4_plus9_compiler
172,ex172,task133_mirror_ud,True,False,ok,"(29, 25)","(29, 25)","(29, 25)",0,v4_plus9_compiler
172,ex172,task133_zero_pad_top_left,True,False,ok,"(30, 26)","(30, 26)","(30, 26)",0,v4_plus9_compiler
172,ex172,task133_zero_pad_bottom_right,True,False,ok,"(30, 26)","(30, 26)","(30, 26)",0,v4_plus9_compiler
173,ex173,original,True,False,ok,"(23, 27)","(23, 27)","(23, 27)",0,v4_plus9_compiler
173,ex173,task133_color_bijection,True,False,ok,"(23, 27)","(23, 27)","(23, 27)",0,v4_plus9_compiler
173,ex173,task133_transpose,True,False,ok,"(27, 23)","(27, 23)","(27, 23)",0,v4_plus9_compiler
173,ex173,task133_mirror_lr,True,False,ok,"(23, 27)","(23, 27)","(23, 27)",0,v4_plus9_compiler
173,ex173,task133_mirror_ud,True,False,ok,"(23, 27)","(23, 27)","(23, 27)",0,v4_plus9_compiler
173,ex173,task133_zero_pad_top_left,True,False,ok,"(24, 28)","(24, 28)","(24, 28)",0,v4_plus9_compiler
173,ex173,task133_zero_pad_bottom_right,True,False,ok,"(24, 28)","(24, 28)","(24, 28)",0,v4_plus9_compiler
174,ex174,original,True,False,ok,"(29, 14)","(29, 14)","(29, 14)",0,v4_plus9_compiler
174,ex174,task133_color_bijection,True,False,ok,"(29, 14)","(29, 14)","(29, 14)",0,v4_plus9_compiler
174,ex174,task133_transpose,True,False,ok,"(14, 29)","(14, 29)","(14, 29)",0,v4_plus9_compiler
174,ex174,task133_mirror_lr,True,False,ok,"(29, 14)","(29, 14)","(29, 14)",0,v4_plus9_compiler
174,ex174,task133_mirror_ud,True,False,ok,"(29, 14)","(29, 14)","(29, 14)",0,v4_plus9_compiler
174,ex174,task133_zero_pad_top_left,True,False,ok,"(30, 15)","(30, 15)","(30, 15)",0,v4_plus9_compiler
174,ex174,task133_zero_pad_bottom_right,True,False,ok,"(30, 15)","(30, 15)","(30, 15)",0,v4_plus9_compiler
175,ex175,original,True,False,ok,"(28, 22)","(28, 22)","(28, 22)",0,v4_plus9_compiler
175,ex175,task133_color_bijection,True,False,ok,"(28, 22)","(28, 22)","(28, 22)",0,v4_plus9_compiler
175,ex175,task133_transpose,True,False,ok,"(22, 28)","(22, 28)","(22, 28)",0,v4_plus9_compiler
175,ex175,task133_mirror_lr,True,False,ok,"(28, 22)","(28, 22)","(28, 22)",0,v4_plus9_compiler
175,ex175,task133_mirror_ud,True,False,ok,"(28, 22)","(28, 22)","(28, 22)",0,v4_plus9_compiler
175,ex175,task133_zero_pad_top_left,True,False,ok,"(29, 23)","(29, 23)","(29, 23)",0,v4_plus9_compiler
175,ex175,task133_zero_pad_bottom_right,True,False,ok,"(29, 23)","(29, 23)","(29, 23)",0,v4_plus9_compiler
176,ex176,original,True,False,ok,"(21, 26)","(21, 26)","(21, 26)",0,v4_plus9_compiler
176,ex176,task133_color_bijection,True,False,ok,"(21, 26)","(21, 26)","(21, 26)",0,v4_plus9_compiler
176,ex176,task133_transpose,True,False,ok,"(26, 21)","(26, 21)","(26, 21)",0,v4_plus9_compiler
176,ex176,task133_mirror_lr,True,False,ok,"(21, 26)","(21, 26)","(21, 26)",0,v4_plus9_compiler
176,ex176,task133_mirror_ud,True,False,ok,"(21, 26)","(21, 26)","(21, 26)",0,v4_plus9_compiler
176,ex176,task133_zero_pad_top_left,True,False,ok,"(22, 27)","(22, 27)","(22, 27)",0,v4_plus9_compiler
176,ex176,task133_zero_pad_bottom_right,True,False,ok,"(22, 27)","(22, 27)","(22, 27)",0,v4_plus9_compiler
177,ex177,original,True,False,ok,"(29, 18)","(29, 18)","(29, 18)",0,v4_plus9_compiler
177,ex177,task133_color_bijection,True,False,ok,"(29, 18)","(29, 18)","(29, 18)",0,v4_plus9_compiler
177,ex177,task133_transpose,True,False,ok,"(18, 29)","(18, 29)","(18, 29)",0,v4_plus9_compiler
177,ex177,task133_mirror_lr,True,False,ok,"(29, 18)","(29, 18)","(29, 18)",0,v4_plus9_compiler
177,ex177,task133_mirror_ud,True,False,ok,"(29, 18)","(29, 18)","(29, 18)",0,v4_plus9_compiler
177,ex177,task133_zero_pad_top_left,True,False,ok,"(30, 19)","(30, 19)","(30, 19)",0,v4_plus9_compiler
177,ex177,task133_zero_pad_bottom_right,True,False,ok,"(30, 19)","(30, 19)","(30, 19)",0,v4_plus9_compiler
178,ex178,original,True,False,ok,"(30, 20)","(30, 20)","(30, 20)",0,v4_plus9_compiler
178,ex178,task133_color_bijection,True,False,ok,"(30, 20)","(30, 20)","(30, 20)",0,v4_plus9_compiler
178,ex178,task133_transpose,True,False,ok,"(20, 30)","(20, 30)","(20, 30)",0,v4_plus9_compiler
178,ex178,task133_mirror_lr,True,False,ok,"(30, 20)","(30, 20)","(30, 20)",0,v4_plus9_compiler
178,ex178,task133_mirror_ud,True,False,ok,"(30, 20)","(30, 20)","(30, 20)",0,v4_plus9_compiler
178,ex178,task133_zero_pad_top_left,False,True,"input_shape_exceeds_limit:(31, 21)>(30, 30)","(31, 21)","(31, 21)",,,
178,ex178,task133_zero_pad_bottom_right,False,True,"input_shape_exceeds_limit:(31, 21)>(30, 30)","(31, 21)","(31, 21)",,,
179,ex179,original,True,False,ok,"(22, 23)","(22, 23)","(22, 23)",0,v4_plus9_compiler
179,ex179,task133_color_bijection,True,False,ok,"(22, 23)","(22, 23)","(22, 23)",0,v4_plus9_compiler
179,ex179,task133_transpose,True,False,ok,"(23, 22)","(23, 22)","(23, 22)",0,v4_plus9_compiler
179,ex179,task133_mirror_lr,True,False,ok,"(22, 23)","(22, 23)","(22, 23)",0,v4_plus9_compiler
179,ex179,task133_mirror_ud,True,False,ok,"(22, 23)","(22, 23)","(22, 23)",0,v4_plus9_compiler
179,ex179,task133_zero_pad_top_left,True,False,ok,"(23, 24)","(23, 24)","(23, 24)",0,v4_plus9_compiler
179,ex179,task133_zero_pad_bottom_right,True,False,ok,"(23, 24)","(23, 24)","(23, 24)",0,v4_plus9_compiler
180,ex180,original,True,False,ok,"(25, 29)","(25, 29)","(25, 29)",0,v4_plus9_compiler
180,ex180,task133_color_bijection,True,False,ok,"(25, 29)","(25, 29)","(25, 29)",0,v4_plus9_compiler
180,ex180,task133_transpose,True,False,ok,"(29, 25)","(29, 25)","(29, 25)",0,v4_plus9_compiler
180,ex180,task133_mirror_lr,True,False,ok,"(25, 29)","(25, 29)","(25, 29)",0,v4_plus9_compiler
180,ex180,task133_mirror_ud,True,False,ok,"(25, 29)","(25, 29)","(25, 29)",0,v4_plus9_compiler
180,ex180,task133_zero_pad_top_left,True,False,ok,"(26, 30)","(26, 30)","(26, 30)",0,v4_plus9_compiler
180,ex180,task133_zero_pad_bottom_right,True,False,ok,"(26, 30)","(26, 30)","(26, 30)",0,v4_plus9_compiler
181,ex181,original,True,False,ok,"(29, 18)","(29, 18)","(29, 18)",0,v4_plus9_compiler
181,ex181,task133_color_bijection,True,False,ok,"(29, 18)","(29, 18)","(29, 18)",0,v4_plus9_compiler
181,ex181,task133_transpose,True,False,ok,"(18, 29)","(18, 29)","(18, 29)",0,v4_plus9_compiler
181,ex181,task133_mirror_lr,True,False,ok,"(29, 18)","(29, 18)","(29, 18)",0,v4_plus9_compiler
181,ex181,task133_mirror_ud,True,False,ok,"(29, 18)","(29, 18)","(29, 18)",0,v4_plus9_compiler
181,ex181,task133_zero_pad_top_left,True,False,ok,"(30, 19)","(30, 19)","(30, 19)",0,v4_plus9_compiler
181,ex181,task133_zero_pad_bottom_right,True,False,ok,"(30, 19)","(30, 19)","(30, 19)",0,v4_plus9_compiler
182,ex182,original,True,False,ok,"(19, 22)","(19, 22)","(19, 22)",0,v4_plus9_compiler
182,ex182,task133_color_bijection,True,False,ok,"(19, 22)","(19, 22)","(19, 22)",0,v4_plus9_compiler
182,ex182,task133_transpose,True,False,ok,"(22, 19)","(22, 19)","(22, 19)",0,v4_plus9_compiler
182,ex182,task133_mirror_lr,True,False,ok,"(19, 22)","(19, 22)","(19, 22)",0,v4_plus9_compiler
182,ex182,task133_mirror_ud,True,False,ok,"(19, 22)","(19, 22)","(19, 22)",0,v4_plus9_compiler
182,ex182,task133_zero_pad_top_left,True,False,ok,"(20, 23)","(20, 23)","(20, 23)",0,v4_plus9_compiler
182,ex182,task133_zero_pad_bottom_right,True,False,ok,"(20, 23)","(20, 23)","(20, 23)",0,v4_plus9_compiler
183,ex183,original,True,False,ok,"(19, 26)","(19, 26)","(19, 26)",0,v4_plus9_compiler
183,ex183,task133_color_bijection,True,False,ok,"(19, 26)","(19, 26)","(19, 26)",0,v4_plus9_compiler
183,ex183,task133_transpose,True,False,ok,"(26, 19)","(26, 19)","(26, 19)",0,v4_plus9_compiler
183,ex183,task133_mirror_lr,True,False,ok,"(19, 26)","(19, 26)","(19, 26)",0,v4_plus9_compiler
183,ex183,task133_mirror_ud,True,False,ok,"(19, 26)","(19, 26)","(19, 26)",0,v4_plus9_compiler
183,ex183,task133_zero_pad_top_left,True,False,ok,"(20, 27)","(20, 27)","(20, 27)",0,v4_plus9_compiler
183,ex183,task133_zero_pad_bottom_right,True,False,ok,"(20, 27)","(20, 27)","(20, 27)",0,v4_plus9_compiler
184,ex184,original,True,False,ok,"(24, 26)","(24, 26)","(24, 26)",0,v4_plus9_compiler
184,ex184,task133_color_bijection,True,False,ok,"(24, 26)","(24, 26)","(24, 26)",0,v4_plus9_compiler
184,ex184,task133_transpose,True,False,ok,"(26, 24)","(26, 24)","(26, 24)",0,v4_plus9_compiler
184,ex184,task133_mirror_lr,True,False,ok,"(24, 26)","(24, 26)","(24, 26)",0,v4_plus9_compiler
184,ex184,task133_mirror_ud,True,False,ok,"(24, 26)","(24, 26)","(24, 26)",0,v4_plus9_compiler
184,ex184,task133_zero_pad_top_left,True,False,ok,"(25, 27)","(25, 27)","(25, 27)",0,v4_plus9_compiler
184,ex184,task133_zero_pad_bottom_right,True,False,ok,"(25, 27)","(25, 27)","(25, 27)",0,v4_plus9_compiler
185,ex185,original,True,False,ok,"(22, 28)","(22, 28)","(22, 28)",0,v4_plus9_compiler
185,ex185,task133_color_bijection,True,False,ok,"(22, 28)","(22, 28)","(22, 28)",0,v4_plus9_compiler
185,ex185,task133_transpose,True,False,ok,"(28, 22)","(28, 22)","(28, 22)",0,v4_plus9_compiler
185,ex185,task133_mirror_lr,True,False,ok,"(22, 28)","(22, 28)","(22, 28)",0,v4_plus9_compiler
185,ex185,task133_mirror_ud,True,False,ok,"(22, 28)","(22, 28)","(22, 28)",0,v4_plus9_compiler
185,ex185,task133_zero_pad_top_left,True,False,ok,"(23, 29)","(23, 29)","(23, 29)",0,v4_plus9_compiler
185,ex185,task133_zero_pad_bottom_right,True,False,ok,"(23, 29)","(23, 29)","(23, 29)",0,v4_plus9_compiler
186,ex186,original,True,False,ok,"(14, 28)","(14, 28)","(14, 28)",0,v4_plus9_compiler
186,ex186,task133_color_bijection,True,False,ok,"(14, 28)","(14, 28)","(14, 28)",0,v4_plus9_compiler
186,ex186,task133_transpose,True,False,ok,"(28, 14)","(28, 14)","(28, 14)",0,v4_plus9_compiler
186,ex186,task133_mirror_lr,True,False,ok,"(14, 28)","(14, 28)","(14, 28)",0,v4_plus9_compiler
186,ex186,task133_mirror_ud,True,False,ok,"(14, 28)","(14, 28)","(14, 28)",0,v4_plus9_compiler
186,ex186,task133_zero_pad_top_left,True,False,ok,"(15, 29)","(15, 29)","(15, 29)",0,v4_plus9_compiler
186,ex186,task133_zero_pad_bottom_right,True,False,ok,"(15, 29)","(15, 29)","(15, 29)",0,v4_plus9_compiler
187,ex187,original,True,False,ok,"(26, 28)","(26, 28)","(26, 28)",0,v4_plus9_compiler
187,ex187,task133_color_bijection,True,False,ok,"(26, 28)","(26, 28)","(26, 28)",0,v4_plus9_compiler
187,ex187,task133_transpose,True,False,ok,"(28, 26)","(28, 26)","(28, 26)",0,v4_plus9_compiler
187,ex187,task133_mirror_lr,True,False,ok,"(26, 28)","(26, 28)","(26, 28)",0,v4_plus9_compiler
187,ex187,task133_mirror_ud,True,False,ok,"(26, 28)","(26, 28)","(26, 28)",0,v4_plus9_compiler
187,ex187,task133_zero_pad_top_left,True,False,ok,"(27, 29)","(27, 29)","(27, 29)",0,v4_plus9_compiler
187,ex187,task133_zero_pad_bottom_right,True,False,ok,"(27, 29)","(27, 29)","(27, 29)",0,v4_plus9_compiler
188,ex188,original,True,False,ok,"(15, 11)","(15, 11)","(15, 11)",0,v4_plus9_compiler
188,ex188,task133_color_bijection,True,False,ok,"(15, 11)","(15, 11)","(15, 11)",0,v4_plus9_compiler
188,ex188,task133_transpose,True,False,ok,"(11, 15)","(11, 15)","(11, 15)",0,v4_plus9_compiler
188,ex188,task133_mirror_lr,True,False,ok,"(15, 11)","(15, 11)","(15, 11)",0,v4_plus9_compiler
188,ex188,task133_mirror_ud,True,False,ok,"(15, 11)","(15, 11)","(15, 11)",0,v4_plus9_compiler
188,ex188,task133_zero_pad_top_left,True,False,ok,"(16, 12)","(16, 12)","(16, 12)",0,v4_plus9_compiler
188,ex188,task133_zero_pad_bottom_right,True,False,ok,"(16, 12)","(16, 12)","(16, 12)",0,v4_plus9_compiler
189,ex189,original,True,False,ok,"(23, 24)","(23, 24)","(23, 24)",0,v4_plus9_compiler
189,ex189,task133_color_bijection,True,False,ok,"(23, 24)","(23, 24)","(23, 24)",0,v4_plus9_compiler
189,ex189,task133_transpose,True,False,ok,"(24, 23)","(24, 23)","(24, 23)",0,v4_plus9_compiler
189,ex189,task133_mirror_lr,True,False,ok,"(23, 24)","(23, 24)","(23, 24)",0,v4_plus9_compiler
189,ex189,task133_mirror_ud,True,False,ok,"(23, 24)","(23, 24)","(23, 24)",0,v4_plus9_compiler
189,ex189,task133_zero_pad_top_left,True,False,ok,"(24, 25)","(24, 25)","(24, 25)",0,v4_plus9_compiler
189,ex189,task133_zero_pad_bottom_right,True,False,ok,"(24, 25)","(24, 25)","(24, 25)",0,v4_plus9_compiler
190,ex190,original,True,False,ok,"(26, 19)","(26, 19)","(26, 19)",0,v4_plus9_compiler
190,ex190,task133_color_bijection,True,False,ok,"(26, 19)","(26, 19)","(26, 19)",0,v4_plus9_compiler
190,ex190,task133_transpose,True,False,ok,"(19, 26)","(19, 26)","(19, 26)",0,v4_plus9_compiler
190,ex190,task133_mirror_lr,True,False,ok,"(26, 19)","(26, 19)","(26, 19)",0,v4_plus9_compiler
190,ex190,task133_mirror_ud,True,False,ok,"(26, 19)","(26, 19)","(26, 19)",0,v4_plus9_compiler
190,ex190,task133_zero_pad_top_left,True,False,ok,"(27, 20)","(27, 20)","(27, 20)",0,v4_plus9_compiler
190,ex190,task133_zero_pad_bottom_right,True,False,ok,"(27, 20)","(27, 20)","(27, 20)",0,v4_plus9_compiler
191,ex191,original,True,False,ok,"(22, 26)","(22, 26)","(22, 26)",0,v4_plus9_compiler
191,ex191,task133_color_bijection,True,False,ok,"(22, 26)","(22, 26)","(22, 26)",0,v4_plus9_compiler
191,ex191,task133_transpose,True,False,ok,"(26, 22)","(26, 22)","(26, 22)",0,v4_plus9_compiler
191,ex191,task133_mirror_lr,True,False,ok,"(22, 26)","(22, 26)","(22, 26)",0,v4_plus9_compiler
191,ex191,task133_mirror_ud,True,False,ok,"(22, 26)","(22, 26)","(22, 26)",0,v4_plus9_compiler
191,ex191,task133_zero_pad_top_left,True,False,ok,"(23, 27)","(23, 27)","(23, 27)",0,v4_plus9_compiler
191,ex191,task133_zero_pad_bottom_right,True,False,ok,"(23, 27)","(23, 27)","(23, 27)",0,v4_plus9_compiler
192,ex192,original,True,False,ok,"(24, 17)","(24, 17)","(24, 17)",0,v4_plus9_compiler
192,ex192,task133_color_bijection,True,False,ok,"(24, 17)","(24, 17)","(24, 17)",0,v4_plus9_compiler
192,ex192,task133_transpose,True,False,ok,"(17, 24)","(17, 24)","(17, 24)",0,v4_plus9_compiler
192,ex192,task133_mirror_lr,True,False,ok,"(24, 17)","(24, 17)","(24, 17)",0,v4_plus9_compiler
192,ex192,task133_mirror_ud,True,False,ok,"(24, 17)","(24, 17)","(24, 17)",0,v4_plus9_compiler
192,ex192,task133_zero_pad_top_left,True,False,ok,"(25, 18)","(25, 18)","(25, 18)",0,v4_plus9_compiler
192,ex192,task133_zero_pad_bottom_right,True,False,ok,"(25, 18)","(25, 18)","(25, 18)",0,v4_plus9_compiler
193,ex193,original,True,False,ok,"(29, 23)","(29, 23)","(29, 23)",0,v4_plus9_compiler
193,ex193,task133_color_bijection,True,False,ok,"(29, 23)","(29, 23)","(29, 23)",0,v4_plus9_compiler
193,ex193,task133_transpose,True,False,ok,"(23, 29)","(23, 29)","(23, 29)",0,v4_plus9_compiler
193,ex193,task133_mirror_lr,True,False,ok,"(29, 23)","(29, 23)","(29, 23)",0,v4_plus9_compiler
193,ex193,task133_mirror_ud,True,False,ok,"(29, 23)","(29, 23)","(29, 23)",0,v4_plus9_compiler
193,ex193,task133_zero_pad_top_left,True,False,ok,"(30, 24)","(30, 24)","(30, 24)",0,v4_plus9_compiler
193,ex193,task133_zero_pad_bottom_right,True,False,ok,"(30, 24)","(30, 24)","(30, 24)",0,v4_plus9_compiler
194,ex194,original,True,False,ok,"(28, 27)","(28, 27)","(28, 27)",0,v4_plus9_compiler
194,ex194,task133_color_bijection,True,False,ok,"(28, 27)","(28, 27)","(28, 27)",0,v4_plus9_compiler
194,ex194,task133_transpose,True,False,ok,"(27, 28)","(27, 28)","(27, 28)",0,v4_plus9_compiler
194,ex194,task133_mirror_lr,True,False,ok,"(28, 27)","(28, 27)","(28, 27)",0,v4_plus9_compiler
194,ex194,task133_mirror_ud,True,False,ok,"(28, 27)","(28, 27)","(28, 27)",0,v4_plus9_compiler
194,ex194,task133_zero_pad_top_left,True,False,ok,"(29, 28)","(29, 28)","(29, 28)",0,v4_plus9_compiler
194,ex194,task133_zero_pad_bottom_right,True,False,ok,"(29, 28)","(29, 28)","(29, 28)",0,v4_plus9_compiler
195,ex195,original,True,False,ok,"(13, 29)","(13, 29)","(13, 29)",0,v4_plus9_compiler
195,ex195,task133_color_bijection,True,False,ok,"(13, 29)","(13, 29)","(13, 29)",0,v4_plus9_compiler
195,ex195,task133_transpose,True,False,ok,"(29, 13)","(29, 13)","(29, 13)",0,v4_plus9_compiler
195,ex195,task133_mirror_lr,True,False,ok,"(13, 29)","(13, 29)","(13, 29)",0,v4_plus9_compiler
195,ex195,task133_mirror_ud,True,False,ok,"(13, 29)","(13, 29)","(13, 29)",0,v4_plus9_compiler
195,ex195,task133_zero_pad_top_left,True,False,ok,"(14, 30)","(14, 30)","(14, 30)",0,v4_plus9_compiler
195,ex195,task133_zero_pad_bottom_right,True,False,ok,"(14, 30)","(14, 30)","(14, 30)",0,v4_plus9_compiler
196,ex196,original,True,False,ok,"(29, 14)","(29, 14)","(29, 14)",0,v4_plus9_compiler
196,ex196,task133_color_bijection,True,False,ok,"(29, 14)","(29, 14)","(29, 14)",0,v4_plus9_compiler
196,ex196,task133_transpose,True,False,ok,"(14, 29)","(14, 29)","(14, 29)",0,v4_plus9_compiler
196,ex196,task133_mirror_lr,True,False,ok,"(29, 14)","(29, 14)","(29, 14)",0,v4_plus9_compiler
196,ex196,task133_mirror_ud,True,False,ok,"(29, 14)","(29, 14)","(29, 14)",0,v4_plus9_compiler
196,ex196,task133_zero_pad_top_left,True,False,ok,"(30, 15)","(30, 15)","(30, 15)",0,v4_plus9_compiler
196,ex196,task133_zero_pad_bottom_right,True,False,ok,"(30, 15)","(30, 15)","(30, 15)",0,v4_plus9_compiler
197,ex197,original,True,False,ok,"(13, 26)","(13, 26)","(13, 26)",0,v4_plus9_compiler
197,ex197,task133_color_bijection,True,False,ok,"(13, 26)","(13, 26)","(13, 26)",0,v4_plus9_compiler
197,ex197,task133_transpose,True,False,ok,"(26, 13)","(26, 13)","(26, 13)",0,v4_plus9_compiler
197,ex197,task133_mirror_lr,True,False,ok,"(13, 26)","(13, 26)","(13, 26)",0,v4_plus9_compiler
197,ex197,task133_mirror_ud,True,False,ok,"(13, 26)","(13, 26)","(13, 26)",0,v4_plus9_compiler
197,ex197,task133_zero_pad_top_left,True,False,ok,"(14, 27)","(14, 27)","(14, 27)",0,v4_plus9_compiler
197,ex197,task133_zero_pad_bottom_right,True,False,ok,"(14, 27)","(14, 27)","(14, 27)",0,v4_plus9_compiler
198,ex198,original,True,False,ok,"(27, 18)","(27, 18)","(27, 18)",0,v4_plus9_compiler
198,ex198,task133_color_bijection,True,False,ok,"(27, 18)","(27, 18)","(27, 18)",0,v4_plus9_compiler
198,ex198,task133_transpose,True,False,ok,"(18, 27)","(18, 27)","(18, 27)",0,v4_plus9_compiler
198,ex198,task133_mirror_lr,True,False,ok,"(27, 18)","(27, 18)","(27, 18)",0,v4_plus9_compiler
198,ex198,task133_mirror_ud,True,False,ok,"(27, 18)","(27, 18)","(27, 18)",0,v4_plus9_compiler
198,ex198,task133_zero_pad_top_left,True,False,ok,"(28, 19)","(28, 19)","(28, 19)",0,v4_plus9_compiler
198,ex198,task133_zero_pad_bottom_right,True,False,ok,"(28, 19)","(28, 19)","(28, 19)",0,v4_plus9_compiler
199,ex199,original,True,False,ok,"(26, 19)","(26, 19)","(26, 19)",0,v4_plus9_compiler
199,ex199,task133_color_bijection,True,False,ok,"(26, 19)","(26, 19)","(26, 19)",0,v4_plus9_compiler
199,ex199,task133_transpose,True,False,ok,"(19, 26)","(19, 26)","(19, 26)",0,v4_plus9_compiler
199,ex199,task133_mirror_lr,True,False,ok,"(26, 19)","(26, 19)","(26, 19)",0,v4_plus9_compiler
199,ex199,task133_mirror_ud,True,False,ok,"(26, 19)","(26, 19)","(26, 19)",0,v4_plus9_compiler
199,ex199,task133_zero_pad_top_left,True,False,ok,"(27, 20)","(27, 20)","(27, 20)",0,v4_plus9_compiler
199,ex199,task133_zero_pad_bottom_right,True,False,ok,"(27, 20)","(27, 20)","(27, 20)",0,v4_plus9_compiler
200,ex200,original,True,False,ok,"(23, 27)","(23, 27)","(23, 27)",0,v4_plus9_compiler
200,ex200,task133_color_bijection,True,False,ok,"(23, 27)","(23, 27)","(23, 27)",0,v4_plus9_compiler
200,ex200,task133_transpose,True,False,ok,"(27, 23)","(27, 23)","(27, 23)",0,v4_plus9_compiler
200,ex200,task133_mirror_lr,True,False,ok,"(23, 27)","(23, 27)","(23, 27)",0,v4_plus9_compiler
200,ex200,task133_mirror_ud,True,False,ok,"(23, 27)","(23, 27)","(23, 27)",0,v4_plus9_compiler
200,ex200,task133_zero_pad_top_left,True,False,ok,"(24, 28)","(24, 28)","(24, 28)",0,v4_plus9_compiler
200,ex200,task133_zero_pad_bottom_right,True,False,ok,"(24, 28)","(24, 28)","(24, 28)",0,v4_plus9_compiler
201,ex201,original,True,False,ok,"(18, 30)","(18, 30)","(18, 30)",0,v4_plus9_compiler
201,ex201,task133_color_bijection,True,False,ok,"(18, 30)","(18, 30)","(18, 30)",0,v4_plus9_compiler
201,ex201,task133_transpose,True,False,ok,"(30, 18)","(30, 18)","(30, 18)",0,v4_plus9_compiler
201,ex201,task133_mirror_lr,True,False,ok,"(18, 30)","(18, 30)","(18, 30)",0,v4_plus9_compiler
201,ex201,task133_mirror_ud,True,False,ok,"(18, 30)","(18, 30)","(18, 30)",0,v4_plus9_compiler
201,ex201,task133_zero_pad_top_left,False,True,"input_shape_exceeds_limit:(19, 31)>(30, 30)","(19, 31)","(19, 31)",,,
201,ex201,task133_zero_pad_bottom_right,False,True,"input_shape_exceeds_limit:(19, 31)>(30, 30)","(19, 31)","(19, 31)",,,
202,ex202,original,True,False,ok,"(23, 20)","(23, 20)","(23, 20)",0,v4_plus9_compiler
202,ex202,task133_color_bijection,True,False,ok,"(23, 20)","(23, 20)","(23, 20)",0,v4_plus9_compiler
202,ex202,task133_transpose,True,False,ok,"(20, 23)","(20, 23)","(20, 23)",0,v4_plus9_compiler
202,ex202,task133_mirror_lr,True,False,ok,"(23, 20)","(23, 20)","(23, 20)",0,v4_plus9_compiler
202,ex202,task133_mirror_ud,True,False,ok,"(23, 20)","(23, 20)","(23, 20)",0,v4_plus9_compiler
202,ex202,task133_zero_pad_top_left,True,False,ok,"(24, 21)","(24, 21)","(24, 21)",0,v4_plus9_compiler
202,ex202,task133_zero_pad_bottom_right,True,False,ok,"(24, 21)","(24, 21)","(24, 21)",0,v4_plus9_compiler
203,ex203,original,True,False,ok,"(26, 30)","(26, 30)","(26, 30)",0,v4_plus9_compiler
203,ex203,task133_color_bijection,True,False,ok,"(26, 30)","(26, 30)","(26, 30)",0,v4_plus9_compiler
203,ex203,task133_transpose,True,False,ok,"(30, 26)","(30, 26)","(30, 26)",0,v4_plus9_compiler
203,ex203,task133_mirror_lr,True,False,ok,"(26, 30)","(26, 30)","(26, 30)",0,v4_plus9_compiler
203,ex203,task133_mirror_ud,True,False,ok,"(26, 30)","(26, 30)","(26, 30)",0,v4_plus9_compiler
203,ex203,task133_zero_pad_top_left,False,True,"input_shape_exceeds_limit:(27, 31)>(30, 30)","(27, 31)","(27, 31)",,,
203,ex203,task133_zero_pad_bottom_right,False,True,"input_shape_exceeds_limit:(27, 31)>(30, 30)","(27, 31)","(27, 31)",,,
204,ex204,original,True,False,ok,"(29, 17)","(29, 17)","(29, 17)",0,v4_plus9_compiler
204,ex204,task133_color_bijection,True,False,ok,"(29, 17)","(29, 17)","(29, 17)",0,v4_plus9_compiler
204,ex204,task133_transpose,True,False,ok,"(17, 29)","(17, 29)","(17, 29)",0,v4_plus9_compiler
204,ex204,task133_mirror_lr,True,False,ok,"(29, 17)","(29, 17)","(29, 17)",0,v4_plus9_compiler
204,ex204,task133_mirror_ud,True,False,ok,"(29, 17)","(29, 17)","(29, 17)",0,v4_plus9_compiler
204,ex204,task133_zero_pad_top_left,True,False,ok,"(30, 18)","(30, 18)","(30, 18)",0,v4_plus9_compiler
204,ex204,task133_zero_pad_bottom_right,True,False,ok,"(30, 18)","(30, 18)","(30, 18)",0,v4_plus9_compiler
205,ex205,original,True,False,ok,"(11, 14)","(11, 14)","(11, 14)",0,v4_plus9_compiler
205,ex205,task133_color_bijection,True,False,ok,"(11, 14)","(11, 14)","(11, 14)",0,v4_plus9_compiler
205,ex205,task133_transpose,True,False,ok,"(14, 11)","(14, 11)","(14, 11)",0,v4_plus9_compiler
205,ex205,task133_mirror_lr,True,False,ok,"(11, 14)","(11, 14)","(11, 14)",0,v4_plus9_compiler
205,ex205,task133_mirror_ud,True,False,ok,"(11, 14)","(11, 14)","(11, 14)",0,v4_plus9_compiler
205,ex205,task133_zero_pad_top_left,True,False,ok,"(12, 15)","(12, 15)","(12, 15)",0,v4_plus9_compiler
205,ex205,task133_zero_pad_bottom_right,True,False,ok,"(12, 15)","(12, 15)","(12, 15)",0,v4_plus9_compiler
206,ex206,original,True,False,ok,"(28, 19)","(28, 19)","(28, 19)",0,v4_plus9_compiler
206,ex206,task133_color_bijection,True,False,ok,"(28, 19)","(28, 19)","(28, 19)",0,v4_plus9_compiler
206,ex206,task133_transpose,True,False,ok,"(19, 28)","(19, 28)","(19, 28)",0,v4_plus9_compiler
206,ex206,task133_mirror_lr,True,False,ok,"(28, 19)","(28, 19)","(28, 19)",0,v4_plus9_compiler
206,ex206,task133_mirror_ud,True,False,ok,"(28, 19)","(28, 19)","(28, 19)",0,v4_plus9_compiler
206,ex206,task133_zero_pad_top_left,True,False,ok,"(29, 20)","(29, 20)","(29, 20)",0,v4_plus9_compiler
206,ex206,task133_zero_pad_bottom_right,True,False,ok,"(29, 20)","(29, 20)","(29, 20)",0,v4_plus9_compiler
207,ex207,original,True,False,ok,"(29, 26)","(29, 26)","(29, 26)",0,v4_plus9_compiler
207,ex207,task133_color_bijection,True,False,ok,"(29, 26)","(29, 26)","(29, 26)",0,v4_plus9_compiler
207,ex207,task133_transpose,True,False,ok,"(26, 29)","(26, 29)","(26, 29)",0,v4_plus9_compiler
207,ex207,task133_mirror_lr,True,False,ok,"(29, 26)","(29, 26)","(29, 26)",0,v4_plus9_compiler
207,ex207,task133_mirror_ud,True,False,ok,"(29, 26)","(29, 26)","(29, 26)",0,v4_plus9_compiler
207,ex207,task133_zero_pad_top_left,True,False,ok,"(30, 27)","(30, 27)","(30, 27)",0,v4_plus9_compiler
207,ex207,task133_zero_pad_bottom_right,True,False,ok,"(30, 27)","(30, 27)","(30, 27)",0,v4_plus9_compiler
208,ex208,original,True,False,ok,"(28, 30)","(28, 30)","(28, 30)",0,v4_plus9_compiler
208,ex208,task133_color_bijection,True,False,ok,"(28, 30)","(28, 30)","(28, 30)",0,v4_plus9_compiler
208,ex208,task133_transpose,True,False,ok,"(30, 28)","(30, 28)","(30, 28)",0,v4_plus9_compiler
208,ex208,task133_mirror_lr,True,False,ok,"(28, 30)","(28, 30)","(28, 30)",0,v4_plus9_compiler
208,ex208,task133_mirror_ud,True,False,ok,"(28, 30)","(28, 30)","(28, 30)",0,v4_plus9_compiler
208,ex208,task133_zero_pad_top_left,False,True,"input_shape_exceeds_limit:(29, 31)>(30, 30)","(29, 31)","(29, 31)",,,
208,ex208,task133_zero_pad_bottom_right,False,True,"input_shape_exceeds_limit:(29, 31)>(30, 30)","(29, 31)","(29, 31)",,,
209,ex209,original,True,False,ok,"(22, 26)","(22, 26)","(22, 26)",0,v4_plus9_compiler
209,ex209,task133_color_bijection,True,False,ok,"(22, 26)","(22, 26)","(22, 26)",0,v4_plus9_compiler
209,ex209,task133_transpose,True,False,ok,"(26, 22)","(26, 22)","(26, 22)",0,v4_plus9_compiler
209,ex209,task133_mirror_lr,True,False,ok,"(22, 26)","(22, 26)","(22, 26)",0,v4_plus9_compiler
209,ex209,task133_mirror_ud,True,False,ok,"(22, 26)","(22, 26)","(22, 26)",0,v4_plus9_compiler
209,ex209,task133_zero_pad_top_left,True,False,ok,"(23, 27)","(23, 27)","(23, 27)",0,v4_plus9_compiler
209,ex209,task133_zero_pad_bottom_right,True,False,ok,"(23, 27)","(23, 27)","(23, 27)",0,v4_plus9_compiler
210,ex210,original,True,False,ok,"(15, 21)","(15, 21)","(15, 21)",0,v4_plus9_compiler
210,ex210,task133_color_bijection,True,False,ok,"(15, 21)","(15, 21)","(15, 21)",0,v4_plus9_compiler
210,ex210,task133_transpose,True,False,ok,"(21, 15)","(21, 15)","(21, 15)",0,v4_plus9_compiler
210,ex210,task133_mirror_lr,True,False,ok,"(15, 21)","(15, 21)","(15, 21)",0,v4_plus9_compiler
210,ex210,task133_mirror_ud,True,False,ok,"(15, 21)","(15, 21)","(15, 21)",0,v4_plus9_compiler
210,ex210,task133_zero_pad_top_left,True,False,ok,"(16, 22)","(16, 22)","(16, 22)",0,v4_plus9_compiler
210,ex210,task133_zero_pad_bottom_right,True,False,ok,"(16, 22)","(16, 22)","(16, 22)",0,v4_plus9_compiler
211,ex211,original,True,False,ok,"(27, 16)","(27, 16)","(27, 16)",0,v4_plus9_compiler
211,ex211,task133_color_bijection,True,False,ok,"(27, 16)","(27, 16)","(27, 16)",0,v4_plus9_compiler
211,ex211,task133_transpose,True,False,ok,"(16, 27)","(16, 27)","(16, 27)",0,v4_plus9_compiler
211,ex211,task133_mirror_lr,True,False,ok,"(27, 16)","(27, 16)","(27, 16)",0,v4_plus9_compiler
211,ex211,task133_mirror_ud,True,False,ok,"(27, 16)","(27, 16)","(27, 16)",0,v4_plus9_compiler
211,ex211,task133_zero_pad_top_left,True,False,ok,"(28, 17)","(28, 17)","(28, 17)",0,v4_plus9_compiler
211,ex211,task133_zero_pad_bottom_right,True,False,ok,"(28, 17)","(28, 17)","(28, 17)",0,v4_plus9_compiler
212,ex212,original,True,False,ok,"(30, 24)","(30, 24)","(30, 24)",0,v4_plus9_compiler
212,ex212,task133_color_bijection,True,False,ok,"(30, 24)","(30, 24)","(30, 24)",0,v4_plus9_compiler
212,ex212,task133_transpose,True,False,ok,"(24, 30)","(24, 30)","(24, 30)",0,v4_plus9_compiler
212,ex212,task133_mirror_lr,True,False,ok,"(30, 24)","(30, 24)","(30, 24)",0,v4_plus9_compiler
212,ex212,task133_mirror_ud,True,False,ok,"(30, 24)","(30, 24)","(30, 24)",0,v4_plus9_compiler
212,ex212,task133_zero_pad_top_left,False,True,"input_shape_exceeds_limit:(31, 25)>(30, 30)","(31, 25)","(31, 25)",,,
212,ex212,task133_zero_pad_bottom_right,False,True,"input_shape_exceeds_limit:(31, 25)>(30, 30)","(31, 25)","(31, 25)",,,
213,ex213,original,True,False,ok,"(22, 25)","(22, 25)","(22, 25)",0,v4_plus9_compiler
213,ex213,task133_color_bijection,True,False,ok,"(22, 25)","(22, 25)","(22, 25)",0,v4_plus9_compiler
213,ex213,task133_transpose,True,False,ok,"(25, 22)","(25, 22)","(25, 22)",0,v4_plus9_compiler
213,ex213,task133_mirror_lr,True,False,ok,"(22, 25)","(22, 25)","(22, 25)",0,v4_plus9_compiler
213,ex213,task133_mirror_ud,True,False,ok,"(22, 25)","(22, 25)","(22, 25)",0,v4_plus9_compiler
213,ex213,task133_zero_pad_top_left,True,False,ok,"(23, 26)","(23, 26)","(23, 26)",0,v4_plus9_compiler
213,ex213,task133_zero_pad_bottom_right,True,False,ok,"(23, 26)","(23, 26)","(23, 26)",0,v4_plus9_compiler
214,ex214,original,True,False,ok,"(30, 26)","(30, 26)","(30, 26)",0,v4_plus9_compiler
214,ex214,task133_color_bijection,True,False,ok,"(30, 26)","(30, 26)","(30, 26)",0,v4_plus9_compiler
214,ex214,task133_transpose,True,False,ok,"(26, 30)","(26, 30)","(26, 30)",0,v4_plus9_compiler
214,ex214,task133_mirror_lr,True,False,ok,"(30, 26)","(30, 26)","(30, 26)",0,v4_plus9_compiler
214,ex214,task133_mirror_ud,True,False,ok,"(30, 26)","(30, 26)","(30, 26)",0,v4_plus9_compiler
214,ex214,task133_zero_pad_top_left,False,True,"input_shape_exceeds_limit:(31, 27)>(30, 30)","(31, 27)","(31, 27)",,,
214,ex214,task133_zero_pad_bottom_right,False,True,"input_shape_exceeds_limit:(31, 27)>(30, 30)","(31, 27)","(31, 27)",,,
215,ex215,original,True,False,ok,"(16, 25)","(16, 25)","(16, 25)",0,v4_plus9_compiler
215,ex215,task133_color_bijection,True,False,ok,"(16, 25)","(16, 25)","(16, 25)",0,v4_plus9_compiler
215,ex215,task133_transpose,True,False,ok,"(25, 16)","(25, 16)","(25, 16)",0,v4_plus9_compiler
215,ex215,task133_mirror_lr,True,False,ok,"(16, 25)","(16, 25)","(16, 25)",0,v4_plus9_compiler
215,ex215,task133_mirror_ud,True,False,ok,"(16, 25)","(16, 25)","(16, 25)",0,v4_plus9_compiler
215,ex215,task133_zero_pad_top_left,True,False,ok,"(17, 26)","(17, 26)","(17, 26)",0,v4_plus9_compiler
215,ex215,task133_zero_pad_bottom_right,True,False,ok,"(17, 26)","(17, 26)","(17, 26)",0,v4_plus9_compiler
216,ex216,original,True,False,ok,"(27, 26)","(27, 26)","(27, 26)",0,v4_plus9_compiler
216,ex216,task133_color_bijection,True,False,ok,"(27, 26)","(27, 26)","(27, 26)",0,v4_plus9_compiler
216,ex216,task133_transpose,True,False,ok,"(26, 27)","(26, 27)","(26, 27)",0,v4_plus9_compiler
216,ex216,task133_mirror_lr,True,False,ok,"(27, 26)","(27, 26)","(27, 26)",0,v4_plus9_compiler
216,ex216,task133_mirror_ud,True,False,ok,"(27, 26)","(27, 26)","(27, 26)",0,v4_plus9_compiler
216,ex216,task133_zero_pad_top_left,True,False,ok,"(28, 27)","(28, 27)","(28, 27)",0,v4_plus9_compiler
216,ex216,task133_zero_pad_bottom_right,True,False,ok,"(28, 27)","(28, 27)","(28, 27)",0,v4_plus9_compiler
217,ex217,original,True,False,ok,"(20, 12)","(20, 12)","(20, 12)",0,v4_plus9_compiler
217,ex217,task133_color_bijection,True,False,ok,"(20, 12)","(20, 12)","(20, 12)",0,v4_plus9_compiler
217,ex217,task133_transpose,True,False,ok,"(12, 20)","(12, 20)","(12, 20)",0,v4_plus9_compiler
217,ex217,task133_mirror_lr,True,False,ok,"(20, 12)","(20, 12)","(20, 12)",0,v4_plus9_compiler
217,ex217,task133_mirror_ud,True,False,ok,"(20, 12)","(20, 12)","(20, 12)",0,v4_plus9_compiler
217,ex217,task133_zero_pad_top_left,True,False,ok,"(21, 13)","(21, 13)","(21, 13)",0,v4_plus9_compiler
217,ex217,task133_zero_pad_bottom_right,True,False,ok,"(21, 13)","(21, 13)","(21, 13)",0,v4_plus9_compiler
218,ex218,original,True,False,ok,"(27, 29)","(27, 29)","(27, 29)",0,v4_plus9_compiler
218,ex218,task133_color_bijection,True,False,ok,"(27, 29)","(27, 29)","(27, 29)",0,v4_plus9_compiler
218,ex218,task133_transpose,True,False,ok,"(29, 27)","(29, 27)","(29, 27)",0,v4_plus9_compiler
218,ex218,task133_mirror_lr,True,False,ok,"(27, 29)","(27, 29)","(27, 29)",0,v4_plus9_compiler
218,ex218,task133_mirror_ud,True,False,ok,"(27, 29)","(27, 29)","(27, 29)",0,v4_plus9_compiler
218,ex218,task133_zero_pad_top_left,True,False,ok,"(28, 30)","(28, 30)","(28, 30)",0,v4_plus9_compiler
218,ex218,task133_zero_pad_bottom_right,True,False,ok,"(28, 30)","(28, 30)","(28, 30)",0,v4_plus9_compiler
219,ex219,original,True,False,ok,"(30, 27)","(30, 27)","(30, 27)",0,v4_plus9_compiler
219,ex219,task133_color_bijection,True,False,ok,"(30, 27)","(30, 27)","(30, 27)",0,v4_plus9_compiler
219,ex219,task133_transpose,True,False,ok,"(27, 30)","(27, 30)","(27, 30)",0,v4_plus9_compiler
219,ex219,task133_mirror_lr,True,False,ok,"(30, 27)","(30, 27)","(30, 27)",0,v4_plus9_compiler
219,ex219,task133_mirror_ud,True,False,ok,"(30, 27)","(30, 27)","(30, 27)",0,v4_plus9_compiler
219,ex219,task133_zero_pad_top_left,False,True,"input_shape_exceeds_limit:(31, 28)>(30, 30)","(31, 28)","(31, 28)",,,
219,ex219,task133_zero_pad_bottom_right,False,True,"input_shape_exceeds_limit:(31, 28)>(30, 30)","(31, 28)","(31, 28)",,,
220,ex220,original,True,False,ok,"(29, 27)","(29, 27)","(29, 27)",0,v4_plus9_compiler
220,ex220,task133_color_bijection,True,False,ok,"(29, 27)","(29, 27)","(29, 27)",0,v4_plus9_compiler
220,ex220,task133_transpose,True,False,ok,"(27, 29)","(27, 29)","(27, 29)",0,v4_plus9_compiler
220,ex220,task133_mirror_lr,True,False,ok,"(29, 27)","(29, 27)","(29, 27)",0,v4_plus9_compiler
220,ex220,task133_mirror_ud,True,False,ok,"(29, 27)","(29, 27)","(29, 27)",0,v4_plus9_compiler
220,ex220,task133_zero_pad_top_left,True,False,ok,"(30, 28)","(30, 28)","(30, 28)",0,v4_plus9_compiler
220,ex220,task133_zero_pad_bottom_right,True,False,ok,"(30, 28)","(30, 28)","(30, 28)",0,v4_plus9_compiler
221,ex221,original,True,False,ok,"(22, 21)","(22, 21)","(22, 21)",0,v4_plus9_compiler
221,ex221,task133_color_bijection,True,False,ok,"(22, 21)","(22, 21)","(22, 21)",0,v4_plus9_compiler
221,ex221,task133_transpose,True,False,ok,"(21, 22)","(21, 22)","(21, 22)",0,v4_plus9_compiler
221,ex221,task133_mirror_lr,True,False,ok,"(22, 21)","(22, 21)","(22, 21)",0,v4_plus9_compiler
221,ex221,task133_mirror_ud,True,False,ok,"(22, 21)","(22, 21)","(22, 21)",0,v4_plus9_compiler
221,ex221,task133_zero_pad_top_left,True,False,ok,"(23, 22)","(23, 22)","(23, 22)",0,v4_plus9_compiler
221,ex221,task133_zero_pad_bottom_right,True,False,ok,"(23, 22)","(23, 22)","(23, 22)",0,v4_plus9_compiler
222,ex222,original,True,False,ok,"(27, 23)","(27, 23)","(27, 23)",0,v4_plus9_compiler
222,ex222,task133_color_bijection,True,False,ok,"(27, 23)","(27, 23)","(27, 23)",0,v4_plus9_compiler
222,ex222,task133_transpose,True,False,ok,"(23, 27)","(23, 27)","(23, 27)",0,v4_plus9_compiler
222,ex222,task133_mirror_lr,True,False,ok,"(27, 23)","(27, 23)","(27, 23)",0,v4_plus9_compiler
222,ex222,task133_mirror_ud,True,False,ok,"(27, 23)","(27, 23)","(27, 23)",0,v4_plus9_compiler
222,ex222,task133_zero_pad_top_left,True,False,ok,"(28, 24)","(28, 24)","(28, 24)",0,v4_plus9_compiler
222,ex222,task133_zero_pad_bottom_right,True,False,ok,"(28, 24)","(28, 24)","(28, 24)",0,v4_plus9_compiler
223,ex223,original,True,False,ok,"(26, 27)","(26, 27)","(26, 27)",0,v4_plus9_compiler
223,ex223,task133_color_bijection,True,False,ok,"(26, 27)","(26, 27)","(26, 27)",0,v4_plus9_compiler
223,ex223,task133_transpose,True,False,ok,"(27, 26)","(27, 26)","(27, 26)",0,v4_plus9_compiler
223,ex223,task133_mirror_lr,True,False,ok,"(26, 27)","(26, 27)","(26, 27)",0,v4_plus9_compiler
223,ex223,task133_mirror_ud,True,False,ok,"(26, 27)","(26, 27)","(26, 27)",0,v4_plus9_compiler
223,ex223,task133_zero_pad_top_left,True,False,ok,"(27, 28)","(27, 28)","(27, 28)",0,v4_plus9_compiler
223,ex223,task133_zero_pad_bottom_right,True,False,ok,"(27, 28)","(27, 28)","(27, 28)",0,v4_plus9_compiler
224,ex224,original,True,False,ok,"(29, 23)","(29, 23)","(29, 23)",0,v4_plus9_compiler
224,ex224,task133_color_bijection,True,False,ok,"(29, 23)","(29, 23)","(29, 23)",0,v4_plus9_compiler
224,ex224,task133_transpose,True,False,ok,"(23, 29)","(23, 29)","(23, 29)",0,v4_plus9_compiler
224,ex224,task133_mirror_lr,True,False,ok,"(29, 23)","(29, 23)","(29, 23)",0,v4_plus9_compiler
224,ex224,task133_mirror_ud,True,False,ok,"(29, 23)","(29, 23)","(29, 23)",0,v4_plus9_compiler
224,ex224,task133_zero_pad_top_left,True,False,ok,"(30, 24)","(30, 24)","(30, 24)",0,v4_plus9_compiler
224,ex224,task133_zero_pad_bottom_right,True,False,ok,"(30, 24)","(30, 24)","(30, 24)",0,v4_plus9_compiler
225,ex225,original,True,False,ok,"(14, 23)","(14, 23)","(14, 23)",0,v4_plus9_compiler
225,ex225,task133_color_bijection,True,False,ok,"(14, 23)","(14, 23)","(14, 23)",0,v4_plus9_compiler
225,ex225,task133_transpose,True,False,ok,"(23, 14)","(23, 14)","(23, 14)",0,v4_plus9_compiler
225,ex225,task133_mirror_lr,True,False,ok,"(14, 23)","(14, 23)","(14, 23)",0,v4_plus9_compiler
225,ex225,task133_mirror_ud,True,False,ok,"(14, 23)","(14, 23)","(14, 23)",0,v4_plus9_compiler
225,ex225,task133_zero_pad_top_left,True,False,ok,"(15, 24)","(15, 24)","(15, 24)",0,v4_plus9_compiler
225,ex225,task133_zero_pad_bottom_right,True,False,ok,"(15, 24)","(15, 24)","(15, 24)",0,v4_plus9_compiler
226,ex226,original,True,False,ok,"(26, 26)","(26, 26)","(26, 26)",0,v4_plus9_compiler
226,ex226,task133_color_bijection,True,False,ok,"(26, 26)","(26, 26)","(26, 26)",0,v4_plus9_compiler
226,ex226,task133_transpose,True,False,ok,"(26, 26)","(26, 26)","(26, 26)",0,v4_plus9_compiler
226,ex226,task133_mirror_lr,True,False,ok,"(26, 26)","(26, 26)","(26, 26)",0,v4_plus9_compiler
226,ex226,task133_mirror_ud,True,False,ok,"(26, 26)","(26, 26)","(26, 26)",0,v4_plus9_compiler
226,ex226,task133_zero_pad_top_left,True,False,ok,"(27, 27)","(27, 27)","(27, 27)",0,v4_plus9_compiler
226,ex226,task133_zero_pad_bottom_right,True,False,ok,"(27, 27)","(27, 27)","(27, 27)",0,v4_plus9_compiler
227,ex227,original,True,False,ok,"(24, 17)","(24, 17)","(24, 17)",0,v4_plus9_compiler
227,ex227,task133_color_bijection,True,False,ok,"(24, 17)","(24, 17)","(24, 17)",0,v4_plus9_compiler
227,ex227,task133_transpose,True,False,ok,"(17, 24)","(17, 24)","(17, 24)",0,v4_plus9_compiler
227,ex227,task133_mirror_lr,True,False,ok,"(24, 17)","(24, 17)","(24, 17)",0,v4_plus9_compiler
227,ex227,task133_mirror_ud,True,False,ok,"(24, 17)","(24, 17)","(24, 17)",0,v4_plus9_compiler
227,ex227,task133_zero_pad_top_left,True,False,ok,"(25, 18)","(25, 18)","(25, 18)",0,v4_plus9_compiler
227,ex227,task133_zero_pad_bottom_right,True,False,ok,"(25, 18)","(25, 18)","(25, 18)",0,v4_plus9_compiler
228,ex228,original,True,False,ok,"(27, 30)","(27, 30)","(27, 30)",0,v4_plus9_compiler
228,ex228,task133_color_bijection,True,False,ok,"(27, 30)","(27, 30)","(27, 30)",0,v4_plus9_compiler
228,ex228,task133_transpose,True,False,ok,"(30, 27)","(30, 27)","(30, 27)",0,v4_plus9_compiler
228,ex228,task133_mirror_lr,True,False,ok,"(27, 30)","(27, 30)","(27, 30)",0,v4_plus9_compiler
228,ex228,task133_mirror_ud,True,False,ok,"(27, 30)","(27, 30)","(27, 30)",0,v4_plus9_compiler
228,ex228,task133_zero_pad_top_left,False,True,"input_shape_exceeds_limit:(28, 31)>(30, 30)","(28, 31)","(28, 31)",,,
228,ex228,task133_zero_pad_bottom_right,False,True,"input_shape_exceeds_limit:(28, 31)>(30, 30)","(28, 31)","(28, 31)",,,
229,ex229,original,True,False,ok,"(20, 28)","(20, 28)","(20, 28)",0,v4_plus9_compiler
229,ex229,task133_color_bijection,True,False,ok,"(20, 28)","(20, 28)","(20, 28)",0,v4_plus9_compiler
229,ex229,task133_transpose,True,False,ok,"(28, 20)","(28, 20)","(28, 20)",0,v4_plus9_compiler
229,ex229,task133_mirror_lr,True,False,ok,"(20, 28)","(20, 28)","(20, 28)",0,v4_plus9_compiler
229,ex229,task133_mirror_ud,True,False,ok,"(20, 28)","(20, 28)","(20, 28)",0,v4_plus9_compiler
229,ex229,task133_zero_pad_top_left,True,False,ok,"(21, 29)","(21, 29)","(21, 29)",0,v4_plus9_compiler
229,ex229,task133_zero_pad_bottom_right,True,False,ok,"(21, 29)","(21, 29)","(21, 29)",0,v4_plus9_compiler
230,ex230,original,True,False,ok,"(12, 29)","(12, 29)","(12, 29)",0,v4_plus9_compiler
230,ex230,task133_color_bijection,True,False,ok,"(12, 29)","(12, 29)","(12, 29)",0,v4_plus9_compiler
230,ex230,task133_transpose,True,False,ok,"(29, 12)","(29, 12)","(29, 12)",0,v4_plus9_compiler
230,ex230,task133_mirror_lr,True,False,ok,"(12, 29)","(12, 29)","(12, 29)",0,v4_plus9_compiler
230,ex230,task133_mirror_ud,True,False,ok,"(12, 29)","(12, 29)","(12, 29)",0,v4_plus9_compiler
230,ex230,task133_zero_pad_top_left,True,False,ok,"(13, 30)","(13, 30)","(13, 30)",0,v4_plus9_compiler
230,ex230,task133_zero_pad_bottom_right,True,False,ok,"(13, 30)","(13, 30)","(13, 30)",0,v4_plus9_compiler
231,ex231,original,True,False,ok,"(17, 12)","(17, 12)","(17, 12)",0,v4_plus9_compiler
231,ex231,task133_color_bijection,True,False,ok,"(17, 12)","(17, 12)","(17, 12)",0,v4_plus9_compiler
231,ex231,task133_transpose,True,False,ok,"(12, 17)","(12, 17)","(12, 17)",0,v4_plus9_compiler
231,ex231,task133_mirror_lr,True,False,ok,"(17, 12)","(17, 12)","(17, 12)",0,v4_plus9_compiler
231,ex231,task133_mirror_ud,True,False,ok,"(17, 12)","(17, 12)","(17, 12)",0,v4_plus9_compiler
231,ex231,task133_zero_pad_top_left,True,False,ok,"(18, 13)","(18, 13)","(18, 13)",0,v4_plus9_compiler
231,ex231,task133_zero_pad_bottom_right,True,False,ok,"(18, 13)","(18, 13)","(18, 13)",0,v4_plus9_compiler
232,ex232,original,True,False,ok,"(19, 23)","(19, 23)","(19, 23)",0,v4_plus9_compiler
232,ex232,task133_color_bijection,True,False,ok,"(19, 23)","(19, 23)","(19, 23)",0,v4_plus9_compiler
232,ex232,task133_transpose,True,False,ok,"(23, 19)","(23, 19)","(23, 19)",0,v4_plus9_compiler
232,ex232,task133_mirror_lr,True,False,ok,"(19, 23)","(19, 23)","(19, 23)",0,v4_plus9_compiler
232,ex232,task133_mirror_ud,True,False,ok,"(19, 23)","(19, 23)","(19, 23)",0,v4_plus9_compiler
232,ex232,task133_zero_pad_top_left,True,False,ok,"(20, 24)","(20, 24)","(20, 24)",0,v4_plus9_compiler
232,ex232,task133_zero_pad_bottom_right,True,False,ok,"(20, 24)","(20, 24)","(20, 24)",0,v4_plus9_compiler
233,ex233,original,True,False,ok,"(30, 25)","(30, 25)","(30, 25)",0,v4_plus9_compiler
233,ex233,task133_color_bijection,True,False,ok,"(30, 25)","(30, 25)","(30, 25)",0,v4_plus9_compiler
233,ex233,task133_transpose,True,False,ok,"(25, 30)","(25, 30)","(25, 30)",0,v4_plus9_compiler
233,ex233,task133_mirror_lr,True,False,ok,"(30, 25)","(30, 25)","(30, 25)",0,v4_plus9_compiler
233,ex233,task133_mirror_ud,True,False,ok,"(30, 25)","(30, 25)","(30, 25)",0,v4_plus9_compiler
233,ex233,task133_zero_pad_top_left,False,True,"input_shape_exceeds_limit:(31, 26)>(30, 30)","(31, 26)","(31, 26)",,,
233,ex233,task133_zero_pad_bottom_right,False,True,"input_shape_exceeds_limit:(31, 26)>(30, 30)","(31, 26)","(31, 26)",,,
234,ex234,original,True,False,ok,"(10, 26)","(10, 26)","(10, 26)",0,v4_plus9_compiler
234,ex234,task133_color_bijection,True,False,ok,"(10, 26)","(10, 26)","(10, 26)",0,v4_plus9_compiler
234,ex234,task133_transpose,True,False,ok,"(26, 10)","(26, 10)","(26, 10)",0,v4_plus9_compiler
234,ex234,task133_mirror_lr,True,False,ok,"(10, 26)","(10, 26)","(10, 26)",0,v4_plus9_compiler
234,ex234,task133_mirror_ud,True,False,ok,"(10, 26)","(10, 26)","(10, 26)",0,v4_plus9_compiler
234,ex234,task133_zero_pad_top_left,True,False,ok,"(11, 27)","(11, 27)","(11, 27)",0,v4_plus9_compiler
234,ex234,task133_zero_pad_bottom_right,True,False,ok,"(11, 27)","(11, 27)","(11, 27)",0,v4_plus9_compiler
235,ex235,original,True,False,ok,"(28, 26)","(28, 26)","(28, 26)",0,v4_plus9_compiler
235,ex235,task133_color_bijection,True,False,ok,"(28, 26)","(28, 26)","(28, 26)",0,v4_plus9_compiler
235,ex235,task133_transpose,True,False,ok,"(26, 28)","(26, 28)","(26, 28)",0,v4_plus9_compiler
235,ex235,task133_mirror_lr,True,False,ok,"(28, 26)","(28, 26)","(28, 26)",0,v4_plus9_compiler
235,ex235,task133_mirror_ud,True,False,ok,"(28, 26)","(28, 26)","(28, 26)",0,v4_plus9_compiler
235,ex235,task133_zero_pad_top_left,True,False,ok,"(29, 27)","(29, 27)","(29, 27)",0,v4_plus9_compiler
235,ex235,task133_zero_pad_bottom_right,True,False,ok,"(29, 27)","(29, 27)","(29, 27)",0,v4_plus9_compiler
236,ex236,original,True,False,ok,"(28, 29)","(28, 29)","(28, 29)",0,v4_plus9_compiler
236,ex236,task133_color_bijection,True,False,ok,"(28, 29)","(28, 29)","(28, 29)",0,v4_plus9_compiler
236,ex236,task133_transpose,True,False,ok,"(29, 28)","(29, 28)","(29, 28)",0,v4_plus9_compiler
236,ex236,task133_mirror_lr,True,False,ok,"(28, 29)","(28, 29)","(28, 29)",0,v4_plus9_compiler
236,ex236,task133_mirror_ud,True,False,ok,"(28, 29)","(28, 29)","(28, 29)",0,v4_plus9_compiler
236,ex236,task133_zero_pad_top_left,True,False,ok,"(29, 30)","(29, 30)","(29, 30)",0,v4_plus9_compiler
236,ex236,task133_zero_pad_bottom_right,True,False,ok,"(29, 30)","(29, 30)","(29, 30)",0,v4_plus9_compiler
237,ex237,original,True,False,ok,"(27, 13)","(27, 13)","(27, 13)",0,v4_plus9_compiler
237,ex237,task133_color_bijection,True,False,ok,"(27, 13)","(27, 13)","(27, 13)",0,v4_plus9_compiler
237,ex237,task133_transpose,True,False,ok,"(13, 27)","(13, 27)","(13, 27)",0,v4_plus9_compiler
237,ex237,task133_mirror_lr,True,False,ok,"(27, 13)","(27, 13)","(27, 13)",0,v4_plus9_compiler
237,ex237,task133_mirror_ud,True,False,ok,"(27, 13)","(27, 13)","(27, 13)",0,v4_plus9_compiler
237,ex237,task133_zero_pad_top_left,True,False,ok,"(28, 14)","(28, 14)","(28, 14)",0,v4_plus9_compiler
237,ex237,task133_zero_pad_bottom_right,True,False,ok,"(28, 14)","(28, 14)","(28, 14)",0,v4_plus9_compiler
238,ex238,original,True,False,ok,"(20, 23)","(20, 23)","(20, 23)",0,v4_plus9_compiler
238,ex238,task133_color_bijection,True,False,ok,"(20, 23)","(20, 23)","(20, 23)",0,v4_plus9_compiler
238,ex238,task133_transpose,True,False,ok,"(23, 20)","(23, 20)","(23, 20)",0,v4_plus9_compiler
238,ex238,task133_mirror_lr,True,False,ok,"(20, 23)","(20, 23)","(20, 23)",0,v4_plus9_compiler
238,ex238,task133_mirror_ud,True,False,ok,"(20, 23)","(20, 23)","(20, 23)",0,v4_plus9_compiler
238,ex238,task133_zero_pad_top_left,True,False,ok,"(21, 24)","(21, 24)","(21, 24)",0,v4_plus9_compiler
238,ex238,task133_zero_pad_bottom_right,True,False,ok,"(21, 24)","(21, 24)","(21, 24)",0,v4_plus9_compiler
239,ex239,original,True,False,ok,"(21, 23)","(21, 23)","(21, 23)",0,v4_plus9_compiler
239,ex239,task133_color_bijection,True,False,ok,"(21, 23)","(21, 23)","(21, 23)",0,v4_plus9_compiler
239,ex239,task133_transpose,True,False,ok,"(23, 21)","(23, 21)","(23, 21)",0,v4_plus9_compiler
239,ex239,task133_mirror_lr,True,False,ok,"(21, 23)","(21, 23)","(21, 23)",0,v4_plus9_compiler
239,ex239,task133_mirror_ud,True,False,ok,"(21, 23)","(21, 23)","(21, 23)",0,v4_plus9_compiler
239,ex239,task133_zero_pad_top_left,True,False,ok,"(22, 24)","(22, 24)","(22, 24)",0,v4_plus9_compiler
239,ex239,task133_zero_pad_bottom_right,True,False,ok,"(22, 24)","(22, 24)","(22, 24)",0,v4_plus9_compiler
240,ex240,original,True,False,ok,"(19, 22)","(19, 22)","(19, 22)",0,v4_plus9_compiler
240,ex240,task133_color_bijection,True,False,ok,"(19, 22)","(19, 22)","(19, 22)",0,v4_plus9_compiler
240,ex240,task133_transpose,True,False,ok,"(22, 19)","(22, 19)","(22, 19)",0,v4_plus9_compiler
240,ex240,task133_mirror_lr,True,False,ok,"(19, 22)","(19, 22)","(19, 22)",0,v4_plus9_compiler
240,ex240,task133_mirror_ud,True,False,ok,"(19, 22)","(19, 22)","(19, 22)",0,v4_plus9_compiler
240,ex240,task133_zero_pad_top_left,True,False,ok,"(20, 23)","(20, 23)","(20, 23)",0,v4_plus9_compiler
240,ex240,task133_zero_pad_bottom_right,True,False,ok,"(20, 23)","(20, 23)","(20, 23)",0,v4_plus9_compiler
241,ex241,original,True,False,ok,"(28, 27)","(28, 27)","(28, 27)",0,v4_plus9_compiler
241,ex241,task133_color_bijection,True,False,ok,"(28, 27)","(28, 27)","(28, 27)",0,v4_plus9_compiler
241,ex241,task133_transpose,True,False,ok,"(27, 28)","(27, 28)","(27, 28)",0,v4_plus9_compiler
241,ex241,task133_mirror_lr,True,False,ok,"(28, 27)","(28, 27)","(28, 27)",0,v4_plus9_compiler
241,ex241,task133_mirror_ud,True,False,ok,"(28, 27)","(28, 27)","(28, 27)",0,v4_plus9_compiler
241,ex241,task133_zero_pad_top_left,True,False,ok,"(29, 28)","(29, 28)","(29, 28)",0,v4_plus9_compiler
241,ex241,task133_zero_pad_bottom_right,True,False,ok,"(29, 28)","(29, 28)","(29, 28)",0,v4_plus9_compiler
242,ex242,original,True,False,ok,"(22, 25)","(22, 25)","(22, 25)",0,v4_plus9_compiler
242,ex242,task133_color_bijection,True,False,ok,"(22, 25)","(22, 25)","(22, 25)",0,v4_plus9_compiler
242,ex242,task133_transpose,True,False,ok,"(25, 22)","(25, 22)","(25, 22)",0,v4_plus9_compiler
242,ex242,task133_mirror_lr,True,False,ok,"(22, 25)","(22, 25)","(22, 25)",0,v4_plus9_compiler
242,ex242,task133_mirror_ud,True,False,ok,"(22, 25)","(22, 25)","(22, 25)",0,v4_plus9_compiler
242,ex242,task133_zero_pad_top_left,True,False,ok,"(23, 26)","(23, 26)","(23, 26)",0,v4_plus9_compiler
242,ex242,task133_zero_pad_bottom_right,True,False,ok,"(23, 26)","(23, 26)","(23, 26)",0,v4_plus9_compiler
243,ex243,original,True,False,ok,"(18, 24)","(18, 24)","(18, 24)",0,v4_plus9_compiler
243,ex243,task133_color_bijection,True,False,ok,"(18, 24)","(18, 24)","(18, 24)",0,v4_plus9_compiler
243,ex243,task133_transpose,True,False,ok,"(24, 18)","(24, 18)","(24, 18)",0,v4_plus9_compiler
243,ex243,task133_mirror_lr,True,False,ok,"(18, 24)","(18, 24)","(18, 24)",0,v4_plus9_compiler
243,ex243,task133_mirror_ud,True,False,ok,"(18, 24)","(18, 24)","(18, 24)",0,v4_plus9_compiler
243,ex243,task133_zero_pad_top_left,True,False,ok,"(19, 25)","(19, 25)","(19, 25)",0,v4_plus9_compiler
243,ex243,task133_zero_pad_bottom_right,True,False,ok,"(19, 25)","(19, 25)","(19, 25)",0,v4_plus9_compiler
244,ex244,original,True,False,ok,"(27, 29)","(27, 29)","(27, 29)",0,v4_plus9_compiler
244,ex244,task133_color_bijection,True,False,ok,"(27, 29)","(27, 29)","(27, 29)",0,v4_plus9_compiler
244,ex244,task133_transpose,True,False,ok,"(29, 27)","(29, 27)","(29, 27)",0,v4_plus9_compiler
244,ex244,task133_mirror_lr,True,False,ok,"(27, 29)","(27, 29)","(27, 29)",0,v4_plus9_compiler
244,ex244,task133_mirror_ud,True,False,ok,"(27, 29)","(27, 29)","(27, 29)",0,v4_plus9_compiler
244,ex244,task133_zero_pad_top_left,True,False,ok,"(28, 30)","(28, 30)","(28, 30)",0,v4_plus9_compiler
244,ex244,task133_zero_pad_bottom_right,True,False,ok,"(28, 30)","(28, 30)","(28, 30)",0,v4_plus9_compiler
245,ex245,original,True,False,ok,"(19, 23)","(19, 23)","(19, 23)",0,v4_plus9_compiler
245,ex245,task133_color_bijection,True,False,ok,"(19, 23)","(19, 23)","(19, 23)",0,v4_plus9_compiler
245,ex245,task133_transpose,True,False,ok,"(23, 19)","(23, 19)","(23, 19)",0,v4_plus9_compiler
245,ex245,task133_mirror_lr,True,False,ok,"(19, 23)","(19, 23)","(19, 23)",0,v4_plus9_compiler
245,ex245,task133_mirror_ud,True,False,ok,"(19, 23)","(19, 23)","(19, 23)",0,v4_plus9_compiler
245,ex245,task133_zero_pad_top_left,True,False,ok,"(20, 24)","(20, 24)","(20, 24)",0,v4_plus9_compiler
245,ex245,task133_zero_pad_bottom_right,True,False,ok,"(20, 24)","(20, 24)","(20, 24)",0,v4_plus9_compiler
246,ex246,original,True,False,ok,"(14, 18)","(14, 18)","(14, 18)",0,v4_plus9_compiler
246,ex246,task133_color_bijection,True,False,ok,"(14, 18)","(14, 18)","(14, 18)",0,v4_plus9_compiler
246,ex246,task133_transpose,True,False,ok,"(18, 14)","(18, 14)","(18, 14)",0,v4_plus9_compiler
246,ex246,task133_mirror_lr,True,False,ok,"(14, 18)","(14, 18)","(14, 18)",0,v4_plus9_compiler
246,ex246,task133_mirror_ud,True,False,ok,"(14, 18)","(14, 18)","(14, 18)",0,v4_plus9_compiler
246,ex246,task133_zero_pad_top_left,True,False,ok,"(15, 19)","(15, 19)","(15, 19)",0,v4_plus9_compiler
246,ex246,task133_zero_pad_bottom_right,True,False,ok,"(15, 19)","(15, 19)","(15, 19)",0,v4_plus9_compiler
247,ex247,original,True,False,ok,"(12, 29)","(12, 29)","(12, 29)",0,v4_plus9_compiler
247,ex247,task133_color_bijection,True,False,ok,"(12, 29)","(12, 29)","(12, 29)",0,v4_plus9_compiler
247,ex247,task133_transpose,True,False,ok,"(29, 12)","(29, 12)","(29, 12)",0,v4_plus9_compiler
247,ex247,task133_mirror_lr,True,False,ok,"(12, 29)","(12, 29)","(12, 29)",0,v4_plus9_compiler
247,ex247,task133_mirror_ud,True,False,ok,"(12, 29)","(12, 29)","(12, 29)",0,v4_plus9_compiler
247,ex247,task133_zero_pad_top_left,True,False,ok,"(13, 30)","(13, 30)","(13, 30)",0,v4_plus9_compiler
247,ex247,task133_zero_pad_bottom_right,True,False,ok,"(13, 30)","(13, 30)","(13, 30)",0,v4_plus9_compiler
248,ex248,original,True,False,ok,"(25, 16)","(25, 16)","(25, 16)",0,v4_plus9_compiler
248,ex248,task133_color_bijection,True,False,ok,"(25, 16)","(25, 16)","(25, 16)",0,v4_plus9_compiler
248,ex248,task133_transpose,True,False,ok,"(16, 25)","(16, 25)","(16, 25)",0,v4_plus9_compiler
248,ex248,task133_mirror_lr,True,False,ok,"(25, 16)","(25, 16)","(25, 16)",0,v4_plus9_compiler
248,ex248,task133_mirror_ud,True,False,ok,"(25, 16)","(25, 16)","(25, 16)",0,v4_plus9_compiler
248,ex248,task133_zero_pad_top_left,True,False,ok,"(26, 17)","(26, 17)","(26, 17)",0,v4_plus9_compiler
248,ex248,task133_zero_pad_bottom_right,True,False,ok,"(26, 17)","(26, 17)","(26, 17)",0,v4_plus9_compiler
249,ex249,original,True,False,ok,"(29, 30)","(29, 30)","(29, 30)",0,v4_plus9_compiler
249,ex249,task133_color_bijection,True,False,ok,"(29, 30)","(29, 30)","(29, 30)",0,v4_plus9_compiler
249,ex249,task133_transpose,True,False,ok,"(30, 29)","(30, 29)","(30, 29)",0,v4_plus9_compiler
249,ex249,task133_mirror_lr,True,False,ok,"(29, 30)","(29, 30)","(29, 30)",0,v4_plus9_compiler
249,ex249,task133_mirror_ud,True,False,ok,"(29, 30)","(29, 30)","(29, 30)",0,v4_plus9_compiler
249,ex249,task133_zero_pad_top_left,False,True,"input_shape_exceeds_limit:(30, 31)>(30, 30)","(30, 31)","(30, 31)",,,
249,ex249,task133_zero_pad_bottom_right,False,True,"input_shape_exceeds_limit:(30, 31)>(30, 30)","(30, 31)","(30, 31)",,,
250,ex250,original,True,False,ok,"(28, 25)","(28, 25)","(28, 25)",0,v4_plus9_compiler
250,ex250,task133_color_bijection,True,False,ok,"(28, 25)","(28, 25)","(28, 25)",0,v4_plus9_compiler
250,ex250,task133_transpose,True,False,ok,"(25, 28)","(25, 28)","(25, 28)",0,v4_plus9_compiler
250,ex250,task133_mirror_lr,True,False,ok,"(28, 25)","(28, 25)","(28, 25)",0,v4_plus9_compiler
250,ex250,task133_mirror_ud,True,False,ok,"(28, 25)","(28, 25)","(28, 25)",0,v4_plus9_compiler
250,ex250,task133_zero_pad_top_left,True,False,ok,"(29, 26)","(29, 26)","(29, 26)",0,v4_plus9_compiler
250,ex250,task133_zero_pad_bottom_right,True,False,ok,"(29, 26)","(29, 26)","(29, 26)",0,v4_plus9_compiler
251,ex251,original,True,False,ok,"(21, 21)","(21, 21)","(21, 21)",0,v4_plus9_compiler
251,ex251,task133_color_bijection,True,False,ok,"(21, 21)","(21, 21)","(21, 21)",0,v4_plus9_compiler
251,ex251,task133_transpose,True,False,ok,"(21, 21)","(21, 21)","(21, 21)",0,v4_plus9_compiler
251,ex251,task133_mirror_lr,True,False,ok,"(21, 21)","(21, 21)","(21, 21)",0,v4_plus9_compiler
251,ex251,task133_mirror_ud,True,False,ok,"(21, 21)","(21, 21)","(21, 21)",0,v4_plus9_compiler
251,ex251,task133_zero_pad_top_left,True,False,ok,"(22, 22)","(22, 22)","(22, 22)",0,v4_plus9_compiler
251,ex251,task133_zero_pad_bottom_right,True,False,ok,"(22, 22)","(22, 22)","(22, 22)",0,v4_plus9_compiler
252,ex252,original,True,False,ok,"(16, 18)","(16, 18)","(16, 18)",0,v4_plus9_compiler
252,ex252,task133_color_bijection,True,False,ok,"(16, 18)","(16, 18)","(16, 18)",0,v4_plus9_compiler
252,ex252,task133_transpose,True,False,ok,"(18, 16)","(18, 16)","(18, 16)",0,v4_plus9_compiler
252,ex252,task133_mirror_lr,True,False,ok,"(16, 18)","(16, 18)","(16, 18)",0,v4_plus9_compiler
252,ex252,task133_mirror_ud,True,False,ok,"(16, 18)","(16, 18)","(16, 18)",0,v4_plus9_compiler
252,ex252,task133_zero_pad_top_left,True,False,ok,"(17, 19)","(17, 19)","(17, 19)",0,v4_plus9_compiler
252,ex252,task133_zero_pad_bottom_right,True,False,ok,"(17, 19)","(17, 19)","(17, 19)",0,v4_plus9_compiler
253,ex253,original,True,False,ok,"(20, 29)","(20, 29)","(20, 29)",0,v4_plus9_compiler
253,ex253,task133_color_bijection,True,False,ok,"(20, 29)","(20, 29)","(20, 29)",0,v4_plus9_compiler
253,ex253,task133_transpose,True,False,ok,"(29, 20)","(29, 20)","(29, 20)",0,v4_plus9_compiler
253,ex253,task133_mirror_lr,True,False,ok,"(20, 29)","(20, 29)","(20, 29)",0,v4_plus9_compiler
253,ex253,task133_mirror_ud,True,False,ok,"(20, 29)","(20, 29)","(20, 29)",0,v4_plus9_compiler
253,ex253,task133_zero_pad_top_left,True,False,ok,"(21, 30)","(21, 30)","(21, 30)",0,v4_plus9_compiler
253,ex253,task133_zero_pad_bottom_right,True,False,ok,"(21, 30)","(21, 30)","(21, 30)",0,v4_plus9_compiler
254,ex254,original,True,False,ok,"(29, 29)","(29, 29)","(29, 29)",0,v4_plus9_compiler
254,ex254,task133_color_bijection,True,False,ok,"(29, 29)","(29, 29)","(29, 29)",0,v4_plus9_compiler
254,ex254,task133_transpose,True,False,ok,"(29, 29)","(29, 29)","(29, 29)",0,v4_plus9_compiler
254,ex254,task133_mirror_lr,True,False,ok,"(29, 29)","(29, 29)","(29, 29)",0,v4_plus9_compiler
254,ex254,task133_mirror_ud,True,False,ok,"(29, 29)","(29, 29)","(29, 29)",0,v4_plus9_compiler
254,ex254,task133_zero_pad_top_left,True,False,ok,"(30, 30)","(30, 30)","(30, 30)",0,v4_plus9_compiler
254,ex254,task133_zero_pad_bottom_right,True,False,ok,"(30, 30)","(30, 30)","(30, 30)",0,v4_plus9_compiler
255,ex255,original,True,False,ok,"(30, 27)","(30, 27)","(30, 27)",0,v4_plus9_compiler
255,ex255,task133_color_bijection,True,False,ok,"(30, 27)","(30, 27)","(30, 27)",0,v4_plus9_compiler
255,ex255,task133_transpose,True,False,ok,"(27, 30)","(27, 30)","(27, 30)",0,v4_plus9_compiler
255,ex255,task133_mirror_lr,True,False,ok,"(30, 27)","(30, 27)","(30, 27)",0,v4_plus9_compiler
255,ex255,task133_mirror_ud,True,False,ok,"(30, 27)","(30, 27)","(30, 27)",0,v4_plus9_compiler
255,ex255,task133_zero_pad_top_left,False,True,"input_shape_exceeds_limit:(31, 28)>(30, 30)","(31, 28)","(31, 28)",,,
255,ex255,task133_zero_pad_bottom_right,False,True,"input_shape_exceeds_limit:(31, 28)>(30, 30)","(31, 28)","(31, 28)",,,
256,ex256,original,True,False,ok,"(19, 28)","(19, 28)","(19, 28)",0,v4_plus9_compiler
256,ex256,task133_color_bijection,True,False,ok,"(19, 28)","(19, 28)","(19, 28)",0,v4_plus9_compiler
256,ex256,task133_transpose,True,False,ok,"(28, 19)","(28, 19)","(28, 19)",0,v4_plus9_compiler
256,ex256,task133_mirror_lr,True,False,ok,"(19, 28)","(19, 28)","(19, 28)",0,v4_plus9_compiler
256,ex256,task133_mirror_ud,True,False,ok,"(19, 28)","(19, 28)","(19, 28)",0,v4_plus9_compiler
256,ex256,task133_zero_pad_top_left,True,False,ok,"(20, 29)","(20, 29)","(20, 29)",0,v4_plus9_compiler
256,ex256,task133_zero_pad_bottom_right,True,False,ok,"(20, 29)","(20, 29)","(20, 29)",0,v4_plus9_compiler
257,ex257,original,True,False,ok,"(20, 26)","(20, 26)","(20, 26)",0,v4_plus9_compiler
257,ex257,task133_color_bijection,True,False,ok,"(20, 26)","(20, 26)","(20, 26)",0,v4_plus9_compiler
257,ex257,task133_transpose,True,False,ok,"(26, 20)","(26, 20)","(26, 20)",0,v4_plus9_compiler
257,ex257,task133_mirror_lr,True,False,ok,"(20, 26)","(20, 26)","(20, 26)",0,v4_plus9_compiler
257,ex257,task133_mirror_ud,True,False,ok,"(20, 26)","(20, 26)","(20, 26)",0,v4_plus9_compiler
257,ex257,task133_zero_pad_top_left,True,False,ok,"(21, 27)","(21, 27)","(21, 27)",0,v4_plus9_compiler
257,ex257,task133_zero_pad_bottom_right,True,False,ok,"(21, 27)","(21, 27)","(21, 27)",0,v4_plus9_compiler
258,ex258,original,True,False,ok,"(27, 23)","(27, 23)","(27, 23)",0,v4_plus9_compiler
258,ex258,task133_color_bijection,True,False,ok,"(27, 23)","(27, 23)","(27, 23)",0,v4_plus9_compiler
258,ex258,task133_transpose,True,False,ok,"(23, 27)","(23, 27)","(23, 27)",0,v4_plus9_compiler
258,ex258,task133_mirror_lr,True,False,ok,"(27, 23)","(27, 23)","(27, 23)",0,v4_plus9_compiler
258,ex258,task133_mirror_ud,True,False,ok,"(27, 23)","(27, 23)","(27, 23)",0,v4_plus9_compiler
258,ex258,task133_zero_pad_top_left,True,False,ok,"(28, 24)","(28, 24)","(28, 24)",0,v4_plus9_compiler
258,ex258,task133_zero_pad_bottom_right,True,False,ok,"(28, 24)","(28, 24)","(28, 24)",0,v4_plus9_compiler
259,ex259,original,True,False,ok,"(17, 18)","(17, 18)","(17, 18)",0,v4_plus9_compiler
259,ex259,task133_color_bijection,True,False,ok,"(17, 18)","(17, 18)","(17, 18)",0,v4_plus9_compiler
259,ex259,task133_transpose,True,False,ok,"(18, 17)","(18, 17)","(18, 17)",0,v4_plus9_compiler
259,ex259,task133_mirror_lr,True,False,ok,"(17, 18)","(17, 18)","(17, 18)",0,v4_plus9_compiler
259,ex259,task133_mirror_ud,True,False,ok,"(17, 18)","(17, 18)","(17, 18)",0,v4_plus9_compiler
259,ex259,task133_zero_pad_top_left,True,False,ok,"(18, 19)","(18, 19)","(18, 19)",0,v4_plus9_compiler
259,ex259,task133_zero_pad_bottom_right,True,False,ok,"(18, 19)","(18, 19)","(18, 19)",0,v4_plus9_compiler
260,ex260,original,True,False,ok,"(20, 18)","(20, 18)","(20, 18)",0,v4_plus9_compiler
260,ex260,task133_color_bijection,True,False,ok,"(20, 18)","(20, 18)","(20, 18)",0,v4_plus9_compiler
260,ex260,task133_transpose,True,False,ok,"(18, 20)","(18, 20)","(18, 20)",0,v4_plus9_compiler
260,ex260,task133_mirror_lr,True,False,ok,"(20, 18)","(20, 18)","(20, 18)",0,v4_plus9_compiler
260,ex260,task133_mirror_ud,True,False,ok,"(20, 18)","(20, 18)","(20, 18)",0,v4_plus9_compiler
260,ex260,task133_zero_pad_top_left,True,False,ok,"(21, 19)","(21, 19)","(21, 19)",0,v4_plus9_compiler
260,ex260,task133_zero_pad_bottom_right,True,False,ok,"(21, 19)","(21, 19)","(21, 19)",0,v4_plus9_compiler
261,ex261,original,True,False,ok,"(13, 27)","(13, 27)","(13, 27)",0,v4_plus9_compiler
261,ex261,task133_color_bijection,True,False,ok,"(13, 27)","(13, 27)","(13, 27)",0,v4_plus9_compiler
261,ex261,task133_transpose,True,False,ok,"(27, 13)","(27, 13)","(27, 13)",0,v4_plus9_compiler
261,ex261,task133_mirror_lr,True,False,ok,"(13, 27)","(13, 27)","(13, 27)",0,v4_plus9_compiler
261,ex261,task133_mirror_ud,True,False,ok,"(13, 27)","(13, 27)","(13, 27)",0,v4_plus9_compiler
261,ex261,task133_zero_pad_top_left,True,False,ok,"(14, 28)","(14, 28)","(14, 28)",0,v4_plus9_compiler
261,ex261,task133_zero_pad_bottom_right,True,False,ok,"(14, 28)","(14, 28)","(14, 28)",0,v4_plus9_compiler
262,ex262,original,True,False,ok,"(29, 11)","(29, 11)","(29, 11)",0,v4_plus9_compiler
262,ex262,task133_color_bijection,True,False,ok,"(29, 11)","(29, 11)","(29, 11)",0,v4_plus9_compiler
262,ex262,task133_transpose,True,False,ok,"(11, 29)","(11, 29)","(11, 29)",0,v4_plus9_compiler
262,ex262,task133_mirror_lr,True,False,ok,"(29, 11)","(29, 11)","(29, 11)",0,v4_plus9_compiler
262,ex262,task133_mirror_ud,True,False,ok,"(29, 11)","(29, 11)","(29, 11)",0,v4_plus9_compiler
262,ex262,task133_zero_pad_top_left,True,False,ok,"(30, 12)","(30, 12)","(30, 12)",0,v4_plus9_compiler
262,ex262,task133_zero_pad_bottom_right,True,False,ok,"(30, 12)","(30, 12)","(30, 12)",0,v4_plus9_compiler
263,ex263,original,True,False,ok,"(21, 24)","(21, 24)","(21, 24)",0,v4_plus9_compiler
263,ex263,task133_color_bijection,True,False,ok,"(21, 24)","(21, 24)","(21, 24)",0,v4_plus9_compiler
263,ex263,task133_transpose,True,False,ok,"(24, 21)","(24, 21)","(24, 21)",0,v4_plus9_compiler
263,ex263,task133_mirror_lr,True,False,ok,"(21, 24)","(21, 24)","(21, 24)",0,v4_plus9_compiler
263,ex263,task133_mirror_ud,True,False,ok,"(21, 24)","(21, 24)","(21, 24)",0,v4_plus9_compiler
263,ex263,task133_zero_pad_top_left,True,False,ok,"(22, 25)","(22, 25)","(22, 25)",0,v4_plus9_compiler
263,ex263,task133_zero_pad_bottom_right,True,False,ok,"(22, 25)","(22, 25)","(22, 25)",0,v4_plus9_compiler
264,ex264,original,True,False,ok,"(25, 20)","(25, 20)","(25, 20)",0,v4_plus9_compiler
264,ex264,task133_color_bijection,True,False,ok,"(25, 20)","(25, 20)","(25, 20)",0,v4_plus9_compiler
264,ex264,task133_transpose,True,False,ok,"(20, 25)","(20, 25)","(20, 25)",0,v4_plus9_compiler
264,ex264,task133_mirror_lr,True,False,ok,"(25, 20)","(25, 20)","(25, 20)",0,v4_plus9_compiler
264,ex264,task133_mirror_ud,True,False,ok,"(25, 20)","(25, 20)","(25, 20)",0,v4_plus9_compiler
264,ex264,task133_zero_pad_top_left,True,False,ok,"(26, 21)","(26, 21)","(26, 21)",0,v4_plus9_compiler
264,ex264,task133_zero_pad_bottom_right,True,False,ok,"(26, 21)","(26, 21)","(26, 21)",0,v4_plus9_compiler
265,ex265,original,True,False,ok,"(29, 24)","(29, 24)","(29, 24)",0,v4_plus9_compiler
265,ex265,task133_color_bijection,True,False,ok,"(29, 24)","(29, 24)","(29, 24)",0,v4_plus9_compiler
265,ex265,task133_transpose,True,False,ok,"(24, 29)","(24, 29)","(24, 29)",0,v4_plus9_compiler
265,ex265,task133_mirror_lr,True,False,ok,"(29, 24)","(29, 24)","(29, 24)",0,v4_plus9_compiler
265,ex265,task133_mirror_ud,True,False,ok,"(29, 24)","(29, 24)","(29, 24)",0,v4_plus9_compiler
265,ex265,task133_zero_pad_top_left,True,False,ok,"(30, 25)","(30, 25)","(30, 25)",0,v4_plus9_compiler
265,ex265,task133_zero_pad_bottom_right,True,False,ok,"(30, 25)","(30, 25)","(30, 25)",0,v4_plus9_compiler
266,ex266,original,True,False,ok,"(17, 20)","(17, 20)","(17, 20)",0,v4_plus9_compiler
266,ex266,task133_color_bijection,True,False,ok,"(17, 20)","(17, 20)","(17, 20)",0,v4_plus9_compiler
266,ex266,task133_transpose,True,False,ok,"(20, 17)","(20, 17)","(20, 17)",0,v4_plus9_compiler
266,ex266,task133_mirror_lr,True,False,ok,"(17, 20)","(17, 20)","(17, 20)",0,v4_plus9_compiler
266,ex266,task133_mirror_ud,True,False,ok,"(17, 20)","(17, 20)","(17, 20)",0,v4_plus9_compiler
266,ex266,task133_zero_pad_top_left,True,False,ok,"(18, 21)","(18, 21)","(18, 21)",0,v4_plus9_compiler
266,ex266,task133_zero_pad_bottom_right,True,False,ok,"(18, 21)","(18, 21)","(18, 21)",0,v4_plus9_compiler
0,ex0,original,True,False,ok,"(16, 12)","(16, 12)","(16, 12)",0,konbu17_v36
0,ex0,task133_color_bijection,False,False,mismatch,"(16, 12)","(16, 12)","(16, 12)",13,konbu17_v36
0,ex0,task133_transpose,False,False,mismatch,"(12, 16)","(12, 16)","(12, 16)",13,konbu17_v36
0,ex0,task133_mirror_lr,False,False,mismatch,"(16, 12)","(16, 12)","(16, 12)",13,konbu17_v36
0,ex0,task133_mirror_ud,False,False,mismatch,"(16, 12)","(16, 12)","(16, 12)",13,konbu17_v36
0,ex0,task133_zero_pad_top_left,False,False,mismatch,"(17, 13)","(17, 13)","(17, 13)",13,konbu17_v36
0,ex0,task133_zero_pad_bottom_right,True,False,ok,"(17, 13)","(17, 13)","(17, 13)",0,konbu17_v36
1,ex1,original,True,False,ok,"(16, 18)","(16, 18)","(16, 18)",0,konbu17_v36
1,ex1,task133_color_bijection,False,False,mismatch,"(16, 18)","(16, 18)","(16, 18)",9,konbu17_v36
1,ex1,task133_transpose,False,False,mismatch,"(18, 16)","(18, 16)","(18, 16)",9,konbu17_v36
1,ex1,task133_mirror_lr,False,False,mismatch,"(16, 18)","(16, 18)","(16, 18)",9,konbu17_v36
1,ex1,task133_mirror_ud,False,False,mismatch,"(16, 18)","(16, 18)","(16, 18)",9,konbu17_v36
1,ex1,task133_zero_pad_top_left,False,False,mismatch,"(17, 19)","(17, 19)","(17, 19)",9,konbu17_v36
1,ex1,task133_zero_pad_bottom_right,True,False,ok,"(17, 19)","(17, 19)","(17, 19)",0,konbu17_v36
2,ex2,original,True,False,ok,"(17, 18)","(17, 18)","(17, 18)",0,konbu17_v36
2,ex2,task133_color_bijection,False,False,mismatch,"(17, 18)","(17, 18)","(17, 18)",55,konbu17_v36
2,ex2,task133_transpose,False,False,mismatch,"(18, 17)","(18, 17)","(18, 17)",55,konbu17_v36
2,ex2,task133_mirror_lr,False,False,mismatch,"(17, 18)","(17, 18)","(17, 18)",55,konbu17_v36
2,ex2,task133_mirror_ud,False,False,mismatch,"(17, 18)","(17, 18)","(17, 18)",55,konbu17_v36
2,ex2,task133_zero_pad_top_left,False,False,mismatch,"(18, 19)","(18, 19)","(18, 19)",55,konbu17_v36
2,ex2,task133_zero_pad_bottom_right,True,False,ok,"(18, 19)","(18, 19)","(18, 19)",0,konbu17_v36
3,ex3,original,True,False,ok,"(15, 18)","(15, 18)","(15, 18)",0,konbu17_v36
3,ex3,task133_color_bijection,False,False,mismatch,"(15, 18)","(15, 18)","(15, 18)",16,konbu17_v36
3,ex3,task133_transpose,False,False,mismatch,"(18, 15)","(18, 15)","(18, 15)",16,konbu17_v36
3,ex3,task133_mirror_lr,False,False,mismatch,"(15, 18)","(15, 18)","(15, 18)",16,konbu17_v36
3,ex3,task133_mirror_ud,False,False,mismatch,"(15, 18)","(15, 18)","(15, 18)",16,konbu17_v36
3,ex3,task133_zero_pad_top_left,False,False,mismatch,"(16, 19)","(16, 19)","(16, 19)",16,konbu17_v36
3,ex3,task133_zero_pad_bottom_right,True,False,ok,"(16, 19)","(16, 19)","(16, 19)",0,konbu17_v36
4,ex4,original,True,False,ok,"(19, 30)","(19, 30)","(19, 30)",0,konbu17_v36
4,ex4,task133_color_bijection,False,False,mismatch,"(19, 30)","(19, 30)","(19, 30)",146,konbu17_v36
4,ex4,task133_transpose,False,False,mismatch,"(30, 19)","(30, 19)","(30, 19)",146,konbu17_v36
4,ex4,task133_mirror_lr,False,False,mismatch,"(19, 30)","(19, 30)","(19, 30)",146,konbu17_v36
4,ex4,task133_mirror_ud,False,False,mismatch,"(19, 30)","(19, 30)","(19, 30)",146,konbu17_v36
4,ex4,task133_zero_pad_top_left,False,True,"input_shape_exceeds_limit:(20, 31)>(30, 30)","(20, 31)","(20, 31)",,,
4,ex4,task133_zero_pad_bottom_right,False,True,"input_shape_exceeds_limit:(20, 31)>(30, 30)","(20, 31)","(20, 31)",,,
5,ex5,original,True,False,ok,"(27, 25)","(27, 25)","(27, 25)",0,konbu17_v36
5,ex5,task133_color_bijection,False,False,mismatch,"(27, 25)","(27, 25)","(27, 25)",34,konbu17_v36
5,ex5,task133_transpose,False,False,mismatch,"(25, 27)","(25, 27)","(25, 27)",34,konbu17_v36
5,ex5,task133_mirror_lr,False,False,mismatch,"(27, 25)","(27, 25)","(27, 25)",34,konbu17_v36
5,ex5,task133_mirror_ud,False,False,mismatch,"(27, 25)","(27, 25)","(27, 25)",38,konbu17_v36
5,ex5,task133_zero_pad_top_left,False,False,mismatch,"(28, 26)","(28, 26)","(28, 26)",34,konbu17_v36
5,ex5,task133_zero_pad_bottom_right,True,False,ok,"(28, 26)","(28, 26)","(28, 26)",0,konbu17_v36
6,ex6,original,True,False,ok,"(26, 20)","(26, 20)","(26, 20)",0,konbu17_v36
6,ex6,task133_color_bijection,False,False,mismatch,"(26, 20)","(26, 20)","(26, 20)",13,konbu17_v36
6,ex6,task133_transpose,False,False,mismatch,"(20, 26)","(20, 26)","(20, 26)",13,konbu17_v36
6,ex6,task133_mirror_lr,False,False,mismatch,"(26, 20)","(26, 20)","(26, 20)",13,konbu17_v36
6,ex6,task133_mirror_ud,False,False,mismatch,"(26, 20)","(26, 20)","(26, 20)",13,konbu17_v36
6,ex6,task133_zero_pad_top_left,False,False,mismatch,"(27, 21)","(27, 21)","(27, 21)",13,konbu17_v36
6,ex6,task133_zero_pad_bottom_right,True,False,ok,"(27, 21)","(27, 21)","(27, 21)",0,konbu17_v36
7,ex7,original,True,False,ok,"(29, 21)","(29, 21)","(29, 21)",0,konbu17_v36
7,ex7,task133_color_bijection,False,False,mismatch,"(29, 21)","(29, 21)","(29, 21)",28,konbu17_v36
7,ex7,task133_transpose,False,False,mismatch,"(21, 29)","(21, 29)","(21, 29)",28,konbu17_v36
7,ex7,task133_mirror_lr,False,False,mismatch,"(29, 21)","(29, 21)","(29, 21)",28,konbu17_v36
7,ex7,task133_mirror_ud,False,False,mismatch,"(29, 21)","(29, 21)","(29, 21)",28,konbu17_v36
7,ex7,task133_zero_pad_top_left,False,False,mismatch,"(30, 22)","(30, 22)","(30, 22)",28,konbu17_v36
7,ex7,task133_zero_pad_bottom_right,True,False,ok,"(30, 22)","(30, 22)","(30, 22)",0,konbu17_v36
8,ex8,original,True,False,ok,"(25, 26)","(25, 26)","(25, 26)",0,konbu17_v36
8,ex8,task133_color_bijection,False,False,mismatch,"(25, 26)","(25, 26)","(25, 26)",18,konbu17_v36
8,ex8,task133_transpose,False,False,mismatch,"(26, 25)","(26, 25)","(26, 25)",18,konbu17_v36
8,ex8,task133_mirror_lr,False,False,mismatch,"(25, 26)","(25, 26)","(25, 26)",18,konbu17_v36
8,ex8,task133_mirror_ud,False,False,mismatch,"(25, 26)","(25, 26)","(25, 26)",18,konbu17_v36
8,ex8,task133_zero_pad_top_left,False,False,mismatch,"(26, 27)","(26, 27)","(26, 27)",18,konbu17_v36
8,ex8,task133_zero_pad_bottom_right,True,False,ok,"(26, 27)","(26, 27)","(26, 27)",0,konbu17_v36
9,ex9,original,True,False,ok,"(30, 26)","(30, 26)","(30, 26)",0,konbu17_v36
9,ex9,task133_color_bijection,False,False,mismatch,"(30, 26)","(30, 26)","(30, 26)",29,konbu17_v36
9,ex9,task133_transpose,False,False,mismatch,"(26, 30)","(26, 30)","(26, 30)",29,konbu17_v36
9,ex9,task133_mirror_lr,False,False,mismatch,"(30, 26)","(30, 26)","(30, 26)",29,konbu17_v36
9,ex9,task133_mirror_ud,False,False,mismatch,"(30, 26)","(30, 26)","(30, 26)",29,konbu17_v36
9,ex9,task133_zero_pad_top_left,False,True,"input_shape_exceeds_limit:(31, 27)>(30, 30)","(31, 27)","(31, 27)",,,
9,ex9,task133_zero_pad_bottom_right,False,True,"input_shape_exceeds_limit:(31, 27)>(30, 30)","(31, 27)","(31, 27)",,,
10,ex10,original,True,False,ok,"(30, 21)","(30, 21)","(30, 21)",0,konbu17_v36
10,ex10,task133_color_bijection,False,False,mismatch,"(30, 21)","(30, 21)","(30, 21)",37,konbu17_v36
10,ex10,task133_transpose,False,False,mismatch,"(21, 30)","(21, 30)","(21, 30)",37,konbu17_v36
10,ex10,task133_mirror_lr,False,False,mismatch,"(30, 21)","(30, 21)","(30, 21)",37,konbu17_v36
10,ex10,task133_mirror_ud,False,False,mismatch,"(30, 21)","(30, 21)","(30, 21)",37,konbu17_v36
10,ex10,task133_zero_pad_top_left,False,True,"input_shape_exceeds_limit:(31, 22)>(30, 30)","(31, 22)","(31, 22)",,,
10,ex10,task133_zero_pad_bottom_right,False,True,"input_shape_exceeds_limit:(31, 22)>(30, 30)","(31, 22)","(31, 22)",,,
11,ex11,original,True,False,ok,"(30, 27)","(30, 27)","(30, 27)",0,konbu17_v36
11,ex11,task133_color_bijection,False,False,mismatch,"(30, 27)","(30, 27)","(30, 27)",19,konbu17_v36
11,ex11,task133_transpose,False,False,mismatch,"(27, 30)","(27, 30)","(27, 30)",19,konbu17_v36
11,ex11,task133_mirror_lr,False,False,mismatch,"(30, 27)","(30, 27)","(30, 27)",19,konbu17_v36
11,ex11,task133_mirror_ud,False,False,mismatch,"(30, 27)","(30, 27)","(30, 27)",19,konbu17_v36
11,ex11,task133_zero_pad_top_left,False,True,"input_shape_exceeds_limit:(31, 28)>(30, 30)","(31, 28)","(31, 28)",,,
11,ex11,task133_zero_pad_bottom_right,False,True,"input_shape_exceeds_limit:(31, 28)>(30, 30)","(31, 28)","(31, 28)",,,
12,ex12,original,True,False,ok,"(24, 28)","(24, 28)","(24, 28)",0,konbu17_v36
12,ex12,task133_color_bijection,False,False,mismatch,"(24, 28)","(24, 28)","(24, 28)",49,konbu17_v36
12,ex12,task133_transpose,False,False,mismatch,"(28, 24)","(28, 24)","(28, 24)",49,konbu17_v36
12,ex12,task133_mirror_lr,False,False,mismatch,"(24, 28)","(24, 28)","(24, 28)",49,konbu17_v36
12,ex12,task133_mirror_ud,False,False,mismatch,"(24, 28)","(24, 28)","(24, 28)",49,konbu17_v36
12,ex12,task133_zero_pad_top_left,False,False,mismatch,"(25, 29)","(25, 29)","(25, 29)",49,konbu17_v36
12,ex12,task133_zero_pad_bottom_right,True,False,ok,"(25, 29)","(25, 29)","(25, 29)",0,konbu17_v36
13,ex13,original,True,False,ok,"(15, 25)","(15, 25)","(15, 25)",0,konbu17_v36
13,ex13,task133_color_bijection,False,False,mismatch,"(15, 25)","(15, 25)","(15, 25)",55,konbu17_v36
13,ex13,task133_transpose,False,False,mismatch,"(25, 15)","(25, 15)","(25, 15)",55,konbu17_v36
13,ex13,task133_mirror_lr,False,False,mismatch,"(15, 25)","(15, 25)","(15, 25)",55,konbu17_v36
13,ex13,task133_mirror_ud,False,False,mismatch,"(15, 25)","(15, 25)","(15, 25)",55,konbu17_v36
13,ex13,task133_zero_pad_top_left,False,False,mismatch,"(16, 26)","(16, 26)","(16, 26)",55,konbu17_v36
13,ex13,task133_zero_pad_bottom_right,True,False,ok,"(16, 26)","(16, 26)","(16, 26)",0,konbu17_v36
14,ex14,original,True,False,ok,"(21, 21)","(21, 21)","(21, 21)",0,konbu17_v36
14,ex14,task133_color_bijection,False,False,mismatch,"(21, 21)","(21, 21)","(21, 21)",3,konbu17_v36
14,ex14,task133_transpose,False,False,mismatch,"(21, 21)","(21, 21)","(21, 21)",2,konbu17_v36
14,ex14,task133_mirror_lr,False,False,mismatch,"(21, 21)","(21, 21)","(21, 21)",3,konbu17_v36
14,ex14,task133_mirror_ud,False,False,mismatch,"(21, 21)","(21, 21)","(21, 21)",3,konbu17_v36
14,ex14,task133_zero_pad_top_left,False,False,mismatch,"(22, 22)","(22, 22)","(22, 22)",5,konbu17_v36
14,ex14,task133_zero_pad_bottom_right,True,False,ok,"(22, 22)","(22, 22)","(22, 22)",0,konbu17_v36
15,ex15,original,True,False,ok,"(27, 21)","(27, 21)","(27, 21)",0,konbu17_v36
15,ex15,task133_color_bijection,False,False,mismatch,"(27, 21)","(27, 21)","(27, 21)",16,konbu17_v36
15,ex15,task133_transpose,False,False,mismatch,"(21, 27)","(21, 27)","(21, 27)",16,konbu17_v36
15,ex15,task133_mirror_lr,False,False,mismatch,"(27, 21)","(27, 21)","(27, 21)",16,konbu17_v36
15,ex15,task133_mirror_ud,False,False,mismatch,"(27, 21)","(27, 21)","(27, 21)",16,konbu17_v36
15,ex15,task133_zero_pad_top_left,False,False,mismatch,"(28, 22)","(28, 22)","(28, 22)",16,konbu17_v36
15,ex15,task133_zero_pad_bottom_right,True,False,ok,"(28, 22)","(28, 22)","(28, 22)",0,konbu17_v36
16,ex16,original,True,False,ok,"(28, 29)","(28, 29)","(28, 29)",0,konbu17_v36
16,ex16,task133_color_bijection,False,False,mismatch,"(28, 29)","(28, 29)","(28, 29)",3,konbu17_v36
16,ex16,task133_transpose,False,False,mismatch,"(29, 28)","(29, 28)","(29, 28)",3,konbu17_v36
16,ex16,task133_mirror_lr,False,False,mismatch,"(28, 29)","(28, 29)","(28, 29)",3,konbu17_v36
16,ex16,task133_mirror_ud,False,False,mismatch,"(28, 29)","(28, 29)","(28, 29)",20,konbu17_v36
16,ex16,task133_zero_pad_top_left,False,False,mismatch,"(29, 30)","(29, 30)","(29, 30)",3,konbu17_v36
16,ex16,task133_zero_pad_bottom_right,True,False,ok,"(29, 30)","(29, 30)","(29, 30)",0,konbu17_v36
17,ex17,original,True,False,ok,"(23, 27)","(23, 27)","(23, 27)",0,konbu17_v36
17,ex17,task133_color_bijection,False,False,mismatch,"(23, 27)","(23, 27)","(23, 27)",18,konbu17_v36
17,ex17,task133_transpose,False,False,mismatch,"(27, 23)","(27, 23)","(27, 23)",7,konbu17_v36
17,ex17,task133_mirror_lr,False,False,mismatch,"(23, 27)","(23, 27)","(23, 27)",7,konbu17_v36
17,ex17,task133_mirror_ud,False,False,mismatch,"(23, 27)","(23, 27)","(23, 27)",7,konbu17_v36
17,ex17,task133_zero_pad_top_left,False,False,mismatch,"(24, 28)","(24, 28)","(24, 28)",7,konbu17_v36
17,ex17,task133_zero_pad_bottom_right,True,False,ok,"(24, 28)","(24, 28)","(24, 28)",0,konbu17_v36
18,ex18,original,True,False,ok,"(12, 25)","(12, 25)","(12, 25)",0,konbu17_v36
18,ex18,task133_color_bijection,False,False,mismatch,"(12, 25)","(12, 25)","(12, 25)",3,konbu17_v36
18,ex18,task133_transpose,False,False,mismatch,"(25, 12)","(25, 12)","(25, 12)",3,konbu17_v36
18,ex18,task133_mirror_lr,False,False,mismatch,"(12, 25)","(12, 25)","(12, 25)",3,konbu17_v36
18,ex18,task133_mirror_ud,False,False,mismatch,"(12, 25)","(12, 25)","(12, 25)",3,konbu17_v36
18,ex18,task133_zero_pad_top_left,False,False,mismatch,"(13, 26)","(13, 26)","(13, 26)",3,konbu17_v36
18,ex18,task133_zero_pad_bottom_right,True,False,ok,"(13, 26)","(13, 26)","(13, 26)",0,konbu17_v36
19,ex19,original,True,False,ok,"(28, 28)","(28, 28)","(28, 28)",0,konbu17_v36
19,ex19,task133_color_bijection,False,False,mismatch,"(28, 28)","(28, 28)","(28, 28)",52,konbu17_v36
19,ex19,task133_transpose,False,False,mismatch,"(28, 28)","(28, 28)","(28, 28)",52,konbu17_v36
19,ex19,task133_mirror_lr,False,False,mismatch,"(28, 28)","(28, 28)","(28, 28)",52,konbu17_v36
19,ex19,task133_mirror_ud,False,False,mismatch,"(28, 28)","(28, 28)","(28, 28)",52,konbu17_v36
19,ex19,task133_zero_pad_top_left,False,False,mismatch,"(29, 29)","(29, 29)","(29, 29)",52,konbu17_v36
19,ex19,task133_zero_pad_bottom_right,True,False,ok,"(29, 29)","(29, 29)","(29, 29)",0,konbu17_v36
20,ex20,original,True,False,ok,"(29, 17)","(29, 17)","(29, 17)",0,konbu17_v36
20,ex20,task133_color_bijection,False,False,mismatch,"(29, 17)","(29, 17)","(29, 17)",5,konbu17_v36
20,ex20,task133_transpose,False,False,mismatch,"(17, 29)","(17, 29)","(17, 29)",5,konbu17_v36
20,ex20,task133_mirror_lr,False,False,mismatch,"(29, 17)","(29, 17)","(29, 17)",5,konbu17_v36
20,ex20,task133_mirror_ud,False,False,mismatch,"(29, 17)","(29, 17)","(29, 17)",5,konbu17_v36
20,ex20,task133_zero_pad_top_left,False,False,mismatch,"(30, 18)","(30, 18)","(30, 18)",5,konbu17_v36
20,ex20,task133_zero_pad_bottom_right,True,False,ok,"(30, 18)","(30, 18)","(30, 18)",0,konbu17_v36
21,ex21,original,True,False,ok,"(28, 24)","(28, 24)","(28, 24)",0,konbu17_v36
21,ex21,task133_color_bijection,False,False,mismatch,"(28, 24)","(28, 24)","(28, 24)",5,konbu17_v36
21,ex21,task133_transpose,False,False,mismatch,"(24, 28)","(24, 28)","(24, 28)",5,konbu17_v36
21,ex21,task133_mirror_lr,False,False,mismatch,"(28, 24)","(28, 24)","(28, 24)",5,konbu17_v36
21,ex21,task133_mirror_ud,False,False,mismatch,"(28, 24)","(28, 24)","(28, 24)",4,konbu17_v36
21,ex21,task133_zero_pad_top_left,False,False,mismatch,"(29, 25)","(29, 25)","(29, 25)",6,konbu17_v36
21,ex21,task133_zero_pad_bottom_right,True,False,ok,"(29, 25)","(29, 25)","(29, 25)",0,konbu17_v36
22,ex22,original,True,False,ok,"(17, 29)","(17, 29)","(17, 29)",0,konbu17_v36
22,ex22,task133_color_bijection,False,False,mismatch,"(17, 29)","(17, 29)","(17, 29)",21,konbu17_v36
22,ex22,task133_transpose,False,False,mismatch,"(29, 17)","(29, 17)","(29, 17)",21,konbu17_v36
22,ex22,task133_mirror_lr,False,False,mismatch,"(17, 29)","(17, 29)","(17, 29)",21,konbu17_v36
22,ex22,task133_mirror_ud,False,False,mismatch,"(17, 29)","(17, 29)","(17, 29)",21,konbu17_v36
22,ex22,task133_zero_pad_top_left,False,False,mismatch,"(18, 30)","(18, 30)","(18, 30)",21,konbu17_v36
22,ex22,task133_zero_pad_bottom_right,True,False,ok,"(18, 30)","(18, 30)","(18, 30)",0,konbu17_v36
23,ex23,original,True,False,ok,"(23, 19)","(23, 19)","(23, 19)",0,konbu17_v36
23,ex23,task133_color_bijection,False,False,mismatch,"(23, 19)","(23, 19)","(23, 19)",11,konbu17_v36
23,ex23,task133_transpose,False,False,mismatch,"(19, 23)","(19, 23)","(19, 23)",11,konbu17_v36
23,ex23,task133_mirror_lr,False,False,mismatch,"(23, 19)","(23, 19)","(23, 19)",11,konbu17_v36
23,ex23,task133_mirror_ud,False,False,mismatch,"(23, 19)","(23, 19)","(23, 19)",11,konbu17_v36
23,ex23,task133_zero_pad_top_left,False,False,mismatch,"(24, 20)","(24, 20)","(24, 20)",11,konbu17_v36
23,ex23,task133_zero_pad_bottom_right,True,False,ok,"(24, 20)","(24, 20)","(24, 20)",0,konbu17_v36
24,ex24,original,True,False,ok,"(26, 12)","(26, 12)","(26, 12)",0,konbu17_v36
24,ex24,task133_color_bijection,False,False,mismatch,"(26, 12)","(26, 12)","(26, 12)",33,konbu17_v36
24,ex24,task133_transpose,False,False,mismatch,"(12, 26)","(12, 26)","(12, 26)",33,konbu17_v36
24,ex24,task133_mirror_lr,False,False,mismatch,"(26, 12)","(26, 12)","(26, 12)",33,konbu17_v36
24,ex24,task133_mirror_ud,False,False,mismatch,"(26, 12)","(26, 12)","(26, 12)",33,konbu17_v36
24,ex24,task133_zero_pad_top_left,False,False,mismatch,"(27, 13)","(27, 13)","(27, 13)",33,konbu17_v36
24,ex24,task133_zero_pad_bottom_right,True,False,ok,"(27, 13)","(27, 13)","(27, 13)",0,konbu17_v36
25,ex25,original,True,False,ok,"(30, 25)","(30, 25)","(30, 25)",0,konbu17_v36
25,ex25,task133_color_bijection,False,False,mismatch,"(30, 25)","(30, 25)","(30, 25)",49,konbu17_v36
25,ex25,task133_transpose,False,False,mismatch,"(25, 30)","(25, 30)","(25, 30)",49,konbu17_v36
25,ex25,task133_mirror_lr,False,False,mismatch,"(30, 25)","(30, 25)","(30, 25)",69,konbu17_v36
25,ex25,task133_mirror_ud,False,False,mismatch,"(30, 25)","(30, 25)","(30, 25)",49,konbu17_v36
25,ex25,task133_zero_pad_top_left,False,True,"input_shape_exceeds_limit:(31, 26)>(30, 30)","(31, 26)","(31, 26)",,,
25,ex25,task133_zero_pad_bottom_right,False,True,"input_shape_exceeds_limit:(31, 26)>(30, 30)","(31, 26)","(31, 26)",,,
26,ex26,original,True,False,ok,"(29, 28)","(29, 28)","(29, 28)",0,konbu17_v36
26,ex26,task133_color_bijection,False,False,mismatch,"(29, 28)","(29, 28)","(29, 28)",27,konbu17_v36
26,ex26,task133_transpose,False,False,mismatch,"(28, 29)","(28, 29)","(28, 29)",27,konbu17_v36
26,ex26,task133_mirror_lr,False,False,mismatch,"(29, 28)","(29, 28)","(29, 28)",27,konbu17_v36
26,ex26,task133_mirror_ud,False,False,mismatch,"(29, 28)","(29, 28)","(29, 28)",27,konbu17_v36
26,ex26,task133_zero_pad_top_left,False,False,mismatch,"(30, 29)","(30, 29)","(30, 29)",27,konbu17_v36
26,ex26,task133_zero_pad_bottom_right,True,False,ok,"(30, 29)","(30, 29)","(30, 29)",0,konbu17_v36
27,ex27,original,True,False,ok,"(29, 19)","(29, 19)","(29, 19)",0,konbu17_v36
27,ex27,task133_color_bijection,False,False,mismatch,"(29, 19)","(29, 19)","(29, 19)",10,konbu17_v36
27,ex27,task133_transpose,False,False,mismatch,"(19, 29)","(19, 29)","(19, 29)",10,konbu17_v36
27,ex27,task133_mirror_lr,False,False,mismatch,"(29, 19)","(29, 19)","(29, 19)",10,konbu17_v36
27,ex27,task133_mirror_ud,False,False,mismatch,"(29, 19)","(29, 19)","(29, 19)",10,konbu17_v36
27,ex27,task133_zero_pad_top_left,False,False,mismatch,"(30, 20)","(30, 20)","(30, 20)",10,konbu17_v36
27,ex27,task133_zero_pad_bottom_right,True,False,ok,"(30, 20)","(30, 20)","(30, 20)",0,konbu17_v36
28,ex28,original,True,False,ok,"(29, 30)","(29, 30)","(29, 30)",0,konbu17_v36
28,ex28,task133_color_bijection,False,False,mismatch,"(29, 30)","(29, 30)","(29, 30)",17,konbu17_v36
28,ex28,task133_transpose,False,False,mismatch,"(30, 29)","(30, 29)","(30, 29)",17,konbu17_v36
28,ex28,task133_mirror_lr,False,False,mismatch,"(29, 30)","(29, 30)","(29, 30)",70,konbu17_v36
28,ex28,task133_mirror_ud,False,False,mismatch,"(29, 30)","(29, 30)","(29, 30)",17,konbu17_v36
28,ex28,task133_zero_pad_top_left,False,True,"input_shape_exceeds_limit:(30, 31)>(30, 30)","(30, 31)","(30, 31)",,,
28,ex28,task133_zero_pad_bottom_right,False,True,"input_shape_exceeds_limit:(30, 31)>(30, 30)","(30, 31)","(30, 31)",,,
29,ex29,original,True,False,ok,"(18, 30)","(18, 30)","(18, 30)",0,konbu17_v36
29,ex29,task133_color_bijection,False,False,mismatch,"(18, 30)","(18, 30)","(18, 30)",19,konbu17_v36
29,ex29,task133_transpose,False,False,mismatch,"(30, 18)","(30, 18)","(30, 18)",19,konbu17_v36
29,ex29,task133_mirror_lr,False,False,mismatch,"(18, 30)","(18, 30)","(18, 30)",28,konbu17_v36
29,ex29,task133_mirror_ud,False,False,mismatch,"(18, 30)","(18, 30)","(18, 30)",19,konbu17_v36
29,ex29,task133_zero_pad_top_left,False,True,"input_shape_exceeds_limit:(19, 31)>(30, 30)","(19, 31)","(19, 31)",,,
29,ex29,task133_zero_pad_bottom_right,False,True,"input_shape_exceeds_limit:(19, 31)>(30, 30)","(19, 31)","(19, 31)",,,
30,ex30,original,True,False,ok,"(29, 21)","(29, 21)","(29, 21)",0,konbu17_v36
30,ex30,task133_color_bijection,False,False,mismatch,"(29, 21)","(29, 21)","(29, 21)",34,konbu17_v36
30,ex30,task133_transpose,False,False,mismatch,"(21, 29)","(21, 29)","(21, 29)",34,konbu17_v36
30,ex30,task133_mirror_lr,False,False,mismatch,"(29, 21)","(29, 21)","(29, 21)",34,konbu17_v36
30,ex30,task133_mirror_ud,False,False,mismatch,"(29, 21)","(29, 21)","(29, 21)",34,konbu17_v36
30,ex30,task133_zero_pad_top_left,False,False,mismatch,"(30, 22)","(30, 22)","(30, 22)",34,konbu17_v36
30,ex30,task133_zero_pad_bottom_right,True,False,ok,"(30, 22)","(30, 22)","(30, 22)",0,konbu17_v36
31,ex31,original,True,False,ok,"(14, 23)","(14, 23)","(14, 23)",0,konbu17_v36
31,ex31,task133_color_bijection,False,False,mismatch,"(14, 23)","(14, 23)","(14, 23)",28,konbu17_v36
31,ex31,task133_transpose,False,False,mismatch,"(23, 14)","(23, 14)","(23, 14)",30,konbu17_v36
31,ex31,task133_mirror_lr,False,False,mismatch,"(14, 23)","(14, 23)","(14, 23)",28,konbu17_v36
31,ex31,task133_mirror_ud,False,False,mismatch,"(14, 23)","(14, 23)","(14, 23)",28,konbu17_v36
31,ex31,task133_zero_pad_top_left,False,False,mismatch,"(15, 24)","(15, 24)","(15, 24)",28,konbu17_v36
31,ex31,task133_zero_pad_bottom_right,True,False,ok,"(15, 24)","(15, 24)","(15, 24)",0,konbu17_v36
32,ex32,original,True,False,ok,"(24, 18)","(24, 18)","(24, 18)",0,konbu17_v36
32,ex32,task133_color_bijection,False,False,mismatch,"(24, 18)","(24, 18)","(24, 18)",19,konbu17_v36
32,ex32,task133_transpose,False,False,mismatch,"(18, 24)","(18, 24)","(18, 24)",19,konbu17_v36
32,ex32,task133_mirror_lr,False,False,mismatch,"(24, 18)","(24, 18)","(24, 18)",19,konbu17_v36
32,ex32,task133_mirror_ud,False,False,mismatch,"(24, 18)","(24, 18)","(24, 18)",19,konbu17_v36
32,ex32,task133_zero_pad_top_left,False,False,mismatch,"(25, 19)","(25, 19)","(25, 19)",19,konbu17_v36
32,ex32,task133_zero_pad_bottom_right,True,False,ok,"(25, 19)","(25, 19)","(25, 19)",0,konbu17_v36
33,ex33,original,True,False,ok,"(30, 27)","(30, 27)","(30, 27)",0,konbu17_v36
33,ex33,task133_color_bijection,False,False,mismatch,"(30, 27)","(30, 27)","(30, 27)",31,konbu17_v36
33,ex33,task133_transpose,False,False,mismatch,"(27, 30)","(27, 30)","(27, 30)",31,konbu17_v36
33,ex33,task133_mirror_lr,False,False,mismatch,"(30, 27)","(30, 27)","(30, 27)",31,konbu17_v36
33,ex33,task133_mirror_ud,False,False,mismatch,"(30, 27)","(30, 27)","(30, 27)",31,konbu17_v36
33,ex33,task133_zero_pad_top_left,False,True,"input_shape_exceeds_limit:(31, 28)>(30, 30)","(31, 28)","(31, 28)",,,
33,ex33,task133_zero_pad_bottom_right,False,True,"input_shape_exceeds_limit:(31, 28)>(30, 30)","(31, 28)","(31, 28)",,,
34,ex34,original,True,False,ok,"(13, 27)","(13, 27)","(13, 27)",0,konbu17_v36
34,ex34,task133_color_bijection,False,False,mismatch,"(13, 27)","(13, 27)","(13, 27)",10,konbu17_v36
34,ex34,task133_transpose,False,False,mismatch,"(27, 13)","(27, 13)","(27, 13)",10,konbu17_v36
34,ex34,task133_mirror_lr,False,False,mismatch,"(13, 27)","(13, 27)","(13, 27)",10,konbu17_v36
34,ex34,task133_mirror_ud,False,False,mismatch,"(13, 27)","(13, 27)","(13, 27)",10,konbu17_v36
34,ex34,task133_zero_pad_top_left,False,False,mismatch,"(14, 28)","(14, 28)","(14, 28)",10,konbu17_v36
34,ex34,task133_zero_pad_bottom_right,True,False,ok,"(14, 28)","(14, 28)","(14, 28)",0,konbu17_v36
35,ex35,original,True,False,ok,"(15, 18)","(15, 18)","(15, 18)",0,konbu17_v36
35,ex35,task133_color_bijection,False,False,mismatch,"(15, 18)","(15, 18)","(15, 18)",3,konbu17_v36
35,ex35,task133_transpose,False,False,mismatch,"(18, 15)","(18, 15)","(18, 15)",3,konbu17_v36
35,ex35,task133_mirror_lr,False,False,mismatch,"(15, 18)","(15, 18)","(15, 18)",3,konbu17_v36
35,ex35,task133_mirror_ud,False,False,mismatch,"(15, 18)","(15, 18)","(15, 18)",11,konbu17_v36
35,ex35,task133_zero_pad_top_left,False,False,mismatch,"(16, 19)","(16, 19)","(16, 19)",3,konbu17_v36
35,ex35,task133_zero_pad_bottom_right,True,False,ok,"(16, 19)","(16, 19)","(16, 19)",0,konbu17_v36
36,ex36,original,True,False,ok,"(18, 28)","(18, 28)","(18, 28)",0,konbu17_v36
36,ex36,task133_color_bijection,False,False,mismatch,"(18, 28)","(18, 28)","(18, 28)",19,konbu17_v36
36,ex36,task133_transpose,False,False,mismatch,"(28, 18)","(28, 18)","(28, 18)",19,konbu17_v36
36,ex36,task133_mirror_lr,False,False,mismatch,"(18, 28)","(18, 28)","(18, 28)",19,konbu17_v36
36,ex36,task133_mirror_ud,False,False,mismatch,"(18, 28)","(18, 28)","(18, 28)",19,konbu17_v36
36,ex36,task133_zero_pad_top_left,False,False,mismatch,"(19, 29)","(19, 29)","(19, 29)",19,konbu17_v36
36,ex36,task133_zero_pad_bottom_right,True,False,ok,"(19, 29)","(19, 29)","(19, 29)",0,konbu17_v36
37,ex37,original,True,False,ok,"(19, 29)","(19, 29)","(19, 29)",0,konbu17_v36
37,ex37,task133_color_bijection,False,False,mismatch,"(19, 29)","(19, 29)","(19, 29)",12,konbu17_v36
37,ex37,task133_transpose,False,False,mismatch,"(29, 19)","(29, 19)","(29, 19)",12,konbu17_v36
37,ex37,task133_mirror_lr,False,False,mismatch,"(19, 29)","(19, 29)","(19, 29)",12,konbu17_v36
37,ex37,task133_mirror_ud,False,False,mismatch,"(19, 29)","(19, 29)","(19, 29)",12,konbu17_v36
37,ex37,task133_zero_pad_top_left,False,False,mismatch,"(20, 30)","(20, 30)","(20, 30)",12,konbu17_v36
37,ex37,task133_zero_pad_bottom_right,True,False,ok,"(20, 30)","(20, 30)","(20, 30)",0,konbu17_v36
38,ex38,original,True,False,ok,"(18, 24)","(18, 24)","(18, 24)",0,konbu17_v36
38,ex38,task133_color_bijection,False,False,mismatch,"(18, 24)","(18, 24)","(18, 24)",33,konbu17_v36
38,ex38,task133_transpose,False,False,mismatch,"(24, 18)","(24, 18)","(24, 18)",33,konbu17_v36
38,ex38,task133_mirror_lr,False,False,mismatch,"(18, 24)","(18, 24)","(18, 24)",44,konbu17_v36
38,ex38,task133_mirror_ud,False,False,mismatch,"(18, 24)","(18, 24)","(18, 24)",33,konbu17_v36
38,ex38,task133_zero_pad_top_left,False,False,mismatch,"(19, 25)","(19, 25)","(19, 25)",33,konbu17_v36
38,ex38,task133_zero_pad_bottom_right,True,False,ok,"(19, 25)","(19, 25)","(19, 25)",0,konbu17_v36
39,ex39,original,True,False,ok,"(24, 28)","(24, 28)","(24, 28)",0,konbu17_v36
39,ex39,task133_color_bijection,False,False,mismatch,"(24, 28)","(24, 28)","(24, 28)",11,konbu17_v36
39,ex39,task133_transpose,False,False,mismatch,"(28, 24)","(28, 24)","(28, 24)",11,konbu17_v36
39,ex39,task133_mirror_lr,False,False,mismatch,"(24, 28)","(24, 28)","(24, 28)",11,konbu17_v36
39,ex39,task133_mirror_ud,False,False,mismatch,"(24, 28)","(24, 28)","(24, 28)",11,konbu17_v36
39,ex39,task133_zero_pad_top_left,False,False,mismatch,"(25, 29)","(25, 29)","(25, 29)",11,konbu17_v36
39,ex39,task133_zero_pad_bottom_right,True,False,ok,"(25, 29)","(25, 29)","(25, 29)",0,konbu17_v36
40,ex40,original,True,False,ok,"(24, 20)","(24, 20)","(24, 20)",0,konbu17_v36
40,ex40,task133_color_bijection,False,False,mismatch,"(24, 20)","(24, 20)","(24, 20)",19,konbu17_v36
40,ex40,task133_transpose,False,False,mismatch,"(20, 24)","(20, 24)","(20, 24)",19,konbu17_v36
40,ex40,task133_mirror_lr,False,False,mismatch,"(24, 20)","(24, 20)","(24, 20)",17,konbu17_v36
40,ex40,task133_mirror_ud,False,False,mismatch,"(24, 20)","(24, 20)","(24, 20)",19,konbu17_v36
40,ex40,task133_zero_pad_top_left,False,False,mismatch,"(25, 21)","(25, 21)","(25, 21)",19,konbu17_v36
40,ex40,task133_zero_pad_bottom_right,True,False,ok,"(25, 21)","(25, 21)","(25, 21)",0,konbu17_v36
41,ex41,original,True,False,ok,"(19, 30)","(19, 30)","(19, 30)",0,konbu17_v36
41,ex41,task133_color_bijection,False,False,mismatch,"(19, 30)","(19, 30)","(19, 30)",21,konbu17_v36
41,ex41,task133_transpose,False,False,mismatch,"(30, 19)","(30, 19)","(30, 19)",21,konbu17_v36
41,ex41,task133_mirror_lr,False,False,mismatch,"(19, 30)","(19, 30)","(19, 30)",21,konbu17_v36
41,ex41,task133_mirror_ud,False,False,mismatch,"(19, 30)","(19, 30)","(19, 30)",21,konbu17_v36
41,ex41,task133_zero_pad_top_left,False,True,"input_shape_exceeds_limit:(20, 31)>(30, 30)","(20, 31)","(20, 31)",,,
41,ex41,task133_zero_pad_bottom_right,False,True,"input_shape_exceeds_limit:(20, 31)>(30, 30)","(20, 31)","(20, 31)",,,
42,ex42,original,True,False,ok,"(26, 29)","(26, 29)","(26, 29)",0,konbu17_v36
42,ex42,task133_color_bijection,False,False,mismatch,"(26, 29)","(26, 29)","(26, 29)",6,konbu17_v36
42,ex42,task133_transpose,False,False,mismatch,"(29, 26)","(29, 26)","(29, 26)",6,konbu17_v36
42,ex42,task133_mirror_lr,False,False,mismatch,"(26, 29)","(26, 29)","(26, 29)",6,konbu17_v36
42,ex42,task133_mirror_ud,False,False,mismatch,"(26, 29)","(26, 29)","(26, 29)",6,konbu17_v36
42,ex42,task133_zero_pad_top_left,False,False,mismatch,"(27, 30)","(27, 30)","(27, 30)",6,konbu17_v36
42,ex42,task133_zero_pad_bottom_right,True,False,ok,"(27, 30)","(27, 30)","(27, 30)",0,konbu17_v36
43,ex43,original,True,False,ok,"(26, 15)","(26, 15)","(26, 15)",0,konbu17_v36
43,ex43,task133_color_bijection,False,False,mismatch,"(26, 15)","(26, 15)","(26, 15)",3,konbu17_v36
43,ex43,task133_transpose,False,False,mismatch,"(15, 26)","(15, 26)","(15, 26)",3,konbu17_v36
43,ex43,task133_mirror_lr,False,False,mismatch,"(26, 15)","(26, 15)","(26, 15)",3,konbu17_v36
43,ex43,task133_mirror_ud,False,False,mismatch,"(26, 15)","(26, 15)","(26, 15)",3,konbu17_v36
43,ex43,task133_zero_pad_top_left,False,False,mismatch,"(27, 16)","(27, 16)","(27, 16)",2,konbu17_v36
43,ex43,task133_zero_pad_bottom_right,True,False,ok,"(27, 16)","(27, 16)","(27, 16)",0,konbu17_v36
44,ex44,original,True,False,ok,"(24, 19)","(24, 19)","(24, 19)",0,konbu17_v36
44,ex44,task133_color_bijection,False,False,mismatch,"(24, 19)","(24, 19)","(24, 19)",7,konbu17_v36
44,ex44,task133_transpose,False,False,mismatch,"(19, 24)","(19, 24)","(19, 24)",7,konbu17_v36
44,ex44,task133_mirror_lr,False,False,mismatch,"(24, 19)","(24, 19)","(24, 19)",7,konbu17_v36
44,ex44,task133_mirror_ud,False,False,mismatch,"(24, 19)","(24, 19)","(24, 19)",7,konbu17_v36
44,ex44,task133_zero_pad_top_left,False,False,mismatch,"(25, 20)","(25, 20)","(25, 20)",7,konbu17_v36
44,ex44,task133_zero_pad_bottom_right,True,False,ok,"(25, 20)","(25, 20)","(25, 20)",0,konbu17_v36
45,ex45,original,True,False,ok,"(20, 30)","(20, 30)","(20, 30)",0,konbu17_v36
45,ex45,task133_color_bijection,False,False,mismatch,"(20, 30)","(20, 30)","(20, 30)",15,konbu17_v36
45,ex45,task133_transpose,False,False,mismatch,"(30, 20)","(30, 20)","(30, 20)",15,konbu17_v36
45,ex45,task133_mirror_lr,False,False,mismatch,"(20, 30)","(20, 30)","(20, 30)",15,konbu17_v36
45,ex45,task133_mirror_ud,False,False,mismatch,"(20, 30)","(20, 30)","(20, 30)",15,konbu17_v36
45,ex45,task133_zero_pad_top_left,False,True,"input_shape_exceeds_limit:(21, 31)>(30, 30)","(21, 31)","(21, 31)",,,
45,ex45,task133_zero_pad_bottom_right,False,True,"input_shape_exceeds_limit:(21, 31)>(30, 30)","(21, 31)","(21, 31)",,,
46,ex46,original,True,False,ok,"(27, 22)","(27, 22)","(27, 22)",0,konbu17_v36
46,ex46,task133_color_bijection,False,False,mismatch,"(27, 22)","(27, 22)","(27, 22)",28,konbu17_v36
46,ex46,task133_transpose,False,False,mismatch,"(22, 27)","(22, 27)","(22, 27)",28,konbu17_v36
46,ex46,task133_mirror_lr,False,False,mismatch,"(27, 22)","(27, 22)","(27, 22)",28,konbu17_v36
46,ex46,task133_mirror_ud,False,False,mismatch,"(27, 22)","(27, 22)","(27, 22)",28,konbu17_v36
46,ex46,task133_zero_pad_top_left,False,False,mismatch,"(28, 23)","(28, 23)","(28, 23)",28,konbu17_v36
46,ex46,task133_zero_pad_bottom_right,True,False,ok,"(28, 23)","(28, 23)","(28, 23)",0,konbu17_v36
47,ex47,original,True,False,ok,"(30, 21)","(30, 21)","(30, 21)",0,konbu17_v36
47,ex47,task133_color_bijection,False,False,mismatch,"(30, 21)","(30, 21)","(30, 21)",2,konbu17_v36
47,ex47,task133_transpose,False,False,mismatch,"(21, 30)","(21, 30)","(21, 30)",2,konbu17_v36
47,ex47,task133_mirror_lr,False,False,mismatch,"(30, 21)","(30, 21)","(30, 21)",2,konbu17_v36
47,ex47,task133_mirror_ud,False,False,mismatch,"(30, 21)","(30, 21)","(30, 21)",2,konbu17_v36
47,ex47,task133_zero_pad_top_left,False,True,"input_shape_exceeds_limit:(31, 22)>(30, 30)","(31, 22)","(31, 22)",,,
47,ex47,task133_zero_pad_bottom_right,False,True,"input_shape_exceeds_limit:(31, 22)>(30, 30)","(31, 22)","(31, 22)",,,
48,ex48,original,True,False,ok,"(25, 27)","(25, 27)","(25, 27)",0,konbu17_v36
48,ex48,task133_color_bijection,False,False,mismatch,"(25, 27)","(25, 27)","(25, 27)",22,konbu17_v36
48,ex48,task133_transpose,False,False,mismatch,"(27, 25)","(27, 25)","(27, 25)",22,konbu17_v36
48,ex48,task133_mirror_lr,False,False,mismatch,"(25, 27)","(25, 27)","(25, 27)",22,konbu17_v36
48,ex48,task133_mirror_ud,False,False,mismatch,"(25, 27)","(25, 27)","(25, 27)",22,konbu17_v36
48,ex48,task133_zero_pad_top_left,False,False,mismatch,"(26, 28)","(26, 28)","(26, 28)",22,konbu17_v36
48,ex48,task133_zero_pad_bottom_right,True,False,ok,"(26, 28)","(26, 28)","(26, 28)",0,konbu17_v36
49,ex49,original,True,False,ok,"(21, 20)","(21, 20)","(21, 20)",0,konbu17_v36
49,ex49,task133_color_bijection,False,False,mismatch,"(21, 20)","(21, 20)","(21, 20)",11,konbu17_v36
49,ex49,task133_transpose,False,False,mismatch,"(20, 21)","(20, 21)","(20, 21)",11,konbu17_v36
49,ex49,task133_mirror_lr,False,False,mismatch,"(21, 20)","(21, 20)","(21, 20)",11,konbu17_v36
49,ex49,task133_mirror_ud,False,False,mismatch,"(21, 20)","(21, 20)","(21, 20)",11,konbu17_v36
49,ex49,task133_zero_pad_top_left,False,False,mismatch,"(22, 21)","(22, 21)","(22, 21)",11,konbu17_v36
49,ex49,task133_zero_pad_bottom_right,True,False,ok,"(22, 21)","(22, 21)","(22, 21)",0,konbu17_v36
50,ex50,original,True,False,ok,"(20, 26)","(20, 26)","(20, 26)",0,konbu17_v36
50,ex50,task133_color_bijection,False,False,mismatch,"(20, 26)","(20, 26)","(20, 26)",25,konbu17_v36
50,ex50,task133_transpose,False,False,mismatch,"(26, 20)","(26, 20)","(26, 20)",25,konbu17_v36
50,ex50,task133_mirror_lr,False,False,mismatch,"(20, 26)","(20, 26)","(20, 26)",25,konbu17_v36
50,ex50,task133_mirror_ud,False,False,mismatch,"(20, 26)","(20, 26)","(20, 26)",25,konbu17_v36
50,ex50,task133_zero_pad_top_left,False,False,mismatch,"(21, 27)","(21, 27)","(21, 27)",25,konbu17_v36
50,ex50,task133_zero_pad_bottom_right,True,False,ok,"(21, 27)","(21, 27)","(21, 27)",0,konbu17_v36
51,ex51,original,True,False,ok,"(28, 14)","(28, 14)","(28, 14)",0,konbu17_v36
51,ex51,task133_color_bijection,False,False,mismatch,"(28, 14)","(28, 14)","(28, 14)",3,konbu17_v36
51,ex51,task133_transpose,False,False,mismatch,"(14, 28)","(14, 28)","(14, 28)",3,konbu17_v36
51,ex51,task133_mirror_lr,False,False,mismatch,"(28, 14)","(28, 14)","(28, 14)",3,konbu17_v36
51,ex51,task133_mirror_ud,False,False,mismatch,"(28, 14)","(28, 14)","(28, 14)",3,konbu17_v36
51,ex51,task133_zero_pad_top_left,False,False,mismatch,"(29, 15)","(29, 15)","(29, 15)",3,konbu17_v36
51,ex51,task133_zero_pad_bottom_right,True,False,ok,"(29, 15)","(29, 15)","(29, 15)",0,konbu17_v36
52,ex52,original,True,False,ok,"(13, 24)","(13, 24)","(13, 24)",0,konbu17_v36
52,ex52,task133_color_bijection,False,False,mismatch,"(13, 24)","(13, 24)","(13, 24)",11,konbu17_v36
52,ex52,task133_transpose,False,False,mismatch,"(24, 13)","(24, 13)","(24, 13)",11,konbu17_v36
52,ex52,task133_mirror_lr,False,False,mismatch,"(13, 24)","(13, 24)","(13, 24)",11,konbu17_v36
52,ex52,task133_mirror_ud,False,False,mismatch,"(13, 24)","(13, 24)","(13, 24)",11,konbu17_v36
52,ex52,task133_zero_pad_top_left,False,False,mismatch,"(14, 25)","(14, 25)","(14, 25)",11,konbu17_v36
52,ex52,task133_zero_pad_bottom_right,True,False,ok,"(14, 25)","(14, 25)","(14, 25)",0,konbu17_v36
53,ex53,original,True,False,ok,"(26, 28)","(26, 28)","(26, 28)",0,konbu17_v36
53,ex53,task133_color_bijection,False,False,mismatch,"(26, 28)","(26, 28)","(26, 28)",3,konbu17_v36
53,ex53,task133_transpose,False,False,mismatch,"(28, 26)","(28, 26)","(28, 26)",3,konbu17_v36
53,ex53,task133_mirror_lr,False,False,mismatch,"(26, 28)","(26, 28)","(26, 28)",3,konbu17_v36
53,ex53,task133_mirror_ud,False,False,mismatch,"(26, 28)","(26, 28)","(26, 28)",4,konbu17_v36
53,ex53,task133_zero_pad_top_left,False,False,mismatch,"(27, 29)","(27, 29)","(27, 29)",3,konbu17_v36
53,ex53,task133_zero_pad_bottom_right,True,False,ok,"(27, 29)","(27, 29)","(27, 29)",0,konbu17_v36
54,ex54,original,True,False,ok,"(28, 30)","(28, 30)","(28, 30)",0,konbu17_v36
54,ex54,task133_color_bijection,False,False,mismatch,"(28, 30)","(28, 30)","(28, 30)",10,konbu17_v36
54,ex54,task133_transpose,False,False,mismatch,"(30, 28)","(30, 28)","(30, 28)",10,konbu17_v36
54,ex54,task133_mirror_lr,False,False,mismatch,"(28, 30)","(28, 30)","(28, 30)",10,konbu17_v36
54,ex54,task133_mirror_ud,False,False,mismatch,"(28, 30)","(28, 30)","(28, 30)",10,konbu17_v36
54,ex54,task133_zero_pad_top_left,False,True,"input_shape_exceeds_limit:(29, 31)>(30, 30)","(29, 31)","(29, 31)",,,
54,ex54,task133_zero_pad_bottom_right,False,True,"input_shape_exceeds_limit:(29, 31)>(30, 30)","(29, 31)","(29, 31)",,,
55,ex55,original,True,False,ok,"(20, 19)","(20, 19)","(20, 19)",0,konbu17_v36
55,ex55,task133_color_bijection,False,False,mismatch,"(20, 19)","(20, 19)","(20, 19)",4,konbu17_v36
55,ex55,task133_transpose,False,False,mismatch,"(19, 20)","(19, 20)","(19, 20)",4,konbu17_v36
55,ex55,task133_mirror_lr,False,False,mismatch,"(20, 19)","(20, 19)","(20, 19)",4,konbu17_v36
55,ex55,task133_mirror_ud,False,False,mismatch,"(20, 19)","(20, 19)","(20, 19)",4,konbu17_v36
55,ex55,task133_zero_pad_top_left,False,False,mismatch,"(21, 20)","(21, 20)","(21, 20)",4,konbu17_v36
55,ex55,task133_zero_pad_bottom_right,True,False,ok,"(21, 20)","(21, 20)","(21, 20)",0,konbu17_v36
56,ex56,original,True,False,ok,"(12, 26)","(12, 26)","(12, 26)",0,konbu17_v36
56,ex56,task133_color_bijection,False,False,mismatch,"(12, 26)","(12, 26)","(12, 26)",10,konbu17_v36
56,ex56,task133_transpose,False,False,mismatch,"(26, 12)","(26, 12)","(26, 12)",10,konbu17_v36
56,ex56,task133_mirror_lr,False,False,mismatch,"(12, 26)","(12, 26)","(12, 26)",10,konbu17_v36
56,ex56,task133_mirror_ud,False,False,mismatch,"(12, 26)","(12, 26)","(12, 26)",10,konbu17_v36
56,ex56,task133_zero_pad_top_left,False,False,mismatch,"(13, 27)","(13, 27)","(13, 27)",10,konbu17_v36
56,ex56,task133_zero_pad_bottom_right,True,False,ok,"(13, 27)","(13, 27)","(13, 27)",0,konbu17_v36
57,ex57,original,True,False,ok,"(13, 19)","(13, 19)","(13, 19)",0,konbu17_v36
57,ex57,task133_color_bijection,False,False,mismatch,"(13, 19)","(13, 19)","(13, 19)",5,konbu17_v36
57,ex57,task133_transpose,False,False,mismatch,"(19, 13)","(19, 13)","(19, 13)",5,konbu17_v36
57,ex57,task133_mirror_lr,False,False,mismatch,"(13, 19)","(13, 19)","(13, 19)",5,konbu17_v36
57,ex57,task133_mirror_ud,False,False,mismatch,"(13, 19)","(13, 19)","(13, 19)",5,konbu17_v36
57,ex57,task133_zero_pad_top_left,False,False,mismatch,"(14, 20)","(14, 20)","(14, 20)",5,konbu17_v36
57,ex57,task133_zero_pad_bottom_right,True,False,ok,"(14, 20)","(14, 20)","(14, 20)",0,konbu17_v36
58,ex58,original,True,False,ok,"(25, 20)","(25, 20)","(25, 20)",0,konbu17_v36
58,ex58,task133_color_bijection,False,False,mismatch,"(25, 20)","(25, 20)","(25, 20)",4,konbu17_v36
58,ex58,task133_transpose,False,False,mismatch,"(20, 25)","(20, 25)","(20, 25)",4,konbu17_v36
58,ex58,task133_mirror_lr,False,False,mismatch,"(25, 20)","(25, 20)","(25, 20)",4,konbu17_v36
58,ex58,task133_mirror_ud,False,False,mismatch,"(25, 20)","(25, 20)","(25, 20)",4,konbu17_v36
58,ex58,task133_zero_pad_top_left,False,False,mismatch,"(26, 21)","(26, 21)","(26, 21)",4,konbu17_v36
58,ex58,task133_zero_pad_bottom_right,True,False,ok,"(26, 21)","(26, 21)","(26, 21)",0,konbu17_v36
59,ex59,original,True,False,ok,"(24, 27)","(24, 27)","(24, 27)",0,konbu17_v36
59,ex59,task133_color_bijection,False,False,mismatch,"(24, 27)","(24, 27)","(24, 27)",55,konbu17_v36
59,ex59,task133_transpose,False,False,mismatch,"(27, 24)","(27, 24)","(27, 24)",55,konbu17_v36
59,ex59,task133_mirror_lr,False,False,mismatch,"(24, 27)","(24, 27)","(24, 27)",55,konbu17_v36
59,ex59,task133_mirror_ud,False,False,mismatch,"(24, 27)","(24, 27)","(24, 27)",55,konbu17_v36
59,ex59,task133_zero_pad_top_left,False,False,mismatch,"(25, 28)","(25, 28)","(25, 28)",55,konbu17_v36
59,ex59,task133_zero_pad_bottom_right,True,False,ok,"(25, 28)","(25, 28)","(25, 28)",0,konbu17_v36
60,ex60,original,True,False,ok,"(10, 30)","(10, 30)","(10, 30)",0,konbu17_v36
60,ex60,task133_color_bijection,False,False,mismatch,"(10, 30)","(10, 30)","(10, 30)",28,konbu17_v36
60,ex60,task133_transpose,False,False,mismatch,"(30, 10)","(30, 10)","(30, 10)",28,konbu17_v36
60,ex60,task133_mirror_lr,False,False,mismatch,"(10, 30)","(10, 30)","(10, 30)",28,konbu17_v36
60,ex60,task133_mirror_ud,False,False,mismatch,"(10, 30)","(10, 30)","(10, 30)",28,konbu17_v36
60,ex60,task133_zero_pad_top_left,False,True,"input_shape_exceeds_limit:(11, 31)>(30, 30)","(11, 31)","(11, 31)",,,
60,ex60,task133_zero_pad_bottom_right,False,True,"input_shape_exceeds_limit:(11, 31)>(30, 30)","(11, 31)","(11, 31)",,,
61,ex61,original,True,False,ok,"(30, 15)","(30, 15)","(30, 15)",0,konbu17_v36
61,ex61,task133_color_bijection,False,False,mismatch,"(30, 15)","(30, 15)","(30, 15)",24,konbu17_v36
61,ex61,task133_transpose,False,False,mismatch,"(15, 30)","(15, 30)","(15, 30)",25,konbu17_v36
61,ex61,task133_mirror_lr,False,False,mismatch,"(30, 15)","(30, 15)","(30, 15)",29,konbu17_v36
61,ex61,task133_mirror_ud,False,False,mismatch,"(30, 15)","(30, 15)","(30, 15)",25,konbu17_v36
61,ex61,task133_zero_pad_top_left,False,True,"input_shape_exceeds_limit:(31, 16)>(30, 30)","(31, 16)","(31, 16)",,,
61,ex61,task133_zero_pad_bottom_right,False,True,"input_shape_exceeds_limit:(31, 16)>(30, 30)","(31, 16)","(31, 16)",,,
62,ex62,original,True,False,ok,"(26, 25)","(26, 25)","(26, 25)",0,konbu17_v36
62,ex62,task133_color_bijection,False,False,mismatch,"(26, 25)","(26, 25)","(26, 25)",34,konbu17_v36
62,ex62,task133_transpose,False,False,mismatch,"(25, 26)","(25, 26)","(25, 26)",34,konbu17_v36
62,ex62,task133_mirror_lr,False,False,mismatch,"(26, 25)","(26, 25)","(26, 25)",34,konbu17_v36
62,ex62,task133_mirror_ud,False,False,mismatch,"(26, 25)","(26, 25)","(26, 25)",34,konbu17_v36
62,ex62,task133_zero_pad_top_left,False,False,mismatch,"(27, 26)","(27, 26)","(27, 26)",34,konbu17_v36
62,ex62,task133_zero_pad_bottom_right,True,False,ok,"(27, 26)","(27, 26)","(27, 26)",0,konbu17_v36
63,ex63,original,True,False,ok,"(14, 20)","(14, 20)","(14, 20)",0,konbu17_v36
63,ex63,task133_color_bijection,False,False,mismatch,"(14, 20)","(14, 20)","(14, 20)",2,konbu17_v36
63,ex63,task133_transpose,False,False,mismatch,"(20, 14)","(20, 14)","(20, 14)",2,konbu17_v36
63,ex63,task133_mirror_lr,False,False,mismatch,"(14, 20)","(14, 20)","(14, 20)",2,konbu17_v36
63,ex63,task133_mirror_ud,False,False,mismatch,"(14, 20)","(14, 20)","(14, 20)",2,konbu17_v36
63,ex63,task133_zero_pad_top_left,False,False,mismatch,"(15, 21)","(15, 21)","(15, 21)",2,konbu17_v36
63,ex63,task133_zero_pad_bottom_right,True,False,ok,"(15, 21)","(15, 21)","(15, 21)",0,konbu17_v36
64,ex64,original,True,False,ok,"(10, 16)","(10, 16)","(10, 16)",0,konbu17_v36
64,ex64,task133_color_bijection,False,False,mismatch,"(10, 16)","(10, 16)","(10, 16)",5,konbu17_v36
64,ex64,task133_transpose,False,False,mismatch,"(16, 10)","(16, 10)","(16, 10)",5,konbu17_v36
64,ex64,task133_mirror_lr,False,False,mismatch,"(10, 16)","(10, 16)","(10, 16)",5,konbu17_v36
64,ex64,task133_mirror_ud,False,False,mismatch,"(10, 16)","(10, 16)","(10, 16)",5,konbu17_v36
64,ex64,task133_zero_pad_top_left,False,False,mismatch,"(11, 17)","(11, 17)","(11, 17)",5,konbu17_v36
64,ex64,task133_zero_pad_bottom_right,True,False,ok,"(11, 17)","(11, 17)","(11, 17)",0,konbu17_v36
65,ex65,original,True,False,ok,"(19, 13)","(19, 13)","(19, 13)",0,konbu17_v36
65,ex65,task133_color_bijection,False,False,mismatch,"(19, 13)","(19, 13)","(19, 13)",9,konbu17_v36
65,ex65,task133_transpose,False,False,mismatch,"(13, 19)","(13, 19)","(13, 19)",4,konbu17_v36
65,ex65,task133_mirror_lr,False,False,mismatch,"(19, 13)","(19, 13)","(19, 13)",4,konbu17_v36
65,ex65,task133_mirror_ud,False,False,mismatch,"(19, 13)","(19, 13)","(19, 13)",4,konbu17_v36
65,ex65,task133_zero_pad_top_left,False,False,mismatch,"(20, 14)","(20, 14)","(20, 14)",4,konbu17_v36
65,ex65,task133_zero_pad_bottom_right,True,False,ok,"(20, 14)","(20, 14)","(20, 14)",0,konbu17_v36
66,ex66,original,True,False,ok,"(28, 27)","(28, 27)","(28, 27)",0,konbu17_v36
66,ex66,task133_color_bijection,False,False,mismatch,"(28, 27)","(28, 27)","(28, 27)",28,konbu17_v36
66,ex66,task133_transpose,False,False,mismatch,"(27, 28)","(27, 28)","(27, 28)",28,konbu17_v36
66,ex66,task133_mirror_lr,False,False,mismatch,"(28, 27)","(28, 27)","(28, 27)",28,konbu17_v36
66,ex66,task133_mirror_ud,False,False,mismatch,"(28, 27)","(28, 27)","(28, 27)",28,konbu17_v36
66,ex66,task133_zero_pad_top_left,False,False,mismatch,"(29, 28)","(29, 28)","(29, 28)",28,konbu17_v36
66,ex66,task133_zero_pad_bottom_right,True,False,ok,"(29, 28)","(29, 28)","(29, 28)",0,konbu17_v36
67,ex67,original,True,False,ok,"(14, 17)","(14, 17)","(14, 17)",0,konbu17_v36
67,ex67,task133_color_bijection,False,False,mismatch,"(14, 17)","(14, 17)","(14, 17)",10,konbu17_v36
67,ex67,task133_transpose,False,False,mismatch,"(17, 14)","(17, 14)","(17, 14)",10,konbu17_v36
67,ex67,task133_mirror_lr,False,False,mismatch,"(14, 17)","(14, 17)","(14, 17)",10,konbu17_v36
67,ex67,task133_mirror_ud,False,False,mismatch,"(14, 17)","(14, 17)","(14, 17)",10,konbu17_v36
67,ex67,task133_zero_pad_top_left,False,False,mismatch,"(15, 18)","(15, 18)","(15, 18)",10,konbu17_v36
67,ex67,task133_zero_pad_bottom_right,True,False,ok,"(15, 18)","(15, 18)","(15, 18)",0,konbu17_v36
68,ex68,original,True,False,ok,"(24, 29)","(24, 29)","(24, 29)",0,konbu17_v36
68,ex68,task133_color_bijection,False,False,mismatch,"(24, 29)","(24, 29)","(24, 29)",19,konbu17_v36
68,ex68,task133_transpose,False,False,mismatch,"(29, 24)","(29, 24)","(29, 24)",19,konbu17_v36
68,ex68,task133_mirror_lr,False,False,mismatch,"(24, 29)","(24, 29)","(24, 29)",19,konbu17_v36
68,ex68,task133_mirror_ud,False,False,mismatch,"(24, 29)","(24, 29)","(24, 29)",19,konbu17_v36
68,ex68,task133_zero_pad_top_left,False,False,mismatch,"(25, 30)","(25, 30)","(25, 30)",19,konbu17_v36
68,ex68,task133_zero_pad_bottom_right,True,False,ok,"(25, 30)","(25, 30)","(25, 30)",0,konbu17_v36
69,ex69,original,True,False,ok,"(23, 23)","(23, 23)","(23, 23)",0,konbu17_v36
69,ex69,task133_color_bijection,False,False,mismatch,"(23, 23)","(23, 23)","(23, 23)",11,konbu17_v36
69,ex69,task133_transpose,False,False,mismatch,"(23, 23)","(23, 23)","(23, 23)",11,konbu17_v36
69,ex69,task133_mirror_lr,False,False,mismatch,"(23, 23)","(23, 23)","(23, 23)",11,konbu17_v36
69,ex69,task133_mirror_ud,False,False,mismatch,"(23, 23)","(23, 23)","(23, 23)",11,konbu17_v36
69,ex69,task133_zero_pad_top_left,False,False,mismatch,"(24, 24)","(24, 24)","(24, 24)",11,konbu17_v36
69,ex69,task133_zero_pad_bottom_right,True,False,ok,"(24, 24)","(24, 24)","(24, 24)",0,konbu17_v36
70,ex70,original,True,False,ok,"(21, 29)","(21, 29)","(21, 29)",0,konbu17_v36
70,ex70,task133_color_bijection,False,False,mismatch,"(21, 29)","(21, 29)","(21, 29)",2,konbu17_v36
70,ex70,task133_transpose,False,False,mismatch,"(29, 21)","(29, 21)","(29, 21)",2,konbu17_v36
70,ex70,task133_mirror_lr,False,False,mismatch,"(21, 29)","(21, 29)","(21, 29)",2,konbu17_v36
70,ex70,task133_mirror_ud,False,False,mismatch,"(21, 29)","(21, 29)","(21, 29)",2,konbu17_v36
70,ex70,task133_zero_pad_top_left,False,False,mismatch,"(22, 30)","(22, 30)","(22, 30)",2,konbu17_v36
70,ex70,task133_zero_pad_bottom_right,True,False,ok,"(22, 30)","(22, 30)","(22, 30)",0,konbu17_v36
71,ex71,original,True,False,ok,"(25, 24)","(25, 24)","(25, 24)",0,konbu17_v36
71,ex71,task133_color_bijection,False,False,mismatch,"(25, 24)","(25, 24)","(25, 24)",9,konbu17_v36
71,ex71,task133_transpose,False,False,mismatch,"(24, 25)","(24, 25)","(24, 25)",9,konbu17_v36
71,ex71,task133_mirror_lr,False,False,mismatch,"(25, 24)","(25, 24)","(25, 24)",9,konbu17_v36
71,ex71,task133_mirror_ud,False,False,mismatch,"(25, 24)","(25, 24)","(25, 24)",9,konbu17_v36
71,ex71,task133_zero_pad_top_left,False,False,mismatch,"(26, 25)","(26, 25)","(26, 25)",9,konbu17_v36
71,ex71,task133_zero_pad_bottom_right,True,False,ok,"(26, 25)","(26, 25)","(26, 25)",0,konbu17_v36
72,ex72,original,True,False,ok,"(28, 26)","(28, 26)","(28, 26)",0,konbu17_v36
72,ex72,task133_color_bijection,False,False,mismatch,"(28, 26)","(28, 26)","(28, 26)",64,konbu17_v36
72,ex72,task133_transpose,False,False,mismatch,"(26, 28)","(26, 28)","(26, 28)",64,konbu17_v36
72,ex72,task133_mirror_lr,False,False,mismatch,"(28, 26)","(28, 26)","(28, 26)",64,konbu17_v36
72,ex72,task133_mirror_ud,False,False,mismatch,"(28, 26)","(28, 26)","(28, 26)",64,konbu17_v36
72,ex72,task133_zero_pad_top_left,False,False,mismatch,"(29, 27)","(29, 27)","(29, 27)",64,konbu17_v36
72,ex72,task133_zero_pad_bottom_right,True,False,ok,"(29, 27)","(29, 27)","(29, 27)",0,konbu17_v36
73,ex73,original,True,False,ok,"(19, 24)","(19, 24)","(19, 24)",0,konbu17_v36
73,ex73,task133_color_bijection,False,False,mismatch,"(19, 24)","(19, 24)","(19, 24)",25,konbu17_v36
73,ex73,task133_transpose,False,False,mismatch,"(24, 19)","(24, 19)","(24, 19)",25,konbu17_v36
73,ex73,task133_mirror_lr,False,False,mismatch,"(19, 24)","(19, 24)","(19, 24)",25,konbu17_v36
73,ex73,task133_mirror_ud,False,False,mismatch,"(19, 24)","(19, 24)","(19, 24)",25,konbu17_v36
73,ex73,task133_zero_pad_top_left,False,False,mismatch,"(20, 25)","(20, 25)","(20, 25)",25,konbu17_v36
73,ex73,task133_zero_pad_bottom_right,True,False,ok,"(20, 25)","(20, 25)","(20, 25)",0,konbu17_v36
74,ex74,original,True,False,ok,"(26, 29)","(26, 29)","(26, 29)",0,konbu17_v36
74,ex74,task133_color_bijection,False,False,mismatch,"(26, 29)","(26, 29)","(26, 29)",28,konbu17_v36
74,ex74,task133_transpose,False,False,mismatch,"(29, 26)","(29, 26)","(29, 26)",28,konbu17_v36
74,ex74,task133_mirror_lr,False,False,mismatch,"(26, 29)","(26, 29)","(26, 29)",28,konbu17_v36
74,ex74,task133_mirror_ud,False,False,mismatch,"(26, 29)","(26, 29)","(26, 29)",28,konbu17_v36
74,ex74,task133_zero_pad_top_left,False,False,mismatch,"(27, 30)","(27, 30)","(27, 30)",28,konbu17_v36
74,ex74,task133_zero_pad_bottom_right,True,False,ok,"(27, 30)","(27, 30)","(27, 30)",0,konbu17_v36
75,ex75,original,True,False,ok,"(20, 30)","(20, 30)","(20, 30)",0,konbu17_v36
75,ex75,task133_color_bijection,False,False,mismatch,"(20, 30)","(20, 30)","(20, 30)",28,konbu17_v36
75,ex75,task133_transpose,False,False,mismatch,"(30, 20)","(30, 20)","(30, 20)",28,konbu17_v36
75,ex75,task133_mirror_lr,False,False,mismatch,"(20, 30)","(20, 30)","(20, 30)",28,konbu17_v36
75,ex75,task133_mirror_ud,False,False,mismatch,"(20, 30)","(20, 30)","(20, 30)",28,konbu17_v36
75,ex75,task133_zero_pad_top_left,False,True,"input_shape_exceeds_limit:(21, 31)>(30, 30)","(21, 31)","(21, 31)",,,
75,ex75,task133_zero_pad_bottom_right,False,True,"input_shape_exceeds_limit:(21, 31)>(30, 30)","(21, 31)","(21, 31)",,,
76,ex76,original,True,False,ok,"(17, 16)","(17, 16)","(17, 16)",0,konbu17_v36
76,ex76,task133_color_bijection,False,False,mismatch,"(17, 16)","(17, 16)","(17, 16)",2,konbu17_v36
76,ex76,task133_transpose,False,False,mismatch,"(16, 17)","(16, 17)","(16, 17)",2,konbu17_v36
76,ex76,task133_mirror_lr,False,False,mismatch,"(17, 16)","(17, 16)","(17, 16)",2,konbu17_v36
76,ex76,task133_mirror_ud,False,False,mismatch,"(17, 16)","(17, 16)","(17, 16)",2,konbu17_v36
76,ex76,task133_zero_pad_top_left,False,False,mismatch,"(18, 17)","(18, 17)","(18, 17)",2,konbu17_v36
76,ex76,task133_zero_pad_bottom_right,True,False,ok,"(18, 17)","(18, 17)","(18, 17)",0,konbu17_v36
77,ex77,original,True,False,ok,"(13, 22)","(13, 22)","(13, 22)",0,konbu17_v36
77,ex77,task133_color_bijection,False,False,mismatch,"(13, 22)","(13, 22)","(13, 22)",5,konbu17_v36
77,ex77,task133_transpose,False,False,mismatch,"(22, 13)","(22, 13)","(22, 13)",5,konbu17_v36
77,ex77,task133_mirror_lr,False,False,mismatch,"(13, 22)","(13, 22)","(13, 22)",5,konbu17_v36
77,ex77,task133_mirror_ud,False,False,mismatch,"(13, 22)","(13, 22)","(13, 22)",5,konbu17_v36
77,ex77,task133_zero_pad_top_left,False,False,mismatch,"(14, 23)","(14, 23)","(14, 23)",5,konbu17_v36
77,ex77,task133_zero_pad_bottom_right,True,False,ok,"(14, 23)","(14, 23)","(14, 23)",0,konbu17_v36
78,ex78,original,True,False,ok,"(28, 29)","(28, 29)","(28, 29)",0,konbu17_v36
78,ex78,task133_color_bijection,False,False,mismatch,"(28, 29)","(28, 29)","(28, 29)",2,konbu17_v36
78,ex78,task133_transpose,False,False,mismatch,"(29, 28)","(29, 28)","(29, 28)",2,konbu17_v36
78,ex78,task133_mirror_lr,False,False,mismatch,"(28, 29)","(28, 29)","(28, 29)",2,konbu17_v36
78,ex78,task133_mirror_ud,False,False,mismatch,"(28, 29)","(28, 29)","(28, 29)",13,konbu17_v36
78,ex78,task133_zero_pad_top_left,False,False,mismatch,"(29, 30)","(29, 30)","(29, 30)",2,konbu17_v36
78,ex78,task133_zero_pad_bottom_right,True,False,ok,"(29, 30)","(29, 30)","(29, 30)",0,konbu17_v36
79,ex79,original,True,False,ok,"(22, 16)","(22, 16)","(22, 16)",0,konbu17_v36
79,ex79,task133_color_bijection,False,False,mismatch,"(22, 16)","(22, 16)","(22, 16)",5,konbu17_v36
79,ex79,task133_transpose,False,False,mismatch,"(16, 22)","(16, 22)","(16, 22)",5,konbu17_v36
79,ex79,task133_mirror_lr,False,False,mismatch,"(22, 16)","(22, 16)","(22, 16)",5,konbu17_v36
79,ex79,task133_mirror_ud,False,False,mismatch,"(22, 16)","(22, 16)","(22, 16)",5,konbu17_v36
79,ex79,task133_zero_pad_top_left,False,False,mismatch,"(23, 17)","(23, 17)","(23, 17)",5,konbu17_v36
79,ex79,task133_zero_pad_bottom_right,True,False,ok,"(23, 17)","(23, 17)","(23, 17)",0,konbu17_v36
80,ex80,original,True,False,ok,"(16, 22)","(16, 22)","(16, 22)",0,konbu17_v36
80,ex80,task133_color_bijection,False,False,mismatch,"(16, 22)","(16, 22)","(16, 22)",11,konbu17_v36
80,ex80,task133_transpose,False,False,mismatch,"(22, 16)","(22, 16)","(22, 16)",11,konbu17_v36
80,ex80,task133_mirror_lr,False,False,mismatch,"(16, 22)","(16, 22)","(16, 22)",11,konbu17_v36
80,ex80,task133_mirror_ud,False,False,mismatch,"(16, 22)","(16, 22)","(16, 22)",11,konbu17_v36
80,ex80,task133_zero_pad_top_left,False,False,mismatch,"(17, 23)","(17, 23)","(17, 23)",11,konbu17_v36
80,ex80,task133_zero_pad_bottom_right,True,False,ok,"(17, 23)","(17, 23)","(17, 23)",0,konbu17_v36
81,ex81,original,True,False,ok,"(21, 25)","(21, 25)","(21, 25)",0,konbu17_v36
81,ex81,task133_color_bijection,False,False,mismatch,"(21, 25)","(21, 25)","(21, 25)",35,konbu17_v36
81,ex81,task133_transpose,False,False,mismatch,"(25, 21)","(25, 21)","(25, 21)",35,konbu17_v36
81,ex81,task133_mirror_lr,False,False,mismatch,"(21, 25)","(21, 25)","(21, 25)",35,konbu17_v36
81,ex81,task133_mirror_ud,False,False,mismatch,"(21, 25)","(21, 25)","(21, 25)",35,konbu17_v36
81,ex81,task133_zero_pad_top_left,False,False,mismatch,"(22, 26)","(22, 26)","(22, 26)",35,konbu17_v36
81,ex81,task133_zero_pad_bottom_right,True,False,ok,"(22, 26)","(22, 26)","(22, 26)",0,konbu17_v36
82,ex82,original,True,False,ok,"(22, 24)","(22, 24)","(22, 24)",0,konbu17_v36
82,ex82,task133_color_bijection,False,False,mismatch,"(22, 24)","(22, 24)","(22, 24)",16,konbu17_v36
82,ex82,task133_transpose,False,False,mismatch,"(24, 22)","(24, 22)","(24, 22)",16,konbu17_v36
82,ex82,task133_mirror_lr,False,False,mismatch,"(22, 24)","(22, 24)","(22, 24)",16,konbu17_v36
82,ex82,task133_mirror_ud,False,False,mismatch,"(22, 24)","(22, 24)","(22, 24)",16,konbu17_v36
82,ex82,task133_zero_pad_top_left,False,False,mismatch,"(23, 25)","(23, 25)","(23, 25)",16,konbu17_v36
82,ex82,task133_zero_pad_bottom_right,True,False,ok,"(23, 25)","(23, 25)","(23, 25)",0,konbu17_v36
83,ex83,original,True,False,ok,"(25, 24)","(25, 24)","(25, 24)",0,konbu17_v36
83,ex83,task133_color_bijection,False,False,mismatch,"(25, 24)","(25, 24)","(25, 24)",19,konbu17_v36
83,ex83,task133_transpose,False,False,mismatch,"(24, 25)","(24, 25)","(24, 25)",19,konbu17_v36
83,ex83,task133_mirror_lr,False,False,mismatch,"(25, 24)","(25, 24)","(25, 24)",19,konbu17_v36
83,ex83,task133_mirror_ud,False,False,mismatch,"(25, 24)","(25, 24)","(25, 24)",19,konbu17_v36
83,ex83,task133_zero_pad_top_left,False,False,mismatch,"(26, 25)","(26, 25)","(26, 25)",19,konbu17_v36
83,ex83,task133_zero_pad_bottom_right,True,False,ok,"(26, 25)","(26, 25)","(26, 25)",0,konbu17_v36
84,ex84,original,True,False,ok,"(19, 28)","(19, 28)","(19, 28)",0,konbu17_v36
84,ex84,task133_color_bijection,False,False,mismatch,"(19, 28)","(19, 28)","(19, 28)",10,konbu17_v36
84,ex84,task133_transpose,False,False,mismatch,"(28, 19)","(28, 19)","(28, 19)",10,konbu17_v36
84,ex84,task133_mirror_lr,False,False,mismatch,"(19, 28)","(19, 28)","(19, 28)",10,konbu17_v36
84,ex84,task133_mirror_ud,False,False,mismatch,"(19, 28)","(19, 28)","(19, 28)",10,konbu17_v36
84,ex84,task133_zero_pad_top_left,False,False,mismatch,"(20, 29)","(20, 29)","(20, 29)",10,konbu17_v36
84,ex84,task133_zero_pad_bottom_right,True,False,ok,"(20, 29)","(20, 29)","(20, 29)",0,konbu17_v36
85,ex85,original,True,False,ok,"(23, 29)","(23, 29)","(23, 29)",0,konbu17_v36
85,ex85,task133_color_bijection,False,False,mismatch,"(23, 29)","(23, 29)","(23, 29)",17,konbu17_v36
85,ex85,task133_transpose,False,False,mismatch,"(29, 23)","(29, 23)","(29, 23)",17,konbu17_v36
85,ex85,task133_mirror_lr,False,False,mismatch,"(23, 29)","(23, 29)","(23, 29)",17,konbu17_v36
85,ex85,task133_mirror_ud,False,False,mismatch,"(23, 29)","(23, 29)","(23, 29)",17,konbu17_v36
85,ex85,task133_zero_pad_top_left,False,False,mismatch,"(24, 30)","(24, 30)","(24, 30)",17,konbu17_v36
85,ex85,task133_zero_pad_bottom_right,True,False,ok,"(24, 30)","(24, 30)","(24, 30)",0,konbu17_v36
86,ex86,original,True,False,ok,"(14, 23)","(14, 23)","(14, 23)",0,konbu17_v36
86,ex86,task133_color_bijection,False,False,mismatch,"(14, 23)","(14, 23)","(14, 23)",7,konbu17_v36
86,ex86,task133_transpose,False,False,mismatch,"(23, 14)","(23, 14)","(23, 14)",7,konbu17_v36
86,ex86,task133_mirror_lr,False,False,mismatch,"(14, 23)","(14, 23)","(14, 23)",7,konbu17_v36
86,ex86,task133_mirror_ud,False,False,mismatch,"(14, 23)","(14, 23)","(14, 23)",7,konbu17_v36
86,ex86,task133_zero_pad_top_left,False,False,mismatch,"(15, 24)","(15, 24)","(15, 24)",7,konbu17_v36
86,ex86,task133_zero_pad_bottom_right,True,False,ok,"(15, 24)","(15, 24)","(15, 24)",0,konbu17_v36
87,ex87,original,True,False,ok,"(14, 22)","(14, 22)","(14, 22)",0,konbu17_v36
87,ex87,task133_color_bijection,False,False,mismatch,"(14, 22)","(14, 22)","(14, 22)",2,konbu17_v36
87,ex87,task133_transpose,False,False,mismatch,"(22, 14)","(22, 14)","(22, 14)",2,konbu17_v36
87,ex87,task133_mirror_lr,False,False,mismatch,"(14, 22)","(14, 22)","(14, 22)",2,konbu17_v36
87,ex87,task133_mirror_ud,False,False,mismatch,"(14, 22)","(14, 22)","(14, 22)",2,konbu17_v36
87,ex87,task133_zero_pad_top_left,False,False,mismatch,"(15, 23)","(15, 23)","(15, 23)",2,konbu17_v36
87,ex87,task133_zero_pad_bottom_right,True,False,ok,"(15, 23)","(15, 23)","(15, 23)",0,konbu17_v36
88,ex88,original,True,False,ok,"(22, 21)","(22, 21)","(22, 21)",0,konbu17_v36
88,ex88,task133_color_bijection,False,False,mismatch,"(22, 21)","(22, 21)","(22, 21)",14,konbu17_v36
88,ex88,task133_transpose,False,False,mismatch,"(21, 22)","(21, 22)","(21, 22)",14,konbu17_v36
88,ex88,task133_mirror_lr,False,False,mismatch,"(22, 21)","(22, 21)","(22, 21)",14,konbu17_v36
88,ex88,task133_mirror_ud,False,False,mismatch,"(22, 21)","(22, 21)","(22, 21)",14,konbu17_v36
88,ex88,task133_zero_pad_top_left,False,False,mismatch,"(23, 22)","(23, 22)","(23, 22)",14,konbu17_v36
88,ex88,task133_zero_pad_bottom_right,True,False,ok,"(23, 22)","(23, 22)","(23, 22)",0,konbu17_v36
89,ex89,original,True,False,ok,"(23, 27)","(23, 27)","(23, 27)",0,konbu17_v36
89,ex89,task133_color_bijection,False,False,mismatch,"(23, 27)","(23, 27)","(23, 27)",21,konbu17_v36
89,ex89,task133_transpose,False,False,mismatch,"(27, 23)","(27, 23)","(27, 23)",21,konbu17_v36
89,ex89,task133_mirror_lr,False,False,mismatch,"(23, 27)","(23, 27)","(23, 27)",21,konbu17_v36
89,ex89,task133_mirror_ud,False,False,mismatch,"(23, 27)","(23, 27)","(23, 27)",21,konbu17_v36
89,ex89,task133_zero_pad_top_left,False,False,mismatch,"(24, 28)","(24, 28)","(24, 28)",21,konbu17_v36
89,ex89,task133_zero_pad_bottom_right,True,False,ok,"(24, 28)","(24, 28)","(24, 28)",0,konbu17_v36
90,ex90,original,True,False,ok,"(25, 17)","(25, 17)","(25, 17)",0,konbu17_v36
90,ex90,task133_color_bijection,False,False,mismatch,"(25, 17)","(25, 17)","(25, 17)",5,konbu17_v36
90,ex90,task133_transpose,False,False,mismatch,"(17, 25)","(17, 25)","(17, 25)",5,konbu17_v36
90,ex90,task133_mirror_lr,False,False,mismatch,"(25, 17)","(25, 17)","(25, 17)",5,konbu17_v36
90,ex90,task133_mirror_ud,False,False,mismatch,"(25, 17)","(25, 17)","(25, 17)",5,konbu17_v36
90,ex90,task133_zero_pad_top_left,False,False,mismatch,"(26, 18)","(26, 18)","(26, 18)",5,konbu17_v36
90,ex90,task133_zero_pad_bottom_right,True,False,ok,"(26, 18)","(26, 18)","(26, 18)",0,konbu17_v36
91,ex91,original,True,False,ok,"(29, 20)","(29, 20)","(29, 20)",0,konbu17_v36
91,ex91,task133_color_bijection,False,False,mismatch,"(29, 20)","(29, 20)","(29, 20)",21,konbu17_v36
91,ex91,task133_transpose,False,False,mismatch,"(20, 29)","(20, 29)","(20, 29)",21,konbu17_v36
91,ex91,task133_mirror_lr,False,False,mismatch,"(29, 20)","(29, 20)","(29, 20)",21,konbu17_v36
91,ex91,task133_mirror_ud,False,False,mismatch,"(29, 20)","(29, 20)","(29, 20)",21,konbu17_v36
91,ex91,task133_zero_pad_top_left,False,False,mismatch,"(30, 21)","(30, 21)","(30, 21)",21,konbu17_v36
91,ex91,task133_zero_pad_bottom_right,True,False,ok,"(30, 21)","(30, 21)","(30, 21)",0,konbu17_v36
92,ex92,original,True,False,ok,"(19, 25)","(19, 25)","(19, 25)",0,konbu17_v36
92,ex92,task133_color_bijection,False,False,mismatch,"(19, 25)","(19, 25)","(19, 25)",2,konbu17_v36
92,ex92,task133_transpose,False,False,mismatch,"(25, 19)","(25, 19)","(25, 19)",2,konbu17_v36
92,ex92,task133_mirror_lr,False,False,mismatch,"(19, 25)","(19, 25)","(19, 25)",2,konbu17_v36
92,ex92,task133_mirror_ud,False,False,mismatch,"(19, 25)","(19, 25)","(19, 25)",2,konbu17_v36
92,ex92,task133_zero_pad_top_left,False,False,mismatch,"(20, 26)","(20, 26)","(20, 26)",2,konbu17_v36
92,ex92,task133_zero_pad_bottom_right,True,False,ok,"(20, 26)","(20, 26)","(20, 26)",0,konbu17_v36
93,ex93,original,True,False,ok,"(21, 30)","(21, 30)","(21, 30)",0,konbu17_v36
93,ex93,task133_color_bijection,False,False,mismatch,"(21, 30)","(21, 30)","(21, 30)",3,konbu17_v36
93,ex93,task133_transpose,False,False,mismatch,"(30, 21)","(30, 21)","(30, 21)",3,konbu17_v36
93,ex93,task133_mirror_lr,False,False,mismatch,"(21, 30)","(21, 30)","(21, 30)",3,konbu17_v36
93,ex93,task133_mirror_ud,False,False,mismatch,"(21, 30)","(21, 30)","(21, 30)",3,konbu17_v36
93,ex93,task133_zero_pad_top_left,False,True,"input_shape_exceeds_limit:(22, 31)>(30, 30)","(22, 31)","(22, 31)",,,
93,ex93,task133_zero_pad_bottom_right,False,True,"input_shape_exceeds_limit:(22, 31)>(30, 30)","(22, 31)","(22, 31)",,,
94,ex94,original,True,False,ok,"(28, 26)","(28, 26)","(28, 26)",0,konbu17_v36
94,ex94,task133_color_bijection,False,False,mismatch,"(28, 26)","(28, 26)","(28, 26)",2,konbu17_v36
94,ex94,task133_transpose,False,False,mismatch,"(26, 28)","(26, 28)","(26, 28)",2,konbu17_v36
94,ex94,task133_mirror_lr,False,False,mismatch,"(28, 26)","(28, 26)","(28, 26)",2,konbu17_v36
94,ex94,task133_mirror_ud,False,False,mismatch,"(28, 26)","(28, 26)","(28, 26)",2,konbu17_v36
94,ex94,task133_zero_pad_top_left,False,False,mismatch,"(29, 27)","(29, 27)","(29, 27)",2,konbu17_v36
94,ex94,task133_zero_pad_bottom_right,True,False,ok,"(29, 27)","(29, 27)","(29, 27)",0,konbu17_v36
95,ex95,original,True,False,ok,"(14, 30)","(14, 30)","(14, 30)",0,konbu17_v36
95,ex95,task133_color_bijection,False,False,mismatch,"(14, 30)","(14, 30)","(14, 30)",3,konbu17_v36
95,ex95,task133_transpose,False,False,mismatch,"(30, 14)","(30, 14)","(30, 14)",3,konbu17_v36
95,ex95,task133_mirror_lr,False,False,mismatch,"(14, 30)","(14, 30)","(14, 30)",3,konbu17_v36
95,ex95,task133_mirror_ud,False,False,mismatch,"(14, 30)","(14, 30)","(14, 30)",3,konbu17_v36
95,ex95,task133_zero_pad_top_left,False,True,"input_shape_exceeds_limit:(15, 31)>(30, 30)","(15, 31)","(15, 31)",,,
95,ex95,task133_zero_pad_bottom_right,False,True,"input_shape_exceeds_limit:(15, 31)>(30, 30)","(15, 31)","(15, 31)",,,
96,ex96,original,True,False,ok,"(10, 30)","(10, 30)","(10, 30)",0,konbu17_v36
96,ex96,task133_color_bijection,False,False,mismatch,"(10, 30)","(10, 30)","(10, 30)",4,konbu17_v36
96,ex96,task133_transpose,False,False,mismatch,"(30, 10)","(30, 10)","(30, 10)",4,konbu17_v36
96,ex96,task133_mirror_lr,False,False,mismatch,"(10, 30)","(10, 30)","(10, 30)",4,konbu17_v36
96,ex96,task133_mirror_ud,False,False,mismatch,"(10, 30)","(10, 30)","(10, 30)",4,konbu17_v36
96,ex96,task133_zero_pad_top_left,False,True,"input_shape_exceeds_limit:(11, 31)>(30, 30)","(11, 31)","(11, 31)",,,
96,ex96,task133_zero_pad_bottom_right,False,True,"input_shape_exceeds_limit:(11, 31)>(30, 30)","(11, 31)","(11, 31)",,,
97,ex97,original,True,False,ok,"(24, 25)","(24, 25)","(24, 25)",0,konbu17_v36
97,ex97,task133_color_bijection,False,False,mismatch,"(24, 25)","(24, 25)","(24, 25)",28,konbu17_v36
97,ex97,task133_transpose,False,False,mismatch,"(25, 24)","(25, 24)","(25, 24)",28,konbu17_v36
97,ex97,task133_mirror_lr,False,False,mismatch,"(24, 25)","(24, 25)","(24, 25)",28,konbu17_v36
97,ex97,task133_mirror_ud,False,False,mismatch,"(24, 25)","(24, 25)","(24, 25)",31,konbu17_v36
97,ex97,task133_zero_pad_top_left,False,False,mismatch,"(25, 26)","(25, 26)","(25, 26)",28,konbu17_v36
97,ex97,task133_zero_pad_bottom_right,True,False,ok,"(25, 26)","(25, 26)","(25, 26)",0,konbu17_v36
98,ex98,original,True,False,ok,"(30, 23)","(30, 23)","(30, 23)",0,konbu17_v36
98,ex98,task133_color_bijection,False,False,mismatch,"(30, 23)","(30, 23)","(30, 23)",52,konbu17_v36
98,ex98,task133_transpose,False,False,mismatch,"(23, 30)","(23, 30)","(23, 30)",52,konbu17_v36
98,ex98,task133_mirror_lr,False,False,mismatch,"(30, 23)","(30, 23)","(30, 23)",52,konbu17_v36
98,ex98,task133_mirror_ud,False,False,mismatch,"(30, 23)","(30, 23)","(30, 23)",52,konbu17_v36
98,ex98,task133_zero_pad_top_left,False,True,"input_shape_exceeds_limit:(31, 24)>(30, 30)","(31, 24)","(31, 24)",,,
98,ex98,task133_zero_pad_bottom_right,False,True,"input_shape_exceeds_limit:(31, 24)>(30, 30)","(31, 24)","(31, 24)",,,
99,ex99,original,True,False,ok,"(28, 18)","(28, 18)","(28, 18)",0,konbu17_v36
99,ex99,task133_color_bijection,False,False,mismatch,"(28, 18)","(28, 18)","(28, 18)",33,konbu17_v36
99,ex99,task133_transpose,False,False,mismatch,"(18, 28)","(18, 28)","(18, 28)",33,konbu17_v36
99,ex99,task133_mirror_lr,False,False,mismatch,"(28, 18)","(28, 18)","(28, 18)",33,konbu17_v36
99,ex99,task133_mirror_ud,False,False,mismatch,"(28, 18)","(28, 18)","(28, 18)",33,konbu17_v36
99,ex99,task133_zero_pad_top_left,False,False,mismatch,"(29, 19)","(29, 19)","(29, 19)",33,konbu17_v36
99,ex99,task133_zero_pad_bottom_right,True,False,ok,"(29, 19)","(29, 19)","(29, 19)",0,konbu17_v36
100,ex100,original,True,False,ok,"(28, 23)","(28, 23)","(28, 23)",0,konbu17_v36
100,ex100,task133_color_bijection,False,False,mismatch,"(28, 23)","(28, 23)","(28, 23)",29,konbu17_v36
100,ex100,task133_transpose,False,False,mismatch,"(23, 28)","(23, 28)","(23, 28)",29,konbu17_v36
100,ex100,task133_mirror_lr,False,False,mismatch,"(28, 23)","(28, 23)","(28, 23)",29,konbu17_v36
100,ex100,task133_mirror_ud,False,False,mismatch,"(28, 23)","(28, 23)","(28, 23)",29,konbu17_v36
100,ex100,task133_zero_pad_top_left,False,False,mismatch,"(29, 24)","(29, 24)","(29, 24)",29,konbu17_v36
100,ex100,task133_zero_pad_bottom_right,True,False,ok,"(29, 24)","(29, 24)","(29, 24)",0,konbu17_v36
101,ex101,original,True,False,ok,"(19, 11)","(19, 11)","(19, 11)",0,konbu17_v36
101,ex101,task133_color_bijection,False,False,mismatch,"(19, 11)","(19, 11)","(19, 11)",3,konbu17_v36
101,ex101,task133_transpose,False,False,mismatch,"(11, 19)","(11, 19)","(11, 19)",2,konbu17_v36
101,ex101,task133_mirror_lr,False,False,mismatch,"(19, 11)","(19, 11)","(19, 11)",2,konbu17_v36
101,ex101,task133_mirror_ud,False,False,mismatch,"(19, 11)","(19, 11)","(19, 11)",2,konbu17_v36
101,ex101,task133_zero_pad_top_left,False,False,mismatch,"(20, 12)","(20, 12)","(20, 12)",2,konbu17_v36
101,ex101,task133_zero_pad_bottom_right,True,False,ok,"(20, 12)","(20, 12)","(20, 12)",0,konbu17_v36
102,ex102,original,True,False,ok,"(27, 20)","(27, 20)","(27, 20)",0,konbu17_v36
102,ex102,task133_color_bijection,False,False,mismatch,"(27, 20)","(27, 20)","(27, 20)",10,konbu17_v36
102,ex102,task133_transpose,False,False,mismatch,"(20, 27)","(20, 27)","(20, 27)",7,konbu17_v36
102,ex102,task133_mirror_lr,False,False,mismatch,"(27, 20)","(27, 20)","(27, 20)",7,konbu17_v36
102,ex102,task133_mirror_ud,False,False,mismatch,"(27, 20)","(27, 20)","(27, 20)",8,konbu17_v36
102,ex102,task133_zero_pad_top_left,False,False,mismatch,"(28, 21)","(28, 21)","(28, 21)",7,konbu17_v36
102,ex102,task133_zero_pad_bottom_right,True,False,ok,"(28, 21)","(28, 21)","(28, 21)",0,konbu17_v36
103,ex103,original,True,False,ok,"(22, 27)","(22, 27)","(22, 27)",0,konbu17_v36
103,ex103,task133_color_bijection,False,False,mismatch,"(22, 27)","(22, 27)","(22, 27)",19,konbu17_v36
103,ex103,task133_transpose,False,False,mismatch,"(27, 22)","(27, 22)","(27, 22)",19,konbu17_v36
103,ex103,task133_mirror_lr,False,False,mismatch,"(22, 27)","(22, 27)","(22, 27)",26,konbu17_v36
103,ex103,task133_mirror_ud,False,False,mismatch,"(22, 27)","(22, 27)","(22, 27)",19,konbu17_v36
103,ex103,task133_zero_pad_top_left,False,False,mismatch,"(23, 28)","(23, 28)","(23, 28)",19,konbu17_v36
103,ex103,task133_zero_pad_bottom_right,True,False,ok,"(23, 28)","(23, 28)","(23, 28)",0,konbu17_v36
104,ex104,original,True,False,ok,"(20, 26)","(20, 26)","(20, 26)",0,konbu17_v36
104,ex104,task133_color_bijection,False,False,mismatch,"(20, 26)","(20, 26)","(20, 26)",3,konbu17_v36
104,ex104,task133_transpose,False,False,mismatch,"(26, 20)","(26, 20)","(26, 20)",3,konbu17_v36
104,ex104,task133_mirror_lr,False,False,mismatch,"(20, 26)","(20, 26)","(20, 26)",3,konbu17_v36
104,ex104,task133_mirror_ud,False,False,mismatch,"(20, 26)","(20, 26)","(20, 26)",3,konbu17_v36
104,ex104,task133_zero_pad_top_left,False,False,mismatch,"(21, 27)","(21, 27)","(21, 27)",3,konbu17_v36
104,ex104,task133_zero_pad_bottom_right,True,False,ok,"(21, 27)","(21, 27)","(21, 27)",0,konbu17_v36
105,ex105,original,True,False,ok,"(22, 10)","(22, 10)","(22, 10)",0,konbu17_v36
105,ex105,task133_color_bijection,False,False,mismatch,"(22, 10)","(22, 10)","(22, 10)",16,konbu17_v36
105,ex105,task133_transpose,False,False,mismatch,"(10, 22)","(10, 22)","(10, 22)",16,konbu17_v36
105,ex105,task133_mirror_lr,False,False,mismatch,"(22, 10)","(22, 10)","(22, 10)",16,konbu17_v36
105,ex105,task133_mirror_ud,False,False,mismatch,"(22, 10)","(22, 10)","(22, 10)",16,konbu17_v36
105,ex105,task133_zero_pad_top_left,False,False,mismatch,"(23, 11)","(23, 11)","(23, 11)",16,konbu17_v36
105,ex105,task133_zero_pad_bottom_right,True,False,ok,"(23, 11)","(23, 11)","(23, 11)",0,konbu17_v36
106,ex106,original,True,False,ok,"(20, 22)","(20, 22)","(20, 22)",0,konbu17_v36
106,ex106,task133_color_bijection,False,False,mismatch,"(20, 22)","(20, 22)","(20, 22)",5,konbu17_v36
106,ex106,task133_transpose,False,False,mismatch,"(22, 20)","(22, 20)","(22, 20)",5,konbu17_v36
106,ex106,task133_mirror_lr,False,False,mismatch,"(20, 22)","(20, 22)","(20, 22)",5,konbu17_v36
106,ex106,task133_mirror_ud,False,False,mismatch,"(20, 22)","(20, 22)","(20, 22)",5,konbu17_v36
106,ex106,task133_zero_pad_top_left,False,False,mismatch,"(21, 23)","(21, 23)","(21, 23)",5,konbu17_v36
106,ex106,task133_zero_pad_bottom_right,True,False,ok,"(21, 23)","(21, 23)","(21, 23)",0,konbu17_v36
107,ex107,original,True,False,ok,"(26, 25)","(26, 25)","(26, 25)",0,konbu17_v36
107,ex107,task133_color_bijection,False,False,mismatch,"(26, 25)","(26, 25)","(26, 25)",3,konbu17_v36
107,ex107,task133_transpose,False,False,mismatch,"(25, 26)","(25, 26)","(25, 26)",3,konbu17_v36
107,ex107,task133_mirror_lr,False,False,mismatch,"(26, 25)","(26, 25)","(26, 25)",3,konbu17_v36
107,ex107,task133_mirror_ud,False,False,mismatch,"(26, 25)","(26, 25)","(26, 25)",3,konbu17_v36
107,ex107,task133_zero_pad_top_left,False,False,mismatch,"(27, 26)","(27, 26)","(27, 26)",3,konbu17_v36
107,ex107,task133_zero_pad_bottom_right,True,False,ok,"(27, 26)","(27, 26)","(27, 26)",0,konbu17_v36
108,ex108,original,True,False,ok,"(14, 26)","(14, 26)","(14, 26)",0,konbu17_v36
108,ex108,task133_color_bijection,False,False,mismatch,"(14, 26)","(14, 26)","(14, 26)",2,konbu17_v36
108,ex108,task133_transpose,False,False,mismatch,"(26, 14)","(26, 14)","(26, 14)",2,konbu17_v36
108,ex108,task133_mirror_lr,False,False,mismatch,"(14, 26)","(14, 26)","(14, 26)",2,konbu17_v36
108,ex108,task133_mirror_ud,False,False,mismatch,"(14, 26)","(14, 26)","(14, 26)",2,konbu17_v36
108,ex108,task133_zero_pad_top_left,False,False,mismatch,"(15, 27)","(15, 27)","(15, 27)",2,konbu17_v36
108,ex108,task133_zero_pad_bottom_right,True,False,ok,"(15, 27)","(15, 27)","(15, 27)",0,konbu17_v36
109,ex109,original,True,False,ok,"(17, 17)","(17, 17)","(17, 17)",0,konbu17_v36
109,ex109,task133_color_bijection,False,False,mismatch,"(17, 17)","(17, 17)","(17, 17)",3,konbu17_v36
109,ex109,task133_transpose,False,False,mismatch,"(17, 17)","(17, 17)","(17, 17)",3,konbu17_v36
109,ex109,task133_mirror_lr,False,False,mismatch,"(17, 17)","(17, 17)","(17, 17)",3,konbu17_v36
109,ex109,task133_mirror_ud,False,False,mismatch,"(17, 17)","(17, 17)","(17, 17)",3,konbu17_v36
109,ex109,task133_zero_pad_top_left,False,False,mismatch,"(18, 18)","(18, 18)","(18, 18)",3,konbu17_v36
109,ex109,task133_zero_pad_bottom_right,True,False,ok,"(18, 18)","(18, 18)","(18, 18)",0,konbu17_v36
110,ex110,original,True,False,ok,"(21, 30)","(21, 30)","(21, 30)",0,konbu17_v36
110,ex110,task133_color_bijection,False,False,mismatch,"(21, 30)","(21, 30)","(21, 30)",10,konbu17_v36
110,ex110,task133_transpose,False,False,mismatch,"(30, 21)","(30, 21)","(30, 21)",10,konbu17_v36
110,ex110,task133_mirror_lr,False,False,mismatch,"(21, 30)","(21, 30)","(21, 30)",10,konbu17_v36
110,ex110,task133_mirror_ud,False,False,mismatch,"(21, 30)","(21, 30)","(21, 30)",10,konbu17_v36
110,ex110,task133_zero_pad_top_left,False,True,"input_shape_exceeds_limit:(22, 31)>(30, 30)","(22, 31)","(22, 31)",,,
110,ex110,task133_zero_pad_bottom_right,False,True,"input_shape_exceeds_limit:(22, 31)>(30, 30)","(22, 31)","(22, 31)",,,
111,ex111,original,True,False,ok,"(19, 30)","(19, 30)","(19, 30)",0,konbu17_v36
111,ex111,task133_color_bijection,False,False,mismatch,"(19, 30)","(19, 30)","(19, 30)",13,konbu17_v36
111,ex111,task133_transpose,False,False,mismatch,"(30, 19)","(30, 19)","(30, 19)",13,konbu17_v36
111,ex111,task133_mirror_lr,False,False,mismatch,"(19, 30)","(19, 30)","(19, 30)",13,konbu17_v36
111,ex111,task133_mirror_ud,False,False,mismatch,"(19, 30)","(19, 30)","(19, 30)",13,konbu17_v36
111,ex111,task133_zero_pad_top_left,False,True,"input_shape_exceeds_limit:(20, 31)>(30, 30)","(20, 31)","(20, 31)",,,
111,ex111,task133_zero_pad_bottom_right,False,True,"input_shape_exceeds_limit:(20, 31)>(30, 30)","(20, 31)","(20, 31)",,,
112,ex112,original,True,False,ok,"(29, 26)","(29, 26)","(29, 26)",0,konbu17_v36
112,ex112,task133_color_bijection,False,False,mismatch,"(29, 26)","(29, 26)","(29, 26)",17,konbu17_v36
112,ex112,task133_transpose,False,False,mismatch,"(26, 29)","(26, 29)","(26, 29)",17,konbu17_v36
112,ex112,task133_mirror_lr,False,False,mismatch,"(29, 26)","(29, 26)","(29, 26)",17,konbu17_v36
112,ex112,task133_mirror_ud,False,False,mismatch,"(29, 26)","(29, 26)","(29, 26)",17,konbu17_v36
112,ex112,task133_zero_pad_top_left,False,False,mismatch,"(30, 27)","(30, 27)","(30, 27)",17,konbu17_v36
112,ex112,task133_zero_pad_bottom_right,True,False,ok,"(30, 27)","(30, 27)","(30, 27)",0,konbu17_v36
113,ex113,original,True,False,ok,"(21, 20)","(21, 20)","(21, 20)",0,konbu17_v36
113,ex113,task133_color_bijection,False,False,mismatch,"(21, 20)","(21, 20)","(21, 20)",3,konbu17_v36
113,ex113,task133_transpose,False,False,mismatch,"(20, 21)","(20, 21)","(20, 21)",3,konbu17_v36
113,ex113,task133_mirror_lr,False,False,mismatch,"(21, 20)","(21, 20)","(21, 20)",3,konbu17_v36
113,ex113,task133_mirror_ud,False,False,mismatch,"(21, 20)","(21, 20)","(21, 20)",12,konbu17_v36
113,ex113,task133_zero_pad_top_left,False,False,mismatch,"(22, 21)","(22, 21)","(22, 21)",3,konbu17_v36
113,ex113,task133_zero_pad_bottom_right,True,False,ok,"(22, 21)","(22, 21)","(22, 21)",0,konbu17_v36
114,ex114,original,True,False,ok,"(24, 28)","(24, 28)","(24, 28)",0,konbu17_v36
114,ex114,task133_color_bijection,False,False,mismatch,"(24, 28)","(24, 28)","(24, 28)",25,konbu17_v36
114,ex114,task133_transpose,False,False,mismatch,"(28, 24)","(28, 24)","(28, 24)",25,konbu17_v36
114,ex114,task133_mirror_lr,False,False,mismatch,"(24, 28)","(24, 28)","(24, 28)",25,konbu17_v36
114,ex114,task133_mirror_ud,False,False,mismatch,"(24, 28)","(24, 28)","(24, 28)",25,konbu17_v36
114,ex114,task133_zero_pad_top_left,False,False,mismatch,"(25, 29)","(25, 29)","(25, 29)",25,konbu17_v36
114,ex114,task133_zero_pad_bottom_right,True,False,ok,"(25, 29)","(25, 29)","(25, 29)",0,konbu17_v36
115,ex115,original,True,False,ok,"(24, 30)","(24, 30)","(24, 30)",0,konbu17_v36
115,ex115,task133_color_bijection,False,False,mismatch,"(24, 30)","(24, 30)","(24, 30)",10,konbu17_v36
115,ex115,task133_transpose,False,False,mismatch,"(30, 24)","(30, 24)","(30, 24)",10,konbu17_v36
115,ex115,task133_mirror_lr,False,False,mismatch,"(24, 30)","(24, 30)","(24, 30)",10,konbu17_v36
115,ex115,task133_mirror_ud,False,False,mismatch,"(24, 30)","(24, 30)","(24, 30)",9,konbu17_v36
115,ex115,task133_zero_pad_top_left,False,True,"input_shape_exceeds_limit:(25, 31)>(30, 30)","(25, 31)","(25, 31)",,,
115,ex115,task133_zero_pad_bottom_right,False,True,"input_shape_exceeds_limit:(25, 31)>(30, 30)","(25, 31)","(25, 31)",,,
116,ex116,original,True,False,ok,"(27, 10)","(27, 10)","(27, 10)",0,konbu17_v36
116,ex116,task133_color_bijection,False,False,mismatch,"(27, 10)","(27, 10)","(27, 10)",9,konbu17_v36
116,ex116,task133_transpose,False,False,mismatch,"(10, 27)","(10, 27)","(10, 27)",9,konbu17_v36
116,ex116,task133_mirror_lr,False,False,mismatch,"(27, 10)","(27, 10)","(27, 10)",9,konbu17_v36
116,ex116,task133_mirror_ud,False,False,mismatch,"(27, 10)","(27, 10)","(27, 10)",9,konbu17_v36
116,ex116,task133_zero_pad_top_left,False,False,mismatch,"(28, 11)","(28, 11)","(28, 11)",16,konbu17_v36
116,ex116,task133_zero_pad_bottom_right,True,False,ok,"(28, 11)","(28, 11)","(28, 11)",0,konbu17_v36
117,ex117,original,True,False,ok,"(30, 20)","(30, 20)","(30, 20)",0,konbu17_v36
117,ex117,task133_color_bijection,False,False,mismatch,"(30, 20)","(30, 20)","(30, 20)",15,konbu17_v36
117,ex117,task133_transpose,False,False,mismatch,"(20, 30)","(20, 30)","(20, 30)",15,konbu17_v36
117,ex117,task133_mirror_lr,False,False,mismatch,"(30, 20)","(30, 20)","(30, 20)",15,konbu17_v36
117,ex117,task133_mirror_ud,False,False,mismatch,"(30, 20)","(30, 20)","(30, 20)",15,konbu17_v36
117,ex117,task133_zero_pad_top_left,False,True,"input_shape_exceeds_limit:(31, 21)>(30, 30)","(31, 21)","(31, 21)",,,
117,ex117,task133_zero_pad_bottom_right,False,True,"input_shape_exceeds_limit:(31, 21)>(30, 30)","(31, 21)","(31, 21)",,,
118,ex118,original,True,False,ok,"(26, 27)","(26, 27)","(26, 27)",0,konbu17_v36
118,ex118,task133_color_bijection,False,False,mismatch,"(26, 27)","(26, 27)","(26, 27)",25,konbu17_v36
118,ex118,task133_transpose,False,False,mismatch,"(27, 26)","(27, 26)","(27, 26)",25,konbu17_v36
118,ex118,task133_mirror_lr,False,False,mismatch,"(26, 27)","(26, 27)","(26, 27)",25,konbu17_v36
118,ex118,task133_mirror_ud,False,False,mismatch,"(26, 27)","(26, 27)","(26, 27)",25,konbu17_v36
118,ex118,task133_zero_pad_top_left,False,False,mismatch,"(27, 28)","(27, 28)","(27, 28)",25,konbu17_v36
118,ex118,task133_zero_pad_bottom_right,True,False,ok,"(27, 28)","(27, 28)","(27, 28)",0,konbu17_v36
119,ex119,original,True,False,ok,"(29, 27)","(29, 27)","(29, 27)",0,konbu17_v36
119,ex119,task133_color_bijection,False,False,mismatch,"(29, 27)","(29, 27)","(29, 27)",12,konbu17_v36
119,ex119,task133_transpose,False,False,mismatch,"(27, 29)","(27, 29)","(27, 29)",12,konbu17_v36
119,ex119,task133_mirror_lr,False,False,mismatch,"(29, 27)","(29, 27)","(29, 27)",12,konbu17_v36
119,ex119,task133_mirror_ud,False,False,mismatch,"(29, 27)","(29, 27)","(29, 27)",12,konbu17_v36
119,ex119,task133_zero_pad_top_left,False,False,mismatch,"(30, 28)","(30, 28)","(30, 28)",12,konbu17_v36
119,ex119,task133_zero_pad_bottom_right,True,False,ok,"(30, 28)","(30, 28)","(30, 28)",0,konbu17_v36
120,ex120,original,True,False,ok,"(13, 30)","(13, 30)","(13, 30)",0,konbu17_v36
120,ex120,task133_color_bijection,False,False,mismatch,"(13, 30)","(13, 30)","(13, 30)",43,konbu17_v36
120,ex120,task133_transpose,False,False,mismatch,"(30, 13)","(30, 13)","(30, 13)",43,konbu17_v36
120,ex120,task133_mirror_lr,False,False,mismatch,"(13, 30)","(13, 30)","(13, 30)",43,konbu17_v36
120,ex120,task133_mirror_ud,False,False,mismatch,"(13, 30)","(13, 30)","(13, 30)",44,konbu17_v36
120,ex120,task133_zero_pad_top_left,False,True,"input_shape_exceeds_limit:(14, 31)>(30, 30)","(14, 31)","(14, 31)",,,
120,ex120,task133_zero_pad_bottom_right,False,True,"input_shape_exceeds_limit:(14, 31)>(30, 30)","(14, 31)","(14, 31)",,,
121,ex121,original,True,False,ok,"(11, 26)","(11, 26)","(11, 26)",0,konbu17_v36
121,ex121,task133_color_bijection,False,False,mismatch,"(11, 26)","(11, 26)","(11, 26)",5,konbu17_v36
121,ex121,task133_transpose,False,False,mismatch,"(26, 11)","(26, 11)","(26, 11)",5,konbu17_v36
121,ex121,task133_mirror_lr,False,False,mismatch,"(11, 26)","(11, 26)","(11, 26)",5,konbu17_v36
121,ex121,task133_mirror_ud,False,False,mismatch,"(11, 26)","(11, 26)","(11, 26)",5,konbu17_v36
121,ex121,task133_zero_pad_top_left,False,False,mismatch,"(12, 27)","(12, 27)","(12, 27)",5,konbu17_v36
121,ex121,task133_zero_pad_bottom_right,True,False,ok,"(12, 27)","(12, 27)","(12, 27)",0,konbu17_v36
122,ex122,original,True,False,ok,"(15, 29)","(15, 29)","(15, 29)",0,konbu17_v36
122,ex122,task133_color_bijection,False,False,mismatch,"(15, 29)","(15, 29)","(15, 29)",13,konbu17_v36
122,ex122,task133_transpose,False,False,mismatch,"(29, 15)","(29, 15)","(29, 15)",13,konbu17_v36
122,ex122,task133_mirror_lr,False,False,mismatch,"(15, 29)","(15, 29)","(15, 29)",13,konbu17_v36
122,ex122,task133_mirror_ud,False,False,mismatch,"(15, 29)","(15, 29)","(15, 29)",13,konbu17_v36
122,ex122,task133_zero_pad_top_left,False,False,mismatch,"(16, 30)","(16, 30)","(16, 30)",13,konbu17_v36
122,ex122,task133_zero_pad_bottom_right,True,False,ok,"(16, 30)","(16, 30)","(16, 30)",0,konbu17_v36
123,ex123,original,True,False,ok,"(29, 25)","(29, 25)","(29, 25)",0,konbu17_v36
123,ex123,task133_color_bijection,False,False,mismatch,"(29, 25)","(29, 25)","(29, 25)",28,konbu17_v36
123,ex123,task133_transpose,False,False,mismatch,"(25, 29)","(25, 29)","(25, 29)",28,konbu17_v36
123,ex123,task133_mirror_lr,False,False,mismatch,"(29, 25)","(29, 25)","(29, 25)",28,konbu17_v36
123,ex123,task133_mirror_ud,False,False,mismatch,"(29, 25)","(29, 25)","(29, 25)",28,konbu17_v36
123,ex123,task133_zero_pad_top_left,False,False,mismatch,"(30, 26)","(30, 26)","(30, 26)",28,konbu17_v36
123,ex123,task133_zero_pad_bottom_right,True,False,ok,"(30, 26)","(30, 26)","(30, 26)",0,konbu17_v36
124,ex124,original,True,False,ok,"(28, 16)","(28, 16)","(28, 16)",0,konbu17_v36
124,ex124,task133_color_bijection,False,False,mismatch,"(28, 16)","(28, 16)","(28, 16)",17,konbu17_v36
124,ex124,task133_transpose,False,False,mismatch,"(16, 28)","(16, 28)","(16, 28)",17,konbu17_v36
124,ex124,task133_mirror_lr,False,False,mismatch,"(28, 16)","(28, 16)","(28, 16)",17,konbu17_v36
124,ex124,task133_mirror_ud,False,False,mismatch,"(28, 16)","(28, 16)","(28, 16)",17,konbu17_v36
124,ex124,task133_zero_pad_top_left,False,False,mismatch,"(29, 17)","(29, 17)","(29, 17)",17,konbu17_v36
124,ex124,task133_zero_pad_bottom_right,True,False,ok,"(29, 17)","(29, 17)","(29, 17)",0,konbu17_v36
125,ex125,original,True,False,ok,"(27, 23)","(27, 23)","(27, 23)",0,konbu17_v36
125,ex125,task133_color_bijection,False,False,mismatch,"(27, 23)","(27, 23)","(27, 23)",6,konbu17_v36
125,ex125,task133_transpose,False,False,mismatch,"(23, 27)","(23, 27)","(23, 27)",6,konbu17_v36
125,ex125,task133_mirror_lr,False,False,mismatch,"(27, 23)","(27, 23)","(27, 23)",14,konbu17_v36
125,ex125,task133_mirror_ud,False,False,mismatch,"(27, 23)","(27, 23)","(27, 23)",6,konbu17_v36
125,ex125,task133_zero_pad_top_left,False,False,mismatch,"(28, 24)","(28, 24)","(28, 24)",6,konbu17_v36
125,ex125,task133_zero_pad_bottom_right,True,False,ok,"(28, 24)","(28, 24)","(28, 24)",0,konbu17_v36
126,ex126,original,True,False,ok,"(24, 20)","(24, 20)","(24, 20)",0,konbu17_v36
126,ex126,task133_color_bijection,False,False,mismatch,"(24, 20)","(24, 20)","(24, 20)",4,konbu17_v36
126,ex126,task133_transpose,False,False,mismatch,"(20, 24)","(20, 24)","(20, 24)",4,konbu17_v36
126,ex126,task133_mirror_lr,False,False,mismatch,"(24, 20)","(24, 20)","(24, 20)",4,konbu17_v36
126,ex126,task133_mirror_ud,False,False,mismatch,"(24, 20)","(24, 20)","(24, 20)",4,konbu17_v36
126,ex126,task133_zero_pad_top_left,False,False,mismatch,"(25, 21)","(25, 21)","(25, 21)",4,konbu17_v36
126,ex126,task133_zero_pad_bottom_right,True,False,ok,"(25, 21)","(25, 21)","(25, 21)",0,konbu17_v36
127,ex127,original,True,False,ok,"(23, 21)","(23, 21)","(23, 21)",0,konbu17_v36
127,ex127,task133_color_bijection,False,False,mismatch,"(23, 21)","(23, 21)","(23, 21)",33,konbu17_v36
127,ex127,task133_transpose,False,False,mismatch,"(21, 23)","(21, 23)","(21, 23)",33,konbu17_v36
127,ex127,task133_mirror_lr,False,False,mismatch,"(23, 21)","(23, 21)","(23, 21)",33,konbu17_v36
127,ex127,task133_mirror_ud,False,False,mismatch,"(23, 21)","(23, 21)","(23, 21)",33,konbu17_v36
127,ex127,task133_zero_pad_top_left,False,False,mismatch,"(24, 22)","(24, 22)","(24, 22)",33,konbu17_v36
127,ex127,task133_zero_pad_bottom_right,True,False,ok,"(24, 22)","(24, 22)","(24, 22)",0,konbu17_v36
128,ex128,original,True,False,ok,"(14, 28)","(14, 28)","(14, 28)",0,konbu17_v36
128,ex128,task133_color_bijection,False,False,mismatch,"(14, 28)","(14, 28)","(14, 28)",15,konbu17_v36
128,ex128,task133_transpose,False,False,mismatch,"(28, 14)","(28, 14)","(28, 14)",11,konbu17_v36
128,ex128,task133_mirror_lr,False,False,mismatch,"(14, 28)","(14, 28)","(14, 28)",11,konbu17_v36
128,ex128,task133_mirror_ud,False,False,mismatch,"(14, 28)","(14, 28)","(14, 28)",11,konbu17_v36
128,ex128,task133_zero_pad_top_left,False,False,mismatch,"(15, 29)","(15, 29)","(15, 29)",11,konbu17_v36
128,ex128,task133_zero_pad_bottom_right,True,False,ok,"(15, 29)","(15, 29)","(15, 29)",0,konbu17_v36
129,ex129,original,True,False,ok,"(27, 30)","(27, 30)","(27, 30)",0,konbu17_v36
129,ex129,task133_color_bijection,False,False,mismatch,"(27, 30)","(27, 30)","(27, 30)",19,konbu17_v36
129,ex129,task133_transpose,False,False,mismatch,"(30, 27)","(30, 27)","(30, 27)",19,konbu17_v36
129,ex129,task133_mirror_lr,False,False,mismatch,"(27, 30)","(27, 30)","(27, 30)",19,konbu17_v36
129,ex129,task133_mirror_ud,False,False,mismatch,"(27, 30)","(27, 30)","(27, 30)",19,konbu17_v36
129,ex129,task133_zero_pad_top_left,False,True,"input_shape_exceeds_limit:(28, 31)>(30, 30)","(28, 31)","(28, 31)",,,
129,ex129,task133_zero_pad_bottom_right,False,True,"input_shape_exceeds_limit:(28, 31)>(30, 30)","(28, 31)","(28, 31)",,,
130,ex130,original,True,False,ok,"(21, 14)","(21, 14)","(21, 14)",0,konbu17_v36
130,ex130,task133_color_bijection,False,False,mismatch,"(21, 14)","(21, 14)","(21, 14)",11,konbu17_v36
130,ex130,task133_transpose,False,False,mismatch,"(14, 21)","(14, 21)","(14, 21)",11,konbu17_v36
130,ex130,task133_mirror_lr,False,False,mismatch,"(21, 14)","(21, 14)","(21, 14)",11,konbu17_v36
130,ex130,task133_mirror_ud,False,False,mismatch,"(21, 14)","(21, 14)","(21, 14)",11,konbu17_v36
130,ex130,task133_zero_pad_top_left,False,False,mismatch,"(22, 15)","(22, 15)","(22, 15)",11,konbu17_v36
130,ex130,task133_zero_pad_bottom_right,True,False,ok,"(22, 15)","(22, 15)","(22, 15)",0,konbu17_v36
131,ex131,original,True,False,ok,"(29, 29)","(29, 29)","(29, 29)",0,konbu17_v36
131,ex131,task133_color_bijection,False,False,mismatch,"(29, 29)","(29, 29)","(29, 29)",10,konbu17_v36
131,ex131,task133_transpose,False,False,mismatch,"(29, 29)","(29, 29)","(29, 29)",10,konbu17_v36
131,ex131,task133_mirror_lr,False,False,mismatch,"(29, 29)","(29, 29)","(29, 29)",19,konbu17_v36
131,ex131,task133_mirror_ud,False,False,mismatch,"(29, 29)","(29, 29)","(29, 29)",10,konbu17_v36
131,ex131,task133_zero_pad_top_left,False,False,mismatch,"(30, 30)","(30, 30)","(30, 30)",10,konbu17_v36
131,ex131,task133_zero_pad_bottom_right,True,False,ok,"(30, 30)","(30, 30)","(30, 30)",0,konbu17_v36
132,ex132,original,True,False,ok,"(15, 24)","(15, 24)","(15, 24)",0,konbu17_v36
132,ex132,task133_color_bijection,False,False,mismatch,"(15, 24)","(15, 24)","(15, 24)",40,konbu17_v36
132,ex132,task133_transpose,False,False,mismatch,"(24, 15)","(24, 15)","(24, 15)",40,konbu17_v36
132,ex132,task133_mirror_lr,False,False,mismatch,"(15, 24)","(15, 24)","(15, 24)",40,konbu17_v36
132,ex132,task133_mirror_ud,False,False,mismatch,"(15, 24)","(15, 24)","(15, 24)",40,konbu17_v36
132,ex132,task133_zero_pad_top_left,False,False,mismatch,"(16, 25)","(16, 25)","(16, 25)",40,konbu17_v36
132,ex132,task133_zero_pad_bottom_right,True,False,ok,"(16, 25)","(16, 25)","(16, 25)",0,konbu17_v36
133,ex133,original,True,False,ok,"(17, 18)","(17, 18)","(17, 18)",0,konbu17_v36
133,ex133,task133_color_bijection,False,False,mismatch,"(17, 18)","(17, 18)","(17, 18)",3,konbu17_v36
133,ex133,task133_transpose,False,False,mismatch,"(18, 17)","(18, 17)","(18, 17)",3,konbu17_v36
133,ex133,task133_mirror_lr,False,False,mismatch,"(17, 18)","(17, 18)","(17, 18)",3,konbu17_v36
133,ex133,task133_mirror_ud,False,False,mismatch,"(17, 18)","(17, 18)","(17, 18)",3,konbu17_v36
133,ex133,task133_zero_pad_top_left,False,False,mismatch,"(18, 19)","(18, 19)","(18, 19)",3,konbu17_v36
133,ex133,task133_zero_pad_bottom_right,True,False,ok,"(18, 19)","(18, 19)","(18, 19)",0,konbu17_v36
134,ex134,original,True,False,ok,"(29, 26)","(29, 26)","(29, 26)",0,konbu17_v36
134,ex134,task133_color_bijection,False,False,mismatch,"(29, 26)","(29, 26)","(29, 26)",7,konbu17_v36
134,ex134,task133_transpose,False,False,mismatch,"(26, 29)","(26, 29)","(26, 29)",7,konbu17_v36
134,ex134,task133_mirror_lr,False,False,mismatch,"(29, 26)","(29, 26)","(29, 26)",7,konbu17_v36
134,ex134,task133_mirror_ud,False,False,mismatch,"(29, 26)","(29, 26)","(29, 26)",7,konbu17_v36
134,ex134,task133_zero_pad_top_left,False,False,mismatch,"(30, 27)","(30, 27)","(30, 27)",7,konbu17_v36
134,ex134,task133_zero_pad_bottom_right,True,False,ok,"(30, 27)","(30, 27)","(30, 27)",0,konbu17_v36
135,ex135,original,True,False,ok,"(29, 23)","(29, 23)","(29, 23)",0,konbu17_v36
135,ex135,task133_color_bijection,False,False,mismatch,"(29, 23)","(29, 23)","(29, 23)",5,konbu17_v36
135,ex135,task133_transpose,False,False,mismatch,"(23, 29)","(23, 29)","(23, 29)",5,konbu17_v36
135,ex135,task133_mirror_lr,False,False,mismatch,"(29, 23)","(29, 23)","(29, 23)",5,konbu17_v36
135,ex135,task133_mirror_ud,False,False,mismatch,"(29, 23)","(29, 23)","(29, 23)",5,konbu17_v36
135,ex135,task133_zero_pad_top_left,False,False,mismatch,"(30, 24)","(30, 24)","(30, 24)",5,konbu17_v36
135,ex135,task133_zero_pad_bottom_right,True,False,ok,"(30, 24)","(30, 24)","(30, 24)",0,konbu17_v36
136,ex136,original,True,False,ok,"(28, 22)","(28, 22)","(28, 22)",0,konbu17_v36
136,ex136,task133_color_bijection,False,False,mismatch,"(28, 22)","(28, 22)","(28, 22)",13,konbu17_v36
136,ex136,task133_transpose,False,False,mismatch,"(22, 28)","(22, 28)","(22, 28)",13,konbu17_v36
136,ex136,task133_mirror_lr,False,False,mismatch,"(28, 22)","(28, 22)","(28, 22)",13,konbu17_v36
136,ex136,task133_mirror_ud,False,False,mismatch,"(28, 22)","(28, 22)","(28, 22)",13,konbu17_v36
136,ex136,task133_zero_pad_top_left,False,False,mismatch,"(29, 23)","(29, 23)","(29, 23)",13,konbu17_v36
136,ex136,task133_zero_pad_bottom_right,True,False,ok,"(29, 23)","(29, 23)","(29, 23)",0,konbu17_v36
137,ex137,original,True,False,ok,"(29, 30)","(29, 30)","(29, 30)",0,konbu17_v36
137,ex137,task133_color_bijection,False,False,mismatch,"(29, 30)","(29, 30)","(29, 30)",64,konbu17_v36
137,ex137,task133_transpose,False,False,mismatch,"(30, 29)","(30, 29)","(30, 29)",64,konbu17_v36
137,ex137,task133_mirror_lr,False,False,mismatch,"(29, 30)","(29, 30)","(29, 30)",64,konbu17_v36
137,ex137,task133_mirror_ud,False,False,mismatch,"(29, 30)","(29, 30)","(29, 30)",64,konbu17_v36
137,ex137,task133_zero_pad_top_left,False,True,"input_shape_exceeds_limit:(30, 31)>(30, 30)","(30, 31)","(30, 31)",,,
137,ex137,task133_zero_pad_bottom_right,False,True,"input_shape_exceeds_limit:(30, 31)>(30, 30)","(30, 31)","(30, 31)",,,
138,ex138,original,True,False,ok,"(13, 19)","(13, 19)","(13, 19)",0,konbu17_v36
138,ex138,task133_color_bijection,False,False,mismatch,"(13, 19)","(13, 19)","(13, 19)",7,konbu17_v36
138,ex138,task133_transpose,False,False,mismatch,"(19, 13)","(19, 13)","(19, 13)",7,konbu17_v36
138,ex138,task133_mirror_lr,False,False,mismatch,"(13, 19)","(13, 19)","(13, 19)",7,konbu17_v36
138,ex138,task133_mirror_ud,False,False,mismatch,"(13, 19)","(13, 19)","(13, 19)",7,konbu17_v36
138,ex138,task133_zero_pad_top_left,False,False,mismatch,"(14, 20)","(14, 20)","(14, 20)",7,konbu17_v36
138,ex138,task133_zero_pad_bottom_right,True,False,ok,"(14, 20)","(14, 20)","(14, 20)",0,konbu17_v36
139,ex139,original,True,False,ok,"(11, 30)","(11, 30)","(11, 30)",0,konbu17_v36
139,ex139,task133_color_bijection,False,False,mismatch,"(11, 30)","(11, 30)","(11, 30)",6,konbu17_v36
139,ex139,task133_transpose,False,False,mismatch,"(30, 11)","(30, 11)","(30, 11)",6,konbu17_v36
139,ex139,task133_mirror_lr,False,False,mismatch,"(11, 30)","(11, 30)","(11, 30)",6,konbu17_v36
139,ex139,task133_mirror_ud,False,False,mismatch,"(11, 30)","(11, 30)","(11, 30)",6,konbu17_v36
139,ex139,task133_zero_pad_top_left,False,True,"input_shape_exceeds_limit:(12, 31)>(30, 30)","(12, 31)","(12, 31)",,,
139,ex139,task133_zero_pad_bottom_right,False,True,"input_shape_exceeds_limit:(12, 31)>(30, 30)","(12, 31)","(12, 31)",,,
140,ex140,original,True,False,ok,"(23, 17)","(23, 17)","(23, 17)",0,konbu17_v36
140,ex140,task133_color_bijection,False,False,mismatch,"(23, 17)","(23, 17)","(23, 17)",18,konbu17_v36
140,ex140,task133_transpose,False,False,mismatch,"(17, 23)","(17, 23)","(17, 23)",18,konbu17_v36
140,ex140,task133_mirror_lr,False,False,mismatch,"(23, 17)","(23, 17)","(23, 17)",18,konbu17_v36
140,ex140,task133_mirror_ud,False,False,mismatch,"(23, 17)","(23, 17)","(23, 17)",18,konbu17_v36
140,ex140,task133_zero_pad_top_left,False,False,mismatch,"(24, 18)","(24, 18)","(24, 18)",18,konbu17_v36
140,ex140,task133_zero_pad_bottom_right,True,False,ok,"(24, 18)","(24, 18)","(24, 18)",0,konbu17_v36
141,ex141,original,True,False,ok,"(27, 26)","(27, 26)","(27, 26)",0,konbu17_v36
141,ex141,task133_color_bijection,False,False,mismatch,"(27, 26)","(27, 26)","(27, 26)",16,konbu17_v36
141,ex141,task133_transpose,False,False,mismatch,"(26, 27)","(26, 27)","(26, 27)",13,konbu17_v36
141,ex141,task133_mirror_lr,False,False,mismatch,"(27, 26)","(27, 26)","(27, 26)",13,konbu17_v36
141,ex141,task133_mirror_ud,False,False,mismatch,"(27, 26)","(27, 26)","(27, 26)",13,konbu17_v36
141,ex141,task133_zero_pad_top_left,False,False,mismatch,"(28, 27)","(28, 27)","(28, 27)",13,konbu17_v36
141,ex141,task133_zero_pad_bottom_right,True,False,ok,"(28, 27)","(28, 27)","(28, 27)",0,konbu17_v36
142,ex142,original,True,False,ok,"(24, 16)","(24, 16)","(24, 16)",0,konbu17_v36
142,ex142,task133_color_bijection,False,False,mismatch,"(24, 16)","(24, 16)","(24, 16)",19,konbu17_v36
142,ex142,task133_transpose,False,False,mismatch,"(16, 24)","(16, 24)","(16, 24)",45,konbu17_v36
142,ex142,task133_mirror_lr,False,False,mismatch,"(24, 16)","(24, 16)","(24, 16)",19,konbu17_v36
142,ex142,task133_mirror_ud,False,False,mismatch,"(24, 16)","(24, 16)","(24, 16)",19,konbu17_v36
142,ex142,task133_zero_pad_top_left,False,False,mismatch,"(25, 17)","(25, 17)","(25, 17)",21,konbu17_v36
142,ex142,task133_zero_pad_bottom_right,True,False,ok,"(25, 17)","(25, 17)","(25, 17)",0,konbu17_v36
143,ex143,original,True,False,ok,"(22, 29)","(22, 29)","(22, 29)",0,konbu17_v36
143,ex143,task133_color_bijection,False,False,mismatch,"(22, 29)","(22, 29)","(22, 29)",7,konbu17_v36
143,ex143,task133_transpose,False,False,mismatch,"(29, 22)","(29, 22)","(29, 22)",7,konbu17_v36
143,ex143,task133_mirror_lr,False,False,mismatch,"(22, 29)","(22, 29)","(22, 29)",7,konbu17_v36
143,ex143,task133_mirror_ud,False,False,mismatch,"(22, 29)","(22, 29)","(22, 29)",7,konbu17_v36
143,ex143,task133_zero_pad_top_left,False,False,mismatch,"(23, 30)","(23, 30)","(23, 30)",7,konbu17_v36
143,ex143,task133_zero_pad_bottom_right,True,False,ok,"(23, 30)","(23, 30)","(23, 30)",0,konbu17_v36
144,ex144,original,True,False,ok,"(29, 27)","(29, 27)","(29, 27)",0,konbu17_v36
144,ex144,task133_color_bijection,False,False,mismatch,"(29, 27)","(29, 27)","(29, 27)",11,konbu17_v36
144,ex144,task133_transpose,False,False,mismatch,"(27, 29)","(27, 29)","(27, 29)",11,konbu17_v36
144,ex144,task133_mirror_lr,False,False,mismatch,"(29, 27)","(29, 27)","(29, 27)",11,konbu17_v36
144,ex144,task133_mirror_ud,False,False,mismatch,"(29, 27)","(29, 27)","(29, 27)",11,konbu17_v36
144,ex144,task133_zero_pad_top_left,False,False,mismatch,"(30, 28)","(30, 28)","(30, 28)",11,konbu17_v36
144,ex144,task133_zero_pad_bottom_right,True,False,ok,"(30, 28)","(30, 28)","(30, 28)",0,konbu17_v36
145,ex145,original,True,False,ok,"(28, 27)","(28, 27)","(28, 27)",0,konbu17_v36
145,ex145,task133_color_bijection,False,False,mismatch,"(28, 27)","(28, 27)","(28, 27)",40,konbu17_v36
145,ex145,task133_transpose,False,False,mismatch,"(27, 28)","(27, 28)","(27, 28)",40,konbu17_v36
145,ex145,task133_mirror_lr,False,False,mismatch,"(28, 27)","(28, 27)","(28, 27)",40,konbu17_v36
145,ex145,task133_mirror_ud,False,False,mismatch,"(28, 27)","(28, 27)","(28, 27)",40,konbu17_v36
145,ex145,task133_zero_pad_top_left,False,False,mismatch,"(29, 28)","(29, 28)","(29, 28)",40,konbu17_v36
145,ex145,task133_zero_pad_bottom_right,True,False,ok,"(29, 28)","(29, 28)","(29, 28)",0,konbu17_v36
146,ex146,original,True,False,ok,"(13, 27)","(13, 27)","(13, 27)",0,konbu17_v36
146,ex146,task133_color_bijection,False,False,mismatch,"(13, 27)","(13, 27)","(13, 27)",10,konbu17_v36
146,ex146,task133_transpose,False,False,mismatch,"(27, 13)","(27, 13)","(27, 13)",10,konbu17_v36
146,ex146,task133_mirror_lr,False,False,mismatch,"(13, 27)","(13, 27)","(13, 27)",10,konbu17_v36
146,ex146,task133_mirror_ud,False,False,mismatch,"(13, 27)","(13, 27)","(13, 27)",10,konbu17_v36
146,ex146,task133_zero_pad_top_left,False,False,mismatch,"(14, 28)","(14, 28)","(14, 28)",10,konbu17_v36
146,ex146,task133_zero_pad_bottom_right,True,False,ok,"(14, 28)","(14, 28)","(14, 28)",0,konbu17_v36
147,ex147,original,True,False,ok,"(22, 19)","(22, 19)","(22, 19)",0,konbu17_v36
147,ex147,task133_color_bijection,False,False,mismatch,"(22, 19)","(22, 19)","(22, 19)",10,konbu17_v36
147,ex147,task133_transpose,False,False,mismatch,"(19, 22)","(19, 22)","(19, 22)",10,konbu17_v36
147,ex147,task133_mirror_lr,False,False,mismatch,"(22, 19)","(22, 19)","(22, 19)",10,konbu17_v36
147,ex147,task133_mirror_ud,False,False,mismatch,"(22, 19)","(22, 19)","(22, 19)",10,konbu17_v36
147,ex147,task133_zero_pad_top_left,False,False,mismatch,"(23, 20)","(23, 20)","(23, 20)",10,konbu17_v36
147,ex147,task133_zero_pad_bottom_right,True,False,ok,"(23, 20)","(23, 20)","(23, 20)",0,konbu17_v36
148,ex148,original,True,False,ok,"(13, 29)","(13, 29)","(13, 29)",0,konbu17_v36
148,ex148,task133_color_bijection,False,False,mismatch,"(13, 29)","(13, 29)","(13, 29)",3,konbu17_v36
148,ex148,task133_transpose,False,False,mismatch,"(29, 13)","(29, 13)","(29, 13)",3,konbu17_v36
148,ex148,task133_mirror_lr,False,False,mismatch,"(13, 29)","(13, 29)","(13, 29)",3,konbu17_v36
148,ex148,task133_mirror_ud,False,False,mismatch,"(13, 29)","(13, 29)","(13, 29)",3,konbu17_v36
148,ex148,task133_zero_pad_top_left,False,False,mismatch,"(14, 30)","(14, 30)","(14, 30)",3,konbu17_v36
148,ex148,task133_zero_pad_bottom_right,True,False,ok,"(14, 30)","(14, 30)","(14, 30)",0,konbu17_v36
149,ex149,original,True,False,ok,"(17, 29)","(17, 29)","(17, 29)",0,konbu17_v36
149,ex149,task133_color_bijection,False,False,mismatch,"(17, 29)","(17, 29)","(17, 29)",3,konbu17_v36
149,ex149,task133_transpose,False,False,mismatch,"(29, 17)","(29, 17)","(29, 17)",3,konbu17_v36
149,ex149,task133_mirror_lr,False,False,mismatch,"(17, 29)","(17, 29)","(17, 29)",3,konbu17_v36
149,ex149,task133_mirror_ud,False,False,mismatch,"(17, 29)","(17, 29)","(17, 29)",3,konbu17_v36
149,ex149,task133_zero_pad_top_left,False,False,mismatch,"(18, 30)","(18, 30)","(18, 30)",3,konbu17_v36
149,ex149,task133_zero_pad_bottom_right,True,False,ok,"(18, 30)","(18, 30)","(18, 30)",0,konbu17_v36
150,ex150,original,True,False,ok,"(13, 19)","(13, 19)","(13, 19)",0,konbu17_v36
150,ex150,task133_color_bijection,False,False,mismatch,"(13, 19)","(13, 19)","(13, 19)",31,konbu17_v36
150,ex150,task133_transpose,False,False,mismatch,"(19, 13)","(19, 13)","(19, 13)",30,konbu17_v36
150,ex150,task133_mirror_lr,False,False,mismatch,"(13, 19)","(13, 19)","(13, 19)",34,konbu17_v36
150,ex150,task133_mirror_ud,False,False,mismatch,"(13, 19)","(13, 19)","(13, 19)",31,konbu17_v36
150,ex150,task133_zero_pad_top_left,False,False,mismatch,"(14, 20)","(14, 20)","(14, 20)",31,konbu17_v36
150,ex150,task133_zero_pad_bottom_right,True,False,ok,"(14, 20)","(14, 20)","(14, 20)",0,konbu17_v36
151,ex151,original,True,False,ok,"(22, 29)","(22, 29)","(22, 29)",0,konbu17_v36
151,ex151,task133_color_bijection,False,False,mismatch,"(22, 29)","(22, 29)","(22, 29)",28,konbu17_v36
151,ex151,task133_transpose,False,False,mismatch,"(29, 22)","(29, 22)","(29, 22)",28,konbu17_v36
151,ex151,task133_mirror_lr,False,False,mismatch,"(22, 29)","(22, 29)","(22, 29)",28,konbu17_v36
151,ex151,task133_mirror_ud,False,False,mismatch,"(22, 29)","(22, 29)","(22, 29)",28,konbu17_v36
151,ex151,task133_zero_pad_top_left,False,False,mismatch,"(23, 30)","(23, 30)","(23, 30)",28,konbu17_v36
151,ex151,task133_zero_pad_bottom_right,True,False,ok,"(23, 30)","(23, 30)","(23, 30)",0,konbu17_v36
152,ex152,original,True,False,ok,"(21, 30)","(21, 30)","(21, 30)",0,konbu17_v36
152,ex152,task133_color_bijection,False,False,mismatch,"(21, 30)","(21, 30)","(21, 30)",15,konbu17_v36
152,ex152,task133_transpose,False,False,mismatch,"(30, 21)","(30, 21)","(30, 21)",15,konbu17_v36
152,ex152,task133_mirror_lr,False,False,mismatch,"(21, 30)","(21, 30)","(21, 30)",15,konbu17_v36
152,ex152,task133_mirror_ud,False,False,mismatch,"(21, 30)","(21, 30)","(21, 30)",15,konbu17_v36
152,ex152,task133_zero_pad_top_left,False,True,"input_shape_exceeds_limit:(22, 31)>(30, 30)","(22, 31)","(22, 31)",,,
152,ex152,task133_zero_pad_bottom_right,False,True,"input_shape_exceeds_limit:(22, 31)>(30, 30)","(22, 31)","(22, 31)",,,
153,ex153,original,True,False,ok,"(23, 14)","(23, 14)","(23, 14)",0,konbu17_v36
153,ex153,task133_color_bijection,False,False,mismatch,"(23, 14)","(23, 14)","(23, 14)",7,konbu17_v36
153,ex153,task133_transpose,False,False,mismatch,"(14, 23)","(14, 23)","(14, 23)",7,konbu17_v36
153,ex153,task133_mirror_lr,False,False,mismatch,"(23, 14)","(23, 14)","(23, 14)",7,konbu17_v36
153,ex153,task133_mirror_ud,False,False,mismatch,"(23, 14)","(23, 14)","(23, 14)",7,konbu17_v36
153,ex153,task133_zero_pad_top_left,False,False,mismatch,"(24, 15)","(24, 15)","(24, 15)",7,konbu17_v36
153,ex153,task133_zero_pad_bottom_right,True,False,ok,"(24, 15)","(24, 15)","(24, 15)",0,konbu17_v36
154,ex154,original,True,False,ok,"(30, 29)","(30, 29)","(30, 29)",0,konbu17_v36
154,ex154,task133_color_bijection,False,False,mismatch,"(30, 29)","(30, 29)","(30, 29)",3,konbu17_v36
154,ex154,task133_transpose,False,False,mismatch,"(29, 30)","(29, 30)","(29, 30)",2,konbu17_v36
154,ex154,task133_mirror_lr,False,False,mismatch,"(30, 29)","(30, 29)","(30, 29)",2,konbu17_v36
154,ex154,task133_mirror_ud,False,False,mismatch,"(30, 29)","(30, 29)","(30, 29)",2,konbu17_v36
154,ex154,task133_zero_pad_top_left,False,True,"input_shape_exceeds_limit:(31, 30)>(30, 30)","(31, 30)","(31, 30)",,,
154,ex154,task133_zero_pad_bottom_right,False,True,"input_shape_exceeds_limit:(31, 30)>(30, 30)","(31, 30)","(31, 30)",,,
155,ex155,original,True,False,ok,"(24, 25)","(24, 25)","(24, 25)",0,konbu17_v36
155,ex155,task133_color_bijection,False,False,mismatch,"(24, 25)","(24, 25)","(24, 25)",15,konbu17_v36
155,ex155,task133_transpose,False,False,mismatch,"(25, 24)","(25, 24)","(25, 24)",11,konbu17_v36
155,ex155,task133_mirror_lr,False,False,mismatch,"(24, 25)","(24, 25)","(24, 25)",11,konbu17_v36
155,ex155,task133_mirror_ud,False,False,mismatch,"(24, 25)","(24, 25)","(24, 25)",11,konbu17_v36
155,ex155,task133_zero_pad_top_left,False,False,mismatch,"(25, 26)","(25, 26)","(25, 26)",11,konbu17_v36
155,ex155,task133_zero_pad_bottom_right,True,False,ok,"(25, 26)","(25, 26)","(25, 26)",0,konbu17_v36
156,ex156,original,True,False,ok,"(18, 21)","(18, 21)","(18, 21)",0,konbu17_v36
156,ex156,task133_color_bijection,False,False,mismatch,"(18, 21)","(18, 21)","(18, 21)",5,konbu17_v36
156,ex156,task133_transpose,False,False,mismatch,"(21, 18)","(21, 18)","(21, 18)",5,konbu17_v36
156,ex156,task133_mirror_lr,False,False,mismatch,"(18, 21)","(18, 21)","(18, 21)",5,konbu17_v36
156,ex156,task133_mirror_ud,False,False,mismatch,"(18, 21)","(18, 21)","(18, 21)",5,konbu17_v36
156,ex156,task133_zero_pad_top_left,False,False,mismatch,"(19, 22)","(19, 22)","(19, 22)",5,konbu17_v36
156,ex156,task133_zero_pad_bottom_right,True,False,ok,"(19, 22)","(19, 22)","(19, 22)",0,konbu17_v36
157,ex157,original,True,False,ok,"(27, 26)","(27, 26)","(27, 26)",0,konbu17_v36
157,ex157,task133_color_bijection,False,False,mismatch,"(27, 26)","(27, 26)","(27, 26)",10,konbu17_v36
157,ex157,task133_transpose,False,False,mismatch,"(26, 27)","(26, 27)","(26, 27)",10,konbu17_v36
157,ex157,task133_mirror_lr,False,False,mismatch,"(27, 26)","(27, 26)","(27, 26)",10,konbu17_v36
157,ex157,task133_mirror_ud,False,False,mismatch,"(27, 26)","(27, 26)","(27, 26)",10,konbu17_v36
157,ex157,task133_zero_pad_top_left,False,False,mismatch,"(28, 27)","(28, 27)","(28, 27)",10,konbu17_v36
157,ex157,task133_zero_pad_bottom_right,True,False,ok,"(28, 27)","(28, 27)","(28, 27)",0,konbu17_v36
158,ex158,original,True,False,ok,"(30, 20)","(30, 20)","(30, 20)",0,konbu17_v36
158,ex158,task133_color_bijection,False,False,mismatch,"(30, 20)","(30, 20)","(30, 20)",23,konbu17_v36
158,ex158,task133_transpose,False,False,mismatch,"(20, 30)","(20, 30)","(20, 30)",23,konbu17_v36
158,ex158,task133_mirror_lr,False,False,mismatch,"(30, 20)","(30, 20)","(30, 20)",23,konbu17_v36
158,ex158,task133_mirror_ud,False,False,mismatch,"(30, 20)","(30, 20)","(30, 20)",23,konbu17_v36
158,ex158,task133_zero_pad_top_left,False,True,"input_shape_exceeds_limit:(31, 21)>(30, 30)","(31, 21)","(31, 21)",,,
158,ex158,task133_zero_pad_bottom_right,False,True,"input_shape_exceeds_limit:(31, 21)>(30, 30)","(31, 21)","(31, 21)",,,
159,ex159,original,True,False,ok,"(18, 18)","(18, 18)","(18, 18)",0,konbu17_v36
159,ex159,task133_color_bijection,False,False,mismatch,"(18, 18)","(18, 18)","(18, 18)",3,konbu17_v36
159,ex159,task133_transpose,False,False,mismatch,"(18, 18)","(18, 18)","(18, 18)",3,konbu17_v36
159,ex159,task133_mirror_lr,False,False,mismatch,"(18, 18)","(18, 18)","(18, 18)",3,konbu17_v36
159,ex159,task133_mirror_ud,False,False,mismatch,"(18, 18)","(18, 18)","(18, 18)",3,konbu17_v36
159,ex159,task133_zero_pad_top_left,False,False,mismatch,"(19, 19)","(19, 19)","(19, 19)",3,konbu17_v36
159,ex159,task133_zero_pad_bottom_right,True,False,ok,"(19, 19)","(19, 19)","(19, 19)",0,konbu17_v36
160,ex160,original,True,False,ok,"(28, 30)","(28, 30)","(28, 30)",0,konbu17_v36
160,ex160,task133_color_bijection,False,False,mismatch,"(28, 30)","(28, 30)","(28, 30)",17,konbu17_v36
160,ex160,task133_transpose,False,False,mismatch,"(30, 28)","(30, 28)","(30, 28)",17,konbu17_v36
160,ex160,task133_mirror_lr,False,False,mismatch,"(28, 30)","(28, 30)","(28, 30)",17,konbu17_v36
160,ex160,task133_mirror_ud,False,False,mismatch,"(28, 30)","(28, 30)","(28, 30)",17,konbu17_v36
160,ex160,task133_zero_pad_top_left,False,True,"input_shape_exceeds_limit:(29, 31)>(30, 30)","(29, 31)","(29, 31)",,,
160,ex160,task133_zero_pad_bottom_right,False,True,"input_shape_exceeds_limit:(29, 31)>(30, 30)","(29, 31)","(29, 31)",,,
161,ex161,original,True,False,ok,"(25, 27)","(25, 27)","(25, 27)",0,konbu17_v36
161,ex161,task133_color_bijection,False,False,mismatch,"(25, 27)","(25, 27)","(25, 27)",3,konbu17_v36
161,ex161,task133_transpose,False,False,mismatch,"(27, 25)","(27, 25)","(27, 25)",3,konbu17_v36
161,ex161,task133_mirror_lr,False,False,mismatch,"(25, 27)","(25, 27)","(25, 27)",3,konbu17_v36
161,ex161,task133_mirror_ud,False,False,mismatch,"(25, 27)","(25, 27)","(25, 27)",3,konbu17_v36
161,ex161,task133_zero_pad_top_left,False,False,mismatch,"(26, 28)","(26, 28)","(26, 28)",3,konbu17_v36
161,ex161,task133_zero_pad_bottom_right,True,False,ok,"(26, 28)","(26, 28)","(26, 28)",0,konbu17_v36
162,ex162,original,True,False,ok,"(15, 20)","(15, 20)","(15, 20)",0,konbu17_v36
162,ex162,task133_color_bijection,False,False,mismatch,"(15, 20)","(15, 20)","(15, 20)",6,konbu17_v36
162,ex162,task133_transpose,False,False,mismatch,"(20, 15)","(20, 15)","(20, 15)",6,konbu17_v36
162,ex162,task133_mirror_lr,False,False,mismatch,"(15, 20)","(15, 20)","(15, 20)",10,konbu17_v36
162,ex162,task133_mirror_ud,False,False,mismatch,"(15, 20)","(15, 20)","(15, 20)",6,konbu17_v36
162,ex162,task133_zero_pad_top_left,False,False,mismatch,"(16, 21)","(16, 21)","(16, 21)",6,konbu17_v36
162,ex162,task133_zero_pad_bottom_right,True,False,ok,"(16, 21)","(16, 21)","(16, 21)",0,konbu17_v36
163,ex163,original,True,False,ok,"(20, 26)","(20, 26)","(20, 26)",0,konbu17_v36
163,ex163,task133_color_bijection,False,False,mismatch,"(20, 26)","(20, 26)","(20, 26)",37,konbu17_v36
163,ex163,task133_transpose,False,False,mismatch,"(26, 20)","(26, 20)","(26, 20)",37,konbu17_v36
163,ex163,task133_mirror_lr,False,False,mismatch,"(20, 26)","(20, 26)","(20, 26)",37,konbu17_v36
163,ex163,task133_mirror_ud,False,False,mismatch,"(20, 26)","(20, 26)","(20, 26)",37,konbu17_v36
163,ex163,task133_zero_pad_top_left,False,False,mismatch,"(21, 27)","(21, 27)","(21, 27)",37,konbu17_v36
163,ex163,task133_zero_pad_bottom_right,True,False,ok,"(21, 27)","(21, 27)","(21, 27)",0,konbu17_v36
164,ex164,original,True,False,ok,"(12, 16)","(12, 16)","(12, 16)",0,konbu17_v36
164,ex164,task133_color_bijection,False,False,mismatch,"(12, 16)","(12, 16)","(12, 16)",2,konbu17_v36
164,ex164,task133_transpose,False,False,mismatch,"(16, 12)","(16, 12)","(16, 12)",2,konbu17_v36
164,ex164,task133_mirror_lr,False,False,mismatch,"(12, 16)","(12, 16)","(12, 16)",2,konbu17_v36
164,ex164,task133_mirror_ud,False,False,mismatch,"(12, 16)","(12, 16)","(12, 16)",2,konbu17_v36
164,ex164,task133_zero_pad_top_left,False,False,mismatch,"(13, 17)","(13, 17)","(13, 17)",2,konbu17_v36
164,ex164,task133_zero_pad_bottom_right,True,False,ok,"(13, 17)","(13, 17)","(13, 17)",0,konbu17_v36
165,ex165,original,True,False,ok,"(28, 27)","(28, 27)","(28, 27)",0,konbu17_v36
165,ex165,task133_color_bijection,False,False,mismatch,"(28, 27)","(28, 27)","(28, 27)",14,konbu17_v36
165,ex165,task133_transpose,False,False,mismatch,"(27, 28)","(27, 28)","(27, 28)",14,konbu17_v36
165,ex165,task133_mirror_lr,False,False,mismatch,"(28, 27)","(28, 27)","(28, 27)",14,konbu17_v36
165,ex165,task133_mirror_ud,False,False,mismatch,"(28, 27)","(28, 27)","(28, 27)",14,konbu17_v36
165,ex165,task133_zero_pad_top_left,False,False,mismatch,"(29, 28)","(29, 28)","(29, 28)",14,konbu17_v36
165,ex165,task133_zero_pad_bottom_right,True,False,ok,"(29, 28)","(29, 28)","(29, 28)",0,konbu17_v36
166,ex166,original,True,False,ok,"(17, 19)","(17, 19)","(17, 19)",0,konbu17_v36
166,ex166,task133_color_bijection,False,False,mismatch,"(17, 19)","(17, 19)","(17, 19)",19,konbu17_v36
166,ex166,task133_transpose,False,False,mismatch,"(19, 17)","(19, 17)","(19, 17)",19,konbu17_v36
166,ex166,task133_mirror_lr,False,False,mismatch,"(17, 19)","(17, 19)","(17, 19)",19,konbu17_v36
166,ex166,task133_mirror_ud,False,False,mismatch,"(17, 19)","(17, 19)","(17, 19)",19,konbu17_v36
166,ex166,task133_zero_pad_top_left,False,False,mismatch,"(18, 20)","(18, 20)","(18, 20)",30,konbu17_v36
166,ex166,task133_zero_pad_bottom_right,True,False,ok,"(18, 20)","(18, 20)","(18, 20)",0,konbu17_v36
167,ex167,original,True,False,ok,"(21, 19)","(21, 19)","(21, 19)",0,konbu17_v36
167,ex167,task133_color_bijection,False,False,mismatch,"(21, 19)","(21, 19)","(21, 19)",3,konbu17_v36
167,ex167,task133_transpose,False,False,mismatch,"(19, 21)","(19, 21)","(19, 21)",4,konbu17_v36
167,ex167,task133_mirror_lr,False,False,mismatch,"(21, 19)","(21, 19)","(21, 19)",3,konbu17_v36
167,ex167,task133_mirror_ud,False,False,mismatch,"(21, 19)","(21, 19)","(21, 19)",3,konbu17_v36
167,ex167,task133_zero_pad_top_left,False,False,mismatch,"(22, 20)","(22, 20)","(22, 20)",3,konbu17_v36
167,ex167,task133_zero_pad_bottom_right,True,False,ok,"(22, 20)","(22, 20)","(22, 20)",0,konbu17_v36
168,ex168,original,True,False,ok,"(15, 14)","(15, 14)","(15, 14)",0,konbu17_v36
168,ex168,task133_color_bijection,False,False,mismatch,"(15, 14)","(15, 14)","(15, 14)",7,konbu17_v36
168,ex168,task133_transpose,False,False,mismatch,"(14, 15)","(14, 15)","(14, 15)",7,konbu17_v36
168,ex168,task133_mirror_lr,False,False,mismatch,"(15, 14)","(15, 14)","(15, 14)",7,konbu17_v36
168,ex168,task133_mirror_ud,False,False,mismatch,"(15, 14)","(15, 14)","(15, 14)",7,konbu17_v36
168,ex168,task133_zero_pad_top_left,False,False,mismatch,"(16, 15)","(16, 15)","(16, 15)",7,konbu17_v36
168,ex168,task133_zero_pad_bottom_right,True,False,ok,"(16, 15)","(16, 15)","(16, 15)",0,konbu17_v36
169,ex169,original,True,False,ok,"(26, 17)","(26, 17)","(26, 17)",0,konbu17_v36
169,ex169,task133_color_bijection,False,False,mismatch,"(26, 17)","(26, 17)","(26, 17)",4,konbu17_v36
169,ex169,task133_transpose,False,False,mismatch,"(17, 26)","(17, 26)","(17, 26)",4,konbu17_v36
169,ex169,task133_mirror_lr,False,False,mismatch,"(26, 17)","(26, 17)","(26, 17)",4,konbu17_v36
169,ex169,task133_mirror_ud,False,False,mismatch,"(26, 17)","(26, 17)","(26, 17)",4,konbu17_v36
169,ex169,task133_zero_pad_top_left,False,False,mismatch,"(27, 18)","(27, 18)","(27, 18)",4,konbu17_v36
169,ex169,task133_zero_pad_bottom_right,True,False,ok,"(27, 18)","(27, 18)","(27, 18)",0,konbu17_v36
170,ex170,original,True,False,ok,"(17, 26)","(17, 26)","(17, 26)",0,konbu17_v36
170,ex170,task133_color_bijection,False,False,mismatch,"(17, 26)","(17, 26)","(17, 26)",4,konbu17_v36
170,ex170,task133_transpose,False,False,mismatch,"(26, 17)","(26, 17)","(26, 17)",4,konbu17_v36
170,ex170,task133_mirror_lr,False,False,mismatch,"(17, 26)","(17, 26)","(17, 26)",4,konbu17_v36
170,ex170,task133_mirror_ud,False,False,mismatch,"(17, 26)","(17, 26)","(17, 26)",4,konbu17_v36
170,ex170,task133_zero_pad_top_left,False,False,mismatch,"(18, 27)","(18, 27)","(18, 27)",4,konbu17_v36
170,ex170,task133_zero_pad_bottom_right,True,False,ok,"(18, 27)","(18, 27)","(18, 27)",0,konbu17_v36
171,ex171,original,True,False,ok,"(21, 27)","(21, 27)","(21, 27)",0,konbu17_v36
171,ex171,task133_color_bijection,False,False,mismatch,"(21, 27)","(21, 27)","(21, 27)",25,konbu17_v36
171,ex171,task133_transpose,False,False,mismatch,"(27, 21)","(27, 21)","(27, 21)",19,konbu17_v36
171,ex171,task133_mirror_lr,False,False,mismatch,"(21, 27)","(21, 27)","(21, 27)",19,konbu17_v36
171,ex171,task133_mirror_ud,False,False,mismatch,"(21, 27)","(21, 27)","(21, 27)",19,konbu17_v36
171,ex171,task133_zero_pad_top_left,False,False,mismatch,"(22, 28)","(22, 28)","(22, 28)",19,konbu17_v36
171,ex171,task133_zero_pad_bottom_right,True,False,ok,"(22, 28)","(22, 28)","(22, 28)",0,konbu17_v36
172,ex172,original,True,False,ok,"(29, 25)","(29, 25)","(29, 25)",0,konbu17_v36
172,ex172,task133_color_bijection,False,False,mismatch,"(29, 25)","(29, 25)","(29, 25)",16,konbu17_v36
172,ex172,task133_transpose,False,False,mismatch,"(25, 29)","(25, 29)","(25, 29)",16,konbu17_v36
172,ex172,task133_mirror_lr,False,False,mismatch,"(29, 25)","(29, 25)","(29, 25)",16,konbu17_v36
172,ex172,task133_mirror_ud,False,False,mismatch,"(29, 25)","(29, 25)","(29, 25)",16,konbu17_v36
172,ex172,task133_zero_pad_top_left,False,False,mismatch,"(30, 26)","(30, 26)","(30, 26)",16,konbu17_v36
172,ex172,task133_zero_pad_bottom_right,True,False,ok,"(30, 26)","(30, 26)","(30, 26)",0,konbu17_v36
173,ex173,original,True,False,ok,"(23, 27)","(23, 27)","(23, 27)",0,konbu17_v36
173,ex173,task133_color_bijection,False,False,mismatch,"(23, 27)","(23, 27)","(23, 27)",33,konbu17_v36
173,ex173,task133_transpose,False,False,mismatch,"(27, 23)","(27, 23)","(27, 23)",13,konbu17_v36
173,ex173,task133_mirror_lr,False,False,mismatch,"(23, 27)","(23, 27)","(23, 27)",13,konbu17_v36
173,ex173,task133_mirror_ud,False,False,mismatch,"(23, 27)","(23, 27)","(23, 27)",46,konbu17_v36
173,ex173,task133_zero_pad_top_left,False,False,mismatch,"(24, 28)","(24, 28)","(24, 28)",24,konbu17_v36
173,ex173,task133_zero_pad_bottom_right,True,False,ok,"(24, 28)","(24, 28)","(24, 28)",0,konbu17_v36
174,ex174,original,True,False,ok,"(29, 14)","(29, 14)","(29, 14)",0,konbu17_v36
174,ex174,task133_color_bijection,False,False,mismatch,"(29, 14)","(29, 14)","(29, 14)",3,konbu17_v36
174,ex174,task133_transpose,False,False,mismatch,"(14, 29)","(14, 29)","(14, 29)",3,konbu17_v36
174,ex174,task133_mirror_lr,False,False,mismatch,"(29, 14)","(29, 14)","(29, 14)",3,konbu17_v36
174,ex174,task133_mirror_ud,False,False,mismatch,"(29, 14)","(29, 14)","(29, 14)",3,konbu17_v36
174,ex174,task133_zero_pad_top_left,False,False,mismatch,"(30, 15)","(30, 15)","(30, 15)",3,konbu17_v36
174,ex174,task133_zero_pad_bottom_right,True,False,ok,"(30, 15)","(30, 15)","(30, 15)",0,konbu17_v36
175,ex175,original,True,False,ok,"(28, 22)","(28, 22)","(28, 22)",0,konbu17_v36
175,ex175,task133_color_bijection,False,False,mismatch,"(28, 22)","(28, 22)","(28, 22)",43,konbu17_v36
175,ex175,task133_transpose,False,False,mismatch,"(22, 28)","(22, 28)","(22, 28)",43,konbu17_v36
175,ex175,task133_mirror_lr,False,False,mismatch,"(28, 22)","(28, 22)","(28, 22)",43,konbu17_v36
175,ex175,task133_mirror_ud,False,False,mismatch,"(28, 22)","(28, 22)","(28, 22)",43,konbu17_v36
175,ex175,task133_zero_pad_top_left,False,False,mismatch,"(29, 23)","(29, 23)","(29, 23)",43,konbu17_v36
175,ex175,task133_zero_pad_bottom_right,True,False,ok,"(29, 23)","(29, 23)","(29, 23)",0,konbu17_v36
176,ex176,original,True,False,ok,"(21, 26)","(21, 26)","(21, 26)",0,konbu17_v36
176,ex176,task133_color_bijection,False,False,mismatch,"(21, 26)","(21, 26)","(21, 26)",13,konbu17_v36
176,ex176,task133_transpose,False,False,mismatch,"(26, 21)","(26, 21)","(26, 21)",13,konbu17_v36
176,ex176,task133_mirror_lr,False,False,mismatch,"(21, 26)","(21, 26)","(21, 26)",13,konbu17_v36
176,ex176,task133_mirror_ud,False,False,mismatch,"(21, 26)","(21, 26)","(21, 26)",13,konbu17_v36
176,ex176,task133_zero_pad_top_left,False,False,mismatch,"(22, 27)","(22, 27)","(22, 27)",13,konbu17_v36
176,ex176,task133_zero_pad_bottom_right,True,False,ok,"(22, 27)","(22, 27)","(22, 27)",0,konbu17_v36
177,ex177,original,True,False,ok,"(29, 18)","(29, 18)","(29, 18)",0,konbu17_v36
177,ex177,task133_color_bijection,False,False,mismatch,"(29, 18)","(29, 18)","(29, 18)",43,konbu17_v36
177,ex177,task133_transpose,False,False,mismatch,"(18, 29)","(18, 29)","(18, 29)",43,konbu17_v36
177,ex177,task133_mirror_lr,False,False,mismatch,"(29, 18)","(29, 18)","(29, 18)",43,konbu17_v36
177,ex177,task133_mirror_ud,False,False,mismatch,"(29, 18)","(29, 18)","(29, 18)",43,konbu17_v36
177,ex177,task133_zero_pad_top_left,False,False,mismatch,"(30, 19)","(30, 19)","(30, 19)",43,konbu17_v36
177,ex177,task133_zero_pad_bottom_right,True,False,ok,"(30, 19)","(30, 19)","(30, 19)",0,konbu17_v36
178,ex178,original,True,False,ok,"(30, 20)","(30, 20)","(30, 20)",0,konbu17_v36
178,ex178,task133_color_bijection,False,False,mismatch,"(30, 20)","(30, 20)","(30, 20)",19,konbu17_v36
178,ex178,task133_transpose,False,False,mismatch,"(20, 30)","(20, 30)","(20, 30)",19,konbu17_v36
178,ex178,task133_mirror_lr,False,False,mismatch,"(30, 20)","(30, 20)","(30, 20)",19,konbu17_v36
178,ex178,task133_mirror_ud,False,False,mismatch,"(30, 20)","(30, 20)","(30, 20)",19,konbu17_v36
178,ex178,task133_zero_pad_top_left,False,True,"input_shape_exceeds_limit:(31, 21)>(30, 30)","(31, 21)","(31, 21)",,,
178,ex178,task133_zero_pad_bottom_right,False,True,"input_shape_exceeds_limit:(31, 21)>(30, 30)","(31, 21)","(31, 21)",,,
179,ex179,original,True,False,ok,"(22, 23)","(22, 23)","(22, 23)",0,konbu17_v36
179,ex179,task133_color_bijection,False,False,mismatch,"(22, 23)","(22, 23)","(22, 23)",19,konbu17_v36
179,ex179,task133_transpose,False,False,mismatch,"(23, 22)","(23, 22)","(23, 22)",19,konbu17_v36
179,ex179,task133_mirror_lr,False,False,mismatch,"(22, 23)","(22, 23)","(22, 23)",19,konbu17_v36
179,ex179,task133_mirror_ud,False,False,mismatch,"(22, 23)","(22, 23)","(22, 23)",19,konbu17_v36
179,ex179,task133_zero_pad_top_left,False,False,mismatch,"(23, 24)","(23, 24)","(23, 24)",19,konbu17_v36
179,ex179,task133_zero_pad_bottom_right,True,False,ok,"(23, 24)","(23, 24)","(23, 24)",0,konbu17_v36
180,ex180,original,True,False,ok,"(25, 29)","(25, 29)","(25, 29)",0,konbu17_v36
180,ex180,task133_color_bijection,False,False,mismatch,"(25, 29)","(25, 29)","(25, 29)",3,konbu17_v36
180,ex180,task133_transpose,False,False,mismatch,"(29, 25)","(29, 25)","(29, 25)",3,konbu17_v36
180,ex180,task133_mirror_lr,False,False,mismatch,"(25, 29)","(25, 29)","(25, 29)",3,konbu17_v36
180,ex180,task133_mirror_ud,False,False,mismatch,"(25, 29)","(25, 29)","(25, 29)",3,konbu17_v36
180,ex180,task133_zero_pad_top_left,False,False,mismatch,"(26, 30)","(26, 30)","(26, 30)",3,konbu17_v36
180,ex180,task133_zero_pad_bottom_right,True,False,ok,"(26, 30)","(26, 30)","(26, 30)",0,konbu17_v36
181,ex181,original,True,False,ok,"(29, 18)","(29, 18)","(29, 18)",0,konbu17_v36
181,ex181,task133_color_bijection,False,False,mismatch,"(29, 18)","(29, 18)","(29, 18)",13,konbu17_v36
181,ex181,task133_transpose,False,False,mismatch,"(18, 29)","(18, 29)","(18, 29)",13,konbu17_v36
181,ex181,task133_mirror_lr,False,False,mismatch,"(29, 18)","(29, 18)","(29, 18)",13,konbu17_v36
181,ex181,task133_mirror_ud,False,False,mismatch,"(29, 18)","(29, 18)","(29, 18)",13,konbu17_v36
181,ex181,task133_zero_pad_top_left,False,False,mismatch,"(30, 19)","(30, 19)","(30, 19)",13,konbu17_v36
181,ex181,task133_zero_pad_bottom_right,True,False,ok,"(30, 19)","(30, 19)","(30, 19)",0,konbu17_v36
182,ex182,original,True,False,ok,"(19, 22)","(19, 22)","(19, 22)",0,konbu17_v36
182,ex182,task133_color_bijection,False,False,mismatch,"(19, 22)","(19, 22)","(19, 22)",28,konbu17_v36
182,ex182,task133_transpose,False,False,mismatch,"(22, 19)","(22, 19)","(22, 19)",28,konbu17_v36
182,ex182,task133_mirror_lr,False,False,mismatch,"(19, 22)","(19, 22)","(19, 22)",28,konbu17_v36
182,ex182,task133_mirror_ud,False,False,mismatch,"(19, 22)","(19, 22)","(19, 22)",36,konbu17_v36
182,ex182,task133_zero_pad_top_left,False,False,mismatch,"(20, 23)","(20, 23)","(20, 23)",28,konbu17_v36
182,ex182,task133_zero_pad_bottom_right,True,False,ok,"(20, 23)","(20, 23)","(20, 23)",0,konbu17_v36
183,ex183,original,True,False,ok,"(19, 26)","(19, 26)","(19, 26)",0,konbu17_v36
183,ex183,task133_color_bijection,False,False,mismatch,"(19, 26)","(19, 26)","(19, 26)",13,konbu17_v36
183,ex183,task133_transpose,False,False,mismatch,"(26, 19)","(26, 19)","(26, 19)",13,konbu17_v36
183,ex183,task133_mirror_lr,False,False,mismatch,"(19, 26)","(19, 26)","(19, 26)",13,konbu17_v36
183,ex183,task133_mirror_ud,False,False,mismatch,"(19, 26)","(19, 26)","(19, 26)",13,konbu17_v36
183,ex183,task133_zero_pad_top_left,False,False,mismatch,"(20, 27)","(20, 27)","(20, 27)",13,konbu17_v36
183,ex183,task133_zero_pad_bottom_right,True,False,ok,"(20, 27)","(20, 27)","(20, 27)",0,konbu17_v36
184,ex184,original,True,False,ok,"(24, 26)","(24, 26)","(24, 26)",0,konbu17_v36
184,ex184,task133_color_bijection,False,False,mismatch,"(24, 26)","(24, 26)","(24, 26)",5,konbu17_v36
184,ex184,task133_transpose,False,False,mismatch,"(26, 24)","(26, 24)","(26, 24)",5,konbu17_v36
184,ex184,task133_mirror_lr,False,False,mismatch,"(24, 26)","(24, 26)","(24, 26)",5,konbu17_v36
184,ex184,task133_mirror_ud,False,False,mismatch,"(24, 26)","(24, 26)","(24, 26)",5,konbu17_v36
184,ex184,task133_zero_pad_top_left,False,False,mismatch,"(25, 27)","(25, 27)","(25, 27)",5,konbu17_v36
184,ex184,task133_zero_pad_bottom_right,True,False,ok,"(25, 27)","(25, 27)","(25, 27)",0,konbu17_v36
185,ex185,original,True,False,ok,"(22, 28)","(22, 28)","(22, 28)",0,konbu17_v36
185,ex185,task133_color_bijection,False,False,mismatch,"(22, 28)","(22, 28)","(22, 28)",37,konbu17_v36
185,ex185,task133_transpose,False,False,mismatch,"(28, 22)","(28, 22)","(28, 22)",37,konbu17_v36
185,ex185,task133_mirror_lr,False,False,mismatch,"(22, 28)","(22, 28)","(22, 28)",37,konbu17_v36
185,ex185,task133_mirror_ud,False,False,mismatch,"(22, 28)","(22, 28)","(22, 28)",37,konbu17_v36
185,ex185,task133_zero_pad_top_left,False,False,mismatch,"(23, 29)","(23, 29)","(23, 29)",37,konbu17_v36
185,ex185,task133_zero_pad_bottom_right,True,False,ok,"(23, 29)","(23, 29)","(23, 29)",0,konbu17_v36
186,ex186,original,True,False,ok,"(14, 28)","(14, 28)","(14, 28)",0,konbu17_v36
186,ex186,task133_color_bijection,False,False,mismatch,"(14, 28)","(14, 28)","(14, 28)",3,konbu17_v36
186,ex186,task133_transpose,False,False,mismatch,"(28, 14)","(28, 14)","(28, 14)",3,konbu17_v36
186,ex186,task133_mirror_lr,False,False,mismatch,"(14, 28)","(14, 28)","(14, 28)",3,konbu17_v36
186,ex186,task133_mirror_ud,False,False,mismatch,"(14, 28)","(14, 28)","(14, 28)",3,konbu17_v36
186,ex186,task133_zero_pad_top_left,False,False,mismatch,"(15, 29)","(15, 29)","(15, 29)",3,konbu17_v36
186,ex186,task133_zero_pad_bottom_right,True,False,ok,"(15, 29)","(15, 29)","(15, 29)",0,konbu17_v36
187,ex187,original,True,False,ok,"(26, 28)","(26, 28)","(26, 28)",0,konbu17_v36
187,ex187,task133_color_bijection,False,False,mismatch,"(26, 28)","(26, 28)","(26, 28)",35,konbu17_v36
187,ex187,task133_transpose,False,False,mismatch,"(28, 26)","(28, 26)","(28, 26)",35,konbu17_v36
187,ex187,task133_mirror_lr,False,False,mismatch,"(26, 28)","(26, 28)","(26, 28)",35,konbu17_v36
187,ex187,task133_mirror_ud,False,False,mismatch,"(26, 28)","(26, 28)","(26, 28)",35,konbu17_v36
187,ex187,task133_zero_pad_top_left,False,False,mismatch,"(27, 29)","(27, 29)","(27, 29)",35,konbu17_v36
187,ex187,task133_zero_pad_bottom_right,True,False,ok,"(27, 29)","(27, 29)","(27, 29)",0,konbu17_v36
188,ex188,original,True,False,ok,"(15, 11)","(15, 11)","(15, 11)",0,konbu17_v36
188,ex188,task133_color_bijection,False,False,mismatch,"(15, 11)","(15, 11)","(15, 11)",3,konbu17_v36
188,ex188,task133_transpose,False,False,mismatch,"(11, 15)","(11, 15)","(11, 15)",3,konbu17_v36
188,ex188,task133_mirror_lr,False,False,mismatch,"(15, 11)","(15, 11)","(15, 11)",3,konbu17_v36
188,ex188,task133_mirror_ud,False,False,mismatch,"(15, 11)","(15, 11)","(15, 11)",3,konbu17_v36
188,ex188,task133_zero_pad_top_left,False,False,mismatch,"(16, 12)","(16, 12)","(16, 12)",4,konbu17_v36
188,ex188,task133_zero_pad_bottom_right,True,False,ok,"(16, 12)","(16, 12)","(16, 12)",0,konbu17_v36
189,ex189,original,True,False,ok,"(23, 24)","(23, 24)","(23, 24)",0,konbu17_v36
189,ex189,task133_color_bijection,False,False,mismatch,"(23, 24)","(23, 24)","(23, 24)",9,konbu17_v36
189,ex189,task133_transpose,False,False,mismatch,"(24, 23)","(24, 23)","(24, 23)",9,konbu17_v36
189,ex189,task133_mirror_lr,False,False,mismatch,"(23, 24)","(23, 24)","(23, 24)",9,konbu17_v36
189,ex189,task133_mirror_ud,False,False,mismatch,"(23, 24)","(23, 24)","(23, 24)",9,konbu17_v36
189,ex189,task133_zero_pad_top_left,False,False,mismatch,"(24, 25)","(24, 25)","(24, 25)",9,konbu17_v36
189,ex189,task133_zero_pad_bottom_right,True,False,ok,"(24, 25)","(24, 25)","(24, 25)",0,konbu17_v36
190,ex190,original,True,False,ok,"(26, 19)","(26, 19)","(26, 19)",0,konbu17_v36
190,ex190,task133_color_bijection,False,False,mismatch,"(26, 19)","(26, 19)","(26, 19)",20,konbu17_v36
190,ex190,task133_transpose,False,False,mismatch,"(19, 26)","(19, 26)","(19, 26)",20,konbu17_v36
190,ex190,task133_mirror_lr,False,False,mismatch,"(26, 19)","(26, 19)","(26, 19)",20,konbu17_v36
190,ex190,task133_mirror_ud,False,False,mismatch,"(26, 19)","(26, 19)","(26, 19)",20,konbu17_v36
190,ex190,task133_zero_pad_top_left,False,False,mismatch,"(27, 20)","(27, 20)","(27, 20)",20,konbu17_v36
190,ex190,task133_zero_pad_bottom_right,True,False,ok,"(27, 20)","(27, 20)","(27, 20)",0,konbu17_v36
191,ex191,original,True,False,ok,"(22, 26)","(22, 26)","(22, 26)",0,konbu17_v36
191,ex191,task133_color_bijection,False,False,mismatch,"(22, 26)","(22, 26)","(22, 26)",29,konbu17_v36
191,ex191,task133_transpose,False,False,mismatch,"(26, 22)","(26, 22)","(26, 22)",29,konbu17_v36
191,ex191,task133_mirror_lr,False,False,mismatch,"(22, 26)","(22, 26)","(22, 26)",29,konbu17_v36
191,ex191,task133_mirror_ud,False,False,mismatch,"(22, 26)","(22, 26)","(22, 26)",29,konbu17_v36
191,ex191,task133_zero_pad_top_left,False,False,mismatch,"(23, 27)","(23, 27)","(23, 27)",29,konbu17_v36
191,ex191,task133_zero_pad_bottom_right,True,False,ok,"(23, 27)","(23, 27)","(23, 27)",0,konbu17_v36
192,ex192,original,True,False,ok,"(24, 17)","(24, 17)","(24, 17)",0,konbu17_v36
192,ex192,task133_color_bijection,False,False,mismatch,"(24, 17)","(24, 17)","(24, 17)",19,konbu17_v36
192,ex192,task133_transpose,False,False,mismatch,"(17, 24)","(17, 24)","(17, 24)",19,konbu17_v36
192,ex192,task133_mirror_lr,False,False,mismatch,"(24, 17)","(24, 17)","(24, 17)",19,konbu17_v36
192,ex192,task133_mirror_ud,False,False,mismatch,"(24, 17)","(24, 17)","(24, 17)",23,konbu17_v36
192,ex192,task133_zero_pad_top_left,False,False,mismatch,"(25, 18)","(25, 18)","(25, 18)",19,konbu17_v36
192,ex192,task133_zero_pad_bottom_right,True,False,ok,"(25, 18)","(25, 18)","(25, 18)",0,konbu17_v36
193,ex193,original,True,False,ok,"(29, 23)","(29, 23)","(29, 23)",0,konbu17_v36
193,ex193,task133_color_bijection,False,False,mismatch,"(29, 23)","(29, 23)","(29, 23)",25,konbu17_v36
193,ex193,task133_transpose,False,False,mismatch,"(23, 29)","(23, 29)","(23, 29)",25,konbu17_v36
193,ex193,task133_mirror_lr,False,False,mismatch,"(29, 23)","(29, 23)","(29, 23)",25,konbu17_v36
193,ex193,task133_mirror_ud,False,False,mismatch,"(29, 23)","(29, 23)","(29, 23)",25,konbu17_v36
193,ex193,task133_zero_pad_top_left,False,False,mismatch,"(30, 24)","(30, 24)","(30, 24)",25,konbu17_v36
193,ex193,task133_zero_pad_bottom_right,True,False,ok,"(30, 24)","(30, 24)","(30, 24)",0,konbu17_v36
194,ex194,original,True,False,ok,"(28, 27)","(28, 27)","(28, 27)",0,konbu17_v36
194,ex194,task133_color_bijection,False,False,mismatch,"(28, 27)","(28, 27)","(28, 27)",5,konbu17_v36
194,ex194,task133_transpose,False,False,mismatch,"(27, 28)","(27, 28)","(27, 28)",5,konbu17_v36
194,ex194,task133_mirror_lr,False,False,mismatch,"(28, 27)","(28, 27)","(28, 27)",5,konbu17_v36
194,ex194,task133_mirror_ud,False,False,mismatch,"(28, 27)","(28, 27)","(28, 27)",5,konbu17_v36
194,ex194,task133_zero_pad_top_left,False,False,mismatch,"(29, 28)","(29, 28)","(29, 28)",5,konbu17_v36
194,ex194,task133_zero_pad_bottom_right,True,False,ok,"(29, 28)","(29, 28)","(29, 28)",0,konbu17_v36
195,ex195,original,True,False,ok,"(13, 29)","(13, 29)","(13, 29)",0,konbu17_v36
195,ex195,task133_color_bijection,False,False,mismatch,"(13, 29)","(13, 29)","(13, 29)",13,konbu17_v36
195,ex195,task133_transpose,False,False,mismatch,"(29, 13)","(29, 13)","(29, 13)",13,konbu17_v36
195,ex195,task133_mirror_lr,False,False,mismatch,"(13, 29)","(13, 29)","(13, 29)",13,konbu17_v36
195,ex195,task133_mirror_ud,False,False,mismatch,"(13, 29)","(13, 29)","(13, 29)",13,konbu17_v36
195,ex195,task133_zero_pad_top_left,False,False,mismatch,"(14, 30)","(14, 30)","(14, 30)",13,konbu17_v36
195,ex195,task133_zero_pad_bottom_right,True,False,ok,"(14, 30)","(14, 30)","(14, 30)",0,konbu17_v36
196,ex196,original,True,False,ok,"(29, 14)","(29, 14)","(29, 14)",0,konbu17_v36
196,ex196,task133_color_bijection,False,False,mismatch,"(29, 14)","(29, 14)","(29, 14)",10,konbu17_v36
196,ex196,task133_transpose,False,False,mismatch,"(14, 29)","(14, 29)","(14, 29)",10,konbu17_v36
196,ex196,task133_mirror_lr,False,False,mismatch,"(29, 14)","(29, 14)","(29, 14)",10,konbu17_v36
196,ex196,task133_mirror_ud,False,False,mismatch,"(29, 14)","(29, 14)","(29, 14)",10,konbu17_v36
196,ex196,task133_zero_pad_top_left,False,False,mismatch,"(30, 15)","(30, 15)","(30, 15)",10,konbu17_v36
196,ex196,task133_zero_pad_bottom_right,True,False,ok,"(30, 15)","(30, 15)","(30, 15)",0,konbu17_v36
197,ex197,original,True,False,ok,"(13, 26)","(13, 26)","(13, 26)",0,konbu17_v36
197,ex197,task133_color_bijection,False,False,mismatch,"(13, 26)","(13, 26)","(13, 26)",28,konbu17_v36
197,ex197,task133_transpose,False,False,mismatch,"(26, 13)","(26, 13)","(26, 13)",28,konbu17_v36
197,ex197,task133_mirror_lr,False,False,mismatch,"(13, 26)","(13, 26)","(13, 26)",28,konbu17_v36
197,ex197,task133_mirror_ud,False,False,mismatch,"(13, 26)","(13, 26)","(13, 26)",28,konbu17_v36
197,ex197,task133_zero_pad_top_left,False,False,mismatch,"(14, 27)","(14, 27)","(14, 27)",28,konbu17_v36
197,ex197,task133_zero_pad_bottom_right,True,False,ok,"(14, 27)","(14, 27)","(14, 27)",0,konbu17_v36
198,ex198,original,True,False,ok,"(27, 18)","(27, 18)","(27, 18)",0,konbu17_v36
198,ex198,task133_color_bijection,False,False,mismatch,"(27, 18)","(27, 18)","(27, 18)",10,konbu17_v36
198,ex198,task133_transpose,False,False,mismatch,"(18, 27)","(18, 27)","(18, 27)",10,konbu17_v36
198,ex198,task133_mirror_lr,False,False,mismatch,"(27, 18)","(27, 18)","(27, 18)",10,konbu17_v36
198,ex198,task133_mirror_ud,False,False,mismatch,"(27, 18)","(27, 18)","(27, 18)",10,konbu17_v36
198,ex198,task133_zero_pad_top_left,False,False,mismatch,"(28, 19)","(28, 19)","(28, 19)",10,konbu17_v36
198,ex198,task133_zero_pad_bottom_right,True,False,ok,"(28, 19)","(28, 19)","(28, 19)",0,konbu17_v36
199,ex199,original,True,False,ok,"(26, 19)","(26, 19)","(26, 19)",0,konbu17_v36
199,ex199,task133_color_bijection,False,False,mismatch,"(26, 19)","(26, 19)","(26, 19)",43,konbu17_v36
199,ex199,task133_transpose,False,False,mismatch,"(19, 26)","(19, 26)","(19, 26)",43,konbu17_v36
199,ex199,task133_mirror_lr,False,False,mismatch,"(26, 19)","(26, 19)","(26, 19)",43,konbu17_v36
199,ex199,task133_mirror_ud,False,False,mismatch,"(26, 19)","(26, 19)","(26, 19)",43,konbu17_v36
199,ex199,task133_zero_pad_top_left,False,False,mismatch,"(27, 20)","(27, 20)","(27, 20)",43,konbu17_v36
199,ex199,task133_zero_pad_bottom_right,True,False,ok,"(27, 20)","(27, 20)","(27, 20)",0,konbu17_v36
200,ex200,original,True,False,ok,"(23, 27)","(23, 27)","(23, 27)",0,konbu17_v36
200,ex200,task133_color_bijection,False,False,mismatch,"(23, 27)","(23, 27)","(23, 27)",19,konbu17_v36
200,ex200,task133_transpose,False,False,mismatch,"(27, 23)","(27, 23)","(27, 23)",19,konbu17_v36
200,ex200,task133_mirror_lr,False,False,mismatch,"(23, 27)","(23, 27)","(23, 27)",22,konbu17_v36
200,ex200,task133_mirror_ud,False,False,mismatch,"(23, 27)","(23, 27)","(23, 27)",19,konbu17_v36
200,ex200,task133_zero_pad_top_left,False,False,mismatch,"(24, 28)","(24, 28)","(24, 28)",19,konbu17_v36
200,ex200,task133_zero_pad_bottom_right,True,False,ok,"(24, 28)","(24, 28)","(24, 28)",0,konbu17_v36
201,ex201,original,True,False,ok,"(18, 30)","(18, 30)","(18, 30)",0,konbu17_v36
201,ex201,task133_color_bijection,False,False,mismatch,"(18, 30)","(18, 30)","(18, 30)",13,konbu17_v36
201,ex201,task133_transpose,False,False,mismatch,"(30, 18)","(30, 18)","(30, 18)",13,konbu17_v36
201,ex201,task133_mirror_lr,False,False,mismatch,"(18, 30)","(18, 30)","(18, 30)",13,konbu17_v36
201,ex201,task133_mirror_ud,False,False,mismatch,"(18, 30)","(18, 30)","(18, 30)",13,konbu17_v36
201,ex201,task133_zero_pad_top_left,False,True,"input_shape_exceeds_limit:(19, 31)>(30, 30)","(19, 31)","(19, 31)",,,
201,ex201,task133_zero_pad_bottom_right,False,True,"input_shape_exceeds_limit:(19, 31)>(30, 30)","(19, 31)","(19, 31)",,,
202,ex202,original,True,False,ok,"(23, 20)","(23, 20)","(23, 20)",0,konbu17_v36
202,ex202,task133_color_bijection,False,False,mismatch,"(23, 20)","(23, 20)","(23, 20)",3,konbu17_v36
202,ex202,task133_transpose,False,False,mismatch,"(20, 23)","(20, 23)","(20, 23)",19,konbu17_v36
202,ex202,task133_mirror_lr,False,False,mismatch,"(23, 20)","(23, 20)","(23, 20)",3,konbu17_v36
202,ex202,task133_mirror_ud,False,False,mismatch,"(23, 20)","(23, 20)","(23, 20)",3,konbu17_v36
202,ex202,task133_zero_pad_top_left,False,False,mismatch,"(24, 21)","(24, 21)","(24, 21)",3,konbu17_v36
202,ex202,task133_zero_pad_bottom_right,True,False,ok,"(24, 21)","(24, 21)","(24, 21)",0,konbu17_v36
203,ex203,original,True,False,ok,"(26, 30)","(26, 30)","(26, 30)",0,konbu17_v36
203,ex203,task133_color_bijection,False,False,mismatch,"(26, 30)","(26, 30)","(26, 30)",20,konbu17_v36
203,ex203,task133_transpose,False,False,mismatch,"(30, 26)","(30, 26)","(30, 26)",20,konbu17_v36
203,ex203,task133_mirror_lr,False,False,mismatch,"(26, 30)","(26, 30)","(26, 30)",20,konbu17_v36
203,ex203,task133_mirror_ud,False,False,mismatch,"(26, 30)","(26, 30)","(26, 30)",20,konbu17_v36
203,ex203,task133_zero_pad_top_left,False,True,"input_shape_exceeds_limit:(27, 31)>(30, 30)","(27, 31)","(27, 31)",,,
203,ex203,task133_zero_pad_bottom_right,False,True,"input_shape_exceeds_limit:(27, 31)>(30, 30)","(27, 31)","(27, 31)",,,
204,ex204,original,True,False,ok,"(29, 17)","(29, 17)","(29, 17)",0,konbu17_v36
204,ex204,task133_color_bijection,False,False,mismatch,"(29, 17)","(29, 17)","(29, 17)",34,konbu17_v36
204,ex204,task133_transpose,False,False,mismatch,"(17, 29)","(17, 29)","(17, 29)",34,konbu17_v36
204,ex204,task133_mirror_lr,False,False,mismatch,"(29, 17)","(29, 17)","(29, 17)",34,konbu17_v36
204,ex204,task133_mirror_ud,False,False,mismatch,"(29, 17)","(29, 17)","(29, 17)",34,konbu17_v36
204,ex204,task133_zero_pad_top_left,False,False,mismatch,"(30, 18)","(30, 18)","(30, 18)",34,konbu17_v36
204,ex204,task133_zero_pad_bottom_right,True,False,ok,"(30, 18)","(30, 18)","(30, 18)",0,konbu17_v36
205,ex205,original,True,False,ok,"(11, 14)","(11, 14)","(11, 14)",0,konbu17_v36
205,ex205,task133_color_bijection,False,False,mismatch,"(11, 14)","(11, 14)","(11, 14)",10,konbu17_v36
205,ex205,task133_transpose,False,False,mismatch,"(14, 11)","(14, 11)","(14, 11)",2,konbu17_v36
205,ex205,task133_mirror_lr,False,False,mismatch,"(11, 14)","(11, 14)","(11, 14)",2,konbu17_v36
205,ex205,task133_mirror_ud,False,False,mismatch,"(11, 14)","(11, 14)","(11, 14)",2,konbu17_v36
205,ex205,task133_zero_pad_top_left,False,False,mismatch,"(12, 15)","(12, 15)","(12, 15)",2,konbu17_v36
205,ex205,task133_zero_pad_bottom_right,True,False,ok,"(12, 15)","(12, 15)","(12, 15)",0,konbu17_v36
206,ex206,original,True,False,ok,"(28, 19)","(28, 19)","(28, 19)",0,konbu17_v36
206,ex206,task133_color_bijection,False,False,mismatch,"(28, 19)","(28, 19)","(28, 19)",5,konbu17_v36
206,ex206,task133_transpose,False,False,mismatch,"(19, 28)","(19, 28)","(19, 28)",5,konbu17_v36
206,ex206,task133_mirror_lr,False,False,mismatch,"(28, 19)","(28, 19)","(28, 19)",5,konbu17_v36
206,ex206,task133_mirror_ud,False,False,mismatch,"(28, 19)","(28, 19)","(28, 19)",52,konbu17_v36
206,ex206,task133_zero_pad_top_left,False,False,mismatch,"(29, 20)","(29, 20)","(29, 20)",5,konbu17_v36
206,ex206,task133_zero_pad_bottom_right,True,False,ok,"(29, 20)","(29, 20)","(29, 20)",0,konbu17_v36
207,ex207,original,True,False,ok,"(29, 26)","(29, 26)","(29, 26)",0,konbu17_v36
207,ex207,task133_color_bijection,False,False,mismatch,"(29, 26)","(29, 26)","(29, 26)",43,konbu17_v36
207,ex207,task133_transpose,False,False,mismatch,"(26, 29)","(26, 29)","(26, 29)",43,konbu17_v36
207,ex207,task133_mirror_lr,False,False,mismatch,"(29, 26)","(29, 26)","(29, 26)",43,konbu17_v36
207,ex207,task133_mirror_ud,False,False,mismatch,"(29, 26)","(29, 26)","(29, 26)",43,konbu17_v36
207,ex207,task133_zero_pad_top_left,False,False,mismatch,"(30, 27)","(30, 27)","(30, 27)",43,konbu17_v36
207,ex207,task133_zero_pad_bottom_right,True,False,ok,"(30, 27)","(30, 27)","(30, 27)",0,konbu17_v36
208,ex208,original,True,False,ok,"(28, 30)","(28, 30)","(28, 30)",0,konbu17_v36
208,ex208,task133_color_bijection,False,False,mismatch,"(28, 30)","(28, 30)","(28, 30)",61,konbu17_v36
208,ex208,task133_transpose,False,False,mismatch,"(30, 28)","(30, 28)","(30, 28)",61,konbu17_v36
208,ex208,task133_mirror_lr,False,False,mismatch,"(28, 30)","(28, 30)","(28, 30)",61,konbu17_v36
208,ex208,task133_mirror_ud,False,False,mismatch,"(28, 30)","(28, 30)","(28, 30)",61,konbu17_v36
208,ex208,task133_zero_pad_top_left,False,True,"input_shape_exceeds_limit:(29, 31)>(30, 30)","(29, 31)","(29, 31)",,,
208,ex208,task133_zero_pad_bottom_right,False,True,"input_shape_exceeds_limit:(29, 31)>(30, 30)","(29, 31)","(29, 31)",,,
209,ex209,original,True,False,ok,"(22, 26)","(22, 26)","(22, 26)",0,konbu17_v36
209,ex209,task133_color_bijection,False,False,mismatch,"(22, 26)","(22, 26)","(22, 26)",5,konbu17_v36
209,ex209,task133_transpose,False,False,mismatch,"(26, 22)","(26, 22)","(26, 22)",5,konbu17_v36
209,ex209,task133_mirror_lr,False,False,mismatch,"(22, 26)","(22, 26)","(22, 26)",20,konbu17_v36
209,ex209,task133_mirror_ud,False,False,mismatch,"(22, 26)","(22, 26)","(22, 26)",5,konbu17_v36
209,ex209,task133_zero_pad_top_left,False,False,mismatch,"(23, 27)","(23, 27)","(23, 27)",5,konbu17_v36
209,ex209,task133_zero_pad_bottom_right,True,False,ok,"(23, 27)","(23, 27)","(23, 27)",0,konbu17_v36
210,ex210,original,True,False,ok,"(15, 21)","(15, 21)","(15, 21)",0,konbu17_v36
210,ex210,task133_color_bijection,False,False,mismatch,"(15, 21)","(15, 21)","(15, 21)",13,konbu17_v36
210,ex210,task133_transpose,False,False,mismatch,"(21, 15)","(21, 15)","(21, 15)",13,konbu17_v36
210,ex210,task133_mirror_lr,False,False,mismatch,"(15, 21)","(15, 21)","(15, 21)",13,konbu17_v36
210,ex210,task133_mirror_ud,False,False,mismatch,"(15, 21)","(15, 21)","(15, 21)",13,konbu17_v36
210,ex210,task133_zero_pad_top_left,False,False,mismatch,"(16, 22)","(16, 22)","(16, 22)",13,konbu17_v36
210,ex210,task133_zero_pad_bottom_right,True,False,ok,"(16, 22)","(16, 22)","(16, 22)",0,konbu17_v36
211,ex211,original,True,False,ok,"(27, 16)","(27, 16)","(27, 16)",0,konbu17_v36
211,ex211,task133_color_bijection,False,False,mismatch,"(27, 16)","(27, 16)","(27, 16)",9,konbu17_v36
211,ex211,task133_transpose,False,False,mismatch,"(16, 27)","(16, 27)","(16, 27)",9,konbu17_v36
211,ex211,task133_mirror_lr,False,False,mismatch,"(27, 16)","(27, 16)","(27, 16)",9,konbu17_v36
211,ex211,task133_mirror_ud,False,False,mismatch,"(27, 16)","(27, 16)","(27, 16)",9,konbu17_v36
211,ex211,task133_zero_pad_top_left,False,False,mismatch,"(28, 17)","(28, 17)","(28, 17)",63,konbu17_v36
211,ex211,task133_zero_pad_bottom_right,True,False,ok,"(28, 17)","(28, 17)","(28, 17)",0,konbu17_v36
212,ex212,original,True,False,ok,"(30, 24)","(30, 24)","(30, 24)",0,konbu17_v36
212,ex212,task133_color_bijection,False,False,mismatch,"(30, 24)","(30, 24)","(30, 24)",43,konbu17_v36
212,ex212,task133_transpose,False,False,mismatch,"(24, 30)","(24, 30)","(24, 30)",43,konbu17_v36
212,ex212,task133_mirror_lr,False,False,mismatch,"(30, 24)","(30, 24)","(30, 24)",43,konbu17_v36
212,ex212,task133_mirror_ud,False,False,mismatch,"(30, 24)","(30, 24)","(30, 24)",43,konbu17_v36
212,ex212,task133_zero_pad_top_left,False,True,"input_shape_exceeds_limit:(31, 25)>(30, 30)","(31, 25)","(31, 25)",,,
212,ex212,task133_zero_pad_bottom_right,False,True,"input_shape_exceeds_limit:(31, 25)>(30, 30)","(31, 25)","(31, 25)",,,
213,ex213,original,True,False,ok,"(22, 25)","(22, 25)","(22, 25)",0,konbu17_v36
213,ex213,task133_color_bijection,False,False,mismatch,"(22, 25)","(22, 25)","(22, 25)",13,konbu17_v36
213,ex213,task133_transpose,False,False,mismatch,"(25, 22)","(25, 22)","(25, 22)",13,konbu17_v36
213,ex213,task133_mirror_lr,False,False,mismatch,"(22, 25)","(22, 25)","(22, 25)",13,konbu17_v36
213,ex213,task133_mirror_ud,False,False,mismatch,"(22, 25)","(22, 25)","(22, 25)",13,konbu17_v36
213,ex213,task133_zero_pad_top_left,False,False,mismatch,"(23, 26)","(23, 26)","(23, 26)",13,konbu17_v36
213,ex213,task133_zero_pad_bottom_right,True,False,ok,"(23, 26)","(23, 26)","(23, 26)",0,konbu17_v36
214,ex214,original,True,False,ok,"(30, 26)","(30, 26)","(30, 26)",0,konbu17_v36
214,ex214,task133_color_bijection,False,False,mismatch,"(30, 26)","(30, 26)","(30, 26)",7,konbu17_v36
214,ex214,task133_transpose,False,False,mismatch,"(26, 30)","(26, 30)","(26, 30)",7,konbu17_v36
214,ex214,task133_mirror_lr,False,False,mismatch,"(30, 26)","(30, 26)","(30, 26)",7,konbu17_v36
214,ex214,task133_mirror_ud,False,False,mismatch,"(30, 26)","(30, 26)","(30, 26)",7,konbu17_v36
214,ex214,task133_zero_pad_top_left,False,True,"input_shape_exceeds_limit:(31, 27)>(30, 30)","(31, 27)","(31, 27)",,,
214,ex214,task133_zero_pad_bottom_right,False,True,"input_shape_exceeds_limit:(31, 27)>(30, 30)","(31, 27)","(31, 27)",,,
215,ex215,original,True,False,ok,"(16, 25)","(16, 25)","(16, 25)",0,konbu17_v36
215,ex215,task133_color_bijection,False,False,mismatch,"(16, 25)","(16, 25)","(16, 25)",11,konbu17_v36
215,ex215,task133_transpose,False,False,mismatch,"(25, 16)","(25, 16)","(25, 16)",11,konbu17_v36
215,ex215,task133_mirror_lr,False,False,mismatch,"(16, 25)","(16, 25)","(16, 25)",35,konbu17_v36
215,ex215,task133_mirror_ud,False,False,mismatch,"(16, 25)","(16, 25)","(16, 25)",11,konbu17_v36
215,ex215,task133_zero_pad_top_left,False,False,mismatch,"(17, 26)","(17, 26)","(17, 26)",10,konbu17_v36
215,ex215,task133_zero_pad_bottom_right,True,False,ok,"(17, 26)","(17, 26)","(17, 26)",0,konbu17_v36
216,ex216,original,True,False,ok,"(27, 26)","(27, 26)","(27, 26)",0,konbu17_v36
216,ex216,task133_color_bijection,False,False,mismatch,"(27, 26)","(27, 26)","(27, 26)",18,konbu17_v36
216,ex216,task133_transpose,False,False,mismatch,"(26, 27)","(26, 27)","(26, 27)",18,konbu17_v36
216,ex216,task133_mirror_lr,False,False,mismatch,"(27, 26)","(27, 26)","(27, 26)",18,konbu17_v36
216,ex216,task133_mirror_ud,False,False,mismatch,"(27, 26)","(27, 26)","(27, 26)",18,konbu17_v36
216,ex216,task133_zero_pad_top_left,False,False,mismatch,"(28, 27)","(28, 27)","(28, 27)",18,konbu17_v36
216,ex216,task133_zero_pad_bottom_right,True,False,ok,"(28, 27)","(28, 27)","(28, 27)",0,konbu17_v36
217,ex217,original,True,False,ok,"(20, 12)","(20, 12)","(20, 12)",0,konbu17_v36
217,ex217,task133_color_bijection,False,False,mismatch,"(20, 12)","(20, 12)","(20, 12)",19,konbu17_v36
217,ex217,task133_transpose,False,False,mismatch,"(12, 20)","(12, 20)","(12, 20)",19,konbu17_v36
217,ex217,task133_mirror_lr,False,False,mismatch,"(20, 12)","(20, 12)","(20, 12)",19,konbu17_v36
217,ex217,task133_mirror_ud,False,False,mismatch,"(20, 12)","(20, 12)","(20, 12)",19,konbu17_v36
217,ex217,task133_zero_pad_top_left,False,False,mismatch,"(21, 13)","(21, 13)","(21, 13)",19,konbu17_v36
217,ex217,task133_zero_pad_bottom_right,True,False,ok,"(21, 13)","(21, 13)","(21, 13)",0,konbu17_v36
218,ex218,original,True,False,ok,"(27, 29)","(27, 29)","(27, 29)",0,konbu17_v36
218,ex218,task133_color_bijection,False,False,mismatch,"(27, 29)","(27, 29)","(27, 29)",43,konbu17_v36
218,ex218,task133_transpose,False,False,mismatch,"(29, 27)","(29, 27)","(29, 27)",43,konbu17_v36
218,ex218,task133_mirror_lr,False,False,mismatch,"(27, 29)","(27, 29)","(27, 29)",87,konbu17_v36
218,ex218,task133_mirror_ud,False,False,mismatch,"(27, 29)","(27, 29)","(27, 29)",43,konbu17_v36
218,ex218,task133_zero_pad_top_left,False,False,mismatch,"(28, 30)","(28, 30)","(28, 30)",43,konbu17_v36
218,ex218,task133_zero_pad_bottom_right,True,False,ok,"(28, 30)","(28, 30)","(28, 30)",0,konbu17_v36
219,ex219,original,True,False,ok,"(30, 27)","(30, 27)","(30, 27)",0,konbu17_v36
219,ex219,task133_color_bijection,False,False,mismatch,"(30, 27)","(30, 27)","(30, 27)",14,konbu17_v36
219,ex219,task133_transpose,False,False,mismatch,"(27, 30)","(27, 30)","(27, 30)",14,konbu17_v36
219,ex219,task133_mirror_lr,False,False,mismatch,"(30, 27)","(30, 27)","(30, 27)",14,konbu17_v36
219,ex219,task133_mirror_ud,False,False,mismatch,"(30, 27)","(30, 27)","(30, 27)",14,konbu17_v36
219,ex219,task133_zero_pad_top_left,False,True,"input_shape_exceeds_limit:(31, 28)>(30, 30)","(31, 28)","(31, 28)",,,
219,ex219,task133_zero_pad_bottom_right,False,True,"input_shape_exceeds_limit:(31, 28)>(30, 30)","(31, 28)","(31, 28)",,,
220,ex220,original,True,False,ok,"(29, 27)","(29, 27)","(29, 27)",0,konbu17_v36
220,ex220,task133_color_bijection,False,False,mismatch,"(29, 27)","(29, 27)","(29, 27)",18,konbu17_v36
220,ex220,task133_transpose,False,False,mismatch,"(27, 29)","(27, 29)","(27, 29)",18,konbu17_v36
220,ex220,task133_mirror_lr,False,False,mismatch,"(29, 27)","(29, 27)","(29, 27)",61,konbu17_v36
220,ex220,task133_mirror_ud,False,False,mismatch,"(29, 27)","(29, 27)","(29, 27)",18,konbu17_v36
220,ex220,task133_zero_pad_top_left,False,False,mismatch,"(30, 28)","(30, 28)","(30, 28)",18,konbu17_v36
220,ex220,task133_zero_pad_bottom_right,True,False,ok,"(30, 28)","(30, 28)","(30, 28)",0,konbu17_v36
221,ex221,original,True,False,ok,"(22, 21)","(22, 21)","(22, 21)",0,konbu17_v36
221,ex221,task133_color_bijection,False,False,mismatch,"(22, 21)","(22, 21)","(22, 21)",13,konbu17_v36
221,ex221,task133_transpose,False,False,mismatch,"(21, 22)","(21, 22)","(21, 22)",13,konbu17_v36
221,ex221,task133_mirror_lr,False,False,mismatch,"(22, 21)","(22, 21)","(22, 21)",13,konbu17_v36
221,ex221,task133_mirror_ud,False,False,mismatch,"(22, 21)","(22, 21)","(22, 21)",13,konbu17_v36
221,ex221,task133_zero_pad_top_left,False,False,mismatch,"(23, 22)","(23, 22)","(23, 22)",13,konbu17_v36
221,ex221,task133_zero_pad_bottom_right,True,False,ok,"(23, 22)","(23, 22)","(23, 22)",0,konbu17_v36
222,ex222,original,True,False,ok,"(27, 23)","(27, 23)","(27, 23)",0,konbu17_v36
222,ex222,task133_color_bijection,False,False,mismatch,"(27, 23)","(27, 23)","(27, 23)",23,konbu17_v36
222,ex222,task133_transpose,False,False,mismatch,"(23, 27)","(23, 27)","(23, 27)",23,konbu17_v36
222,ex222,task133_mirror_lr,False,False,mismatch,"(27, 23)","(27, 23)","(27, 23)",23,konbu17_v36
222,ex222,task133_mirror_ud,False,False,mismatch,"(27, 23)","(27, 23)","(27, 23)",23,konbu17_v36
222,ex222,task133_zero_pad_top_left,False,False,mismatch,"(28, 24)","(28, 24)","(28, 24)",23,konbu17_v36
222,ex222,task133_zero_pad_bottom_right,True,False,ok,"(28, 24)","(28, 24)","(28, 24)",0,konbu17_v36
223,ex223,original,True,False,ok,"(26, 27)","(26, 27)","(26, 27)",0,konbu17_v36
223,ex223,task133_color_bijection,False,False,mismatch,"(26, 27)","(26, 27)","(26, 27)",6,konbu17_v36
223,ex223,task133_transpose,False,False,mismatch,"(27, 26)","(27, 26)","(27, 26)",6,konbu17_v36
223,ex223,task133_mirror_lr,False,False,mismatch,"(26, 27)","(26, 27)","(26, 27)",6,konbu17_v36
223,ex223,task133_mirror_ud,False,False,mismatch,"(26, 27)","(26, 27)","(26, 27)",6,konbu17_v36
223,ex223,task133_zero_pad_top_left,False,False,mismatch,"(27, 28)","(27, 28)","(27, 28)",6,konbu17_v36
223,ex223,task133_zero_pad_bottom_right,True,False,ok,"(27, 28)","(27, 28)","(27, 28)",0,konbu17_v36
224,ex224,original,True,False,ok,"(29, 23)","(29, 23)","(29, 23)",0,konbu17_v36
224,ex224,task133_color_bijection,False,False,mismatch,"(29, 23)","(29, 23)","(29, 23)",37,konbu17_v36
224,ex224,task133_transpose,False,False,mismatch,"(23, 29)","(23, 29)","(23, 29)",37,konbu17_v36
224,ex224,task133_mirror_lr,False,False,mismatch,"(29, 23)","(29, 23)","(29, 23)",37,konbu17_v36
224,ex224,task133_mirror_ud,False,False,mismatch,"(29, 23)","(29, 23)","(29, 23)",37,konbu17_v36
224,ex224,task133_zero_pad_top_left,False,False,mismatch,"(30, 24)","(30, 24)","(30, 24)",37,konbu17_v36
224,ex224,task133_zero_pad_bottom_right,True,False,ok,"(30, 24)","(30, 24)","(30, 24)",0,konbu17_v36
225,ex225,original,True,False,ok,"(14, 23)","(14, 23)","(14, 23)",0,konbu17_v36
225,ex225,task133_color_bijection,False,False,mismatch,"(14, 23)","(14, 23)","(14, 23)",4,konbu17_v36
225,ex225,task133_transpose,False,False,mismatch,"(23, 14)","(23, 14)","(23, 14)",4,konbu17_v36
225,ex225,task133_mirror_lr,False,False,mismatch,"(14, 23)","(14, 23)","(14, 23)",17,konbu17_v36
225,ex225,task133_mirror_ud,False,False,mismatch,"(14, 23)","(14, 23)","(14, 23)",4,konbu17_v36
225,ex225,task133_zero_pad_top_left,False,False,mismatch,"(15, 24)","(15, 24)","(15, 24)",5,konbu17_v36
225,ex225,task133_zero_pad_bottom_right,True,False,ok,"(15, 24)","(15, 24)","(15, 24)",0,konbu17_v36
226,ex226,original,True,False,ok,"(26, 26)","(26, 26)","(26, 26)",0,konbu17_v36
226,ex226,task133_color_bijection,False,False,mismatch,"(26, 26)","(26, 26)","(26, 26)",19,konbu17_v36
226,ex226,task133_transpose,False,False,mismatch,"(26, 26)","(26, 26)","(26, 26)",19,konbu17_v36
226,ex226,task133_mirror_lr,False,False,mismatch,"(26, 26)","(26, 26)","(26, 26)",19,konbu17_v36
226,ex226,task133_mirror_ud,False,False,mismatch,"(26, 26)","(26, 26)","(26, 26)",19,konbu17_v36
226,ex226,task133_zero_pad_top_left,False,False,mismatch,"(27, 27)","(27, 27)","(27, 27)",19,konbu17_v36
226,ex226,task133_zero_pad_bottom_right,True,False,ok,"(27, 27)","(27, 27)","(27, 27)",0,konbu17_v36
227,ex227,original,True,False,ok,"(24, 17)","(24, 17)","(24, 17)",0,konbu17_v36
227,ex227,task133_color_bijection,False,False,mismatch,"(24, 17)","(24, 17)","(24, 17)",19,konbu17_v36
227,ex227,task133_transpose,False,False,mismatch,"(17, 24)","(17, 24)","(17, 24)",19,konbu17_v36
227,ex227,task133_mirror_lr,False,False,mismatch,"(24, 17)","(24, 17)","(24, 17)",19,konbu17_v36
227,ex227,task133_mirror_ud,False,False,mismatch,"(24, 17)","(24, 17)","(24, 17)",19,konbu17_v36
227,ex227,task133_zero_pad_top_left,False,False,mismatch,"(25, 18)","(25, 18)","(25, 18)",19,konbu17_v36
227,ex227,task133_zero_pad_bottom_right,True,False,ok,"(25, 18)","(25, 18)","(25, 18)",0,konbu17_v36
228,ex228,original,True,False,ok,"(27, 30)","(27, 30)","(27, 30)",0,konbu17_v36
228,ex228,task133_color_bijection,False,False,mismatch,"(27, 30)","(27, 30)","(27, 30)",76,konbu17_v36
228,ex228,task133_transpose,False,False,mismatch,"(30, 27)","(30, 27)","(30, 27)",76,konbu17_v36
228,ex228,task133_mirror_lr,False,False,mismatch,"(27, 30)","(27, 30)","(27, 30)",76,konbu17_v36
228,ex228,task133_mirror_ud,False,False,mismatch,"(27, 30)","(27, 30)","(27, 30)",76,konbu17_v36
228,ex228,task133_zero_pad_top_left,False,True,"input_shape_exceeds_limit:(28, 31)>(30, 30)","(28, 31)","(28, 31)",,,
228,ex228,task133_zero_pad_bottom_right,False,True,"input_shape_exceeds_limit:(28, 31)>(30, 30)","(28, 31)","(28, 31)",,,
229,ex229,original,True,False,ok,"(20, 28)","(20, 28)","(20, 28)",0,konbu17_v36
229,ex229,task133_color_bijection,False,False,mismatch,"(20, 28)","(20, 28)","(20, 28)",40,konbu17_v36
229,ex229,task133_transpose,False,False,mismatch,"(28, 20)","(28, 20)","(28, 20)",40,konbu17_v36
229,ex229,task133_mirror_lr,False,False,mismatch,"(20, 28)","(20, 28)","(20, 28)",40,konbu17_v36
229,ex229,task133_mirror_ud,False,False,mismatch,"(20, 28)","(20, 28)","(20, 28)",40,konbu17_v36
229,ex229,task133_zero_pad_top_left,False,False,mismatch,"(21, 29)","(21, 29)","(21, 29)",40,konbu17_v36
229,ex229,task133_zero_pad_bottom_right,True,False,ok,"(21, 29)","(21, 29)","(21, 29)",0,konbu17_v36
230,ex230,original,True,False,ok,"(12, 29)","(12, 29)","(12, 29)",0,konbu17_v36
230,ex230,task133_color_bijection,False,False,mismatch,"(12, 29)","(12, 29)","(12, 29)",3,konbu17_v36
230,ex230,task133_transpose,False,False,mismatch,"(29, 12)","(29, 12)","(29, 12)",3,konbu17_v36
230,ex230,task133_mirror_lr,False,False,mismatch,"(12, 29)","(12, 29)","(12, 29)",3,konbu17_v36
230,ex230,task133_mirror_ud,False,False,mismatch,"(12, 29)","(12, 29)","(12, 29)",3,konbu17_v36
230,ex230,task133_zero_pad_top_left,False,False,mismatch,"(13, 30)","(13, 30)","(13, 30)",3,konbu17_v36
230,ex230,task133_zero_pad_bottom_right,True,False,ok,"(13, 30)","(13, 30)","(13, 30)",0,konbu17_v36
231,ex231,original,True,False,ok,"(17, 12)","(17, 12)","(17, 12)",0,konbu17_v36
231,ex231,task133_color_bijection,False,False,mismatch,"(17, 12)","(17, 12)","(17, 12)",2,konbu17_v36
231,ex231,task133_transpose,False,False,mismatch,"(12, 17)","(12, 17)","(12, 17)",2,konbu17_v36
231,ex231,task133_mirror_lr,False,False,mismatch,"(17, 12)","(17, 12)","(17, 12)",2,konbu17_v36
231,ex231,task133_mirror_ud,False,False,mismatch,"(17, 12)","(17, 12)","(17, 12)",2,konbu17_v36
231,ex231,task133_zero_pad_top_left,False,False,mismatch,"(18, 13)","(18, 13)","(18, 13)",2,konbu17_v36
231,ex231,task133_zero_pad_bottom_right,True,False,ok,"(18, 13)","(18, 13)","(18, 13)",0,konbu17_v36
232,ex232,original,True,False,ok,"(19, 23)","(19, 23)","(19, 23)",0,konbu17_v36
232,ex232,task133_color_bijection,False,False,mismatch,"(19, 23)","(19, 23)","(19, 23)",27,konbu17_v36
232,ex232,task133_transpose,False,False,mismatch,"(23, 19)","(23, 19)","(23, 19)",13,konbu17_v36
232,ex232,task133_mirror_lr,False,False,mismatch,"(19, 23)","(19, 23)","(19, 23)",14,konbu17_v36
232,ex232,task133_mirror_ud,False,False,mismatch,"(19, 23)","(19, 23)","(19, 23)",13,konbu17_v36
232,ex232,task133_zero_pad_top_left,False,False,mismatch,"(20, 24)","(20, 24)","(20, 24)",13,konbu17_v36
232,ex232,task133_zero_pad_bottom_right,True,False,ok,"(20, 24)","(20, 24)","(20, 24)",0,konbu17_v36
233,ex233,original,True,False,ok,"(30, 25)","(30, 25)","(30, 25)",0,konbu17_v36
233,ex233,task133_color_bijection,False,False,mismatch,"(30, 25)","(30, 25)","(30, 25)",35,konbu17_v36
233,ex233,task133_transpose,False,False,mismatch,"(25, 30)","(25, 30)","(25, 30)",35,konbu17_v36
233,ex233,task133_mirror_lr,False,False,mismatch,"(30, 25)","(30, 25)","(30, 25)",35,konbu17_v36
233,ex233,task133_mirror_ud,False,False,mismatch,"(30, 25)","(30, 25)","(30, 25)",35,konbu17_v36
233,ex233,task133_zero_pad_top_left,False,True,"input_shape_exceeds_limit:(31, 26)>(30, 30)","(31, 26)","(31, 26)",,,
233,ex233,task133_zero_pad_bottom_right,False,True,"input_shape_exceeds_limit:(31, 26)>(30, 30)","(31, 26)","(31, 26)",,,
234,ex234,original,True,False,ok,"(10, 26)","(10, 26)","(10, 26)",0,konbu17_v36
234,ex234,task133_color_bijection,False,False,mismatch,"(10, 26)","(10, 26)","(10, 26)",13,konbu17_v36
234,ex234,task133_transpose,False,False,mismatch,"(26, 10)","(26, 10)","(26, 10)",13,konbu17_v36
234,ex234,task133_mirror_lr,False,False,mismatch,"(10, 26)","(10, 26)","(10, 26)",13,konbu17_v36
234,ex234,task133_mirror_ud,False,False,mismatch,"(10, 26)","(10, 26)","(10, 26)",13,konbu17_v36
234,ex234,task133_zero_pad_top_left,False,False,mismatch,"(11, 27)","(11, 27)","(11, 27)",13,konbu17_v36
234,ex234,task133_zero_pad_bottom_right,True,False,ok,"(11, 27)","(11, 27)","(11, 27)",0,konbu17_v36
235,ex235,original,True,False,ok,"(28, 26)","(28, 26)","(28, 26)",0,konbu17_v36
235,ex235,task133_color_bijection,False,False,mismatch,"(28, 26)","(28, 26)","(28, 26)",64,konbu17_v36
235,ex235,task133_transpose,False,False,mismatch,"(26, 28)","(26, 28)","(26, 28)",64,konbu17_v36
235,ex235,task133_mirror_lr,False,False,mismatch,"(28, 26)","(28, 26)","(28, 26)",64,konbu17_v36
235,ex235,task133_mirror_ud,False,False,mismatch,"(28, 26)","(28, 26)","(28, 26)",64,konbu17_v36
235,ex235,task133_zero_pad_top_left,False,False,mismatch,"(29, 27)","(29, 27)","(29, 27)",64,konbu17_v36
235,ex235,task133_zero_pad_bottom_right,True,False,ok,"(29, 27)","(29, 27)","(29, 27)",0,konbu17_v36
236,ex236,original,True,False,ok,"(28, 29)","(28, 29)","(28, 29)",0,konbu17_v36
236,ex236,task133_color_bijection,False,False,mismatch,"(28, 29)","(28, 29)","(28, 29)",13,konbu17_v36
236,ex236,task133_transpose,False,False,mismatch,"(29, 28)","(29, 28)","(29, 28)",13,konbu17_v36
236,ex236,task133_mirror_lr,False,False,mismatch,"(28, 29)","(28, 29)","(28, 29)",13,konbu17_v36
236,ex236,task133_mirror_ud,False,False,mismatch,"(28, 29)","(28, 29)","(28, 29)",13,konbu17_v36
236,ex236,task133_zero_pad_top_left,False,False,mismatch,"(29, 30)","(29, 30)","(29, 30)",16,konbu17_v36
236,ex236,task133_zero_pad_bottom_right,True,False,ok,"(29, 30)","(29, 30)","(29, 30)",0,konbu17_v36
237,ex237,original,True,False,ok,"(27, 13)","(27, 13)","(27, 13)",0,konbu17_v36
237,ex237,task133_color_bijection,False,False,mismatch,"(27, 13)","(27, 13)","(27, 13)",9,konbu17_v36
237,ex237,task133_transpose,False,False,mismatch,"(13, 27)","(13, 27)","(13, 27)",9,konbu17_v36
237,ex237,task133_mirror_lr,False,False,mismatch,"(27, 13)","(27, 13)","(27, 13)",9,konbu17_v36
237,ex237,task133_mirror_ud,False,False,mismatch,"(27, 13)","(27, 13)","(27, 13)",9,konbu17_v36
237,ex237,task133_zero_pad_top_left,False,False,mismatch,"(28, 14)","(28, 14)","(28, 14)",9,konbu17_v36
237,ex237,task133_zero_pad_bottom_right,True,False,ok,"(28, 14)","(28, 14)","(28, 14)",0,konbu17_v36
238,ex238,original,True,False,ok,"(20, 23)","(20, 23)","(20, 23)",0,konbu17_v36
238,ex238,task133_color_bijection,False,False,mismatch,"(20, 23)","(20, 23)","(20, 23)",4,konbu17_v36
238,ex238,task133_transpose,False,False,mismatch,"(23, 20)","(23, 20)","(23, 20)",4,konbu17_v36
238,ex238,task133_mirror_lr,False,False,mismatch,"(20, 23)","(20, 23)","(20, 23)",4,konbu17_v36
238,ex238,task133_mirror_ud,False,False,mismatch,"(20, 23)","(20, 23)","(20, 23)",4,konbu17_v36
238,ex238,task133_zero_pad_top_left,False,False,mismatch,"(21, 24)","(21, 24)","(21, 24)",4,konbu17_v36
238,ex238,task133_zero_pad_bottom_right,True,False,ok,"(21, 24)","(21, 24)","(21, 24)",0,konbu17_v36
239,ex239,original,True,False,ok,"(21, 23)","(21, 23)","(21, 23)",0,konbu17_v36
239,ex239,task133_color_bijection,False,False,mismatch,"(21, 23)","(21, 23)","(21, 23)",33,konbu17_v36
239,ex239,task133_transpose,False,False,mismatch,"(23, 21)","(23, 21)","(23, 21)",33,konbu17_v36
239,ex239,task133_mirror_lr,False,False,mismatch,"(21, 23)","(21, 23)","(21, 23)",33,konbu17_v36
239,ex239,task133_mirror_ud,False,False,mismatch,"(21, 23)","(21, 23)","(21, 23)",33,konbu17_v36
239,ex239,task133_zero_pad_top_left,False,False,mismatch,"(22, 24)","(22, 24)","(22, 24)",33,konbu17_v36
239,ex239,task133_zero_pad_bottom_right,True,False,ok,"(22, 24)","(22, 24)","(22, 24)",0,konbu17_v36
240,ex240,original,True,False,ok,"(19, 22)","(19, 22)","(19, 22)",0,konbu17_v36
240,ex240,task133_color_bijection,False,False,mismatch,"(19, 22)","(19, 22)","(19, 22)",11,konbu17_v36
240,ex240,task133_transpose,False,False,mismatch,"(22, 19)","(22, 19)","(22, 19)",11,konbu17_v36
240,ex240,task133_mirror_lr,False,False,mismatch,"(19, 22)","(19, 22)","(19, 22)",11,konbu17_v36
240,ex240,task133_mirror_ud,False,False,mismatch,"(19, 22)","(19, 22)","(19, 22)",11,konbu17_v36
240,ex240,task133_zero_pad_top_left,False,False,mismatch,"(20, 23)","(20, 23)","(20, 23)",11,konbu17_v36
240,ex240,task133_zero_pad_bottom_right,True,False,ok,"(20, 23)","(20, 23)","(20, 23)",0,konbu17_v36
241,ex241,original,True,False,ok,"(28, 27)","(28, 27)","(28, 27)",0,konbu17_v36
241,ex241,task133_color_bijection,False,False,mismatch,"(28, 27)","(28, 27)","(28, 27)",5,konbu17_v36
241,ex241,task133_transpose,False,False,mismatch,"(27, 28)","(27, 28)","(27, 28)",5,konbu17_v36
241,ex241,task133_mirror_lr,False,False,mismatch,"(28, 27)","(28, 27)","(28, 27)",5,konbu17_v36
241,ex241,task133_mirror_ud,False,False,mismatch,"(28, 27)","(28, 27)","(28, 27)",5,konbu17_v36
241,ex241,task133_zero_pad_top_left,False,False,mismatch,"(29, 28)","(29, 28)","(29, 28)",5,konbu17_v36
241,ex241,task133_zero_pad_bottom_right,True,False,ok,"(29, 28)","(29, 28)","(29, 28)",0,konbu17_v36
242,ex242,original,True,False,ok,"(22, 25)","(22, 25)","(22, 25)",0,konbu17_v36
242,ex242,task133_color_bijection,False,False,mismatch,"(22, 25)","(22, 25)","(22, 25)",59,konbu17_v36
242,ex242,task133_transpose,False,False,mismatch,"(25, 22)","(25, 22)","(25, 22)",28,konbu17_v36
242,ex242,task133_mirror_lr,False,False,mismatch,"(22, 25)","(22, 25)","(22, 25)",28,konbu17_v36
242,ex242,task133_mirror_ud,False,False,mismatch,"(22, 25)","(22, 25)","(22, 25)",28,konbu17_v36
242,ex242,task133_zero_pad_top_left,False,False,mismatch,"(23, 26)","(23, 26)","(23, 26)",28,konbu17_v36
242,ex242,task133_zero_pad_bottom_right,True,False,ok,"(23, 26)","(23, 26)","(23, 26)",0,konbu17_v36
243,ex243,original,True,False,ok,"(18, 24)","(18, 24)","(18, 24)",0,konbu17_v36
243,ex243,task133_color_bijection,False,False,mismatch,"(18, 24)","(18, 24)","(18, 24)",3,konbu17_v36
243,ex243,task133_transpose,False,False,mismatch,"(24, 18)","(24, 18)","(24, 18)",3,konbu17_v36
243,ex243,task133_mirror_lr,False,False,mismatch,"(18, 24)","(18, 24)","(18, 24)",3,konbu17_v36
243,ex243,task133_mirror_ud,False,False,mismatch,"(18, 24)","(18, 24)","(18, 24)",3,konbu17_v36
243,ex243,task133_zero_pad_top_left,False,False,mismatch,"(19, 25)","(19, 25)","(19, 25)",3,konbu17_v36
243,ex243,task133_zero_pad_bottom_right,True,False,ok,"(19, 25)","(19, 25)","(19, 25)",0,konbu17_v36
244,ex244,original,True,False,ok,"(27, 29)","(27, 29)","(27, 29)",0,konbu17_v36
244,ex244,task133_color_bijection,False,False,mismatch,"(27, 29)","(27, 29)","(27, 29)",19,konbu17_v36
244,ex244,task133_transpose,False,False,mismatch,"(29, 27)","(29, 27)","(29, 27)",19,konbu17_v36
244,ex244,task133_mirror_lr,False,False,mismatch,"(27, 29)","(27, 29)","(27, 29)",19,konbu17_v36
244,ex244,task133_mirror_ud,False,False,mismatch,"(27, 29)","(27, 29)","(27, 29)",19,konbu17_v36
244,ex244,task133_zero_pad_top_left,False,False,mismatch,"(28, 30)","(28, 30)","(28, 30)",19,konbu17_v36
244,ex244,task133_zero_pad_bottom_right,True,False,ok,"(28, 30)","(28, 30)","(28, 30)",0,konbu17_v36
245,ex245,original,True,False,ok,"(19, 23)","(19, 23)","(19, 23)",0,konbu17_v36
245,ex245,task133_color_bijection,False,False,mismatch,"(19, 23)","(19, 23)","(19, 23)",28,konbu17_v36
245,ex245,task133_transpose,False,False,mismatch,"(23, 19)","(23, 19)","(23, 19)",28,konbu17_v36
245,ex245,task133_mirror_lr,False,False,mismatch,"(19, 23)","(19, 23)","(19, 23)",33,konbu17_v36
245,ex245,task133_mirror_ud,False,False,mismatch,"(19, 23)","(19, 23)","(19, 23)",28,konbu17_v36
245,ex245,task133_zero_pad_top_left,False,False,mismatch,"(20, 24)","(20, 24)","(20, 24)",28,konbu17_v36
245,ex245,task133_zero_pad_bottom_right,True,False,ok,"(20, 24)","(20, 24)","(20, 24)",0,konbu17_v36
246,ex246,original,True,False,ok,"(14, 18)","(14, 18)","(14, 18)",0,konbu17_v36
246,ex246,task133_color_bijection,False,False,mismatch,"(14, 18)","(14, 18)","(14, 18)",4,konbu17_v36
246,ex246,task133_transpose,False,False,mismatch,"(18, 14)","(18, 14)","(18, 14)",4,konbu17_v36
246,ex246,task133_mirror_lr,False,False,mismatch,"(14, 18)","(14, 18)","(14, 18)",4,konbu17_v36
246,ex246,task133_mirror_ud,False,False,mismatch,"(14, 18)","(14, 18)","(14, 18)",4,konbu17_v36
246,ex246,task133_zero_pad_top_left,False,False,mismatch,"(15, 19)","(15, 19)","(15, 19)",4,konbu17_v36
246,ex246,task133_zero_pad_bottom_right,True,False,ok,"(15, 19)","(15, 19)","(15, 19)",0,konbu17_v36
247,ex247,original,True,False,ok,"(12, 29)","(12, 29)","(12, 29)",0,konbu17_v36
247,ex247,task133_color_bijection,False,False,mismatch,"(12, 29)","(12, 29)","(12, 29)",13,konbu17_v36
247,ex247,task133_transpose,False,False,mismatch,"(29, 12)","(29, 12)","(29, 12)",13,konbu17_v36
247,ex247,task133_mirror_lr,False,False,mismatch,"(12, 29)","(12, 29)","(12, 29)",14,konbu17_v36
247,ex247,task133_mirror_ud,False,False,mismatch,"(12, 29)","(12, 29)","(12, 29)",13,konbu17_v36
247,ex247,task133_zero_pad_top_left,False,False,mismatch,"(13, 30)","(13, 30)","(13, 30)",13,konbu17_v36
247,ex247,task133_zero_pad_bottom_right,True,False,ok,"(13, 30)","(13, 30)","(13, 30)",0,konbu17_v36
248,ex248,original,True,False,ok,"(25, 16)","(25, 16)","(25, 16)",0,konbu17_v36
248,ex248,task133_color_bijection,False,False,mismatch,"(25, 16)","(25, 16)","(25, 16)",10,konbu17_v36
248,ex248,task133_transpose,False,False,mismatch,"(16, 25)","(16, 25)","(16, 25)",10,konbu17_v36
248,ex248,task133_mirror_lr,False,False,mismatch,"(25, 16)","(25, 16)","(25, 16)",10,konbu17_v36
248,ex248,task133_mirror_ud,False,False,mismatch,"(25, 16)","(25, 16)","(25, 16)",10,konbu17_v36
248,ex248,task133_zero_pad_top_left,False,False,mismatch,"(26, 17)","(26, 17)","(26, 17)",10,konbu17_v36
248,ex248,task133_zero_pad_bottom_right,True,False,ok,"(26, 17)","(26, 17)","(26, 17)",0,konbu17_v36
249,ex249,original,True,False,ok,"(29, 30)","(29, 30)","(29, 30)",0,konbu17_v36
249,ex249,task133_color_bijection,False,False,mismatch,"(29, 30)","(29, 30)","(29, 30)",10,konbu17_v36
249,ex249,task133_transpose,False,False,mismatch,"(30, 29)","(30, 29)","(30, 29)",10,konbu17_v36
249,ex249,task133_mirror_lr,False,False,mismatch,"(29, 30)","(29, 30)","(29, 30)",10,konbu17_v36
249,ex249,task133_mirror_ud,False,False,mismatch,"(29, 30)","(29, 30)","(29, 30)",10,konbu17_v36
249,ex249,task133_zero_pad_top_left,False,True,"input_shape_exceeds_limit:(30, 31)>(30, 30)","(30, 31)","(30, 31)",,,
249,ex249,task133_zero_pad_bottom_right,False,True,"input_shape_exceeds_limit:(30, 31)>(30, 30)","(30, 31)","(30, 31)",,,
250,ex250,original,True,False,ok,"(28, 25)","(28, 25)","(28, 25)",0,konbu17_v36
250,ex250,task133_color_bijection,False,False,mismatch,"(28, 25)","(28, 25)","(28, 25)",25,konbu17_v36
250,ex250,task133_transpose,False,False,mismatch,"(25, 28)","(25, 28)","(25, 28)",25,konbu17_v36
250,ex250,task133_mirror_lr,False,False,mismatch,"(28, 25)","(28, 25)","(28, 25)",25,konbu17_v36
250,ex250,task133_mirror_ud,False,False,mismatch,"(28, 25)","(28, 25)","(28, 25)",25,konbu17_v36
250,ex250,task133_zero_pad_top_left,False,False,mismatch,"(29, 26)","(29, 26)","(29, 26)",25,konbu17_v36
250,ex250,task133_zero_pad_bottom_right,True,False,ok,"(29, 26)","(29, 26)","(29, 26)",0,konbu17_v36
251,ex251,original,True,False,ok,"(21, 21)","(21, 21)","(21, 21)",0,konbu17_v36
251,ex251,task133_color_bijection,False,False,mismatch,"(21, 21)","(21, 21)","(21, 21)",7,konbu17_v36
251,ex251,task133_transpose,False,False,mismatch,"(21, 21)","(21, 21)","(21, 21)",7,konbu17_v36
251,ex251,task133_mirror_lr,False,False,mismatch,"(21, 21)","(21, 21)","(21, 21)",7,konbu17_v36
251,ex251,task133_mirror_ud,False,False,mismatch,"(21, 21)","(21, 21)","(21, 21)",7,konbu17_v36
251,ex251,task133_zero_pad_top_left,False,False,mismatch,"(22, 22)","(22, 22)","(22, 22)",7,konbu17_v36
251,ex251,task133_zero_pad_bottom_right,True,False,ok,"(22, 22)","(22, 22)","(22, 22)",0,konbu17_v36
252,ex252,original,True,False,ok,"(16, 18)","(16, 18)","(16, 18)",0,konbu17_v36
252,ex252,task133_color_bijection,False,False,mismatch,"(16, 18)","(16, 18)","(16, 18)",11,konbu17_v36
252,ex252,task133_transpose,False,False,mismatch,"(18, 16)","(18, 16)","(18, 16)",14,konbu17_v36
252,ex252,task133_mirror_lr,False,False,mismatch,"(16, 18)","(16, 18)","(16, 18)",11,konbu17_v36
252,ex252,task133_mirror_ud,False,False,mismatch,"(16, 18)","(16, 18)","(16, 18)",11,konbu17_v36
252,ex252,task133_zero_pad_top_left,False,False,mismatch,"(17, 19)","(17, 19)","(17, 19)",11,konbu17_v36
252,ex252,task133_zero_pad_bottom_right,True,False,ok,"(17, 19)","(17, 19)","(17, 19)",0,konbu17_v36
253,ex253,original,True,False,ok,"(20, 29)","(20, 29)","(20, 29)",0,konbu17_v36
253,ex253,task133_color_bijection,False,False,mismatch,"(20, 29)","(20, 29)","(20, 29)",12,konbu17_v36
253,ex253,task133_transpose,False,False,mismatch,"(29, 20)","(29, 20)","(29, 20)",12,konbu17_v36
253,ex253,task133_mirror_lr,False,False,mismatch,"(20, 29)","(20, 29)","(20, 29)",12,konbu17_v36
253,ex253,task133_mirror_ud,False,False,mismatch,"(20, 29)","(20, 29)","(20, 29)",12,konbu17_v36
253,ex253,task133_zero_pad_top_left,False,False,mismatch,"(21, 30)","(21, 30)","(21, 30)",12,konbu17_v36
253,ex253,task133_zero_pad_bottom_right,True,False,ok,"(21, 30)","(21, 30)","(21, 30)",0,konbu17_v36
254,ex254,original,True,False,ok,"(29, 29)","(29, 29)","(29, 29)",0,konbu17_v36
254,ex254,task133_color_bijection,False,False,mismatch,"(29, 29)","(29, 29)","(29, 29)",67,konbu17_v36
254,ex254,task133_transpose,False,False,mismatch,"(29, 29)","(29, 29)","(29, 29)",67,konbu17_v36
254,ex254,task133_mirror_lr,False,False,mismatch,"(29, 29)","(29, 29)","(29, 29)",67,konbu17_v36
254,ex254,task133_mirror_ud,False,False,mismatch,"(29, 29)","(29, 29)","(29, 29)",67,konbu17_v36
254,ex254,task133_zero_pad_top_left,False,False,mismatch,"(30, 30)","(30, 30)","(30, 30)",67,konbu17_v36
254,ex254,task133_zero_pad_bottom_right,True,False,ok,"(30, 30)","(30, 30)","(30, 30)",0,konbu17_v36
255,ex255,original,True,False,ok,"(30, 27)","(30, 27)","(30, 27)",0,konbu17_v36
255,ex255,task133_color_bijection,False,False,mismatch,"(30, 27)","(30, 27)","(30, 27)",29,konbu17_v36
255,ex255,task133_transpose,False,False,mismatch,"(27, 30)","(27, 30)","(27, 30)",29,konbu17_v36
255,ex255,task133_mirror_lr,False,False,mismatch,"(30, 27)","(30, 27)","(30, 27)",29,konbu17_v36
255,ex255,task133_mirror_ud,False,False,mismatch,"(30, 27)","(30, 27)","(30, 27)",67,konbu17_v36
255,ex255,task133_zero_pad_top_left,False,True,"input_shape_exceeds_limit:(31, 28)>(30, 30)","(31, 28)","(31, 28)",,,
255,ex255,task133_zero_pad_bottom_right,False,True,"input_shape_exceeds_limit:(31, 28)>(30, 30)","(31, 28)","(31, 28)",,,
256,ex256,original,True,False,ok,"(19, 28)","(19, 28)","(19, 28)",0,konbu17_v36
256,ex256,task133_color_bijection,False,False,mismatch,"(19, 28)","(19, 28)","(19, 28)",35,konbu17_v36
256,ex256,task133_transpose,False,False,mismatch,"(28, 19)","(28, 19)","(28, 19)",35,konbu17_v36
256,ex256,task133_mirror_lr,False,False,mismatch,"(19, 28)","(19, 28)","(19, 28)",64,konbu17_v36
256,ex256,task133_mirror_ud,False,False,mismatch,"(19, 28)","(19, 28)","(19, 28)",35,konbu17_v36
256,ex256,task133_zero_pad_top_left,False,False,mismatch,"(20, 29)","(20, 29)","(20, 29)",35,konbu17_v36
256,ex256,task133_zero_pad_bottom_right,True,False,ok,"(20, 29)","(20, 29)","(20, 29)",0,konbu17_v36
257,ex257,original,True,False,ok,"(20, 26)","(20, 26)","(20, 26)",0,konbu17_v36
257,ex257,task133_color_bijection,False,False,mismatch,"(20, 26)","(20, 26)","(20, 26)",5,konbu17_v36
257,ex257,task133_transpose,False,False,mismatch,"(26, 20)","(26, 20)","(26, 20)",5,konbu17_v36
257,ex257,task133_mirror_lr,False,False,mismatch,"(20, 26)","(20, 26)","(20, 26)",5,konbu17_v36
257,ex257,task133_mirror_ud,False,False,mismatch,"(20, 26)","(20, 26)","(20, 26)",5,konbu17_v36
257,ex257,task133_zero_pad_top_left,False,False,mismatch,"(21, 27)","(21, 27)","(21, 27)",5,konbu17_v36
257,ex257,task133_zero_pad_bottom_right,True,False,ok,"(21, 27)","(21, 27)","(21, 27)",0,konbu17_v36
258,ex258,original,True,False,ok,"(27, 23)","(27, 23)","(27, 23)",0,konbu17_v36
258,ex258,task133_color_bijection,False,False,mismatch,"(27, 23)","(27, 23)","(27, 23)",5,konbu17_v36
258,ex258,task133_transpose,False,False,mismatch,"(23, 27)","(23, 27)","(23, 27)",5,konbu17_v36
258,ex258,task133_mirror_lr,False,False,mismatch,"(27, 23)","(27, 23)","(27, 23)",5,konbu17_v36
258,ex258,task133_mirror_ud,False,False,mismatch,"(27, 23)","(27, 23)","(27, 23)",5,konbu17_v36
258,ex258,task133_zero_pad_top_left,False,False,mismatch,"(28, 24)","(28, 24)","(28, 24)",7,konbu17_v36
258,ex258,task133_zero_pad_bottom_right,True,False,ok,"(28, 24)","(28, 24)","(28, 24)",0,konbu17_v36
259,ex259,original,True,False,ok,"(17, 18)","(17, 18)","(17, 18)",0,konbu17_v36
259,ex259,task133_color_bijection,False,False,mismatch,"(17, 18)","(17, 18)","(17, 18)",25,konbu17_v36
259,ex259,task133_transpose,False,False,mismatch,"(18, 17)","(18, 17)","(18, 17)",25,konbu17_v36
259,ex259,task133_mirror_lr,False,False,mismatch,"(17, 18)","(17, 18)","(17, 18)",25,konbu17_v36
259,ex259,task133_mirror_ud,False,False,mismatch,"(17, 18)","(17, 18)","(17, 18)",25,konbu17_v36
259,ex259,task133_zero_pad_top_left,False,False,mismatch,"(18, 19)","(18, 19)","(18, 19)",25,konbu17_v36
259,ex259,task133_zero_pad_bottom_right,True,False,ok,"(18, 19)","(18, 19)","(18, 19)",0,konbu17_v36
260,ex260,original,True,False,ok,"(20, 18)","(20, 18)","(20, 18)",0,konbu17_v36
260,ex260,task133_color_bijection,False,False,mismatch,"(20, 18)","(20, 18)","(20, 18)",17,konbu17_v36
260,ex260,task133_transpose,False,False,mismatch,"(18, 20)","(18, 20)","(18, 20)",17,konbu17_v36
260,ex260,task133_mirror_lr,False,False,mismatch,"(20, 18)","(20, 18)","(20, 18)",17,konbu17_v36
260,ex260,task133_mirror_ud,False,False,mismatch,"(20, 18)","(20, 18)","(20, 18)",17,konbu17_v36
260,ex260,task133_zero_pad_top_left,False,False,mismatch,"(21, 19)","(21, 19)","(21, 19)",17,konbu17_v36
260,ex260,task133_zero_pad_bottom_right,True,False,ok,"(21, 19)","(21, 19)","(21, 19)",0,konbu17_v36
261,ex261,original,True,False,ok,"(13, 27)","(13, 27)","(13, 27)",0,konbu17_v36
261,ex261,task133_color_bijection,False,False,mismatch,"(13, 27)","(13, 27)","(13, 27)",3,konbu17_v36
261,ex261,task133_transpose,False,False,mismatch,"(27, 13)","(27, 13)","(27, 13)",3,konbu17_v36
261,ex261,task133_mirror_lr,False,False,mismatch,"(13, 27)","(13, 27)","(13, 27)",3,konbu17_v36
261,ex261,task133_mirror_ud,False,False,mismatch,"(13, 27)","(13, 27)","(13, 27)",3,konbu17_v36
261,ex261,task133_zero_pad_top_left,False,False,mismatch,"(14, 28)","(14, 28)","(14, 28)",3,konbu17_v36
261,ex261,task133_zero_pad_bottom_right,True,False,ok,"(14, 28)","(14, 28)","(14, 28)",0,konbu17_v36
262,ex262,original,True,False,ok,"(29, 11)","(29, 11)","(29, 11)",0,konbu17_v36
262,ex262,task133_color_bijection,False,False,mismatch,"(29, 11)","(29, 11)","(29, 11)",3,konbu17_v36
262,ex262,task133_transpose,False,False,mismatch,"(11, 29)","(11, 29)","(11, 29)",3,konbu17_v36
262,ex262,task133_mirror_lr,False,False,mismatch,"(29, 11)","(29, 11)","(29, 11)",3,konbu17_v36
262,ex262,task133_mirror_ud,False,False,mismatch,"(29, 11)","(29, 11)","(29, 11)",3,konbu17_v36
262,ex262,task133_zero_pad_top_left,False,False,mismatch,"(30, 12)","(30, 12)","(30, 12)",3,konbu17_v36
262,ex262,task133_zero_pad_bottom_right,True,False,ok,"(30, 12)","(30, 12)","(30, 12)",0,konbu17_v36
263,ex263,original,True,False,ok,"(21, 24)","(21, 24)","(21, 24)",0,konbu17_v36
263,ex263,task133_color_bijection,False,False,mismatch,"(21, 24)","(21, 24)","(21, 24)",10,konbu17_v36
263,ex263,task133_transpose,False,False,mismatch,"(24, 21)","(24, 21)","(24, 21)",10,konbu17_v36
263,ex263,task133_mirror_lr,False,False,mismatch,"(21, 24)","(21, 24)","(21, 24)",12,konbu17_v36
263,ex263,task133_mirror_ud,False,False,mismatch,"(21, 24)","(21, 24)","(21, 24)",10,konbu17_v36
263,ex263,task133_zero_pad_top_left,False,False,mismatch,"(22, 25)","(22, 25)","(22, 25)",10,konbu17_v36
263,ex263,task133_zero_pad_bottom_right,True,False,ok,"(22, 25)","(22, 25)","(22, 25)",0,konbu17_v36
264,ex264,original,True,False,ok,"(25, 20)","(25, 20)","(25, 20)",0,konbu17_v36
264,ex264,task133_color_bijection,False,False,mismatch,"(25, 20)","(25, 20)","(25, 20)",16,konbu17_v36
264,ex264,task133_transpose,False,False,mismatch,"(20, 25)","(20, 25)","(20, 25)",16,konbu17_v36
264,ex264,task133_mirror_lr,False,False,mismatch,"(25, 20)","(25, 20)","(25, 20)",16,konbu17_v36
264,ex264,task133_mirror_ud,False,False,mismatch,"(25, 20)","(25, 20)","(25, 20)",16,konbu17_v36
264,ex264,task133_zero_pad_top_left,False,False,mismatch,"(26, 21)","(26, 21)","(26, 21)",16,konbu17_v36
264,ex264,task133_zero_pad_bottom_right,True,False,ok,"(26, 21)","(26, 21)","(26, 21)",0,konbu17_v36
265,ex265,original,True,False,ok,"(29, 24)","(29, 24)","(29, 24)",0,konbu17_v36
265,ex265,task133_color_bijection,False,False,mismatch,"(29, 24)","(29, 24)","(29, 24)",12,konbu17_v36
265,ex265,task133_transpose,False,False,mismatch,"(24, 29)","(24, 29)","(24, 29)",12,konbu17_v36
265,ex265,task133_mirror_lr,False,False,mismatch,"(29, 24)","(29, 24)","(29, 24)",12,konbu17_v36
265,ex265,task133_mirror_ud,False,False,mismatch,"(29, 24)","(29, 24)","(29, 24)",12,konbu17_v36
265,ex265,task133_zero_pad_top_left,False,False,mismatch,"(30, 25)","(30, 25)","(30, 25)",12,konbu17_v36
265,ex265,task133_zero_pad_bottom_right,True,False,ok,"(30, 25)","(30, 25)","(30, 25)",0,konbu17_v36
266,ex266,original,True,False,ok,"(17, 20)","(17, 20)","(17, 20)",0,konbu17_v36
266,ex266,task133_color_bijection,False,False,mismatch,"(17, 20)","(17, 20)","(17, 20)",3,konbu17_v36
266,ex266,task133_transpose,False,False,mismatch,"(20, 17)","(20, 17)","(20, 17)",3,konbu17_v36
266,ex266,task133_mirror_lr,False,False,mismatch,"(17, 20)","(17, 20)","(17, 20)",3,konbu17_v36
266,ex266,task133_mirror_ud,False,False,mismatch,"(17, 20)","(17, 20)","(17, 20)",3,konbu17_v36
266,ex266,task133_zero_pad_top_left,False,False,mismatch,"(18, 21)","(18, 21)","(18, 21)",5,konbu17_v36
266,ex266,task133_zero_pad_bottom_right,True,False,ok,"(18, 21)","(18, 21)","(18, 21)",0,konbu17_v36
