source_index,source_label,contract_name,passed,skipped,reason,input_shape,expected_shape,actual_shape,mismatch_count,rule_label
0,ex0,original,True,False,ok,"(16, 12)","(16, 12)","(16, 12)",0,task133_stencil_v2
0,ex0,task133_color_bijection,True,False,ok,"(16, 12)","(16, 12)","(16, 12)",0,task133_stencil_v2
0,ex0,task133_transpose,True,False,ok,"(12, 16)","(12, 16)","(12, 16)",0,task133_stencil_v2
0,ex0,task133_mirror_lr,True,False,ok,"(16, 12)","(16, 12)","(16, 12)",0,task133_stencil_v2
0,ex0,task133_mirror_ud,True,False,ok,"(16, 12)","(16, 12)","(16, 12)",0,task133_stencil_v2
0,ex0,task133_zero_pad_top_left,True,False,ok,"(17, 13)","(17, 13)","(17, 13)",0,task133_stencil_v2
0,ex0,task133_zero_pad_bottom_right,True,False,ok,"(17, 13)","(17, 13)","(17, 13)",0,task133_stencil_v2
1,ex1,original,True,False,ok,"(16, 18)","(16, 18)","(16, 18)",0,task133_stencil_v2
1,ex1,task133_color_bijection,True,False,ok,"(16, 18)","(16, 18)","(16, 18)",0,task133_stencil_v2
1,ex1,task133_transpose,True,False,ok,"(18, 16)","(18, 16)","(18, 16)",0,task133_stencil_v2
1,ex1,task133_mirror_lr,True,False,ok,"(16, 18)","(16, 18)","(16, 18)",0,task133_stencil_v2
1,ex1,task133_mirror_ud,True,False,ok,"(16, 18)","(16, 18)","(16, 18)",0,task133_stencil_v2
1,ex1,task133_zero_pad_top_left,True,False,ok,"(17, 19)","(17, 19)","(17, 19)",0,task133_stencil_v2
1,ex1,task133_zero_pad_bottom_right,True,False,ok,"(17, 19)","(17, 19)","(17, 19)",0,task133_stencil_v2
2,ex2,original,True,False,ok,"(17, 18)","(17, 18)","(17, 18)",0,task133_stencil_v2
2,ex2,task133_color_bijection,True,False,ok,"(17, 18)","(17, 18)","(17, 18)",0,task133_stencil_v2
2,ex2,task133_transpose,True,False,ok,"(18, 17)","(18, 17)","(18, 17)",0,task133_stencil_v2
2,ex2,task133_mirror_lr,True,False,ok,"(17, 18)","(17, 18)","(17, 18)",0,task133_stencil_v2
2,ex2,task133_mirror_ud,True,False,ok,"(17, 18)","(17, 18)","(17, 18)",0,task133_stencil_v2
2,ex2,task133_zero_pad_top_left,True,False,ok,"(18, 19)","(18, 19)","(18, 19)",0,task133_stencil_v2
2,ex2,task133_zero_pad_bottom_right,True,False,ok,"(18, 19)","(18, 19)","(18, 19)",0,task133_stencil_v2
3,ex3,original,True,False,ok,"(15, 18)","(15, 18)","(15, 18)",0,task133_stencil_v2
3,ex3,task133_color_bijection,True,False,ok,"(15, 18)","(15, 18)","(15, 18)",0,task133_stencil_v2
3,ex3,task133_transpose,True,False,ok,"(18, 15)","(18, 15)","(18, 15)",0,task133_stencil_v2
3,ex3,task133_mirror_lr,True,False,ok,"(15, 18)","(15, 18)","(15, 18)",0,task133_stencil_v2
3,ex3,task133_mirror_ud,True,False,ok,"(15, 18)","(15, 18)","(15, 18)",0,task133_stencil_v2
3,ex3,task133_zero_pad_top_left,True,False,ok,"(16, 19)","(16, 19)","(16, 19)",0,task133_stencil_v2
3,ex3,task133_zero_pad_bottom_right,True,False,ok,"(16, 19)","(16, 19)","(16, 19)",0,task133_stencil_v2
4,ex4,original,True,False,ok,"(19, 30)","(19, 30)","(19, 30)",0,task133_stencil_v2
4,ex4,task133_color_bijection,True,False,ok,"(19, 30)","(19, 30)","(19, 30)",0,task133_stencil_v2
4,ex4,task133_transpose,True,False,ok,"(30, 19)","(30, 19)","(30, 19)",0,task133_stencil_v2
4,ex4,task133_mirror_lr,True,False,ok,"(19, 30)","(19, 30)","(19, 30)",0,task133_stencil_v2
4,ex4,task133_mirror_ud,True,False,ok,"(19, 30)","(19, 30)","(19, 30)",0,task133_stencil_v2
4,ex4,task133_zero_pad_top_left,False,True,"input_shape_exceeds_limit:(20, 31)>(30, 30)","(20, 31)","(20, 31)",,,
4,ex4,task133_zero_pad_bottom_right,False,True,"input_shape_exceeds_limit:(20, 31)>(30, 30)","(20, 31)","(20, 31)",,,
5,ex5,original,True,False,ok,"(27, 25)","(27, 25)","(27, 25)",0,task133_stencil_v2
5,ex5,task133_color_bijection,True,False,ok,"(27, 25)","(27, 25)","(27, 25)",0,task133_stencil_v2
5,ex5,task133_transpose,True,False,ok,"(25, 27)","(25, 27)","(25, 27)",0,task133_stencil_v2
5,ex5,task133_mirror_lr,True,False,ok,"(27, 25)","(27, 25)","(27, 25)",0,task133_stencil_v2
5,ex5,task133_mirror_ud,True,False,ok,"(27, 25)","(27, 25)","(27, 25)",0,task133_stencil_v2
5,ex5,task133_zero_pad_top_left,True,False,ok,"(28, 26)","(28, 26)","(28, 26)",0,task133_stencil_v2
5,ex5,task133_zero_pad_bottom_right,True,False,ok,"(28, 26)","(28, 26)","(28, 26)",0,task133_stencil_v2
6,ex6,original,True,False,ok,"(26, 20)","(26, 20)","(26, 20)",0,task133_stencil_v2
6,ex6,task133_color_bijection,True,False,ok,"(26, 20)","(26, 20)","(26, 20)",0,task133_stencil_v2
6,ex6,task133_transpose,True,False,ok,"(20, 26)","(20, 26)","(20, 26)",0,task133_stencil_v2
6,ex6,task133_mirror_lr,True,False,ok,"(26, 20)","(26, 20)","(26, 20)",0,task133_stencil_v2
6,ex6,task133_mirror_ud,True,False,ok,"(26, 20)","(26, 20)","(26, 20)",0,task133_stencil_v2
6,ex6,task133_zero_pad_top_left,True,False,ok,"(27, 21)","(27, 21)","(27, 21)",0,task133_stencil_v2
6,ex6,task133_zero_pad_bottom_right,True,False,ok,"(27, 21)","(27, 21)","(27, 21)",0,task133_stencil_v2
7,ex7,original,True,False,ok,"(29, 21)","(29, 21)","(29, 21)",0,task133_stencil_v2
7,ex7,task133_color_bijection,True,False,ok,"(29, 21)","(29, 21)","(29, 21)",0,task133_stencil_v2
7,ex7,task133_transpose,True,False,ok,"(21, 29)","(21, 29)","(21, 29)",0,task133_stencil_v2
7,ex7,task133_mirror_lr,True,False,ok,"(29, 21)","(29, 21)","(29, 21)",0,task133_stencil_v2
7,ex7,task133_mirror_ud,True,False,ok,"(29, 21)","(29, 21)","(29, 21)",0,task133_stencil_v2
7,ex7,task133_zero_pad_top_left,True,False,ok,"(30, 22)","(30, 22)","(30, 22)",0,task133_stencil_v2
7,ex7,task133_zero_pad_bottom_right,True,False,ok,"(30, 22)","(30, 22)","(30, 22)",0,task133_stencil_v2
8,ex8,original,True,False,ok,"(25, 26)","(25, 26)","(25, 26)",0,task133_stencil_v2
8,ex8,task133_color_bijection,True,False,ok,"(25, 26)","(25, 26)","(25, 26)",0,task133_stencil_v2
8,ex8,task133_transpose,True,False,ok,"(26, 25)","(26, 25)","(26, 25)",0,task133_stencil_v2
8,ex8,task133_mirror_lr,True,False,ok,"(25, 26)","(25, 26)","(25, 26)",0,task133_stencil_v2
8,ex8,task133_mirror_ud,True,False,ok,"(25, 26)","(25, 26)","(25, 26)",0,task133_stencil_v2
8,ex8,task133_zero_pad_top_left,True,False,ok,"(26, 27)","(26, 27)","(26, 27)",0,task133_stencil_v2
8,ex8,task133_zero_pad_bottom_right,True,False,ok,"(26, 27)","(26, 27)","(26, 27)",0,task133_stencil_v2
9,ex9,original,True,False,ok,"(30, 26)","(30, 26)","(30, 26)",0,task133_stencil_v2
9,ex9,task133_color_bijection,True,False,ok,"(30, 26)","(30, 26)","(30, 26)",0,task133_stencil_v2
9,ex9,task133_transpose,True,False,ok,"(26, 30)","(26, 30)","(26, 30)",0,task133_stencil_v2
9,ex9,task133_mirror_lr,True,False,ok,"(30, 26)","(30, 26)","(30, 26)",0,task133_stencil_v2
9,ex9,task133_mirror_ud,True,False,ok,"(30, 26)","(30, 26)","(30, 26)",0,task133_stencil_v2
9,ex9,task133_zero_pad_top_left,False,True,"input_shape_exceeds_limit:(31, 27)>(30, 30)","(31, 27)","(31, 27)",,,
9,ex9,task133_zero_pad_bottom_right,False,True,"input_shape_exceeds_limit:(31, 27)>(30, 30)","(31, 27)","(31, 27)",,,
10,ex10,original,True,False,ok,"(30, 21)","(30, 21)","(30, 21)",0,task133_stencil_v2
10,ex10,task133_color_bijection,True,False,ok,"(30, 21)","(30, 21)","(30, 21)",0,task133_stencil_v2
10,ex10,task133_transpose,True,False,ok,"(21, 30)","(21, 30)","(21, 30)",0,task133_stencil_v2
10,ex10,task133_mirror_lr,True,False,ok,"(30, 21)","(30, 21)","(30, 21)",0,task133_stencil_v2
10,ex10,task133_mirror_ud,True,False,ok,"(30, 21)","(30, 21)","(30, 21)",0,task133_stencil_v2
10,ex10,task133_zero_pad_top_left,False,True,"input_shape_exceeds_limit:(31, 22)>(30, 30)","(31, 22)","(31, 22)",,,
10,ex10,task133_zero_pad_bottom_right,False,True,"input_shape_exceeds_limit:(31, 22)>(30, 30)","(31, 22)","(31, 22)",,,
11,ex11,original,True,False,ok,"(30, 27)","(30, 27)","(30, 27)",0,task133_stencil_v2
11,ex11,task133_color_bijection,True,False,ok,"(30, 27)","(30, 27)","(30, 27)",0,task133_stencil_v2
11,ex11,task133_transpose,True,False,ok,"(27, 30)","(27, 30)","(27, 30)",0,task133_stencil_v2
11,ex11,task133_mirror_lr,True,False,ok,"(30, 27)","(30, 27)","(30, 27)",0,task133_stencil_v2
11,ex11,task133_mirror_ud,True,False,ok,"(30, 27)","(30, 27)","(30, 27)",0,task133_stencil_v2
11,ex11,task133_zero_pad_top_left,False,True,"input_shape_exceeds_limit:(31, 28)>(30, 30)","(31, 28)","(31, 28)",,,
11,ex11,task133_zero_pad_bottom_right,False,True,"input_shape_exceeds_limit:(31, 28)>(30, 30)","(31, 28)","(31, 28)",,,
12,ex12,original,True,False,ok,"(24, 28)","(24, 28)","(24, 28)",0,task133_stencil_v2
12,ex12,task133_color_bijection,True,False,ok,"(24, 28)","(24, 28)","(24, 28)",0,task133_stencil_v2
12,ex12,task133_transpose,True,False,ok,"(28, 24)","(28, 24)","(28, 24)",0,task133_stencil_v2
12,ex12,task133_mirror_lr,True,False,ok,"(24, 28)","(24, 28)","(24, 28)",0,task133_stencil_v2
12,ex12,task133_mirror_ud,True,False,ok,"(24, 28)","(24, 28)","(24, 28)",0,task133_stencil_v2
12,ex12,task133_zero_pad_top_left,True,False,ok,"(25, 29)","(25, 29)","(25, 29)",0,task133_stencil_v2
12,ex12,task133_zero_pad_bottom_right,True,False,ok,"(25, 29)","(25, 29)","(25, 29)",0,task133_stencil_v2
13,ex13,original,True,False,ok,"(15, 25)","(15, 25)","(15, 25)",0,task133_stencil_v2
13,ex13,task133_color_bijection,True,False,ok,"(15, 25)","(15, 25)","(15, 25)",0,task133_stencil_v2
13,ex13,task133_transpose,True,False,ok,"(25, 15)","(25, 15)","(25, 15)",0,task133_stencil_v2
13,ex13,task133_mirror_lr,True,False,ok,"(15, 25)","(15, 25)","(15, 25)",0,task133_stencil_v2
13,ex13,task133_mirror_ud,True,False,ok,"(15, 25)","(15, 25)","(15, 25)",0,task133_stencil_v2
13,ex13,task133_zero_pad_top_left,True,False,ok,"(16, 26)","(16, 26)","(16, 26)",0,task133_stencil_v2
13,ex13,task133_zero_pad_bottom_right,True,False,ok,"(16, 26)","(16, 26)","(16, 26)",0,task133_stencil_v2
14,ex14,original,True,False,ok,"(21, 21)","(21, 21)","(21, 21)",0,task133_stencil_v2
14,ex14,task133_color_bijection,True,False,ok,"(21, 21)","(21, 21)","(21, 21)",0,task133_stencil_v2
14,ex14,task133_transpose,True,False,ok,"(21, 21)","(21, 21)","(21, 21)",0,task133_stencil_v2
14,ex14,task133_mirror_lr,True,False,ok,"(21, 21)","(21, 21)","(21, 21)",0,task133_stencil_v2
14,ex14,task133_mirror_ud,True,False,ok,"(21, 21)","(21, 21)","(21, 21)",0,task133_stencil_v2
14,ex14,task133_zero_pad_top_left,True,False,ok,"(22, 22)","(22, 22)","(22, 22)",0,task133_stencil_v2
14,ex14,task133_zero_pad_bottom_right,True,False,ok,"(22, 22)","(22, 22)","(22, 22)",0,task133_stencil_v2
15,ex15,original,True,False,ok,"(27, 21)","(27, 21)","(27, 21)",0,task133_stencil_v2
15,ex15,task133_color_bijection,True,False,ok,"(27, 21)","(27, 21)","(27, 21)",0,task133_stencil_v2
15,ex15,task133_transpose,True,False,ok,"(21, 27)","(21, 27)","(21, 27)",0,task133_stencil_v2
15,ex15,task133_mirror_lr,True,False,ok,"(27, 21)","(27, 21)","(27, 21)",0,task133_stencil_v2
15,ex15,task133_mirror_ud,True,False,ok,"(27, 21)","(27, 21)","(27, 21)",0,task133_stencil_v2
15,ex15,task133_zero_pad_top_left,True,False,ok,"(28, 22)","(28, 22)","(28, 22)",0,task133_stencil_v2
15,ex15,task133_zero_pad_bottom_right,True,False,ok,"(28, 22)","(28, 22)","(28, 22)",0,task133_stencil_v2
16,ex16,original,True,False,ok,"(28, 29)","(28, 29)","(28, 29)",0,task133_stencil_v2
16,ex16,task133_color_bijection,True,False,ok,"(28, 29)","(28, 29)","(28, 29)",0,task133_stencil_v2
16,ex16,task133_transpose,True,False,ok,"(29, 28)","(29, 28)","(29, 28)",0,task133_stencil_v2
16,ex16,task133_mirror_lr,True,False,ok,"(28, 29)","(28, 29)","(28, 29)",0,task133_stencil_v2
16,ex16,task133_mirror_ud,True,False,ok,"(28, 29)","(28, 29)","(28, 29)",0,task133_stencil_v2
16,ex16,task133_zero_pad_top_left,True,False,ok,"(29, 30)","(29, 30)","(29, 30)",0,task133_stencil_v2
16,ex16,task133_zero_pad_bottom_right,True,False,ok,"(29, 30)","(29, 30)","(29, 30)",0,task133_stencil_v2
17,ex17,original,True,False,ok,"(23, 27)","(23, 27)","(23, 27)",0,task133_stencil_v2
17,ex17,task133_color_bijection,True,False,ok,"(23, 27)","(23, 27)","(23, 27)",0,task133_stencil_v2
17,ex17,task133_transpose,True,False,ok,"(27, 23)","(27, 23)","(27, 23)",0,task133_stencil_v2
17,ex17,task133_mirror_lr,True,False,ok,"(23, 27)","(23, 27)","(23, 27)",0,task133_stencil_v2
17,ex17,task133_mirror_ud,True,False,ok,"(23, 27)","(23, 27)","(23, 27)",0,task133_stencil_v2
17,ex17,task133_zero_pad_top_left,True,False,ok,"(24, 28)","(24, 28)","(24, 28)",0,task133_stencil_v2
17,ex17,task133_zero_pad_bottom_right,True,False,ok,"(24, 28)","(24, 28)","(24, 28)",0,task133_stencil_v2
18,ex18,original,True,False,ok,"(12, 25)","(12, 25)","(12, 25)",0,task133_stencil_v2
18,ex18,task133_color_bijection,True,False,ok,"(12, 25)","(12, 25)","(12, 25)",0,task133_stencil_v2
18,ex18,task133_transpose,True,False,ok,"(25, 12)","(25, 12)","(25, 12)",0,task133_stencil_v2
18,ex18,task133_mirror_lr,True,False,ok,"(12, 25)","(12, 25)","(12, 25)",0,task133_stencil_v2
18,ex18,task133_mirror_ud,True,False,ok,"(12, 25)","(12, 25)","(12, 25)",0,task133_stencil_v2
18,ex18,task133_zero_pad_top_left,True,False,ok,"(13, 26)","(13, 26)","(13, 26)",0,task133_stencil_v2
18,ex18,task133_zero_pad_bottom_right,True,False,ok,"(13, 26)","(13, 26)","(13, 26)",0,task133_stencil_v2
19,ex19,original,True,False,ok,"(28, 28)","(28, 28)","(28, 28)",0,task133_stencil_v2
19,ex19,task133_color_bijection,True,False,ok,"(28, 28)","(28, 28)","(28, 28)",0,task133_stencil_v2
19,ex19,task133_transpose,True,False,ok,"(28, 28)","(28, 28)","(28, 28)",0,task133_stencil_v2
19,ex19,task133_mirror_lr,True,False,ok,"(28, 28)","(28, 28)","(28, 28)",0,task133_stencil_v2
19,ex19,task133_mirror_ud,True,False,ok,"(28, 28)","(28, 28)","(28, 28)",0,task133_stencil_v2
19,ex19,task133_zero_pad_top_left,True,False,ok,"(29, 29)","(29, 29)","(29, 29)",0,task133_stencil_v2
19,ex19,task133_zero_pad_bottom_right,True,False,ok,"(29, 29)","(29, 29)","(29, 29)",0,task133_stencil_v2
20,ex20,original,True,False,ok,"(29, 17)","(29, 17)","(29, 17)",0,task133_stencil_v2
20,ex20,task133_color_bijection,True,False,ok,"(29, 17)","(29, 17)","(29, 17)",0,task133_stencil_v2
20,ex20,task133_transpose,True,False,ok,"(17, 29)","(17, 29)","(17, 29)",0,task133_stencil_v2
20,ex20,task133_mirror_lr,True,False,ok,"(29, 17)","(29, 17)","(29, 17)",0,task133_stencil_v2
20,ex20,task133_mirror_ud,True,False,ok,"(29, 17)","(29, 17)","(29, 17)",0,task133_stencil_v2
20,ex20,task133_zero_pad_top_left,True,False,ok,"(30, 18)","(30, 18)","(30, 18)",0,task133_stencil_v2
20,ex20,task133_zero_pad_bottom_right,True,False,ok,"(30, 18)","(30, 18)","(30, 18)",0,task133_stencil_v2
21,ex21,original,True,False,ok,"(28, 24)","(28, 24)","(28, 24)",0,task133_stencil_v2
21,ex21,task133_color_bijection,True,False,ok,"(28, 24)","(28, 24)","(28, 24)",0,task133_stencil_v2
21,ex21,task133_transpose,True,False,ok,"(24, 28)","(24, 28)","(24, 28)",0,task133_stencil_v2
21,ex21,task133_mirror_lr,True,False,ok,"(28, 24)","(28, 24)","(28, 24)",0,task133_stencil_v2
21,ex21,task133_mirror_ud,True,False,ok,"(28, 24)","(28, 24)","(28, 24)",0,task133_stencil_v2
21,ex21,task133_zero_pad_top_left,True,False,ok,"(29, 25)","(29, 25)","(29, 25)",0,task133_stencil_v2
21,ex21,task133_zero_pad_bottom_right,True,False,ok,"(29, 25)","(29, 25)","(29, 25)",0,task133_stencil_v2
22,ex22,original,True,False,ok,"(17, 29)","(17, 29)","(17, 29)",0,task133_stencil_v2
22,ex22,task133_color_bijection,True,False,ok,"(17, 29)","(17, 29)","(17, 29)",0,task133_stencil_v2
22,ex22,task133_transpose,True,False,ok,"(29, 17)","(29, 17)","(29, 17)",0,task133_stencil_v2
22,ex22,task133_mirror_lr,True,False,ok,"(17, 29)","(17, 29)","(17, 29)",0,task133_stencil_v2
22,ex22,task133_mirror_ud,True,False,ok,"(17, 29)","(17, 29)","(17, 29)",0,task133_stencil_v2
22,ex22,task133_zero_pad_top_left,True,False,ok,"(18, 30)","(18, 30)","(18, 30)",0,task133_stencil_v2
22,ex22,task133_zero_pad_bottom_right,True,False,ok,"(18, 30)","(18, 30)","(18, 30)",0,task133_stencil_v2
23,ex23,original,True,False,ok,"(23, 19)","(23, 19)","(23, 19)",0,task133_stencil_v2
23,ex23,task133_color_bijection,True,False,ok,"(23, 19)","(23, 19)","(23, 19)",0,task133_stencil_v2
23,ex23,task133_transpose,True,False,ok,"(19, 23)","(19, 23)","(19, 23)",0,task133_stencil_v2
23,ex23,task133_mirror_lr,True,False,ok,"(23, 19)","(23, 19)","(23, 19)",0,task133_stencil_v2
23,ex23,task133_mirror_ud,True,False,ok,"(23, 19)","(23, 19)","(23, 19)",0,task133_stencil_v2
23,ex23,task133_zero_pad_top_left,True,False,ok,"(24, 20)","(24, 20)","(24, 20)",0,task133_stencil_v2
23,ex23,task133_zero_pad_bottom_right,True,False,ok,"(24, 20)","(24, 20)","(24, 20)",0,task133_stencil_v2
24,ex24,original,True,False,ok,"(26, 12)","(26, 12)","(26, 12)",0,task133_stencil_v2
24,ex24,task133_color_bijection,True,False,ok,"(26, 12)","(26, 12)","(26, 12)",0,task133_stencil_v2
24,ex24,task133_transpose,True,False,ok,"(12, 26)","(12, 26)","(12, 26)",0,task133_stencil_v2
24,ex24,task133_mirror_lr,True,False,ok,"(26, 12)","(26, 12)","(26, 12)",0,task133_stencil_v2
24,ex24,task133_mirror_ud,True,False,ok,"(26, 12)","(26, 12)","(26, 12)",0,task133_stencil_v2
24,ex24,task133_zero_pad_top_left,True,False,ok,"(27, 13)","(27, 13)","(27, 13)",0,task133_stencil_v2
24,ex24,task133_zero_pad_bottom_right,True,False,ok,"(27, 13)","(27, 13)","(27, 13)",0,task133_stencil_v2
25,ex25,original,True,False,ok,"(30, 25)","(30, 25)","(30, 25)",0,task133_stencil_v2
25,ex25,task133_color_bijection,True,False,ok,"(30, 25)","(30, 25)","(30, 25)",0,task133_stencil_v2
25,ex25,task133_transpose,True,False,ok,"(25, 30)","(25, 30)","(25, 30)",0,task133_stencil_v2
25,ex25,task133_mirror_lr,True,False,ok,"(30, 25)","(30, 25)","(30, 25)",0,task133_stencil_v2
25,ex25,task133_mirror_ud,True,False,ok,"(30, 25)","(30, 25)","(30, 25)",0,task133_stencil_v2
25,ex25,task133_zero_pad_top_left,False,True,"input_shape_exceeds_limit:(31, 26)>(30, 30)","(31, 26)","(31, 26)",,,
25,ex25,task133_zero_pad_bottom_right,False,True,"input_shape_exceeds_limit:(31, 26)>(30, 30)","(31, 26)","(31, 26)",,,
26,ex26,original,True,False,ok,"(29, 28)","(29, 28)","(29, 28)",0,task133_stencil_v2
26,ex26,task133_color_bijection,True,False,ok,"(29, 28)","(29, 28)","(29, 28)",0,task133_stencil_v2
26,ex26,task133_transpose,True,False,ok,"(28, 29)","(28, 29)","(28, 29)",0,task133_stencil_v2
26,ex26,task133_mirror_lr,True,False,ok,"(29, 28)","(29, 28)","(29, 28)",0,task133_stencil_v2
26,ex26,task133_mirror_ud,True,False,ok,"(29, 28)","(29, 28)","(29, 28)",0,task133_stencil_v2
26,ex26,task133_zero_pad_top_left,True,False,ok,"(30, 29)","(30, 29)","(30, 29)",0,task133_stencil_v2
26,ex26,task133_zero_pad_bottom_right,True,False,ok,"(30, 29)","(30, 29)","(30, 29)",0,task133_stencil_v2
27,ex27,original,True,False,ok,"(29, 19)","(29, 19)","(29, 19)",0,task133_stencil_v2
27,ex27,task133_color_bijection,True,False,ok,"(29, 19)","(29, 19)","(29, 19)",0,task133_stencil_v2
27,ex27,task133_transpose,True,False,ok,"(19, 29)","(19, 29)","(19, 29)",0,task133_stencil_v2
27,ex27,task133_mirror_lr,True,False,ok,"(29, 19)","(29, 19)","(29, 19)",0,task133_stencil_v2
27,ex27,task133_mirror_ud,True,False,ok,"(29, 19)","(29, 19)","(29, 19)",0,task133_stencil_v2
27,ex27,task133_zero_pad_top_left,True,False,ok,"(30, 20)","(30, 20)","(30, 20)",0,task133_stencil_v2
27,ex27,task133_zero_pad_bottom_right,True,False,ok,"(30, 20)","(30, 20)","(30, 20)",0,task133_stencil_v2
28,ex28,original,True,False,ok,"(29, 30)","(29, 30)","(29, 30)",0,task133_stencil_v2
28,ex28,task133_color_bijection,True,False,ok,"(29, 30)","(29, 30)","(29, 30)",0,task133_stencil_v2
28,ex28,task133_transpose,True,False,ok,"(30, 29)","(30, 29)","(30, 29)",0,task133_stencil_v2
28,ex28,task133_mirror_lr,True,False,ok,"(29, 30)","(29, 30)","(29, 30)",0,task133_stencil_v2
28,ex28,task133_mirror_ud,True,False,ok,"(29, 30)","(29, 30)","(29, 30)",0,task133_stencil_v2
28,ex28,task133_zero_pad_top_left,False,True,"input_shape_exceeds_limit:(30, 31)>(30, 30)","(30, 31)","(30, 31)",,,
28,ex28,task133_zero_pad_bottom_right,False,True,"input_shape_exceeds_limit:(30, 31)>(30, 30)","(30, 31)","(30, 31)",,,
29,ex29,original,True,False,ok,"(18, 30)","(18, 30)","(18, 30)",0,task133_stencil_v2
29,ex29,task133_color_bijection,True,False,ok,"(18, 30)","(18, 30)","(18, 30)",0,task133_stencil_v2
29,ex29,task133_transpose,True,False,ok,"(30, 18)","(30, 18)","(30, 18)",0,task133_stencil_v2
29,ex29,task133_mirror_lr,True,False,ok,"(18, 30)","(18, 30)","(18, 30)",0,task133_stencil_v2
29,ex29,task133_mirror_ud,True,False,ok,"(18, 30)","(18, 30)","(18, 30)",0,task133_stencil_v2
29,ex29,task133_zero_pad_top_left,False,True,"input_shape_exceeds_limit:(19, 31)>(30, 30)","(19, 31)","(19, 31)",,,
29,ex29,task133_zero_pad_bottom_right,False,True,"input_shape_exceeds_limit:(19, 31)>(30, 30)","(19, 31)","(19, 31)",,,
30,ex30,original,True,False,ok,"(29, 21)","(29, 21)","(29, 21)",0,task133_stencil_v2
30,ex30,task133_color_bijection,True,False,ok,"(29, 21)","(29, 21)","(29, 21)",0,task133_stencil_v2
30,ex30,task133_transpose,True,False,ok,"(21, 29)","(21, 29)","(21, 29)",0,task133_stencil_v2
30,ex30,task133_mirror_lr,True,False,ok,"(29, 21)","(29, 21)","(29, 21)",0,task133_stencil_v2
30,ex30,task133_mirror_ud,True,False,ok,"(29, 21)","(29, 21)","(29, 21)",0,task133_stencil_v2
30,ex30,task133_zero_pad_top_left,True,False,ok,"(30, 22)","(30, 22)","(30, 22)",0,task133_stencil_v2
30,ex30,task133_zero_pad_bottom_right,True,False,ok,"(30, 22)","(30, 22)","(30, 22)",0,task133_stencil_v2
31,ex31,original,True,False,ok,"(14, 23)","(14, 23)","(14, 23)",0,task133_stencil_v2
31,ex31,task133_color_bijection,True,False,ok,"(14, 23)","(14, 23)","(14, 23)",0,task133_stencil_v2
31,ex31,task133_transpose,True,False,ok,"(23, 14)","(23, 14)","(23, 14)",0,task133_stencil_v2
31,ex31,task133_mirror_lr,True,False,ok,"(14, 23)","(14, 23)","(14, 23)",0,task133_stencil_v2
31,ex31,task133_mirror_ud,True,False,ok,"(14, 23)","(14, 23)","(14, 23)",0,task133_stencil_v2
31,ex31,task133_zero_pad_top_left,True,False,ok,"(15, 24)","(15, 24)","(15, 24)",0,task133_stencil_v2
31,ex31,task133_zero_pad_bottom_right,True,False,ok,"(15, 24)","(15, 24)","(15, 24)",0,task133_stencil_v2
32,ex32,original,True,False,ok,"(24, 18)","(24, 18)","(24, 18)",0,task133_stencil_v2
32,ex32,task133_color_bijection,True,False,ok,"(24, 18)","(24, 18)","(24, 18)",0,task133_stencil_v2
32,ex32,task133_transpose,True,False,ok,"(18, 24)","(18, 24)","(18, 24)",0,task133_stencil_v2
32,ex32,task133_mirror_lr,True,False,ok,"(24, 18)","(24, 18)","(24, 18)",0,task133_stencil_v2
32,ex32,task133_mirror_ud,True,False,ok,"(24, 18)","(24, 18)","(24, 18)",0,task133_stencil_v2
32,ex32,task133_zero_pad_top_left,True,False,ok,"(25, 19)","(25, 19)","(25, 19)",0,task133_stencil_v2
32,ex32,task133_zero_pad_bottom_right,True,False,ok,"(25, 19)","(25, 19)","(25, 19)",0,task133_stencil_v2
33,ex33,original,True,False,ok,"(30, 27)","(30, 27)","(30, 27)",0,task133_stencil_v2
33,ex33,task133_color_bijection,True,False,ok,"(30, 27)","(30, 27)","(30, 27)",0,task133_stencil_v2
33,ex33,task133_transpose,True,False,ok,"(27, 30)","(27, 30)","(27, 30)",0,task133_stencil_v2
33,ex33,task133_mirror_lr,True,False,ok,"(30, 27)","(30, 27)","(30, 27)",0,task133_stencil_v2
33,ex33,task133_mirror_ud,True,False,ok,"(30, 27)","(30, 27)","(30, 27)",0,task133_stencil_v2
33,ex33,task133_zero_pad_top_left,False,True,"input_shape_exceeds_limit:(31, 28)>(30, 30)","(31, 28)","(31, 28)",,,
33,ex33,task133_zero_pad_bottom_right,False,True,"input_shape_exceeds_limit:(31, 28)>(30, 30)","(31, 28)","(31, 28)",,,
34,ex34,original,True,False,ok,"(13, 27)","(13, 27)","(13, 27)",0,task133_stencil_v2
34,ex34,task133_color_bijection,True,False,ok,"(13, 27)","(13, 27)","(13, 27)",0,task133_stencil_v2
34,ex34,task133_transpose,True,False,ok,"(27, 13)","(27, 13)","(27, 13)",0,task133_stencil_v2
34,ex34,task133_mirror_lr,True,False,ok,"(13, 27)","(13, 27)","(13, 27)",0,task133_stencil_v2
34,ex34,task133_mirror_ud,True,False,ok,"(13, 27)","(13, 27)","(13, 27)",0,task133_stencil_v2
34,ex34,task133_zero_pad_top_left,True,False,ok,"(14, 28)","(14, 28)","(14, 28)",0,task133_stencil_v2
34,ex34,task133_zero_pad_bottom_right,True,False,ok,"(14, 28)","(14, 28)","(14, 28)",0,task133_stencil_v2
35,ex35,original,True,False,ok,"(15, 18)","(15, 18)","(15, 18)",0,task133_stencil_v2
35,ex35,task133_color_bijection,True,False,ok,"(15, 18)","(15, 18)","(15, 18)",0,task133_stencil_v2
35,ex35,task133_transpose,True,False,ok,"(18, 15)","(18, 15)","(18, 15)",0,task133_stencil_v2
35,ex35,task133_mirror_lr,True,False,ok,"(15, 18)","(15, 18)","(15, 18)",0,task133_stencil_v2
35,ex35,task133_mirror_ud,True,False,ok,"(15, 18)","(15, 18)","(15, 18)",0,task133_stencil_v2
35,ex35,task133_zero_pad_top_left,True,False,ok,"(16, 19)","(16, 19)","(16, 19)",0,task133_stencil_v2
35,ex35,task133_zero_pad_bottom_right,True,False,ok,"(16, 19)","(16, 19)","(16, 19)",0,task133_stencil_v2
36,ex36,original,True,False,ok,"(18, 28)","(18, 28)","(18, 28)",0,task133_stencil_v2
36,ex36,task133_color_bijection,True,False,ok,"(18, 28)","(18, 28)","(18, 28)",0,task133_stencil_v2
36,ex36,task133_transpose,True,False,ok,"(28, 18)","(28, 18)","(28, 18)",0,task133_stencil_v2
36,ex36,task133_mirror_lr,True,False,ok,"(18, 28)","(18, 28)","(18, 28)",0,task133_stencil_v2
36,ex36,task133_mirror_ud,True,False,ok,"(18, 28)","(18, 28)","(18, 28)",0,task133_stencil_v2
36,ex36,task133_zero_pad_top_left,True,False,ok,"(19, 29)","(19, 29)","(19, 29)",0,task133_stencil_v2
36,ex36,task133_zero_pad_bottom_right,True,False,ok,"(19, 29)","(19, 29)","(19, 29)",0,task133_stencil_v2
37,ex37,original,True,False,ok,"(19, 29)","(19, 29)","(19, 29)",0,task133_stencil_v2
37,ex37,task133_color_bijection,True,False,ok,"(19, 29)","(19, 29)","(19, 29)",0,task133_stencil_v2
37,ex37,task133_transpose,True,False,ok,"(29, 19)","(29, 19)","(29, 19)",0,task133_stencil_v2
37,ex37,task133_mirror_lr,True,False,ok,"(19, 29)","(19, 29)","(19, 29)",0,task133_stencil_v2
37,ex37,task133_mirror_ud,True,False,ok,"(19, 29)","(19, 29)","(19, 29)",0,task133_stencil_v2
37,ex37,task133_zero_pad_top_left,True,False,ok,"(20, 30)","(20, 30)","(20, 30)",0,task133_stencil_v2
37,ex37,task133_zero_pad_bottom_right,True,False,ok,"(20, 30)","(20, 30)","(20, 30)",0,task133_stencil_v2
38,ex38,original,True,False,ok,"(18, 24)","(18, 24)","(18, 24)",0,task133_stencil_v2
38,ex38,task133_color_bijection,True,False,ok,"(18, 24)","(18, 24)","(18, 24)",0,task133_stencil_v2
38,ex38,task133_transpose,True,False,ok,"(24, 18)","(24, 18)","(24, 18)",0,task133_stencil_v2
38,ex38,task133_mirror_lr,True,False,ok,"(18, 24)","(18, 24)","(18, 24)",0,task133_stencil_v2
38,ex38,task133_mirror_ud,True,False,ok,"(18, 24)","(18, 24)","(18, 24)",0,task133_stencil_v2
38,ex38,task133_zero_pad_top_left,True,False,ok,"(19, 25)","(19, 25)","(19, 25)",0,task133_stencil_v2
38,ex38,task133_zero_pad_bottom_right,True,False,ok,"(19, 25)","(19, 25)","(19, 25)",0,task133_stencil_v2
39,ex39,original,True,False,ok,"(24, 28)","(24, 28)","(24, 28)",0,task133_stencil_v2
39,ex39,task133_color_bijection,True,False,ok,"(24, 28)","(24, 28)","(24, 28)",0,task133_stencil_v2
39,ex39,task133_transpose,True,False,ok,"(28, 24)","(28, 24)","(28, 24)",0,task133_stencil_v2
39,ex39,task133_mirror_lr,True,False,ok,"(24, 28)","(24, 28)","(24, 28)",0,task133_stencil_v2
39,ex39,task133_mirror_ud,True,False,ok,"(24, 28)","(24, 28)","(24, 28)",0,task133_stencil_v2
39,ex39,task133_zero_pad_top_left,True,False,ok,"(25, 29)","(25, 29)","(25, 29)",0,task133_stencil_v2
39,ex39,task133_zero_pad_bottom_right,True,False,ok,"(25, 29)","(25, 29)","(25, 29)",0,task133_stencil_v2
40,ex40,original,True,False,ok,"(24, 20)","(24, 20)","(24, 20)",0,task133_stencil_v2
40,ex40,task133_color_bijection,True,False,ok,"(24, 20)","(24, 20)","(24, 20)",0,task133_stencil_v2
40,ex40,task133_transpose,True,False,ok,"(20, 24)","(20, 24)","(20, 24)",0,task133_stencil_v2
40,ex40,task133_mirror_lr,True,False,ok,"(24, 20)","(24, 20)","(24, 20)",0,task133_stencil_v2
40,ex40,task133_mirror_ud,True,False,ok,"(24, 20)","(24, 20)","(24, 20)",0,task133_stencil_v2
40,ex40,task133_zero_pad_top_left,True,False,ok,"(25, 21)","(25, 21)","(25, 21)",0,task133_stencil_v2
40,ex40,task133_zero_pad_bottom_right,True,False,ok,"(25, 21)","(25, 21)","(25, 21)",0,task133_stencil_v2
41,ex41,original,True,False,ok,"(19, 30)","(19, 30)","(19, 30)",0,task133_stencil_v2
41,ex41,task133_color_bijection,True,False,ok,"(19, 30)","(19, 30)","(19, 30)",0,task133_stencil_v2
41,ex41,task133_transpose,True,False,ok,"(30, 19)","(30, 19)","(30, 19)",0,task133_stencil_v2
41,ex41,task133_mirror_lr,True,False,ok,"(19, 30)","(19, 30)","(19, 30)",0,task133_stencil_v2
41,ex41,task133_mirror_ud,True,False,ok,"(19, 30)","(19, 30)","(19, 30)",0,task133_stencil_v2
41,ex41,task133_zero_pad_top_left,False,True,"input_shape_exceeds_limit:(20, 31)>(30, 30)","(20, 31)","(20, 31)",,,
41,ex41,task133_zero_pad_bottom_right,False,True,"input_shape_exceeds_limit:(20, 31)>(30, 30)","(20, 31)","(20, 31)",,,
42,ex42,original,True,False,ok,"(26, 29)","(26, 29)","(26, 29)",0,task133_stencil_v2
42,ex42,task133_color_bijection,True,False,ok,"(26, 29)","(26, 29)","(26, 29)",0,task133_stencil_v2
42,ex42,task133_transpose,True,False,ok,"(29, 26)","(29, 26)","(29, 26)",0,task133_stencil_v2
42,ex42,task133_mirror_lr,True,False,ok,"(26, 29)","(26, 29)","(26, 29)",0,task133_stencil_v2
42,ex42,task133_mirror_ud,True,False,ok,"(26, 29)","(26, 29)","(26, 29)",0,task133_stencil_v2
42,ex42,task133_zero_pad_top_left,True,False,ok,"(27, 30)","(27, 30)","(27, 30)",0,task133_stencil_v2
42,ex42,task133_zero_pad_bottom_right,True,False,ok,"(27, 30)","(27, 30)","(27, 30)",0,task133_stencil_v2
43,ex43,original,True,False,ok,"(26, 15)","(26, 15)","(26, 15)",0,task133_stencil_v2
43,ex43,task133_color_bijection,True,False,ok,"(26, 15)","(26, 15)","(26, 15)",0,task133_stencil_v2
43,ex43,task133_transpose,True,False,ok,"(15, 26)","(15, 26)","(15, 26)",0,task133_stencil_v2
43,ex43,task133_mirror_lr,True,False,ok,"(26, 15)","(26, 15)","(26, 15)",0,task133_stencil_v2
43,ex43,task133_mirror_ud,True,False,ok,"(26, 15)","(26, 15)","(26, 15)",0,task133_stencil_v2
43,ex43,task133_zero_pad_top_left,True,False,ok,"(27, 16)","(27, 16)","(27, 16)",0,task133_stencil_v2
43,ex43,task133_zero_pad_bottom_right,True,False,ok,"(27, 16)","(27, 16)","(27, 16)",0,task133_stencil_v2
44,ex44,original,True,False,ok,"(24, 19)","(24, 19)","(24, 19)",0,task133_stencil_v2
44,ex44,task133_color_bijection,True,False,ok,"(24, 19)","(24, 19)","(24, 19)",0,task133_stencil_v2
44,ex44,task133_transpose,True,False,ok,"(19, 24)","(19, 24)","(19, 24)",0,task133_stencil_v2
44,ex44,task133_mirror_lr,True,False,ok,"(24, 19)","(24, 19)","(24, 19)",0,task133_stencil_v2
44,ex44,task133_mirror_ud,True,False,ok,"(24, 19)","(24, 19)","(24, 19)",0,task133_stencil_v2
44,ex44,task133_zero_pad_top_left,True,False,ok,"(25, 20)","(25, 20)","(25, 20)",0,task133_stencil_v2
44,ex44,task133_zero_pad_bottom_right,True,False,ok,"(25, 20)","(25, 20)","(25, 20)",0,task133_stencil_v2
45,ex45,original,True,False,ok,"(20, 30)","(20, 30)","(20, 30)",0,task133_stencil_v2
45,ex45,task133_color_bijection,True,False,ok,"(20, 30)","(20, 30)","(20, 30)",0,task133_stencil_v2
45,ex45,task133_transpose,True,False,ok,"(30, 20)","(30, 20)","(30, 20)",0,task133_stencil_v2
45,ex45,task133_mirror_lr,True,False,ok,"(20, 30)","(20, 30)","(20, 30)",0,task133_stencil_v2
45,ex45,task133_mirror_ud,True,False,ok,"(20, 30)","(20, 30)","(20, 30)",0,task133_stencil_v2
45,ex45,task133_zero_pad_top_left,False,True,"input_shape_exceeds_limit:(21, 31)>(30, 30)","(21, 31)","(21, 31)",,,
45,ex45,task133_zero_pad_bottom_right,False,True,"input_shape_exceeds_limit:(21, 31)>(30, 30)","(21, 31)","(21, 31)",,,
46,ex46,original,True,False,ok,"(27, 22)","(27, 22)","(27, 22)",0,task133_stencil_v2
46,ex46,task133_color_bijection,True,False,ok,"(27, 22)","(27, 22)","(27, 22)",0,task133_stencil_v2
46,ex46,task133_transpose,True,False,ok,"(22, 27)","(22, 27)","(22, 27)",0,task133_stencil_v2
46,ex46,task133_mirror_lr,True,False,ok,"(27, 22)","(27, 22)","(27, 22)",0,task133_stencil_v2
46,ex46,task133_mirror_ud,True,False,ok,"(27, 22)","(27, 22)","(27, 22)",0,task133_stencil_v2
46,ex46,task133_zero_pad_top_left,True,False,ok,"(28, 23)","(28, 23)","(28, 23)",0,task133_stencil_v2
46,ex46,task133_zero_pad_bottom_right,True,False,ok,"(28, 23)","(28, 23)","(28, 23)",0,task133_stencil_v2
47,ex47,original,True,False,ok,"(30, 21)","(30, 21)","(30, 21)",0,task133_stencil_v2
47,ex47,task133_color_bijection,True,False,ok,"(30, 21)","(30, 21)","(30, 21)",0,task133_stencil_v2
47,ex47,task133_transpose,True,False,ok,"(21, 30)","(21, 30)","(21, 30)",0,task133_stencil_v2
47,ex47,task133_mirror_lr,True,False,ok,"(30, 21)","(30, 21)","(30, 21)",0,task133_stencil_v2
47,ex47,task133_mirror_ud,True,False,ok,"(30, 21)","(30, 21)","(30, 21)",0,task133_stencil_v2
47,ex47,task133_zero_pad_top_left,False,True,"input_shape_exceeds_limit:(31, 22)>(30, 30)","(31, 22)","(31, 22)",,,
47,ex47,task133_zero_pad_bottom_right,False,True,"input_shape_exceeds_limit:(31, 22)>(30, 30)","(31, 22)","(31, 22)",,,
48,ex48,original,True,False,ok,"(25, 27)","(25, 27)","(25, 27)",0,task133_stencil_v2
48,ex48,task133_color_bijection,True,False,ok,"(25, 27)","(25, 27)","(25, 27)",0,task133_stencil_v2
48,ex48,task133_transpose,True,False,ok,"(27, 25)","(27, 25)","(27, 25)",0,task133_stencil_v2
48,ex48,task133_mirror_lr,True,False,ok,"(25, 27)","(25, 27)","(25, 27)",0,task133_stencil_v2
48,ex48,task133_mirror_ud,True,False,ok,"(25, 27)","(25, 27)","(25, 27)",0,task133_stencil_v2
48,ex48,task133_zero_pad_top_left,True,False,ok,"(26, 28)","(26, 28)","(26, 28)",0,task133_stencil_v2
48,ex48,task133_zero_pad_bottom_right,True,False,ok,"(26, 28)","(26, 28)","(26, 28)",0,task133_stencil_v2
49,ex49,original,True,False,ok,"(21, 20)","(21, 20)","(21, 20)",0,task133_stencil_v2
49,ex49,task133_color_bijection,True,False,ok,"(21, 20)","(21, 20)","(21, 20)",0,task133_stencil_v2
49,ex49,task133_transpose,True,False,ok,"(20, 21)","(20, 21)","(20, 21)",0,task133_stencil_v2
49,ex49,task133_mirror_lr,True,False,ok,"(21, 20)","(21, 20)","(21, 20)",0,task133_stencil_v2
49,ex49,task133_mirror_ud,True,False,ok,"(21, 20)","(21, 20)","(21, 20)",0,task133_stencil_v2
49,ex49,task133_zero_pad_top_left,True,False,ok,"(22, 21)","(22, 21)","(22, 21)",0,task133_stencil_v2
49,ex49,task133_zero_pad_bottom_right,True,False,ok,"(22, 21)","(22, 21)","(22, 21)",0,task133_stencil_v2
50,ex50,original,True,False,ok,"(20, 26)","(20, 26)","(20, 26)",0,task133_stencil_v2
50,ex50,task133_color_bijection,True,False,ok,"(20, 26)","(20, 26)","(20, 26)",0,task133_stencil_v2
50,ex50,task133_transpose,True,False,ok,"(26, 20)","(26, 20)","(26, 20)",0,task133_stencil_v2
50,ex50,task133_mirror_lr,True,False,ok,"(20, 26)","(20, 26)","(20, 26)",0,task133_stencil_v2
50,ex50,task133_mirror_ud,True,False,ok,"(20, 26)","(20, 26)","(20, 26)",0,task133_stencil_v2
50,ex50,task133_zero_pad_top_left,True,False,ok,"(21, 27)","(21, 27)","(21, 27)",0,task133_stencil_v2
50,ex50,task133_zero_pad_bottom_right,True,False,ok,"(21, 27)","(21, 27)","(21, 27)",0,task133_stencil_v2
51,ex51,original,True,False,ok,"(28, 14)","(28, 14)","(28, 14)",0,task133_stencil_v2
51,ex51,task133_color_bijection,True,False,ok,"(28, 14)","(28, 14)","(28, 14)",0,task133_stencil_v2
51,ex51,task133_transpose,True,False,ok,"(14, 28)","(14, 28)","(14, 28)",0,task133_stencil_v2
51,ex51,task133_mirror_lr,True,False,ok,"(28, 14)","(28, 14)","(28, 14)",0,task133_stencil_v2
51,ex51,task133_mirror_ud,True,False,ok,"(28, 14)","(28, 14)","(28, 14)",0,task133_stencil_v2
51,ex51,task133_zero_pad_top_left,True,False,ok,"(29, 15)","(29, 15)","(29, 15)",0,task133_stencil_v2
51,ex51,task133_zero_pad_bottom_right,True,False,ok,"(29, 15)","(29, 15)","(29, 15)",0,task133_stencil_v2
52,ex52,original,True,False,ok,"(13, 24)","(13, 24)","(13, 24)",0,task133_stencil_v2
52,ex52,task133_color_bijection,True,False,ok,"(13, 24)","(13, 24)","(13, 24)",0,task133_stencil_v2
52,ex52,task133_transpose,True,False,ok,"(24, 13)","(24, 13)","(24, 13)",0,task133_stencil_v2
52,ex52,task133_mirror_lr,True,False,ok,"(13, 24)","(13, 24)","(13, 24)",0,task133_stencil_v2
52,ex52,task133_mirror_ud,True,False,ok,"(13, 24)","(13, 24)","(13, 24)",0,task133_stencil_v2
52,ex52,task133_zero_pad_top_left,True,False,ok,"(14, 25)","(14, 25)","(14, 25)",0,task133_stencil_v2
52,ex52,task133_zero_pad_bottom_right,True,False,ok,"(14, 25)","(14, 25)","(14, 25)",0,task133_stencil_v2
53,ex53,original,True,False,ok,"(26, 28)","(26, 28)","(26, 28)",0,task133_stencil_v2
53,ex53,task133_color_bijection,True,False,ok,"(26, 28)","(26, 28)","(26, 28)",0,task133_stencil_v2
53,ex53,task133_transpose,True,False,ok,"(28, 26)","(28, 26)","(28, 26)",0,task133_stencil_v2
53,ex53,task133_mirror_lr,True,False,ok,"(26, 28)","(26, 28)","(26, 28)",0,task133_stencil_v2
53,ex53,task133_mirror_ud,True,False,ok,"(26, 28)","(26, 28)","(26, 28)",0,task133_stencil_v2
53,ex53,task133_zero_pad_top_left,True,False,ok,"(27, 29)","(27, 29)","(27, 29)",0,task133_stencil_v2
53,ex53,task133_zero_pad_bottom_right,True,False,ok,"(27, 29)","(27, 29)","(27, 29)",0,task133_stencil_v2
54,ex54,original,True,False,ok,"(28, 30)","(28, 30)","(28, 30)",0,task133_stencil_v2
54,ex54,task133_color_bijection,True,False,ok,"(28, 30)","(28, 30)","(28, 30)",0,task133_stencil_v2
54,ex54,task133_transpose,True,False,ok,"(30, 28)","(30, 28)","(30, 28)",0,task133_stencil_v2
54,ex54,task133_mirror_lr,True,False,ok,"(28, 30)","(28, 30)","(28, 30)",0,task133_stencil_v2
54,ex54,task133_mirror_ud,True,False,ok,"(28, 30)","(28, 30)","(28, 30)",0,task133_stencil_v2
54,ex54,task133_zero_pad_top_left,False,True,"input_shape_exceeds_limit:(29, 31)>(30, 30)","(29, 31)","(29, 31)",,,
54,ex54,task133_zero_pad_bottom_right,False,True,"input_shape_exceeds_limit:(29, 31)>(30, 30)","(29, 31)","(29, 31)",,,
55,ex55,original,True,False,ok,"(20, 19)","(20, 19)","(20, 19)",0,task133_stencil_v2
55,ex55,task133_color_bijection,True,False,ok,"(20, 19)","(20, 19)","(20, 19)",0,task133_stencil_v2
55,ex55,task133_transpose,True,False,ok,"(19, 20)","(19, 20)","(19, 20)",0,task133_stencil_v2
55,ex55,task133_mirror_lr,True,False,ok,"(20, 19)","(20, 19)","(20, 19)",0,task133_stencil_v2
55,ex55,task133_mirror_ud,True,False,ok,"(20, 19)","(20, 19)","(20, 19)",0,task133_stencil_v2
55,ex55,task133_zero_pad_top_left,True,False,ok,"(21, 20)","(21, 20)","(21, 20)",0,task133_stencil_v2
55,ex55,task133_zero_pad_bottom_right,True,False,ok,"(21, 20)","(21, 20)","(21, 20)",0,task133_stencil_v2
56,ex56,original,True,False,ok,"(12, 26)","(12, 26)","(12, 26)",0,task133_stencil_v2
56,ex56,task133_color_bijection,True,False,ok,"(12, 26)","(12, 26)","(12, 26)",0,task133_stencil_v2
56,ex56,task133_transpose,True,False,ok,"(26, 12)","(26, 12)","(26, 12)",0,task133_stencil_v2
56,ex56,task133_mirror_lr,True,False,ok,"(12, 26)","(12, 26)","(12, 26)",0,task133_stencil_v2
56,ex56,task133_mirror_ud,True,False,ok,"(12, 26)","(12, 26)","(12, 26)",0,task133_stencil_v2
56,ex56,task133_zero_pad_top_left,True,False,ok,"(13, 27)","(13, 27)","(13, 27)",0,task133_stencil_v2
56,ex56,task133_zero_pad_bottom_right,True,False,ok,"(13, 27)","(13, 27)","(13, 27)",0,task133_stencil_v2
57,ex57,original,True,False,ok,"(13, 19)","(13, 19)","(13, 19)",0,task133_stencil_v2
57,ex57,task133_color_bijection,True,False,ok,"(13, 19)","(13, 19)","(13, 19)",0,task133_stencil_v2
57,ex57,task133_transpose,True,False,ok,"(19, 13)","(19, 13)","(19, 13)",0,task133_stencil_v2
57,ex57,task133_mirror_lr,True,False,ok,"(13, 19)","(13, 19)","(13, 19)",0,task133_stencil_v2
57,ex57,task133_mirror_ud,True,False,ok,"(13, 19)","(13, 19)","(13, 19)",0,task133_stencil_v2
57,ex57,task133_zero_pad_top_left,True,False,ok,"(14, 20)","(14, 20)","(14, 20)",0,task133_stencil_v2
57,ex57,task133_zero_pad_bottom_right,True,False,ok,"(14, 20)","(14, 20)","(14, 20)",0,task133_stencil_v2
58,ex58,original,True,False,ok,"(25, 20)","(25, 20)","(25, 20)",0,task133_stencil_v2
58,ex58,task133_color_bijection,True,False,ok,"(25, 20)","(25, 20)","(25, 20)",0,task133_stencil_v2
58,ex58,task133_transpose,True,False,ok,"(20, 25)","(20, 25)","(20, 25)",0,task133_stencil_v2
58,ex58,task133_mirror_lr,True,False,ok,"(25, 20)","(25, 20)","(25, 20)",0,task133_stencil_v2
58,ex58,task133_mirror_ud,True,False,ok,"(25, 20)","(25, 20)","(25, 20)",0,task133_stencil_v2
58,ex58,task133_zero_pad_top_left,True,False,ok,"(26, 21)","(26, 21)","(26, 21)",0,task133_stencil_v2
58,ex58,task133_zero_pad_bottom_right,True,False,ok,"(26, 21)","(26, 21)","(26, 21)",0,task133_stencil_v2
59,ex59,original,True,False,ok,"(24, 27)","(24, 27)","(24, 27)",0,task133_stencil_v2
59,ex59,task133_color_bijection,True,False,ok,"(24, 27)","(24, 27)","(24, 27)",0,task133_stencil_v2
59,ex59,task133_transpose,True,False,ok,"(27, 24)","(27, 24)","(27, 24)",0,task133_stencil_v2
59,ex59,task133_mirror_lr,True,False,ok,"(24, 27)","(24, 27)","(24, 27)",0,task133_stencil_v2
59,ex59,task133_mirror_ud,True,False,ok,"(24, 27)","(24, 27)","(24, 27)",0,task133_stencil_v2
59,ex59,task133_zero_pad_top_left,True,False,ok,"(25, 28)","(25, 28)","(25, 28)",0,task133_stencil_v2
59,ex59,task133_zero_pad_bottom_right,True,False,ok,"(25, 28)","(25, 28)","(25, 28)",0,task133_stencil_v2
60,ex60,original,True,False,ok,"(10, 30)","(10, 30)","(10, 30)",0,task133_stencil_v2
60,ex60,task133_color_bijection,True,False,ok,"(10, 30)","(10, 30)","(10, 30)",0,task133_stencil_v2
60,ex60,task133_transpose,True,False,ok,"(30, 10)","(30, 10)","(30, 10)",0,task133_stencil_v2
60,ex60,task133_mirror_lr,True,False,ok,"(10, 30)","(10, 30)","(10, 30)",0,task133_stencil_v2
60,ex60,task133_mirror_ud,True,False,ok,"(10, 30)","(10, 30)","(10, 30)",0,task133_stencil_v2
60,ex60,task133_zero_pad_top_left,False,True,"input_shape_exceeds_limit:(11, 31)>(30, 30)","(11, 31)","(11, 31)",,,
60,ex60,task133_zero_pad_bottom_right,False,True,"input_shape_exceeds_limit:(11, 31)>(30, 30)","(11, 31)","(11, 31)",,,
61,ex61,original,True,False,ok,"(30, 15)","(30, 15)","(30, 15)",0,task133_stencil_v2
61,ex61,task133_color_bijection,True,False,ok,"(30, 15)","(30, 15)","(30, 15)",0,task133_stencil_v2
61,ex61,task133_transpose,True,False,ok,"(15, 30)","(15, 30)","(15, 30)",0,task133_stencil_v2
61,ex61,task133_mirror_lr,True,False,ok,"(30, 15)","(30, 15)","(30, 15)",0,task133_stencil_v2
61,ex61,task133_mirror_ud,True,False,ok,"(30, 15)","(30, 15)","(30, 15)",0,task133_stencil_v2
61,ex61,task133_zero_pad_top_left,False,True,"input_shape_exceeds_limit:(31, 16)>(30, 30)","(31, 16)","(31, 16)",,,
61,ex61,task133_zero_pad_bottom_right,False,True,"input_shape_exceeds_limit:(31, 16)>(30, 30)","(31, 16)","(31, 16)",,,
62,ex62,original,True,False,ok,"(26, 25)","(26, 25)","(26, 25)",0,task133_stencil_v2
62,ex62,task133_color_bijection,True,False,ok,"(26, 25)","(26, 25)","(26, 25)",0,task133_stencil_v2
62,ex62,task133_transpose,True,False,ok,"(25, 26)","(25, 26)","(25, 26)",0,task133_stencil_v2
62,ex62,task133_mirror_lr,True,False,ok,"(26, 25)","(26, 25)","(26, 25)",0,task133_stencil_v2
62,ex62,task133_mirror_ud,True,False,ok,"(26, 25)","(26, 25)","(26, 25)",0,task133_stencil_v2
62,ex62,task133_zero_pad_top_left,True,False,ok,"(27, 26)","(27, 26)","(27, 26)",0,task133_stencil_v2
62,ex62,task133_zero_pad_bottom_right,True,False,ok,"(27, 26)","(27, 26)","(27, 26)",0,task133_stencil_v2
63,ex63,original,True,False,ok,"(14, 20)","(14, 20)","(14, 20)",0,task133_stencil_v2
63,ex63,task133_color_bijection,True,False,ok,"(14, 20)","(14, 20)","(14, 20)",0,task133_stencil_v2
63,ex63,task133_transpose,True,False,ok,"(20, 14)","(20, 14)","(20, 14)",0,task133_stencil_v2
63,ex63,task133_mirror_lr,True,False,ok,"(14, 20)","(14, 20)","(14, 20)",0,task133_stencil_v2
63,ex63,task133_mirror_ud,True,False,ok,"(14, 20)","(14, 20)","(14, 20)",0,task133_stencil_v2
63,ex63,task133_zero_pad_top_left,True,False,ok,"(15, 21)","(15, 21)","(15, 21)",0,task133_stencil_v2
63,ex63,task133_zero_pad_bottom_right,True,False,ok,"(15, 21)","(15, 21)","(15, 21)",0,task133_stencil_v2
64,ex64,original,True,False,ok,"(10, 16)","(10, 16)","(10, 16)",0,task133_stencil_v2
64,ex64,task133_color_bijection,True,False,ok,"(10, 16)","(10, 16)","(10, 16)",0,task133_stencil_v2
64,ex64,task133_transpose,True,False,ok,"(16, 10)","(16, 10)","(16, 10)",0,task133_stencil_v2
64,ex64,task133_mirror_lr,True,False,ok,"(10, 16)","(10, 16)","(10, 16)",0,task133_stencil_v2
64,ex64,task133_mirror_ud,True,False,ok,"(10, 16)","(10, 16)","(10, 16)",0,task133_stencil_v2
64,ex64,task133_zero_pad_top_left,True,False,ok,"(11, 17)","(11, 17)","(11, 17)",0,task133_stencil_v2
64,ex64,task133_zero_pad_bottom_right,True,False,ok,"(11, 17)","(11, 17)","(11, 17)",0,task133_stencil_v2
65,ex65,original,True,False,ok,"(19, 13)","(19, 13)","(19, 13)",0,task133_stencil_v2
65,ex65,task133_color_bijection,True,False,ok,"(19, 13)","(19, 13)","(19, 13)",0,task133_stencil_v2
65,ex65,task133_transpose,True,False,ok,"(13, 19)","(13, 19)","(13, 19)",0,task133_stencil_v2
65,ex65,task133_mirror_lr,True,False,ok,"(19, 13)","(19, 13)","(19, 13)",0,task133_stencil_v2
65,ex65,task133_mirror_ud,True,False,ok,"(19, 13)","(19, 13)","(19, 13)",0,task133_stencil_v2
65,ex65,task133_zero_pad_top_left,True,False,ok,"(20, 14)","(20, 14)","(20, 14)",0,task133_stencil_v2
65,ex65,task133_zero_pad_bottom_right,True,False,ok,"(20, 14)","(20, 14)","(20, 14)",0,task133_stencil_v2
66,ex66,original,True,False,ok,"(28, 27)","(28, 27)","(28, 27)",0,task133_stencil_v2
66,ex66,task133_color_bijection,True,False,ok,"(28, 27)","(28, 27)","(28, 27)",0,task133_stencil_v2
66,ex66,task133_transpose,True,False,ok,"(27, 28)","(27, 28)","(27, 28)",0,task133_stencil_v2
66,ex66,task133_mirror_lr,True,False,ok,"(28, 27)","(28, 27)","(28, 27)",0,task133_stencil_v2
66,ex66,task133_mirror_ud,True,False,ok,"(28, 27)","(28, 27)","(28, 27)",0,task133_stencil_v2
66,ex66,task133_zero_pad_top_left,True,False,ok,"(29, 28)","(29, 28)","(29, 28)",0,task133_stencil_v2
66,ex66,task133_zero_pad_bottom_right,True,False,ok,"(29, 28)","(29, 28)","(29, 28)",0,task133_stencil_v2
67,ex67,original,True,False,ok,"(14, 17)","(14, 17)","(14, 17)",0,task133_stencil_v2
67,ex67,task133_color_bijection,True,False,ok,"(14, 17)","(14, 17)","(14, 17)",0,task133_stencil_v2
67,ex67,task133_transpose,True,False,ok,"(17, 14)","(17, 14)","(17, 14)",0,task133_stencil_v2
67,ex67,task133_mirror_lr,True,False,ok,"(14, 17)","(14, 17)","(14, 17)",0,task133_stencil_v2
67,ex67,task133_mirror_ud,True,False,ok,"(14, 17)","(14, 17)","(14, 17)",0,task133_stencil_v2
67,ex67,task133_zero_pad_top_left,True,False,ok,"(15, 18)","(15, 18)","(15, 18)",0,task133_stencil_v2
67,ex67,task133_zero_pad_bottom_right,True,False,ok,"(15, 18)","(15, 18)","(15, 18)",0,task133_stencil_v2
68,ex68,original,True,False,ok,"(24, 29)","(24, 29)","(24, 29)",0,task133_stencil_v2
68,ex68,task133_color_bijection,True,False,ok,"(24, 29)","(24, 29)","(24, 29)",0,task133_stencil_v2
68,ex68,task133_transpose,True,False,ok,"(29, 24)","(29, 24)","(29, 24)",0,task133_stencil_v2
68,ex68,task133_mirror_lr,True,False,ok,"(24, 29)","(24, 29)","(24, 29)",0,task133_stencil_v2
68,ex68,task133_mirror_ud,True,False,ok,"(24, 29)","(24, 29)","(24, 29)",0,task133_stencil_v2
68,ex68,task133_zero_pad_top_left,True,False,ok,"(25, 30)","(25, 30)","(25, 30)",0,task133_stencil_v2
68,ex68,task133_zero_pad_bottom_right,True,False,ok,"(25, 30)","(25, 30)","(25, 30)",0,task133_stencil_v2
69,ex69,original,True,False,ok,"(23, 23)","(23, 23)","(23, 23)",0,task133_stencil_v2
69,ex69,task133_color_bijection,True,False,ok,"(23, 23)","(23, 23)","(23, 23)",0,task133_stencil_v2
69,ex69,task133_transpose,True,False,ok,"(23, 23)","(23, 23)","(23, 23)",0,task133_stencil_v2
69,ex69,task133_mirror_lr,True,False,ok,"(23, 23)","(23, 23)","(23, 23)",0,task133_stencil_v2
69,ex69,task133_mirror_ud,True,False,ok,"(23, 23)","(23, 23)","(23, 23)",0,task133_stencil_v2
69,ex69,task133_zero_pad_top_left,True,False,ok,"(24, 24)","(24, 24)","(24, 24)",0,task133_stencil_v2
69,ex69,task133_zero_pad_bottom_right,True,False,ok,"(24, 24)","(24, 24)","(24, 24)",0,task133_stencil_v2
70,ex70,original,True,False,ok,"(21, 29)","(21, 29)","(21, 29)",0,task133_stencil_v2
70,ex70,task133_color_bijection,True,False,ok,"(21, 29)","(21, 29)","(21, 29)",0,task133_stencil_v2
70,ex70,task133_transpose,True,False,ok,"(29, 21)","(29, 21)","(29, 21)",0,task133_stencil_v2
70,ex70,task133_mirror_lr,True,False,ok,"(21, 29)","(21, 29)","(21, 29)",0,task133_stencil_v2
70,ex70,task133_mirror_ud,True,False,ok,"(21, 29)","(21, 29)","(21, 29)",0,task133_stencil_v2
70,ex70,task133_zero_pad_top_left,True,False,ok,"(22, 30)","(22, 30)","(22, 30)",0,task133_stencil_v2
70,ex70,task133_zero_pad_bottom_right,True,False,ok,"(22, 30)","(22, 30)","(22, 30)",0,task133_stencil_v2
71,ex71,original,True,False,ok,"(25, 24)","(25, 24)","(25, 24)",0,task133_stencil_v2
71,ex71,task133_color_bijection,True,False,ok,"(25, 24)","(25, 24)","(25, 24)",0,task133_stencil_v2
71,ex71,task133_transpose,True,False,ok,"(24, 25)","(24, 25)","(24, 25)",0,task133_stencil_v2
71,ex71,task133_mirror_lr,True,False,ok,"(25, 24)","(25, 24)","(25, 24)",0,task133_stencil_v2
71,ex71,task133_mirror_ud,True,False,ok,"(25, 24)","(25, 24)","(25, 24)",0,task133_stencil_v2
71,ex71,task133_zero_pad_top_left,True,False,ok,"(26, 25)","(26, 25)","(26, 25)",0,task133_stencil_v2
71,ex71,task133_zero_pad_bottom_right,True,False,ok,"(26, 25)","(26, 25)","(26, 25)",0,task133_stencil_v2
72,ex72,original,True,False,ok,"(28, 26)","(28, 26)","(28, 26)",0,task133_stencil_v2
72,ex72,task133_color_bijection,True,False,ok,"(28, 26)","(28, 26)","(28, 26)",0,task133_stencil_v2
72,ex72,task133_transpose,True,False,ok,"(26, 28)","(26, 28)","(26, 28)",0,task133_stencil_v2
72,ex72,task133_mirror_lr,True,False,ok,"(28, 26)","(28, 26)","(28, 26)",0,task133_stencil_v2
72,ex72,task133_mirror_ud,True,False,ok,"(28, 26)","(28, 26)","(28, 26)",0,task133_stencil_v2
72,ex72,task133_zero_pad_top_left,True,False,ok,"(29, 27)","(29, 27)","(29, 27)",0,task133_stencil_v2
72,ex72,task133_zero_pad_bottom_right,True,False,ok,"(29, 27)","(29, 27)","(29, 27)",0,task133_stencil_v2
73,ex73,original,True,False,ok,"(19, 24)","(19, 24)","(19, 24)",0,task133_stencil_v2
73,ex73,task133_color_bijection,True,False,ok,"(19, 24)","(19, 24)","(19, 24)",0,task133_stencil_v2
73,ex73,task133_transpose,True,False,ok,"(24, 19)","(24, 19)","(24, 19)",0,task133_stencil_v2
73,ex73,task133_mirror_lr,True,False,ok,"(19, 24)","(19, 24)","(19, 24)",0,task133_stencil_v2
73,ex73,task133_mirror_ud,True,False,ok,"(19, 24)","(19, 24)","(19, 24)",0,task133_stencil_v2
73,ex73,task133_zero_pad_top_left,True,False,ok,"(20, 25)","(20, 25)","(20, 25)",0,task133_stencil_v2
73,ex73,task133_zero_pad_bottom_right,True,False,ok,"(20, 25)","(20, 25)","(20, 25)",0,task133_stencil_v2
74,ex74,original,True,False,ok,"(26, 29)","(26, 29)","(26, 29)",0,task133_stencil_v2
74,ex74,task133_color_bijection,True,False,ok,"(26, 29)","(26, 29)","(26, 29)",0,task133_stencil_v2
74,ex74,task133_transpose,True,False,ok,"(29, 26)","(29, 26)","(29, 26)",0,task133_stencil_v2
74,ex74,task133_mirror_lr,True,False,ok,"(26, 29)","(26, 29)","(26, 29)",0,task133_stencil_v2
74,ex74,task133_mirror_ud,True,False,ok,"(26, 29)","(26, 29)","(26, 29)",0,task133_stencil_v2
74,ex74,task133_zero_pad_top_left,True,False,ok,"(27, 30)","(27, 30)","(27, 30)",0,task133_stencil_v2
74,ex74,task133_zero_pad_bottom_right,True,False,ok,"(27, 30)","(27, 30)","(27, 30)",0,task133_stencil_v2
75,ex75,original,True,False,ok,"(20, 30)","(20, 30)","(20, 30)",0,task133_stencil_v2
75,ex75,task133_color_bijection,True,False,ok,"(20, 30)","(20, 30)","(20, 30)",0,task133_stencil_v2
75,ex75,task133_transpose,True,False,ok,"(30, 20)","(30, 20)","(30, 20)",0,task133_stencil_v2
75,ex75,task133_mirror_lr,True,False,ok,"(20, 30)","(20, 30)","(20, 30)",0,task133_stencil_v2
75,ex75,task133_mirror_ud,True,False,ok,"(20, 30)","(20, 30)","(20, 30)",0,task133_stencil_v2
75,ex75,task133_zero_pad_top_left,False,True,"input_shape_exceeds_limit:(21, 31)>(30, 30)","(21, 31)","(21, 31)",,,
75,ex75,task133_zero_pad_bottom_right,False,True,"input_shape_exceeds_limit:(21, 31)>(30, 30)","(21, 31)","(21, 31)",,,
76,ex76,original,True,False,ok,"(17, 16)","(17, 16)","(17, 16)",0,task133_stencil_v2
76,ex76,task133_color_bijection,True,False,ok,"(17, 16)","(17, 16)","(17, 16)",0,task133_stencil_v2
76,ex76,task133_transpose,True,False,ok,"(16, 17)","(16, 17)","(16, 17)",0,task133_stencil_v2
76,ex76,task133_mirror_lr,True,False,ok,"(17, 16)","(17, 16)","(17, 16)",0,task133_stencil_v2
76,ex76,task133_mirror_ud,True,False,ok,"(17, 16)","(17, 16)","(17, 16)",0,task133_stencil_v2
76,ex76,task133_zero_pad_top_left,True,False,ok,"(18, 17)","(18, 17)","(18, 17)",0,task133_stencil_v2
76,ex76,task133_zero_pad_bottom_right,True,False,ok,"(18, 17)","(18, 17)","(18, 17)",0,task133_stencil_v2
77,ex77,original,True,False,ok,"(13, 22)","(13, 22)","(13, 22)",0,task133_stencil_v2
77,ex77,task133_color_bijection,True,False,ok,"(13, 22)","(13, 22)","(13, 22)",0,task133_stencil_v2
77,ex77,task133_transpose,True,False,ok,"(22, 13)","(22, 13)","(22, 13)",0,task133_stencil_v2
77,ex77,task133_mirror_lr,True,False,ok,"(13, 22)","(13, 22)","(13, 22)",0,task133_stencil_v2
77,ex77,task133_mirror_ud,True,False,ok,"(13, 22)","(13, 22)","(13, 22)",0,task133_stencil_v2
77,ex77,task133_zero_pad_top_left,True,False,ok,"(14, 23)","(14, 23)","(14, 23)",0,task133_stencil_v2
77,ex77,task133_zero_pad_bottom_right,True,False,ok,"(14, 23)","(14, 23)","(14, 23)",0,task133_stencil_v2
78,ex78,original,True,False,ok,"(28, 29)","(28, 29)","(28, 29)",0,task133_stencil_v2
78,ex78,task133_color_bijection,True,False,ok,"(28, 29)","(28, 29)","(28, 29)",0,task133_stencil_v2
78,ex78,task133_transpose,True,False,ok,"(29, 28)","(29, 28)","(29, 28)",0,task133_stencil_v2
78,ex78,task133_mirror_lr,True,False,ok,"(28, 29)","(28, 29)","(28, 29)",0,task133_stencil_v2
78,ex78,task133_mirror_ud,True,False,ok,"(28, 29)","(28, 29)","(28, 29)",0,task133_stencil_v2
78,ex78,task133_zero_pad_top_left,True,False,ok,"(29, 30)","(29, 30)","(29, 30)",0,task133_stencil_v2
78,ex78,task133_zero_pad_bottom_right,True,False,ok,"(29, 30)","(29, 30)","(29, 30)",0,task133_stencil_v2
79,ex79,original,True,False,ok,"(22, 16)","(22, 16)","(22, 16)",0,task133_stencil_v2
79,ex79,task133_color_bijection,True,False,ok,"(22, 16)","(22, 16)","(22, 16)",0,task133_stencil_v2
79,ex79,task133_transpose,True,False,ok,"(16, 22)","(16, 22)","(16, 22)",0,task133_stencil_v2
79,ex79,task133_mirror_lr,True,False,ok,"(22, 16)","(22, 16)","(22, 16)",0,task133_stencil_v2
79,ex79,task133_mirror_ud,True,False,ok,"(22, 16)","(22, 16)","(22, 16)",0,task133_stencil_v2
79,ex79,task133_zero_pad_top_left,True,False,ok,"(23, 17)","(23, 17)","(23, 17)",0,task133_stencil_v2
79,ex79,task133_zero_pad_bottom_right,True,False,ok,"(23, 17)","(23, 17)","(23, 17)",0,task133_stencil_v2
80,ex80,original,True,False,ok,"(16, 22)","(16, 22)","(16, 22)",0,task133_stencil_v2
80,ex80,task133_color_bijection,True,False,ok,"(16, 22)","(16, 22)","(16, 22)",0,task133_stencil_v2
80,ex80,task133_transpose,True,False,ok,"(22, 16)","(22, 16)","(22, 16)",0,task133_stencil_v2
80,ex80,task133_mirror_lr,True,False,ok,"(16, 22)","(16, 22)","(16, 22)",0,task133_stencil_v2
80,ex80,task133_mirror_ud,True,False,ok,"(16, 22)","(16, 22)","(16, 22)",0,task133_stencil_v2
80,ex80,task133_zero_pad_top_left,True,False,ok,"(17, 23)","(17, 23)","(17, 23)",0,task133_stencil_v2
80,ex80,task133_zero_pad_bottom_right,True,False,ok,"(17, 23)","(17, 23)","(17, 23)",0,task133_stencil_v2
81,ex81,original,True,False,ok,"(21, 25)","(21, 25)","(21, 25)",0,task133_stencil_v2
81,ex81,task133_color_bijection,True,False,ok,"(21, 25)","(21, 25)","(21, 25)",0,task133_stencil_v2
81,ex81,task133_transpose,True,False,ok,"(25, 21)","(25, 21)","(25, 21)",0,task133_stencil_v2
81,ex81,task133_mirror_lr,True,False,ok,"(21, 25)","(21, 25)","(21, 25)",0,task133_stencil_v2
81,ex81,task133_mirror_ud,True,False,ok,"(21, 25)","(21, 25)","(21, 25)",0,task133_stencil_v2
81,ex81,task133_zero_pad_top_left,True,False,ok,"(22, 26)","(22, 26)","(22, 26)",0,task133_stencil_v2
81,ex81,task133_zero_pad_bottom_right,True,False,ok,"(22, 26)","(22, 26)","(22, 26)",0,task133_stencil_v2
82,ex82,original,True,False,ok,"(22, 24)","(22, 24)","(22, 24)",0,task133_stencil_v2
82,ex82,task133_color_bijection,True,False,ok,"(22, 24)","(22, 24)","(22, 24)",0,task133_stencil_v2
82,ex82,task133_transpose,True,False,ok,"(24, 22)","(24, 22)","(24, 22)",0,task133_stencil_v2
82,ex82,task133_mirror_lr,True,False,ok,"(22, 24)","(22, 24)","(22, 24)",0,task133_stencil_v2
82,ex82,task133_mirror_ud,True,False,ok,"(22, 24)","(22, 24)","(22, 24)",0,task133_stencil_v2
82,ex82,task133_zero_pad_top_left,True,False,ok,"(23, 25)","(23, 25)","(23, 25)",0,task133_stencil_v2
82,ex82,task133_zero_pad_bottom_right,True,False,ok,"(23, 25)","(23, 25)","(23, 25)",0,task133_stencil_v2
83,ex83,original,True,False,ok,"(25, 24)","(25, 24)","(25, 24)",0,task133_stencil_v2
83,ex83,task133_color_bijection,True,False,ok,"(25, 24)","(25, 24)","(25, 24)",0,task133_stencil_v2
83,ex83,task133_transpose,True,False,ok,"(24, 25)","(24, 25)","(24, 25)",0,task133_stencil_v2
83,ex83,task133_mirror_lr,True,False,ok,"(25, 24)","(25, 24)","(25, 24)",0,task133_stencil_v2
83,ex83,task133_mirror_ud,True,False,ok,"(25, 24)","(25, 24)","(25, 24)",0,task133_stencil_v2
83,ex83,task133_zero_pad_top_left,True,False,ok,"(26, 25)","(26, 25)","(26, 25)",0,task133_stencil_v2
83,ex83,task133_zero_pad_bottom_right,True,False,ok,"(26, 25)","(26, 25)","(26, 25)",0,task133_stencil_v2
84,ex84,original,True,False,ok,"(19, 28)","(19, 28)","(19, 28)",0,task133_stencil_v2
84,ex84,task133_color_bijection,True,False,ok,"(19, 28)","(19, 28)","(19, 28)",0,task133_stencil_v2
84,ex84,task133_transpose,True,False,ok,"(28, 19)","(28, 19)","(28, 19)",0,task133_stencil_v2
84,ex84,task133_mirror_lr,True,False,ok,"(19, 28)","(19, 28)","(19, 28)",0,task133_stencil_v2
84,ex84,task133_mirror_ud,True,False,ok,"(19, 28)","(19, 28)","(19, 28)",0,task133_stencil_v2
84,ex84,task133_zero_pad_top_left,True,False,ok,"(20, 29)","(20, 29)","(20, 29)",0,task133_stencil_v2
84,ex84,task133_zero_pad_bottom_right,True,False,ok,"(20, 29)","(20, 29)","(20, 29)",0,task133_stencil_v2
85,ex85,original,True,False,ok,"(23, 29)","(23, 29)","(23, 29)",0,task133_stencil_v2
85,ex85,task133_color_bijection,True,False,ok,"(23, 29)","(23, 29)","(23, 29)",0,task133_stencil_v2
85,ex85,task133_transpose,True,False,ok,"(29, 23)","(29, 23)","(29, 23)",0,task133_stencil_v2
85,ex85,task133_mirror_lr,True,False,ok,"(23, 29)","(23, 29)","(23, 29)",0,task133_stencil_v2
85,ex85,task133_mirror_ud,True,False,ok,"(23, 29)","(23, 29)","(23, 29)",0,task133_stencil_v2
85,ex85,task133_zero_pad_top_left,True,False,ok,"(24, 30)","(24, 30)","(24, 30)",0,task133_stencil_v2
85,ex85,task133_zero_pad_bottom_right,True,False,ok,"(24, 30)","(24, 30)","(24, 30)",0,task133_stencil_v2
86,ex86,original,True,False,ok,"(14, 23)","(14, 23)","(14, 23)",0,task133_stencil_v2
86,ex86,task133_color_bijection,True,False,ok,"(14, 23)","(14, 23)","(14, 23)",0,task133_stencil_v2
86,ex86,task133_transpose,True,False,ok,"(23, 14)","(23, 14)","(23, 14)",0,task133_stencil_v2
86,ex86,task133_mirror_lr,True,False,ok,"(14, 23)","(14, 23)","(14, 23)",0,task133_stencil_v2
86,ex86,task133_mirror_ud,True,False,ok,"(14, 23)","(14, 23)","(14, 23)",0,task133_stencil_v2
86,ex86,task133_zero_pad_top_left,True,False,ok,"(15, 24)","(15, 24)","(15, 24)",0,task133_stencil_v2
86,ex86,task133_zero_pad_bottom_right,True,False,ok,"(15, 24)","(15, 24)","(15, 24)",0,task133_stencil_v2
87,ex87,original,True,False,ok,"(14, 22)","(14, 22)","(14, 22)",0,task133_stencil_v2
87,ex87,task133_color_bijection,True,False,ok,"(14, 22)","(14, 22)","(14, 22)",0,task133_stencil_v2
87,ex87,task133_transpose,True,False,ok,"(22, 14)","(22, 14)","(22, 14)",0,task133_stencil_v2
87,ex87,task133_mirror_lr,True,False,ok,"(14, 22)","(14, 22)","(14, 22)",0,task133_stencil_v2
87,ex87,task133_mirror_ud,True,False,ok,"(14, 22)","(14, 22)","(14, 22)",0,task133_stencil_v2
87,ex87,task133_zero_pad_top_left,True,False,ok,"(15, 23)","(15, 23)","(15, 23)",0,task133_stencil_v2
87,ex87,task133_zero_pad_bottom_right,True,False,ok,"(15, 23)","(15, 23)","(15, 23)",0,task133_stencil_v2
88,ex88,original,True,False,ok,"(22, 21)","(22, 21)","(22, 21)",0,task133_stencil_v2
88,ex88,task133_color_bijection,True,False,ok,"(22, 21)","(22, 21)","(22, 21)",0,task133_stencil_v2
88,ex88,task133_transpose,True,False,ok,"(21, 22)","(21, 22)","(21, 22)",0,task133_stencil_v2
88,ex88,task133_mirror_lr,True,False,ok,"(22, 21)","(22, 21)","(22, 21)",0,task133_stencil_v2
88,ex88,task133_mirror_ud,True,False,ok,"(22, 21)","(22, 21)","(22, 21)",0,task133_stencil_v2
88,ex88,task133_zero_pad_top_left,True,False,ok,"(23, 22)","(23, 22)","(23, 22)",0,task133_stencil_v2
88,ex88,task133_zero_pad_bottom_right,True,False,ok,"(23, 22)","(23, 22)","(23, 22)",0,task133_stencil_v2
89,ex89,original,True,False,ok,"(23, 27)","(23, 27)","(23, 27)",0,task133_stencil_v2
89,ex89,task133_color_bijection,True,False,ok,"(23, 27)","(23, 27)","(23, 27)",0,task133_stencil_v2
89,ex89,task133_transpose,True,False,ok,"(27, 23)","(27, 23)","(27, 23)",0,task133_stencil_v2
89,ex89,task133_mirror_lr,True,False,ok,"(23, 27)","(23, 27)","(23, 27)",0,task133_stencil_v2
89,ex89,task133_mirror_ud,True,False,ok,"(23, 27)","(23, 27)","(23, 27)",0,task133_stencil_v2
89,ex89,task133_zero_pad_top_left,True,False,ok,"(24, 28)","(24, 28)","(24, 28)",0,task133_stencil_v2
89,ex89,task133_zero_pad_bottom_right,True,False,ok,"(24, 28)","(24, 28)","(24, 28)",0,task133_stencil_v2
90,ex90,original,True,False,ok,"(25, 17)","(25, 17)","(25, 17)",0,task133_stencil_v2
90,ex90,task133_color_bijection,True,False,ok,"(25, 17)","(25, 17)","(25, 17)",0,task133_stencil_v2
90,ex90,task133_transpose,True,False,ok,"(17, 25)","(17, 25)","(17, 25)",0,task133_stencil_v2
90,ex90,task133_mirror_lr,True,False,ok,"(25, 17)","(25, 17)","(25, 17)",0,task133_stencil_v2
90,ex90,task133_mirror_ud,True,False,ok,"(25, 17)","(25, 17)","(25, 17)",0,task133_stencil_v2
90,ex90,task133_zero_pad_top_left,True,False,ok,"(26, 18)","(26, 18)","(26, 18)",0,task133_stencil_v2
90,ex90,task133_zero_pad_bottom_right,True,False,ok,"(26, 18)","(26, 18)","(26, 18)",0,task133_stencil_v2
91,ex91,original,True,False,ok,"(29, 20)","(29, 20)","(29, 20)",0,task133_stencil_v2
91,ex91,task133_color_bijection,True,False,ok,"(29, 20)","(29, 20)","(29, 20)",0,task133_stencil_v2
91,ex91,task133_transpose,True,False,ok,"(20, 29)","(20, 29)","(20, 29)",0,task133_stencil_v2
91,ex91,task133_mirror_lr,True,False,ok,"(29, 20)","(29, 20)","(29, 20)",0,task133_stencil_v2
91,ex91,task133_mirror_ud,True,False,ok,"(29, 20)","(29, 20)","(29, 20)",0,task133_stencil_v2
91,ex91,task133_zero_pad_top_left,True,False,ok,"(30, 21)","(30, 21)","(30, 21)",0,task133_stencil_v2
91,ex91,task133_zero_pad_bottom_right,True,False,ok,"(30, 21)","(30, 21)","(30, 21)",0,task133_stencil_v2
92,ex92,original,True,False,ok,"(19, 25)","(19, 25)","(19, 25)",0,task133_stencil_v2
92,ex92,task133_color_bijection,True,False,ok,"(19, 25)","(19, 25)","(19, 25)",0,task133_stencil_v2
92,ex92,task133_transpose,True,False,ok,"(25, 19)","(25, 19)","(25, 19)",0,task133_stencil_v2
92,ex92,task133_mirror_lr,True,False,ok,"(19, 25)","(19, 25)","(19, 25)",0,task133_stencil_v2
92,ex92,task133_mirror_ud,True,False,ok,"(19, 25)","(19, 25)","(19, 25)",0,task133_stencil_v2
92,ex92,task133_zero_pad_top_left,True,False,ok,"(20, 26)","(20, 26)","(20, 26)",0,task133_stencil_v2
92,ex92,task133_zero_pad_bottom_right,True,False,ok,"(20, 26)","(20, 26)","(20, 26)",0,task133_stencil_v2
93,ex93,original,True,False,ok,"(21, 30)","(21, 30)","(21, 30)",0,task133_stencil_v2
93,ex93,task133_color_bijection,True,False,ok,"(21, 30)","(21, 30)","(21, 30)",0,task133_stencil_v2
93,ex93,task133_transpose,True,False,ok,"(30, 21)","(30, 21)","(30, 21)",0,task133_stencil_v2
93,ex93,task133_mirror_lr,True,False,ok,"(21, 30)","(21, 30)","(21, 30)",0,task133_stencil_v2
93,ex93,task133_mirror_ud,True,False,ok,"(21, 30)","(21, 30)","(21, 30)",0,task133_stencil_v2
93,ex93,task133_zero_pad_top_left,False,True,"input_shape_exceeds_limit:(22, 31)>(30, 30)","(22, 31)","(22, 31)",,,
93,ex93,task133_zero_pad_bottom_right,False,True,"input_shape_exceeds_limit:(22, 31)>(30, 30)","(22, 31)","(22, 31)",,,
94,ex94,original,True,False,ok,"(28, 26)","(28, 26)","(28, 26)",0,task133_stencil_v2
94,ex94,task133_color_bijection,True,False,ok,"(28, 26)","(28, 26)","(28, 26)",0,task133_stencil_v2
94,ex94,task133_transpose,True,False,ok,"(26, 28)","(26, 28)","(26, 28)",0,task133_stencil_v2
94,ex94,task133_mirror_lr,True,False,ok,"(28, 26)","(28, 26)","(28, 26)",0,task133_stencil_v2
94,ex94,task133_mirror_ud,True,False,ok,"(28, 26)","(28, 26)","(28, 26)",0,task133_stencil_v2
94,ex94,task133_zero_pad_top_left,True,False,ok,"(29, 27)","(29, 27)","(29, 27)",0,task133_stencil_v2
94,ex94,task133_zero_pad_bottom_right,True,False,ok,"(29, 27)","(29, 27)","(29, 27)",0,task133_stencil_v2
95,ex95,original,True,False,ok,"(14, 30)","(14, 30)","(14, 30)",0,task133_stencil_v2
95,ex95,task133_color_bijection,True,False,ok,"(14, 30)","(14, 30)","(14, 30)",0,task133_stencil_v2
95,ex95,task133_transpose,True,False,ok,"(30, 14)","(30, 14)","(30, 14)",0,task133_stencil_v2
95,ex95,task133_mirror_lr,True,False,ok,"(14, 30)","(14, 30)","(14, 30)",0,task133_stencil_v2
95,ex95,task133_mirror_ud,True,False,ok,"(14, 30)","(14, 30)","(14, 30)",0,task133_stencil_v2
95,ex95,task133_zero_pad_top_left,False,True,"input_shape_exceeds_limit:(15, 31)>(30, 30)","(15, 31)","(15, 31)",,,
95,ex95,task133_zero_pad_bottom_right,False,True,"input_shape_exceeds_limit:(15, 31)>(30, 30)","(15, 31)","(15, 31)",,,
96,ex96,original,True,False,ok,"(10, 30)","(10, 30)","(10, 30)",0,task133_stencil_v2
96,ex96,task133_color_bijection,True,False,ok,"(10, 30)","(10, 30)","(10, 30)",0,task133_stencil_v2
96,ex96,task133_transpose,True,False,ok,"(30, 10)","(30, 10)","(30, 10)",0,task133_stencil_v2
96,ex96,task133_mirror_lr,True,False,ok,"(10, 30)","(10, 30)","(10, 30)",0,task133_stencil_v2
96,ex96,task133_mirror_ud,True,False,ok,"(10, 30)","(10, 30)","(10, 30)",0,task133_stencil_v2
96,ex96,task133_zero_pad_top_left,False,True,"input_shape_exceeds_limit:(11, 31)>(30, 30)","(11, 31)","(11, 31)",,,
96,ex96,task133_zero_pad_bottom_right,False,True,"input_shape_exceeds_limit:(11, 31)>(30, 30)","(11, 31)","(11, 31)",,,
97,ex97,original,True,False,ok,"(24, 25)","(24, 25)","(24, 25)",0,task133_stencil_v2
97,ex97,task133_color_bijection,True,False,ok,"(24, 25)","(24, 25)","(24, 25)",0,task133_stencil_v2
97,ex97,task133_transpose,True,False,ok,"(25, 24)","(25, 24)","(25, 24)",0,task133_stencil_v2
97,ex97,task133_mirror_lr,True,False,ok,"(24, 25)","(24, 25)","(24, 25)",0,task133_stencil_v2
97,ex97,task133_mirror_ud,True,False,ok,"(24, 25)","(24, 25)","(24, 25)",0,task133_stencil_v2
97,ex97,task133_zero_pad_top_left,True,False,ok,"(25, 26)","(25, 26)","(25, 26)",0,task133_stencil_v2
97,ex97,task133_zero_pad_bottom_right,True,False,ok,"(25, 26)","(25, 26)","(25, 26)",0,task133_stencil_v2
98,ex98,original,True,False,ok,"(30, 23)","(30, 23)","(30, 23)",0,task133_stencil_v2
98,ex98,task133_color_bijection,True,False,ok,"(30, 23)","(30, 23)","(30, 23)",0,task133_stencil_v2
98,ex98,task133_transpose,True,False,ok,"(23, 30)","(23, 30)","(23, 30)",0,task133_stencil_v2
98,ex98,task133_mirror_lr,True,False,ok,"(30, 23)","(30, 23)","(30, 23)",0,task133_stencil_v2
98,ex98,task133_mirror_ud,True,False,ok,"(30, 23)","(30, 23)","(30, 23)",0,task133_stencil_v2
98,ex98,task133_zero_pad_top_left,False,True,"input_shape_exceeds_limit:(31, 24)>(30, 30)","(31, 24)","(31, 24)",,,
98,ex98,task133_zero_pad_bottom_right,False,True,"input_shape_exceeds_limit:(31, 24)>(30, 30)","(31, 24)","(31, 24)",,,
99,ex99,original,True,False,ok,"(28, 18)","(28, 18)","(28, 18)",0,task133_stencil_v2
99,ex99,task133_color_bijection,True,False,ok,"(28, 18)","(28, 18)","(28, 18)",0,task133_stencil_v2
99,ex99,task133_transpose,True,False,ok,"(18, 28)","(18, 28)","(18, 28)",0,task133_stencil_v2
99,ex99,task133_mirror_lr,True,False,ok,"(28, 18)","(28, 18)","(28, 18)",0,task133_stencil_v2
99,ex99,task133_mirror_ud,True,False,ok,"(28, 18)","(28, 18)","(28, 18)",0,task133_stencil_v2
99,ex99,task133_zero_pad_top_left,True,False,ok,"(29, 19)","(29, 19)","(29, 19)",0,task133_stencil_v2
99,ex99,task133_zero_pad_bottom_right,True,False,ok,"(29, 19)","(29, 19)","(29, 19)",0,task133_stencil_v2
100,ex100,original,True,False,ok,"(28, 23)","(28, 23)","(28, 23)",0,task133_stencil_v2
100,ex100,task133_color_bijection,True,False,ok,"(28, 23)","(28, 23)","(28, 23)",0,task133_stencil_v2
100,ex100,task133_transpose,True,False,ok,"(23, 28)","(23, 28)","(23, 28)",0,task133_stencil_v2
100,ex100,task133_mirror_lr,True,False,ok,"(28, 23)","(28, 23)","(28, 23)",0,task133_stencil_v2
100,ex100,task133_mirror_ud,True,False,ok,"(28, 23)","(28, 23)","(28, 23)",0,task133_stencil_v2
100,ex100,task133_zero_pad_top_left,True,False,ok,"(29, 24)","(29, 24)","(29, 24)",0,task133_stencil_v2
100,ex100,task133_zero_pad_bottom_right,True,False,ok,"(29, 24)","(29, 24)","(29, 24)",0,task133_stencil_v2
101,ex101,original,True,False,ok,"(19, 11)","(19, 11)","(19, 11)",0,task133_stencil_v2
101,ex101,task133_color_bijection,True,False,ok,"(19, 11)","(19, 11)","(19, 11)",0,task133_stencil_v2
101,ex101,task133_transpose,True,False,ok,"(11, 19)","(11, 19)","(11, 19)",0,task133_stencil_v2
101,ex101,task133_mirror_lr,True,False,ok,"(19, 11)","(19, 11)","(19, 11)",0,task133_stencil_v2
101,ex101,task133_mirror_ud,True,False,ok,"(19, 11)","(19, 11)","(19, 11)",0,task133_stencil_v2
101,ex101,task133_zero_pad_top_left,True,False,ok,"(20, 12)","(20, 12)","(20, 12)",0,task133_stencil_v2
101,ex101,task133_zero_pad_bottom_right,True,False,ok,"(20, 12)","(20, 12)","(20, 12)",0,task133_stencil_v2
102,ex102,original,True,False,ok,"(27, 20)","(27, 20)","(27, 20)",0,task133_stencil_v2
102,ex102,task133_color_bijection,True,False,ok,"(27, 20)","(27, 20)","(27, 20)",0,task133_stencil_v2
102,ex102,task133_transpose,True,False,ok,"(20, 27)","(20, 27)","(20, 27)",0,task133_stencil_v2
102,ex102,task133_mirror_lr,True,False,ok,"(27, 20)","(27, 20)","(27, 20)",0,task133_stencil_v2
102,ex102,task133_mirror_ud,True,False,ok,"(27, 20)","(27, 20)","(27, 20)",0,task133_stencil_v2
102,ex102,task133_zero_pad_top_left,True,False,ok,"(28, 21)","(28, 21)","(28, 21)",0,task133_stencil_v2
102,ex102,task133_zero_pad_bottom_right,True,False,ok,"(28, 21)","(28, 21)","(28, 21)",0,task133_stencil_v2
103,ex103,original,True,False,ok,"(22, 27)","(22, 27)","(22, 27)",0,task133_stencil_v2
103,ex103,task133_color_bijection,True,False,ok,"(22, 27)","(22, 27)","(22, 27)",0,task133_stencil_v2
103,ex103,task133_transpose,True,False,ok,"(27, 22)","(27, 22)","(27, 22)",0,task133_stencil_v2
103,ex103,task133_mirror_lr,True,False,ok,"(22, 27)","(22, 27)","(22, 27)",0,task133_stencil_v2
103,ex103,task133_mirror_ud,True,False,ok,"(22, 27)","(22, 27)","(22, 27)",0,task133_stencil_v2
103,ex103,task133_zero_pad_top_left,True,False,ok,"(23, 28)","(23, 28)","(23, 28)",0,task133_stencil_v2
103,ex103,task133_zero_pad_bottom_right,True,False,ok,"(23, 28)","(23, 28)","(23, 28)",0,task133_stencil_v2
104,ex104,original,True,False,ok,"(20, 26)","(20, 26)","(20, 26)",0,task133_stencil_v2
104,ex104,task133_color_bijection,True,False,ok,"(20, 26)","(20, 26)","(20, 26)",0,task133_stencil_v2
104,ex104,task133_transpose,True,False,ok,"(26, 20)","(26, 20)","(26, 20)",0,task133_stencil_v2
104,ex104,task133_mirror_lr,True,False,ok,"(20, 26)","(20, 26)","(20, 26)",0,task133_stencil_v2
104,ex104,task133_mirror_ud,True,False,ok,"(20, 26)","(20, 26)","(20, 26)",0,task133_stencil_v2
104,ex104,task133_zero_pad_top_left,True,False,ok,"(21, 27)","(21, 27)","(21, 27)",0,task133_stencil_v2
104,ex104,task133_zero_pad_bottom_right,True,False,ok,"(21, 27)","(21, 27)","(21, 27)",0,task133_stencil_v2
105,ex105,original,True,False,ok,"(22, 10)","(22, 10)","(22, 10)",0,task133_stencil_v2
105,ex105,task133_color_bijection,True,False,ok,"(22, 10)","(22, 10)","(22, 10)",0,task133_stencil_v2
105,ex105,task133_transpose,True,False,ok,"(10, 22)","(10, 22)","(10, 22)",0,task133_stencil_v2
105,ex105,task133_mirror_lr,True,False,ok,"(22, 10)","(22, 10)","(22, 10)",0,task133_stencil_v2
105,ex105,task133_mirror_ud,True,False,ok,"(22, 10)","(22, 10)","(22, 10)",0,task133_stencil_v2
105,ex105,task133_zero_pad_top_left,True,False,ok,"(23, 11)","(23, 11)","(23, 11)",0,task133_stencil_v2
105,ex105,task133_zero_pad_bottom_right,True,False,ok,"(23, 11)","(23, 11)","(23, 11)",0,task133_stencil_v2
106,ex106,original,True,False,ok,"(20, 22)","(20, 22)","(20, 22)",0,task133_stencil_v2
106,ex106,task133_color_bijection,True,False,ok,"(20, 22)","(20, 22)","(20, 22)",0,task133_stencil_v2
106,ex106,task133_transpose,True,False,ok,"(22, 20)","(22, 20)","(22, 20)",0,task133_stencil_v2
106,ex106,task133_mirror_lr,True,False,ok,"(20, 22)","(20, 22)","(20, 22)",0,task133_stencil_v2
106,ex106,task133_mirror_ud,True,False,ok,"(20, 22)","(20, 22)","(20, 22)",0,task133_stencil_v2
106,ex106,task133_zero_pad_top_left,True,False,ok,"(21, 23)","(21, 23)","(21, 23)",0,task133_stencil_v2
106,ex106,task133_zero_pad_bottom_right,True,False,ok,"(21, 23)","(21, 23)","(21, 23)",0,task133_stencil_v2
107,ex107,original,True,False,ok,"(26, 25)","(26, 25)","(26, 25)",0,task133_stencil_v2
107,ex107,task133_color_bijection,True,False,ok,"(26, 25)","(26, 25)","(26, 25)",0,task133_stencil_v2
107,ex107,task133_transpose,True,False,ok,"(25, 26)","(25, 26)","(25, 26)",0,task133_stencil_v2
107,ex107,task133_mirror_lr,True,False,ok,"(26, 25)","(26, 25)","(26, 25)",0,task133_stencil_v2
107,ex107,task133_mirror_ud,True,False,ok,"(26, 25)","(26, 25)","(26, 25)",0,task133_stencil_v2
107,ex107,task133_zero_pad_top_left,True,False,ok,"(27, 26)","(27, 26)","(27, 26)",0,task133_stencil_v2
107,ex107,task133_zero_pad_bottom_right,True,False,ok,"(27, 26)","(27, 26)","(27, 26)",0,task133_stencil_v2
108,ex108,original,True,False,ok,"(14, 26)","(14, 26)","(14, 26)",0,task133_stencil_v2
108,ex108,task133_color_bijection,True,False,ok,"(14, 26)","(14, 26)","(14, 26)",0,task133_stencil_v2
108,ex108,task133_transpose,True,False,ok,"(26, 14)","(26, 14)","(26, 14)",0,task133_stencil_v2
108,ex108,task133_mirror_lr,True,False,ok,"(14, 26)","(14, 26)","(14, 26)",0,task133_stencil_v2
108,ex108,task133_mirror_ud,True,False,ok,"(14, 26)","(14, 26)","(14, 26)",0,task133_stencil_v2
108,ex108,task133_zero_pad_top_left,True,False,ok,"(15, 27)","(15, 27)","(15, 27)",0,task133_stencil_v2
108,ex108,task133_zero_pad_bottom_right,True,False,ok,"(15, 27)","(15, 27)","(15, 27)",0,task133_stencil_v2
109,ex109,original,True,False,ok,"(17, 17)","(17, 17)","(17, 17)",0,task133_stencil_v2
109,ex109,task133_color_bijection,True,False,ok,"(17, 17)","(17, 17)","(17, 17)",0,task133_stencil_v2
109,ex109,task133_transpose,True,False,ok,"(17, 17)","(17, 17)","(17, 17)",0,task133_stencil_v2
109,ex109,task133_mirror_lr,True,False,ok,"(17, 17)","(17, 17)","(17, 17)",0,task133_stencil_v2
109,ex109,task133_mirror_ud,True,False,ok,"(17, 17)","(17, 17)","(17, 17)",0,task133_stencil_v2
109,ex109,task133_zero_pad_top_left,True,False,ok,"(18, 18)","(18, 18)","(18, 18)",0,task133_stencil_v2
109,ex109,task133_zero_pad_bottom_right,True,False,ok,"(18, 18)","(18, 18)","(18, 18)",0,task133_stencil_v2
110,ex110,original,True,False,ok,"(21, 30)","(21, 30)","(21, 30)",0,task133_stencil_v2
110,ex110,task133_color_bijection,True,False,ok,"(21, 30)","(21, 30)","(21, 30)",0,task133_stencil_v2
110,ex110,task133_transpose,True,False,ok,"(30, 21)","(30, 21)","(30, 21)",0,task133_stencil_v2
110,ex110,task133_mirror_lr,True,False,ok,"(21, 30)","(21, 30)","(21, 30)",0,task133_stencil_v2
110,ex110,task133_mirror_ud,True,False,ok,"(21, 30)","(21, 30)","(21, 30)",0,task133_stencil_v2
110,ex110,task133_zero_pad_top_left,False,True,"input_shape_exceeds_limit:(22, 31)>(30, 30)","(22, 31)","(22, 31)",,,
110,ex110,task133_zero_pad_bottom_right,False,True,"input_shape_exceeds_limit:(22, 31)>(30, 30)","(22, 31)","(22, 31)",,,
111,ex111,original,True,False,ok,"(19, 30)","(19, 30)","(19, 30)",0,task133_stencil_v2
111,ex111,task133_color_bijection,True,False,ok,"(19, 30)","(19, 30)","(19, 30)",0,task133_stencil_v2
111,ex111,task133_transpose,True,False,ok,"(30, 19)","(30, 19)","(30, 19)",0,task133_stencil_v2
111,ex111,task133_mirror_lr,True,False,ok,"(19, 30)","(19, 30)","(19, 30)",0,task133_stencil_v2
111,ex111,task133_mirror_ud,True,False,ok,"(19, 30)","(19, 30)","(19, 30)",0,task133_stencil_v2
111,ex111,task133_zero_pad_top_left,False,True,"input_shape_exceeds_limit:(20, 31)>(30, 30)","(20, 31)","(20, 31)",,,
111,ex111,task133_zero_pad_bottom_right,False,True,"input_shape_exceeds_limit:(20, 31)>(30, 30)","(20, 31)","(20, 31)",,,
112,ex112,original,True,False,ok,"(29, 26)","(29, 26)","(29, 26)",0,task133_stencil_v2
112,ex112,task133_color_bijection,True,False,ok,"(29, 26)","(29, 26)","(29, 26)",0,task133_stencil_v2
112,ex112,task133_transpose,True,False,ok,"(26, 29)","(26, 29)","(26, 29)",0,task133_stencil_v2
112,ex112,task133_mirror_lr,True,False,ok,"(29, 26)","(29, 26)","(29, 26)",0,task133_stencil_v2
112,ex112,task133_mirror_ud,True,False,ok,"(29, 26)","(29, 26)","(29, 26)",0,task133_stencil_v2
112,ex112,task133_zero_pad_top_left,True,False,ok,"(30, 27)","(30, 27)","(30, 27)",0,task133_stencil_v2
112,ex112,task133_zero_pad_bottom_right,True,False,ok,"(30, 27)","(30, 27)","(30, 27)",0,task133_stencil_v2
113,ex113,original,True,False,ok,"(21, 20)","(21, 20)","(21, 20)",0,task133_stencil_v2
113,ex113,task133_color_bijection,True,False,ok,"(21, 20)","(21, 20)","(21, 20)",0,task133_stencil_v2
113,ex113,task133_transpose,True,False,ok,"(20, 21)","(20, 21)","(20, 21)",0,task133_stencil_v2
113,ex113,task133_mirror_lr,True,False,ok,"(21, 20)","(21, 20)","(21, 20)",0,task133_stencil_v2
113,ex113,task133_mirror_ud,True,False,ok,"(21, 20)","(21, 20)","(21, 20)",0,task133_stencil_v2
113,ex113,task133_zero_pad_top_left,True,False,ok,"(22, 21)","(22, 21)","(22, 21)",0,task133_stencil_v2
113,ex113,task133_zero_pad_bottom_right,True,False,ok,"(22, 21)","(22, 21)","(22, 21)",0,task133_stencil_v2
114,ex114,original,True,False,ok,"(24, 28)","(24, 28)","(24, 28)",0,task133_stencil_v2
114,ex114,task133_color_bijection,True,False,ok,"(24, 28)","(24, 28)","(24, 28)",0,task133_stencil_v2
114,ex114,task133_transpose,True,False,ok,"(28, 24)","(28, 24)","(28, 24)",0,task133_stencil_v2
114,ex114,task133_mirror_lr,True,False,ok,"(24, 28)","(24, 28)","(24, 28)",0,task133_stencil_v2
114,ex114,task133_mirror_ud,True,False,ok,"(24, 28)","(24, 28)","(24, 28)",0,task133_stencil_v2
114,ex114,task133_zero_pad_top_left,True,False,ok,"(25, 29)","(25, 29)","(25, 29)",0,task133_stencil_v2
114,ex114,task133_zero_pad_bottom_right,True,False,ok,"(25, 29)","(25, 29)","(25, 29)",0,task133_stencil_v2
115,ex115,original,True,False,ok,"(24, 30)","(24, 30)","(24, 30)",0,task133_stencil_v2
115,ex115,task133_color_bijection,True,False,ok,"(24, 30)","(24, 30)","(24, 30)",0,task133_stencil_v2
115,ex115,task133_transpose,True,False,ok,"(30, 24)","(30, 24)","(30, 24)",0,task133_stencil_v2
115,ex115,task133_mirror_lr,True,False,ok,"(24, 30)","(24, 30)","(24, 30)",0,task133_stencil_v2
115,ex115,task133_mirror_ud,True,False,ok,"(24, 30)","(24, 30)","(24, 30)",0,task133_stencil_v2
115,ex115,task133_zero_pad_top_left,False,True,"input_shape_exceeds_limit:(25, 31)>(30, 30)","(25, 31)","(25, 31)",,,
115,ex115,task133_zero_pad_bottom_right,False,True,"input_shape_exceeds_limit:(25, 31)>(30, 30)","(25, 31)","(25, 31)",,,
116,ex116,original,True,False,ok,"(27, 10)","(27, 10)","(27, 10)",0,task133_stencil_v2
116,ex116,task133_color_bijection,True,False,ok,"(27, 10)","(27, 10)","(27, 10)",0,task133_stencil_v2
116,ex116,task133_transpose,True,False,ok,"(10, 27)","(10, 27)","(10, 27)",0,task133_stencil_v2
116,ex116,task133_mirror_lr,True,False,ok,"(27, 10)","(27, 10)","(27, 10)",0,task133_stencil_v2
116,ex116,task133_mirror_ud,True,False,ok,"(27, 10)","(27, 10)","(27, 10)",0,task133_stencil_v2
116,ex116,task133_zero_pad_top_left,True,False,ok,"(28, 11)","(28, 11)","(28, 11)",0,task133_stencil_v2
116,ex116,task133_zero_pad_bottom_right,True,False,ok,"(28, 11)","(28, 11)","(28, 11)",0,task133_stencil_v2
117,ex117,original,True,False,ok,"(30, 20)","(30, 20)","(30, 20)",0,task133_stencil_v2
117,ex117,task133_color_bijection,True,False,ok,"(30, 20)","(30, 20)","(30, 20)",0,task133_stencil_v2
117,ex117,task133_transpose,True,False,ok,"(20, 30)","(20, 30)","(20, 30)",0,task133_stencil_v2
117,ex117,task133_mirror_lr,True,False,ok,"(30, 20)","(30, 20)","(30, 20)",0,task133_stencil_v2
117,ex117,task133_mirror_ud,True,False,ok,"(30, 20)","(30, 20)","(30, 20)",0,task133_stencil_v2
117,ex117,task133_zero_pad_top_left,False,True,"input_shape_exceeds_limit:(31, 21)>(30, 30)","(31, 21)","(31, 21)",,,
117,ex117,task133_zero_pad_bottom_right,False,True,"input_shape_exceeds_limit:(31, 21)>(30, 30)","(31, 21)","(31, 21)",,,
118,ex118,original,True,False,ok,"(26, 27)","(26, 27)","(26, 27)",0,task133_stencil_v2
118,ex118,task133_color_bijection,True,False,ok,"(26, 27)","(26, 27)","(26, 27)",0,task133_stencil_v2
118,ex118,task133_transpose,True,False,ok,"(27, 26)","(27, 26)","(27, 26)",0,task133_stencil_v2
118,ex118,task133_mirror_lr,True,False,ok,"(26, 27)","(26, 27)","(26, 27)",0,task133_stencil_v2
118,ex118,task133_mirror_ud,True,False,ok,"(26, 27)","(26, 27)","(26, 27)",0,task133_stencil_v2
118,ex118,task133_zero_pad_top_left,True,False,ok,"(27, 28)","(27, 28)","(27, 28)",0,task133_stencil_v2
118,ex118,task133_zero_pad_bottom_right,True,False,ok,"(27, 28)","(27, 28)","(27, 28)",0,task133_stencil_v2
119,ex119,original,True,False,ok,"(29, 27)","(29, 27)","(29, 27)",0,task133_stencil_v2
119,ex119,task133_color_bijection,True,False,ok,"(29, 27)","(29, 27)","(29, 27)",0,task133_stencil_v2
119,ex119,task133_transpose,True,False,ok,"(27, 29)","(27, 29)","(27, 29)",0,task133_stencil_v2
119,ex119,task133_mirror_lr,True,False,ok,"(29, 27)","(29, 27)","(29, 27)",0,task133_stencil_v2
119,ex119,task133_mirror_ud,True,False,ok,"(29, 27)","(29, 27)","(29, 27)",0,task133_stencil_v2
119,ex119,task133_zero_pad_top_left,True,False,ok,"(30, 28)","(30, 28)","(30, 28)",0,task133_stencil_v2
119,ex119,task133_zero_pad_bottom_right,True,False,ok,"(30, 28)","(30, 28)","(30, 28)",0,task133_stencil_v2
120,ex120,original,True,False,ok,"(13, 30)","(13, 30)","(13, 30)",0,task133_stencil_v2
120,ex120,task133_color_bijection,True,False,ok,"(13, 30)","(13, 30)","(13, 30)",0,task133_stencil_v2
120,ex120,task133_transpose,True,False,ok,"(30, 13)","(30, 13)","(30, 13)",0,task133_stencil_v2
120,ex120,task133_mirror_lr,True,False,ok,"(13, 30)","(13, 30)","(13, 30)",0,task133_stencil_v2
120,ex120,task133_mirror_ud,True,False,ok,"(13, 30)","(13, 30)","(13, 30)",0,task133_stencil_v2
120,ex120,task133_zero_pad_top_left,False,True,"input_shape_exceeds_limit:(14, 31)>(30, 30)","(14, 31)","(14, 31)",,,
120,ex120,task133_zero_pad_bottom_right,False,True,"input_shape_exceeds_limit:(14, 31)>(30, 30)","(14, 31)","(14, 31)",,,
121,ex121,original,True,False,ok,"(11, 26)","(11, 26)","(11, 26)",0,task133_stencil_v2
121,ex121,task133_color_bijection,True,False,ok,"(11, 26)","(11, 26)","(11, 26)",0,task133_stencil_v2
121,ex121,task133_transpose,True,False,ok,"(26, 11)","(26, 11)","(26, 11)",0,task133_stencil_v2
121,ex121,task133_mirror_lr,True,False,ok,"(11, 26)","(11, 26)","(11, 26)",0,task133_stencil_v2
121,ex121,task133_mirror_ud,True,False,ok,"(11, 26)","(11, 26)","(11, 26)",0,task133_stencil_v2
121,ex121,task133_zero_pad_top_left,True,False,ok,"(12, 27)","(12, 27)","(12, 27)",0,task133_stencil_v2
121,ex121,task133_zero_pad_bottom_right,True,False,ok,"(12, 27)","(12, 27)","(12, 27)",0,task133_stencil_v2
122,ex122,original,True,False,ok,"(15, 29)","(15, 29)","(15, 29)",0,task133_stencil_v2
122,ex122,task133_color_bijection,True,False,ok,"(15, 29)","(15, 29)","(15, 29)",0,task133_stencil_v2
122,ex122,task133_transpose,True,False,ok,"(29, 15)","(29, 15)","(29, 15)",0,task133_stencil_v2
122,ex122,task133_mirror_lr,True,False,ok,"(15, 29)","(15, 29)","(15, 29)",0,task133_stencil_v2
122,ex122,task133_mirror_ud,True,False,ok,"(15, 29)","(15, 29)","(15, 29)",0,task133_stencil_v2
122,ex122,task133_zero_pad_top_left,True,False,ok,"(16, 30)","(16, 30)","(16, 30)",0,task133_stencil_v2
122,ex122,task133_zero_pad_bottom_right,True,False,ok,"(16, 30)","(16, 30)","(16, 30)",0,task133_stencil_v2
123,ex123,original,True,False,ok,"(29, 25)","(29, 25)","(29, 25)",0,task133_stencil_v2
123,ex123,task133_color_bijection,True,False,ok,"(29, 25)","(29, 25)","(29, 25)",0,task133_stencil_v2
123,ex123,task133_transpose,True,False,ok,"(25, 29)","(25, 29)","(25, 29)",0,task133_stencil_v2
123,ex123,task133_mirror_lr,True,False,ok,"(29, 25)","(29, 25)","(29, 25)",0,task133_stencil_v2
123,ex123,task133_mirror_ud,True,False,ok,"(29, 25)","(29, 25)","(29, 25)",0,task133_stencil_v2
123,ex123,task133_zero_pad_top_left,True,False,ok,"(30, 26)","(30, 26)","(30, 26)",0,task133_stencil_v2
123,ex123,task133_zero_pad_bottom_right,True,False,ok,"(30, 26)","(30, 26)","(30, 26)",0,task133_stencil_v2
124,ex124,original,True,False,ok,"(28, 16)","(28, 16)","(28, 16)",0,task133_stencil_v2
124,ex124,task133_color_bijection,True,False,ok,"(28, 16)","(28, 16)","(28, 16)",0,task133_stencil_v2
124,ex124,task133_transpose,True,False,ok,"(16, 28)","(16, 28)","(16, 28)",0,task133_stencil_v2
124,ex124,task133_mirror_lr,True,False,ok,"(28, 16)","(28, 16)","(28, 16)",0,task133_stencil_v2
124,ex124,task133_mirror_ud,True,False,ok,"(28, 16)","(28, 16)","(28, 16)",0,task133_stencil_v2
124,ex124,task133_zero_pad_top_left,True,False,ok,"(29, 17)","(29, 17)","(29, 17)",0,task133_stencil_v2
124,ex124,task133_zero_pad_bottom_right,True,False,ok,"(29, 17)","(29, 17)","(29, 17)",0,task133_stencil_v2
125,ex125,original,True,False,ok,"(27, 23)","(27, 23)","(27, 23)",0,task133_stencil_v2
125,ex125,task133_color_bijection,True,False,ok,"(27, 23)","(27, 23)","(27, 23)",0,task133_stencil_v2
125,ex125,task133_transpose,True,False,ok,"(23, 27)","(23, 27)","(23, 27)",0,task133_stencil_v2
125,ex125,task133_mirror_lr,True,False,ok,"(27, 23)","(27, 23)","(27, 23)",0,task133_stencil_v2
125,ex125,task133_mirror_ud,True,False,ok,"(27, 23)","(27, 23)","(27, 23)",0,task133_stencil_v2
125,ex125,task133_zero_pad_top_left,True,False,ok,"(28, 24)","(28, 24)","(28, 24)",0,task133_stencil_v2
125,ex125,task133_zero_pad_bottom_right,True,False,ok,"(28, 24)","(28, 24)","(28, 24)",0,task133_stencil_v2
126,ex126,original,True,False,ok,"(24, 20)","(24, 20)","(24, 20)",0,task133_stencil_v2
126,ex126,task133_color_bijection,True,False,ok,"(24, 20)","(24, 20)","(24, 20)",0,task133_stencil_v2
126,ex126,task133_transpose,True,False,ok,"(20, 24)","(20, 24)","(20, 24)",0,task133_stencil_v2
126,ex126,task133_mirror_lr,True,False,ok,"(24, 20)","(24, 20)","(24, 20)",0,task133_stencil_v2
126,ex126,task133_mirror_ud,True,False,ok,"(24, 20)","(24, 20)","(24, 20)",0,task133_stencil_v2
126,ex126,task133_zero_pad_top_left,True,False,ok,"(25, 21)","(25, 21)","(25, 21)",0,task133_stencil_v2
126,ex126,task133_zero_pad_bottom_right,True,False,ok,"(25, 21)","(25, 21)","(25, 21)",0,task133_stencil_v2
127,ex127,original,True,False,ok,"(23, 21)","(23, 21)","(23, 21)",0,task133_stencil_v2
127,ex127,task133_color_bijection,True,False,ok,"(23, 21)","(23, 21)","(23, 21)",0,task133_stencil_v2
127,ex127,task133_transpose,True,False,ok,"(21, 23)","(21, 23)","(21, 23)",0,task133_stencil_v2
127,ex127,task133_mirror_lr,True,False,ok,"(23, 21)","(23, 21)","(23, 21)",0,task133_stencil_v2
127,ex127,task133_mirror_ud,True,False,ok,"(23, 21)","(23, 21)","(23, 21)",0,task133_stencil_v2
127,ex127,task133_zero_pad_top_left,True,False,ok,"(24, 22)","(24, 22)","(24, 22)",0,task133_stencil_v2
127,ex127,task133_zero_pad_bottom_right,True,False,ok,"(24, 22)","(24, 22)","(24, 22)",0,task133_stencil_v2
128,ex128,original,True,False,ok,"(14, 28)","(14, 28)","(14, 28)",0,task133_stencil_v2
128,ex128,task133_color_bijection,True,False,ok,"(14, 28)","(14, 28)","(14, 28)",0,task133_stencil_v2
128,ex128,task133_transpose,True,False,ok,"(28, 14)","(28, 14)","(28, 14)",0,task133_stencil_v2
128,ex128,task133_mirror_lr,True,False,ok,"(14, 28)","(14, 28)","(14, 28)",0,task133_stencil_v2
128,ex128,task133_mirror_ud,True,False,ok,"(14, 28)","(14, 28)","(14, 28)",0,task133_stencil_v2
128,ex128,task133_zero_pad_top_left,True,False,ok,"(15, 29)","(15, 29)","(15, 29)",0,task133_stencil_v2
128,ex128,task133_zero_pad_bottom_right,True,False,ok,"(15, 29)","(15, 29)","(15, 29)",0,task133_stencil_v2
129,ex129,original,True,False,ok,"(27, 30)","(27, 30)","(27, 30)",0,task133_stencil_v2
129,ex129,task133_color_bijection,True,False,ok,"(27, 30)","(27, 30)","(27, 30)",0,task133_stencil_v2
129,ex129,task133_transpose,True,False,ok,"(30, 27)","(30, 27)","(30, 27)",0,task133_stencil_v2
129,ex129,task133_mirror_lr,True,False,ok,"(27, 30)","(27, 30)","(27, 30)",0,task133_stencil_v2
129,ex129,task133_mirror_ud,True,False,ok,"(27, 30)","(27, 30)","(27, 30)",0,task133_stencil_v2
129,ex129,task133_zero_pad_top_left,False,True,"input_shape_exceeds_limit:(28, 31)>(30, 30)","(28, 31)","(28, 31)",,,
129,ex129,task133_zero_pad_bottom_right,False,True,"input_shape_exceeds_limit:(28, 31)>(30, 30)","(28, 31)","(28, 31)",,,
130,ex130,original,True,False,ok,"(21, 14)","(21, 14)","(21, 14)",0,task133_stencil_v2
130,ex130,task133_color_bijection,True,False,ok,"(21, 14)","(21, 14)","(21, 14)",0,task133_stencil_v2
130,ex130,task133_transpose,True,False,ok,"(14, 21)","(14, 21)","(14, 21)",0,task133_stencil_v2
130,ex130,task133_mirror_lr,True,False,ok,"(21, 14)","(21, 14)","(21, 14)",0,task133_stencil_v2
130,ex130,task133_mirror_ud,True,False,ok,"(21, 14)","(21, 14)","(21, 14)",0,task133_stencil_v2
130,ex130,task133_zero_pad_top_left,True,False,ok,"(22, 15)","(22, 15)","(22, 15)",0,task133_stencil_v2
130,ex130,task133_zero_pad_bottom_right,True,False,ok,"(22, 15)","(22, 15)","(22, 15)",0,task133_stencil_v2
131,ex131,original,True,False,ok,"(29, 29)","(29, 29)","(29, 29)",0,task133_stencil_v2
131,ex131,task133_color_bijection,True,False,ok,"(29, 29)","(29, 29)","(29, 29)",0,task133_stencil_v2
131,ex131,task133_transpose,True,False,ok,"(29, 29)","(29, 29)","(29, 29)",0,task133_stencil_v2
131,ex131,task133_mirror_lr,True,False,ok,"(29, 29)","(29, 29)","(29, 29)",0,task133_stencil_v2
131,ex131,task133_mirror_ud,True,False,ok,"(29, 29)","(29, 29)","(29, 29)",0,task133_stencil_v2
131,ex131,task133_zero_pad_top_left,True,False,ok,"(30, 30)","(30, 30)","(30, 30)",0,task133_stencil_v2
131,ex131,task133_zero_pad_bottom_right,True,False,ok,"(30, 30)","(30, 30)","(30, 30)",0,task133_stencil_v2
132,ex132,original,True,False,ok,"(15, 24)","(15, 24)","(15, 24)",0,task133_stencil_v2
132,ex132,task133_color_bijection,True,False,ok,"(15, 24)","(15, 24)","(15, 24)",0,task133_stencil_v2
132,ex132,task133_transpose,True,False,ok,"(24, 15)","(24, 15)","(24, 15)",0,task133_stencil_v2
132,ex132,task133_mirror_lr,True,False,ok,"(15, 24)","(15, 24)","(15, 24)",0,task133_stencil_v2
132,ex132,task133_mirror_ud,True,False,ok,"(15, 24)","(15, 24)","(15, 24)",0,task133_stencil_v2
132,ex132,task133_zero_pad_top_left,True,False,ok,"(16, 25)","(16, 25)","(16, 25)",0,task133_stencil_v2
132,ex132,task133_zero_pad_bottom_right,True,False,ok,"(16, 25)","(16, 25)","(16, 25)",0,task133_stencil_v2
133,ex133,original,True,False,ok,"(17, 18)","(17, 18)","(17, 18)",0,task133_stencil_v2
133,ex133,task133_color_bijection,True,False,ok,"(17, 18)","(17, 18)","(17, 18)",0,task133_stencil_v2
133,ex133,task133_transpose,True,False,ok,"(18, 17)","(18, 17)","(18, 17)",0,task133_stencil_v2
133,ex133,task133_mirror_lr,True,False,ok,"(17, 18)","(17, 18)","(17, 18)",0,task133_stencil_v2
133,ex133,task133_mirror_ud,True,False,ok,"(17, 18)","(17, 18)","(17, 18)",0,task133_stencil_v2
133,ex133,task133_zero_pad_top_left,True,False,ok,"(18, 19)","(18, 19)","(18, 19)",0,task133_stencil_v2
133,ex133,task133_zero_pad_bottom_right,True,False,ok,"(18, 19)","(18, 19)","(18, 19)",0,task133_stencil_v2
134,ex134,original,True,False,ok,"(29, 26)","(29, 26)","(29, 26)",0,task133_stencil_v2
134,ex134,task133_color_bijection,True,False,ok,"(29, 26)","(29, 26)","(29, 26)",0,task133_stencil_v2
134,ex134,task133_transpose,True,False,ok,"(26, 29)","(26, 29)","(26, 29)",0,task133_stencil_v2
134,ex134,task133_mirror_lr,True,False,ok,"(29, 26)","(29, 26)","(29, 26)",0,task133_stencil_v2
134,ex134,task133_mirror_ud,True,False,ok,"(29, 26)","(29, 26)","(29, 26)",0,task133_stencil_v2
134,ex134,task133_zero_pad_top_left,True,False,ok,"(30, 27)","(30, 27)","(30, 27)",0,task133_stencil_v2
134,ex134,task133_zero_pad_bottom_right,True,False,ok,"(30, 27)","(30, 27)","(30, 27)",0,task133_stencil_v2
135,ex135,original,True,False,ok,"(29, 23)","(29, 23)","(29, 23)",0,task133_stencil_v2
135,ex135,task133_color_bijection,True,False,ok,"(29, 23)","(29, 23)","(29, 23)",0,task133_stencil_v2
135,ex135,task133_transpose,True,False,ok,"(23, 29)","(23, 29)","(23, 29)",0,task133_stencil_v2
135,ex135,task133_mirror_lr,True,False,ok,"(29, 23)","(29, 23)","(29, 23)",0,task133_stencil_v2
135,ex135,task133_mirror_ud,True,False,ok,"(29, 23)","(29, 23)","(29, 23)",0,task133_stencil_v2
135,ex135,task133_zero_pad_top_left,True,False,ok,"(30, 24)","(30, 24)","(30, 24)",0,task133_stencil_v2
135,ex135,task133_zero_pad_bottom_right,True,False,ok,"(30, 24)","(30, 24)","(30, 24)",0,task133_stencil_v2
136,ex136,original,True,False,ok,"(28, 22)","(28, 22)","(28, 22)",0,task133_stencil_v2
136,ex136,task133_color_bijection,True,False,ok,"(28, 22)","(28, 22)","(28, 22)",0,task133_stencil_v2
136,ex136,task133_transpose,True,False,ok,"(22, 28)","(22, 28)","(22, 28)",0,task133_stencil_v2
136,ex136,task133_mirror_lr,True,False,ok,"(28, 22)","(28, 22)","(28, 22)",0,task133_stencil_v2
136,ex136,task133_mirror_ud,True,False,ok,"(28, 22)","(28, 22)","(28, 22)",0,task133_stencil_v2
136,ex136,task133_zero_pad_top_left,True,False,ok,"(29, 23)","(29, 23)","(29, 23)",0,task133_stencil_v2
136,ex136,task133_zero_pad_bottom_right,True,False,ok,"(29, 23)","(29, 23)","(29, 23)",0,task133_stencil_v2
137,ex137,original,True,False,ok,"(29, 30)","(29, 30)","(29, 30)",0,task133_stencil_v2
137,ex137,task133_color_bijection,True,False,ok,"(29, 30)","(29, 30)","(29, 30)",0,task133_stencil_v2
137,ex137,task133_transpose,True,False,ok,"(30, 29)","(30, 29)","(30, 29)",0,task133_stencil_v2
137,ex137,task133_mirror_lr,True,False,ok,"(29, 30)","(29, 30)","(29, 30)",0,task133_stencil_v2
137,ex137,task133_mirror_ud,True,False,ok,"(29, 30)","(29, 30)","(29, 30)",0,task133_stencil_v2
137,ex137,task133_zero_pad_top_left,False,True,"input_shape_exceeds_limit:(30, 31)>(30, 30)","(30, 31)","(30, 31)",,,
137,ex137,task133_zero_pad_bottom_right,False,True,"input_shape_exceeds_limit:(30, 31)>(30, 30)","(30, 31)","(30, 31)",,,
138,ex138,original,True,False,ok,"(13, 19)","(13, 19)","(13, 19)",0,task133_stencil_v2
138,ex138,task133_color_bijection,True,False,ok,"(13, 19)","(13, 19)","(13, 19)",0,task133_stencil_v2
138,ex138,task133_transpose,True,False,ok,"(19, 13)","(19, 13)","(19, 13)",0,task133_stencil_v2
138,ex138,task133_mirror_lr,True,False,ok,"(13, 19)","(13, 19)","(13, 19)",0,task133_stencil_v2
138,ex138,task133_mirror_ud,True,False,ok,"(13, 19)","(13, 19)","(13, 19)",0,task133_stencil_v2
138,ex138,task133_zero_pad_top_left,True,False,ok,"(14, 20)","(14, 20)","(14, 20)",0,task133_stencil_v2
138,ex138,task133_zero_pad_bottom_right,True,False,ok,"(14, 20)","(14, 20)","(14, 20)",0,task133_stencil_v2
139,ex139,original,True,False,ok,"(11, 30)","(11, 30)","(11, 30)",0,task133_stencil_v2
139,ex139,task133_color_bijection,True,False,ok,"(11, 30)","(11, 30)","(11, 30)",0,task133_stencil_v2
139,ex139,task133_transpose,True,False,ok,"(30, 11)","(30, 11)","(30, 11)",0,task133_stencil_v2
139,ex139,task133_mirror_lr,True,False,ok,"(11, 30)","(11, 30)","(11, 30)",0,task133_stencil_v2
139,ex139,task133_mirror_ud,True,False,ok,"(11, 30)","(11, 30)","(11, 30)",0,task133_stencil_v2
139,ex139,task133_zero_pad_top_left,False,True,"input_shape_exceeds_limit:(12, 31)>(30, 30)","(12, 31)","(12, 31)",,,
139,ex139,task133_zero_pad_bottom_right,False,True,"input_shape_exceeds_limit:(12, 31)>(30, 30)","(12, 31)","(12, 31)",,,
140,ex140,original,True,False,ok,"(23, 17)","(23, 17)","(23, 17)",0,task133_stencil_v2
140,ex140,task133_color_bijection,True,False,ok,"(23, 17)","(23, 17)","(23, 17)",0,task133_stencil_v2
140,ex140,task133_transpose,True,False,ok,"(17, 23)","(17, 23)","(17, 23)",0,task133_stencil_v2
140,ex140,task133_mirror_lr,True,False,ok,"(23, 17)","(23, 17)","(23, 17)",0,task133_stencil_v2
140,ex140,task133_mirror_ud,True,False,ok,"(23, 17)","(23, 17)","(23, 17)",0,task133_stencil_v2
140,ex140,task133_zero_pad_top_left,True,False,ok,"(24, 18)","(24, 18)","(24, 18)",0,task133_stencil_v2
140,ex140,task133_zero_pad_bottom_right,True,False,ok,"(24, 18)","(24, 18)","(24, 18)",0,task133_stencil_v2
141,ex141,original,True,False,ok,"(27, 26)","(27, 26)","(27, 26)",0,task133_stencil_v2
141,ex141,task133_color_bijection,True,False,ok,"(27, 26)","(27, 26)","(27, 26)",0,task133_stencil_v2
141,ex141,task133_transpose,True,False,ok,"(26, 27)","(26, 27)","(26, 27)",0,task133_stencil_v2
141,ex141,task133_mirror_lr,True,False,ok,"(27, 26)","(27, 26)","(27, 26)",0,task133_stencil_v2
141,ex141,task133_mirror_ud,True,False,ok,"(27, 26)","(27, 26)","(27, 26)",0,task133_stencil_v2
141,ex141,task133_zero_pad_top_left,True,False,ok,"(28, 27)","(28, 27)","(28, 27)",0,task133_stencil_v2
141,ex141,task133_zero_pad_bottom_right,True,False,ok,"(28, 27)","(28, 27)","(28, 27)",0,task133_stencil_v2
142,ex142,original,True,False,ok,"(24, 16)","(24, 16)","(24, 16)",0,task133_stencil_v2
142,ex142,task133_color_bijection,True,False,ok,"(24, 16)","(24, 16)","(24, 16)",0,task133_stencil_v2
142,ex142,task133_transpose,True,False,ok,"(16, 24)","(16, 24)","(16, 24)",0,task133_stencil_v2
142,ex142,task133_mirror_lr,True,False,ok,"(24, 16)","(24, 16)","(24, 16)",0,task133_stencil_v2
142,ex142,task133_mirror_ud,True,False,ok,"(24, 16)","(24, 16)","(24, 16)",0,task133_stencil_v2
142,ex142,task133_zero_pad_top_left,True,False,ok,"(25, 17)","(25, 17)","(25, 17)",0,task133_stencil_v2
142,ex142,task133_zero_pad_bottom_right,True,False,ok,"(25, 17)","(25, 17)","(25, 17)",0,task133_stencil_v2
143,ex143,original,True,False,ok,"(22, 29)","(22, 29)","(22, 29)",0,task133_stencil_v2
143,ex143,task133_color_bijection,True,False,ok,"(22, 29)","(22, 29)","(22, 29)",0,task133_stencil_v2
143,ex143,task133_transpose,True,False,ok,"(29, 22)","(29, 22)","(29, 22)",0,task133_stencil_v2
143,ex143,task133_mirror_lr,True,False,ok,"(22, 29)","(22, 29)","(22, 29)",0,task133_stencil_v2
143,ex143,task133_mirror_ud,True,False,ok,"(22, 29)","(22, 29)","(22, 29)",0,task133_stencil_v2
143,ex143,task133_zero_pad_top_left,True,False,ok,"(23, 30)","(23, 30)","(23, 30)",0,task133_stencil_v2
143,ex143,task133_zero_pad_bottom_right,True,False,ok,"(23, 30)","(23, 30)","(23, 30)",0,task133_stencil_v2
144,ex144,original,True,False,ok,"(29, 27)","(29, 27)","(29, 27)",0,task133_stencil_v2
144,ex144,task133_color_bijection,True,False,ok,"(29, 27)","(29, 27)","(29, 27)",0,task133_stencil_v2
144,ex144,task133_transpose,True,False,ok,"(27, 29)","(27, 29)","(27, 29)",0,task133_stencil_v2
144,ex144,task133_mirror_lr,True,False,ok,"(29, 27)","(29, 27)","(29, 27)",0,task133_stencil_v2
144,ex144,task133_mirror_ud,True,False,ok,"(29, 27)","(29, 27)","(29, 27)",0,task133_stencil_v2
144,ex144,task133_zero_pad_top_left,True,False,ok,"(30, 28)","(30, 28)","(30, 28)",0,task133_stencil_v2
144,ex144,task133_zero_pad_bottom_right,True,False,ok,"(30, 28)","(30, 28)","(30, 28)",0,task133_stencil_v2
145,ex145,original,True,False,ok,"(28, 27)","(28, 27)","(28, 27)",0,task133_stencil_v2
145,ex145,task133_color_bijection,True,False,ok,"(28, 27)","(28, 27)","(28, 27)",0,task133_stencil_v2
145,ex145,task133_transpose,True,False,ok,"(27, 28)","(27, 28)","(27, 28)",0,task133_stencil_v2
145,ex145,task133_mirror_lr,True,False,ok,"(28, 27)","(28, 27)","(28, 27)",0,task133_stencil_v2
145,ex145,task133_mirror_ud,True,False,ok,"(28, 27)","(28, 27)","(28, 27)",0,task133_stencil_v2
145,ex145,task133_zero_pad_top_left,True,False,ok,"(29, 28)","(29, 28)","(29, 28)",0,task133_stencil_v2
145,ex145,task133_zero_pad_bottom_right,True,False,ok,"(29, 28)","(29, 28)","(29, 28)",0,task133_stencil_v2
146,ex146,original,True,False,ok,"(13, 27)","(13, 27)","(13, 27)",0,task133_stencil_v2
146,ex146,task133_color_bijection,True,False,ok,"(13, 27)","(13, 27)","(13, 27)",0,task133_stencil_v2
146,ex146,task133_transpose,True,False,ok,"(27, 13)","(27, 13)","(27, 13)",0,task133_stencil_v2
146,ex146,task133_mirror_lr,True,False,ok,"(13, 27)","(13, 27)","(13, 27)",0,task133_stencil_v2
146,ex146,task133_mirror_ud,True,False,ok,"(13, 27)","(13, 27)","(13, 27)",0,task133_stencil_v2
146,ex146,task133_zero_pad_top_left,True,False,ok,"(14, 28)","(14, 28)","(14, 28)",0,task133_stencil_v2
146,ex146,task133_zero_pad_bottom_right,True,False,ok,"(14, 28)","(14, 28)","(14, 28)",0,task133_stencil_v2
147,ex147,original,True,False,ok,"(22, 19)","(22, 19)","(22, 19)",0,task133_stencil_v2
147,ex147,task133_color_bijection,True,False,ok,"(22, 19)","(22, 19)","(22, 19)",0,task133_stencil_v2
147,ex147,task133_transpose,True,False,ok,"(19, 22)","(19, 22)","(19, 22)",0,task133_stencil_v2
147,ex147,task133_mirror_lr,True,False,ok,"(22, 19)","(22, 19)","(22, 19)",0,task133_stencil_v2
147,ex147,task133_mirror_ud,True,False,ok,"(22, 19)","(22, 19)","(22, 19)",0,task133_stencil_v2
147,ex147,task133_zero_pad_top_left,True,False,ok,"(23, 20)","(23, 20)","(23, 20)",0,task133_stencil_v2
147,ex147,task133_zero_pad_bottom_right,True,False,ok,"(23, 20)","(23, 20)","(23, 20)",0,task133_stencil_v2
148,ex148,original,True,False,ok,"(13, 29)","(13, 29)","(13, 29)",0,task133_stencil_v2
148,ex148,task133_color_bijection,True,False,ok,"(13, 29)","(13, 29)","(13, 29)",0,task133_stencil_v2
148,ex148,task133_transpose,True,False,ok,"(29, 13)","(29, 13)","(29, 13)",0,task133_stencil_v2
148,ex148,task133_mirror_lr,True,False,ok,"(13, 29)","(13, 29)","(13, 29)",0,task133_stencil_v2
148,ex148,task133_mirror_ud,True,False,ok,"(13, 29)","(13, 29)","(13, 29)",0,task133_stencil_v2
148,ex148,task133_zero_pad_top_left,True,False,ok,"(14, 30)","(14, 30)","(14, 30)",0,task133_stencil_v2
148,ex148,task133_zero_pad_bottom_right,True,False,ok,"(14, 30)","(14, 30)","(14, 30)",0,task133_stencil_v2
149,ex149,original,True,False,ok,"(17, 29)","(17, 29)","(17, 29)",0,task133_stencil_v2
149,ex149,task133_color_bijection,True,False,ok,"(17, 29)","(17, 29)","(17, 29)",0,task133_stencil_v2
149,ex149,task133_transpose,True,False,ok,"(29, 17)","(29, 17)","(29, 17)",0,task133_stencil_v2
149,ex149,task133_mirror_lr,True,False,ok,"(17, 29)","(17, 29)","(17, 29)",0,task133_stencil_v2
149,ex149,task133_mirror_ud,True,False,ok,"(17, 29)","(17, 29)","(17, 29)",0,task133_stencil_v2
149,ex149,task133_zero_pad_top_left,True,False,ok,"(18, 30)","(18, 30)","(18, 30)",0,task133_stencil_v2
149,ex149,task133_zero_pad_bottom_right,True,False,ok,"(18, 30)","(18, 30)","(18, 30)",0,task133_stencil_v2
150,ex150,original,True,False,ok,"(13, 19)","(13, 19)","(13, 19)",0,task133_stencil_v2
150,ex150,task133_color_bijection,True,False,ok,"(13, 19)","(13, 19)","(13, 19)",0,task133_stencil_v2
150,ex150,task133_transpose,True,False,ok,"(19, 13)","(19, 13)","(19, 13)",0,task133_stencil_v2
150,ex150,task133_mirror_lr,True,False,ok,"(13, 19)","(13, 19)","(13, 19)",0,task133_stencil_v2
150,ex150,task133_mirror_ud,True,False,ok,"(13, 19)","(13, 19)","(13, 19)",0,task133_stencil_v2
150,ex150,task133_zero_pad_top_left,True,False,ok,"(14, 20)","(14, 20)","(14, 20)",0,task133_stencil_v2
150,ex150,task133_zero_pad_bottom_right,True,False,ok,"(14, 20)","(14, 20)","(14, 20)",0,task133_stencil_v2
151,ex151,original,True,False,ok,"(22, 29)","(22, 29)","(22, 29)",0,task133_stencil_v2
151,ex151,task133_color_bijection,True,False,ok,"(22, 29)","(22, 29)","(22, 29)",0,task133_stencil_v2
151,ex151,task133_transpose,True,False,ok,"(29, 22)","(29, 22)","(29, 22)",0,task133_stencil_v2
151,ex151,task133_mirror_lr,True,False,ok,"(22, 29)","(22, 29)","(22, 29)",0,task133_stencil_v2
151,ex151,task133_mirror_ud,True,False,ok,"(22, 29)","(22, 29)","(22, 29)",0,task133_stencil_v2
151,ex151,task133_zero_pad_top_left,True,False,ok,"(23, 30)","(23, 30)","(23, 30)",0,task133_stencil_v2
151,ex151,task133_zero_pad_bottom_right,True,False,ok,"(23, 30)","(23, 30)","(23, 30)",0,task133_stencil_v2
152,ex152,original,True,False,ok,"(21, 30)","(21, 30)","(21, 30)",0,task133_stencil_v2
152,ex152,task133_color_bijection,True,False,ok,"(21, 30)","(21, 30)","(21, 30)",0,task133_stencil_v2
152,ex152,task133_transpose,True,False,ok,"(30, 21)","(30, 21)","(30, 21)",0,task133_stencil_v2
152,ex152,task133_mirror_lr,True,False,ok,"(21, 30)","(21, 30)","(21, 30)",0,task133_stencil_v2
152,ex152,task133_mirror_ud,True,False,ok,"(21, 30)","(21, 30)","(21, 30)",0,task133_stencil_v2
152,ex152,task133_zero_pad_top_left,False,True,"input_shape_exceeds_limit:(22, 31)>(30, 30)","(22, 31)","(22, 31)",,,
152,ex152,task133_zero_pad_bottom_right,False,True,"input_shape_exceeds_limit:(22, 31)>(30, 30)","(22, 31)","(22, 31)",,,
153,ex153,original,True,False,ok,"(23, 14)","(23, 14)","(23, 14)",0,task133_stencil_v2
153,ex153,task133_color_bijection,True,False,ok,"(23, 14)","(23, 14)","(23, 14)",0,task133_stencil_v2
153,ex153,task133_transpose,True,False,ok,"(14, 23)","(14, 23)","(14, 23)",0,task133_stencil_v2
153,ex153,task133_mirror_lr,True,False,ok,"(23, 14)","(23, 14)","(23, 14)",0,task133_stencil_v2
153,ex153,task133_mirror_ud,True,False,ok,"(23, 14)","(23, 14)","(23, 14)",0,task133_stencil_v2
153,ex153,task133_zero_pad_top_left,True,False,ok,"(24, 15)","(24, 15)","(24, 15)",0,task133_stencil_v2
153,ex153,task133_zero_pad_bottom_right,True,False,ok,"(24, 15)","(24, 15)","(24, 15)",0,task133_stencil_v2
154,ex154,original,True,False,ok,"(30, 29)","(30, 29)","(30, 29)",0,task133_stencil_v2
154,ex154,task133_color_bijection,True,False,ok,"(30, 29)","(30, 29)","(30, 29)",0,task133_stencil_v2
154,ex154,task133_transpose,True,False,ok,"(29, 30)","(29, 30)","(29, 30)",0,task133_stencil_v2
154,ex154,task133_mirror_lr,True,False,ok,"(30, 29)","(30, 29)","(30, 29)",0,task133_stencil_v2
154,ex154,task133_mirror_ud,True,False,ok,"(30, 29)","(30, 29)","(30, 29)",0,task133_stencil_v2
154,ex154,task133_zero_pad_top_left,False,True,"input_shape_exceeds_limit:(31, 30)>(30, 30)","(31, 30)","(31, 30)",,,
154,ex154,task133_zero_pad_bottom_right,False,True,"input_shape_exceeds_limit:(31, 30)>(30, 30)","(31, 30)","(31, 30)",,,
155,ex155,original,True,False,ok,"(24, 25)","(24, 25)","(24, 25)",0,task133_stencil_v2
155,ex155,task133_color_bijection,True,False,ok,"(24, 25)","(24, 25)","(24, 25)",0,task133_stencil_v2
155,ex155,task133_transpose,True,False,ok,"(25, 24)","(25, 24)","(25, 24)",0,task133_stencil_v2
155,ex155,task133_mirror_lr,True,False,ok,"(24, 25)","(24, 25)","(24, 25)",0,task133_stencil_v2
155,ex155,task133_mirror_ud,True,False,ok,"(24, 25)","(24, 25)","(24, 25)",0,task133_stencil_v2
155,ex155,task133_zero_pad_top_left,True,False,ok,"(25, 26)","(25, 26)","(25, 26)",0,task133_stencil_v2
155,ex155,task133_zero_pad_bottom_right,True,False,ok,"(25, 26)","(25, 26)","(25, 26)",0,task133_stencil_v2
156,ex156,original,True,False,ok,"(18, 21)","(18, 21)","(18, 21)",0,task133_stencil_v2
156,ex156,task133_color_bijection,True,False,ok,"(18, 21)","(18, 21)","(18, 21)",0,task133_stencil_v2
156,ex156,task133_transpose,True,False,ok,"(21, 18)","(21, 18)","(21, 18)",0,task133_stencil_v2
156,ex156,task133_mirror_lr,True,False,ok,"(18, 21)","(18, 21)","(18, 21)",0,task133_stencil_v2
156,ex156,task133_mirror_ud,True,False,ok,"(18, 21)","(18, 21)","(18, 21)",0,task133_stencil_v2
156,ex156,task133_zero_pad_top_left,True,False,ok,"(19, 22)","(19, 22)","(19, 22)",0,task133_stencil_v2
156,ex156,task133_zero_pad_bottom_right,True,False,ok,"(19, 22)","(19, 22)","(19, 22)",0,task133_stencil_v2
157,ex157,original,True,False,ok,"(27, 26)","(27, 26)","(27, 26)",0,task133_stencil_v2
157,ex157,task133_color_bijection,True,False,ok,"(27, 26)","(27, 26)","(27, 26)",0,task133_stencil_v2
157,ex157,task133_transpose,True,False,ok,"(26, 27)","(26, 27)","(26, 27)",0,task133_stencil_v2
157,ex157,task133_mirror_lr,True,False,ok,"(27, 26)","(27, 26)","(27, 26)",0,task133_stencil_v2
157,ex157,task133_mirror_ud,True,False,ok,"(27, 26)","(27, 26)","(27, 26)",0,task133_stencil_v2
157,ex157,task133_zero_pad_top_left,True,False,ok,"(28, 27)","(28, 27)","(28, 27)",0,task133_stencil_v2
157,ex157,task133_zero_pad_bottom_right,True,False,ok,"(28, 27)","(28, 27)","(28, 27)",0,task133_stencil_v2
158,ex158,original,True,False,ok,"(30, 20)","(30, 20)","(30, 20)",0,task133_stencil_v2
158,ex158,task133_color_bijection,True,False,ok,"(30, 20)","(30, 20)","(30, 20)",0,task133_stencil_v2
158,ex158,task133_transpose,True,False,ok,"(20, 30)","(20, 30)","(20, 30)",0,task133_stencil_v2
158,ex158,task133_mirror_lr,True,False,ok,"(30, 20)","(30, 20)","(30, 20)",0,task133_stencil_v2
158,ex158,task133_mirror_ud,True,False,ok,"(30, 20)","(30, 20)","(30, 20)",0,task133_stencil_v2
158,ex158,task133_zero_pad_top_left,False,True,"input_shape_exceeds_limit:(31, 21)>(30, 30)","(31, 21)","(31, 21)",,,
158,ex158,task133_zero_pad_bottom_right,False,True,"input_shape_exceeds_limit:(31, 21)>(30, 30)","(31, 21)","(31, 21)",,,
159,ex159,original,True,False,ok,"(18, 18)","(18, 18)","(18, 18)",0,task133_stencil_v2
159,ex159,task133_color_bijection,True,False,ok,"(18, 18)","(18, 18)","(18, 18)",0,task133_stencil_v2
159,ex159,task133_transpose,True,False,ok,"(18, 18)","(18, 18)","(18, 18)",0,task133_stencil_v2
159,ex159,task133_mirror_lr,True,False,ok,"(18, 18)","(18, 18)","(18, 18)",0,task133_stencil_v2
159,ex159,task133_mirror_ud,True,False,ok,"(18, 18)","(18, 18)","(18, 18)",0,task133_stencil_v2
159,ex159,task133_zero_pad_top_left,True,False,ok,"(19, 19)","(19, 19)","(19, 19)",0,task133_stencil_v2
159,ex159,task133_zero_pad_bottom_right,True,False,ok,"(19, 19)","(19, 19)","(19, 19)",0,task133_stencil_v2
160,ex160,original,True,False,ok,"(28, 30)","(28, 30)","(28, 30)",0,task133_stencil_v2
160,ex160,task133_color_bijection,True,False,ok,"(28, 30)","(28, 30)","(28, 30)",0,task133_stencil_v2
160,ex160,task133_transpose,True,False,ok,"(30, 28)","(30, 28)","(30, 28)",0,task133_stencil_v2
160,ex160,task133_mirror_lr,True,False,ok,"(28, 30)","(28, 30)","(28, 30)",0,task133_stencil_v2
160,ex160,task133_mirror_ud,True,False,ok,"(28, 30)","(28, 30)","(28, 30)",0,task133_stencil_v2
160,ex160,task133_zero_pad_top_left,False,True,"input_shape_exceeds_limit:(29, 31)>(30, 30)","(29, 31)","(29, 31)",,,
160,ex160,task133_zero_pad_bottom_right,False,True,"input_shape_exceeds_limit:(29, 31)>(30, 30)","(29, 31)","(29, 31)",,,
161,ex161,original,True,False,ok,"(25, 27)","(25, 27)","(25, 27)",0,task133_stencil_v2
161,ex161,task133_color_bijection,True,False,ok,"(25, 27)","(25, 27)","(25, 27)",0,task133_stencil_v2
161,ex161,task133_transpose,True,False,ok,"(27, 25)","(27, 25)","(27, 25)",0,task133_stencil_v2
161,ex161,task133_mirror_lr,True,False,ok,"(25, 27)","(25, 27)","(25, 27)",0,task133_stencil_v2
161,ex161,task133_mirror_ud,True,False,ok,"(25, 27)","(25, 27)","(25, 27)",0,task133_stencil_v2
161,ex161,task133_zero_pad_top_left,True,False,ok,"(26, 28)","(26, 28)","(26, 28)",0,task133_stencil_v2
161,ex161,task133_zero_pad_bottom_right,True,False,ok,"(26, 28)","(26, 28)","(26, 28)",0,task133_stencil_v2
162,ex162,original,True,False,ok,"(15, 20)","(15, 20)","(15, 20)",0,task133_stencil_v2
162,ex162,task133_color_bijection,True,False,ok,"(15, 20)","(15, 20)","(15, 20)",0,task133_stencil_v2
162,ex162,task133_transpose,True,False,ok,"(20, 15)","(20, 15)","(20, 15)",0,task133_stencil_v2
162,ex162,task133_mirror_lr,True,False,ok,"(15, 20)","(15, 20)","(15, 20)",0,task133_stencil_v2
162,ex162,task133_mirror_ud,True,False,ok,"(15, 20)","(15, 20)","(15, 20)",0,task133_stencil_v2
162,ex162,task133_zero_pad_top_left,True,False,ok,"(16, 21)","(16, 21)","(16, 21)",0,task133_stencil_v2
162,ex162,task133_zero_pad_bottom_right,True,False,ok,"(16, 21)","(16, 21)","(16, 21)",0,task133_stencil_v2
163,ex163,original,True,False,ok,"(20, 26)","(20, 26)","(20, 26)",0,task133_stencil_v2
163,ex163,task133_color_bijection,True,False,ok,"(20, 26)","(20, 26)","(20, 26)",0,task133_stencil_v2
163,ex163,task133_transpose,True,False,ok,"(26, 20)","(26, 20)","(26, 20)",0,task133_stencil_v2
163,ex163,task133_mirror_lr,True,False,ok,"(20, 26)","(20, 26)","(20, 26)",0,task133_stencil_v2
163,ex163,task133_mirror_ud,True,False,ok,"(20, 26)","(20, 26)","(20, 26)",0,task133_stencil_v2
163,ex163,task133_zero_pad_top_left,True,False,ok,"(21, 27)","(21, 27)","(21, 27)",0,task133_stencil_v2
163,ex163,task133_zero_pad_bottom_right,True,False,ok,"(21, 27)","(21, 27)","(21, 27)",0,task133_stencil_v2
164,ex164,original,True,False,ok,"(12, 16)","(12, 16)","(12, 16)",0,task133_stencil_v2
164,ex164,task133_color_bijection,True,False,ok,"(12, 16)","(12, 16)","(12, 16)",0,task133_stencil_v2
164,ex164,task133_transpose,True,False,ok,"(16, 12)","(16, 12)","(16, 12)",0,task133_stencil_v2
164,ex164,task133_mirror_lr,True,False,ok,"(12, 16)","(12, 16)","(12, 16)",0,task133_stencil_v2
164,ex164,task133_mirror_ud,True,False,ok,"(12, 16)","(12, 16)","(12, 16)",0,task133_stencil_v2
164,ex164,task133_zero_pad_top_left,True,False,ok,"(13, 17)","(13, 17)","(13, 17)",0,task133_stencil_v2
164,ex164,task133_zero_pad_bottom_right,True,False,ok,"(13, 17)","(13, 17)","(13, 17)",0,task133_stencil_v2
165,ex165,original,True,False,ok,"(28, 27)","(28, 27)","(28, 27)",0,task133_stencil_v2
165,ex165,task133_color_bijection,True,False,ok,"(28, 27)","(28, 27)","(28, 27)",0,task133_stencil_v2
165,ex165,task133_transpose,True,False,ok,"(27, 28)","(27, 28)","(27, 28)",0,task133_stencil_v2
165,ex165,task133_mirror_lr,True,False,ok,"(28, 27)","(28, 27)","(28, 27)",0,task133_stencil_v2
165,ex165,task133_mirror_ud,True,False,ok,"(28, 27)","(28, 27)","(28, 27)",0,task133_stencil_v2
165,ex165,task133_zero_pad_top_left,True,False,ok,"(29, 28)","(29, 28)","(29, 28)",0,task133_stencil_v2
165,ex165,task133_zero_pad_bottom_right,True,False,ok,"(29, 28)","(29, 28)","(29, 28)",0,task133_stencil_v2
166,ex166,original,True,False,ok,"(17, 19)","(17, 19)","(17, 19)",0,task133_stencil_v2
166,ex166,task133_color_bijection,True,False,ok,"(17, 19)","(17, 19)","(17, 19)",0,task133_stencil_v2
166,ex166,task133_transpose,True,False,ok,"(19, 17)","(19, 17)","(19, 17)",0,task133_stencil_v2
166,ex166,task133_mirror_lr,True,False,ok,"(17, 19)","(17, 19)","(17, 19)",0,task133_stencil_v2
166,ex166,task133_mirror_ud,True,False,ok,"(17, 19)","(17, 19)","(17, 19)",0,task133_stencil_v2
166,ex166,task133_zero_pad_top_left,True,False,ok,"(18, 20)","(18, 20)","(18, 20)",0,task133_stencil_v2
166,ex166,task133_zero_pad_bottom_right,True,False,ok,"(18, 20)","(18, 20)","(18, 20)",0,task133_stencil_v2
167,ex167,original,True,False,ok,"(21, 19)","(21, 19)","(21, 19)",0,task133_stencil_v2
167,ex167,task133_color_bijection,True,False,ok,"(21, 19)","(21, 19)","(21, 19)",0,task133_stencil_v2
167,ex167,task133_transpose,True,False,ok,"(19, 21)","(19, 21)","(19, 21)",0,task133_stencil_v2
167,ex167,task133_mirror_lr,True,False,ok,"(21, 19)","(21, 19)","(21, 19)",0,task133_stencil_v2
167,ex167,task133_mirror_ud,True,False,ok,"(21, 19)","(21, 19)","(21, 19)",0,task133_stencil_v2
167,ex167,task133_zero_pad_top_left,True,False,ok,"(22, 20)","(22, 20)","(22, 20)",0,task133_stencil_v2
167,ex167,task133_zero_pad_bottom_right,True,False,ok,"(22, 20)","(22, 20)","(22, 20)",0,task133_stencil_v2
168,ex168,original,True,False,ok,"(15, 14)","(15, 14)","(15, 14)",0,task133_stencil_v2
168,ex168,task133_color_bijection,True,False,ok,"(15, 14)","(15, 14)","(15, 14)",0,task133_stencil_v2
168,ex168,task133_transpose,True,False,ok,"(14, 15)","(14, 15)","(14, 15)",0,task133_stencil_v2
168,ex168,task133_mirror_lr,True,False,ok,"(15, 14)","(15, 14)","(15, 14)",0,task133_stencil_v2
168,ex168,task133_mirror_ud,True,False,ok,"(15, 14)","(15, 14)","(15, 14)",0,task133_stencil_v2
168,ex168,task133_zero_pad_top_left,True,False,ok,"(16, 15)","(16, 15)","(16, 15)",0,task133_stencil_v2
168,ex168,task133_zero_pad_bottom_right,True,False,ok,"(16, 15)","(16, 15)","(16, 15)",0,task133_stencil_v2
169,ex169,original,True,False,ok,"(26, 17)","(26, 17)","(26, 17)",0,task133_stencil_v2
169,ex169,task133_color_bijection,True,False,ok,"(26, 17)","(26, 17)","(26, 17)",0,task133_stencil_v2
169,ex169,task133_transpose,True,False,ok,"(17, 26)","(17, 26)","(17, 26)",0,task133_stencil_v2
169,ex169,task133_mirror_lr,True,False,ok,"(26, 17)","(26, 17)","(26, 17)",0,task133_stencil_v2
169,ex169,task133_mirror_ud,True,False,ok,"(26, 17)","(26, 17)","(26, 17)",0,task133_stencil_v2
169,ex169,task133_zero_pad_top_left,True,False,ok,"(27, 18)","(27, 18)","(27, 18)",0,task133_stencil_v2
169,ex169,task133_zero_pad_bottom_right,True,False,ok,"(27, 18)","(27, 18)","(27, 18)",0,task133_stencil_v2
170,ex170,original,True,False,ok,"(17, 26)","(17, 26)","(17, 26)",0,task133_stencil_v2
170,ex170,task133_color_bijection,True,False,ok,"(17, 26)","(17, 26)","(17, 26)",0,task133_stencil_v2
170,ex170,task133_transpose,True,False,ok,"(26, 17)","(26, 17)","(26, 17)",0,task133_stencil_v2
170,ex170,task133_mirror_lr,True,False,ok,"(17, 26)","(17, 26)","(17, 26)",0,task133_stencil_v2
170,ex170,task133_mirror_ud,True,False,ok,"(17, 26)","(17, 26)","(17, 26)",0,task133_stencil_v2
170,ex170,task133_zero_pad_top_left,True,False,ok,"(18, 27)","(18, 27)","(18, 27)",0,task133_stencil_v2
170,ex170,task133_zero_pad_bottom_right,True,False,ok,"(18, 27)","(18, 27)","(18, 27)",0,task133_stencil_v2
171,ex171,original,True,False,ok,"(21, 27)","(21, 27)","(21, 27)",0,task133_stencil_v2
171,ex171,task133_color_bijection,True,False,ok,"(21, 27)","(21, 27)","(21, 27)",0,task133_stencil_v2
171,ex171,task133_transpose,True,False,ok,"(27, 21)","(27, 21)","(27, 21)",0,task133_stencil_v2
171,ex171,task133_mirror_lr,True,False,ok,"(21, 27)","(21, 27)","(21, 27)",0,task133_stencil_v2
171,ex171,task133_mirror_ud,True,False,ok,"(21, 27)","(21, 27)","(21, 27)",0,task133_stencil_v2
171,ex171,task133_zero_pad_top_left,True,False,ok,"(22, 28)","(22, 28)","(22, 28)",0,task133_stencil_v2
171,ex171,task133_zero_pad_bottom_right,True,False,ok,"(22, 28)","(22, 28)","(22, 28)",0,task133_stencil_v2
172,ex172,original,True,False,ok,"(29, 25)","(29, 25)","(29, 25)",0,task133_stencil_v2
172,ex172,task133_color_bijection,True,False,ok,"(29, 25)","(29, 25)","(29, 25)",0,task133_stencil_v2
172,ex172,task133_transpose,True,False,ok,"(25, 29)","(25, 29)","(25, 29)",0,task133_stencil_v2
172,ex172,task133_mirror_lr,True,False,ok,"(29, 25)","(29, 25)","(29, 25)",0,task133_stencil_v2
172,ex172,task133_mirror_ud,True,False,ok,"(29, 25)","(29, 25)","(29, 25)",0,task133_stencil_v2
172,ex172,task133_zero_pad_top_left,True,False,ok,"(30, 26)","(30, 26)","(30, 26)",0,task133_stencil_v2
172,ex172,task133_zero_pad_bottom_right,True,False,ok,"(30, 26)","(30, 26)","(30, 26)",0,task133_stencil_v2
173,ex173,original,True,False,ok,"(23, 27)","(23, 27)","(23, 27)",0,task133_stencil_v2
173,ex173,task133_color_bijection,True,False,ok,"(23, 27)","(23, 27)","(23, 27)",0,task133_stencil_v2
173,ex173,task133_transpose,True,False,ok,"(27, 23)","(27, 23)","(27, 23)",0,task133_stencil_v2
173,ex173,task133_mirror_lr,True,False,ok,"(23, 27)","(23, 27)","(23, 27)",0,task133_stencil_v2
173,ex173,task133_mirror_ud,True,False,ok,"(23, 27)","(23, 27)","(23, 27)",0,task133_stencil_v2
173,ex173,task133_zero_pad_top_left,True,False,ok,"(24, 28)","(24, 28)","(24, 28)",0,task133_stencil_v2
173,ex173,task133_zero_pad_bottom_right,True,False,ok,"(24, 28)","(24, 28)","(24, 28)",0,task133_stencil_v2
174,ex174,original,True,False,ok,"(29, 14)","(29, 14)","(29, 14)",0,task133_stencil_v2
174,ex174,task133_color_bijection,True,False,ok,"(29, 14)","(29, 14)","(29, 14)",0,task133_stencil_v2
174,ex174,task133_transpose,True,False,ok,"(14, 29)","(14, 29)","(14, 29)",0,task133_stencil_v2
174,ex174,task133_mirror_lr,True,False,ok,"(29, 14)","(29, 14)","(29, 14)",0,task133_stencil_v2
174,ex174,task133_mirror_ud,True,False,ok,"(29, 14)","(29, 14)","(29, 14)",0,task133_stencil_v2
174,ex174,task133_zero_pad_top_left,True,False,ok,"(30, 15)","(30, 15)","(30, 15)",0,task133_stencil_v2
174,ex174,task133_zero_pad_bottom_right,True,False,ok,"(30, 15)","(30, 15)","(30, 15)",0,task133_stencil_v2
175,ex175,original,True,False,ok,"(28, 22)","(28, 22)","(28, 22)",0,task133_stencil_v2
175,ex175,task133_color_bijection,True,False,ok,"(28, 22)","(28, 22)","(28, 22)",0,task133_stencil_v2
175,ex175,task133_transpose,True,False,ok,"(22, 28)","(22, 28)","(22, 28)",0,task133_stencil_v2
175,ex175,task133_mirror_lr,True,False,ok,"(28, 22)","(28, 22)","(28, 22)",0,task133_stencil_v2
175,ex175,task133_mirror_ud,True,False,ok,"(28, 22)","(28, 22)","(28, 22)",0,task133_stencil_v2
175,ex175,task133_zero_pad_top_left,True,False,ok,"(29, 23)","(29, 23)","(29, 23)",0,task133_stencil_v2
175,ex175,task133_zero_pad_bottom_right,True,False,ok,"(29, 23)","(29, 23)","(29, 23)",0,task133_stencil_v2
176,ex176,original,True,False,ok,"(21, 26)","(21, 26)","(21, 26)",0,task133_stencil_v2
176,ex176,task133_color_bijection,True,False,ok,"(21, 26)","(21, 26)","(21, 26)",0,task133_stencil_v2
176,ex176,task133_transpose,True,False,ok,"(26, 21)","(26, 21)","(26, 21)",0,task133_stencil_v2
176,ex176,task133_mirror_lr,True,False,ok,"(21, 26)","(21, 26)","(21, 26)",0,task133_stencil_v2
176,ex176,task133_mirror_ud,True,False,ok,"(21, 26)","(21, 26)","(21, 26)",0,task133_stencil_v2
176,ex176,task133_zero_pad_top_left,True,False,ok,"(22, 27)","(22, 27)","(22, 27)",0,task133_stencil_v2
176,ex176,task133_zero_pad_bottom_right,True,False,ok,"(22, 27)","(22, 27)","(22, 27)",0,task133_stencil_v2
177,ex177,original,True,False,ok,"(29, 18)","(29, 18)","(29, 18)",0,task133_stencil_v2
177,ex177,task133_color_bijection,True,False,ok,"(29, 18)","(29, 18)","(29, 18)",0,task133_stencil_v2
177,ex177,task133_transpose,True,False,ok,"(18, 29)","(18, 29)","(18, 29)",0,task133_stencil_v2
177,ex177,task133_mirror_lr,True,False,ok,"(29, 18)","(29, 18)","(29, 18)",0,task133_stencil_v2
177,ex177,task133_mirror_ud,True,False,ok,"(29, 18)","(29, 18)","(29, 18)",0,task133_stencil_v2
177,ex177,task133_zero_pad_top_left,True,False,ok,"(30, 19)","(30, 19)","(30, 19)",0,task133_stencil_v2
177,ex177,task133_zero_pad_bottom_right,True,False,ok,"(30, 19)","(30, 19)","(30, 19)",0,task133_stencil_v2
178,ex178,original,True,False,ok,"(30, 20)","(30, 20)","(30, 20)",0,task133_stencil_v2
178,ex178,task133_color_bijection,True,False,ok,"(30, 20)","(30, 20)","(30, 20)",0,task133_stencil_v2
178,ex178,task133_transpose,True,False,ok,"(20, 30)","(20, 30)","(20, 30)",0,task133_stencil_v2
178,ex178,task133_mirror_lr,True,False,ok,"(30, 20)","(30, 20)","(30, 20)",0,task133_stencil_v2
178,ex178,task133_mirror_ud,True,False,ok,"(30, 20)","(30, 20)","(30, 20)",0,task133_stencil_v2
178,ex178,task133_zero_pad_top_left,False,True,"input_shape_exceeds_limit:(31, 21)>(30, 30)","(31, 21)","(31, 21)",,,
178,ex178,task133_zero_pad_bottom_right,False,True,"input_shape_exceeds_limit:(31, 21)>(30, 30)","(31, 21)","(31, 21)",,,
179,ex179,original,True,False,ok,"(22, 23)","(22, 23)","(22, 23)",0,task133_stencil_v2
179,ex179,task133_color_bijection,True,False,ok,"(22, 23)","(22, 23)","(22, 23)",0,task133_stencil_v2
179,ex179,task133_transpose,True,False,ok,"(23, 22)","(23, 22)","(23, 22)",0,task133_stencil_v2
179,ex179,task133_mirror_lr,True,False,ok,"(22, 23)","(22, 23)","(22, 23)",0,task133_stencil_v2
179,ex179,task133_mirror_ud,True,False,ok,"(22, 23)","(22, 23)","(22, 23)",0,task133_stencil_v2
179,ex179,task133_zero_pad_top_left,True,False,ok,"(23, 24)","(23, 24)","(23, 24)",0,task133_stencil_v2
179,ex179,task133_zero_pad_bottom_right,True,False,ok,"(23, 24)","(23, 24)","(23, 24)",0,task133_stencil_v2
180,ex180,original,True,False,ok,"(25, 29)","(25, 29)","(25, 29)",0,task133_stencil_v2
180,ex180,task133_color_bijection,True,False,ok,"(25, 29)","(25, 29)","(25, 29)",0,task133_stencil_v2
180,ex180,task133_transpose,True,False,ok,"(29, 25)","(29, 25)","(29, 25)",0,task133_stencil_v2
180,ex180,task133_mirror_lr,True,False,ok,"(25, 29)","(25, 29)","(25, 29)",0,task133_stencil_v2
180,ex180,task133_mirror_ud,True,False,ok,"(25, 29)","(25, 29)","(25, 29)",0,task133_stencil_v2
180,ex180,task133_zero_pad_top_left,True,False,ok,"(26, 30)","(26, 30)","(26, 30)",0,task133_stencil_v2
180,ex180,task133_zero_pad_bottom_right,True,False,ok,"(26, 30)","(26, 30)","(26, 30)",0,task133_stencil_v2
181,ex181,original,True,False,ok,"(29, 18)","(29, 18)","(29, 18)",0,task133_stencil_v2
181,ex181,task133_color_bijection,True,False,ok,"(29, 18)","(29, 18)","(29, 18)",0,task133_stencil_v2
181,ex181,task133_transpose,True,False,ok,"(18, 29)","(18, 29)","(18, 29)",0,task133_stencil_v2
181,ex181,task133_mirror_lr,True,False,ok,"(29, 18)","(29, 18)","(29, 18)",0,task133_stencil_v2
181,ex181,task133_mirror_ud,True,False,ok,"(29, 18)","(29, 18)","(29, 18)",0,task133_stencil_v2
181,ex181,task133_zero_pad_top_left,True,False,ok,"(30, 19)","(30, 19)","(30, 19)",0,task133_stencil_v2
181,ex181,task133_zero_pad_bottom_right,True,False,ok,"(30, 19)","(30, 19)","(30, 19)",0,task133_stencil_v2
182,ex182,original,True,False,ok,"(19, 22)","(19, 22)","(19, 22)",0,task133_stencil_v2
182,ex182,task133_color_bijection,True,False,ok,"(19, 22)","(19, 22)","(19, 22)",0,task133_stencil_v2
182,ex182,task133_transpose,True,False,ok,"(22, 19)","(22, 19)","(22, 19)",0,task133_stencil_v2
182,ex182,task133_mirror_lr,True,False,ok,"(19, 22)","(19, 22)","(19, 22)",0,task133_stencil_v2
182,ex182,task133_mirror_ud,True,False,ok,"(19, 22)","(19, 22)","(19, 22)",0,task133_stencil_v2
182,ex182,task133_zero_pad_top_left,True,False,ok,"(20, 23)","(20, 23)","(20, 23)",0,task133_stencil_v2
182,ex182,task133_zero_pad_bottom_right,True,False,ok,"(20, 23)","(20, 23)","(20, 23)",0,task133_stencil_v2
183,ex183,original,True,False,ok,"(19, 26)","(19, 26)","(19, 26)",0,task133_stencil_v2
183,ex183,task133_color_bijection,True,False,ok,"(19, 26)","(19, 26)","(19, 26)",0,task133_stencil_v2
183,ex183,task133_transpose,True,False,ok,"(26, 19)","(26, 19)","(26, 19)",0,task133_stencil_v2
183,ex183,task133_mirror_lr,True,False,ok,"(19, 26)","(19, 26)","(19, 26)",0,task133_stencil_v2
183,ex183,task133_mirror_ud,True,False,ok,"(19, 26)","(19, 26)","(19, 26)",0,task133_stencil_v2
183,ex183,task133_zero_pad_top_left,True,False,ok,"(20, 27)","(20, 27)","(20, 27)",0,task133_stencil_v2
183,ex183,task133_zero_pad_bottom_right,True,False,ok,"(20, 27)","(20, 27)","(20, 27)",0,task133_stencil_v2
184,ex184,original,True,False,ok,"(24, 26)","(24, 26)","(24, 26)",0,task133_stencil_v2
184,ex184,task133_color_bijection,True,False,ok,"(24, 26)","(24, 26)","(24, 26)",0,task133_stencil_v2
184,ex184,task133_transpose,True,False,ok,"(26, 24)","(26, 24)","(26, 24)",0,task133_stencil_v2
184,ex184,task133_mirror_lr,True,False,ok,"(24, 26)","(24, 26)","(24, 26)",0,task133_stencil_v2
184,ex184,task133_mirror_ud,True,False,ok,"(24, 26)","(24, 26)","(24, 26)",0,task133_stencil_v2
184,ex184,task133_zero_pad_top_left,True,False,ok,"(25, 27)","(25, 27)","(25, 27)",0,task133_stencil_v2
184,ex184,task133_zero_pad_bottom_right,True,False,ok,"(25, 27)","(25, 27)","(25, 27)",0,task133_stencil_v2
185,ex185,original,True,False,ok,"(22, 28)","(22, 28)","(22, 28)",0,task133_stencil_v2
185,ex185,task133_color_bijection,True,False,ok,"(22, 28)","(22, 28)","(22, 28)",0,task133_stencil_v2
185,ex185,task133_transpose,True,False,ok,"(28, 22)","(28, 22)","(28, 22)",0,task133_stencil_v2
185,ex185,task133_mirror_lr,True,False,ok,"(22, 28)","(22, 28)","(22, 28)",0,task133_stencil_v2
185,ex185,task133_mirror_ud,True,False,ok,"(22, 28)","(22, 28)","(22, 28)",0,task133_stencil_v2
185,ex185,task133_zero_pad_top_left,True,False,ok,"(23, 29)","(23, 29)","(23, 29)",0,task133_stencil_v2
185,ex185,task133_zero_pad_bottom_right,True,False,ok,"(23, 29)","(23, 29)","(23, 29)",0,task133_stencil_v2
186,ex186,original,True,False,ok,"(14, 28)","(14, 28)","(14, 28)",0,task133_stencil_v2
186,ex186,task133_color_bijection,True,False,ok,"(14, 28)","(14, 28)","(14, 28)",0,task133_stencil_v2
186,ex186,task133_transpose,True,False,ok,"(28, 14)","(28, 14)","(28, 14)",0,task133_stencil_v2
186,ex186,task133_mirror_lr,True,False,ok,"(14, 28)","(14, 28)","(14, 28)",0,task133_stencil_v2
186,ex186,task133_mirror_ud,True,False,ok,"(14, 28)","(14, 28)","(14, 28)",0,task133_stencil_v2
186,ex186,task133_zero_pad_top_left,True,False,ok,"(15, 29)","(15, 29)","(15, 29)",0,task133_stencil_v2
186,ex186,task133_zero_pad_bottom_right,True,False,ok,"(15, 29)","(15, 29)","(15, 29)",0,task133_stencil_v2
187,ex187,original,True,False,ok,"(26, 28)","(26, 28)","(26, 28)",0,task133_stencil_v2
187,ex187,task133_color_bijection,True,False,ok,"(26, 28)","(26, 28)","(26, 28)",0,task133_stencil_v2
187,ex187,task133_transpose,True,False,ok,"(28, 26)","(28, 26)","(28, 26)",0,task133_stencil_v2
187,ex187,task133_mirror_lr,True,False,ok,"(26, 28)","(26, 28)","(26, 28)",0,task133_stencil_v2
187,ex187,task133_mirror_ud,True,False,ok,"(26, 28)","(26, 28)","(26, 28)",0,task133_stencil_v2
187,ex187,task133_zero_pad_top_left,True,False,ok,"(27, 29)","(27, 29)","(27, 29)",0,task133_stencil_v2
187,ex187,task133_zero_pad_bottom_right,True,False,ok,"(27, 29)","(27, 29)","(27, 29)",0,task133_stencil_v2
188,ex188,original,True,False,ok,"(15, 11)","(15, 11)","(15, 11)",0,task133_stencil_v2
188,ex188,task133_color_bijection,True,False,ok,"(15, 11)","(15, 11)","(15, 11)",0,task133_stencil_v2
188,ex188,task133_transpose,True,False,ok,"(11, 15)","(11, 15)","(11, 15)",0,task133_stencil_v2
188,ex188,task133_mirror_lr,True,False,ok,"(15, 11)","(15, 11)","(15, 11)",0,task133_stencil_v2
188,ex188,task133_mirror_ud,True,False,ok,"(15, 11)","(15, 11)","(15, 11)",0,task133_stencil_v2
188,ex188,task133_zero_pad_top_left,True,False,ok,"(16, 12)","(16, 12)","(16, 12)",0,task133_stencil_v2
188,ex188,task133_zero_pad_bottom_right,True,False,ok,"(16, 12)","(16, 12)","(16, 12)",0,task133_stencil_v2
189,ex189,original,True,False,ok,"(23, 24)","(23, 24)","(23, 24)",0,task133_stencil_v2
189,ex189,task133_color_bijection,True,False,ok,"(23, 24)","(23, 24)","(23, 24)",0,task133_stencil_v2
189,ex189,task133_transpose,True,False,ok,"(24, 23)","(24, 23)","(24, 23)",0,task133_stencil_v2
189,ex189,task133_mirror_lr,True,False,ok,"(23, 24)","(23, 24)","(23, 24)",0,task133_stencil_v2
189,ex189,task133_mirror_ud,True,False,ok,"(23, 24)","(23, 24)","(23, 24)",0,task133_stencil_v2
189,ex189,task133_zero_pad_top_left,True,False,ok,"(24, 25)","(24, 25)","(24, 25)",0,task133_stencil_v2
189,ex189,task133_zero_pad_bottom_right,True,False,ok,"(24, 25)","(24, 25)","(24, 25)",0,task133_stencil_v2
190,ex190,original,True,False,ok,"(26, 19)","(26, 19)","(26, 19)",0,task133_stencil_v2
190,ex190,task133_color_bijection,True,False,ok,"(26, 19)","(26, 19)","(26, 19)",0,task133_stencil_v2
190,ex190,task133_transpose,True,False,ok,"(19, 26)","(19, 26)","(19, 26)",0,task133_stencil_v2
190,ex190,task133_mirror_lr,True,False,ok,"(26, 19)","(26, 19)","(26, 19)",0,task133_stencil_v2
190,ex190,task133_mirror_ud,True,False,ok,"(26, 19)","(26, 19)","(26, 19)",0,task133_stencil_v2
190,ex190,task133_zero_pad_top_left,True,False,ok,"(27, 20)","(27, 20)","(27, 20)",0,task133_stencil_v2
190,ex190,task133_zero_pad_bottom_right,True,False,ok,"(27, 20)","(27, 20)","(27, 20)",0,task133_stencil_v2
191,ex191,original,True,False,ok,"(22, 26)","(22, 26)","(22, 26)",0,task133_stencil_v2
191,ex191,task133_color_bijection,True,False,ok,"(22, 26)","(22, 26)","(22, 26)",0,task133_stencil_v2
191,ex191,task133_transpose,True,False,ok,"(26, 22)","(26, 22)","(26, 22)",0,task133_stencil_v2
191,ex191,task133_mirror_lr,True,False,ok,"(22, 26)","(22, 26)","(22, 26)",0,task133_stencil_v2
191,ex191,task133_mirror_ud,True,False,ok,"(22, 26)","(22, 26)","(22, 26)",0,task133_stencil_v2
191,ex191,task133_zero_pad_top_left,True,False,ok,"(23, 27)","(23, 27)","(23, 27)",0,task133_stencil_v2
191,ex191,task133_zero_pad_bottom_right,True,False,ok,"(23, 27)","(23, 27)","(23, 27)",0,task133_stencil_v2
192,ex192,original,True,False,ok,"(24, 17)","(24, 17)","(24, 17)",0,task133_stencil_v2
192,ex192,task133_color_bijection,True,False,ok,"(24, 17)","(24, 17)","(24, 17)",0,task133_stencil_v2
192,ex192,task133_transpose,True,False,ok,"(17, 24)","(17, 24)","(17, 24)",0,task133_stencil_v2
192,ex192,task133_mirror_lr,True,False,ok,"(24, 17)","(24, 17)","(24, 17)",0,task133_stencil_v2
192,ex192,task133_mirror_ud,True,False,ok,"(24, 17)","(24, 17)","(24, 17)",0,task133_stencil_v2
192,ex192,task133_zero_pad_top_left,True,False,ok,"(25, 18)","(25, 18)","(25, 18)",0,task133_stencil_v2
192,ex192,task133_zero_pad_bottom_right,True,False,ok,"(25, 18)","(25, 18)","(25, 18)",0,task133_stencil_v2
193,ex193,original,True,False,ok,"(29, 23)","(29, 23)","(29, 23)",0,task133_stencil_v2
193,ex193,task133_color_bijection,True,False,ok,"(29, 23)","(29, 23)","(29, 23)",0,task133_stencil_v2
193,ex193,task133_transpose,True,False,ok,"(23, 29)","(23, 29)","(23, 29)",0,task133_stencil_v2
193,ex193,task133_mirror_lr,True,False,ok,"(29, 23)","(29, 23)","(29, 23)",0,task133_stencil_v2
193,ex193,task133_mirror_ud,True,False,ok,"(29, 23)","(29, 23)","(29, 23)",0,task133_stencil_v2
193,ex193,task133_zero_pad_top_left,True,False,ok,"(30, 24)","(30, 24)","(30, 24)",0,task133_stencil_v2
193,ex193,task133_zero_pad_bottom_right,True,False,ok,"(30, 24)","(30, 24)","(30, 24)",0,task133_stencil_v2
194,ex194,original,True,False,ok,"(28, 27)","(28, 27)","(28, 27)",0,task133_stencil_v2
194,ex194,task133_color_bijection,True,False,ok,"(28, 27)","(28, 27)","(28, 27)",0,task133_stencil_v2
194,ex194,task133_transpose,True,False,ok,"(27, 28)","(27, 28)","(27, 28)",0,task133_stencil_v2
194,ex194,task133_mirror_lr,True,False,ok,"(28, 27)","(28, 27)","(28, 27)",0,task133_stencil_v2
194,ex194,task133_mirror_ud,True,False,ok,"(28, 27)","(28, 27)","(28, 27)",0,task133_stencil_v2
194,ex194,task133_zero_pad_top_left,True,False,ok,"(29, 28)","(29, 28)","(29, 28)",0,task133_stencil_v2
194,ex194,task133_zero_pad_bottom_right,True,False,ok,"(29, 28)","(29, 28)","(29, 28)",0,task133_stencil_v2
195,ex195,original,True,False,ok,"(13, 29)","(13, 29)","(13, 29)",0,task133_stencil_v2
195,ex195,task133_color_bijection,True,False,ok,"(13, 29)","(13, 29)","(13, 29)",0,task133_stencil_v2
195,ex195,task133_transpose,True,False,ok,"(29, 13)","(29, 13)","(29, 13)",0,task133_stencil_v2
195,ex195,task133_mirror_lr,True,False,ok,"(13, 29)","(13, 29)","(13, 29)",0,task133_stencil_v2
195,ex195,task133_mirror_ud,True,False,ok,"(13, 29)","(13, 29)","(13, 29)",0,task133_stencil_v2
195,ex195,task133_zero_pad_top_left,True,False,ok,"(14, 30)","(14, 30)","(14, 30)",0,task133_stencil_v2
195,ex195,task133_zero_pad_bottom_right,True,False,ok,"(14, 30)","(14, 30)","(14, 30)",0,task133_stencil_v2
196,ex196,original,True,False,ok,"(29, 14)","(29, 14)","(29, 14)",0,task133_stencil_v2
196,ex196,task133_color_bijection,True,False,ok,"(29, 14)","(29, 14)","(29, 14)",0,task133_stencil_v2
196,ex196,task133_transpose,True,False,ok,"(14, 29)","(14, 29)","(14, 29)",0,task133_stencil_v2
196,ex196,task133_mirror_lr,True,False,ok,"(29, 14)","(29, 14)","(29, 14)",0,task133_stencil_v2
196,ex196,task133_mirror_ud,True,False,ok,"(29, 14)","(29, 14)","(29, 14)",0,task133_stencil_v2
196,ex196,task133_zero_pad_top_left,True,False,ok,"(30, 15)","(30, 15)","(30, 15)",0,task133_stencil_v2
196,ex196,task133_zero_pad_bottom_right,True,False,ok,"(30, 15)","(30, 15)","(30, 15)",0,task133_stencil_v2
197,ex197,original,True,False,ok,"(13, 26)","(13, 26)","(13, 26)",0,task133_stencil_v2
197,ex197,task133_color_bijection,True,False,ok,"(13, 26)","(13, 26)","(13, 26)",0,task133_stencil_v2
197,ex197,task133_transpose,True,False,ok,"(26, 13)","(26, 13)","(26, 13)",0,task133_stencil_v2
197,ex197,task133_mirror_lr,True,False,ok,"(13, 26)","(13, 26)","(13, 26)",0,task133_stencil_v2
197,ex197,task133_mirror_ud,True,False,ok,"(13, 26)","(13, 26)","(13, 26)",0,task133_stencil_v2
197,ex197,task133_zero_pad_top_left,True,False,ok,"(14, 27)","(14, 27)","(14, 27)",0,task133_stencil_v2
197,ex197,task133_zero_pad_bottom_right,True,False,ok,"(14, 27)","(14, 27)","(14, 27)",0,task133_stencil_v2
198,ex198,original,True,False,ok,"(27, 18)","(27, 18)","(27, 18)",0,task133_stencil_v2
198,ex198,task133_color_bijection,True,False,ok,"(27, 18)","(27, 18)","(27, 18)",0,task133_stencil_v2
198,ex198,task133_transpose,True,False,ok,"(18, 27)","(18, 27)","(18, 27)",0,task133_stencil_v2
198,ex198,task133_mirror_lr,True,False,ok,"(27, 18)","(27, 18)","(27, 18)",0,task133_stencil_v2
198,ex198,task133_mirror_ud,True,False,ok,"(27, 18)","(27, 18)","(27, 18)",0,task133_stencil_v2
198,ex198,task133_zero_pad_top_left,True,False,ok,"(28, 19)","(28, 19)","(28, 19)",0,task133_stencil_v2
198,ex198,task133_zero_pad_bottom_right,True,False,ok,"(28, 19)","(28, 19)","(28, 19)",0,task133_stencil_v2
199,ex199,original,True,False,ok,"(26, 19)","(26, 19)","(26, 19)",0,task133_stencil_v2
199,ex199,task133_color_bijection,True,False,ok,"(26, 19)","(26, 19)","(26, 19)",0,task133_stencil_v2
199,ex199,task133_transpose,True,False,ok,"(19, 26)","(19, 26)","(19, 26)",0,task133_stencil_v2
199,ex199,task133_mirror_lr,True,False,ok,"(26, 19)","(26, 19)","(26, 19)",0,task133_stencil_v2
199,ex199,task133_mirror_ud,True,False,ok,"(26, 19)","(26, 19)","(26, 19)",0,task133_stencil_v2
199,ex199,task133_zero_pad_top_left,True,False,ok,"(27, 20)","(27, 20)","(27, 20)",0,task133_stencil_v2
199,ex199,task133_zero_pad_bottom_right,True,False,ok,"(27, 20)","(27, 20)","(27, 20)",0,task133_stencil_v2
200,ex200,original,True,False,ok,"(23, 27)","(23, 27)","(23, 27)",0,task133_stencil_v2
200,ex200,task133_color_bijection,True,False,ok,"(23, 27)","(23, 27)","(23, 27)",0,task133_stencil_v2
200,ex200,task133_transpose,True,False,ok,"(27, 23)","(27, 23)","(27, 23)",0,task133_stencil_v2
200,ex200,task133_mirror_lr,True,False,ok,"(23, 27)","(23, 27)","(23, 27)",0,task133_stencil_v2
200,ex200,task133_mirror_ud,True,False,ok,"(23, 27)","(23, 27)","(23, 27)",0,task133_stencil_v2
200,ex200,task133_zero_pad_top_left,True,False,ok,"(24, 28)","(24, 28)","(24, 28)",0,task133_stencil_v2
200,ex200,task133_zero_pad_bottom_right,True,False,ok,"(24, 28)","(24, 28)","(24, 28)",0,task133_stencil_v2
201,ex201,original,True,False,ok,"(18, 30)","(18, 30)","(18, 30)",0,task133_stencil_v2
201,ex201,task133_color_bijection,True,False,ok,"(18, 30)","(18, 30)","(18, 30)",0,task133_stencil_v2
201,ex201,task133_transpose,True,False,ok,"(30, 18)","(30, 18)","(30, 18)",0,task133_stencil_v2
201,ex201,task133_mirror_lr,True,False,ok,"(18, 30)","(18, 30)","(18, 30)",0,task133_stencil_v2
201,ex201,task133_mirror_ud,True,False,ok,"(18, 30)","(18, 30)","(18, 30)",0,task133_stencil_v2
201,ex201,task133_zero_pad_top_left,False,True,"input_shape_exceeds_limit:(19, 31)>(30, 30)","(19, 31)","(19, 31)",,,
201,ex201,task133_zero_pad_bottom_right,False,True,"input_shape_exceeds_limit:(19, 31)>(30, 30)","(19, 31)","(19, 31)",,,
202,ex202,original,True,False,ok,"(23, 20)","(23, 20)","(23, 20)",0,task133_stencil_v2
202,ex202,task133_color_bijection,True,False,ok,"(23, 20)","(23, 20)","(23, 20)",0,task133_stencil_v2
202,ex202,task133_transpose,True,False,ok,"(20, 23)","(20, 23)","(20, 23)",0,task133_stencil_v2
202,ex202,task133_mirror_lr,True,False,ok,"(23, 20)","(23, 20)","(23, 20)",0,task133_stencil_v2
202,ex202,task133_mirror_ud,True,False,ok,"(23, 20)","(23, 20)","(23, 20)",0,task133_stencil_v2
202,ex202,task133_zero_pad_top_left,True,False,ok,"(24, 21)","(24, 21)","(24, 21)",0,task133_stencil_v2
202,ex202,task133_zero_pad_bottom_right,True,False,ok,"(24, 21)","(24, 21)","(24, 21)",0,task133_stencil_v2
203,ex203,original,True,False,ok,"(26, 30)","(26, 30)","(26, 30)",0,task133_stencil_v2
203,ex203,task133_color_bijection,True,False,ok,"(26, 30)","(26, 30)","(26, 30)",0,task133_stencil_v2
203,ex203,task133_transpose,True,False,ok,"(30, 26)","(30, 26)","(30, 26)",0,task133_stencil_v2
203,ex203,task133_mirror_lr,True,False,ok,"(26, 30)","(26, 30)","(26, 30)",0,task133_stencil_v2
203,ex203,task133_mirror_ud,True,False,ok,"(26, 30)","(26, 30)","(26, 30)",0,task133_stencil_v2
203,ex203,task133_zero_pad_top_left,False,True,"input_shape_exceeds_limit:(27, 31)>(30, 30)","(27, 31)","(27, 31)",,,
203,ex203,task133_zero_pad_bottom_right,False,True,"input_shape_exceeds_limit:(27, 31)>(30, 30)","(27, 31)","(27, 31)",,,
204,ex204,original,True,False,ok,"(29, 17)","(29, 17)","(29, 17)",0,task133_stencil_v2
204,ex204,task133_color_bijection,True,False,ok,"(29, 17)","(29, 17)","(29, 17)",0,task133_stencil_v2
204,ex204,task133_transpose,True,False,ok,"(17, 29)","(17, 29)","(17, 29)",0,task133_stencil_v2
204,ex204,task133_mirror_lr,True,False,ok,"(29, 17)","(29, 17)","(29, 17)",0,task133_stencil_v2
204,ex204,task133_mirror_ud,True,False,ok,"(29, 17)","(29, 17)","(29, 17)",0,task133_stencil_v2
204,ex204,task133_zero_pad_top_left,True,False,ok,"(30, 18)","(30, 18)","(30, 18)",0,task133_stencil_v2
204,ex204,task133_zero_pad_bottom_right,True,False,ok,"(30, 18)","(30, 18)","(30, 18)",0,task133_stencil_v2
205,ex205,original,True,False,ok,"(11, 14)","(11, 14)","(11, 14)",0,task133_stencil_v2
205,ex205,task133_color_bijection,True,False,ok,"(11, 14)","(11, 14)","(11, 14)",0,task133_stencil_v2
205,ex205,task133_transpose,True,False,ok,"(14, 11)","(14, 11)","(14, 11)",0,task133_stencil_v2
205,ex205,task133_mirror_lr,True,False,ok,"(11, 14)","(11, 14)","(11, 14)",0,task133_stencil_v2
205,ex205,task133_mirror_ud,True,False,ok,"(11, 14)","(11, 14)","(11, 14)",0,task133_stencil_v2
205,ex205,task133_zero_pad_top_left,True,False,ok,"(12, 15)","(12, 15)","(12, 15)",0,task133_stencil_v2
205,ex205,task133_zero_pad_bottom_right,True,False,ok,"(12, 15)","(12, 15)","(12, 15)",0,task133_stencil_v2
206,ex206,original,True,False,ok,"(28, 19)","(28, 19)","(28, 19)",0,task133_stencil_v2
206,ex206,task133_color_bijection,True,False,ok,"(28, 19)","(28, 19)","(28, 19)",0,task133_stencil_v2
206,ex206,task133_transpose,True,False,ok,"(19, 28)","(19, 28)","(19, 28)",0,task133_stencil_v2
206,ex206,task133_mirror_lr,True,False,ok,"(28, 19)","(28, 19)","(28, 19)",0,task133_stencil_v2
206,ex206,task133_mirror_ud,True,False,ok,"(28, 19)","(28, 19)","(28, 19)",0,task133_stencil_v2
206,ex206,task133_zero_pad_top_left,True,False,ok,"(29, 20)","(29, 20)","(29, 20)",0,task133_stencil_v2
206,ex206,task133_zero_pad_bottom_right,True,False,ok,"(29, 20)","(29, 20)","(29, 20)",0,task133_stencil_v2
207,ex207,original,True,False,ok,"(29, 26)","(29, 26)","(29, 26)",0,task133_stencil_v2
207,ex207,task133_color_bijection,True,False,ok,"(29, 26)","(29, 26)","(29, 26)",0,task133_stencil_v2
207,ex207,task133_transpose,True,False,ok,"(26, 29)","(26, 29)","(26, 29)",0,task133_stencil_v2
207,ex207,task133_mirror_lr,True,False,ok,"(29, 26)","(29, 26)","(29, 26)",0,task133_stencil_v2
207,ex207,task133_mirror_ud,True,False,ok,"(29, 26)","(29, 26)","(29, 26)",0,task133_stencil_v2
207,ex207,task133_zero_pad_top_left,True,False,ok,"(30, 27)","(30, 27)","(30, 27)",0,task133_stencil_v2
207,ex207,task133_zero_pad_bottom_right,True,False,ok,"(30, 27)","(30, 27)","(30, 27)",0,task133_stencil_v2
208,ex208,original,True,False,ok,"(28, 30)","(28, 30)","(28, 30)",0,task133_stencil_v2
208,ex208,task133_color_bijection,True,False,ok,"(28, 30)","(28, 30)","(28, 30)",0,task133_stencil_v2
208,ex208,task133_transpose,True,False,ok,"(30, 28)","(30, 28)","(30, 28)",0,task133_stencil_v2
208,ex208,task133_mirror_lr,True,False,ok,"(28, 30)","(28, 30)","(28, 30)",0,task133_stencil_v2
208,ex208,task133_mirror_ud,True,False,ok,"(28, 30)","(28, 30)","(28, 30)",0,task133_stencil_v2
208,ex208,task133_zero_pad_top_left,False,True,"input_shape_exceeds_limit:(29, 31)>(30, 30)","(29, 31)","(29, 31)",,,
208,ex208,task133_zero_pad_bottom_right,False,True,"input_shape_exceeds_limit:(29, 31)>(30, 30)","(29, 31)","(29, 31)",,,
209,ex209,original,True,False,ok,"(22, 26)","(22, 26)","(22, 26)",0,task133_stencil_v2
209,ex209,task133_color_bijection,True,False,ok,"(22, 26)","(22, 26)","(22, 26)",0,task133_stencil_v2
209,ex209,task133_transpose,True,False,ok,"(26, 22)","(26, 22)","(26, 22)",0,task133_stencil_v2
209,ex209,task133_mirror_lr,True,False,ok,"(22, 26)","(22, 26)","(22, 26)",0,task133_stencil_v2
209,ex209,task133_mirror_ud,True,False,ok,"(22, 26)","(22, 26)","(22, 26)",0,task133_stencil_v2
209,ex209,task133_zero_pad_top_left,True,False,ok,"(23, 27)","(23, 27)","(23, 27)",0,task133_stencil_v2
209,ex209,task133_zero_pad_bottom_right,True,False,ok,"(23, 27)","(23, 27)","(23, 27)",0,task133_stencil_v2
210,ex210,original,True,False,ok,"(15, 21)","(15, 21)","(15, 21)",0,task133_stencil_v2
210,ex210,task133_color_bijection,True,False,ok,"(15, 21)","(15, 21)","(15, 21)",0,task133_stencil_v2
210,ex210,task133_transpose,True,False,ok,"(21, 15)","(21, 15)","(21, 15)",0,task133_stencil_v2
210,ex210,task133_mirror_lr,True,False,ok,"(15, 21)","(15, 21)","(15, 21)",0,task133_stencil_v2
210,ex210,task133_mirror_ud,True,False,ok,"(15, 21)","(15, 21)","(15, 21)",0,task133_stencil_v2
210,ex210,task133_zero_pad_top_left,True,False,ok,"(16, 22)","(16, 22)","(16, 22)",0,task133_stencil_v2
210,ex210,task133_zero_pad_bottom_right,True,False,ok,"(16, 22)","(16, 22)","(16, 22)",0,task133_stencil_v2
211,ex211,original,True,False,ok,"(27, 16)","(27, 16)","(27, 16)",0,task133_stencil_v2
211,ex211,task133_color_bijection,True,False,ok,"(27, 16)","(27, 16)","(27, 16)",0,task133_stencil_v2
211,ex211,task133_transpose,True,False,ok,"(16, 27)","(16, 27)","(16, 27)",0,task133_stencil_v2
211,ex211,task133_mirror_lr,True,False,ok,"(27, 16)","(27, 16)","(27, 16)",0,task133_stencil_v2
211,ex211,task133_mirror_ud,True,False,ok,"(27, 16)","(27, 16)","(27, 16)",0,task133_stencil_v2
211,ex211,task133_zero_pad_top_left,True,False,ok,"(28, 17)","(28, 17)","(28, 17)",0,task133_stencil_v2
211,ex211,task133_zero_pad_bottom_right,True,False,ok,"(28, 17)","(28, 17)","(28, 17)",0,task133_stencil_v2
212,ex212,original,True,False,ok,"(30, 24)","(30, 24)","(30, 24)",0,task133_stencil_v2
212,ex212,task133_color_bijection,True,False,ok,"(30, 24)","(30, 24)","(30, 24)",0,task133_stencil_v2
212,ex212,task133_transpose,True,False,ok,"(24, 30)","(24, 30)","(24, 30)",0,task133_stencil_v2
212,ex212,task133_mirror_lr,True,False,ok,"(30, 24)","(30, 24)","(30, 24)",0,task133_stencil_v2
212,ex212,task133_mirror_ud,True,False,ok,"(30, 24)","(30, 24)","(30, 24)",0,task133_stencil_v2
212,ex212,task133_zero_pad_top_left,False,True,"input_shape_exceeds_limit:(31, 25)>(30, 30)","(31, 25)","(31, 25)",,,
212,ex212,task133_zero_pad_bottom_right,False,True,"input_shape_exceeds_limit:(31, 25)>(30, 30)","(31, 25)","(31, 25)",,,
213,ex213,original,True,False,ok,"(22, 25)","(22, 25)","(22, 25)",0,task133_stencil_v2
213,ex213,task133_color_bijection,True,False,ok,"(22, 25)","(22, 25)","(22, 25)",0,task133_stencil_v2
213,ex213,task133_transpose,True,False,ok,"(25, 22)","(25, 22)","(25, 22)",0,task133_stencil_v2
213,ex213,task133_mirror_lr,True,False,ok,"(22, 25)","(22, 25)","(22, 25)",0,task133_stencil_v2
213,ex213,task133_mirror_ud,True,False,ok,"(22, 25)","(22, 25)","(22, 25)",0,task133_stencil_v2
213,ex213,task133_zero_pad_top_left,True,False,ok,"(23, 26)","(23, 26)","(23, 26)",0,task133_stencil_v2
213,ex213,task133_zero_pad_bottom_right,True,False,ok,"(23, 26)","(23, 26)","(23, 26)",0,task133_stencil_v2
214,ex214,original,True,False,ok,"(30, 26)","(30, 26)","(30, 26)",0,task133_stencil_v2
214,ex214,task133_color_bijection,True,False,ok,"(30, 26)","(30, 26)","(30, 26)",0,task133_stencil_v2
214,ex214,task133_transpose,True,False,ok,"(26, 30)","(26, 30)","(26, 30)",0,task133_stencil_v2
214,ex214,task133_mirror_lr,True,False,ok,"(30, 26)","(30, 26)","(30, 26)",0,task133_stencil_v2
214,ex214,task133_mirror_ud,True,False,ok,"(30, 26)","(30, 26)","(30, 26)",0,task133_stencil_v2
214,ex214,task133_zero_pad_top_left,False,True,"input_shape_exceeds_limit:(31, 27)>(30, 30)","(31, 27)","(31, 27)",,,
214,ex214,task133_zero_pad_bottom_right,False,True,"input_shape_exceeds_limit:(31, 27)>(30, 30)","(31, 27)","(31, 27)",,,
215,ex215,original,True,False,ok,"(16, 25)","(16, 25)","(16, 25)",0,task133_stencil_v2
215,ex215,task133_color_bijection,True,False,ok,"(16, 25)","(16, 25)","(16, 25)",0,task133_stencil_v2
215,ex215,task133_transpose,True,False,ok,"(25, 16)","(25, 16)","(25, 16)",0,task133_stencil_v2
215,ex215,task133_mirror_lr,True,False,ok,"(16, 25)","(16, 25)","(16, 25)",0,task133_stencil_v2
215,ex215,task133_mirror_ud,True,False,ok,"(16, 25)","(16, 25)","(16, 25)",0,task133_stencil_v2
215,ex215,task133_zero_pad_top_left,True,False,ok,"(17, 26)","(17, 26)","(17, 26)",0,task133_stencil_v2
215,ex215,task133_zero_pad_bottom_right,True,False,ok,"(17, 26)","(17, 26)","(17, 26)",0,task133_stencil_v2
216,ex216,original,True,False,ok,"(27, 26)","(27, 26)","(27, 26)",0,task133_stencil_v2
216,ex216,task133_color_bijection,True,False,ok,"(27, 26)","(27, 26)","(27, 26)",0,task133_stencil_v2
216,ex216,task133_transpose,True,False,ok,"(26, 27)","(26, 27)","(26, 27)",0,task133_stencil_v2
216,ex216,task133_mirror_lr,True,False,ok,"(27, 26)","(27, 26)","(27, 26)",0,task133_stencil_v2
216,ex216,task133_mirror_ud,True,False,ok,"(27, 26)","(27, 26)","(27, 26)",0,task133_stencil_v2
216,ex216,task133_zero_pad_top_left,True,False,ok,"(28, 27)","(28, 27)","(28, 27)",0,task133_stencil_v2
216,ex216,task133_zero_pad_bottom_right,True,False,ok,"(28, 27)","(28, 27)","(28, 27)",0,task133_stencil_v2
217,ex217,original,True,False,ok,"(20, 12)","(20, 12)","(20, 12)",0,task133_stencil_v2
217,ex217,task133_color_bijection,True,False,ok,"(20, 12)","(20, 12)","(20, 12)",0,task133_stencil_v2
217,ex217,task133_transpose,True,False,ok,"(12, 20)","(12, 20)","(12, 20)",0,task133_stencil_v2
217,ex217,task133_mirror_lr,True,False,ok,"(20, 12)","(20, 12)","(20, 12)",0,task133_stencil_v2
217,ex217,task133_mirror_ud,True,False,ok,"(20, 12)","(20, 12)","(20, 12)",0,task133_stencil_v2
217,ex217,task133_zero_pad_top_left,True,False,ok,"(21, 13)","(21, 13)","(21, 13)",0,task133_stencil_v2
217,ex217,task133_zero_pad_bottom_right,True,False,ok,"(21, 13)","(21, 13)","(21, 13)",0,task133_stencil_v2
218,ex218,original,True,False,ok,"(27, 29)","(27, 29)","(27, 29)",0,task133_stencil_v2
218,ex218,task133_color_bijection,True,False,ok,"(27, 29)","(27, 29)","(27, 29)",0,task133_stencil_v2
218,ex218,task133_transpose,True,False,ok,"(29, 27)","(29, 27)","(29, 27)",0,task133_stencil_v2
218,ex218,task133_mirror_lr,True,False,ok,"(27, 29)","(27, 29)","(27, 29)",0,task133_stencil_v2
218,ex218,task133_mirror_ud,True,False,ok,"(27, 29)","(27, 29)","(27, 29)",0,task133_stencil_v2
218,ex218,task133_zero_pad_top_left,True,False,ok,"(28, 30)","(28, 30)","(28, 30)",0,task133_stencil_v2
218,ex218,task133_zero_pad_bottom_right,True,False,ok,"(28, 30)","(28, 30)","(28, 30)",0,task133_stencil_v2
219,ex219,original,True,False,ok,"(30, 27)","(30, 27)","(30, 27)",0,task133_stencil_v2
219,ex219,task133_color_bijection,True,False,ok,"(30, 27)","(30, 27)","(30, 27)",0,task133_stencil_v2
219,ex219,task133_transpose,True,False,ok,"(27, 30)","(27, 30)","(27, 30)",0,task133_stencil_v2
219,ex219,task133_mirror_lr,True,False,ok,"(30, 27)","(30, 27)","(30, 27)",0,task133_stencil_v2
219,ex219,task133_mirror_ud,True,False,ok,"(30, 27)","(30, 27)","(30, 27)",0,task133_stencil_v2
219,ex219,task133_zero_pad_top_left,False,True,"input_shape_exceeds_limit:(31, 28)>(30, 30)","(31, 28)","(31, 28)",,,
219,ex219,task133_zero_pad_bottom_right,False,True,"input_shape_exceeds_limit:(31, 28)>(30, 30)","(31, 28)","(31, 28)",,,
220,ex220,original,True,False,ok,"(29, 27)","(29, 27)","(29, 27)",0,task133_stencil_v2
220,ex220,task133_color_bijection,True,False,ok,"(29, 27)","(29, 27)","(29, 27)",0,task133_stencil_v2
220,ex220,task133_transpose,True,False,ok,"(27, 29)","(27, 29)","(27, 29)",0,task133_stencil_v2
220,ex220,task133_mirror_lr,True,False,ok,"(29, 27)","(29, 27)","(29, 27)",0,task133_stencil_v2
220,ex220,task133_mirror_ud,True,False,ok,"(29, 27)","(29, 27)","(29, 27)",0,task133_stencil_v2
220,ex220,task133_zero_pad_top_left,True,False,ok,"(30, 28)","(30, 28)","(30, 28)",0,task133_stencil_v2
220,ex220,task133_zero_pad_bottom_right,True,False,ok,"(30, 28)","(30, 28)","(30, 28)",0,task133_stencil_v2
221,ex221,original,True,False,ok,"(22, 21)","(22, 21)","(22, 21)",0,task133_stencil_v2
221,ex221,task133_color_bijection,True,False,ok,"(22, 21)","(22, 21)","(22, 21)",0,task133_stencil_v2
221,ex221,task133_transpose,True,False,ok,"(21, 22)","(21, 22)","(21, 22)",0,task133_stencil_v2
221,ex221,task133_mirror_lr,True,False,ok,"(22, 21)","(22, 21)","(22, 21)",0,task133_stencil_v2
221,ex221,task133_mirror_ud,True,False,ok,"(22, 21)","(22, 21)","(22, 21)",0,task133_stencil_v2
221,ex221,task133_zero_pad_top_left,True,False,ok,"(23, 22)","(23, 22)","(23, 22)",0,task133_stencil_v2
221,ex221,task133_zero_pad_bottom_right,True,False,ok,"(23, 22)","(23, 22)","(23, 22)",0,task133_stencil_v2
222,ex222,original,True,False,ok,"(27, 23)","(27, 23)","(27, 23)",0,task133_stencil_v2
222,ex222,task133_color_bijection,True,False,ok,"(27, 23)","(27, 23)","(27, 23)",0,task133_stencil_v2
222,ex222,task133_transpose,True,False,ok,"(23, 27)","(23, 27)","(23, 27)",0,task133_stencil_v2
222,ex222,task133_mirror_lr,True,False,ok,"(27, 23)","(27, 23)","(27, 23)",0,task133_stencil_v2
222,ex222,task133_mirror_ud,True,False,ok,"(27, 23)","(27, 23)","(27, 23)",0,task133_stencil_v2
222,ex222,task133_zero_pad_top_left,True,False,ok,"(28, 24)","(28, 24)","(28, 24)",0,task133_stencil_v2
222,ex222,task133_zero_pad_bottom_right,True,False,ok,"(28, 24)","(28, 24)","(28, 24)",0,task133_stencil_v2
223,ex223,original,True,False,ok,"(26, 27)","(26, 27)","(26, 27)",0,task133_stencil_v2
223,ex223,task133_color_bijection,True,False,ok,"(26, 27)","(26, 27)","(26, 27)",0,task133_stencil_v2
223,ex223,task133_transpose,True,False,ok,"(27, 26)","(27, 26)","(27, 26)",0,task133_stencil_v2
223,ex223,task133_mirror_lr,True,False,ok,"(26, 27)","(26, 27)","(26, 27)",0,task133_stencil_v2
223,ex223,task133_mirror_ud,True,False,ok,"(26, 27)","(26, 27)","(26, 27)",0,task133_stencil_v2
223,ex223,task133_zero_pad_top_left,True,False,ok,"(27, 28)","(27, 28)","(27, 28)",0,task133_stencil_v2
223,ex223,task133_zero_pad_bottom_right,True,False,ok,"(27, 28)","(27, 28)","(27, 28)",0,task133_stencil_v2
224,ex224,original,True,False,ok,"(29, 23)","(29, 23)","(29, 23)",0,task133_stencil_v2
224,ex224,task133_color_bijection,True,False,ok,"(29, 23)","(29, 23)","(29, 23)",0,task133_stencil_v2
224,ex224,task133_transpose,True,False,ok,"(23, 29)","(23, 29)","(23, 29)",0,task133_stencil_v2
224,ex224,task133_mirror_lr,True,False,ok,"(29, 23)","(29, 23)","(29, 23)",0,task133_stencil_v2
224,ex224,task133_mirror_ud,True,False,ok,"(29, 23)","(29, 23)","(29, 23)",0,task133_stencil_v2
224,ex224,task133_zero_pad_top_left,True,False,ok,"(30, 24)","(30, 24)","(30, 24)",0,task133_stencil_v2
224,ex224,task133_zero_pad_bottom_right,True,False,ok,"(30, 24)","(30, 24)","(30, 24)",0,task133_stencil_v2
225,ex225,original,True,False,ok,"(14, 23)","(14, 23)","(14, 23)",0,task133_stencil_v2
225,ex225,task133_color_bijection,True,False,ok,"(14, 23)","(14, 23)","(14, 23)",0,task133_stencil_v2
225,ex225,task133_transpose,True,False,ok,"(23, 14)","(23, 14)","(23, 14)",0,task133_stencil_v2
225,ex225,task133_mirror_lr,True,False,ok,"(14, 23)","(14, 23)","(14, 23)",0,task133_stencil_v2
225,ex225,task133_mirror_ud,True,False,ok,"(14, 23)","(14, 23)","(14, 23)",0,task133_stencil_v2
225,ex225,task133_zero_pad_top_left,True,False,ok,"(15, 24)","(15, 24)","(15, 24)",0,task133_stencil_v2
225,ex225,task133_zero_pad_bottom_right,True,False,ok,"(15, 24)","(15, 24)","(15, 24)",0,task133_stencil_v2
226,ex226,original,True,False,ok,"(26, 26)","(26, 26)","(26, 26)",0,task133_stencil_v2
226,ex226,task133_color_bijection,True,False,ok,"(26, 26)","(26, 26)","(26, 26)",0,task133_stencil_v2
226,ex226,task133_transpose,True,False,ok,"(26, 26)","(26, 26)","(26, 26)",0,task133_stencil_v2
226,ex226,task133_mirror_lr,True,False,ok,"(26, 26)","(26, 26)","(26, 26)",0,task133_stencil_v2
226,ex226,task133_mirror_ud,True,False,ok,"(26, 26)","(26, 26)","(26, 26)",0,task133_stencil_v2
226,ex226,task133_zero_pad_top_left,True,False,ok,"(27, 27)","(27, 27)","(27, 27)",0,task133_stencil_v2
226,ex226,task133_zero_pad_bottom_right,True,False,ok,"(27, 27)","(27, 27)","(27, 27)",0,task133_stencil_v2
227,ex227,original,True,False,ok,"(24, 17)","(24, 17)","(24, 17)",0,task133_stencil_v2
227,ex227,task133_color_bijection,True,False,ok,"(24, 17)","(24, 17)","(24, 17)",0,task133_stencil_v2
227,ex227,task133_transpose,True,False,ok,"(17, 24)","(17, 24)","(17, 24)",0,task133_stencil_v2
227,ex227,task133_mirror_lr,True,False,ok,"(24, 17)","(24, 17)","(24, 17)",0,task133_stencil_v2
227,ex227,task133_mirror_ud,True,False,ok,"(24, 17)","(24, 17)","(24, 17)",0,task133_stencil_v2
227,ex227,task133_zero_pad_top_left,True,False,ok,"(25, 18)","(25, 18)","(25, 18)",0,task133_stencil_v2
227,ex227,task133_zero_pad_bottom_right,True,False,ok,"(25, 18)","(25, 18)","(25, 18)",0,task133_stencil_v2
228,ex228,original,True,False,ok,"(27, 30)","(27, 30)","(27, 30)",0,task133_stencil_v2
228,ex228,task133_color_bijection,True,False,ok,"(27, 30)","(27, 30)","(27, 30)",0,task133_stencil_v2
228,ex228,task133_transpose,True,False,ok,"(30, 27)","(30, 27)","(30, 27)",0,task133_stencil_v2
228,ex228,task133_mirror_lr,True,False,ok,"(27, 30)","(27, 30)","(27, 30)",0,task133_stencil_v2
228,ex228,task133_mirror_ud,True,False,ok,"(27, 30)","(27, 30)","(27, 30)",0,task133_stencil_v2
228,ex228,task133_zero_pad_top_left,False,True,"input_shape_exceeds_limit:(28, 31)>(30, 30)","(28, 31)","(28, 31)",,,
228,ex228,task133_zero_pad_bottom_right,False,True,"input_shape_exceeds_limit:(28, 31)>(30, 30)","(28, 31)","(28, 31)",,,
229,ex229,original,True,False,ok,"(20, 28)","(20, 28)","(20, 28)",0,task133_stencil_v2
229,ex229,task133_color_bijection,True,False,ok,"(20, 28)","(20, 28)","(20, 28)",0,task133_stencil_v2
229,ex229,task133_transpose,True,False,ok,"(28, 20)","(28, 20)","(28, 20)",0,task133_stencil_v2
229,ex229,task133_mirror_lr,True,False,ok,"(20, 28)","(20, 28)","(20, 28)",0,task133_stencil_v2
229,ex229,task133_mirror_ud,True,False,ok,"(20, 28)","(20, 28)","(20, 28)",0,task133_stencil_v2
229,ex229,task133_zero_pad_top_left,True,False,ok,"(21, 29)","(21, 29)","(21, 29)",0,task133_stencil_v2
229,ex229,task133_zero_pad_bottom_right,True,False,ok,"(21, 29)","(21, 29)","(21, 29)",0,task133_stencil_v2
230,ex230,original,True,False,ok,"(12, 29)","(12, 29)","(12, 29)",0,task133_stencil_v2
230,ex230,task133_color_bijection,True,False,ok,"(12, 29)","(12, 29)","(12, 29)",0,task133_stencil_v2
230,ex230,task133_transpose,True,False,ok,"(29, 12)","(29, 12)","(29, 12)",0,task133_stencil_v2
230,ex230,task133_mirror_lr,True,False,ok,"(12, 29)","(12, 29)","(12, 29)",0,task133_stencil_v2
230,ex230,task133_mirror_ud,True,False,ok,"(12, 29)","(12, 29)","(12, 29)",0,task133_stencil_v2
230,ex230,task133_zero_pad_top_left,True,False,ok,"(13, 30)","(13, 30)","(13, 30)",0,task133_stencil_v2
230,ex230,task133_zero_pad_bottom_right,True,False,ok,"(13, 30)","(13, 30)","(13, 30)",0,task133_stencil_v2
231,ex231,original,True,False,ok,"(17, 12)","(17, 12)","(17, 12)",0,task133_stencil_v2
231,ex231,task133_color_bijection,True,False,ok,"(17, 12)","(17, 12)","(17, 12)",0,task133_stencil_v2
231,ex231,task133_transpose,True,False,ok,"(12, 17)","(12, 17)","(12, 17)",0,task133_stencil_v2
231,ex231,task133_mirror_lr,True,False,ok,"(17, 12)","(17, 12)","(17, 12)",0,task133_stencil_v2
231,ex231,task133_mirror_ud,True,False,ok,"(17, 12)","(17, 12)","(17, 12)",0,task133_stencil_v2
231,ex231,task133_zero_pad_top_left,True,False,ok,"(18, 13)","(18, 13)","(18, 13)",0,task133_stencil_v2
231,ex231,task133_zero_pad_bottom_right,True,False,ok,"(18, 13)","(18, 13)","(18, 13)",0,task133_stencil_v2
232,ex232,original,True,False,ok,"(19, 23)","(19, 23)","(19, 23)",0,task133_stencil_v2
232,ex232,task133_color_bijection,True,False,ok,"(19, 23)","(19, 23)","(19, 23)",0,task133_stencil_v2
232,ex232,task133_transpose,True,False,ok,"(23, 19)","(23, 19)","(23, 19)",0,task133_stencil_v2
232,ex232,task133_mirror_lr,True,False,ok,"(19, 23)","(19, 23)","(19, 23)",0,task133_stencil_v2
232,ex232,task133_mirror_ud,True,False,ok,"(19, 23)","(19, 23)","(19, 23)",0,task133_stencil_v2
232,ex232,task133_zero_pad_top_left,True,False,ok,"(20, 24)","(20, 24)","(20, 24)",0,task133_stencil_v2
232,ex232,task133_zero_pad_bottom_right,True,False,ok,"(20, 24)","(20, 24)","(20, 24)",0,task133_stencil_v2
233,ex233,original,True,False,ok,"(30, 25)","(30, 25)","(30, 25)",0,task133_stencil_v2
233,ex233,task133_color_bijection,True,False,ok,"(30, 25)","(30, 25)","(30, 25)",0,task133_stencil_v2
233,ex233,task133_transpose,True,False,ok,"(25, 30)","(25, 30)","(25, 30)",0,task133_stencil_v2
233,ex233,task133_mirror_lr,True,False,ok,"(30, 25)","(30, 25)","(30, 25)",0,task133_stencil_v2
233,ex233,task133_mirror_ud,True,False,ok,"(30, 25)","(30, 25)","(30, 25)",0,task133_stencil_v2
233,ex233,task133_zero_pad_top_left,False,True,"input_shape_exceeds_limit:(31, 26)>(30, 30)","(31, 26)","(31, 26)",,,
233,ex233,task133_zero_pad_bottom_right,False,True,"input_shape_exceeds_limit:(31, 26)>(30, 30)","(31, 26)","(31, 26)",,,
234,ex234,original,True,False,ok,"(10, 26)","(10, 26)","(10, 26)",0,task133_stencil_v2
234,ex234,task133_color_bijection,True,False,ok,"(10, 26)","(10, 26)","(10, 26)",0,task133_stencil_v2
234,ex234,task133_transpose,True,False,ok,"(26, 10)","(26, 10)","(26, 10)",0,task133_stencil_v2
234,ex234,task133_mirror_lr,True,False,ok,"(10, 26)","(10, 26)","(10, 26)",0,task133_stencil_v2
234,ex234,task133_mirror_ud,True,False,ok,"(10, 26)","(10, 26)","(10, 26)",0,task133_stencil_v2
234,ex234,task133_zero_pad_top_left,True,False,ok,"(11, 27)","(11, 27)","(11, 27)",0,task133_stencil_v2
234,ex234,task133_zero_pad_bottom_right,True,False,ok,"(11, 27)","(11, 27)","(11, 27)",0,task133_stencil_v2
235,ex235,original,True,False,ok,"(28, 26)","(28, 26)","(28, 26)",0,task133_stencil_v2
235,ex235,task133_color_bijection,True,False,ok,"(28, 26)","(28, 26)","(28, 26)",0,task133_stencil_v2
235,ex235,task133_transpose,True,False,ok,"(26, 28)","(26, 28)","(26, 28)",0,task133_stencil_v2
235,ex235,task133_mirror_lr,True,False,ok,"(28, 26)","(28, 26)","(28, 26)",0,task133_stencil_v2
235,ex235,task133_mirror_ud,True,False,ok,"(28, 26)","(28, 26)","(28, 26)",0,task133_stencil_v2
235,ex235,task133_zero_pad_top_left,True,False,ok,"(29, 27)","(29, 27)","(29, 27)",0,task133_stencil_v2
235,ex235,task133_zero_pad_bottom_right,True,False,ok,"(29, 27)","(29, 27)","(29, 27)",0,task133_stencil_v2
236,ex236,original,True,False,ok,"(28, 29)","(28, 29)","(28, 29)",0,task133_stencil_v2
236,ex236,task133_color_bijection,True,False,ok,"(28, 29)","(28, 29)","(28, 29)",0,task133_stencil_v2
236,ex236,task133_transpose,True,False,ok,"(29, 28)","(29, 28)","(29, 28)",0,task133_stencil_v2
236,ex236,task133_mirror_lr,True,False,ok,"(28, 29)","(28, 29)","(28, 29)",0,task133_stencil_v2
236,ex236,task133_mirror_ud,True,False,ok,"(28, 29)","(28, 29)","(28, 29)",0,task133_stencil_v2
236,ex236,task133_zero_pad_top_left,True,False,ok,"(29, 30)","(29, 30)","(29, 30)",0,task133_stencil_v2
236,ex236,task133_zero_pad_bottom_right,True,False,ok,"(29, 30)","(29, 30)","(29, 30)",0,task133_stencil_v2
237,ex237,original,True,False,ok,"(27, 13)","(27, 13)","(27, 13)",0,task133_stencil_v2
237,ex237,task133_color_bijection,True,False,ok,"(27, 13)","(27, 13)","(27, 13)",0,task133_stencil_v2
237,ex237,task133_transpose,True,False,ok,"(13, 27)","(13, 27)","(13, 27)",0,task133_stencil_v2
237,ex237,task133_mirror_lr,True,False,ok,"(27, 13)","(27, 13)","(27, 13)",0,task133_stencil_v2
237,ex237,task133_mirror_ud,True,False,ok,"(27, 13)","(27, 13)","(27, 13)",0,task133_stencil_v2
237,ex237,task133_zero_pad_top_left,True,False,ok,"(28, 14)","(28, 14)","(28, 14)",0,task133_stencil_v2
237,ex237,task133_zero_pad_bottom_right,True,False,ok,"(28, 14)","(28, 14)","(28, 14)",0,task133_stencil_v2
238,ex238,original,True,False,ok,"(20, 23)","(20, 23)","(20, 23)",0,task133_stencil_v2
238,ex238,task133_color_bijection,True,False,ok,"(20, 23)","(20, 23)","(20, 23)",0,task133_stencil_v2
238,ex238,task133_transpose,True,False,ok,"(23, 20)","(23, 20)","(23, 20)",0,task133_stencil_v2
238,ex238,task133_mirror_lr,True,False,ok,"(20, 23)","(20, 23)","(20, 23)",0,task133_stencil_v2
238,ex238,task133_mirror_ud,True,False,ok,"(20, 23)","(20, 23)","(20, 23)",0,task133_stencil_v2
238,ex238,task133_zero_pad_top_left,True,False,ok,"(21, 24)","(21, 24)","(21, 24)",0,task133_stencil_v2
238,ex238,task133_zero_pad_bottom_right,True,False,ok,"(21, 24)","(21, 24)","(21, 24)",0,task133_stencil_v2
239,ex239,original,True,False,ok,"(21, 23)","(21, 23)","(21, 23)",0,task133_stencil_v2
239,ex239,task133_color_bijection,True,False,ok,"(21, 23)","(21, 23)","(21, 23)",0,task133_stencil_v2
239,ex239,task133_transpose,True,False,ok,"(23, 21)","(23, 21)","(23, 21)",0,task133_stencil_v2
239,ex239,task133_mirror_lr,True,False,ok,"(21, 23)","(21, 23)","(21, 23)",0,task133_stencil_v2
239,ex239,task133_mirror_ud,True,False,ok,"(21, 23)","(21, 23)","(21, 23)",0,task133_stencil_v2
239,ex239,task133_zero_pad_top_left,True,False,ok,"(22, 24)","(22, 24)","(22, 24)",0,task133_stencil_v2
239,ex239,task133_zero_pad_bottom_right,True,False,ok,"(22, 24)","(22, 24)","(22, 24)",0,task133_stencil_v2
240,ex240,original,True,False,ok,"(19, 22)","(19, 22)","(19, 22)",0,task133_stencil_v2
240,ex240,task133_color_bijection,True,False,ok,"(19, 22)","(19, 22)","(19, 22)",0,task133_stencil_v2
240,ex240,task133_transpose,True,False,ok,"(22, 19)","(22, 19)","(22, 19)",0,task133_stencil_v2
240,ex240,task133_mirror_lr,True,False,ok,"(19, 22)","(19, 22)","(19, 22)",0,task133_stencil_v2
240,ex240,task133_mirror_ud,True,False,ok,"(19, 22)","(19, 22)","(19, 22)",0,task133_stencil_v2
240,ex240,task133_zero_pad_top_left,True,False,ok,"(20, 23)","(20, 23)","(20, 23)",0,task133_stencil_v2
240,ex240,task133_zero_pad_bottom_right,True,False,ok,"(20, 23)","(20, 23)","(20, 23)",0,task133_stencil_v2
241,ex241,original,True,False,ok,"(28, 27)","(28, 27)","(28, 27)",0,task133_stencil_v2
241,ex241,task133_color_bijection,True,False,ok,"(28, 27)","(28, 27)","(28, 27)",0,task133_stencil_v2
241,ex241,task133_transpose,True,False,ok,"(27, 28)","(27, 28)","(27, 28)",0,task133_stencil_v2
241,ex241,task133_mirror_lr,True,False,ok,"(28, 27)","(28, 27)","(28, 27)",0,task133_stencil_v2
241,ex241,task133_mirror_ud,True,False,ok,"(28, 27)","(28, 27)","(28, 27)",0,task133_stencil_v2
241,ex241,task133_zero_pad_top_left,True,False,ok,"(29, 28)","(29, 28)","(29, 28)",0,task133_stencil_v2
241,ex241,task133_zero_pad_bottom_right,True,False,ok,"(29, 28)","(29, 28)","(29, 28)",0,task133_stencil_v2
242,ex242,original,True,False,ok,"(22, 25)","(22, 25)","(22, 25)",0,task133_stencil_v2
242,ex242,task133_color_bijection,True,False,ok,"(22, 25)","(22, 25)","(22, 25)",0,task133_stencil_v2
242,ex242,task133_transpose,True,False,ok,"(25, 22)","(25, 22)","(25, 22)",0,task133_stencil_v2
242,ex242,task133_mirror_lr,True,False,ok,"(22, 25)","(22, 25)","(22, 25)",0,task133_stencil_v2
242,ex242,task133_mirror_ud,True,False,ok,"(22, 25)","(22, 25)","(22, 25)",0,task133_stencil_v2
242,ex242,task133_zero_pad_top_left,True,False,ok,"(23, 26)","(23, 26)","(23, 26)",0,task133_stencil_v2
242,ex242,task133_zero_pad_bottom_right,True,False,ok,"(23, 26)","(23, 26)","(23, 26)",0,task133_stencil_v2
243,ex243,original,True,False,ok,"(18, 24)","(18, 24)","(18, 24)",0,task133_stencil_v2
243,ex243,task133_color_bijection,True,False,ok,"(18, 24)","(18, 24)","(18, 24)",0,task133_stencil_v2
243,ex243,task133_transpose,True,False,ok,"(24, 18)","(24, 18)","(24, 18)",0,task133_stencil_v2
243,ex243,task133_mirror_lr,True,False,ok,"(18, 24)","(18, 24)","(18, 24)",0,task133_stencil_v2
243,ex243,task133_mirror_ud,True,False,ok,"(18, 24)","(18, 24)","(18, 24)",0,task133_stencil_v2
243,ex243,task133_zero_pad_top_left,True,False,ok,"(19, 25)","(19, 25)","(19, 25)",0,task133_stencil_v2
243,ex243,task133_zero_pad_bottom_right,True,False,ok,"(19, 25)","(19, 25)","(19, 25)",0,task133_stencil_v2
244,ex244,original,True,False,ok,"(27, 29)","(27, 29)","(27, 29)",0,task133_stencil_v2
244,ex244,task133_color_bijection,True,False,ok,"(27, 29)","(27, 29)","(27, 29)",0,task133_stencil_v2
244,ex244,task133_transpose,True,False,ok,"(29, 27)","(29, 27)","(29, 27)",0,task133_stencil_v2
244,ex244,task133_mirror_lr,True,False,ok,"(27, 29)","(27, 29)","(27, 29)",0,task133_stencil_v2
244,ex244,task133_mirror_ud,True,False,ok,"(27, 29)","(27, 29)","(27, 29)",0,task133_stencil_v2
244,ex244,task133_zero_pad_top_left,True,False,ok,"(28, 30)","(28, 30)","(28, 30)",0,task133_stencil_v2
244,ex244,task133_zero_pad_bottom_right,True,False,ok,"(28, 30)","(28, 30)","(28, 30)",0,task133_stencil_v2
245,ex245,original,True,False,ok,"(19, 23)","(19, 23)","(19, 23)",0,task133_stencil_v2
245,ex245,task133_color_bijection,True,False,ok,"(19, 23)","(19, 23)","(19, 23)",0,task133_stencil_v2
245,ex245,task133_transpose,True,False,ok,"(23, 19)","(23, 19)","(23, 19)",0,task133_stencil_v2
245,ex245,task133_mirror_lr,True,False,ok,"(19, 23)","(19, 23)","(19, 23)",0,task133_stencil_v2
245,ex245,task133_mirror_ud,True,False,ok,"(19, 23)","(19, 23)","(19, 23)",0,task133_stencil_v2
245,ex245,task133_zero_pad_top_left,True,False,ok,"(20, 24)","(20, 24)","(20, 24)",0,task133_stencil_v2
245,ex245,task133_zero_pad_bottom_right,True,False,ok,"(20, 24)","(20, 24)","(20, 24)",0,task133_stencil_v2
246,ex246,original,True,False,ok,"(14, 18)","(14, 18)","(14, 18)",0,task133_stencil_v2
246,ex246,task133_color_bijection,True,False,ok,"(14, 18)","(14, 18)","(14, 18)",0,task133_stencil_v2
246,ex246,task133_transpose,True,False,ok,"(18, 14)","(18, 14)","(18, 14)",0,task133_stencil_v2
246,ex246,task133_mirror_lr,True,False,ok,"(14, 18)","(14, 18)","(14, 18)",0,task133_stencil_v2
246,ex246,task133_mirror_ud,True,False,ok,"(14, 18)","(14, 18)","(14, 18)",0,task133_stencil_v2
246,ex246,task133_zero_pad_top_left,True,False,ok,"(15, 19)","(15, 19)","(15, 19)",0,task133_stencil_v2
246,ex246,task133_zero_pad_bottom_right,True,False,ok,"(15, 19)","(15, 19)","(15, 19)",0,task133_stencil_v2
247,ex247,original,True,False,ok,"(12, 29)","(12, 29)","(12, 29)",0,task133_stencil_v2
247,ex247,task133_color_bijection,True,False,ok,"(12, 29)","(12, 29)","(12, 29)",0,task133_stencil_v2
247,ex247,task133_transpose,True,False,ok,"(29, 12)","(29, 12)","(29, 12)",0,task133_stencil_v2
247,ex247,task133_mirror_lr,True,False,ok,"(12, 29)","(12, 29)","(12, 29)",0,task133_stencil_v2
247,ex247,task133_mirror_ud,True,False,ok,"(12, 29)","(12, 29)","(12, 29)",0,task133_stencil_v2
247,ex247,task133_zero_pad_top_left,True,False,ok,"(13, 30)","(13, 30)","(13, 30)",0,task133_stencil_v2
247,ex247,task133_zero_pad_bottom_right,True,False,ok,"(13, 30)","(13, 30)","(13, 30)",0,task133_stencil_v2
248,ex248,original,True,False,ok,"(25, 16)","(25, 16)","(25, 16)",0,task133_stencil_v2
248,ex248,task133_color_bijection,True,False,ok,"(25, 16)","(25, 16)","(25, 16)",0,task133_stencil_v2
248,ex248,task133_transpose,True,False,ok,"(16, 25)","(16, 25)","(16, 25)",0,task133_stencil_v2
248,ex248,task133_mirror_lr,True,False,ok,"(25, 16)","(25, 16)","(25, 16)",0,task133_stencil_v2
248,ex248,task133_mirror_ud,True,False,ok,"(25, 16)","(25, 16)","(25, 16)",0,task133_stencil_v2
248,ex248,task133_zero_pad_top_left,True,False,ok,"(26, 17)","(26, 17)","(26, 17)",0,task133_stencil_v2
248,ex248,task133_zero_pad_bottom_right,True,False,ok,"(26, 17)","(26, 17)","(26, 17)",0,task133_stencil_v2
249,ex249,original,True,False,ok,"(29, 30)","(29, 30)","(29, 30)",0,task133_stencil_v2
249,ex249,task133_color_bijection,True,False,ok,"(29, 30)","(29, 30)","(29, 30)",0,task133_stencil_v2
249,ex249,task133_transpose,True,False,ok,"(30, 29)","(30, 29)","(30, 29)",0,task133_stencil_v2
249,ex249,task133_mirror_lr,True,False,ok,"(29, 30)","(29, 30)","(29, 30)",0,task133_stencil_v2
249,ex249,task133_mirror_ud,True,False,ok,"(29, 30)","(29, 30)","(29, 30)",0,task133_stencil_v2
249,ex249,task133_zero_pad_top_left,False,True,"input_shape_exceeds_limit:(30, 31)>(30, 30)","(30, 31)","(30, 31)",,,
249,ex249,task133_zero_pad_bottom_right,False,True,"input_shape_exceeds_limit:(30, 31)>(30, 30)","(30, 31)","(30, 31)",,,
250,ex250,original,True,False,ok,"(28, 25)","(28, 25)","(28, 25)",0,task133_stencil_v2
250,ex250,task133_color_bijection,True,False,ok,"(28, 25)","(28, 25)","(28, 25)",0,task133_stencil_v2
250,ex250,task133_transpose,True,False,ok,"(25, 28)","(25, 28)","(25, 28)",0,task133_stencil_v2
250,ex250,task133_mirror_lr,True,False,ok,"(28, 25)","(28, 25)","(28, 25)",0,task133_stencil_v2
250,ex250,task133_mirror_ud,True,False,ok,"(28, 25)","(28, 25)","(28, 25)",0,task133_stencil_v2
250,ex250,task133_zero_pad_top_left,True,False,ok,"(29, 26)","(29, 26)","(29, 26)",0,task133_stencil_v2
250,ex250,task133_zero_pad_bottom_right,True,False,ok,"(29, 26)","(29, 26)","(29, 26)",0,task133_stencil_v2
251,ex251,original,True,False,ok,"(21, 21)","(21, 21)","(21, 21)",0,task133_stencil_v2
251,ex251,task133_color_bijection,True,False,ok,"(21, 21)","(21, 21)","(21, 21)",0,task133_stencil_v2
251,ex251,task133_transpose,True,False,ok,"(21, 21)","(21, 21)","(21, 21)",0,task133_stencil_v2
251,ex251,task133_mirror_lr,True,False,ok,"(21, 21)","(21, 21)","(21, 21)",0,task133_stencil_v2
251,ex251,task133_mirror_ud,True,False,ok,"(21, 21)","(21, 21)","(21, 21)",0,task133_stencil_v2
251,ex251,task133_zero_pad_top_left,True,False,ok,"(22, 22)","(22, 22)","(22, 22)",0,task133_stencil_v2
251,ex251,task133_zero_pad_bottom_right,True,False,ok,"(22, 22)","(22, 22)","(22, 22)",0,task133_stencil_v2
252,ex252,original,True,False,ok,"(16, 18)","(16, 18)","(16, 18)",0,task133_stencil_v2
252,ex252,task133_color_bijection,True,False,ok,"(16, 18)","(16, 18)","(16, 18)",0,task133_stencil_v2
252,ex252,task133_transpose,True,False,ok,"(18, 16)","(18, 16)","(18, 16)",0,task133_stencil_v2
252,ex252,task133_mirror_lr,True,False,ok,"(16, 18)","(16, 18)","(16, 18)",0,task133_stencil_v2
252,ex252,task133_mirror_ud,True,False,ok,"(16, 18)","(16, 18)","(16, 18)",0,task133_stencil_v2
252,ex252,task133_zero_pad_top_left,True,False,ok,"(17, 19)","(17, 19)","(17, 19)",0,task133_stencil_v2
252,ex252,task133_zero_pad_bottom_right,True,False,ok,"(17, 19)","(17, 19)","(17, 19)",0,task133_stencil_v2
253,ex253,original,True,False,ok,"(20, 29)","(20, 29)","(20, 29)",0,task133_stencil_v2
253,ex253,task133_color_bijection,True,False,ok,"(20, 29)","(20, 29)","(20, 29)",0,task133_stencil_v2
253,ex253,task133_transpose,True,False,ok,"(29, 20)","(29, 20)","(29, 20)",0,task133_stencil_v2
253,ex253,task133_mirror_lr,True,False,ok,"(20, 29)","(20, 29)","(20, 29)",0,task133_stencil_v2
253,ex253,task133_mirror_ud,True,False,ok,"(20, 29)","(20, 29)","(20, 29)",0,task133_stencil_v2
253,ex253,task133_zero_pad_top_left,True,False,ok,"(21, 30)","(21, 30)","(21, 30)",0,task133_stencil_v2
253,ex253,task133_zero_pad_bottom_right,True,False,ok,"(21, 30)","(21, 30)","(21, 30)",0,task133_stencil_v2
254,ex254,original,True,False,ok,"(29, 29)","(29, 29)","(29, 29)",0,task133_stencil_v2
254,ex254,task133_color_bijection,True,False,ok,"(29, 29)","(29, 29)","(29, 29)",0,task133_stencil_v2
254,ex254,task133_transpose,True,False,ok,"(29, 29)","(29, 29)","(29, 29)",0,task133_stencil_v2
254,ex254,task133_mirror_lr,True,False,ok,"(29, 29)","(29, 29)","(29, 29)",0,task133_stencil_v2
254,ex254,task133_mirror_ud,True,False,ok,"(29, 29)","(29, 29)","(29, 29)",0,task133_stencil_v2
254,ex254,task133_zero_pad_top_left,True,False,ok,"(30, 30)","(30, 30)","(30, 30)",0,task133_stencil_v2
254,ex254,task133_zero_pad_bottom_right,True,False,ok,"(30, 30)","(30, 30)","(30, 30)",0,task133_stencil_v2
255,ex255,original,True,False,ok,"(30, 27)","(30, 27)","(30, 27)",0,task133_stencil_v2
255,ex255,task133_color_bijection,True,False,ok,"(30, 27)","(30, 27)","(30, 27)",0,task133_stencil_v2
255,ex255,task133_transpose,True,False,ok,"(27, 30)","(27, 30)","(27, 30)",0,task133_stencil_v2
255,ex255,task133_mirror_lr,True,False,ok,"(30, 27)","(30, 27)","(30, 27)",0,task133_stencil_v2
255,ex255,task133_mirror_ud,True,False,ok,"(30, 27)","(30, 27)","(30, 27)",0,task133_stencil_v2
255,ex255,task133_zero_pad_top_left,False,True,"input_shape_exceeds_limit:(31, 28)>(30, 30)","(31, 28)","(31, 28)",,,
255,ex255,task133_zero_pad_bottom_right,False,True,"input_shape_exceeds_limit:(31, 28)>(30, 30)","(31, 28)","(31, 28)",,,
256,ex256,original,True,False,ok,"(19, 28)","(19, 28)","(19, 28)",0,task133_stencil_v2
256,ex256,task133_color_bijection,True,False,ok,"(19, 28)","(19, 28)","(19, 28)",0,task133_stencil_v2
256,ex256,task133_transpose,True,False,ok,"(28, 19)","(28, 19)","(28, 19)",0,task133_stencil_v2
256,ex256,task133_mirror_lr,True,False,ok,"(19, 28)","(19, 28)","(19, 28)",0,task133_stencil_v2
256,ex256,task133_mirror_ud,True,False,ok,"(19, 28)","(19, 28)","(19, 28)",0,task133_stencil_v2
256,ex256,task133_zero_pad_top_left,True,False,ok,"(20, 29)","(20, 29)","(20, 29)",0,task133_stencil_v2
256,ex256,task133_zero_pad_bottom_right,True,False,ok,"(20, 29)","(20, 29)","(20, 29)",0,task133_stencil_v2
257,ex257,original,True,False,ok,"(20, 26)","(20, 26)","(20, 26)",0,task133_stencil_v2
257,ex257,task133_color_bijection,True,False,ok,"(20, 26)","(20, 26)","(20, 26)",0,task133_stencil_v2
257,ex257,task133_transpose,True,False,ok,"(26, 20)","(26, 20)","(26, 20)",0,task133_stencil_v2
257,ex257,task133_mirror_lr,True,False,ok,"(20, 26)","(20, 26)","(20, 26)",0,task133_stencil_v2
257,ex257,task133_mirror_ud,True,False,ok,"(20, 26)","(20, 26)","(20, 26)",0,task133_stencil_v2
257,ex257,task133_zero_pad_top_left,True,False,ok,"(21, 27)","(21, 27)","(21, 27)",0,task133_stencil_v2
257,ex257,task133_zero_pad_bottom_right,True,False,ok,"(21, 27)","(21, 27)","(21, 27)",0,task133_stencil_v2
258,ex258,original,True,False,ok,"(27, 23)","(27, 23)","(27, 23)",0,task133_stencil_v2
258,ex258,task133_color_bijection,True,False,ok,"(27, 23)","(27, 23)","(27, 23)",0,task133_stencil_v2
258,ex258,task133_transpose,True,False,ok,"(23, 27)","(23, 27)","(23, 27)",0,task133_stencil_v2
258,ex258,task133_mirror_lr,True,False,ok,"(27, 23)","(27, 23)","(27, 23)",0,task133_stencil_v2
258,ex258,task133_mirror_ud,True,False,ok,"(27, 23)","(27, 23)","(27, 23)",0,task133_stencil_v2
258,ex258,task133_zero_pad_top_left,True,False,ok,"(28, 24)","(28, 24)","(28, 24)",0,task133_stencil_v2
258,ex258,task133_zero_pad_bottom_right,True,False,ok,"(28, 24)","(28, 24)","(28, 24)",0,task133_stencil_v2
259,ex259,original,True,False,ok,"(17, 18)","(17, 18)","(17, 18)",0,task133_stencil_v2
259,ex259,task133_color_bijection,True,False,ok,"(17, 18)","(17, 18)","(17, 18)",0,task133_stencil_v2
259,ex259,task133_transpose,True,False,ok,"(18, 17)","(18, 17)","(18, 17)",0,task133_stencil_v2
259,ex259,task133_mirror_lr,True,False,ok,"(17, 18)","(17, 18)","(17, 18)",0,task133_stencil_v2
259,ex259,task133_mirror_ud,True,False,ok,"(17, 18)","(17, 18)","(17, 18)",0,task133_stencil_v2
259,ex259,task133_zero_pad_top_left,True,False,ok,"(18, 19)","(18, 19)","(18, 19)",0,task133_stencil_v2
259,ex259,task133_zero_pad_bottom_right,True,False,ok,"(18, 19)","(18, 19)","(18, 19)",0,task133_stencil_v2
260,ex260,original,True,False,ok,"(20, 18)","(20, 18)","(20, 18)",0,task133_stencil_v2
260,ex260,task133_color_bijection,True,False,ok,"(20, 18)","(20, 18)","(20, 18)",0,task133_stencil_v2
260,ex260,task133_transpose,True,False,ok,"(18, 20)","(18, 20)","(18, 20)",0,task133_stencil_v2
260,ex260,task133_mirror_lr,True,False,ok,"(20, 18)","(20, 18)","(20, 18)",0,task133_stencil_v2
260,ex260,task133_mirror_ud,True,False,ok,"(20, 18)","(20, 18)","(20, 18)",0,task133_stencil_v2
260,ex260,task133_zero_pad_top_left,True,False,ok,"(21, 19)","(21, 19)","(21, 19)",0,task133_stencil_v2
260,ex260,task133_zero_pad_bottom_right,True,False,ok,"(21, 19)","(21, 19)","(21, 19)",0,task133_stencil_v2
261,ex261,original,True,False,ok,"(13, 27)","(13, 27)","(13, 27)",0,task133_stencil_v2
261,ex261,task133_color_bijection,True,False,ok,"(13, 27)","(13, 27)","(13, 27)",0,task133_stencil_v2
261,ex261,task133_transpose,True,False,ok,"(27, 13)","(27, 13)","(27, 13)",0,task133_stencil_v2
261,ex261,task133_mirror_lr,True,False,ok,"(13, 27)","(13, 27)","(13, 27)",0,task133_stencil_v2
261,ex261,task133_mirror_ud,True,False,ok,"(13, 27)","(13, 27)","(13, 27)",0,task133_stencil_v2
261,ex261,task133_zero_pad_top_left,True,False,ok,"(14, 28)","(14, 28)","(14, 28)",0,task133_stencil_v2
261,ex261,task133_zero_pad_bottom_right,True,False,ok,"(14, 28)","(14, 28)","(14, 28)",0,task133_stencil_v2
262,ex262,original,True,False,ok,"(29, 11)","(29, 11)","(29, 11)",0,task133_stencil_v2
262,ex262,task133_color_bijection,True,False,ok,"(29, 11)","(29, 11)","(29, 11)",0,task133_stencil_v2
262,ex262,task133_transpose,True,False,ok,"(11, 29)","(11, 29)","(11, 29)",0,task133_stencil_v2
262,ex262,task133_mirror_lr,True,False,ok,"(29, 11)","(29, 11)","(29, 11)",0,task133_stencil_v2
262,ex262,task133_mirror_ud,True,False,ok,"(29, 11)","(29, 11)","(29, 11)",0,task133_stencil_v2
262,ex262,task133_zero_pad_top_left,True,False,ok,"(30, 12)","(30, 12)","(30, 12)",0,task133_stencil_v2
262,ex262,task133_zero_pad_bottom_right,True,False,ok,"(30, 12)","(30, 12)","(30, 12)",0,task133_stencil_v2
263,ex263,original,True,False,ok,"(21, 24)","(21, 24)","(21, 24)",0,task133_stencil_v2
263,ex263,task133_color_bijection,True,False,ok,"(21, 24)","(21, 24)","(21, 24)",0,task133_stencil_v2
263,ex263,task133_transpose,True,False,ok,"(24, 21)","(24, 21)","(24, 21)",0,task133_stencil_v2
263,ex263,task133_mirror_lr,True,False,ok,"(21, 24)","(21, 24)","(21, 24)",0,task133_stencil_v2
263,ex263,task133_mirror_ud,True,False,ok,"(21, 24)","(21, 24)","(21, 24)",0,task133_stencil_v2
263,ex263,task133_zero_pad_top_left,True,False,ok,"(22, 25)","(22, 25)","(22, 25)",0,task133_stencil_v2
263,ex263,task133_zero_pad_bottom_right,True,False,ok,"(22, 25)","(22, 25)","(22, 25)",0,task133_stencil_v2
264,ex264,original,True,False,ok,"(25, 20)","(25, 20)","(25, 20)",0,task133_stencil_v2
264,ex264,task133_color_bijection,True,False,ok,"(25, 20)","(25, 20)","(25, 20)",0,task133_stencil_v2
264,ex264,task133_transpose,True,False,ok,"(20, 25)","(20, 25)","(20, 25)",0,task133_stencil_v2
264,ex264,task133_mirror_lr,True,False,ok,"(25, 20)","(25, 20)","(25, 20)",0,task133_stencil_v2
264,ex264,task133_mirror_ud,True,False,ok,"(25, 20)","(25, 20)","(25, 20)",0,task133_stencil_v2
264,ex264,task133_zero_pad_top_left,True,False,ok,"(26, 21)","(26, 21)","(26, 21)",0,task133_stencil_v2
264,ex264,task133_zero_pad_bottom_right,True,False,ok,"(26, 21)","(26, 21)","(26, 21)",0,task133_stencil_v2
265,ex265,original,True,False,ok,"(29, 24)","(29, 24)","(29, 24)",0,task133_stencil_v2
265,ex265,task133_color_bijection,True,False,ok,"(29, 24)","(29, 24)","(29, 24)",0,task133_stencil_v2
265,ex265,task133_transpose,True,False,ok,"(24, 29)","(24, 29)","(24, 29)",0,task133_stencil_v2
265,ex265,task133_mirror_lr,True,False,ok,"(29, 24)","(29, 24)","(29, 24)",0,task133_stencil_v2
265,ex265,task133_mirror_ud,True,False,ok,"(29, 24)","(29, 24)","(29, 24)",0,task133_stencil_v2
265,ex265,task133_zero_pad_top_left,True,False,ok,"(30, 25)","(30, 25)","(30, 25)",0,task133_stencil_v2
265,ex265,task133_zero_pad_bottom_right,True,False,ok,"(30, 25)","(30, 25)","(30, 25)",0,task133_stencil_v2
266,ex266,original,True,False,ok,"(17, 20)","(17, 20)","(17, 20)",0,task133_stencil_v2
266,ex266,task133_color_bijection,True,False,ok,"(17, 20)","(17, 20)","(17, 20)",0,task133_stencil_v2
266,ex266,task133_transpose,True,False,ok,"(20, 17)","(20, 17)","(20, 17)",0,task133_stencil_v2
266,ex266,task133_mirror_lr,True,False,ok,"(17, 20)","(17, 20)","(17, 20)",0,task133_stencil_v2
266,ex266,task133_mirror_ud,True,False,ok,"(17, 20)","(17, 20)","(17, 20)",0,task133_stencil_v2
266,ex266,task133_zero_pad_top_left,True,False,ok,"(18, 21)","(18, 21)","(18, 21)",0,task133_stencil_v2
266,ex266,task133_zero_pad_bottom_right,True,False,ok,"(18, 21)","(18, 21)","(18, 21)",0,task133_stencil_v2
