source_index,source_label,contract_name,passed,skipped,reason,input_shape,expected_shape,actual_shape,mismatch_count,rule_label,phase
0,ex0,original,True,False,ok,"(30, 30)","(30, 30)","(30, 30)",0,semantic_majority_reflect,pseudo_hidden
0,ex0,color_permutation_a,True,False,ok,"(30, 30)","(30, 30)","(30, 30)",0,semantic_majority_reflect,pseudo_hidden
0,ex0,color_permutation_b,True,False,ok,"(30, 30)","(30, 30)","(30, 30)",0,semantic_majority_reflect,pseudo_hidden
0,ex0,transpose,True,False,ok,"(30, 30)","(30, 30)","(30, 30)",0,semantic_majority_reflect,pseudo_hidden
0,ex0,mirror_lr,True,False,ok,"(30, 30)","(30, 30)","(30, 30)",0,semantic_majority_reflect,pseudo_hidden
0,ex0,mirror_ud,True,False,ok,"(30, 30)","(30, 30)","(30, 30)",0,semantic_majority_reflect,pseudo_hidden
0,ex0,rotate_180,True,False,ok,"(30, 30)","(30, 30)","(30, 30)",0,semantic_majority_reflect,pseudo_hidden
0,ex0,pad_top_left,False,True,"input_shape_exceeds_limit:(31, 31)>(30, 30)","(31, 31)","(31, 31)",,,,pseudo_hidden
0,ex0,pad_bottom_right,False,True,"input_shape_exceeds_limit:(31, 31)>(30, 30)","(31, 31)","(31, 31)",,,,pseudo_hidden
0,ex0,translate_down_right,True,False,ok,"(30, 30)","(30, 30)","(30, 30)",0,semantic_majority_reflect,pseudo_hidden
0,ex0,translate_up_left,True,False,ok,"(30, 30)","(30, 30)","(30, 30)",0,semantic_majority_reflect,pseudo_hidden
0,ex0,inert_2x2_distractor,True,False,ok,"(30, 30)","(30, 30)","(30, 30)",0,semantic_majority_reflect,pseudo_hidden
0,ex0,inert_singleton_distractor,True,False,ok,"(30, 30)","(30, 30)","(30, 30)",0,semantic_majority_reflect,pseudo_hidden
1,ex1,original,True,False,ok,"(20, 20)","(20, 20)","(20, 20)",0,semantic_majority_reflect,pseudo_hidden
1,ex1,color_permutation_a,True,False,ok,"(20, 20)","(20, 20)","(20, 20)",0,semantic_majority_reflect,pseudo_hidden
1,ex1,color_permutation_b,True,False,ok,"(20, 20)","(20, 20)","(20, 20)",0,semantic_majority_reflect,pseudo_hidden
1,ex1,transpose,True,False,ok,"(20, 20)","(20, 20)","(20, 20)",0,semantic_majority_reflect,pseudo_hidden
1,ex1,mirror_lr,True,False,ok,"(20, 20)","(20, 20)","(20, 20)",0,semantic_majority_reflect,pseudo_hidden
1,ex1,mirror_ud,True,False,ok,"(20, 20)","(20, 20)","(20, 20)",0,semantic_majority_reflect,pseudo_hidden
1,ex1,rotate_180,True,False,ok,"(20, 20)","(20, 20)","(20, 20)",0,semantic_majority_reflect,pseudo_hidden
1,ex1,pad_top_left,True,False,ok,"(21, 21)","(21, 21)","(21, 21)",0,semantic_majority_reflect,pseudo_hidden
1,ex1,pad_bottom_right,True,False,ok,"(21, 21)","(21, 21)","(21, 21)",0,semantic_majority_reflect,pseudo_hidden
1,ex1,translate_down_right,True,False,ok,"(20, 20)","(20, 20)","(20, 20)",0,semantic_majority_reflect,pseudo_hidden
1,ex1,translate_up_left,True,False,ok,"(20, 20)","(20, 20)","(20, 20)",0,semantic_majority_reflect,pseudo_hidden
1,ex1,inert_2x2_distractor,True,False,ok,"(20, 20)","(20, 20)","(20, 20)",0,semantic_majority_reflect,pseudo_hidden
1,ex1,inert_singleton_distractor,True,False,ok,"(20, 20)","(20, 20)","(20, 20)",0,semantic_majority_reflect,pseudo_hidden
2,ex2,original,True,False,ok,"(14, 14)","(14, 14)","(14, 14)",0,semantic_majority_reflect,pseudo_hidden
2,ex2,color_permutation_a,True,False,ok,"(14, 14)","(14, 14)","(14, 14)",0,semantic_majority_reflect,pseudo_hidden
2,ex2,color_permutation_b,True,False,ok,"(14, 14)","(14, 14)","(14, 14)",0,semantic_majority_reflect,pseudo_hidden
2,ex2,transpose,True,False,ok,"(14, 14)","(14, 14)","(14, 14)",0,semantic_majority_reflect,pseudo_hidden
2,ex2,mirror_lr,True,False,ok,"(14, 14)","(14, 14)","(14, 14)",0,semantic_majority_reflect,pseudo_hidden
2,ex2,mirror_ud,True,False,ok,"(14, 14)","(14, 14)","(14, 14)",0,semantic_majority_reflect,pseudo_hidden
2,ex2,rotate_180,True,False,ok,"(14, 14)","(14, 14)","(14, 14)",0,semantic_majority_reflect,pseudo_hidden
2,ex2,pad_top_left,True,False,ok,"(15, 15)","(15, 15)","(15, 15)",0,semantic_majority_reflect,pseudo_hidden
2,ex2,pad_bottom_right,True,False,ok,"(15, 15)","(15, 15)","(15, 15)",0,semantic_majority_reflect,pseudo_hidden
2,ex2,translate_down_right,True,False,ok,"(14, 14)","(14, 14)","(14, 14)",0,semantic_majority_reflect,pseudo_hidden
2,ex2,translate_up_left,True,False,ok,"(14, 14)","(14, 14)","(14, 14)",0,semantic_majority_reflect,pseudo_hidden
2,ex2,inert_2x2_distractor,True,False,ok,"(14, 14)","(14, 14)","(14, 14)",0,semantic_majority_reflect,pseudo_hidden
2,ex2,inert_singleton_distractor,True,False,ok,"(14, 14)","(14, 14)","(14, 14)",0,semantic_majority_reflect,pseudo_hidden
3,ex3,original,True,False,ok,"(24, 24)","(24, 24)","(24, 24)",0,semantic_majority_reflect,pseudo_hidden
3,ex3,color_permutation_a,True,False,ok,"(24, 24)","(24, 24)","(24, 24)",0,semantic_majority_reflect,pseudo_hidden
3,ex3,color_permutation_b,True,False,ok,"(24, 24)","(24, 24)","(24, 24)",0,semantic_majority_reflect,pseudo_hidden
3,ex3,transpose,True,False,ok,"(24, 24)","(24, 24)","(24, 24)",0,semantic_majority_reflect,pseudo_hidden
3,ex3,mirror_lr,True,False,ok,"(24, 24)","(24, 24)","(24, 24)",0,semantic_majority_reflect,pseudo_hidden
3,ex3,mirror_ud,True,False,ok,"(24, 24)","(24, 24)","(24, 24)",0,semantic_majority_reflect,pseudo_hidden
3,ex3,rotate_180,True,False,ok,"(24, 24)","(24, 24)","(24, 24)",0,semantic_majority_reflect,pseudo_hidden
3,ex3,pad_top_left,True,False,ok,"(25, 25)","(25, 25)","(25, 25)",0,semantic_majority_reflect,pseudo_hidden
3,ex3,pad_bottom_right,True,False,ok,"(25, 25)","(25, 25)","(25, 25)",0,semantic_majority_reflect,pseudo_hidden
3,ex3,translate_down_right,True,False,ok,"(24, 24)","(24, 24)","(24, 24)",0,semantic_majority_reflect,pseudo_hidden
3,ex3,translate_up_left,True,False,ok,"(24, 24)","(24, 24)","(24, 24)",0,semantic_majority_reflect,pseudo_hidden
3,ex3,inert_2x2_distractor,True,False,ok,"(24, 24)","(24, 24)","(24, 24)",0,semantic_majority_reflect,pseudo_hidden
3,ex3,inert_singleton_distractor,True,False,ok,"(24, 24)","(24, 24)","(24, 24)",0,semantic_majority_reflect,pseudo_hidden
4,ex4,original,True,False,ok,"(30, 30)","(30, 30)","(30, 30)",0,semantic_majority_reflect,pseudo_hidden
4,ex4,color_permutation_a,True,False,ok,"(30, 30)","(30, 30)","(30, 30)",0,semantic_majority_reflect,pseudo_hidden
4,ex4,color_permutation_b,True,False,ok,"(30, 30)","(30, 30)","(30, 30)",0,semantic_majority_reflect,pseudo_hidden
4,ex4,transpose,True,False,ok,"(30, 30)","(30, 30)","(30, 30)",0,semantic_majority_reflect,pseudo_hidden
4,ex4,mirror_lr,True,False,ok,"(30, 30)","(30, 30)","(30, 30)",0,semantic_majority_reflect,pseudo_hidden
4,ex4,mirror_ud,True,False,ok,"(30, 30)","(30, 30)","(30, 30)",0,semantic_majority_reflect,pseudo_hidden
4,ex4,rotate_180,True,False,ok,"(30, 30)","(30, 30)","(30, 30)",0,semantic_majority_reflect,pseudo_hidden
4,ex4,pad_top_left,False,True,"input_shape_exceeds_limit:(31, 31)>(30, 30)","(31, 31)","(31, 31)",,,,pseudo_hidden
4,ex4,pad_bottom_right,False,True,"input_shape_exceeds_limit:(31, 31)>(30, 30)","(31, 31)","(31, 31)",,,,pseudo_hidden
4,ex4,translate_down_right,True,False,ok,"(30, 30)","(30, 30)","(30, 30)",0,semantic_majority_reflect,pseudo_hidden
4,ex4,translate_up_left,True,False,ok,"(30, 30)","(30, 30)","(30, 30)",0,semantic_majority_reflect,pseudo_hidden
4,ex4,inert_2x2_distractor,True,False,ok,"(30, 30)","(30, 30)","(30, 30)",0,semantic_majority_reflect,pseudo_hidden
4,ex4,inert_singleton_distractor,True,False,ok,"(30, 30)","(30, 30)","(30, 30)",0,semantic_majority_reflect,pseudo_hidden
5,ex5,original,True,False,ok,"(22, 22)","(22, 22)","(22, 22)",0,semantic_majority_reflect,pseudo_hidden
5,ex5,color_permutation_a,True,False,ok,"(22, 22)","(22, 22)","(22, 22)",0,semantic_majority_reflect,pseudo_hidden
5,ex5,color_permutation_b,True,False,ok,"(22, 22)","(22, 22)","(22, 22)",0,semantic_majority_reflect,pseudo_hidden
5,ex5,transpose,True,False,ok,"(22, 22)","(22, 22)","(22, 22)",0,semantic_majority_reflect,pseudo_hidden
5,ex5,mirror_lr,True,False,ok,"(22, 22)","(22, 22)","(22, 22)",0,semantic_majority_reflect,pseudo_hidden
5,ex5,mirror_ud,True,False,ok,"(22, 22)","(22, 22)","(22, 22)",0,semantic_majority_reflect,pseudo_hidden
5,ex5,rotate_180,True,False,ok,"(22, 22)","(22, 22)","(22, 22)",0,semantic_majority_reflect,pseudo_hidden
5,ex5,pad_top_left,True,False,ok,"(23, 23)","(23, 23)","(23, 23)",0,semantic_majority_reflect,pseudo_hidden
5,ex5,pad_bottom_right,True,False,ok,"(23, 23)","(23, 23)","(23, 23)",0,semantic_majority_reflect,pseudo_hidden
5,ex5,translate_down_right,True,False,ok,"(22, 22)","(22, 22)","(22, 22)",0,semantic_majority_reflect,pseudo_hidden
5,ex5,translate_up_left,True,False,ok,"(22, 22)","(22, 22)","(22, 22)",0,semantic_majority_reflect,pseudo_hidden
5,ex5,inert_2x2_distractor,True,False,ok,"(22, 22)","(22, 22)","(22, 22)",0,semantic_majority_reflect,pseudo_hidden
5,ex5,inert_singleton_distractor,True,False,ok,"(22, 22)","(22, 22)","(22, 22)",0,semantic_majority_reflect,pseudo_hidden
6,ex6,original,True,False,ok,"(26, 26)","(26, 26)","(26, 26)",0,semantic_majority_reflect,pseudo_hidden
6,ex6,color_permutation_a,True,False,ok,"(26, 26)","(26, 26)","(26, 26)",0,semantic_majority_reflect,pseudo_hidden
6,ex6,color_permutation_b,True,False,ok,"(26, 26)","(26, 26)","(26, 26)",0,semantic_majority_reflect,pseudo_hidden
6,ex6,transpose,True,False,ok,"(26, 26)","(26, 26)","(26, 26)",0,semantic_majority_reflect,pseudo_hidden
6,ex6,mirror_lr,True,False,ok,"(26, 26)","(26, 26)","(26, 26)",0,semantic_majority_reflect,pseudo_hidden
6,ex6,mirror_ud,True,False,ok,"(26, 26)","(26, 26)","(26, 26)",0,semantic_majority_reflect,pseudo_hidden
6,ex6,rotate_180,True,False,ok,"(26, 26)","(26, 26)","(26, 26)",0,semantic_majority_reflect,pseudo_hidden
6,ex6,pad_top_left,True,False,ok,"(27, 27)","(27, 27)","(27, 27)",0,semantic_majority_reflect,pseudo_hidden
6,ex6,pad_bottom_right,True,False,ok,"(27, 27)","(27, 27)","(27, 27)",0,semantic_majority_reflect,pseudo_hidden
6,ex6,translate_down_right,True,False,ok,"(26, 26)","(26, 26)","(26, 26)",0,semantic_majority_reflect,pseudo_hidden
6,ex6,translate_up_left,True,False,ok,"(26, 26)","(26, 26)","(26, 26)",0,semantic_majority_reflect,pseudo_hidden
6,ex6,inert_2x2_distractor,True,False,ok,"(26, 26)","(26, 26)","(26, 26)",0,semantic_majority_reflect,pseudo_hidden
6,ex6,inert_singleton_distractor,True,False,ok,"(26, 26)","(26, 26)","(26, 26)",0,semantic_majority_reflect,pseudo_hidden
7,ex7,original,True,False,ok,"(25, 25)","(25, 25)","(25, 25)",0,semantic_majority_reflect,pseudo_hidden
7,ex7,color_permutation_a,True,False,ok,"(25, 25)","(25, 25)","(25, 25)",0,semantic_majority_reflect,pseudo_hidden
7,ex7,color_permutation_b,True,False,ok,"(25, 25)","(25, 25)","(25, 25)",0,semantic_majority_reflect,pseudo_hidden
7,ex7,transpose,True,False,ok,"(25, 25)","(25, 25)","(25, 25)",0,semantic_majority_reflect,pseudo_hidden
7,ex7,mirror_lr,True,False,ok,"(25, 25)","(25, 25)","(25, 25)",0,semantic_majority_reflect,pseudo_hidden
7,ex7,mirror_ud,True,False,ok,"(25, 25)","(25, 25)","(25, 25)",0,semantic_majority_reflect,pseudo_hidden
7,ex7,rotate_180,True,False,ok,"(25, 25)","(25, 25)","(25, 25)",0,semantic_majority_reflect,pseudo_hidden
7,ex7,pad_top_left,True,False,ok,"(26, 26)","(26, 26)","(26, 26)",0,semantic_majority_reflect,pseudo_hidden
7,ex7,pad_bottom_right,True,False,ok,"(26, 26)","(26, 26)","(26, 26)",0,semantic_majority_reflect,pseudo_hidden
7,ex7,translate_down_right,True,False,ok,"(25, 25)","(25, 25)","(25, 25)",0,semantic_majority_reflect,pseudo_hidden
7,ex7,translate_up_left,True,False,ok,"(25, 25)","(25, 25)","(25, 25)",0,semantic_majority_reflect,pseudo_hidden
7,ex7,inert_2x2_distractor,True,False,ok,"(25, 25)","(25, 25)","(25, 25)",0,semantic_majority_reflect,pseudo_hidden
7,ex7,inert_singleton_distractor,True,False,ok,"(25, 25)","(25, 25)","(25, 25)",0,semantic_majority_reflect,pseudo_hidden
8,ex8,original,True,False,ok,"(30, 30)","(30, 30)","(30, 30)",0,semantic_majority_reflect,pseudo_hidden
8,ex8,color_permutation_a,True,False,ok,"(30, 30)","(30, 30)","(30, 30)",0,semantic_majority_reflect,pseudo_hidden
8,ex8,color_permutation_b,True,False,ok,"(30, 30)","(30, 30)","(30, 30)",0,semantic_majority_reflect,pseudo_hidden
8,ex8,transpose,True,False,ok,"(30, 30)","(30, 30)","(30, 30)",0,semantic_majority_reflect,pseudo_hidden
8,ex8,mirror_lr,True,False,ok,"(30, 30)","(30, 30)","(30, 30)",0,semantic_majority_reflect,pseudo_hidden
8,ex8,mirror_ud,True,False,ok,"(30, 30)","(30, 30)","(30, 30)",0,semantic_majority_reflect,pseudo_hidden
8,ex8,rotate_180,True,False,ok,"(30, 30)","(30, 30)","(30, 30)",0,semantic_majority_reflect,pseudo_hidden
8,ex8,pad_top_left,False,True,"input_shape_exceeds_limit:(31, 31)>(30, 30)","(31, 31)","(31, 31)",,,,pseudo_hidden
8,ex8,pad_bottom_right,False,True,"input_shape_exceeds_limit:(31, 31)>(30, 30)","(31, 31)","(31, 31)",,,,pseudo_hidden
8,ex8,translate_down_right,True,False,ok,"(30, 30)","(30, 30)","(30, 30)",0,semantic_majority_reflect,pseudo_hidden
8,ex8,translate_up_left,True,False,ok,"(30, 30)","(30, 30)","(30, 30)",0,semantic_majority_reflect,pseudo_hidden
8,ex8,inert_2x2_distractor,True,False,ok,"(30, 30)","(30, 30)","(30, 30)",0,semantic_majority_reflect,pseudo_hidden
8,ex8,inert_singleton_distractor,True,False,ok,"(30, 30)","(30, 30)","(30, 30)",0,semantic_majority_reflect,pseudo_hidden
9,ex9,original,True,False,ok,"(29, 29)","(29, 29)","(29, 29)",0,semantic_majority_reflect,pseudo_hidden
9,ex9,color_permutation_a,True,False,ok,"(29, 29)","(29, 29)","(29, 29)",0,semantic_majority_reflect,pseudo_hidden
9,ex9,color_permutation_b,True,False,ok,"(29, 29)","(29, 29)","(29, 29)",0,semantic_majority_reflect,pseudo_hidden
9,ex9,transpose,True,False,ok,"(29, 29)","(29, 29)","(29, 29)",0,semantic_majority_reflect,pseudo_hidden
9,ex9,mirror_lr,True,False,ok,"(29, 29)","(29, 29)","(29, 29)",0,semantic_majority_reflect,pseudo_hidden
9,ex9,mirror_ud,True,False,ok,"(29, 29)","(29, 29)","(29, 29)",0,semantic_majority_reflect,pseudo_hidden
9,ex9,rotate_180,True,False,ok,"(29, 29)","(29, 29)","(29, 29)",0,semantic_majority_reflect,pseudo_hidden
9,ex9,pad_top_left,True,False,ok,"(30, 30)","(30, 30)","(30, 30)",0,semantic_majority_reflect,pseudo_hidden
9,ex9,pad_bottom_right,True,False,ok,"(30, 30)","(30, 30)","(30, 30)",0,semantic_majority_reflect,pseudo_hidden
9,ex9,translate_down_right,True,False,ok,"(29, 29)","(29, 29)","(29, 29)",0,semantic_majority_reflect,pseudo_hidden
9,ex9,translate_up_left,True,False,ok,"(29, 29)","(29, 29)","(29, 29)",0,semantic_majority_reflect,pseudo_hidden
9,ex9,inert_2x2_distractor,True,False,ok,"(29, 29)","(29, 29)","(29, 29)",0,semantic_majority_reflect,pseudo_hidden
9,ex9,inert_singleton_distractor,True,False,ok,"(29, 29)","(29, 29)","(29, 29)",0,semantic_majority_reflect,pseudo_hidden
10,ex10,original,True,False,ok,"(28, 28)","(28, 28)","(28, 28)",0,semantic_majority_reflect,pseudo_hidden
10,ex10,color_permutation_a,True,False,ok,"(28, 28)","(28, 28)","(28, 28)",0,semantic_majority_reflect,pseudo_hidden
10,ex10,color_permutation_b,True,False,ok,"(28, 28)","(28, 28)","(28, 28)",0,semantic_majority_reflect,pseudo_hidden
10,ex10,transpose,True,False,ok,"(28, 28)","(28, 28)","(28, 28)",0,semantic_majority_reflect,pseudo_hidden
10,ex10,mirror_lr,True,False,ok,"(28, 28)","(28, 28)","(28, 28)",0,semantic_majority_reflect,pseudo_hidden
10,ex10,mirror_ud,True,False,ok,"(28, 28)","(28, 28)","(28, 28)",0,semantic_majority_reflect,pseudo_hidden
10,ex10,rotate_180,True,False,ok,"(28, 28)","(28, 28)","(28, 28)",0,semantic_majority_reflect,pseudo_hidden
10,ex10,pad_top_left,True,False,ok,"(29, 29)","(29, 29)","(29, 29)",0,semantic_majority_reflect,pseudo_hidden
10,ex10,pad_bottom_right,True,False,ok,"(29, 29)","(29, 29)","(29, 29)",0,semantic_majority_reflect,pseudo_hidden
10,ex10,translate_down_right,True,False,ok,"(28, 28)","(28, 28)","(28, 28)",0,semantic_majority_reflect,pseudo_hidden
10,ex10,translate_up_left,True,False,ok,"(28, 28)","(28, 28)","(28, 28)",0,semantic_majority_reflect,pseudo_hidden
10,ex10,inert_2x2_distractor,True,False,ok,"(28, 28)","(28, 28)","(28, 28)",0,semantic_majority_reflect,pseudo_hidden
10,ex10,inert_singleton_distractor,True,False,ok,"(28, 28)","(28, 28)","(28, 28)",0,semantic_majority_reflect,pseudo_hidden
11,ex11,original,True,False,ok,"(30, 30)","(30, 30)","(30, 30)",0,semantic_majority_reflect,pseudo_hidden
11,ex11,color_permutation_a,True,False,ok,"(30, 30)","(30, 30)","(30, 30)",0,semantic_majority_reflect,pseudo_hidden
11,ex11,color_permutation_b,True,False,ok,"(30, 30)","(30, 30)","(30, 30)",0,semantic_majority_reflect,pseudo_hidden
11,ex11,transpose,True,False,ok,"(30, 30)","(30, 30)","(30, 30)",0,semantic_majority_reflect,pseudo_hidden
11,ex11,mirror_lr,True,False,ok,"(30, 30)","(30, 30)","(30, 30)",0,semantic_majority_reflect,pseudo_hidden
11,ex11,mirror_ud,True,False,ok,"(30, 30)","(30, 30)","(30, 30)",0,semantic_majority_reflect,pseudo_hidden
11,ex11,rotate_180,True,False,ok,"(30, 30)","(30, 30)","(30, 30)",0,semantic_majority_reflect,pseudo_hidden
11,ex11,pad_top_left,False,True,"input_shape_exceeds_limit:(31, 31)>(30, 30)","(31, 31)","(31, 31)",,,,pseudo_hidden
11,ex11,pad_bottom_right,False,True,"input_shape_exceeds_limit:(31, 31)>(30, 30)","(31, 31)","(31, 31)",,,,pseudo_hidden
11,ex11,translate_down_right,True,False,ok,"(30, 30)","(30, 30)","(30, 30)",0,semantic_majority_reflect,pseudo_hidden
11,ex11,translate_up_left,True,False,ok,"(30, 30)","(30, 30)","(30, 30)",0,semantic_majority_reflect,pseudo_hidden
11,ex11,inert_2x2_distractor,True,False,ok,"(30, 30)","(30, 30)","(30, 30)",0,semantic_majority_reflect,pseudo_hidden
11,ex11,inert_singleton_distractor,True,False,ok,"(30, 30)","(30, 30)","(30, 30)",0,semantic_majority_reflect,pseudo_hidden
12,ex12,original,True,False,ok,"(30, 30)","(30, 30)","(30, 30)",0,semantic_majority_reflect,pseudo_hidden
12,ex12,color_permutation_a,True,False,ok,"(30, 30)","(30, 30)","(30, 30)",0,semantic_majority_reflect,pseudo_hidden
12,ex12,color_permutation_b,True,False,ok,"(30, 30)","(30, 30)","(30, 30)",0,semantic_majority_reflect,pseudo_hidden
12,ex12,transpose,True,False,ok,"(30, 30)","(30, 30)","(30, 30)",0,semantic_majority_reflect,pseudo_hidden
12,ex12,mirror_lr,True,False,ok,"(30, 30)","(30, 30)","(30, 30)",0,semantic_majority_reflect,pseudo_hidden
12,ex12,mirror_ud,True,False,ok,"(30, 30)","(30, 30)","(30, 30)",0,semantic_majority_reflect,pseudo_hidden
12,ex12,rotate_180,True,False,ok,"(30, 30)","(30, 30)","(30, 30)",0,semantic_majority_reflect,pseudo_hidden
12,ex12,pad_top_left,False,True,"input_shape_exceeds_limit:(31, 31)>(30, 30)","(31, 31)","(31, 31)",,,,pseudo_hidden
12,ex12,pad_bottom_right,False,True,"input_shape_exceeds_limit:(31, 31)>(30, 30)","(31, 31)","(31, 31)",,,,pseudo_hidden
12,ex12,translate_down_right,True,False,ok,"(30, 30)","(30, 30)","(30, 30)",0,semantic_majority_reflect,pseudo_hidden
12,ex12,translate_up_left,True,False,ok,"(30, 30)","(30, 30)","(30, 30)",0,semantic_majority_reflect,pseudo_hidden
12,ex12,inert_2x2_distractor,True,False,ok,"(30, 30)","(30, 30)","(30, 30)",0,semantic_majority_reflect,pseudo_hidden
12,ex12,inert_singleton_distractor,True,False,ok,"(30, 30)","(30, 30)","(30, 30)",0,semantic_majority_reflect,pseudo_hidden
13,ex13,original,True,False,ok,"(23, 23)","(23, 23)","(23, 23)",0,semantic_majority_reflect,pseudo_hidden
13,ex13,color_permutation_a,True,False,ok,"(23, 23)","(23, 23)","(23, 23)",0,semantic_majority_reflect,pseudo_hidden
13,ex13,color_permutation_b,True,False,ok,"(23, 23)","(23, 23)","(23, 23)",0,semantic_majority_reflect,pseudo_hidden
13,ex13,transpose,True,False,ok,"(23, 23)","(23, 23)","(23, 23)",0,semantic_majority_reflect,pseudo_hidden
13,ex13,mirror_lr,True,False,ok,"(23, 23)","(23, 23)","(23, 23)",0,semantic_majority_reflect,pseudo_hidden
13,ex13,mirror_ud,True,False,ok,"(23, 23)","(23, 23)","(23, 23)",0,semantic_majority_reflect,pseudo_hidden
13,ex13,rotate_180,True,False,ok,"(23, 23)","(23, 23)","(23, 23)",0,semantic_majority_reflect,pseudo_hidden
13,ex13,pad_top_left,True,False,ok,"(24, 24)","(24, 24)","(24, 24)",0,semantic_majority_reflect,pseudo_hidden
13,ex13,pad_bottom_right,True,False,ok,"(24, 24)","(24, 24)","(24, 24)",0,semantic_majority_reflect,pseudo_hidden
13,ex13,translate_down_right,True,False,ok,"(23, 23)","(23, 23)","(23, 23)",0,semantic_majority_reflect,pseudo_hidden
13,ex13,translate_up_left,True,False,ok,"(23, 23)","(23, 23)","(23, 23)",0,semantic_majority_reflect,pseudo_hidden
13,ex13,inert_2x2_distractor,True,False,ok,"(23, 23)","(23, 23)","(23, 23)",0,semantic_majority_reflect,pseudo_hidden
13,ex13,inert_singleton_distractor,True,False,ok,"(23, 23)","(23, 23)","(23, 23)",0,semantic_majority_reflect,pseudo_hidden
14,ex14,original,True,False,ok,"(20, 20)","(20, 20)","(20, 20)",0,semantic_majority_reflect,pseudo_hidden
14,ex14,color_permutation_a,True,False,ok,"(20, 20)","(20, 20)","(20, 20)",0,semantic_majority_reflect,pseudo_hidden
14,ex14,color_permutation_b,True,False,ok,"(20, 20)","(20, 20)","(20, 20)",0,semantic_majority_reflect,pseudo_hidden
14,ex14,transpose,True,False,ok,"(20, 20)","(20, 20)","(20, 20)",0,semantic_majority_reflect,pseudo_hidden
14,ex14,mirror_lr,True,False,ok,"(20, 20)","(20, 20)","(20, 20)",0,semantic_majority_reflect,pseudo_hidden
14,ex14,mirror_ud,True,False,ok,"(20, 20)","(20, 20)","(20, 20)",0,semantic_majority_reflect,pseudo_hidden
14,ex14,rotate_180,True,False,ok,"(20, 20)","(20, 20)","(20, 20)",0,semantic_majority_reflect,pseudo_hidden
14,ex14,pad_top_left,True,False,ok,"(21, 21)","(21, 21)","(21, 21)",0,semantic_majority_reflect,pseudo_hidden
14,ex14,pad_bottom_right,True,False,ok,"(21, 21)","(21, 21)","(21, 21)",0,semantic_majority_reflect,pseudo_hidden
14,ex14,translate_down_right,True,False,ok,"(20, 20)","(20, 20)","(20, 20)",0,semantic_majority_reflect,pseudo_hidden
14,ex14,translate_up_left,True,False,ok,"(20, 20)","(20, 20)","(20, 20)",0,semantic_majority_reflect,pseudo_hidden
14,ex14,inert_2x2_distractor,True,False,ok,"(20, 20)","(20, 20)","(20, 20)",0,semantic_majority_reflect,pseudo_hidden
14,ex14,inert_singleton_distractor,True,False,ok,"(20, 20)","(20, 20)","(20, 20)",0,semantic_majority_reflect,pseudo_hidden
15,ex15,original,True,False,ok,"(30, 30)","(30, 30)","(30, 30)",0,semantic_majority_reflect,pseudo_hidden
15,ex15,color_permutation_a,True,False,ok,"(30, 30)","(30, 30)","(30, 30)",0,semantic_majority_reflect,pseudo_hidden
15,ex15,color_permutation_b,True,False,ok,"(30, 30)","(30, 30)","(30, 30)",0,semantic_majority_reflect,pseudo_hidden
15,ex15,transpose,True,False,ok,"(30, 30)","(30, 30)","(30, 30)",0,semantic_majority_reflect,pseudo_hidden
15,ex15,mirror_lr,True,False,ok,"(30, 30)","(30, 30)","(30, 30)",0,semantic_majority_reflect,pseudo_hidden
15,ex15,mirror_ud,True,False,ok,"(30, 30)","(30, 30)","(30, 30)",0,semantic_majority_reflect,pseudo_hidden
15,ex15,rotate_180,True,False,ok,"(30, 30)","(30, 30)","(30, 30)",0,semantic_majority_reflect,pseudo_hidden
15,ex15,pad_top_left,False,True,"input_shape_exceeds_limit:(31, 31)>(30, 30)","(31, 31)","(31, 31)",,,,pseudo_hidden
15,ex15,pad_bottom_right,False,True,"input_shape_exceeds_limit:(31, 31)>(30, 30)","(31, 31)","(31, 31)",,,,pseudo_hidden
15,ex15,translate_down_right,True,False,ok,"(30, 30)","(30, 30)","(30, 30)",0,semantic_majority_reflect,pseudo_hidden
15,ex15,translate_up_left,True,False,ok,"(30, 30)","(30, 30)","(30, 30)",0,semantic_majority_reflect,pseudo_hidden
15,ex15,inert_2x2_distractor,True,False,ok,"(30, 30)","(30, 30)","(30, 30)",0,semantic_majority_reflect,pseudo_hidden
15,ex15,inert_singleton_distractor,True,False,ok,"(30, 30)","(30, 30)","(30, 30)",0,semantic_majority_reflect,pseudo_hidden
16,ex16,original,True,False,ok,"(24, 24)","(24, 24)","(24, 24)",0,semantic_majority_reflect,pseudo_hidden
16,ex16,color_permutation_a,True,False,ok,"(24, 24)","(24, 24)","(24, 24)",0,semantic_majority_reflect,pseudo_hidden
16,ex16,color_permutation_b,True,False,ok,"(24, 24)","(24, 24)","(24, 24)",0,semantic_majority_reflect,pseudo_hidden
16,ex16,transpose,True,False,ok,"(24, 24)","(24, 24)","(24, 24)",0,semantic_majority_reflect,pseudo_hidden
16,ex16,mirror_lr,True,False,ok,"(24, 24)","(24, 24)","(24, 24)",0,semantic_majority_reflect,pseudo_hidden
16,ex16,mirror_ud,True,False,ok,"(24, 24)","(24, 24)","(24, 24)",0,semantic_majority_reflect,pseudo_hidden
16,ex16,rotate_180,True,False,ok,"(24, 24)","(24, 24)","(24, 24)",0,semantic_majority_reflect,pseudo_hidden
16,ex16,pad_top_left,True,False,ok,"(25, 25)","(25, 25)","(25, 25)",0,semantic_majority_reflect,pseudo_hidden
16,ex16,pad_bottom_right,True,False,ok,"(25, 25)","(25, 25)","(25, 25)",0,semantic_majority_reflect,pseudo_hidden
16,ex16,translate_down_right,True,False,ok,"(24, 24)","(24, 24)","(24, 24)",0,semantic_majority_reflect,pseudo_hidden
16,ex16,translate_up_left,True,False,ok,"(24, 24)","(24, 24)","(24, 24)",0,semantic_majority_reflect,pseudo_hidden
16,ex16,inert_2x2_distractor,True,False,ok,"(24, 24)","(24, 24)","(24, 24)",0,semantic_majority_reflect,pseudo_hidden
16,ex16,inert_singleton_distractor,True,False,ok,"(24, 24)","(24, 24)","(24, 24)",0,semantic_majority_reflect,pseudo_hidden
17,ex17,original,True,False,ok,"(27, 27)","(27, 27)","(27, 27)",0,semantic_majority_reflect,pseudo_hidden
17,ex17,color_permutation_a,True,False,ok,"(27, 27)","(27, 27)","(27, 27)",0,semantic_majority_reflect,pseudo_hidden
17,ex17,color_permutation_b,True,False,ok,"(27, 27)","(27, 27)","(27, 27)",0,semantic_majority_reflect,pseudo_hidden
17,ex17,transpose,True,False,ok,"(27, 27)","(27, 27)","(27, 27)",0,semantic_majority_reflect,pseudo_hidden
17,ex17,mirror_lr,True,False,ok,"(27, 27)","(27, 27)","(27, 27)",0,semantic_majority_reflect,pseudo_hidden
17,ex17,mirror_ud,True,False,ok,"(27, 27)","(27, 27)","(27, 27)",0,semantic_majority_reflect,pseudo_hidden
17,ex17,rotate_180,True,False,ok,"(27, 27)","(27, 27)","(27, 27)",0,semantic_majority_reflect,pseudo_hidden
17,ex17,pad_top_left,True,False,ok,"(28, 28)","(28, 28)","(28, 28)",0,semantic_majority_reflect,pseudo_hidden
17,ex17,pad_bottom_right,True,False,ok,"(28, 28)","(28, 28)","(28, 28)",0,semantic_majority_reflect,pseudo_hidden
17,ex17,translate_down_right,True,False,ok,"(27, 27)","(27, 27)","(27, 27)",0,semantic_majority_reflect,pseudo_hidden
17,ex17,translate_up_left,True,False,ok,"(27, 27)","(27, 27)","(27, 27)",0,semantic_majority_reflect,pseudo_hidden
17,ex17,inert_2x2_distractor,True,False,ok,"(27, 27)","(27, 27)","(27, 27)",0,semantic_majority_reflect,pseudo_hidden
17,ex17,inert_singleton_distractor,True,False,ok,"(27, 27)","(27, 27)","(27, 27)",0,semantic_majority_reflect,pseudo_hidden
18,ex18,original,True,False,ok,"(29, 29)","(29, 29)","(29, 29)",0,semantic_majority_reflect,pseudo_hidden
18,ex18,color_permutation_a,True,False,ok,"(29, 29)","(29, 29)","(29, 29)",0,semantic_majority_reflect,pseudo_hidden
18,ex18,color_permutation_b,True,False,ok,"(29, 29)","(29, 29)","(29, 29)",0,semantic_majority_reflect,pseudo_hidden
18,ex18,transpose,True,False,ok,"(29, 29)","(29, 29)","(29, 29)",0,semantic_majority_reflect,pseudo_hidden
18,ex18,mirror_lr,True,False,ok,"(29, 29)","(29, 29)","(29, 29)",0,semantic_majority_reflect,pseudo_hidden
18,ex18,mirror_ud,True,False,ok,"(29, 29)","(29, 29)","(29, 29)",0,semantic_majority_reflect,pseudo_hidden
18,ex18,rotate_180,True,False,ok,"(29, 29)","(29, 29)","(29, 29)",0,semantic_majority_reflect,pseudo_hidden
18,ex18,pad_top_left,True,False,ok,"(30, 30)","(30, 30)","(30, 30)",0,semantic_majority_reflect,pseudo_hidden
18,ex18,pad_bottom_right,True,False,ok,"(30, 30)","(30, 30)","(30, 30)",0,semantic_majority_reflect,pseudo_hidden
18,ex18,translate_down_right,True,False,ok,"(29, 29)","(29, 29)","(29, 29)",0,semantic_majority_reflect,pseudo_hidden
18,ex18,translate_up_left,True,False,ok,"(29, 29)","(29, 29)","(29, 29)",0,semantic_majority_reflect,pseudo_hidden
18,ex18,inert_2x2_distractor,True,False,ok,"(29, 29)","(29, 29)","(29, 29)",0,semantic_majority_reflect,pseudo_hidden
18,ex18,inert_singleton_distractor,True,False,ok,"(29, 29)","(29, 29)","(29, 29)",0,semantic_majority_reflect,pseudo_hidden
19,ex19,original,True,False,ok,"(29, 29)","(29, 29)","(29, 29)",0,semantic_majority_reflect,pseudo_hidden
19,ex19,color_permutation_a,True,False,ok,"(29, 29)","(29, 29)","(29, 29)",0,semantic_majority_reflect,pseudo_hidden
19,ex19,color_permutation_b,True,False,ok,"(29, 29)","(29, 29)","(29, 29)",0,semantic_majority_reflect,pseudo_hidden
19,ex19,transpose,True,False,ok,"(29, 29)","(29, 29)","(29, 29)",0,semantic_majority_reflect,pseudo_hidden
19,ex19,mirror_lr,True,False,ok,"(29, 29)","(29, 29)","(29, 29)",0,semantic_majority_reflect,pseudo_hidden
19,ex19,mirror_ud,True,False,ok,"(29, 29)","(29, 29)","(29, 29)",0,semantic_majority_reflect,pseudo_hidden
19,ex19,rotate_180,True,False,ok,"(29, 29)","(29, 29)","(29, 29)",0,semantic_majority_reflect,pseudo_hidden
19,ex19,pad_top_left,True,False,ok,"(30, 30)","(30, 30)","(30, 30)",0,semantic_majority_reflect,pseudo_hidden
19,ex19,pad_bottom_right,True,False,ok,"(30, 30)","(30, 30)","(30, 30)",0,semantic_majority_reflect,pseudo_hidden
19,ex19,translate_down_right,True,False,ok,"(29, 29)","(29, 29)","(29, 29)",0,semantic_majority_reflect,pseudo_hidden
19,ex19,translate_up_left,True,False,ok,"(29, 29)","(29, 29)","(29, 29)",0,semantic_majority_reflect,pseudo_hidden
19,ex19,inert_2x2_distractor,True,False,ok,"(29, 29)","(29, 29)","(29, 29)",0,semantic_majority_reflect,pseudo_hidden
19,ex19,inert_singleton_distractor,True,False,ok,"(29, 29)","(29, 29)","(29, 29)",0,semantic_majority_reflect,pseudo_hidden
20,ex20,original,True,False,ok,"(26, 26)","(26, 26)","(26, 26)",0,semantic_majority_reflect,pseudo_hidden
20,ex20,color_permutation_a,True,False,ok,"(26, 26)","(26, 26)","(26, 26)",0,semantic_majority_reflect,pseudo_hidden
20,ex20,color_permutation_b,True,False,ok,"(26, 26)","(26, 26)","(26, 26)",0,semantic_majority_reflect,pseudo_hidden
20,ex20,transpose,True,False,ok,"(26, 26)","(26, 26)","(26, 26)",0,semantic_majority_reflect,pseudo_hidden
20,ex20,mirror_lr,True,False,ok,"(26, 26)","(26, 26)","(26, 26)",0,semantic_majority_reflect,pseudo_hidden
20,ex20,mirror_ud,True,False,ok,"(26, 26)","(26, 26)","(26, 26)",0,semantic_majority_reflect,pseudo_hidden
20,ex20,rotate_180,True,False,ok,"(26, 26)","(26, 26)","(26, 26)",0,semantic_majority_reflect,pseudo_hidden
20,ex20,pad_top_left,True,False,ok,"(27, 27)","(27, 27)","(27, 27)",0,semantic_majority_reflect,pseudo_hidden
20,ex20,pad_bottom_right,True,False,ok,"(27, 27)","(27, 27)","(27, 27)",0,semantic_majority_reflect,pseudo_hidden
20,ex20,translate_down_right,True,False,ok,"(26, 26)","(26, 26)","(26, 26)",0,semantic_majority_reflect,pseudo_hidden
20,ex20,translate_up_left,True,False,ok,"(26, 26)","(26, 26)","(26, 26)",0,semantic_majority_reflect,pseudo_hidden
20,ex20,inert_2x2_distractor,True,False,ok,"(26, 26)","(26, 26)","(26, 26)",0,semantic_majority_reflect,pseudo_hidden
20,ex20,inert_singleton_distractor,True,False,ok,"(26, 26)","(26, 26)","(26, 26)",0,semantic_majority_reflect,pseudo_hidden
21,ex21,original,True,False,ok,"(27, 27)","(27, 27)","(27, 27)",0,semantic_majority_reflect,pseudo_hidden
21,ex21,color_permutation_a,True,False,ok,"(27, 27)","(27, 27)","(27, 27)",0,semantic_majority_reflect,pseudo_hidden
21,ex21,color_permutation_b,True,False,ok,"(27, 27)","(27, 27)","(27, 27)",0,semantic_majority_reflect,pseudo_hidden
21,ex21,transpose,True,False,ok,"(27, 27)","(27, 27)","(27, 27)",0,semantic_majority_reflect,pseudo_hidden
21,ex21,mirror_lr,True,False,ok,"(27, 27)","(27, 27)","(27, 27)",0,semantic_majority_reflect,pseudo_hidden
21,ex21,mirror_ud,True,False,ok,"(27, 27)","(27, 27)","(27, 27)",0,semantic_majority_reflect,pseudo_hidden
21,ex21,rotate_180,True,False,ok,"(27, 27)","(27, 27)","(27, 27)",0,semantic_majority_reflect,pseudo_hidden
21,ex21,pad_top_left,True,False,ok,"(28, 28)","(28, 28)","(28, 28)",0,semantic_majority_reflect,pseudo_hidden
21,ex21,pad_bottom_right,True,False,ok,"(28, 28)","(28, 28)","(28, 28)",0,semantic_majority_reflect,pseudo_hidden
21,ex21,translate_down_right,True,False,ok,"(27, 27)","(27, 27)","(27, 27)",0,semantic_majority_reflect,pseudo_hidden
21,ex21,translate_up_left,True,False,ok,"(27, 27)","(27, 27)","(27, 27)",0,semantic_majority_reflect,pseudo_hidden
21,ex21,inert_2x2_distractor,True,False,ok,"(27, 27)","(27, 27)","(27, 27)",0,semantic_majority_reflect,pseudo_hidden
21,ex21,inert_singleton_distractor,True,False,ok,"(27, 27)","(27, 27)","(27, 27)",0,semantic_majority_reflect,pseudo_hidden
22,ex22,original,True,False,ok,"(23, 23)","(23, 23)","(23, 23)",0,semantic_majority_reflect,pseudo_hidden
22,ex22,color_permutation_a,True,False,ok,"(23, 23)","(23, 23)","(23, 23)",0,semantic_majority_reflect,pseudo_hidden
22,ex22,color_permutation_b,True,False,ok,"(23, 23)","(23, 23)","(23, 23)",0,semantic_majority_reflect,pseudo_hidden
22,ex22,transpose,True,False,ok,"(23, 23)","(23, 23)","(23, 23)",0,semantic_majority_reflect,pseudo_hidden
22,ex22,mirror_lr,True,False,ok,"(23, 23)","(23, 23)","(23, 23)",0,semantic_majority_reflect,pseudo_hidden
22,ex22,mirror_ud,True,False,ok,"(23, 23)","(23, 23)","(23, 23)",0,semantic_majority_reflect,pseudo_hidden
22,ex22,rotate_180,True,False,ok,"(23, 23)","(23, 23)","(23, 23)",0,semantic_majority_reflect,pseudo_hidden
22,ex22,pad_top_left,True,False,ok,"(24, 24)","(24, 24)","(24, 24)",0,semantic_majority_reflect,pseudo_hidden
22,ex22,pad_bottom_right,True,False,ok,"(24, 24)","(24, 24)","(24, 24)",0,semantic_majority_reflect,pseudo_hidden
22,ex22,translate_down_right,True,False,ok,"(23, 23)","(23, 23)","(23, 23)",0,semantic_majority_reflect,pseudo_hidden
22,ex22,translate_up_left,True,False,ok,"(23, 23)","(23, 23)","(23, 23)",0,semantic_majority_reflect,pseudo_hidden
22,ex22,inert_2x2_distractor,True,False,ok,"(23, 23)","(23, 23)","(23, 23)",0,semantic_majority_reflect,pseudo_hidden
22,ex22,inert_singleton_distractor,True,False,ok,"(23, 23)","(23, 23)","(23, 23)",0,semantic_majority_reflect,pseudo_hidden
23,ex23,original,True,False,ok,"(22, 22)","(22, 22)","(22, 22)",0,semantic_majority_reflect,pseudo_hidden
23,ex23,color_permutation_a,True,False,ok,"(22, 22)","(22, 22)","(22, 22)",0,semantic_majority_reflect,pseudo_hidden
23,ex23,color_permutation_b,True,False,ok,"(22, 22)","(22, 22)","(22, 22)",0,semantic_majority_reflect,pseudo_hidden
23,ex23,transpose,True,False,ok,"(22, 22)","(22, 22)","(22, 22)",0,semantic_majority_reflect,pseudo_hidden
23,ex23,mirror_lr,True,False,ok,"(22, 22)","(22, 22)","(22, 22)",0,semantic_majority_reflect,pseudo_hidden
23,ex23,mirror_ud,True,False,ok,"(22, 22)","(22, 22)","(22, 22)",0,semantic_majority_reflect,pseudo_hidden
23,ex23,rotate_180,True,False,ok,"(22, 22)","(22, 22)","(22, 22)",0,semantic_majority_reflect,pseudo_hidden
23,ex23,pad_top_left,True,False,ok,"(23, 23)","(23, 23)","(23, 23)",0,semantic_majority_reflect,pseudo_hidden
23,ex23,pad_bottom_right,True,False,ok,"(23, 23)","(23, 23)","(23, 23)",0,semantic_majority_reflect,pseudo_hidden
23,ex23,translate_down_right,True,False,ok,"(22, 22)","(22, 22)","(22, 22)",0,semantic_majority_reflect,pseudo_hidden
23,ex23,translate_up_left,True,False,ok,"(22, 22)","(22, 22)","(22, 22)",0,semantic_majority_reflect,pseudo_hidden
23,ex23,inert_2x2_distractor,True,False,ok,"(22, 22)","(22, 22)","(22, 22)",0,semantic_majority_reflect,pseudo_hidden
23,ex23,inert_singleton_distractor,True,False,ok,"(22, 22)","(22, 22)","(22, 22)",0,semantic_majority_reflect,pseudo_hidden
24,ex24,original,True,False,ok,"(25, 25)","(25, 25)","(25, 25)",0,semantic_majority_reflect,pseudo_hidden
24,ex24,color_permutation_a,True,False,ok,"(25, 25)","(25, 25)","(25, 25)",0,semantic_majority_reflect,pseudo_hidden
24,ex24,color_permutation_b,True,False,ok,"(25, 25)","(25, 25)","(25, 25)",0,semantic_majority_reflect,pseudo_hidden
24,ex24,transpose,True,False,ok,"(25, 25)","(25, 25)","(25, 25)",0,semantic_majority_reflect,pseudo_hidden
24,ex24,mirror_lr,True,False,ok,"(25, 25)","(25, 25)","(25, 25)",0,semantic_majority_reflect,pseudo_hidden
24,ex24,mirror_ud,True,False,ok,"(25, 25)","(25, 25)","(25, 25)",0,semantic_majority_reflect,pseudo_hidden
24,ex24,rotate_180,True,False,ok,"(25, 25)","(25, 25)","(25, 25)",0,semantic_majority_reflect,pseudo_hidden
24,ex24,pad_top_left,True,False,ok,"(26, 26)","(26, 26)","(26, 26)",0,semantic_majority_reflect,pseudo_hidden
24,ex24,pad_bottom_right,True,False,ok,"(26, 26)","(26, 26)","(26, 26)",0,semantic_majority_reflect,pseudo_hidden
24,ex24,translate_down_right,True,False,ok,"(25, 25)","(25, 25)","(25, 25)",0,semantic_majority_reflect,pseudo_hidden
24,ex24,translate_up_left,True,False,ok,"(25, 25)","(25, 25)","(25, 25)",0,semantic_majority_reflect,pseudo_hidden
24,ex24,inert_2x2_distractor,True,False,ok,"(25, 25)","(25, 25)","(25, 25)",0,semantic_majority_reflect,pseudo_hidden
24,ex24,inert_singleton_distractor,True,False,ok,"(25, 25)","(25, 25)","(25, 25)",0,semantic_majority_reflect,pseudo_hidden
25,ex25,original,True,False,ok,"(29, 29)","(29, 29)","(29, 29)",0,semantic_majority_reflect,pseudo_hidden
25,ex25,color_permutation_a,True,False,ok,"(29, 29)","(29, 29)","(29, 29)",0,semantic_majority_reflect,pseudo_hidden
25,ex25,color_permutation_b,True,False,ok,"(29, 29)","(29, 29)","(29, 29)",0,semantic_majority_reflect,pseudo_hidden
25,ex25,transpose,True,False,ok,"(29, 29)","(29, 29)","(29, 29)",0,semantic_majority_reflect,pseudo_hidden
25,ex25,mirror_lr,True,False,ok,"(29, 29)","(29, 29)","(29, 29)",0,semantic_majority_reflect,pseudo_hidden
25,ex25,mirror_ud,True,False,ok,"(29, 29)","(29, 29)","(29, 29)",0,semantic_majority_reflect,pseudo_hidden
25,ex25,rotate_180,True,False,ok,"(29, 29)","(29, 29)","(29, 29)",0,semantic_majority_reflect,pseudo_hidden
25,ex25,pad_top_left,True,False,ok,"(30, 30)","(30, 30)","(30, 30)",0,semantic_majority_reflect,pseudo_hidden
25,ex25,pad_bottom_right,True,False,ok,"(30, 30)","(30, 30)","(30, 30)",0,semantic_majority_reflect,pseudo_hidden
25,ex25,translate_down_right,True,False,ok,"(29, 29)","(29, 29)","(29, 29)",0,semantic_majority_reflect,pseudo_hidden
25,ex25,translate_up_left,True,False,ok,"(29, 29)","(29, 29)","(29, 29)",0,semantic_majority_reflect,pseudo_hidden
25,ex25,inert_2x2_distractor,True,False,ok,"(29, 29)","(29, 29)","(29, 29)",0,semantic_majority_reflect,pseudo_hidden
25,ex25,inert_singleton_distractor,True,False,ok,"(29, 29)","(29, 29)","(29, 29)",0,semantic_majority_reflect,pseudo_hidden
26,ex26,original,True,False,ok,"(26, 26)","(26, 26)","(26, 26)",0,semantic_majority_reflect,pseudo_hidden
26,ex26,color_permutation_a,True,False,ok,"(26, 26)","(26, 26)","(26, 26)",0,semantic_majority_reflect,pseudo_hidden
26,ex26,color_permutation_b,True,False,ok,"(26, 26)","(26, 26)","(26, 26)",0,semantic_majority_reflect,pseudo_hidden
26,ex26,transpose,True,False,ok,"(26, 26)","(26, 26)","(26, 26)",0,semantic_majority_reflect,pseudo_hidden
26,ex26,mirror_lr,True,False,ok,"(26, 26)","(26, 26)","(26, 26)",0,semantic_majority_reflect,pseudo_hidden
26,ex26,mirror_ud,True,False,ok,"(26, 26)","(26, 26)","(26, 26)",0,semantic_majority_reflect,pseudo_hidden
26,ex26,rotate_180,True,False,ok,"(26, 26)","(26, 26)","(26, 26)",0,semantic_majority_reflect,pseudo_hidden
26,ex26,pad_top_left,True,False,ok,"(27, 27)","(27, 27)","(27, 27)",0,semantic_majority_reflect,pseudo_hidden
26,ex26,pad_bottom_right,True,False,ok,"(27, 27)","(27, 27)","(27, 27)",0,semantic_majority_reflect,pseudo_hidden
26,ex26,translate_down_right,True,False,ok,"(26, 26)","(26, 26)","(26, 26)",0,semantic_majority_reflect,pseudo_hidden
26,ex26,translate_up_left,True,False,ok,"(26, 26)","(26, 26)","(26, 26)",0,semantic_majority_reflect,pseudo_hidden
26,ex26,inert_2x2_distractor,True,False,ok,"(26, 26)","(26, 26)","(26, 26)",0,semantic_majority_reflect,pseudo_hidden
26,ex26,inert_singleton_distractor,True,False,ok,"(26, 26)","(26, 26)","(26, 26)",0,semantic_majority_reflect,pseudo_hidden
27,ex27,original,True,False,ok,"(28, 28)","(28, 28)","(28, 28)",0,semantic_majority_reflect,pseudo_hidden
27,ex27,color_permutation_a,True,False,ok,"(28, 28)","(28, 28)","(28, 28)",0,semantic_majority_reflect,pseudo_hidden
27,ex27,color_permutation_b,True,False,ok,"(28, 28)","(28, 28)","(28, 28)",0,semantic_majority_reflect,pseudo_hidden
27,ex27,transpose,True,False,ok,"(28, 28)","(28, 28)","(28, 28)",0,semantic_majority_reflect,pseudo_hidden
27,ex27,mirror_lr,True,False,ok,"(28, 28)","(28, 28)","(28, 28)",0,semantic_majority_reflect,pseudo_hidden
27,ex27,mirror_ud,True,False,ok,"(28, 28)","(28, 28)","(28, 28)",0,semantic_majority_reflect,pseudo_hidden
27,ex27,rotate_180,True,False,ok,"(28, 28)","(28, 28)","(28, 28)",0,semantic_majority_reflect,pseudo_hidden
27,ex27,pad_top_left,True,False,ok,"(29, 29)","(29, 29)","(29, 29)",0,semantic_majority_reflect,pseudo_hidden
27,ex27,pad_bottom_right,True,False,ok,"(29, 29)","(29, 29)","(29, 29)",0,semantic_majority_reflect,pseudo_hidden
27,ex27,translate_down_right,True,False,ok,"(28, 28)","(28, 28)","(28, 28)",0,semantic_majority_reflect,pseudo_hidden
27,ex27,translate_up_left,True,False,ok,"(28, 28)","(28, 28)","(28, 28)",0,semantic_majority_reflect,pseudo_hidden
27,ex27,inert_2x2_distractor,True,False,ok,"(28, 28)","(28, 28)","(28, 28)",0,semantic_majority_reflect,pseudo_hidden
27,ex27,inert_singleton_distractor,True,False,ok,"(28, 28)","(28, 28)","(28, 28)",0,semantic_majority_reflect,pseudo_hidden
28,ex28,original,True,False,ok,"(30, 30)","(30, 30)","(30, 30)",0,semantic_majority_reflect,pseudo_hidden
28,ex28,color_permutation_a,True,False,ok,"(30, 30)","(30, 30)","(30, 30)",0,semantic_majority_reflect,pseudo_hidden
28,ex28,color_permutation_b,True,False,ok,"(30, 30)","(30, 30)","(30, 30)",0,semantic_majority_reflect,pseudo_hidden
28,ex28,transpose,True,False,ok,"(30, 30)","(30, 30)","(30, 30)",0,semantic_majority_reflect,pseudo_hidden
28,ex28,mirror_lr,True,False,ok,"(30, 30)","(30, 30)","(30, 30)",0,semantic_majority_reflect,pseudo_hidden
28,ex28,mirror_ud,True,False,ok,"(30, 30)","(30, 30)","(30, 30)",0,semantic_majority_reflect,pseudo_hidden
28,ex28,rotate_180,True,False,ok,"(30, 30)","(30, 30)","(30, 30)",0,semantic_majority_reflect,pseudo_hidden
28,ex28,pad_top_left,False,True,"input_shape_exceeds_limit:(31, 31)>(30, 30)","(31, 31)","(31, 31)",,,,pseudo_hidden
28,ex28,pad_bottom_right,False,True,"input_shape_exceeds_limit:(31, 31)>(30, 30)","(31, 31)","(31, 31)",,,,pseudo_hidden
28,ex28,translate_down_right,True,False,ok,"(30, 30)","(30, 30)","(30, 30)",0,semantic_majority_reflect,pseudo_hidden
28,ex28,translate_up_left,True,False,ok,"(30, 30)","(30, 30)","(30, 30)",0,semantic_majority_reflect,pseudo_hidden
28,ex28,inert_2x2_distractor,True,False,ok,"(30, 30)","(30, 30)","(30, 30)",0,semantic_majority_reflect,pseudo_hidden
28,ex28,inert_singleton_distractor,True,False,ok,"(30, 30)","(30, 30)","(30, 30)",0,semantic_majority_reflect,pseudo_hidden
29,ex29,original,True,False,ok,"(25, 25)","(25, 25)","(25, 25)",0,semantic_majority_reflect,pseudo_hidden
29,ex29,color_permutation_a,True,False,ok,"(25, 25)","(25, 25)","(25, 25)",0,semantic_majority_reflect,pseudo_hidden
29,ex29,color_permutation_b,True,False,ok,"(25, 25)","(25, 25)","(25, 25)",0,semantic_majority_reflect,pseudo_hidden
29,ex29,transpose,True,False,ok,"(25, 25)","(25, 25)","(25, 25)",0,semantic_majority_reflect,pseudo_hidden
29,ex29,mirror_lr,True,False,ok,"(25, 25)","(25, 25)","(25, 25)",0,semantic_majority_reflect,pseudo_hidden
29,ex29,mirror_ud,True,False,ok,"(25, 25)","(25, 25)","(25, 25)",0,semantic_majority_reflect,pseudo_hidden
29,ex29,rotate_180,True,False,ok,"(25, 25)","(25, 25)","(25, 25)",0,semantic_majority_reflect,pseudo_hidden
29,ex29,pad_top_left,True,False,ok,"(26, 26)","(26, 26)","(26, 26)",0,semantic_majority_reflect,pseudo_hidden
29,ex29,pad_bottom_right,True,False,ok,"(26, 26)","(26, 26)","(26, 26)",0,semantic_majority_reflect,pseudo_hidden
29,ex29,translate_down_right,True,False,ok,"(25, 25)","(25, 25)","(25, 25)",0,semantic_majority_reflect,pseudo_hidden
29,ex29,translate_up_left,True,False,ok,"(25, 25)","(25, 25)","(25, 25)",0,semantic_majority_reflect,pseudo_hidden
29,ex29,inert_2x2_distractor,True,False,ok,"(25, 25)","(25, 25)","(25, 25)",0,semantic_majority_reflect,pseudo_hidden
29,ex29,inert_singleton_distractor,True,False,ok,"(25, 25)","(25, 25)","(25, 25)",0,semantic_majority_reflect,pseudo_hidden
30,ex30,original,True,False,ok,"(25, 25)","(25, 25)","(25, 25)",0,semantic_majority_reflect,pseudo_hidden
30,ex30,color_permutation_a,True,False,ok,"(25, 25)","(25, 25)","(25, 25)",0,semantic_majority_reflect,pseudo_hidden
30,ex30,color_permutation_b,True,False,ok,"(25, 25)","(25, 25)","(25, 25)",0,semantic_majority_reflect,pseudo_hidden
30,ex30,transpose,True,False,ok,"(25, 25)","(25, 25)","(25, 25)",0,semantic_majority_reflect,pseudo_hidden
30,ex30,mirror_lr,True,False,ok,"(25, 25)","(25, 25)","(25, 25)",0,semantic_majority_reflect,pseudo_hidden
30,ex30,mirror_ud,True,False,ok,"(25, 25)","(25, 25)","(25, 25)",0,semantic_majority_reflect,pseudo_hidden
30,ex30,rotate_180,True,False,ok,"(25, 25)","(25, 25)","(25, 25)",0,semantic_majority_reflect,pseudo_hidden
30,ex30,pad_top_left,True,False,ok,"(26, 26)","(26, 26)","(26, 26)",0,semantic_majority_reflect,pseudo_hidden
30,ex30,pad_bottom_right,True,False,ok,"(26, 26)","(26, 26)","(26, 26)",0,semantic_majority_reflect,pseudo_hidden
30,ex30,translate_down_right,True,False,ok,"(25, 25)","(25, 25)","(25, 25)",0,semantic_majority_reflect,pseudo_hidden
30,ex30,translate_up_left,True,False,ok,"(25, 25)","(25, 25)","(25, 25)",0,semantic_majority_reflect,pseudo_hidden
30,ex30,inert_2x2_distractor,True,False,ok,"(25, 25)","(25, 25)","(25, 25)",0,semantic_majority_reflect,pseudo_hidden
30,ex30,inert_singleton_distractor,True,False,ok,"(25, 25)","(25, 25)","(25, 25)",0,semantic_majority_reflect,pseudo_hidden
31,ex31,original,True,False,ok,"(24, 24)","(24, 24)","(24, 24)",0,semantic_majority_reflect,pseudo_hidden
31,ex31,color_permutation_a,True,False,ok,"(24, 24)","(24, 24)","(24, 24)",0,semantic_majority_reflect,pseudo_hidden
31,ex31,color_permutation_b,True,False,ok,"(24, 24)","(24, 24)","(24, 24)",0,semantic_majority_reflect,pseudo_hidden
31,ex31,transpose,True,False,ok,"(24, 24)","(24, 24)","(24, 24)",0,semantic_majority_reflect,pseudo_hidden
31,ex31,mirror_lr,True,False,ok,"(24, 24)","(24, 24)","(24, 24)",0,semantic_majority_reflect,pseudo_hidden
31,ex31,mirror_ud,True,False,ok,"(24, 24)","(24, 24)","(24, 24)",0,semantic_majority_reflect,pseudo_hidden
31,ex31,rotate_180,True,False,ok,"(24, 24)","(24, 24)","(24, 24)",0,semantic_majority_reflect,pseudo_hidden
31,ex31,pad_top_left,True,False,ok,"(25, 25)","(25, 25)","(25, 25)",0,semantic_majority_reflect,pseudo_hidden
31,ex31,pad_bottom_right,True,False,ok,"(25, 25)","(25, 25)","(25, 25)",0,semantic_majority_reflect,pseudo_hidden
31,ex31,translate_down_right,True,False,ok,"(24, 24)","(24, 24)","(24, 24)",0,semantic_majority_reflect,pseudo_hidden
31,ex31,translate_up_left,True,False,ok,"(24, 24)","(24, 24)","(24, 24)",0,semantic_majority_reflect,pseudo_hidden
31,ex31,inert_2x2_distractor,True,False,ok,"(24, 24)","(24, 24)","(24, 24)",0,semantic_majority_reflect,pseudo_hidden
31,ex31,inert_singleton_distractor,True,False,ok,"(24, 24)","(24, 24)","(24, 24)",0,semantic_majority_reflect,pseudo_hidden
32,ex32,original,True,False,ok,"(30, 30)","(30, 30)","(30, 30)",0,semantic_majority_reflect,pseudo_hidden
32,ex32,color_permutation_a,True,False,ok,"(30, 30)","(30, 30)","(30, 30)",0,semantic_majority_reflect,pseudo_hidden
32,ex32,color_permutation_b,True,False,ok,"(30, 30)","(30, 30)","(30, 30)",0,semantic_majority_reflect,pseudo_hidden
32,ex32,transpose,True,False,ok,"(30, 30)","(30, 30)","(30, 30)",0,semantic_majority_reflect,pseudo_hidden
32,ex32,mirror_lr,True,False,ok,"(30, 30)","(30, 30)","(30, 30)",0,semantic_majority_reflect,pseudo_hidden
32,ex32,mirror_ud,True,False,ok,"(30, 30)","(30, 30)","(30, 30)",0,semantic_majority_reflect,pseudo_hidden
32,ex32,rotate_180,True,False,ok,"(30, 30)","(30, 30)","(30, 30)",0,semantic_majority_reflect,pseudo_hidden
32,ex32,pad_top_left,False,True,"input_shape_exceeds_limit:(31, 31)>(30, 30)","(31, 31)","(31, 31)",,,,pseudo_hidden
32,ex32,pad_bottom_right,False,True,"input_shape_exceeds_limit:(31, 31)>(30, 30)","(31, 31)","(31, 31)",,,,pseudo_hidden
32,ex32,translate_down_right,True,False,ok,"(30, 30)","(30, 30)","(30, 30)",0,semantic_majority_reflect,pseudo_hidden
32,ex32,translate_up_left,True,False,ok,"(30, 30)","(30, 30)","(30, 30)",0,semantic_majority_reflect,pseudo_hidden
32,ex32,inert_2x2_distractor,True,False,ok,"(30, 30)","(30, 30)","(30, 30)",0,semantic_majority_reflect,pseudo_hidden
32,ex32,inert_singleton_distractor,True,False,ok,"(30, 30)","(30, 30)","(30, 30)",0,semantic_majority_reflect,pseudo_hidden
33,ex33,original,True,False,ok,"(29, 29)","(29, 29)","(29, 29)",0,semantic_majority_reflect,pseudo_hidden
33,ex33,color_permutation_a,True,False,ok,"(29, 29)","(29, 29)","(29, 29)",0,semantic_majority_reflect,pseudo_hidden
33,ex33,color_permutation_b,True,False,ok,"(29, 29)","(29, 29)","(29, 29)",0,semantic_majority_reflect,pseudo_hidden
33,ex33,transpose,True,False,ok,"(29, 29)","(29, 29)","(29, 29)",0,semantic_majority_reflect,pseudo_hidden
33,ex33,mirror_lr,True,False,ok,"(29, 29)","(29, 29)","(29, 29)",0,semantic_majority_reflect,pseudo_hidden
33,ex33,mirror_ud,True,False,ok,"(29, 29)","(29, 29)","(29, 29)",0,semantic_majority_reflect,pseudo_hidden
33,ex33,rotate_180,True,False,ok,"(29, 29)","(29, 29)","(29, 29)",0,semantic_majority_reflect,pseudo_hidden
33,ex33,pad_top_left,True,False,ok,"(30, 30)","(30, 30)","(30, 30)",0,semantic_majority_reflect,pseudo_hidden
33,ex33,pad_bottom_right,True,False,ok,"(30, 30)","(30, 30)","(30, 30)",0,semantic_majority_reflect,pseudo_hidden
33,ex33,translate_down_right,True,False,ok,"(29, 29)","(29, 29)","(29, 29)",0,semantic_majority_reflect,pseudo_hidden
33,ex33,translate_up_left,True,False,ok,"(29, 29)","(29, 29)","(29, 29)",0,semantic_majority_reflect,pseudo_hidden
33,ex33,inert_2x2_distractor,True,False,ok,"(29, 29)","(29, 29)","(29, 29)",0,semantic_majority_reflect,pseudo_hidden
33,ex33,inert_singleton_distractor,True,False,ok,"(29, 29)","(29, 29)","(29, 29)",0,semantic_majority_reflect,pseudo_hidden
34,ex34,original,True,False,ok,"(20, 20)","(20, 20)","(20, 20)",0,semantic_majority_reflect,pseudo_hidden
34,ex34,color_permutation_a,True,False,ok,"(20, 20)","(20, 20)","(20, 20)",0,semantic_majority_reflect,pseudo_hidden
34,ex34,color_permutation_b,True,False,ok,"(20, 20)","(20, 20)","(20, 20)",0,semantic_majority_reflect,pseudo_hidden
34,ex34,transpose,True,False,ok,"(20, 20)","(20, 20)","(20, 20)",0,semantic_majority_reflect,pseudo_hidden
34,ex34,mirror_lr,True,False,ok,"(20, 20)","(20, 20)","(20, 20)",0,semantic_majority_reflect,pseudo_hidden
34,ex34,mirror_ud,True,False,ok,"(20, 20)","(20, 20)","(20, 20)",0,semantic_majority_reflect,pseudo_hidden
34,ex34,rotate_180,True,False,ok,"(20, 20)","(20, 20)","(20, 20)",0,semantic_majority_reflect,pseudo_hidden
34,ex34,pad_top_left,True,False,ok,"(21, 21)","(21, 21)","(21, 21)",0,semantic_majority_reflect,pseudo_hidden
34,ex34,pad_bottom_right,True,False,ok,"(21, 21)","(21, 21)","(21, 21)",0,semantic_majority_reflect,pseudo_hidden
34,ex34,translate_down_right,True,False,ok,"(20, 20)","(20, 20)","(20, 20)",0,semantic_majority_reflect,pseudo_hidden
34,ex34,translate_up_left,True,False,ok,"(20, 20)","(20, 20)","(20, 20)",0,semantic_majority_reflect,pseudo_hidden
34,ex34,inert_2x2_distractor,True,False,ok,"(20, 20)","(20, 20)","(20, 20)",0,semantic_majority_reflect,pseudo_hidden
34,ex34,inert_singleton_distractor,True,False,ok,"(20, 20)","(20, 20)","(20, 20)",0,semantic_majority_reflect,pseudo_hidden
35,ex35,original,True,False,ok,"(28, 28)","(28, 28)","(28, 28)",0,semantic_majority_reflect,pseudo_hidden
35,ex35,color_permutation_a,True,False,ok,"(28, 28)","(28, 28)","(28, 28)",0,semantic_majority_reflect,pseudo_hidden
35,ex35,color_permutation_b,True,False,ok,"(28, 28)","(28, 28)","(28, 28)",0,semantic_majority_reflect,pseudo_hidden
35,ex35,transpose,True,False,ok,"(28, 28)","(28, 28)","(28, 28)",0,semantic_majority_reflect,pseudo_hidden
35,ex35,mirror_lr,True,False,ok,"(28, 28)","(28, 28)","(28, 28)",0,semantic_majority_reflect,pseudo_hidden
35,ex35,mirror_ud,True,False,ok,"(28, 28)","(28, 28)","(28, 28)",0,semantic_majority_reflect,pseudo_hidden
35,ex35,rotate_180,True,False,ok,"(28, 28)","(28, 28)","(28, 28)",0,semantic_majority_reflect,pseudo_hidden
35,ex35,pad_top_left,True,False,ok,"(29, 29)","(29, 29)","(29, 29)",0,semantic_majority_reflect,pseudo_hidden
35,ex35,pad_bottom_right,True,False,ok,"(29, 29)","(29, 29)","(29, 29)",0,semantic_majority_reflect,pseudo_hidden
35,ex35,translate_down_right,True,False,ok,"(28, 28)","(28, 28)","(28, 28)",0,semantic_majority_reflect,pseudo_hidden
35,ex35,translate_up_left,True,False,ok,"(28, 28)","(28, 28)","(28, 28)",0,semantic_majority_reflect,pseudo_hidden
35,ex35,inert_2x2_distractor,True,False,ok,"(28, 28)","(28, 28)","(28, 28)",0,semantic_majority_reflect,pseudo_hidden
35,ex35,inert_singleton_distractor,True,False,ok,"(28, 28)","(28, 28)","(28, 28)",0,semantic_majority_reflect,pseudo_hidden
36,ex36,original,True,False,ok,"(28, 28)","(28, 28)","(28, 28)",0,semantic_majority_reflect,pseudo_hidden
36,ex36,color_permutation_a,True,False,ok,"(28, 28)","(28, 28)","(28, 28)",0,semantic_majority_reflect,pseudo_hidden
36,ex36,color_permutation_b,True,False,ok,"(28, 28)","(28, 28)","(28, 28)",0,semantic_majority_reflect,pseudo_hidden
36,ex36,transpose,True,False,ok,"(28, 28)","(28, 28)","(28, 28)",0,semantic_majority_reflect,pseudo_hidden
36,ex36,mirror_lr,True,False,ok,"(28, 28)","(28, 28)","(28, 28)",0,semantic_majority_reflect,pseudo_hidden
36,ex36,mirror_ud,True,False,ok,"(28, 28)","(28, 28)","(28, 28)",0,semantic_majority_reflect,pseudo_hidden
36,ex36,rotate_180,True,False,ok,"(28, 28)","(28, 28)","(28, 28)",0,semantic_majority_reflect,pseudo_hidden
36,ex36,pad_top_left,True,False,ok,"(29, 29)","(29, 29)","(29, 29)",0,semantic_majority_reflect,pseudo_hidden
36,ex36,pad_bottom_right,True,False,ok,"(29, 29)","(29, 29)","(29, 29)",0,semantic_majority_reflect,pseudo_hidden
36,ex36,translate_down_right,True,False,ok,"(28, 28)","(28, 28)","(28, 28)",0,semantic_majority_reflect,pseudo_hidden
36,ex36,translate_up_left,True,False,ok,"(28, 28)","(28, 28)","(28, 28)",0,semantic_majority_reflect,pseudo_hidden
36,ex36,inert_2x2_distractor,True,False,ok,"(28, 28)","(28, 28)","(28, 28)",0,semantic_majority_reflect,pseudo_hidden
36,ex36,inert_singleton_distractor,True,False,ok,"(28, 28)","(28, 28)","(28, 28)",0,semantic_majority_reflect,pseudo_hidden
37,ex37,original,True,False,ok,"(13, 13)","(13, 13)","(13, 13)",0,semantic_majority_reflect,pseudo_hidden
37,ex37,color_permutation_a,True,False,ok,"(13, 13)","(13, 13)","(13, 13)",0,semantic_majority_reflect,pseudo_hidden
37,ex37,color_permutation_b,True,False,ok,"(13, 13)","(13, 13)","(13, 13)",0,semantic_majority_reflect,pseudo_hidden
37,ex37,transpose,True,False,ok,"(13, 13)","(13, 13)","(13, 13)",0,semantic_majority_reflect,pseudo_hidden
37,ex37,mirror_lr,True,False,ok,"(13, 13)","(13, 13)","(13, 13)",0,semantic_majority_reflect,pseudo_hidden
37,ex37,mirror_ud,True,False,ok,"(13, 13)","(13, 13)","(13, 13)",0,semantic_majority_reflect,pseudo_hidden
37,ex37,rotate_180,True,False,ok,"(13, 13)","(13, 13)","(13, 13)",0,semantic_majority_reflect,pseudo_hidden
37,ex37,pad_top_left,True,False,ok,"(14, 14)","(14, 14)","(14, 14)",0,semantic_majority_reflect,pseudo_hidden
37,ex37,pad_bottom_right,True,False,ok,"(14, 14)","(14, 14)","(14, 14)",0,semantic_majority_reflect,pseudo_hidden
37,ex37,translate_down_right,True,False,ok,"(13, 13)","(13, 13)","(13, 13)",0,semantic_majority_reflect,pseudo_hidden
37,ex37,translate_up_left,True,False,ok,"(13, 13)","(13, 13)","(13, 13)",0,semantic_majority_reflect,pseudo_hidden
37,ex37,inert_2x2_distractor,True,False,ok,"(13, 13)","(13, 13)","(13, 13)",0,semantic_majority_reflect,pseudo_hidden
37,ex37,inert_singleton_distractor,True,False,ok,"(13, 13)","(13, 13)","(13, 13)",0,semantic_majority_reflect,pseudo_hidden
38,ex38,original,True,False,ok,"(28, 28)","(28, 28)","(28, 28)",0,semantic_majority_reflect,pseudo_hidden
38,ex38,color_permutation_a,True,False,ok,"(28, 28)","(28, 28)","(28, 28)",0,semantic_majority_reflect,pseudo_hidden
38,ex38,color_permutation_b,True,False,ok,"(28, 28)","(28, 28)","(28, 28)",0,semantic_majority_reflect,pseudo_hidden
38,ex38,transpose,True,False,ok,"(28, 28)","(28, 28)","(28, 28)",0,semantic_majority_reflect,pseudo_hidden
38,ex38,mirror_lr,True,False,ok,"(28, 28)","(28, 28)","(28, 28)",0,semantic_majority_reflect,pseudo_hidden
38,ex38,mirror_ud,True,False,ok,"(28, 28)","(28, 28)","(28, 28)",0,semantic_majority_reflect,pseudo_hidden
38,ex38,rotate_180,True,False,ok,"(28, 28)","(28, 28)","(28, 28)",0,semantic_majority_reflect,pseudo_hidden
38,ex38,pad_top_left,True,False,ok,"(29, 29)","(29, 29)","(29, 29)",0,semantic_majority_reflect,pseudo_hidden
38,ex38,pad_bottom_right,True,False,ok,"(29, 29)","(29, 29)","(29, 29)",0,semantic_majority_reflect,pseudo_hidden
38,ex38,translate_down_right,True,False,ok,"(28, 28)","(28, 28)","(28, 28)",0,semantic_majority_reflect,pseudo_hidden
38,ex38,translate_up_left,True,False,ok,"(28, 28)","(28, 28)","(28, 28)",0,semantic_majority_reflect,pseudo_hidden
38,ex38,inert_2x2_distractor,True,False,ok,"(28, 28)","(28, 28)","(28, 28)",0,semantic_majority_reflect,pseudo_hidden
38,ex38,inert_singleton_distractor,True,False,ok,"(28, 28)","(28, 28)","(28, 28)",0,semantic_majority_reflect,pseudo_hidden
39,ex39,original,True,False,ok,"(21, 21)","(21, 21)","(21, 21)",0,semantic_majority_reflect,pseudo_hidden
39,ex39,color_permutation_a,True,False,ok,"(21, 21)","(21, 21)","(21, 21)",0,semantic_majority_reflect,pseudo_hidden
39,ex39,color_permutation_b,True,False,ok,"(21, 21)","(21, 21)","(21, 21)",0,semantic_majority_reflect,pseudo_hidden
39,ex39,transpose,True,False,ok,"(21, 21)","(21, 21)","(21, 21)",0,semantic_majority_reflect,pseudo_hidden
39,ex39,mirror_lr,True,False,ok,"(21, 21)","(21, 21)","(21, 21)",0,semantic_majority_reflect,pseudo_hidden
39,ex39,mirror_ud,True,False,ok,"(21, 21)","(21, 21)","(21, 21)",0,semantic_majority_reflect,pseudo_hidden
39,ex39,rotate_180,True,False,ok,"(21, 21)","(21, 21)","(21, 21)",0,semantic_majority_reflect,pseudo_hidden
39,ex39,pad_top_left,True,False,ok,"(22, 22)","(22, 22)","(22, 22)",0,semantic_majority_reflect,pseudo_hidden
39,ex39,pad_bottom_right,True,False,ok,"(22, 22)","(22, 22)","(22, 22)",0,semantic_majority_reflect,pseudo_hidden
39,ex39,translate_down_right,True,False,ok,"(21, 21)","(21, 21)","(21, 21)",0,semantic_majority_reflect,pseudo_hidden
39,ex39,translate_up_left,True,False,ok,"(21, 21)","(21, 21)","(21, 21)",0,semantic_majority_reflect,pseudo_hidden
39,ex39,inert_2x2_distractor,True,False,ok,"(21, 21)","(21, 21)","(21, 21)",0,semantic_majority_reflect,pseudo_hidden
39,ex39,inert_singleton_distractor,True,False,ok,"(21, 21)","(21, 21)","(21, 21)",0,semantic_majority_reflect,pseudo_hidden
40,ex40,original,True,False,ok,"(29, 29)","(29, 29)","(29, 29)",0,semantic_majority_reflect,pseudo_hidden
40,ex40,color_permutation_a,True,False,ok,"(29, 29)","(29, 29)","(29, 29)",0,semantic_majority_reflect,pseudo_hidden
40,ex40,color_permutation_b,True,False,ok,"(29, 29)","(29, 29)","(29, 29)",0,semantic_majority_reflect,pseudo_hidden
40,ex40,transpose,True,False,ok,"(29, 29)","(29, 29)","(29, 29)",0,semantic_majority_reflect,pseudo_hidden
40,ex40,mirror_lr,True,False,ok,"(29, 29)","(29, 29)","(29, 29)",0,semantic_majority_reflect,pseudo_hidden
40,ex40,mirror_ud,True,False,ok,"(29, 29)","(29, 29)","(29, 29)",0,semantic_majority_reflect,pseudo_hidden
40,ex40,rotate_180,True,False,ok,"(29, 29)","(29, 29)","(29, 29)",0,semantic_majority_reflect,pseudo_hidden
40,ex40,pad_top_left,True,False,ok,"(30, 30)","(30, 30)","(30, 30)",0,semantic_majority_reflect,pseudo_hidden
40,ex40,pad_bottom_right,True,False,ok,"(30, 30)","(30, 30)","(30, 30)",0,semantic_majority_reflect,pseudo_hidden
40,ex40,translate_down_right,True,False,ok,"(29, 29)","(29, 29)","(29, 29)",0,semantic_majority_reflect,pseudo_hidden
40,ex40,translate_up_left,True,False,ok,"(29, 29)","(29, 29)","(29, 29)",0,semantic_majority_reflect,pseudo_hidden
40,ex40,inert_2x2_distractor,True,False,ok,"(29, 29)","(29, 29)","(29, 29)",0,semantic_majority_reflect,pseudo_hidden
40,ex40,inert_singleton_distractor,True,False,ok,"(29, 29)","(29, 29)","(29, 29)",0,semantic_majority_reflect,pseudo_hidden
41,ex41,original,True,False,ok,"(26, 26)","(26, 26)","(26, 26)",0,semantic_majority_reflect,pseudo_hidden
41,ex41,color_permutation_a,True,False,ok,"(26, 26)","(26, 26)","(26, 26)",0,semantic_majority_reflect,pseudo_hidden
41,ex41,color_permutation_b,True,False,ok,"(26, 26)","(26, 26)","(26, 26)",0,semantic_majority_reflect,pseudo_hidden
41,ex41,transpose,True,False,ok,"(26, 26)","(26, 26)","(26, 26)",0,semantic_majority_reflect,pseudo_hidden
41,ex41,mirror_lr,True,False,ok,"(26, 26)","(26, 26)","(26, 26)",0,semantic_majority_reflect,pseudo_hidden
41,ex41,mirror_ud,True,False,ok,"(26, 26)","(26, 26)","(26, 26)",0,semantic_majority_reflect,pseudo_hidden
41,ex41,rotate_180,True,False,ok,"(26, 26)","(26, 26)","(26, 26)",0,semantic_majority_reflect,pseudo_hidden
41,ex41,pad_top_left,True,False,ok,"(27, 27)","(27, 27)","(27, 27)",0,semantic_majority_reflect,pseudo_hidden
41,ex41,pad_bottom_right,True,False,ok,"(27, 27)","(27, 27)","(27, 27)",0,semantic_majority_reflect,pseudo_hidden
41,ex41,translate_down_right,True,False,ok,"(26, 26)","(26, 26)","(26, 26)",0,semantic_majority_reflect,pseudo_hidden
41,ex41,translate_up_left,True,False,ok,"(26, 26)","(26, 26)","(26, 26)",0,semantic_majority_reflect,pseudo_hidden
41,ex41,inert_2x2_distractor,True,False,ok,"(26, 26)","(26, 26)","(26, 26)",0,semantic_majority_reflect,pseudo_hidden
41,ex41,inert_singleton_distractor,True,False,ok,"(26, 26)","(26, 26)","(26, 26)",0,semantic_majority_reflect,pseudo_hidden
42,ex42,original,True,False,ok,"(17, 17)","(17, 17)","(17, 17)",0,semantic_majority_reflect,pseudo_hidden
42,ex42,color_permutation_a,True,False,ok,"(17, 17)","(17, 17)","(17, 17)",0,semantic_majority_reflect,pseudo_hidden
42,ex42,color_permutation_b,True,False,ok,"(17, 17)","(17, 17)","(17, 17)",0,semantic_majority_reflect,pseudo_hidden
42,ex42,transpose,True,False,ok,"(17, 17)","(17, 17)","(17, 17)",0,semantic_majority_reflect,pseudo_hidden
42,ex42,mirror_lr,True,False,ok,"(17, 17)","(17, 17)","(17, 17)",0,semantic_majority_reflect,pseudo_hidden
42,ex42,mirror_ud,True,False,ok,"(17, 17)","(17, 17)","(17, 17)",0,semantic_majority_reflect,pseudo_hidden
42,ex42,rotate_180,True,False,ok,"(17, 17)","(17, 17)","(17, 17)",0,semantic_majority_reflect,pseudo_hidden
42,ex42,pad_top_left,True,False,ok,"(18, 18)","(18, 18)","(18, 18)",0,semantic_majority_reflect,pseudo_hidden
42,ex42,pad_bottom_right,True,False,ok,"(18, 18)","(18, 18)","(18, 18)",0,semantic_majority_reflect,pseudo_hidden
42,ex42,translate_down_right,True,False,ok,"(17, 17)","(17, 17)","(17, 17)",0,semantic_majority_reflect,pseudo_hidden
42,ex42,translate_up_left,True,False,ok,"(17, 17)","(17, 17)","(17, 17)",0,semantic_majority_reflect,pseudo_hidden
42,ex42,inert_2x2_distractor,True,False,ok,"(17, 17)","(17, 17)","(17, 17)",0,semantic_majority_reflect,pseudo_hidden
42,ex42,inert_singleton_distractor,True,False,ok,"(17, 17)","(17, 17)","(17, 17)",0,semantic_majority_reflect,pseudo_hidden
43,ex43,original,True,False,ok,"(28, 28)","(28, 28)","(28, 28)",0,semantic_majority_reflect,pseudo_hidden
43,ex43,color_permutation_a,True,False,ok,"(28, 28)","(28, 28)","(28, 28)",0,semantic_majority_reflect,pseudo_hidden
43,ex43,color_permutation_b,True,False,ok,"(28, 28)","(28, 28)","(28, 28)",0,semantic_majority_reflect,pseudo_hidden
43,ex43,transpose,True,False,ok,"(28, 28)","(28, 28)","(28, 28)",0,semantic_majority_reflect,pseudo_hidden
43,ex43,mirror_lr,True,False,ok,"(28, 28)","(28, 28)","(28, 28)",0,semantic_majority_reflect,pseudo_hidden
43,ex43,mirror_ud,True,False,ok,"(28, 28)","(28, 28)","(28, 28)",0,semantic_majority_reflect,pseudo_hidden
43,ex43,rotate_180,True,False,ok,"(28, 28)","(28, 28)","(28, 28)",0,semantic_majority_reflect,pseudo_hidden
43,ex43,pad_top_left,True,False,ok,"(29, 29)","(29, 29)","(29, 29)",0,semantic_majority_reflect,pseudo_hidden
43,ex43,pad_bottom_right,True,False,ok,"(29, 29)","(29, 29)","(29, 29)",0,semantic_majority_reflect,pseudo_hidden
43,ex43,translate_down_right,True,False,ok,"(28, 28)","(28, 28)","(28, 28)",0,semantic_majority_reflect,pseudo_hidden
43,ex43,translate_up_left,True,False,ok,"(28, 28)","(28, 28)","(28, 28)",0,semantic_majority_reflect,pseudo_hidden
43,ex43,inert_2x2_distractor,True,False,ok,"(28, 28)","(28, 28)","(28, 28)",0,semantic_majority_reflect,pseudo_hidden
43,ex43,inert_singleton_distractor,True,False,ok,"(28, 28)","(28, 28)","(28, 28)",0,semantic_majority_reflect,pseudo_hidden
44,ex44,original,True,False,ok,"(27, 27)","(27, 27)","(27, 27)",0,semantic_majority_reflect,pseudo_hidden
44,ex44,color_permutation_a,True,False,ok,"(27, 27)","(27, 27)","(27, 27)",0,semantic_majority_reflect,pseudo_hidden
44,ex44,color_permutation_b,True,False,ok,"(27, 27)","(27, 27)","(27, 27)",0,semantic_majority_reflect,pseudo_hidden
44,ex44,transpose,True,False,ok,"(27, 27)","(27, 27)","(27, 27)",0,semantic_majority_reflect,pseudo_hidden
44,ex44,mirror_lr,True,False,ok,"(27, 27)","(27, 27)","(27, 27)",0,semantic_majority_reflect,pseudo_hidden
44,ex44,mirror_ud,True,False,ok,"(27, 27)","(27, 27)","(27, 27)",0,semantic_majority_reflect,pseudo_hidden
44,ex44,rotate_180,True,False,ok,"(27, 27)","(27, 27)","(27, 27)",0,semantic_majority_reflect,pseudo_hidden
44,ex44,pad_top_left,True,False,ok,"(28, 28)","(28, 28)","(28, 28)",0,semantic_majority_reflect,pseudo_hidden
44,ex44,pad_bottom_right,True,False,ok,"(28, 28)","(28, 28)","(28, 28)",0,semantic_majority_reflect,pseudo_hidden
44,ex44,translate_down_right,True,False,ok,"(27, 27)","(27, 27)","(27, 27)",0,semantic_majority_reflect,pseudo_hidden
44,ex44,translate_up_left,True,False,ok,"(27, 27)","(27, 27)","(27, 27)",0,semantic_majority_reflect,pseudo_hidden
44,ex44,inert_2x2_distractor,True,False,ok,"(27, 27)","(27, 27)","(27, 27)",0,semantic_majority_reflect,pseudo_hidden
44,ex44,inert_singleton_distractor,True,False,ok,"(27, 27)","(27, 27)","(27, 27)",0,semantic_majority_reflect,pseudo_hidden
45,ex45,original,True,False,ok,"(22, 22)","(22, 22)","(22, 22)",0,semantic_majority_reflect,pseudo_hidden
45,ex45,color_permutation_a,True,False,ok,"(22, 22)","(22, 22)","(22, 22)",0,semantic_majority_reflect,pseudo_hidden
45,ex45,color_permutation_b,True,False,ok,"(22, 22)","(22, 22)","(22, 22)",0,semantic_majority_reflect,pseudo_hidden
45,ex45,transpose,True,False,ok,"(22, 22)","(22, 22)","(22, 22)",0,semantic_majority_reflect,pseudo_hidden
45,ex45,mirror_lr,True,False,ok,"(22, 22)","(22, 22)","(22, 22)",0,semantic_majority_reflect,pseudo_hidden
45,ex45,mirror_ud,True,False,ok,"(22, 22)","(22, 22)","(22, 22)",0,semantic_majority_reflect,pseudo_hidden
45,ex45,rotate_180,True,False,ok,"(22, 22)","(22, 22)","(22, 22)",0,semantic_majority_reflect,pseudo_hidden
45,ex45,pad_top_left,True,False,ok,"(23, 23)","(23, 23)","(23, 23)",0,semantic_majority_reflect,pseudo_hidden
45,ex45,pad_bottom_right,True,False,ok,"(23, 23)","(23, 23)","(23, 23)",0,semantic_majority_reflect,pseudo_hidden
45,ex45,translate_down_right,True,False,ok,"(22, 22)","(22, 22)","(22, 22)",0,semantic_majority_reflect,pseudo_hidden
45,ex45,translate_up_left,True,False,ok,"(22, 22)","(22, 22)","(22, 22)",0,semantic_majority_reflect,pseudo_hidden
45,ex45,inert_2x2_distractor,True,False,ok,"(22, 22)","(22, 22)","(22, 22)",0,semantic_majority_reflect,pseudo_hidden
45,ex45,inert_singleton_distractor,True,False,ok,"(22, 22)","(22, 22)","(22, 22)",0,semantic_majority_reflect,pseudo_hidden
46,ex46,original,True,False,ok,"(28, 28)","(28, 28)","(28, 28)",0,semantic_majority_reflect,pseudo_hidden
46,ex46,color_permutation_a,True,False,ok,"(28, 28)","(28, 28)","(28, 28)",0,semantic_majority_reflect,pseudo_hidden
46,ex46,color_permutation_b,True,False,ok,"(28, 28)","(28, 28)","(28, 28)",0,semantic_majority_reflect,pseudo_hidden
46,ex46,transpose,True,False,ok,"(28, 28)","(28, 28)","(28, 28)",0,semantic_majority_reflect,pseudo_hidden
46,ex46,mirror_lr,True,False,ok,"(28, 28)","(28, 28)","(28, 28)",0,semantic_majority_reflect,pseudo_hidden
46,ex46,mirror_ud,True,False,ok,"(28, 28)","(28, 28)","(28, 28)",0,semantic_majority_reflect,pseudo_hidden
46,ex46,rotate_180,True,False,ok,"(28, 28)","(28, 28)","(28, 28)",0,semantic_majority_reflect,pseudo_hidden
46,ex46,pad_top_left,True,False,ok,"(29, 29)","(29, 29)","(29, 29)",0,semantic_majority_reflect,pseudo_hidden
46,ex46,pad_bottom_right,True,False,ok,"(29, 29)","(29, 29)","(29, 29)",0,semantic_majority_reflect,pseudo_hidden
46,ex46,translate_down_right,True,False,ok,"(28, 28)","(28, 28)","(28, 28)",0,semantic_majority_reflect,pseudo_hidden
46,ex46,translate_up_left,True,False,ok,"(28, 28)","(28, 28)","(28, 28)",0,semantic_majority_reflect,pseudo_hidden
46,ex46,inert_2x2_distractor,True,False,ok,"(28, 28)","(28, 28)","(28, 28)",0,semantic_majority_reflect,pseudo_hidden
46,ex46,inert_singleton_distractor,True,False,ok,"(28, 28)","(28, 28)","(28, 28)",0,semantic_majority_reflect,pseudo_hidden
47,ex47,original,True,False,ok,"(24, 24)","(24, 24)","(24, 24)",0,semantic_majority_reflect,pseudo_hidden
47,ex47,color_permutation_a,True,False,ok,"(24, 24)","(24, 24)","(24, 24)",0,semantic_majority_reflect,pseudo_hidden
47,ex47,color_permutation_b,True,False,ok,"(24, 24)","(24, 24)","(24, 24)",0,semantic_majority_reflect,pseudo_hidden
47,ex47,transpose,True,False,ok,"(24, 24)","(24, 24)","(24, 24)",0,semantic_majority_reflect,pseudo_hidden
47,ex47,mirror_lr,True,False,ok,"(24, 24)","(24, 24)","(24, 24)",0,semantic_majority_reflect,pseudo_hidden
47,ex47,mirror_ud,True,False,ok,"(24, 24)","(24, 24)","(24, 24)",0,semantic_majority_reflect,pseudo_hidden
47,ex47,rotate_180,True,False,ok,"(24, 24)","(24, 24)","(24, 24)",0,semantic_majority_reflect,pseudo_hidden
47,ex47,pad_top_left,True,False,ok,"(25, 25)","(25, 25)","(25, 25)",0,semantic_majority_reflect,pseudo_hidden
47,ex47,pad_bottom_right,True,False,ok,"(25, 25)","(25, 25)","(25, 25)",0,semantic_majority_reflect,pseudo_hidden
47,ex47,translate_down_right,True,False,ok,"(24, 24)","(24, 24)","(24, 24)",0,semantic_majority_reflect,pseudo_hidden
47,ex47,translate_up_left,True,False,ok,"(24, 24)","(24, 24)","(24, 24)",0,semantic_majority_reflect,pseudo_hidden
47,ex47,inert_2x2_distractor,True,False,ok,"(24, 24)","(24, 24)","(24, 24)",0,semantic_majority_reflect,pseudo_hidden
47,ex47,inert_singleton_distractor,True,False,ok,"(24, 24)","(24, 24)","(24, 24)",0,semantic_majority_reflect,pseudo_hidden
48,ex48,original,True,False,ok,"(20, 20)","(20, 20)","(20, 20)",0,semantic_majority_reflect,pseudo_hidden
48,ex48,color_permutation_a,True,False,ok,"(20, 20)","(20, 20)","(20, 20)",0,semantic_majority_reflect,pseudo_hidden
48,ex48,color_permutation_b,True,False,ok,"(20, 20)","(20, 20)","(20, 20)",0,semantic_majority_reflect,pseudo_hidden
48,ex48,transpose,True,False,ok,"(20, 20)","(20, 20)","(20, 20)",0,semantic_majority_reflect,pseudo_hidden
48,ex48,mirror_lr,True,False,ok,"(20, 20)","(20, 20)","(20, 20)",0,semantic_majority_reflect,pseudo_hidden
48,ex48,mirror_ud,True,False,ok,"(20, 20)","(20, 20)","(20, 20)",0,semantic_majority_reflect,pseudo_hidden
48,ex48,rotate_180,True,False,ok,"(20, 20)","(20, 20)","(20, 20)",0,semantic_majority_reflect,pseudo_hidden
48,ex48,pad_top_left,True,False,ok,"(21, 21)","(21, 21)","(21, 21)",0,semantic_majority_reflect,pseudo_hidden
48,ex48,pad_bottom_right,True,False,ok,"(21, 21)","(21, 21)","(21, 21)",0,semantic_majority_reflect,pseudo_hidden
48,ex48,translate_down_right,True,False,ok,"(20, 20)","(20, 20)","(20, 20)",0,semantic_majority_reflect,pseudo_hidden
48,ex48,translate_up_left,True,False,ok,"(20, 20)","(20, 20)","(20, 20)",0,semantic_majority_reflect,pseudo_hidden
48,ex48,inert_2x2_distractor,True,False,ok,"(20, 20)","(20, 20)","(20, 20)",0,semantic_majority_reflect,pseudo_hidden
48,ex48,inert_singleton_distractor,True,False,ok,"(20, 20)","(20, 20)","(20, 20)",0,semantic_majority_reflect,pseudo_hidden
49,ex49,original,True,False,ok,"(25, 25)","(25, 25)","(25, 25)",0,semantic_majority_reflect,pseudo_hidden
49,ex49,color_permutation_a,True,False,ok,"(25, 25)","(25, 25)","(25, 25)",0,semantic_majority_reflect,pseudo_hidden
49,ex49,color_permutation_b,True,False,ok,"(25, 25)","(25, 25)","(25, 25)",0,semantic_majority_reflect,pseudo_hidden
49,ex49,transpose,True,False,ok,"(25, 25)","(25, 25)","(25, 25)",0,semantic_majority_reflect,pseudo_hidden
49,ex49,mirror_lr,True,False,ok,"(25, 25)","(25, 25)","(25, 25)",0,semantic_majority_reflect,pseudo_hidden
49,ex49,mirror_ud,True,False,ok,"(25, 25)","(25, 25)","(25, 25)",0,semantic_majority_reflect,pseudo_hidden
49,ex49,rotate_180,True,False,ok,"(25, 25)","(25, 25)","(25, 25)",0,semantic_majority_reflect,pseudo_hidden
49,ex49,pad_top_left,True,False,ok,"(26, 26)","(26, 26)","(26, 26)",0,semantic_majority_reflect,pseudo_hidden
49,ex49,pad_bottom_right,True,False,ok,"(26, 26)","(26, 26)","(26, 26)",0,semantic_majority_reflect,pseudo_hidden
49,ex49,translate_down_right,True,False,ok,"(25, 25)","(25, 25)","(25, 25)",0,semantic_majority_reflect,pseudo_hidden
49,ex49,translate_up_left,True,False,ok,"(25, 25)","(25, 25)","(25, 25)",0,semantic_majority_reflect,pseudo_hidden
49,ex49,inert_2x2_distractor,True,False,ok,"(25, 25)","(25, 25)","(25, 25)",0,semantic_majority_reflect,pseudo_hidden
49,ex49,inert_singleton_distractor,True,False,ok,"(25, 25)","(25, 25)","(25, 25)",0,semantic_majority_reflect,pseudo_hidden
50,ex50,original,True,False,ok,"(16, 16)","(16, 16)","(16, 16)",0,semantic_majority_reflect,pseudo_hidden
50,ex50,color_permutation_a,True,False,ok,"(16, 16)","(16, 16)","(16, 16)",0,semantic_majority_reflect,pseudo_hidden
50,ex50,color_permutation_b,True,False,ok,"(16, 16)","(16, 16)","(16, 16)",0,semantic_majority_reflect,pseudo_hidden
50,ex50,transpose,True,False,ok,"(16, 16)","(16, 16)","(16, 16)",0,semantic_majority_reflect,pseudo_hidden
50,ex50,mirror_lr,True,False,ok,"(16, 16)","(16, 16)","(16, 16)",0,semantic_majority_reflect,pseudo_hidden
50,ex50,mirror_ud,True,False,ok,"(16, 16)","(16, 16)","(16, 16)",0,semantic_majority_reflect,pseudo_hidden
50,ex50,rotate_180,True,False,ok,"(16, 16)","(16, 16)","(16, 16)",0,semantic_majority_reflect,pseudo_hidden
50,ex50,pad_top_left,True,False,ok,"(17, 17)","(17, 17)","(17, 17)",0,semantic_majority_reflect,pseudo_hidden
50,ex50,pad_bottom_right,True,False,ok,"(17, 17)","(17, 17)","(17, 17)",0,semantic_majority_reflect,pseudo_hidden
50,ex50,translate_down_right,True,False,ok,"(16, 16)","(16, 16)","(16, 16)",0,semantic_majority_reflect,pseudo_hidden
50,ex50,translate_up_left,True,False,ok,"(16, 16)","(16, 16)","(16, 16)",0,semantic_majority_reflect,pseudo_hidden
50,ex50,inert_2x2_distractor,True,False,ok,"(16, 16)","(16, 16)","(16, 16)",0,semantic_majority_reflect,pseudo_hidden
50,ex50,inert_singleton_distractor,True,False,ok,"(16, 16)","(16, 16)","(16, 16)",0,semantic_majority_reflect,pseudo_hidden
51,ex51,original,True,False,ok,"(21, 21)","(21, 21)","(21, 21)",0,semantic_majority_reflect,pseudo_hidden
51,ex51,color_permutation_a,True,False,ok,"(21, 21)","(21, 21)","(21, 21)",0,semantic_majority_reflect,pseudo_hidden
51,ex51,color_permutation_b,True,False,ok,"(21, 21)","(21, 21)","(21, 21)",0,semantic_majority_reflect,pseudo_hidden
51,ex51,transpose,True,False,ok,"(21, 21)","(21, 21)","(21, 21)",0,semantic_majority_reflect,pseudo_hidden
51,ex51,mirror_lr,True,False,ok,"(21, 21)","(21, 21)","(21, 21)",0,semantic_majority_reflect,pseudo_hidden
51,ex51,mirror_ud,True,False,ok,"(21, 21)","(21, 21)","(21, 21)",0,semantic_majority_reflect,pseudo_hidden
51,ex51,rotate_180,True,False,ok,"(21, 21)","(21, 21)","(21, 21)",0,semantic_majority_reflect,pseudo_hidden
51,ex51,pad_top_left,True,False,ok,"(22, 22)","(22, 22)","(22, 22)",0,semantic_majority_reflect,pseudo_hidden
51,ex51,pad_bottom_right,True,False,ok,"(22, 22)","(22, 22)","(22, 22)",0,semantic_majority_reflect,pseudo_hidden
51,ex51,translate_down_right,True,False,ok,"(21, 21)","(21, 21)","(21, 21)",0,semantic_majority_reflect,pseudo_hidden
51,ex51,translate_up_left,True,False,ok,"(21, 21)","(21, 21)","(21, 21)",0,semantic_majority_reflect,pseudo_hidden
51,ex51,inert_2x2_distractor,True,False,ok,"(21, 21)","(21, 21)","(21, 21)",0,semantic_majority_reflect,pseudo_hidden
51,ex51,inert_singleton_distractor,True,False,ok,"(21, 21)","(21, 21)","(21, 21)",0,semantic_majority_reflect,pseudo_hidden
52,ex52,original,True,False,ok,"(30, 30)","(30, 30)","(30, 30)",0,semantic_majority_reflect,pseudo_hidden
52,ex52,color_permutation_a,True,False,ok,"(30, 30)","(30, 30)","(30, 30)",0,semantic_majority_reflect,pseudo_hidden
52,ex52,color_permutation_b,True,False,ok,"(30, 30)","(30, 30)","(30, 30)",0,semantic_majority_reflect,pseudo_hidden
52,ex52,transpose,True,False,ok,"(30, 30)","(30, 30)","(30, 30)",0,semantic_majority_reflect,pseudo_hidden
52,ex52,mirror_lr,True,False,ok,"(30, 30)","(30, 30)","(30, 30)",0,semantic_majority_reflect,pseudo_hidden
52,ex52,mirror_ud,True,False,ok,"(30, 30)","(30, 30)","(30, 30)",0,semantic_majority_reflect,pseudo_hidden
52,ex52,rotate_180,True,False,ok,"(30, 30)","(30, 30)","(30, 30)",0,semantic_majority_reflect,pseudo_hidden
52,ex52,pad_top_left,False,True,"input_shape_exceeds_limit:(31, 31)>(30, 30)","(31, 31)","(31, 31)",,,,pseudo_hidden
52,ex52,pad_bottom_right,False,True,"input_shape_exceeds_limit:(31, 31)>(30, 30)","(31, 31)","(31, 31)",,,,pseudo_hidden
52,ex52,translate_down_right,True,False,ok,"(30, 30)","(30, 30)","(30, 30)",0,semantic_majority_reflect,pseudo_hidden
52,ex52,translate_up_left,True,False,ok,"(30, 30)","(30, 30)","(30, 30)",0,semantic_majority_reflect,pseudo_hidden
52,ex52,inert_2x2_distractor,True,False,ok,"(30, 30)","(30, 30)","(30, 30)",0,semantic_majority_reflect,pseudo_hidden
52,ex52,inert_singleton_distractor,True,False,ok,"(30, 30)","(30, 30)","(30, 30)",0,semantic_majority_reflect,pseudo_hidden
53,ex53,original,True,False,ok,"(28, 28)","(28, 28)","(28, 28)",0,semantic_majority_reflect,pseudo_hidden
53,ex53,color_permutation_a,True,False,ok,"(28, 28)","(28, 28)","(28, 28)",0,semantic_majority_reflect,pseudo_hidden
53,ex53,color_permutation_b,True,False,ok,"(28, 28)","(28, 28)","(28, 28)",0,semantic_majority_reflect,pseudo_hidden
53,ex53,transpose,True,False,ok,"(28, 28)","(28, 28)","(28, 28)",0,semantic_majority_reflect,pseudo_hidden
53,ex53,mirror_lr,True,False,ok,"(28, 28)","(28, 28)","(28, 28)",0,semantic_majority_reflect,pseudo_hidden
53,ex53,mirror_ud,True,False,ok,"(28, 28)","(28, 28)","(28, 28)",0,semantic_majority_reflect,pseudo_hidden
53,ex53,rotate_180,True,False,ok,"(28, 28)","(28, 28)","(28, 28)",0,semantic_majority_reflect,pseudo_hidden
53,ex53,pad_top_left,True,False,ok,"(29, 29)","(29, 29)","(29, 29)",0,semantic_majority_reflect,pseudo_hidden
53,ex53,pad_bottom_right,True,False,ok,"(29, 29)","(29, 29)","(29, 29)",0,semantic_majority_reflect,pseudo_hidden
53,ex53,translate_down_right,True,False,ok,"(28, 28)","(28, 28)","(28, 28)",0,semantic_majority_reflect,pseudo_hidden
53,ex53,translate_up_left,True,False,ok,"(28, 28)","(28, 28)","(28, 28)",0,semantic_majority_reflect,pseudo_hidden
53,ex53,inert_2x2_distractor,True,False,ok,"(28, 28)","(28, 28)","(28, 28)",0,semantic_majority_reflect,pseudo_hidden
53,ex53,inert_singleton_distractor,True,False,ok,"(28, 28)","(28, 28)","(28, 28)",0,semantic_majority_reflect,pseudo_hidden
54,ex54,original,True,False,ok,"(24, 24)","(24, 24)","(24, 24)",0,semantic_majority_reflect,pseudo_hidden
54,ex54,color_permutation_a,True,False,ok,"(24, 24)","(24, 24)","(24, 24)",0,semantic_majority_reflect,pseudo_hidden
54,ex54,color_permutation_b,True,False,ok,"(24, 24)","(24, 24)","(24, 24)",0,semantic_majority_reflect,pseudo_hidden
54,ex54,transpose,True,False,ok,"(24, 24)","(24, 24)","(24, 24)",0,semantic_majority_reflect,pseudo_hidden
54,ex54,mirror_lr,True,False,ok,"(24, 24)","(24, 24)","(24, 24)",0,semantic_majority_reflect,pseudo_hidden
54,ex54,mirror_ud,True,False,ok,"(24, 24)","(24, 24)","(24, 24)",0,semantic_majority_reflect,pseudo_hidden
54,ex54,rotate_180,True,False,ok,"(24, 24)","(24, 24)","(24, 24)",0,semantic_majority_reflect,pseudo_hidden
54,ex54,pad_top_left,True,False,ok,"(25, 25)","(25, 25)","(25, 25)",0,semantic_majority_reflect,pseudo_hidden
54,ex54,pad_bottom_right,True,False,ok,"(25, 25)","(25, 25)","(25, 25)",0,semantic_majority_reflect,pseudo_hidden
54,ex54,translate_down_right,True,False,ok,"(24, 24)","(24, 24)","(24, 24)",0,semantic_majority_reflect,pseudo_hidden
54,ex54,translate_up_left,True,False,ok,"(24, 24)","(24, 24)","(24, 24)",0,semantic_majority_reflect,pseudo_hidden
54,ex54,inert_2x2_distractor,True,False,ok,"(24, 24)","(24, 24)","(24, 24)",0,semantic_majority_reflect,pseudo_hidden
54,ex54,inert_singleton_distractor,True,False,ok,"(24, 24)","(24, 24)","(24, 24)",0,semantic_majority_reflect,pseudo_hidden
55,ex55,original,True,False,ok,"(28, 28)","(28, 28)","(28, 28)",0,semantic_majority_reflect,pseudo_hidden
55,ex55,color_permutation_a,True,False,ok,"(28, 28)","(28, 28)","(28, 28)",0,semantic_majority_reflect,pseudo_hidden
55,ex55,color_permutation_b,True,False,ok,"(28, 28)","(28, 28)","(28, 28)",0,semantic_majority_reflect,pseudo_hidden
55,ex55,transpose,True,False,ok,"(28, 28)","(28, 28)","(28, 28)",0,semantic_majority_reflect,pseudo_hidden
55,ex55,mirror_lr,True,False,ok,"(28, 28)","(28, 28)","(28, 28)",0,semantic_majority_reflect,pseudo_hidden
55,ex55,mirror_ud,True,False,ok,"(28, 28)","(28, 28)","(28, 28)",0,semantic_majority_reflect,pseudo_hidden
55,ex55,rotate_180,True,False,ok,"(28, 28)","(28, 28)","(28, 28)",0,semantic_majority_reflect,pseudo_hidden
55,ex55,pad_top_left,True,False,ok,"(29, 29)","(29, 29)","(29, 29)",0,semantic_majority_reflect,pseudo_hidden
55,ex55,pad_bottom_right,True,False,ok,"(29, 29)","(29, 29)","(29, 29)",0,semantic_majority_reflect,pseudo_hidden
55,ex55,translate_down_right,True,False,ok,"(28, 28)","(28, 28)","(28, 28)",0,semantic_majority_reflect,pseudo_hidden
55,ex55,translate_up_left,True,False,ok,"(28, 28)","(28, 28)","(28, 28)",0,semantic_majority_reflect,pseudo_hidden
55,ex55,inert_2x2_distractor,True,False,ok,"(28, 28)","(28, 28)","(28, 28)",0,semantic_majority_reflect,pseudo_hidden
55,ex55,inert_singleton_distractor,True,False,ok,"(28, 28)","(28, 28)","(28, 28)",0,semantic_majority_reflect,pseudo_hidden
56,ex56,original,True,False,ok,"(21, 21)","(21, 21)","(21, 21)",0,semantic_majority_reflect,pseudo_hidden
56,ex56,color_permutation_a,True,False,ok,"(21, 21)","(21, 21)","(21, 21)",0,semantic_majority_reflect,pseudo_hidden
56,ex56,color_permutation_b,True,False,ok,"(21, 21)","(21, 21)","(21, 21)",0,semantic_majority_reflect,pseudo_hidden
56,ex56,transpose,True,False,ok,"(21, 21)","(21, 21)","(21, 21)",0,semantic_majority_reflect,pseudo_hidden
56,ex56,mirror_lr,True,False,ok,"(21, 21)","(21, 21)","(21, 21)",0,semantic_majority_reflect,pseudo_hidden
56,ex56,mirror_ud,True,False,ok,"(21, 21)","(21, 21)","(21, 21)",0,semantic_majority_reflect,pseudo_hidden
56,ex56,rotate_180,True,False,ok,"(21, 21)","(21, 21)","(21, 21)",0,semantic_majority_reflect,pseudo_hidden
56,ex56,pad_top_left,True,False,ok,"(22, 22)","(22, 22)","(22, 22)",0,semantic_majority_reflect,pseudo_hidden
56,ex56,pad_bottom_right,True,False,ok,"(22, 22)","(22, 22)","(22, 22)",0,semantic_majority_reflect,pseudo_hidden
56,ex56,translate_down_right,False,True,input_would_clip_bottom,"(21, 21)","(21, 21)",,,,pseudo_hidden
56,ex56,translate_up_left,True,False,ok,"(21, 21)","(21, 21)","(21, 21)",0,semantic_majority_reflect,pseudo_hidden
56,ex56,inert_2x2_distractor,True,False,ok,"(21, 21)","(21, 21)","(21, 21)",0,semantic_majority_reflect,pseudo_hidden
56,ex56,inert_singleton_distractor,True,False,ok,"(21, 21)","(21, 21)","(21, 21)",0,semantic_majority_reflect,pseudo_hidden
57,ex57,original,True,False,ok,"(18, 18)","(18, 18)","(18, 18)",0,semantic_majority_reflect,pseudo_hidden
57,ex57,color_permutation_a,True,False,ok,"(18, 18)","(18, 18)","(18, 18)",0,semantic_majority_reflect,pseudo_hidden
57,ex57,color_permutation_b,True,False,ok,"(18, 18)","(18, 18)","(18, 18)",0,semantic_majority_reflect,pseudo_hidden
57,ex57,transpose,True,False,ok,"(18, 18)","(18, 18)","(18, 18)",0,semantic_majority_reflect,pseudo_hidden
57,ex57,mirror_lr,True,False,ok,"(18, 18)","(18, 18)","(18, 18)",0,semantic_majority_reflect,pseudo_hidden
57,ex57,mirror_ud,True,False,ok,"(18, 18)","(18, 18)","(18, 18)",0,semantic_majority_reflect,pseudo_hidden
57,ex57,rotate_180,True,False,ok,"(18, 18)","(18, 18)","(18, 18)",0,semantic_majority_reflect,pseudo_hidden
57,ex57,pad_top_left,True,False,ok,"(19, 19)","(19, 19)","(19, 19)",0,semantic_majority_reflect,pseudo_hidden
57,ex57,pad_bottom_right,True,False,ok,"(19, 19)","(19, 19)","(19, 19)",0,semantic_majority_reflect,pseudo_hidden
57,ex57,translate_down_right,True,False,ok,"(18, 18)","(18, 18)","(18, 18)",0,semantic_majority_reflect,pseudo_hidden
57,ex57,translate_up_left,True,False,ok,"(18, 18)","(18, 18)","(18, 18)",0,semantic_majority_reflect,pseudo_hidden
57,ex57,inert_2x2_distractor,True,False,ok,"(18, 18)","(18, 18)","(18, 18)",0,semantic_majority_reflect,pseudo_hidden
57,ex57,inert_singleton_distractor,True,False,ok,"(18, 18)","(18, 18)","(18, 18)",0,semantic_majority_reflect,pseudo_hidden
58,ex58,original,True,False,ok,"(29, 29)","(29, 29)","(29, 29)",0,semantic_majority_reflect,pseudo_hidden
58,ex58,color_permutation_a,True,False,ok,"(29, 29)","(29, 29)","(29, 29)",0,semantic_majority_reflect,pseudo_hidden
58,ex58,color_permutation_b,True,False,ok,"(29, 29)","(29, 29)","(29, 29)",0,semantic_majority_reflect,pseudo_hidden
58,ex58,transpose,True,False,ok,"(29, 29)","(29, 29)","(29, 29)",0,semantic_majority_reflect,pseudo_hidden
58,ex58,mirror_lr,True,False,ok,"(29, 29)","(29, 29)","(29, 29)",0,semantic_majority_reflect,pseudo_hidden
58,ex58,mirror_ud,True,False,ok,"(29, 29)","(29, 29)","(29, 29)",0,semantic_majority_reflect,pseudo_hidden
58,ex58,rotate_180,True,False,ok,"(29, 29)","(29, 29)","(29, 29)",0,semantic_majority_reflect,pseudo_hidden
58,ex58,pad_top_left,True,False,ok,"(30, 30)","(30, 30)","(30, 30)",0,semantic_majority_reflect,pseudo_hidden
58,ex58,pad_bottom_right,True,False,ok,"(30, 30)","(30, 30)","(30, 30)",0,semantic_majority_reflect,pseudo_hidden
58,ex58,translate_down_right,True,False,ok,"(29, 29)","(29, 29)","(29, 29)",0,semantic_majority_reflect,pseudo_hidden
58,ex58,translate_up_left,True,False,ok,"(29, 29)","(29, 29)","(29, 29)",0,semantic_majority_reflect,pseudo_hidden
58,ex58,inert_2x2_distractor,True,False,ok,"(29, 29)","(29, 29)","(29, 29)",0,semantic_majority_reflect,pseudo_hidden
58,ex58,inert_singleton_distractor,True,False,ok,"(29, 29)","(29, 29)","(29, 29)",0,semantic_majority_reflect,pseudo_hidden
59,ex59,original,True,False,ok,"(24, 24)","(24, 24)","(24, 24)",0,semantic_majority_reflect,pseudo_hidden
59,ex59,color_permutation_a,True,False,ok,"(24, 24)","(24, 24)","(24, 24)",0,semantic_majority_reflect,pseudo_hidden
59,ex59,color_permutation_b,True,False,ok,"(24, 24)","(24, 24)","(24, 24)",0,semantic_majority_reflect,pseudo_hidden
59,ex59,transpose,True,False,ok,"(24, 24)","(24, 24)","(24, 24)",0,semantic_majority_reflect,pseudo_hidden
59,ex59,mirror_lr,True,False,ok,"(24, 24)","(24, 24)","(24, 24)",0,semantic_majority_reflect,pseudo_hidden
59,ex59,mirror_ud,True,False,ok,"(24, 24)","(24, 24)","(24, 24)",0,semantic_majority_reflect,pseudo_hidden
59,ex59,rotate_180,True,False,ok,"(24, 24)","(24, 24)","(24, 24)",0,semantic_majority_reflect,pseudo_hidden
59,ex59,pad_top_left,True,False,ok,"(25, 25)","(25, 25)","(25, 25)",0,semantic_majority_reflect,pseudo_hidden
59,ex59,pad_bottom_right,True,False,ok,"(25, 25)","(25, 25)","(25, 25)",0,semantic_majority_reflect,pseudo_hidden
59,ex59,translate_down_right,True,False,ok,"(24, 24)","(24, 24)","(24, 24)",0,semantic_majority_reflect,pseudo_hidden
59,ex59,translate_up_left,True,False,ok,"(24, 24)","(24, 24)","(24, 24)",0,semantic_majority_reflect,pseudo_hidden
59,ex59,inert_2x2_distractor,True,False,ok,"(24, 24)","(24, 24)","(24, 24)",0,semantic_majority_reflect,pseudo_hidden
59,ex59,inert_singleton_distractor,True,False,ok,"(24, 24)","(24, 24)","(24, 24)",0,semantic_majority_reflect,pseudo_hidden
60,ex60,original,True,False,ok,"(28, 28)","(28, 28)","(28, 28)",0,semantic_majority_reflect,pseudo_hidden
60,ex60,color_permutation_a,True,False,ok,"(28, 28)","(28, 28)","(28, 28)",0,semantic_majority_reflect,pseudo_hidden
60,ex60,color_permutation_b,True,False,ok,"(28, 28)","(28, 28)","(28, 28)",0,semantic_majority_reflect,pseudo_hidden
60,ex60,transpose,True,False,ok,"(28, 28)","(28, 28)","(28, 28)",0,semantic_majority_reflect,pseudo_hidden
60,ex60,mirror_lr,True,False,ok,"(28, 28)","(28, 28)","(28, 28)",0,semantic_majority_reflect,pseudo_hidden
60,ex60,mirror_ud,True,False,ok,"(28, 28)","(28, 28)","(28, 28)",0,semantic_majority_reflect,pseudo_hidden
60,ex60,rotate_180,True,False,ok,"(28, 28)","(28, 28)","(28, 28)",0,semantic_majority_reflect,pseudo_hidden
60,ex60,pad_top_left,True,False,ok,"(29, 29)","(29, 29)","(29, 29)",0,semantic_majority_reflect,pseudo_hidden
60,ex60,pad_bottom_right,True,False,ok,"(29, 29)","(29, 29)","(29, 29)",0,semantic_majority_reflect,pseudo_hidden
60,ex60,translate_down_right,True,False,ok,"(28, 28)","(28, 28)","(28, 28)",0,semantic_majority_reflect,pseudo_hidden
60,ex60,translate_up_left,True,False,ok,"(28, 28)","(28, 28)","(28, 28)",0,semantic_majority_reflect,pseudo_hidden
60,ex60,inert_2x2_distractor,True,False,ok,"(28, 28)","(28, 28)","(28, 28)",0,semantic_majority_reflect,pseudo_hidden
60,ex60,inert_singleton_distractor,True,False,ok,"(28, 28)","(28, 28)","(28, 28)",0,semantic_majority_reflect,pseudo_hidden
61,ex61,original,True,False,ok,"(27, 27)","(27, 27)","(27, 27)",0,semantic_majority_reflect,pseudo_hidden
61,ex61,color_permutation_a,True,False,ok,"(27, 27)","(27, 27)","(27, 27)",0,semantic_majority_reflect,pseudo_hidden
61,ex61,color_permutation_b,True,False,ok,"(27, 27)","(27, 27)","(27, 27)",0,semantic_majority_reflect,pseudo_hidden
61,ex61,transpose,True,False,ok,"(27, 27)","(27, 27)","(27, 27)",0,semantic_majority_reflect,pseudo_hidden
61,ex61,mirror_lr,True,False,ok,"(27, 27)","(27, 27)","(27, 27)",0,semantic_majority_reflect,pseudo_hidden
61,ex61,mirror_ud,True,False,ok,"(27, 27)","(27, 27)","(27, 27)",0,semantic_majority_reflect,pseudo_hidden
61,ex61,rotate_180,True,False,ok,"(27, 27)","(27, 27)","(27, 27)",0,semantic_majority_reflect,pseudo_hidden
61,ex61,pad_top_left,True,False,ok,"(28, 28)","(28, 28)","(28, 28)",0,semantic_majority_reflect,pseudo_hidden
61,ex61,pad_bottom_right,True,False,ok,"(28, 28)","(28, 28)","(28, 28)",0,semantic_majority_reflect,pseudo_hidden
61,ex61,translate_down_right,True,False,ok,"(27, 27)","(27, 27)","(27, 27)",0,semantic_majority_reflect,pseudo_hidden
61,ex61,translate_up_left,True,False,ok,"(27, 27)","(27, 27)","(27, 27)",0,semantic_majority_reflect,pseudo_hidden
61,ex61,inert_2x2_distractor,True,False,ok,"(27, 27)","(27, 27)","(27, 27)",0,semantic_majority_reflect,pseudo_hidden
61,ex61,inert_singleton_distractor,True,False,ok,"(27, 27)","(27, 27)","(27, 27)",0,semantic_majority_reflect,pseudo_hidden
62,ex62,original,True,False,ok,"(15, 15)","(15, 15)","(15, 15)",0,semantic_majority_reflect,pseudo_hidden
62,ex62,color_permutation_a,True,False,ok,"(15, 15)","(15, 15)","(15, 15)",0,semantic_majority_reflect,pseudo_hidden
62,ex62,color_permutation_b,True,False,ok,"(15, 15)","(15, 15)","(15, 15)",0,semantic_majority_reflect,pseudo_hidden
62,ex62,transpose,True,False,ok,"(15, 15)","(15, 15)","(15, 15)",0,semantic_majority_reflect,pseudo_hidden
62,ex62,mirror_lr,True,False,ok,"(15, 15)","(15, 15)","(15, 15)",0,semantic_majority_reflect,pseudo_hidden
62,ex62,mirror_ud,True,False,ok,"(15, 15)","(15, 15)","(15, 15)",0,semantic_majority_reflect,pseudo_hidden
62,ex62,rotate_180,True,False,ok,"(15, 15)","(15, 15)","(15, 15)",0,semantic_majority_reflect,pseudo_hidden
62,ex62,pad_top_left,True,False,ok,"(16, 16)","(16, 16)","(16, 16)",0,semantic_majority_reflect,pseudo_hidden
62,ex62,pad_bottom_right,True,False,ok,"(16, 16)","(16, 16)","(16, 16)",0,semantic_majority_reflect,pseudo_hidden
62,ex62,translate_down_right,True,False,ok,"(15, 15)","(15, 15)","(15, 15)",0,semantic_majority_reflect,pseudo_hidden
62,ex62,translate_up_left,True,False,ok,"(15, 15)","(15, 15)","(15, 15)",0,semantic_majority_reflect,pseudo_hidden
62,ex62,inert_2x2_distractor,True,False,ok,"(15, 15)","(15, 15)","(15, 15)",0,semantic_majority_reflect,pseudo_hidden
62,ex62,inert_singleton_distractor,True,False,ok,"(15, 15)","(15, 15)","(15, 15)",0,semantic_majority_reflect,pseudo_hidden
63,ex63,original,True,False,ok,"(22, 22)","(22, 22)","(22, 22)",0,semantic_majority_reflect,pseudo_hidden
63,ex63,color_permutation_a,True,False,ok,"(22, 22)","(22, 22)","(22, 22)",0,semantic_majority_reflect,pseudo_hidden
63,ex63,color_permutation_b,True,False,ok,"(22, 22)","(22, 22)","(22, 22)",0,semantic_majority_reflect,pseudo_hidden
63,ex63,transpose,True,False,ok,"(22, 22)","(22, 22)","(22, 22)",0,semantic_majority_reflect,pseudo_hidden
63,ex63,mirror_lr,True,False,ok,"(22, 22)","(22, 22)","(22, 22)",0,semantic_majority_reflect,pseudo_hidden
63,ex63,mirror_ud,True,False,ok,"(22, 22)","(22, 22)","(22, 22)",0,semantic_majority_reflect,pseudo_hidden
63,ex63,rotate_180,True,False,ok,"(22, 22)","(22, 22)","(22, 22)",0,semantic_majority_reflect,pseudo_hidden
63,ex63,pad_top_left,True,False,ok,"(23, 23)","(23, 23)","(23, 23)",0,semantic_majority_reflect,pseudo_hidden
63,ex63,pad_bottom_right,True,False,ok,"(23, 23)","(23, 23)","(23, 23)",0,semantic_majority_reflect,pseudo_hidden
63,ex63,translate_down_right,True,False,ok,"(22, 22)","(22, 22)","(22, 22)",0,semantic_majority_reflect,pseudo_hidden
63,ex63,translate_up_left,True,False,ok,"(22, 22)","(22, 22)","(22, 22)",0,semantic_majority_reflect,pseudo_hidden
63,ex63,inert_2x2_distractor,True,False,ok,"(22, 22)","(22, 22)","(22, 22)",0,semantic_majority_reflect,pseudo_hidden
63,ex63,inert_singleton_distractor,True,False,ok,"(22, 22)","(22, 22)","(22, 22)",0,semantic_majority_reflect,pseudo_hidden
64,ex64,original,True,False,ok,"(17, 17)","(17, 17)","(17, 17)",0,semantic_majority_reflect,pseudo_hidden
64,ex64,color_permutation_a,True,False,ok,"(17, 17)","(17, 17)","(17, 17)",0,semantic_majority_reflect,pseudo_hidden
64,ex64,color_permutation_b,True,False,ok,"(17, 17)","(17, 17)","(17, 17)",0,semantic_majority_reflect,pseudo_hidden
64,ex64,transpose,True,False,ok,"(17, 17)","(17, 17)","(17, 17)",0,semantic_majority_reflect,pseudo_hidden
64,ex64,mirror_lr,True,False,ok,"(17, 17)","(17, 17)","(17, 17)",0,semantic_majority_reflect,pseudo_hidden
64,ex64,mirror_ud,True,False,ok,"(17, 17)","(17, 17)","(17, 17)",0,semantic_majority_reflect,pseudo_hidden
64,ex64,rotate_180,True,False,ok,"(17, 17)","(17, 17)","(17, 17)",0,semantic_majority_reflect,pseudo_hidden
64,ex64,pad_top_left,True,False,ok,"(18, 18)","(18, 18)","(18, 18)",0,semantic_majority_reflect,pseudo_hidden
64,ex64,pad_bottom_right,True,False,ok,"(18, 18)","(18, 18)","(18, 18)",0,semantic_majority_reflect,pseudo_hidden
64,ex64,translate_down_right,True,False,ok,"(17, 17)","(17, 17)","(17, 17)",0,semantic_majority_reflect,pseudo_hidden
64,ex64,translate_up_left,True,False,ok,"(17, 17)","(17, 17)","(17, 17)",0,semantic_majority_reflect,pseudo_hidden
64,ex64,inert_2x2_distractor,True,False,ok,"(17, 17)","(17, 17)","(17, 17)",0,semantic_majority_reflect,pseudo_hidden
64,ex64,inert_singleton_distractor,True,False,ok,"(17, 17)","(17, 17)","(17, 17)",0,semantic_majority_reflect,pseudo_hidden
65,ex65,original,True,False,ok,"(28, 28)","(28, 28)","(28, 28)",0,semantic_majority_reflect,pseudo_hidden
65,ex65,color_permutation_a,True,False,ok,"(28, 28)","(28, 28)","(28, 28)",0,semantic_majority_reflect,pseudo_hidden
65,ex65,color_permutation_b,True,False,ok,"(28, 28)","(28, 28)","(28, 28)",0,semantic_majority_reflect,pseudo_hidden
65,ex65,transpose,True,False,ok,"(28, 28)","(28, 28)","(28, 28)",0,semantic_majority_reflect,pseudo_hidden
65,ex65,mirror_lr,True,False,ok,"(28, 28)","(28, 28)","(28, 28)",0,semantic_majority_reflect,pseudo_hidden
65,ex65,mirror_ud,True,False,ok,"(28, 28)","(28, 28)","(28, 28)",0,semantic_majority_reflect,pseudo_hidden
65,ex65,rotate_180,True,False,ok,"(28, 28)","(28, 28)","(28, 28)",0,semantic_majority_reflect,pseudo_hidden
65,ex65,pad_top_left,True,False,ok,"(29, 29)","(29, 29)","(29, 29)",0,semantic_majority_reflect,pseudo_hidden
65,ex65,pad_bottom_right,True,False,ok,"(29, 29)","(29, 29)","(29, 29)",0,semantic_majority_reflect,pseudo_hidden
65,ex65,translate_down_right,True,False,ok,"(28, 28)","(28, 28)","(28, 28)",0,semantic_majority_reflect,pseudo_hidden
65,ex65,translate_up_left,True,False,ok,"(28, 28)","(28, 28)","(28, 28)",0,semantic_majority_reflect,pseudo_hidden
65,ex65,inert_2x2_distractor,True,False,ok,"(28, 28)","(28, 28)","(28, 28)",0,semantic_majority_reflect,pseudo_hidden
65,ex65,inert_singleton_distractor,True,False,ok,"(28, 28)","(28, 28)","(28, 28)",0,semantic_majority_reflect,pseudo_hidden
66,ex66,original,True,False,ok,"(19, 19)","(19, 19)","(19, 19)",0,semantic_majority_reflect,pseudo_hidden
66,ex66,color_permutation_a,True,False,ok,"(19, 19)","(19, 19)","(19, 19)",0,semantic_majority_reflect,pseudo_hidden
66,ex66,color_permutation_b,True,False,ok,"(19, 19)","(19, 19)","(19, 19)",0,semantic_majority_reflect,pseudo_hidden
66,ex66,transpose,True,False,ok,"(19, 19)","(19, 19)","(19, 19)",0,semantic_majority_reflect,pseudo_hidden
66,ex66,mirror_lr,True,False,ok,"(19, 19)","(19, 19)","(19, 19)",0,semantic_majority_reflect,pseudo_hidden
66,ex66,mirror_ud,True,False,ok,"(19, 19)","(19, 19)","(19, 19)",0,semantic_majority_reflect,pseudo_hidden
66,ex66,rotate_180,True,False,ok,"(19, 19)","(19, 19)","(19, 19)",0,semantic_majority_reflect,pseudo_hidden
66,ex66,pad_top_left,True,False,ok,"(20, 20)","(20, 20)","(20, 20)",0,semantic_majority_reflect,pseudo_hidden
66,ex66,pad_bottom_right,True,False,ok,"(20, 20)","(20, 20)","(20, 20)",0,semantic_majority_reflect,pseudo_hidden
66,ex66,translate_down_right,True,False,ok,"(19, 19)","(19, 19)","(19, 19)",0,semantic_majority_reflect,pseudo_hidden
66,ex66,translate_up_left,True,False,ok,"(19, 19)","(19, 19)","(19, 19)",0,semantic_majority_reflect,pseudo_hidden
66,ex66,inert_2x2_distractor,True,False,ok,"(19, 19)","(19, 19)","(19, 19)",0,semantic_majority_reflect,pseudo_hidden
66,ex66,inert_singleton_distractor,True,False,ok,"(19, 19)","(19, 19)","(19, 19)",0,semantic_majority_reflect,pseudo_hidden
67,ex67,original,True,False,ok,"(26, 26)","(26, 26)","(26, 26)",0,semantic_majority_reflect,pseudo_hidden
67,ex67,color_permutation_a,True,False,ok,"(26, 26)","(26, 26)","(26, 26)",0,semantic_majority_reflect,pseudo_hidden
67,ex67,color_permutation_b,True,False,ok,"(26, 26)","(26, 26)","(26, 26)",0,semantic_majority_reflect,pseudo_hidden
67,ex67,transpose,True,False,ok,"(26, 26)","(26, 26)","(26, 26)",0,semantic_majority_reflect,pseudo_hidden
67,ex67,mirror_lr,True,False,ok,"(26, 26)","(26, 26)","(26, 26)",0,semantic_majority_reflect,pseudo_hidden
67,ex67,mirror_ud,True,False,ok,"(26, 26)","(26, 26)","(26, 26)",0,semantic_majority_reflect,pseudo_hidden
67,ex67,rotate_180,True,False,ok,"(26, 26)","(26, 26)","(26, 26)",0,semantic_majority_reflect,pseudo_hidden
67,ex67,pad_top_left,True,False,ok,"(27, 27)","(27, 27)","(27, 27)",0,semantic_majority_reflect,pseudo_hidden
67,ex67,pad_bottom_right,True,False,ok,"(27, 27)","(27, 27)","(27, 27)",0,semantic_majority_reflect,pseudo_hidden
67,ex67,translate_down_right,True,False,ok,"(26, 26)","(26, 26)","(26, 26)",0,semantic_majority_reflect,pseudo_hidden
67,ex67,translate_up_left,True,False,ok,"(26, 26)","(26, 26)","(26, 26)",0,semantic_majority_reflect,pseudo_hidden
67,ex67,inert_2x2_distractor,True,False,ok,"(26, 26)","(26, 26)","(26, 26)",0,semantic_majority_reflect,pseudo_hidden
67,ex67,inert_singleton_distractor,True,False,ok,"(26, 26)","(26, 26)","(26, 26)",0,semantic_majority_reflect,pseudo_hidden
68,ex68,original,True,False,ok,"(23, 23)","(23, 23)","(23, 23)",0,semantic_majority_reflect,pseudo_hidden
68,ex68,color_permutation_a,True,False,ok,"(23, 23)","(23, 23)","(23, 23)",0,semantic_majority_reflect,pseudo_hidden
68,ex68,color_permutation_b,True,False,ok,"(23, 23)","(23, 23)","(23, 23)",0,semantic_majority_reflect,pseudo_hidden
68,ex68,transpose,True,False,ok,"(23, 23)","(23, 23)","(23, 23)",0,semantic_majority_reflect,pseudo_hidden
68,ex68,mirror_lr,True,False,ok,"(23, 23)","(23, 23)","(23, 23)",0,semantic_majority_reflect,pseudo_hidden
68,ex68,mirror_ud,True,False,ok,"(23, 23)","(23, 23)","(23, 23)",0,semantic_majority_reflect,pseudo_hidden
68,ex68,rotate_180,True,False,ok,"(23, 23)","(23, 23)","(23, 23)",0,semantic_majority_reflect,pseudo_hidden
68,ex68,pad_top_left,True,False,ok,"(24, 24)","(24, 24)","(24, 24)",0,semantic_majority_reflect,pseudo_hidden
68,ex68,pad_bottom_right,True,False,ok,"(24, 24)","(24, 24)","(24, 24)",0,semantic_majority_reflect,pseudo_hidden
68,ex68,translate_down_right,True,False,ok,"(23, 23)","(23, 23)","(23, 23)",0,semantic_majority_reflect,pseudo_hidden
68,ex68,translate_up_left,True,False,ok,"(23, 23)","(23, 23)","(23, 23)",0,semantic_majority_reflect,pseudo_hidden
68,ex68,inert_2x2_distractor,True,False,ok,"(23, 23)","(23, 23)","(23, 23)",0,semantic_majority_reflect,pseudo_hidden
68,ex68,inert_singleton_distractor,True,False,ok,"(23, 23)","(23, 23)","(23, 23)",0,semantic_majority_reflect,pseudo_hidden
69,ex69,original,True,False,ok,"(23, 23)","(23, 23)","(23, 23)",0,semantic_majority_reflect,pseudo_hidden
69,ex69,color_permutation_a,True,False,ok,"(23, 23)","(23, 23)","(23, 23)",0,semantic_majority_reflect,pseudo_hidden
69,ex69,color_permutation_b,True,False,ok,"(23, 23)","(23, 23)","(23, 23)",0,semantic_majority_reflect,pseudo_hidden
69,ex69,transpose,True,False,ok,"(23, 23)","(23, 23)","(23, 23)",0,semantic_majority_reflect,pseudo_hidden
69,ex69,mirror_lr,True,False,ok,"(23, 23)","(23, 23)","(23, 23)",0,semantic_majority_reflect,pseudo_hidden
69,ex69,mirror_ud,True,False,ok,"(23, 23)","(23, 23)","(23, 23)",0,semantic_majority_reflect,pseudo_hidden
69,ex69,rotate_180,True,False,ok,"(23, 23)","(23, 23)","(23, 23)",0,semantic_majority_reflect,pseudo_hidden
69,ex69,pad_top_left,True,False,ok,"(24, 24)","(24, 24)","(24, 24)",0,semantic_majority_reflect,pseudo_hidden
69,ex69,pad_bottom_right,True,False,ok,"(24, 24)","(24, 24)","(24, 24)",0,semantic_majority_reflect,pseudo_hidden
69,ex69,translate_down_right,True,False,ok,"(23, 23)","(23, 23)","(23, 23)",0,semantic_majority_reflect,pseudo_hidden
69,ex69,translate_up_left,True,False,ok,"(23, 23)","(23, 23)","(23, 23)",0,semantic_majority_reflect,pseudo_hidden
69,ex69,inert_2x2_distractor,True,False,ok,"(23, 23)","(23, 23)","(23, 23)",0,semantic_majority_reflect,pseudo_hidden
69,ex69,inert_singleton_distractor,True,False,ok,"(23, 23)","(23, 23)","(23, 23)",0,semantic_majority_reflect,pseudo_hidden
70,ex70,original,True,False,ok,"(22, 22)","(22, 22)","(22, 22)",0,semantic_majority_reflect,pseudo_hidden
70,ex70,color_permutation_a,True,False,ok,"(22, 22)","(22, 22)","(22, 22)",0,semantic_majority_reflect,pseudo_hidden
70,ex70,color_permutation_b,True,False,ok,"(22, 22)","(22, 22)","(22, 22)",0,semantic_majority_reflect,pseudo_hidden
70,ex70,transpose,True,False,ok,"(22, 22)","(22, 22)","(22, 22)",0,semantic_majority_reflect,pseudo_hidden
70,ex70,mirror_lr,True,False,ok,"(22, 22)","(22, 22)","(22, 22)",0,semantic_majority_reflect,pseudo_hidden
70,ex70,mirror_ud,True,False,ok,"(22, 22)","(22, 22)","(22, 22)",0,semantic_majority_reflect,pseudo_hidden
70,ex70,rotate_180,True,False,ok,"(22, 22)","(22, 22)","(22, 22)",0,semantic_majority_reflect,pseudo_hidden
70,ex70,pad_top_left,True,False,ok,"(23, 23)","(23, 23)","(23, 23)",0,semantic_majority_reflect,pseudo_hidden
70,ex70,pad_bottom_right,True,False,ok,"(23, 23)","(23, 23)","(23, 23)",0,semantic_majority_reflect,pseudo_hidden
70,ex70,translate_down_right,True,False,ok,"(22, 22)","(22, 22)","(22, 22)",0,semantic_majority_reflect,pseudo_hidden
70,ex70,translate_up_left,True,False,ok,"(22, 22)","(22, 22)","(22, 22)",0,semantic_majority_reflect,pseudo_hidden
70,ex70,inert_2x2_distractor,True,False,ok,"(22, 22)","(22, 22)","(22, 22)",0,semantic_majority_reflect,pseudo_hidden
70,ex70,inert_singleton_distractor,True,False,ok,"(22, 22)","(22, 22)","(22, 22)",0,semantic_majority_reflect,pseudo_hidden
71,ex71,original,True,False,ok,"(29, 29)","(29, 29)","(29, 29)",0,semantic_majority_reflect,pseudo_hidden
71,ex71,color_permutation_a,True,False,ok,"(29, 29)","(29, 29)","(29, 29)",0,semantic_majority_reflect,pseudo_hidden
71,ex71,color_permutation_b,True,False,ok,"(29, 29)","(29, 29)","(29, 29)",0,semantic_majority_reflect,pseudo_hidden
71,ex71,transpose,True,False,ok,"(29, 29)","(29, 29)","(29, 29)",0,semantic_majority_reflect,pseudo_hidden
71,ex71,mirror_lr,True,False,ok,"(29, 29)","(29, 29)","(29, 29)",0,semantic_majority_reflect,pseudo_hidden
71,ex71,mirror_ud,True,False,ok,"(29, 29)","(29, 29)","(29, 29)",0,semantic_majority_reflect,pseudo_hidden
71,ex71,rotate_180,True,False,ok,"(29, 29)","(29, 29)","(29, 29)",0,semantic_majority_reflect,pseudo_hidden
71,ex71,pad_top_left,True,False,ok,"(30, 30)","(30, 30)","(30, 30)",0,semantic_majority_reflect,pseudo_hidden
71,ex71,pad_bottom_right,True,False,ok,"(30, 30)","(30, 30)","(30, 30)",0,semantic_majority_reflect,pseudo_hidden
71,ex71,translate_down_right,True,False,ok,"(29, 29)","(29, 29)","(29, 29)",0,semantic_majority_reflect,pseudo_hidden
71,ex71,translate_up_left,True,False,ok,"(29, 29)","(29, 29)","(29, 29)",0,semantic_majority_reflect,pseudo_hidden
71,ex71,inert_2x2_distractor,True,False,ok,"(29, 29)","(29, 29)","(29, 29)",0,semantic_majority_reflect,pseudo_hidden
71,ex71,inert_singleton_distractor,True,False,ok,"(29, 29)","(29, 29)","(29, 29)",0,semantic_majority_reflect,pseudo_hidden
72,ex72,original,True,False,ok,"(29, 29)","(29, 29)","(29, 29)",0,semantic_majority_reflect,pseudo_hidden
72,ex72,color_permutation_a,True,False,ok,"(29, 29)","(29, 29)","(29, 29)",0,semantic_majority_reflect,pseudo_hidden
72,ex72,color_permutation_b,True,False,ok,"(29, 29)","(29, 29)","(29, 29)",0,semantic_majority_reflect,pseudo_hidden
72,ex72,transpose,True,False,ok,"(29, 29)","(29, 29)","(29, 29)",0,semantic_majority_reflect,pseudo_hidden
72,ex72,mirror_lr,True,False,ok,"(29, 29)","(29, 29)","(29, 29)",0,semantic_majority_reflect,pseudo_hidden
72,ex72,mirror_ud,True,False,ok,"(29, 29)","(29, 29)","(29, 29)",0,semantic_majority_reflect,pseudo_hidden
72,ex72,rotate_180,True,False,ok,"(29, 29)","(29, 29)","(29, 29)",0,semantic_majority_reflect,pseudo_hidden
72,ex72,pad_top_left,True,False,ok,"(30, 30)","(30, 30)","(30, 30)",0,semantic_majority_reflect,pseudo_hidden
72,ex72,pad_bottom_right,True,False,ok,"(30, 30)","(30, 30)","(30, 30)",0,semantic_majority_reflect,pseudo_hidden
72,ex72,translate_down_right,True,False,ok,"(29, 29)","(29, 29)","(29, 29)",0,semantic_majority_reflect,pseudo_hidden
72,ex72,translate_up_left,True,False,ok,"(29, 29)","(29, 29)","(29, 29)",0,semantic_majority_reflect,pseudo_hidden
72,ex72,inert_2x2_distractor,True,False,ok,"(29, 29)","(29, 29)","(29, 29)",0,semantic_majority_reflect,pseudo_hidden
72,ex72,inert_singleton_distractor,True,False,ok,"(29, 29)","(29, 29)","(29, 29)",0,semantic_majority_reflect,pseudo_hidden
73,ex73,original,True,False,ok,"(21, 21)","(21, 21)","(21, 21)",0,semantic_majority_reflect,pseudo_hidden
73,ex73,color_permutation_a,True,False,ok,"(21, 21)","(21, 21)","(21, 21)",0,semantic_majority_reflect,pseudo_hidden
73,ex73,color_permutation_b,True,False,ok,"(21, 21)","(21, 21)","(21, 21)",0,semantic_majority_reflect,pseudo_hidden
73,ex73,transpose,True,False,ok,"(21, 21)","(21, 21)","(21, 21)",0,semantic_majority_reflect,pseudo_hidden
73,ex73,mirror_lr,True,False,ok,"(21, 21)","(21, 21)","(21, 21)",0,semantic_majority_reflect,pseudo_hidden
73,ex73,mirror_ud,True,False,ok,"(21, 21)","(21, 21)","(21, 21)",0,semantic_majority_reflect,pseudo_hidden
73,ex73,rotate_180,True,False,ok,"(21, 21)","(21, 21)","(21, 21)",0,semantic_majority_reflect,pseudo_hidden
73,ex73,pad_top_left,True,False,ok,"(22, 22)","(22, 22)","(22, 22)",0,semantic_majority_reflect,pseudo_hidden
73,ex73,pad_bottom_right,True,False,ok,"(22, 22)","(22, 22)","(22, 22)",0,semantic_majority_reflect,pseudo_hidden
73,ex73,translate_down_right,True,False,ok,"(21, 21)","(21, 21)","(21, 21)",0,semantic_majority_reflect,pseudo_hidden
73,ex73,translate_up_left,True,False,ok,"(21, 21)","(21, 21)","(21, 21)",0,semantic_majority_reflect,pseudo_hidden
73,ex73,inert_2x2_distractor,True,False,ok,"(21, 21)","(21, 21)","(21, 21)",0,semantic_majority_reflect,pseudo_hidden
73,ex73,inert_singleton_distractor,True,False,ok,"(21, 21)","(21, 21)","(21, 21)",0,semantic_majority_reflect,pseudo_hidden
74,ex74,original,True,False,ok,"(24, 24)","(24, 24)","(24, 24)",0,semantic_majority_reflect,pseudo_hidden
74,ex74,color_permutation_a,True,False,ok,"(24, 24)","(24, 24)","(24, 24)",0,semantic_majority_reflect,pseudo_hidden
74,ex74,color_permutation_b,True,False,ok,"(24, 24)","(24, 24)","(24, 24)",0,semantic_majority_reflect,pseudo_hidden
74,ex74,transpose,True,False,ok,"(24, 24)","(24, 24)","(24, 24)",0,semantic_majority_reflect,pseudo_hidden
74,ex74,mirror_lr,True,False,ok,"(24, 24)","(24, 24)","(24, 24)",0,semantic_majority_reflect,pseudo_hidden
74,ex74,mirror_ud,True,False,ok,"(24, 24)","(24, 24)","(24, 24)",0,semantic_majority_reflect,pseudo_hidden
74,ex74,rotate_180,True,False,ok,"(24, 24)","(24, 24)","(24, 24)",0,semantic_majority_reflect,pseudo_hidden
74,ex74,pad_top_left,True,False,ok,"(25, 25)","(25, 25)","(25, 25)",0,semantic_majority_reflect,pseudo_hidden
74,ex74,pad_bottom_right,True,False,ok,"(25, 25)","(25, 25)","(25, 25)",0,semantic_majority_reflect,pseudo_hidden
74,ex74,translate_down_right,True,False,ok,"(24, 24)","(24, 24)","(24, 24)",0,semantic_majority_reflect,pseudo_hidden
74,ex74,translate_up_left,True,False,ok,"(24, 24)","(24, 24)","(24, 24)",0,semantic_majority_reflect,pseudo_hidden
74,ex74,inert_2x2_distractor,True,False,ok,"(24, 24)","(24, 24)","(24, 24)",0,semantic_majority_reflect,pseudo_hidden
74,ex74,inert_singleton_distractor,True,False,ok,"(24, 24)","(24, 24)","(24, 24)",0,semantic_majority_reflect,pseudo_hidden
75,ex75,original,True,False,ok,"(15, 15)","(15, 15)","(15, 15)",0,semantic_majority_reflect,pseudo_hidden
75,ex75,color_permutation_a,True,False,ok,"(15, 15)","(15, 15)","(15, 15)",0,semantic_majority_reflect,pseudo_hidden
75,ex75,color_permutation_b,True,False,ok,"(15, 15)","(15, 15)","(15, 15)",0,semantic_majority_reflect,pseudo_hidden
75,ex75,transpose,True,False,ok,"(15, 15)","(15, 15)","(15, 15)",0,semantic_majority_reflect,pseudo_hidden
75,ex75,mirror_lr,True,False,ok,"(15, 15)","(15, 15)","(15, 15)",0,semantic_majority_reflect,pseudo_hidden
75,ex75,mirror_ud,True,False,ok,"(15, 15)","(15, 15)","(15, 15)",0,semantic_majority_reflect,pseudo_hidden
75,ex75,rotate_180,True,False,ok,"(15, 15)","(15, 15)","(15, 15)",0,semantic_majority_reflect,pseudo_hidden
75,ex75,pad_top_left,True,False,ok,"(16, 16)","(16, 16)","(16, 16)",0,semantic_majority_reflect,pseudo_hidden
75,ex75,pad_bottom_right,True,False,ok,"(16, 16)","(16, 16)","(16, 16)",0,semantic_majority_reflect,pseudo_hidden
75,ex75,translate_down_right,True,False,ok,"(15, 15)","(15, 15)","(15, 15)",0,semantic_majority_reflect,pseudo_hidden
75,ex75,translate_up_left,True,False,ok,"(15, 15)","(15, 15)","(15, 15)",0,semantic_majority_reflect,pseudo_hidden
75,ex75,inert_2x2_distractor,True,False,ok,"(15, 15)","(15, 15)","(15, 15)",0,semantic_majority_reflect,pseudo_hidden
75,ex75,inert_singleton_distractor,True,False,ok,"(15, 15)","(15, 15)","(15, 15)",0,semantic_majority_reflect,pseudo_hidden
76,ex76,original,True,False,ok,"(24, 24)","(24, 24)","(24, 24)",0,semantic_majority_reflect,pseudo_hidden
76,ex76,color_permutation_a,True,False,ok,"(24, 24)","(24, 24)","(24, 24)",0,semantic_majority_reflect,pseudo_hidden
76,ex76,color_permutation_b,True,False,ok,"(24, 24)","(24, 24)","(24, 24)",0,semantic_majority_reflect,pseudo_hidden
76,ex76,transpose,True,False,ok,"(24, 24)","(24, 24)","(24, 24)",0,semantic_majority_reflect,pseudo_hidden
76,ex76,mirror_lr,True,False,ok,"(24, 24)","(24, 24)","(24, 24)",0,semantic_majority_reflect,pseudo_hidden
76,ex76,mirror_ud,True,False,ok,"(24, 24)","(24, 24)","(24, 24)",0,semantic_majority_reflect,pseudo_hidden
76,ex76,rotate_180,True,False,ok,"(24, 24)","(24, 24)","(24, 24)",0,semantic_majority_reflect,pseudo_hidden
76,ex76,pad_top_left,True,False,ok,"(25, 25)","(25, 25)","(25, 25)",0,semantic_majority_reflect,pseudo_hidden
76,ex76,pad_bottom_right,True,False,ok,"(25, 25)","(25, 25)","(25, 25)",0,semantic_majority_reflect,pseudo_hidden
76,ex76,translate_down_right,True,False,ok,"(24, 24)","(24, 24)","(24, 24)",0,semantic_majority_reflect,pseudo_hidden
76,ex76,translate_up_left,True,False,ok,"(24, 24)","(24, 24)","(24, 24)",0,semantic_majority_reflect,pseudo_hidden
76,ex76,inert_2x2_distractor,True,False,ok,"(24, 24)","(24, 24)","(24, 24)",0,semantic_majority_reflect,pseudo_hidden
76,ex76,inert_singleton_distractor,True,False,ok,"(24, 24)","(24, 24)","(24, 24)",0,semantic_majority_reflect,pseudo_hidden
77,ex77,original,True,False,ok,"(30, 30)","(30, 30)","(30, 30)",0,semantic_majority_reflect,pseudo_hidden
77,ex77,color_permutation_a,True,False,ok,"(30, 30)","(30, 30)","(30, 30)",0,semantic_majority_reflect,pseudo_hidden
77,ex77,color_permutation_b,True,False,ok,"(30, 30)","(30, 30)","(30, 30)",0,semantic_majority_reflect,pseudo_hidden
77,ex77,transpose,True,False,ok,"(30, 30)","(30, 30)","(30, 30)",0,semantic_majority_reflect,pseudo_hidden
77,ex77,mirror_lr,True,False,ok,"(30, 30)","(30, 30)","(30, 30)",0,semantic_majority_reflect,pseudo_hidden
77,ex77,mirror_ud,True,False,ok,"(30, 30)","(30, 30)","(30, 30)",0,semantic_majority_reflect,pseudo_hidden
77,ex77,rotate_180,True,False,ok,"(30, 30)","(30, 30)","(30, 30)",0,semantic_majority_reflect,pseudo_hidden
77,ex77,pad_top_left,False,True,"input_shape_exceeds_limit:(31, 31)>(30, 30)","(31, 31)","(31, 31)",,,,pseudo_hidden
77,ex77,pad_bottom_right,False,True,"input_shape_exceeds_limit:(31, 31)>(30, 30)","(31, 31)","(31, 31)",,,,pseudo_hidden
77,ex77,translate_down_right,False,True,input_would_clip_right,"(30, 30)","(30, 30)",,,,pseudo_hidden
77,ex77,translate_up_left,True,False,ok,"(30, 30)","(30, 30)","(30, 30)",0,semantic_majority_reflect,pseudo_hidden
77,ex77,inert_2x2_distractor,True,False,ok,"(30, 30)","(30, 30)","(30, 30)",0,semantic_majority_reflect,pseudo_hidden
77,ex77,inert_singleton_distractor,True,False,ok,"(30, 30)","(30, 30)","(30, 30)",0,semantic_majority_reflect,pseudo_hidden
78,ex78,original,True,False,ok,"(27, 27)","(27, 27)","(27, 27)",0,semantic_majority_reflect,pseudo_hidden
78,ex78,color_permutation_a,True,False,ok,"(27, 27)","(27, 27)","(27, 27)",0,semantic_majority_reflect,pseudo_hidden
78,ex78,color_permutation_b,True,False,ok,"(27, 27)","(27, 27)","(27, 27)",0,semantic_majority_reflect,pseudo_hidden
78,ex78,transpose,True,False,ok,"(27, 27)","(27, 27)","(27, 27)",0,semantic_majority_reflect,pseudo_hidden
78,ex78,mirror_lr,True,False,ok,"(27, 27)","(27, 27)","(27, 27)",0,semantic_majority_reflect,pseudo_hidden
78,ex78,mirror_ud,True,False,ok,"(27, 27)","(27, 27)","(27, 27)",0,semantic_majority_reflect,pseudo_hidden
78,ex78,rotate_180,True,False,ok,"(27, 27)","(27, 27)","(27, 27)",0,semantic_majority_reflect,pseudo_hidden
78,ex78,pad_top_left,True,False,ok,"(28, 28)","(28, 28)","(28, 28)",0,semantic_majority_reflect,pseudo_hidden
78,ex78,pad_bottom_right,True,False,ok,"(28, 28)","(28, 28)","(28, 28)",0,semantic_majority_reflect,pseudo_hidden
78,ex78,translate_down_right,True,False,ok,"(27, 27)","(27, 27)","(27, 27)",0,semantic_majority_reflect,pseudo_hidden
78,ex78,translate_up_left,True,False,ok,"(27, 27)","(27, 27)","(27, 27)",0,semantic_majority_reflect,pseudo_hidden
78,ex78,inert_2x2_distractor,True,False,ok,"(27, 27)","(27, 27)","(27, 27)",0,semantic_majority_reflect,pseudo_hidden
78,ex78,inert_singleton_distractor,True,False,ok,"(27, 27)","(27, 27)","(27, 27)",0,semantic_majority_reflect,pseudo_hidden
79,ex79,original,True,False,ok,"(27, 27)","(27, 27)","(27, 27)",0,semantic_majority_reflect,pseudo_hidden
79,ex79,color_permutation_a,True,False,ok,"(27, 27)","(27, 27)","(27, 27)",0,semantic_majority_reflect,pseudo_hidden
79,ex79,color_permutation_b,True,False,ok,"(27, 27)","(27, 27)","(27, 27)",0,semantic_majority_reflect,pseudo_hidden
79,ex79,transpose,True,False,ok,"(27, 27)","(27, 27)","(27, 27)",0,semantic_majority_reflect,pseudo_hidden
79,ex79,mirror_lr,True,False,ok,"(27, 27)","(27, 27)","(27, 27)",0,semantic_majority_reflect,pseudo_hidden
79,ex79,mirror_ud,True,False,ok,"(27, 27)","(27, 27)","(27, 27)",0,semantic_majority_reflect,pseudo_hidden
79,ex79,rotate_180,True,False,ok,"(27, 27)","(27, 27)","(27, 27)",0,semantic_majority_reflect,pseudo_hidden
79,ex79,pad_top_left,True,False,ok,"(28, 28)","(28, 28)","(28, 28)",0,semantic_majority_reflect,pseudo_hidden
79,ex79,pad_bottom_right,True,False,ok,"(28, 28)","(28, 28)","(28, 28)",0,semantic_majority_reflect,pseudo_hidden
79,ex79,translate_down_right,True,False,ok,"(27, 27)","(27, 27)","(27, 27)",0,semantic_majority_reflect,pseudo_hidden
79,ex79,translate_up_left,True,False,ok,"(27, 27)","(27, 27)","(27, 27)",0,semantic_majority_reflect,pseudo_hidden
79,ex79,inert_2x2_distractor,True,False,ok,"(27, 27)","(27, 27)","(27, 27)",0,semantic_majority_reflect,pseudo_hidden
79,ex79,inert_singleton_distractor,True,False,ok,"(27, 27)","(27, 27)","(27, 27)",0,semantic_majority_reflect,pseudo_hidden
80,ex80,original,True,False,ok,"(29, 29)","(29, 29)","(29, 29)",0,semantic_majority_reflect,pseudo_hidden
80,ex80,color_permutation_a,True,False,ok,"(29, 29)","(29, 29)","(29, 29)",0,semantic_majority_reflect,pseudo_hidden
80,ex80,color_permutation_b,True,False,ok,"(29, 29)","(29, 29)","(29, 29)",0,semantic_majority_reflect,pseudo_hidden
80,ex80,transpose,True,False,ok,"(29, 29)","(29, 29)","(29, 29)",0,semantic_majority_reflect,pseudo_hidden
80,ex80,mirror_lr,True,False,ok,"(29, 29)","(29, 29)","(29, 29)",0,semantic_majority_reflect,pseudo_hidden
80,ex80,mirror_ud,True,False,ok,"(29, 29)","(29, 29)","(29, 29)",0,semantic_majority_reflect,pseudo_hidden
80,ex80,rotate_180,True,False,ok,"(29, 29)","(29, 29)","(29, 29)",0,semantic_majority_reflect,pseudo_hidden
80,ex80,pad_top_left,True,False,ok,"(30, 30)","(30, 30)","(30, 30)",0,semantic_majority_reflect,pseudo_hidden
80,ex80,pad_bottom_right,True,False,ok,"(30, 30)","(30, 30)","(30, 30)",0,semantic_majority_reflect,pseudo_hidden
80,ex80,translate_down_right,True,False,ok,"(29, 29)","(29, 29)","(29, 29)",0,semantic_majority_reflect,pseudo_hidden
80,ex80,translate_up_left,True,False,ok,"(29, 29)","(29, 29)","(29, 29)",0,semantic_majority_reflect,pseudo_hidden
80,ex80,inert_2x2_distractor,True,False,ok,"(29, 29)","(29, 29)","(29, 29)",0,semantic_majority_reflect,pseudo_hidden
80,ex80,inert_singleton_distractor,True,False,ok,"(29, 29)","(29, 29)","(29, 29)",0,semantic_majority_reflect,pseudo_hidden
81,ex81,original,True,False,ok,"(26, 26)","(26, 26)","(26, 26)",0,semantic_majority_reflect,pseudo_hidden
81,ex81,color_permutation_a,True,False,ok,"(26, 26)","(26, 26)","(26, 26)",0,semantic_majority_reflect,pseudo_hidden
81,ex81,color_permutation_b,True,False,ok,"(26, 26)","(26, 26)","(26, 26)",0,semantic_majority_reflect,pseudo_hidden
81,ex81,transpose,True,False,ok,"(26, 26)","(26, 26)","(26, 26)",0,semantic_majority_reflect,pseudo_hidden
81,ex81,mirror_lr,True,False,ok,"(26, 26)","(26, 26)","(26, 26)",0,semantic_majority_reflect,pseudo_hidden
81,ex81,mirror_ud,True,False,ok,"(26, 26)","(26, 26)","(26, 26)",0,semantic_majority_reflect,pseudo_hidden
81,ex81,rotate_180,True,False,ok,"(26, 26)","(26, 26)","(26, 26)",0,semantic_majority_reflect,pseudo_hidden
81,ex81,pad_top_left,True,False,ok,"(27, 27)","(27, 27)","(27, 27)",0,semantic_majority_reflect,pseudo_hidden
81,ex81,pad_bottom_right,True,False,ok,"(27, 27)","(27, 27)","(27, 27)",0,semantic_majority_reflect,pseudo_hidden
81,ex81,translate_down_right,True,False,ok,"(26, 26)","(26, 26)","(26, 26)",0,semantic_majority_reflect,pseudo_hidden
81,ex81,translate_up_left,True,False,ok,"(26, 26)","(26, 26)","(26, 26)",0,semantic_majority_reflect,pseudo_hidden
81,ex81,inert_2x2_distractor,True,False,ok,"(26, 26)","(26, 26)","(26, 26)",0,semantic_majority_reflect,pseudo_hidden
81,ex81,inert_singleton_distractor,True,False,ok,"(26, 26)","(26, 26)","(26, 26)",0,semantic_majority_reflect,pseudo_hidden
82,ex82,original,True,False,ok,"(28, 28)","(28, 28)","(28, 28)",0,semantic_majority_reflect,pseudo_hidden
82,ex82,color_permutation_a,True,False,ok,"(28, 28)","(28, 28)","(28, 28)",0,semantic_majority_reflect,pseudo_hidden
82,ex82,color_permutation_b,True,False,ok,"(28, 28)","(28, 28)","(28, 28)",0,semantic_majority_reflect,pseudo_hidden
82,ex82,transpose,True,False,ok,"(28, 28)","(28, 28)","(28, 28)",0,semantic_majority_reflect,pseudo_hidden
82,ex82,mirror_lr,True,False,ok,"(28, 28)","(28, 28)","(28, 28)",0,semantic_majority_reflect,pseudo_hidden
82,ex82,mirror_ud,True,False,ok,"(28, 28)","(28, 28)","(28, 28)",0,semantic_majority_reflect,pseudo_hidden
82,ex82,rotate_180,True,False,ok,"(28, 28)","(28, 28)","(28, 28)",0,semantic_majority_reflect,pseudo_hidden
82,ex82,pad_top_left,True,False,ok,"(29, 29)","(29, 29)","(29, 29)",0,semantic_majority_reflect,pseudo_hidden
82,ex82,pad_bottom_right,True,False,ok,"(29, 29)","(29, 29)","(29, 29)",0,semantic_majority_reflect,pseudo_hidden
82,ex82,translate_down_right,True,False,ok,"(28, 28)","(28, 28)","(28, 28)",0,semantic_majority_reflect,pseudo_hidden
82,ex82,translate_up_left,True,False,ok,"(28, 28)","(28, 28)","(28, 28)",0,semantic_majority_reflect,pseudo_hidden
82,ex82,inert_2x2_distractor,True,False,ok,"(28, 28)","(28, 28)","(28, 28)",0,semantic_majority_reflect,pseudo_hidden
82,ex82,inert_singleton_distractor,True,False,ok,"(28, 28)","(28, 28)","(28, 28)",0,semantic_majority_reflect,pseudo_hidden
83,ex83,original,True,False,ok,"(28, 28)","(28, 28)","(28, 28)",0,semantic_majority_reflect,pseudo_hidden
83,ex83,color_permutation_a,True,False,ok,"(28, 28)","(28, 28)","(28, 28)",0,semantic_majority_reflect,pseudo_hidden
83,ex83,color_permutation_b,True,False,ok,"(28, 28)","(28, 28)","(28, 28)",0,semantic_majority_reflect,pseudo_hidden
83,ex83,transpose,True,False,ok,"(28, 28)","(28, 28)","(28, 28)",0,semantic_majority_reflect,pseudo_hidden
83,ex83,mirror_lr,True,False,ok,"(28, 28)","(28, 28)","(28, 28)",0,semantic_majority_reflect,pseudo_hidden
83,ex83,mirror_ud,True,False,ok,"(28, 28)","(28, 28)","(28, 28)",0,semantic_majority_reflect,pseudo_hidden
83,ex83,rotate_180,True,False,ok,"(28, 28)","(28, 28)","(28, 28)",0,semantic_majority_reflect,pseudo_hidden
83,ex83,pad_top_left,True,False,ok,"(29, 29)","(29, 29)","(29, 29)",0,semantic_majority_reflect,pseudo_hidden
83,ex83,pad_bottom_right,True,False,ok,"(29, 29)","(29, 29)","(29, 29)",0,semantic_majority_reflect,pseudo_hidden
83,ex83,translate_down_right,True,False,ok,"(28, 28)","(28, 28)","(28, 28)",0,semantic_majority_reflect,pseudo_hidden
83,ex83,translate_up_left,True,False,ok,"(28, 28)","(28, 28)","(28, 28)",0,semantic_majority_reflect,pseudo_hidden
83,ex83,inert_2x2_distractor,True,False,ok,"(28, 28)","(28, 28)","(28, 28)",0,semantic_majority_reflect,pseudo_hidden
83,ex83,inert_singleton_distractor,True,False,ok,"(28, 28)","(28, 28)","(28, 28)",0,semantic_majority_reflect,pseudo_hidden
84,ex84,original,True,False,ok,"(25, 25)","(25, 25)","(25, 25)",0,semantic_majority_reflect,pseudo_hidden
84,ex84,color_permutation_a,True,False,ok,"(25, 25)","(25, 25)","(25, 25)",0,semantic_majority_reflect,pseudo_hidden
84,ex84,color_permutation_b,True,False,ok,"(25, 25)","(25, 25)","(25, 25)",0,semantic_majority_reflect,pseudo_hidden
84,ex84,transpose,True,False,ok,"(25, 25)","(25, 25)","(25, 25)",0,semantic_majority_reflect,pseudo_hidden
84,ex84,mirror_lr,True,False,ok,"(25, 25)","(25, 25)","(25, 25)",0,semantic_majority_reflect,pseudo_hidden
84,ex84,mirror_ud,True,False,ok,"(25, 25)","(25, 25)","(25, 25)",0,semantic_majority_reflect,pseudo_hidden
84,ex84,rotate_180,True,False,ok,"(25, 25)","(25, 25)","(25, 25)",0,semantic_majority_reflect,pseudo_hidden
84,ex84,pad_top_left,True,False,ok,"(26, 26)","(26, 26)","(26, 26)",0,semantic_majority_reflect,pseudo_hidden
84,ex84,pad_bottom_right,True,False,ok,"(26, 26)","(26, 26)","(26, 26)",0,semantic_majority_reflect,pseudo_hidden
84,ex84,translate_down_right,True,False,ok,"(25, 25)","(25, 25)","(25, 25)",0,semantic_majority_reflect,pseudo_hidden
84,ex84,translate_up_left,True,False,ok,"(25, 25)","(25, 25)","(25, 25)",0,semantic_majority_reflect,pseudo_hidden
84,ex84,inert_2x2_distractor,True,False,ok,"(25, 25)","(25, 25)","(25, 25)",0,semantic_majority_reflect,pseudo_hidden
84,ex84,inert_singleton_distractor,True,False,ok,"(25, 25)","(25, 25)","(25, 25)",0,semantic_majority_reflect,pseudo_hidden
85,ex85,original,True,False,ok,"(29, 29)","(29, 29)","(29, 29)",0,semantic_majority_reflect,pseudo_hidden
85,ex85,color_permutation_a,True,False,ok,"(29, 29)","(29, 29)","(29, 29)",0,semantic_majority_reflect,pseudo_hidden
85,ex85,color_permutation_b,True,False,ok,"(29, 29)","(29, 29)","(29, 29)",0,semantic_majority_reflect,pseudo_hidden
85,ex85,transpose,True,False,ok,"(29, 29)","(29, 29)","(29, 29)",0,semantic_majority_reflect,pseudo_hidden
85,ex85,mirror_lr,True,False,ok,"(29, 29)","(29, 29)","(29, 29)",0,semantic_majority_reflect,pseudo_hidden
85,ex85,mirror_ud,True,False,ok,"(29, 29)","(29, 29)","(29, 29)",0,semantic_majority_reflect,pseudo_hidden
85,ex85,rotate_180,True,False,ok,"(29, 29)","(29, 29)","(29, 29)",0,semantic_majority_reflect,pseudo_hidden
85,ex85,pad_top_left,True,False,ok,"(30, 30)","(30, 30)","(30, 30)",0,semantic_majority_reflect,pseudo_hidden
85,ex85,pad_bottom_right,True,False,ok,"(30, 30)","(30, 30)","(30, 30)",0,semantic_majority_reflect,pseudo_hidden
85,ex85,translate_down_right,True,False,ok,"(29, 29)","(29, 29)","(29, 29)",0,semantic_majority_reflect,pseudo_hidden
85,ex85,translate_up_left,True,False,ok,"(29, 29)","(29, 29)","(29, 29)",0,semantic_majority_reflect,pseudo_hidden
85,ex85,inert_2x2_distractor,True,False,ok,"(29, 29)","(29, 29)","(29, 29)",0,semantic_majority_reflect,pseudo_hidden
85,ex85,inert_singleton_distractor,True,False,ok,"(29, 29)","(29, 29)","(29, 29)",0,semantic_majority_reflect,pseudo_hidden
86,ex86,original,True,False,ok,"(18, 18)","(18, 18)","(18, 18)",0,semantic_majority_reflect,pseudo_hidden
86,ex86,color_permutation_a,True,False,ok,"(18, 18)","(18, 18)","(18, 18)",0,semantic_majority_reflect,pseudo_hidden
86,ex86,color_permutation_b,True,False,ok,"(18, 18)","(18, 18)","(18, 18)",0,semantic_majority_reflect,pseudo_hidden
86,ex86,transpose,True,False,ok,"(18, 18)","(18, 18)","(18, 18)",0,semantic_majority_reflect,pseudo_hidden
86,ex86,mirror_lr,True,False,ok,"(18, 18)","(18, 18)","(18, 18)",0,semantic_majority_reflect,pseudo_hidden
86,ex86,mirror_ud,True,False,ok,"(18, 18)","(18, 18)","(18, 18)",0,semantic_majority_reflect,pseudo_hidden
86,ex86,rotate_180,True,False,ok,"(18, 18)","(18, 18)","(18, 18)",0,semantic_majority_reflect,pseudo_hidden
86,ex86,pad_top_left,True,False,ok,"(19, 19)","(19, 19)","(19, 19)",0,semantic_majority_reflect,pseudo_hidden
86,ex86,pad_bottom_right,True,False,ok,"(19, 19)","(19, 19)","(19, 19)",0,semantic_majority_reflect,pseudo_hidden
86,ex86,translate_down_right,True,False,ok,"(18, 18)","(18, 18)","(18, 18)",0,semantic_majority_reflect,pseudo_hidden
86,ex86,translate_up_left,True,False,ok,"(18, 18)","(18, 18)","(18, 18)",0,semantic_majority_reflect,pseudo_hidden
86,ex86,inert_2x2_distractor,True,False,ok,"(18, 18)","(18, 18)","(18, 18)",0,semantic_majority_reflect,pseudo_hidden
86,ex86,inert_singleton_distractor,True,False,ok,"(18, 18)","(18, 18)","(18, 18)",0,semantic_majority_reflect,pseudo_hidden
87,ex87,original,True,False,ok,"(25, 25)","(25, 25)","(25, 25)",0,semantic_majority_reflect,pseudo_hidden
87,ex87,color_permutation_a,True,False,ok,"(25, 25)","(25, 25)","(25, 25)",0,semantic_majority_reflect,pseudo_hidden
87,ex87,color_permutation_b,True,False,ok,"(25, 25)","(25, 25)","(25, 25)",0,semantic_majority_reflect,pseudo_hidden
87,ex87,transpose,True,False,ok,"(25, 25)","(25, 25)","(25, 25)",0,semantic_majority_reflect,pseudo_hidden
87,ex87,mirror_lr,True,False,ok,"(25, 25)","(25, 25)","(25, 25)",0,semantic_majority_reflect,pseudo_hidden
87,ex87,mirror_ud,True,False,ok,"(25, 25)","(25, 25)","(25, 25)",0,semantic_majority_reflect,pseudo_hidden
87,ex87,rotate_180,True,False,ok,"(25, 25)","(25, 25)","(25, 25)",0,semantic_majority_reflect,pseudo_hidden
87,ex87,pad_top_left,True,False,ok,"(26, 26)","(26, 26)","(26, 26)",0,semantic_majority_reflect,pseudo_hidden
87,ex87,pad_bottom_right,True,False,ok,"(26, 26)","(26, 26)","(26, 26)",0,semantic_majority_reflect,pseudo_hidden
87,ex87,translate_down_right,True,False,ok,"(25, 25)","(25, 25)","(25, 25)",0,semantic_majority_reflect,pseudo_hidden
87,ex87,translate_up_left,True,False,ok,"(25, 25)","(25, 25)","(25, 25)",0,semantic_majority_reflect,pseudo_hidden
87,ex87,inert_2x2_distractor,True,False,ok,"(25, 25)","(25, 25)","(25, 25)",0,semantic_majority_reflect,pseudo_hidden
87,ex87,inert_singleton_distractor,True,False,ok,"(25, 25)","(25, 25)","(25, 25)",0,semantic_majority_reflect,pseudo_hidden
88,ex88,original,True,False,ok,"(29, 29)","(29, 29)","(29, 29)",0,semantic_majority_reflect,pseudo_hidden
88,ex88,color_permutation_a,True,False,ok,"(29, 29)","(29, 29)","(29, 29)",0,semantic_majority_reflect,pseudo_hidden
88,ex88,color_permutation_b,True,False,ok,"(29, 29)","(29, 29)","(29, 29)",0,semantic_majority_reflect,pseudo_hidden
88,ex88,transpose,True,False,ok,"(29, 29)","(29, 29)","(29, 29)",0,semantic_majority_reflect,pseudo_hidden
88,ex88,mirror_lr,True,False,ok,"(29, 29)","(29, 29)","(29, 29)",0,semantic_majority_reflect,pseudo_hidden
88,ex88,mirror_ud,True,False,ok,"(29, 29)","(29, 29)","(29, 29)",0,semantic_majority_reflect,pseudo_hidden
88,ex88,rotate_180,True,False,ok,"(29, 29)","(29, 29)","(29, 29)",0,semantic_majority_reflect,pseudo_hidden
88,ex88,pad_top_left,True,False,ok,"(30, 30)","(30, 30)","(30, 30)",0,semantic_majority_reflect,pseudo_hidden
88,ex88,pad_bottom_right,True,False,ok,"(30, 30)","(30, 30)","(30, 30)",0,semantic_majority_reflect,pseudo_hidden
88,ex88,translate_down_right,True,False,ok,"(29, 29)","(29, 29)","(29, 29)",0,semantic_majority_reflect,pseudo_hidden
88,ex88,translate_up_left,True,False,ok,"(29, 29)","(29, 29)","(29, 29)",0,semantic_majority_reflect,pseudo_hidden
88,ex88,inert_2x2_distractor,True,False,ok,"(29, 29)","(29, 29)","(29, 29)",0,semantic_majority_reflect,pseudo_hidden
88,ex88,inert_singleton_distractor,True,False,ok,"(29, 29)","(29, 29)","(29, 29)",0,semantic_majority_reflect,pseudo_hidden
89,ex89,original,True,False,ok,"(19, 19)","(19, 19)","(19, 19)",0,semantic_majority_reflect,pseudo_hidden
89,ex89,color_permutation_a,True,False,ok,"(19, 19)","(19, 19)","(19, 19)",0,semantic_majority_reflect,pseudo_hidden
89,ex89,color_permutation_b,True,False,ok,"(19, 19)","(19, 19)","(19, 19)",0,semantic_majority_reflect,pseudo_hidden
89,ex89,transpose,True,False,ok,"(19, 19)","(19, 19)","(19, 19)",0,semantic_majority_reflect,pseudo_hidden
89,ex89,mirror_lr,True,False,ok,"(19, 19)","(19, 19)","(19, 19)",0,semantic_majority_reflect,pseudo_hidden
89,ex89,mirror_ud,True,False,ok,"(19, 19)","(19, 19)","(19, 19)",0,semantic_majority_reflect,pseudo_hidden
89,ex89,rotate_180,True,False,ok,"(19, 19)","(19, 19)","(19, 19)",0,semantic_majority_reflect,pseudo_hidden
89,ex89,pad_top_left,True,False,ok,"(20, 20)","(20, 20)","(20, 20)",0,semantic_majority_reflect,pseudo_hidden
89,ex89,pad_bottom_right,True,False,ok,"(20, 20)","(20, 20)","(20, 20)",0,semantic_majority_reflect,pseudo_hidden
89,ex89,translate_down_right,True,False,ok,"(19, 19)","(19, 19)","(19, 19)",0,semantic_majority_reflect,pseudo_hidden
89,ex89,translate_up_left,True,False,ok,"(19, 19)","(19, 19)","(19, 19)",0,semantic_majority_reflect,pseudo_hidden
89,ex89,inert_2x2_distractor,True,False,ok,"(19, 19)","(19, 19)","(19, 19)",0,semantic_majority_reflect,pseudo_hidden
89,ex89,inert_singleton_distractor,True,False,ok,"(19, 19)","(19, 19)","(19, 19)",0,semantic_majority_reflect,pseudo_hidden
90,ex90,original,True,False,ok,"(27, 27)","(27, 27)","(27, 27)",0,semantic_majority_reflect,pseudo_hidden
90,ex90,color_permutation_a,True,False,ok,"(27, 27)","(27, 27)","(27, 27)",0,semantic_majority_reflect,pseudo_hidden
90,ex90,color_permutation_b,True,False,ok,"(27, 27)","(27, 27)","(27, 27)",0,semantic_majority_reflect,pseudo_hidden
90,ex90,transpose,True,False,ok,"(27, 27)","(27, 27)","(27, 27)",0,semantic_majority_reflect,pseudo_hidden
90,ex90,mirror_lr,True,False,ok,"(27, 27)","(27, 27)","(27, 27)",0,semantic_majority_reflect,pseudo_hidden
90,ex90,mirror_ud,True,False,ok,"(27, 27)","(27, 27)","(27, 27)",0,semantic_majority_reflect,pseudo_hidden
90,ex90,rotate_180,True,False,ok,"(27, 27)","(27, 27)","(27, 27)",0,semantic_majority_reflect,pseudo_hidden
90,ex90,pad_top_left,True,False,ok,"(28, 28)","(28, 28)","(28, 28)",0,semantic_majority_reflect,pseudo_hidden
90,ex90,pad_bottom_right,True,False,ok,"(28, 28)","(28, 28)","(28, 28)",0,semantic_majority_reflect,pseudo_hidden
90,ex90,translate_down_right,True,False,ok,"(27, 27)","(27, 27)","(27, 27)",0,semantic_majority_reflect,pseudo_hidden
90,ex90,translate_up_left,True,False,ok,"(27, 27)","(27, 27)","(27, 27)",0,semantic_majority_reflect,pseudo_hidden
90,ex90,inert_2x2_distractor,True,False,ok,"(27, 27)","(27, 27)","(27, 27)",0,semantic_majority_reflect,pseudo_hidden
90,ex90,inert_singleton_distractor,True,False,ok,"(27, 27)","(27, 27)","(27, 27)",0,semantic_majority_reflect,pseudo_hidden
91,ex91,original,True,False,ok,"(27, 27)","(27, 27)","(27, 27)",0,semantic_majority_reflect,pseudo_hidden
91,ex91,color_permutation_a,True,False,ok,"(27, 27)","(27, 27)","(27, 27)",0,semantic_majority_reflect,pseudo_hidden
91,ex91,color_permutation_b,True,False,ok,"(27, 27)","(27, 27)","(27, 27)",0,semantic_majority_reflect,pseudo_hidden
91,ex91,transpose,True,False,ok,"(27, 27)","(27, 27)","(27, 27)",0,semantic_majority_reflect,pseudo_hidden
91,ex91,mirror_lr,True,False,ok,"(27, 27)","(27, 27)","(27, 27)",0,semantic_majority_reflect,pseudo_hidden
91,ex91,mirror_ud,True,False,ok,"(27, 27)","(27, 27)","(27, 27)",0,semantic_majority_reflect,pseudo_hidden
91,ex91,rotate_180,True,False,ok,"(27, 27)","(27, 27)","(27, 27)",0,semantic_majority_reflect,pseudo_hidden
91,ex91,pad_top_left,True,False,ok,"(28, 28)","(28, 28)","(28, 28)",0,semantic_majority_reflect,pseudo_hidden
91,ex91,pad_bottom_right,True,False,ok,"(28, 28)","(28, 28)","(28, 28)",0,semantic_majority_reflect,pseudo_hidden
91,ex91,translate_down_right,True,False,ok,"(27, 27)","(27, 27)","(27, 27)",0,semantic_majority_reflect,pseudo_hidden
91,ex91,translate_up_left,True,False,ok,"(27, 27)","(27, 27)","(27, 27)",0,semantic_majority_reflect,pseudo_hidden
91,ex91,inert_2x2_distractor,True,False,ok,"(27, 27)","(27, 27)","(27, 27)",0,semantic_majority_reflect,pseudo_hidden
91,ex91,inert_singleton_distractor,True,False,ok,"(27, 27)","(27, 27)","(27, 27)",0,semantic_majority_reflect,pseudo_hidden
92,ex92,original,True,False,ok,"(20, 20)","(20, 20)","(20, 20)",0,semantic_majority_reflect,pseudo_hidden
92,ex92,color_permutation_a,True,False,ok,"(20, 20)","(20, 20)","(20, 20)",0,semantic_majority_reflect,pseudo_hidden
92,ex92,color_permutation_b,True,False,ok,"(20, 20)","(20, 20)","(20, 20)",0,semantic_majority_reflect,pseudo_hidden
92,ex92,transpose,True,False,ok,"(20, 20)","(20, 20)","(20, 20)",0,semantic_majority_reflect,pseudo_hidden
92,ex92,mirror_lr,True,False,ok,"(20, 20)","(20, 20)","(20, 20)",0,semantic_majority_reflect,pseudo_hidden
92,ex92,mirror_ud,True,False,ok,"(20, 20)","(20, 20)","(20, 20)",0,semantic_majority_reflect,pseudo_hidden
92,ex92,rotate_180,True,False,ok,"(20, 20)","(20, 20)","(20, 20)",0,semantic_majority_reflect,pseudo_hidden
92,ex92,pad_top_left,True,False,ok,"(21, 21)","(21, 21)","(21, 21)",0,semantic_majority_reflect,pseudo_hidden
92,ex92,pad_bottom_right,True,False,ok,"(21, 21)","(21, 21)","(21, 21)",0,semantic_majority_reflect,pseudo_hidden
92,ex92,translate_down_right,True,False,ok,"(20, 20)","(20, 20)","(20, 20)",0,semantic_majority_reflect,pseudo_hidden
92,ex92,translate_up_left,True,False,ok,"(20, 20)","(20, 20)","(20, 20)",0,semantic_majority_reflect,pseudo_hidden
92,ex92,inert_2x2_distractor,True,False,ok,"(20, 20)","(20, 20)","(20, 20)",0,semantic_majority_reflect,pseudo_hidden
92,ex92,inert_singleton_distractor,True,False,ok,"(20, 20)","(20, 20)","(20, 20)",0,semantic_majority_reflect,pseudo_hidden
93,ex93,original,True,False,ok,"(18, 18)","(18, 18)","(18, 18)",0,semantic_majority_reflect,pseudo_hidden
93,ex93,color_permutation_a,True,False,ok,"(18, 18)","(18, 18)","(18, 18)",0,semantic_majority_reflect,pseudo_hidden
93,ex93,color_permutation_b,True,False,ok,"(18, 18)","(18, 18)","(18, 18)",0,semantic_majority_reflect,pseudo_hidden
93,ex93,transpose,True,False,ok,"(18, 18)","(18, 18)","(18, 18)",0,semantic_majority_reflect,pseudo_hidden
93,ex93,mirror_lr,True,False,ok,"(18, 18)","(18, 18)","(18, 18)",0,semantic_majority_reflect,pseudo_hidden
93,ex93,mirror_ud,True,False,ok,"(18, 18)","(18, 18)","(18, 18)",0,semantic_majority_reflect,pseudo_hidden
93,ex93,rotate_180,True,False,ok,"(18, 18)","(18, 18)","(18, 18)",0,semantic_majority_reflect,pseudo_hidden
93,ex93,pad_top_left,True,False,ok,"(19, 19)","(19, 19)","(19, 19)",0,semantic_majority_reflect,pseudo_hidden
93,ex93,pad_bottom_right,True,False,ok,"(19, 19)","(19, 19)","(19, 19)",0,semantic_majority_reflect,pseudo_hidden
93,ex93,translate_down_right,True,False,ok,"(18, 18)","(18, 18)","(18, 18)",0,semantic_majority_reflect,pseudo_hidden
93,ex93,translate_up_left,True,False,ok,"(18, 18)","(18, 18)","(18, 18)",0,semantic_majority_reflect,pseudo_hidden
93,ex93,inert_2x2_distractor,True,False,ok,"(18, 18)","(18, 18)","(18, 18)",0,semantic_majority_reflect,pseudo_hidden
93,ex93,inert_singleton_distractor,True,False,ok,"(18, 18)","(18, 18)","(18, 18)",0,semantic_majority_reflect,pseudo_hidden
94,ex94,original,True,False,ok,"(23, 23)","(23, 23)","(23, 23)",0,semantic_majority_reflect,pseudo_hidden
94,ex94,color_permutation_a,True,False,ok,"(23, 23)","(23, 23)","(23, 23)",0,semantic_majority_reflect,pseudo_hidden
94,ex94,color_permutation_b,True,False,ok,"(23, 23)","(23, 23)","(23, 23)",0,semantic_majority_reflect,pseudo_hidden
94,ex94,transpose,True,False,ok,"(23, 23)","(23, 23)","(23, 23)",0,semantic_majority_reflect,pseudo_hidden
94,ex94,mirror_lr,True,False,ok,"(23, 23)","(23, 23)","(23, 23)",0,semantic_majority_reflect,pseudo_hidden
94,ex94,mirror_ud,True,False,ok,"(23, 23)","(23, 23)","(23, 23)",0,semantic_majority_reflect,pseudo_hidden
94,ex94,rotate_180,True,False,ok,"(23, 23)","(23, 23)","(23, 23)",0,semantic_majority_reflect,pseudo_hidden
94,ex94,pad_top_left,True,False,ok,"(24, 24)","(24, 24)","(24, 24)",0,semantic_majority_reflect,pseudo_hidden
94,ex94,pad_bottom_right,True,False,ok,"(24, 24)","(24, 24)","(24, 24)",0,semantic_majority_reflect,pseudo_hidden
94,ex94,translate_down_right,True,False,ok,"(23, 23)","(23, 23)","(23, 23)",0,semantic_majority_reflect,pseudo_hidden
94,ex94,translate_up_left,True,False,ok,"(23, 23)","(23, 23)","(23, 23)",0,semantic_majority_reflect,pseudo_hidden
94,ex94,inert_2x2_distractor,True,False,ok,"(23, 23)","(23, 23)","(23, 23)",0,semantic_majority_reflect,pseudo_hidden
94,ex94,inert_singleton_distractor,True,False,ok,"(23, 23)","(23, 23)","(23, 23)",0,semantic_majority_reflect,pseudo_hidden
95,ex95,original,True,False,ok,"(29, 29)","(29, 29)","(29, 29)",0,semantic_majority_reflect,pseudo_hidden
95,ex95,color_permutation_a,True,False,ok,"(29, 29)","(29, 29)","(29, 29)",0,semantic_majority_reflect,pseudo_hidden
95,ex95,color_permutation_b,True,False,ok,"(29, 29)","(29, 29)","(29, 29)",0,semantic_majority_reflect,pseudo_hidden
95,ex95,transpose,True,False,ok,"(29, 29)","(29, 29)","(29, 29)",0,semantic_majority_reflect,pseudo_hidden
95,ex95,mirror_lr,True,False,ok,"(29, 29)","(29, 29)","(29, 29)",0,semantic_majority_reflect,pseudo_hidden
95,ex95,mirror_ud,True,False,ok,"(29, 29)","(29, 29)","(29, 29)",0,semantic_majority_reflect,pseudo_hidden
95,ex95,rotate_180,True,False,ok,"(29, 29)","(29, 29)","(29, 29)",0,semantic_majority_reflect,pseudo_hidden
95,ex95,pad_top_left,True,False,ok,"(30, 30)","(30, 30)","(30, 30)",0,semantic_majority_reflect,pseudo_hidden
95,ex95,pad_bottom_right,True,False,ok,"(30, 30)","(30, 30)","(30, 30)",0,semantic_majority_reflect,pseudo_hidden
95,ex95,translate_down_right,True,False,ok,"(29, 29)","(29, 29)","(29, 29)",0,semantic_majority_reflect,pseudo_hidden
95,ex95,translate_up_left,True,False,ok,"(29, 29)","(29, 29)","(29, 29)",0,semantic_majority_reflect,pseudo_hidden
95,ex95,inert_2x2_distractor,True,False,ok,"(29, 29)","(29, 29)","(29, 29)",0,semantic_majority_reflect,pseudo_hidden
95,ex95,inert_singleton_distractor,True,False,ok,"(29, 29)","(29, 29)","(29, 29)",0,semantic_majority_reflect,pseudo_hidden
96,ex96,original,True,False,ok,"(27, 27)","(27, 27)","(27, 27)",0,semantic_majority_reflect,pseudo_hidden
96,ex96,color_permutation_a,True,False,ok,"(27, 27)","(27, 27)","(27, 27)",0,semantic_majority_reflect,pseudo_hidden
96,ex96,color_permutation_b,True,False,ok,"(27, 27)","(27, 27)","(27, 27)",0,semantic_majority_reflect,pseudo_hidden
96,ex96,transpose,True,False,ok,"(27, 27)","(27, 27)","(27, 27)",0,semantic_majority_reflect,pseudo_hidden
96,ex96,mirror_lr,True,False,ok,"(27, 27)","(27, 27)","(27, 27)",0,semantic_majority_reflect,pseudo_hidden
96,ex96,mirror_ud,True,False,ok,"(27, 27)","(27, 27)","(27, 27)",0,semantic_majority_reflect,pseudo_hidden
96,ex96,rotate_180,True,False,ok,"(27, 27)","(27, 27)","(27, 27)",0,semantic_majority_reflect,pseudo_hidden
96,ex96,pad_top_left,True,False,ok,"(28, 28)","(28, 28)","(28, 28)",0,semantic_majority_reflect,pseudo_hidden
96,ex96,pad_bottom_right,True,False,ok,"(28, 28)","(28, 28)","(28, 28)",0,semantic_majority_reflect,pseudo_hidden
96,ex96,translate_down_right,True,False,ok,"(27, 27)","(27, 27)","(27, 27)",0,semantic_majority_reflect,pseudo_hidden
96,ex96,translate_up_left,True,False,ok,"(27, 27)","(27, 27)","(27, 27)",0,semantic_majority_reflect,pseudo_hidden
96,ex96,inert_2x2_distractor,True,False,ok,"(27, 27)","(27, 27)","(27, 27)",0,semantic_majority_reflect,pseudo_hidden
96,ex96,inert_singleton_distractor,True,False,ok,"(27, 27)","(27, 27)","(27, 27)",0,semantic_majority_reflect,pseudo_hidden
97,ex97,original,True,False,ok,"(29, 29)","(29, 29)","(29, 29)",0,semantic_majority_reflect,pseudo_hidden
97,ex97,color_permutation_a,True,False,ok,"(29, 29)","(29, 29)","(29, 29)",0,semantic_majority_reflect,pseudo_hidden
97,ex97,color_permutation_b,True,False,ok,"(29, 29)","(29, 29)","(29, 29)",0,semantic_majority_reflect,pseudo_hidden
97,ex97,transpose,True,False,ok,"(29, 29)","(29, 29)","(29, 29)",0,semantic_majority_reflect,pseudo_hidden
97,ex97,mirror_lr,True,False,ok,"(29, 29)","(29, 29)","(29, 29)",0,semantic_majority_reflect,pseudo_hidden
97,ex97,mirror_ud,True,False,ok,"(29, 29)","(29, 29)","(29, 29)",0,semantic_majority_reflect,pseudo_hidden
97,ex97,rotate_180,True,False,ok,"(29, 29)","(29, 29)","(29, 29)",0,semantic_majority_reflect,pseudo_hidden
97,ex97,pad_top_left,True,False,ok,"(30, 30)","(30, 30)","(30, 30)",0,semantic_majority_reflect,pseudo_hidden
97,ex97,pad_bottom_right,True,False,ok,"(30, 30)","(30, 30)","(30, 30)",0,semantic_majority_reflect,pseudo_hidden
97,ex97,translate_down_right,True,False,ok,"(29, 29)","(29, 29)","(29, 29)",0,semantic_majority_reflect,pseudo_hidden
97,ex97,translate_up_left,True,False,ok,"(29, 29)","(29, 29)","(29, 29)",0,semantic_majority_reflect,pseudo_hidden
97,ex97,inert_2x2_distractor,True,False,ok,"(29, 29)","(29, 29)","(29, 29)",0,semantic_majority_reflect,pseudo_hidden
97,ex97,inert_singleton_distractor,True,False,ok,"(29, 29)","(29, 29)","(29, 29)",0,semantic_majority_reflect,pseudo_hidden
98,ex98,original,True,False,ok,"(20, 20)","(20, 20)","(20, 20)",0,semantic_majority_reflect,pseudo_hidden
98,ex98,color_permutation_a,True,False,ok,"(20, 20)","(20, 20)","(20, 20)",0,semantic_majority_reflect,pseudo_hidden
98,ex98,color_permutation_b,True,False,ok,"(20, 20)","(20, 20)","(20, 20)",0,semantic_majority_reflect,pseudo_hidden
98,ex98,transpose,True,False,ok,"(20, 20)","(20, 20)","(20, 20)",0,semantic_majority_reflect,pseudo_hidden
98,ex98,mirror_lr,True,False,ok,"(20, 20)","(20, 20)","(20, 20)",0,semantic_majority_reflect,pseudo_hidden
98,ex98,mirror_ud,True,False,ok,"(20, 20)","(20, 20)","(20, 20)",0,semantic_majority_reflect,pseudo_hidden
98,ex98,rotate_180,True,False,ok,"(20, 20)","(20, 20)","(20, 20)",0,semantic_majority_reflect,pseudo_hidden
98,ex98,pad_top_left,True,False,ok,"(21, 21)","(21, 21)","(21, 21)",0,semantic_majority_reflect,pseudo_hidden
98,ex98,pad_bottom_right,True,False,ok,"(21, 21)","(21, 21)","(21, 21)",0,semantic_majority_reflect,pseudo_hidden
98,ex98,translate_down_right,True,False,ok,"(20, 20)","(20, 20)","(20, 20)",0,semantic_majority_reflect,pseudo_hidden
98,ex98,translate_up_left,True,False,ok,"(20, 20)","(20, 20)","(20, 20)",0,semantic_majority_reflect,pseudo_hidden
98,ex98,inert_2x2_distractor,True,False,ok,"(20, 20)","(20, 20)","(20, 20)",0,semantic_majority_reflect,pseudo_hidden
98,ex98,inert_singleton_distractor,True,False,ok,"(20, 20)","(20, 20)","(20, 20)",0,semantic_majority_reflect,pseudo_hidden
99,ex99,original,True,False,ok,"(26, 26)","(26, 26)","(26, 26)",0,semantic_majority_reflect,pseudo_hidden
99,ex99,color_permutation_a,True,False,ok,"(26, 26)","(26, 26)","(26, 26)",0,semantic_majority_reflect,pseudo_hidden
99,ex99,color_permutation_b,True,False,ok,"(26, 26)","(26, 26)","(26, 26)",0,semantic_majority_reflect,pseudo_hidden
99,ex99,transpose,True,False,ok,"(26, 26)","(26, 26)","(26, 26)",0,semantic_majority_reflect,pseudo_hidden
99,ex99,mirror_lr,True,False,ok,"(26, 26)","(26, 26)","(26, 26)",0,semantic_majority_reflect,pseudo_hidden
99,ex99,mirror_ud,True,False,ok,"(26, 26)","(26, 26)","(26, 26)",0,semantic_majority_reflect,pseudo_hidden
99,ex99,rotate_180,True,False,ok,"(26, 26)","(26, 26)","(26, 26)",0,semantic_majority_reflect,pseudo_hidden
99,ex99,pad_top_left,True,False,ok,"(27, 27)","(27, 27)","(27, 27)",0,semantic_majority_reflect,pseudo_hidden
99,ex99,pad_bottom_right,True,False,ok,"(27, 27)","(27, 27)","(27, 27)",0,semantic_majority_reflect,pseudo_hidden
99,ex99,translate_down_right,True,False,ok,"(26, 26)","(26, 26)","(26, 26)",0,semantic_majority_reflect,pseudo_hidden
99,ex99,translate_up_left,True,False,ok,"(26, 26)","(26, 26)","(26, 26)",0,semantic_majority_reflect,pseudo_hidden
99,ex99,inert_2x2_distractor,True,False,ok,"(26, 26)","(26, 26)","(26, 26)",0,semantic_majority_reflect,pseudo_hidden
99,ex99,inert_singleton_distractor,True,False,ok,"(26, 26)","(26, 26)","(26, 26)",0,semantic_majority_reflect,pseudo_hidden
100,ex100,original,True,False,ok,"(13, 13)","(13, 13)","(13, 13)",0,semantic_majority_reflect,pseudo_hidden
100,ex100,color_permutation_a,True,False,ok,"(13, 13)","(13, 13)","(13, 13)",0,semantic_majority_reflect,pseudo_hidden
100,ex100,color_permutation_b,True,False,ok,"(13, 13)","(13, 13)","(13, 13)",0,semantic_majority_reflect,pseudo_hidden
100,ex100,transpose,True,False,ok,"(13, 13)","(13, 13)","(13, 13)",0,semantic_majority_reflect,pseudo_hidden
100,ex100,mirror_lr,True,False,ok,"(13, 13)","(13, 13)","(13, 13)",0,semantic_majority_reflect,pseudo_hidden
100,ex100,mirror_ud,True,False,ok,"(13, 13)","(13, 13)","(13, 13)",0,semantic_majority_reflect,pseudo_hidden
100,ex100,rotate_180,True,False,ok,"(13, 13)","(13, 13)","(13, 13)",0,semantic_majority_reflect,pseudo_hidden
100,ex100,pad_top_left,True,False,ok,"(14, 14)","(14, 14)","(14, 14)",0,semantic_majority_reflect,pseudo_hidden
100,ex100,pad_bottom_right,True,False,ok,"(14, 14)","(14, 14)","(14, 14)",0,semantic_majority_reflect,pseudo_hidden
100,ex100,translate_down_right,True,False,ok,"(13, 13)","(13, 13)","(13, 13)",0,semantic_majority_reflect,pseudo_hidden
100,ex100,translate_up_left,True,False,ok,"(13, 13)","(13, 13)","(13, 13)",0,semantic_majority_reflect,pseudo_hidden
100,ex100,inert_2x2_distractor,True,False,ok,"(13, 13)","(13, 13)","(13, 13)",0,semantic_majority_reflect,pseudo_hidden
100,ex100,inert_singleton_distractor,True,False,ok,"(13, 13)","(13, 13)","(13, 13)",0,semantic_majority_reflect,pseudo_hidden
101,ex101,original,True,False,ok,"(26, 26)","(26, 26)","(26, 26)",0,semantic_majority_reflect,pseudo_hidden
101,ex101,color_permutation_a,True,False,ok,"(26, 26)","(26, 26)","(26, 26)",0,semantic_majority_reflect,pseudo_hidden
101,ex101,color_permutation_b,True,False,ok,"(26, 26)","(26, 26)","(26, 26)",0,semantic_majority_reflect,pseudo_hidden
101,ex101,transpose,True,False,ok,"(26, 26)","(26, 26)","(26, 26)",0,semantic_majority_reflect,pseudo_hidden
101,ex101,mirror_lr,True,False,ok,"(26, 26)","(26, 26)","(26, 26)",0,semantic_majority_reflect,pseudo_hidden
101,ex101,mirror_ud,True,False,ok,"(26, 26)","(26, 26)","(26, 26)",0,semantic_majority_reflect,pseudo_hidden
101,ex101,rotate_180,True,False,ok,"(26, 26)","(26, 26)","(26, 26)",0,semantic_majority_reflect,pseudo_hidden
101,ex101,pad_top_left,True,False,ok,"(27, 27)","(27, 27)","(27, 27)",0,semantic_majority_reflect,pseudo_hidden
101,ex101,pad_bottom_right,True,False,ok,"(27, 27)","(27, 27)","(27, 27)",0,semantic_majority_reflect,pseudo_hidden
101,ex101,translate_down_right,True,False,ok,"(26, 26)","(26, 26)","(26, 26)",0,semantic_majority_reflect,pseudo_hidden
101,ex101,translate_up_left,True,False,ok,"(26, 26)","(26, 26)","(26, 26)",0,semantic_majority_reflect,pseudo_hidden
101,ex101,inert_2x2_distractor,True,False,ok,"(26, 26)","(26, 26)","(26, 26)",0,semantic_majority_reflect,pseudo_hidden
101,ex101,inert_singleton_distractor,True,False,ok,"(26, 26)","(26, 26)","(26, 26)",0,semantic_majority_reflect,pseudo_hidden
102,ex102,original,True,False,ok,"(29, 29)","(29, 29)","(29, 29)",0,semantic_majority_reflect,pseudo_hidden
102,ex102,color_permutation_a,True,False,ok,"(29, 29)","(29, 29)","(29, 29)",0,semantic_majority_reflect,pseudo_hidden
102,ex102,color_permutation_b,True,False,ok,"(29, 29)","(29, 29)","(29, 29)",0,semantic_majority_reflect,pseudo_hidden
102,ex102,transpose,True,False,ok,"(29, 29)","(29, 29)","(29, 29)",0,semantic_majority_reflect,pseudo_hidden
102,ex102,mirror_lr,True,False,ok,"(29, 29)","(29, 29)","(29, 29)",0,semantic_majority_reflect,pseudo_hidden
102,ex102,mirror_ud,True,False,ok,"(29, 29)","(29, 29)","(29, 29)",0,semantic_majority_reflect,pseudo_hidden
102,ex102,rotate_180,True,False,ok,"(29, 29)","(29, 29)","(29, 29)",0,semantic_majority_reflect,pseudo_hidden
102,ex102,pad_top_left,True,False,ok,"(30, 30)","(30, 30)","(30, 30)",0,semantic_majority_reflect,pseudo_hidden
102,ex102,pad_bottom_right,True,False,ok,"(30, 30)","(30, 30)","(30, 30)",0,semantic_majority_reflect,pseudo_hidden
102,ex102,translate_down_right,False,True,output_would_clip_bottom,"(29, 29)","(29, 29)",,,,pseudo_hidden
102,ex102,translate_up_left,True,False,ok,"(29, 29)","(29, 29)","(29, 29)",0,semantic_majority_reflect,pseudo_hidden
102,ex102,inert_2x2_distractor,True,False,ok,"(29, 29)","(29, 29)","(29, 29)",0,semantic_majority_reflect,pseudo_hidden
102,ex102,inert_singleton_distractor,True,False,ok,"(29, 29)","(29, 29)","(29, 29)",0,semantic_majority_reflect,pseudo_hidden
103,ex103,original,True,False,ok,"(13, 13)","(13, 13)","(13, 13)",0,semantic_majority_reflect,pseudo_hidden
103,ex103,color_permutation_a,True,False,ok,"(13, 13)","(13, 13)","(13, 13)",0,semantic_majority_reflect,pseudo_hidden
103,ex103,color_permutation_b,True,False,ok,"(13, 13)","(13, 13)","(13, 13)",0,semantic_majority_reflect,pseudo_hidden
103,ex103,transpose,True,False,ok,"(13, 13)","(13, 13)","(13, 13)",0,semantic_majority_reflect,pseudo_hidden
103,ex103,mirror_lr,True,False,ok,"(13, 13)","(13, 13)","(13, 13)",0,semantic_majority_reflect,pseudo_hidden
103,ex103,mirror_ud,True,False,ok,"(13, 13)","(13, 13)","(13, 13)",0,semantic_majority_reflect,pseudo_hidden
103,ex103,rotate_180,True,False,ok,"(13, 13)","(13, 13)","(13, 13)",0,semantic_majority_reflect,pseudo_hidden
103,ex103,pad_top_left,True,False,ok,"(14, 14)","(14, 14)","(14, 14)",0,semantic_majority_reflect,pseudo_hidden
103,ex103,pad_bottom_right,True,False,ok,"(14, 14)","(14, 14)","(14, 14)",0,semantic_majority_reflect,pseudo_hidden
103,ex103,translate_down_right,True,False,ok,"(13, 13)","(13, 13)","(13, 13)",0,semantic_majority_reflect,pseudo_hidden
103,ex103,translate_up_left,True,False,ok,"(13, 13)","(13, 13)","(13, 13)",0,semantic_majority_reflect,pseudo_hidden
103,ex103,inert_2x2_distractor,True,False,ok,"(13, 13)","(13, 13)","(13, 13)",0,semantic_majority_reflect,pseudo_hidden
103,ex103,inert_singleton_distractor,True,False,ok,"(13, 13)","(13, 13)","(13, 13)",0,semantic_majority_reflect,pseudo_hidden
104,ex104,original,True,False,ok,"(30, 30)","(30, 30)","(30, 30)",0,semantic_majority_reflect,pseudo_hidden
104,ex104,color_permutation_a,True,False,ok,"(30, 30)","(30, 30)","(30, 30)",0,semantic_majority_reflect,pseudo_hidden
104,ex104,color_permutation_b,True,False,ok,"(30, 30)","(30, 30)","(30, 30)",0,semantic_majority_reflect,pseudo_hidden
104,ex104,transpose,True,False,ok,"(30, 30)","(30, 30)","(30, 30)",0,semantic_majority_reflect,pseudo_hidden
104,ex104,mirror_lr,True,False,ok,"(30, 30)","(30, 30)","(30, 30)",0,semantic_majority_reflect,pseudo_hidden
104,ex104,mirror_ud,True,False,ok,"(30, 30)","(30, 30)","(30, 30)",0,semantic_majority_reflect,pseudo_hidden
104,ex104,rotate_180,True,False,ok,"(30, 30)","(30, 30)","(30, 30)",0,semantic_majority_reflect,pseudo_hidden
104,ex104,pad_top_left,False,True,"input_shape_exceeds_limit:(31, 31)>(30, 30)","(31, 31)","(31, 31)",,,,pseudo_hidden
104,ex104,pad_bottom_right,False,True,"input_shape_exceeds_limit:(31, 31)>(30, 30)","(31, 31)","(31, 31)",,,,pseudo_hidden
104,ex104,translate_down_right,True,False,ok,"(30, 30)","(30, 30)","(30, 30)",0,semantic_majority_reflect,pseudo_hidden
104,ex104,translate_up_left,True,False,ok,"(30, 30)","(30, 30)","(30, 30)",0,semantic_majority_reflect,pseudo_hidden
104,ex104,inert_2x2_distractor,True,False,ok,"(30, 30)","(30, 30)","(30, 30)",0,semantic_majority_reflect,pseudo_hidden
104,ex104,inert_singleton_distractor,True,False,ok,"(30, 30)","(30, 30)","(30, 30)",0,semantic_majority_reflect,pseudo_hidden
105,ex105,original,True,False,ok,"(15, 15)","(15, 15)","(15, 15)",0,semantic_majority_reflect,pseudo_hidden
105,ex105,color_permutation_a,True,False,ok,"(15, 15)","(15, 15)","(15, 15)",0,semantic_majority_reflect,pseudo_hidden
105,ex105,color_permutation_b,True,False,ok,"(15, 15)","(15, 15)","(15, 15)",0,semantic_majority_reflect,pseudo_hidden
105,ex105,transpose,True,False,ok,"(15, 15)","(15, 15)","(15, 15)",0,semantic_majority_reflect,pseudo_hidden
105,ex105,mirror_lr,True,False,ok,"(15, 15)","(15, 15)","(15, 15)",0,semantic_majority_reflect,pseudo_hidden
105,ex105,mirror_ud,True,False,ok,"(15, 15)","(15, 15)","(15, 15)",0,semantic_majority_reflect,pseudo_hidden
105,ex105,rotate_180,True,False,ok,"(15, 15)","(15, 15)","(15, 15)",0,semantic_majority_reflect,pseudo_hidden
105,ex105,pad_top_left,True,False,ok,"(16, 16)","(16, 16)","(16, 16)",0,semantic_majority_reflect,pseudo_hidden
105,ex105,pad_bottom_right,True,False,ok,"(16, 16)","(16, 16)","(16, 16)",0,semantic_majority_reflect,pseudo_hidden
105,ex105,translate_down_right,False,True,input_would_clip_right,"(15, 15)","(15, 15)",,,,pseudo_hidden
105,ex105,translate_up_left,True,False,ok,"(15, 15)","(15, 15)","(15, 15)",0,semantic_majority_reflect,pseudo_hidden
105,ex105,inert_2x2_distractor,True,False,ok,"(15, 15)","(15, 15)","(15, 15)",0,semantic_majority_reflect,pseudo_hidden
105,ex105,inert_singleton_distractor,True,False,ok,"(15, 15)","(15, 15)","(15, 15)",0,semantic_majority_reflect,pseudo_hidden
106,ex106,original,True,False,ok,"(30, 30)","(30, 30)","(30, 30)",0,semantic_majority_reflect,pseudo_hidden
106,ex106,color_permutation_a,True,False,ok,"(30, 30)","(30, 30)","(30, 30)",0,semantic_majority_reflect,pseudo_hidden
106,ex106,color_permutation_b,True,False,ok,"(30, 30)","(30, 30)","(30, 30)",0,semantic_majority_reflect,pseudo_hidden
106,ex106,transpose,True,False,ok,"(30, 30)","(30, 30)","(30, 30)",0,semantic_majority_reflect,pseudo_hidden
106,ex106,mirror_lr,True,False,ok,"(30, 30)","(30, 30)","(30, 30)",0,semantic_majority_reflect,pseudo_hidden
106,ex106,mirror_ud,True,False,ok,"(30, 30)","(30, 30)","(30, 30)",0,semantic_majority_reflect,pseudo_hidden
106,ex106,rotate_180,True,False,ok,"(30, 30)","(30, 30)","(30, 30)",0,semantic_majority_reflect,pseudo_hidden
106,ex106,pad_top_left,False,True,"input_shape_exceeds_limit:(31, 31)>(30, 30)","(31, 31)","(31, 31)",,,,pseudo_hidden
106,ex106,pad_bottom_right,False,True,"input_shape_exceeds_limit:(31, 31)>(30, 30)","(31, 31)","(31, 31)",,,,pseudo_hidden
106,ex106,translate_down_right,True,False,ok,"(30, 30)","(30, 30)","(30, 30)",0,semantic_majority_reflect,pseudo_hidden
106,ex106,translate_up_left,True,False,ok,"(30, 30)","(30, 30)","(30, 30)",0,semantic_majority_reflect,pseudo_hidden
106,ex106,inert_2x2_distractor,True,False,ok,"(30, 30)","(30, 30)","(30, 30)",0,semantic_majority_reflect,pseudo_hidden
106,ex106,inert_singleton_distractor,True,False,ok,"(30, 30)","(30, 30)","(30, 30)",0,semantic_majority_reflect,pseudo_hidden
107,ex107,original,True,False,ok,"(18, 18)","(18, 18)","(18, 18)",0,semantic_majority_reflect,pseudo_hidden
107,ex107,color_permutation_a,True,False,ok,"(18, 18)","(18, 18)","(18, 18)",0,semantic_majority_reflect,pseudo_hidden
107,ex107,color_permutation_b,True,False,ok,"(18, 18)","(18, 18)","(18, 18)",0,semantic_majority_reflect,pseudo_hidden
107,ex107,transpose,True,False,ok,"(18, 18)","(18, 18)","(18, 18)",0,semantic_majority_reflect,pseudo_hidden
107,ex107,mirror_lr,True,False,ok,"(18, 18)","(18, 18)","(18, 18)",0,semantic_majority_reflect,pseudo_hidden
107,ex107,mirror_ud,True,False,ok,"(18, 18)","(18, 18)","(18, 18)",0,semantic_majority_reflect,pseudo_hidden
107,ex107,rotate_180,True,False,ok,"(18, 18)","(18, 18)","(18, 18)",0,semantic_majority_reflect,pseudo_hidden
107,ex107,pad_top_left,True,False,ok,"(19, 19)","(19, 19)","(19, 19)",0,semantic_majority_reflect,pseudo_hidden
107,ex107,pad_bottom_right,True,False,ok,"(19, 19)","(19, 19)","(19, 19)",0,semantic_majority_reflect,pseudo_hidden
107,ex107,translate_down_right,True,False,ok,"(18, 18)","(18, 18)","(18, 18)",0,semantic_majority_reflect,pseudo_hidden
107,ex107,translate_up_left,True,False,ok,"(18, 18)","(18, 18)","(18, 18)",0,semantic_majority_reflect,pseudo_hidden
107,ex107,inert_2x2_distractor,True,False,ok,"(18, 18)","(18, 18)","(18, 18)",0,semantic_majority_reflect,pseudo_hidden
107,ex107,inert_singleton_distractor,True,False,ok,"(18, 18)","(18, 18)","(18, 18)",0,semantic_majority_reflect,pseudo_hidden
108,ex108,original,True,False,ok,"(27, 27)","(27, 27)","(27, 27)",0,semantic_majority_reflect,pseudo_hidden
108,ex108,color_permutation_a,True,False,ok,"(27, 27)","(27, 27)","(27, 27)",0,semantic_majority_reflect,pseudo_hidden
108,ex108,color_permutation_b,True,False,ok,"(27, 27)","(27, 27)","(27, 27)",0,semantic_majority_reflect,pseudo_hidden
108,ex108,transpose,True,False,ok,"(27, 27)","(27, 27)","(27, 27)",0,semantic_majority_reflect,pseudo_hidden
108,ex108,mirror_lr,True,False,ok,"(27, 27)","(27, 27)","(27, 27)",0,semantic_majority_reflect,pseudo_hidden
108,ex108,mirror_ud,True,False,ok,"(27, 27)","(27, 27)","(27, 27)",0,semantic_majority_reflect,pseudo_hidden
108,ex108,rotate_180,True,False,ok,"(27, 27)","(27, 27)","(27, 27)",0,semantic_majority_reflect,pseudo_hidden
108,ex108,pad_top_left,True,False,ok,"(28, 28)","(28, 28)","(28, 28)",0,semantic_majority_reflect,pseudo_hidden
108,ex108,pad_bottom_right,True,False,ok,"(28, 28)","(28, 28)","(28, 28)",0,semantic_majority_reflect,pseudo_hidden
108,ex108,translate_down_right,True,False,ok,"(27, 27)","(27, 27)","(27, 27)",0,semantic_majority_reflect,pseudo_hidden
108,ex108,translate_up_left,True,False,ok,"(27, 27)","(27, 27)","(27, 27)",0,semantic_majority_reflect,pseudo_hidden
108,ex108,inert_2x2_distractor,True,False,ok,"(27, 27)","(27, 27)","(27, 27)",0,semantic_majority_reflect,pseudo_hidden
108,ex108,inert_singleton_distractor,True,False,ok,"(27, 27)","(27, 27)","(27, 27)",0,semantic_majority_reflect,pseudo_hidden
109,ex109,original,True,False,ok,"(21, 21)","(21, 21)","(21, 21)",0,semantic_majority_reflect,pseudo_hidden
109,ex109,color_permutation_a,True,False,ok,"(21, 21)","(21, 21)","(21, 21)",0,semantic_majority_reflect,pseudo_hidden
109,ex109,color_permutation_b,True,False,ok,"(21, 21)","(21, 21)","(21, 21)",0,semantic_majority_reflect,pseudo_hidden
109,ex109,transpose,True,False,ok,"(21, 21)","(21, 21)","(21, 21)",0,semantic_majority_reflect,pseudo_hidden
109,ex109,mirror_lr,True,False,ok,"(21, 21)","(21, 21)","(21, 21)",0,semantic_majority_reflect,pseudo_hidden
109,ex109,mirror_ud,True,False,ok,"(21, 21)","(21, 21)","(21, 21)",0,semantic_majority_reflect,pseudo_hidden
109,ex109,rotate_180,True,False,ok,"(21, 21)","(21, 21)","(21, 21)",0,semantic_majority_reflect,pseudo_hidden
109,ex109,pad_top_left,True,False,ok,"(22, 22)","(22, 22)","(22, 22)",0,semantic_majority_reflect,pseudo_hidden
109,ex109,pad_bottom_right,True,False,ok,"(22, 22)","(22, 22)","(22, 22)",0,semantic_majority_reflect,pseudo_hidden
109,ex109,translate_down_right,True,False,ok,"(21, 21)","(21, 21)","(21, 21)",0,semantic_majority_reflect,pseudo_hidden
109,ex109,translate_up_left,True,False,ok,"(21, 21)","(21, 21)","(21, 21)",0,semantic_majority_reflect,pseudo_hidden
109,ex109,inert_2x2_distractor,True,False,ok,"(21, 21)","(21, 21)","(21, 21)",0,semantic_majority_reflect,pseudo_hidden
109,ex109,inert_singleton_distractor,True,False,ok,"(21, 21)","(21, 21)","(21, 21)",0,semantic_majority_reflect,pseudo_hidden
110,ex110,original,True,False,ok,"(29, 29)","(29, 29)","(29, 29)",0,semantic_majority_reflect,pseudo_hidden
110,ex110,color_permutation_a,True,False,ok,"(29, 29)","(29, 29)","(29, 29)",0,semantic_majority_reflect,pseudo_hidden
110,ex110,color_permutation_b,True,False,ok,"(29, 29)","(29, 29)","(29, 29)",0,semantic_majority_reflect,pseudo_hidden
110,ex110,transpose,True,False,ok,"(29, 29)","(29, 29)","(29, 29)",0,semantic_majority_reflect,pseudo_hidden
110,ex110,mirror_lr,True,False,ok,"(29, 29)","(29, 29)","(29, 29)",0,semantic_majority_reflect,pseudo_hidden
110,ex110,mirror_ud,True,False,ok,"(29, 29)","(29, 29)","(29, 29)",0,semantic_majority_reflect,pseudo_hidden
110,ex110,rotate_180,True,False,ok,"(29, 29)","(29, 29)","(29, 29)",0,semantic_majority_reflect,pseudo_hidden
110,ex110,pad_top_left,True,False,ok,"(30, 30)","(30, 30)","(30, 30)",0,semantic_majority_reflect,pseudo_hidden
110,ex110,pad_bottom_right,True,False,ok,"(30, 30)","(30, 30)","(30, 30)",0,semantic_majority_reflect,pseudo_hidden
110,ex110,translate_down_right,True,False,ok,"(29, 29)","(29, 29)","(29, 29)",0,semantic_majority_reflect,pseudo_hidden
110,ex110,translate_up_left,True,False,ok,"(29, 29)","(29, 29)","(29, 29)",0,semantic_majority_reflect,pseudo_hidden
110,ex110,inert_2x2_distractor,True,False,ok,"(29, 29)","(29, 29)","(29, 29)",0,semantic_majority_reflect,pseudo_hidden
110,ex110,inert_singleton_distractor,True,False,ok,"(29, 29)","(29, 29)","(29, 29)",0,semantic_majority_reflect,pseudo_hidden
111,ex111,original,True,False,ok,"(29, 29)","(29, 29)","(29, 29)",0,semantic_majority_reflect,pseudo_hidden
111,ex111,color_permutation_a,True,False,ok,"(29, 29)","(29, 29)","(29, 29)",0,semantic_majority_reflect,pseudo_hidden
111,ex111,color_permutation_b,True,False,ok,"(29, 29)","(29, 29)","(29, 29)",0,semantic_majority_reflect,pseudo_hidden
111,ex111,transpose,True,False,ok,"(29, 29)","(29, 29)","(29, 29)",0,semantic_majority_reflect,pseudo_hidden
111,ex111,mirror_lr,True,False,ok,"(29, 29)","(29, 29)","(29, 29)",0,semantic_majority_reflect,pseudo_hidden
111,ex111,mirror_ud,True,False,ok,"(29, 29)","(29, 29)","(29, 29)",0,semantic_majority_reflect,pseudo_hidden
111,ex111,rotate_180,True,False,ok,"(29, 29)","(29, 29)","(29, 29)",0,semantic_majority_reflect,pseudo_hidden
111,ex111,pad_top_left,True,False,ok,"(30, 30)","(30, 30)","(30, 30)",0,semantic_majority_reflect,pseudo_hidden
111,ex111,pad_bottom_right,True,False,ok,"(30, 30)","(30, 30)","(30, 30)",0,semantic_majority_reflect,pseudo_hidden
111,ex111,translate_down_right,True,False,ok,"(29, 29)","(29, 29)","(29, 29)",0,semantic_majority_reflect,pseudo_hidden
111,ex111,translate_up_left,True,False,ok,"(29, 29)","(29, 29)","(29, 29)",0,semantic_majority_reflect,pseudo_hidden
111,ex111,inert_2x2_distractor,True,False,ok,"(29, 29)","(29, 29)","(29, 29)",0,semantic_majority_reflect,pseudo_hidden
111,ex111,inert_singleton_distractor,True,False,ok,"(29, 29)","(29, 29)","(29, 29)",0,semantic_majority_reflect,pseudo_hidden
112,ex112,original,True,False,ok,"(22, 22)","(22, 22)","(22, 22)",0,semantic_majority_reflect,pseudo_hidden
112,ex112,color_permutation_a,True,False,ok,"(22, 22)","(22, 22)","(22, 22)",0,semantic_majority_reflect,pseudo_hidden
112,ex112,color_permutation_b,True,False,ok,"(22, 22)","(22, 22)","(22, 22)",0,semantic_majority_reflect,pseudo_hidden
112,ex112,transpose,True,False,ok,"(22, 22)","(22, 22)","(22, 22)",0,semantic_majority_reflect,pseudo_hidden
112,ex112,mirror_lr,True,False,ok,"(22, 22)","(22, 22)","(22, 22)",0,semantic_majority_reflect,pseudo_hidden
112,ex112,mirror_ud,True,False,ok,"(22, 22)","(22, 22)","(22, 22)",0,semantic_majority_reflect,pseudo_hidden
112,ex112,rotate_180,True,False,ok,"(22, 22)","(22, 22)","(22, 22)",0,semantic_majority_reflect,pseudo_hidden
112,ex112,pad_top_left,True,False,ok,"(23, 23)","(23, 23)","(23, 23)",0,semantic_majority_reflect,pseudo_hidden
112,ex112,pad_bottom_right,True,False,ok,"(23, 23)","(23, 23)","(23, 23)",0,semantic_majority_reflect,pseudo_hidden
112,ex112,translate_down_right,True,False,ok,"(22, 22)","(22, 22)","(22, 22)",0,semantic_majority_reflect,pseudo_hidden
112,ex112,translate_up_left,True,False,ok,"(22, 22)","(22, 22)","(22, 22)",0,semantic_majority_reflect,pseudo_hidden
112,ex112,inert_2x2_distractor,True,False,ok,"(22, 22)","(22, 22)","(22, 22)",0,semantic_majority_reflect,pseudo_hidden
112,ex112,inert_singleton_distractor,True,False,ok,"(22, 22)","(22, 22)","(22, 22)",0,semantic_majority_reflect,pseudo_hidden
113,ex113,original,True,False,ok,"(27, 27)","(27, 27)","(27, 27)",0,semantic_majority_reflect,pseudo_hidden
113,ex113,color_permutation_a,True,False,ok,"(27, 27)","(27, 27)","(27, 27)",0,semantic_majority_reflect,pseudo_hidden
113,ex113,color_permutation_b,True,False,ok,"(27, 27)","(27, 27)","(27, 27)",0,semantic_majority_reflect,pseudo_hidden
113,ex113,transpose,True,False,ok,"(27, 27)","(27, 27)","(27, 27)",0,semantic_majority_reflect,pseudo_hidden
113,ex113,mirror_lr,True,False,ok,"(27, 27)","(27, 27)","(27, 27)",0,semantic_majority_reflect,pseudo_hidden
113,ex113,mirror_ud,True,False,ok,"(27, 27)","(27, 27)","(27, 27)",0,semantic_majority_reflect,pseudo_hidden
113,ex113,rotate_180,True,False,ok,"(27, 27)","(27, 27)","(27, 27)",0,semantic_majority_reflect,pseudo_hidden
113,ex113,pad_top_left,True,False,ok,"(28, 28)","(28, 28)","(28, 28)",0,semantic_majority_reflect,pseudo_hidden
113,ex113,pad_bottom_right,True,False,ok,"(28, 28)","(28, 28)","(28, 28)",0,semantic_majority_reflect,pseudo_hidden
113,ex113,translate_down_right,True,False,ok,"(27, 27)","(27, 27)","(27, 27)",0,semantic_majority_reflect,pseudo_hidden
113,ex113,translate_up_left,True,False,ok,"(27, 27)","(27, 27)","(27, 27)",0,semantic_majority_reflect,pseudo_hidden
113,ex113,inert_2x2_distractor,True,False,ok,"(27, 27)","(27, 27)","(27, 27)",0,semantic_majority_reflect,pseudo_hidden
113,ex113,inert_singleton_distractor,True,False,ok,"(27, 27)","(27, 27)","(27, 27)",0,semantic_majority_reflect,pseudo_hidden
114,ex114,original,True,False,ok,"(22, 22)","(22, 22)","(22, 22)",0,semantic_majority_reflect,pseudo_hidden
114,ex114,color_permutation_a,True,False,ok,"(22, 22)","(22, 22)","(22, 22)",0,semantic_majority_reflect,pseudo_hidden
114,ex114,color_permutation_b,True,False,ok,"(22, 22)","(22, 22)","(22, 22)",0,semantic_majority_reflect,pseudo_hidden
114,ex114,transpose,True,False,ok,"(22, 22)","(22, 22)","(22, 22)",0,semantic_majority_reflect,pseudo_hidden
114,ex114,mirror_lr,True,False,ok,"(22, 22)","(22, 22)","(22, 22)",0,semantic_majority_reflect,pseudo_hidden
114,ex114,mirror_ud,True,False,ok,"(22, 22)","(22, 22)","(22, 22)",0,semantic_majority_reflect,pseudo_hidden
114,ex114,rotate_180,True,False,ok,"(22, 22)","(22, 22)","(22, 22)",0,semantic_majority_reflect,pseudo_hidden
114,ex114,pad_top_left,True,False,ok,"(23, 23)","(23, 23)","(23, 23)",0,semantic_majority_reflect,pseudo_hidden
114,ex114,pad_bottom_right,True,False,ok,"(23, 23)","(23, 23)","(23, 23)",0,semantic_majority_reflect,pseudo_hidden
114,ex114,translate_down_right,True,False,ok,"(22, 22)","(22, 22)","(22, 22)",0,semantic_majority_reflect,pseudo_hidden
114,ex114,translate_up_left,True,False,ok,"(22, 22)","(22, 22)","(22, 22)",0,semantic_majority_reflect,pseudo_hidden
114,ex114,inert_2x2_distractor,True,False,ok,"(22, 22)","(22, 22)","(22, 22)",0,semantic_majority_reflect,pseudo_hidden
114,ex114,inert_singleton_distractor,True,False,ok,"(22, 22)","(22, 22)","(22, 22)",0,semantic_majority_reflect,pseudo_hidden
115,ex115,original,True,False,ok,"(12, 12)","(12, 12)","(12, 12)",0,semantic_majority_reflect,pseudo_hidden
115,ex115,color_permutation_a,True,False,ok,"(12, 12)","(12, 12)","(12, 12)",0,semantic_majority_reflect,pseudo_hidden
115,ex115,color_permutation_b,True,False,ok,"(12, 12)","(12, 12)","(12, 12)",0,semantic_majority_reflect,pseudo_hidden
115,ex115,transpose,True,False,ok,"(12, 12)","(12, 12)","(12, 12)",0,semantic_majority_reflect,pseudo_hidden
115,ex115,mirror_lr,True,False,ok,"(12, 12)","(12, 12)","(12, 12)",0,semantic_majority_reflect,pseudo_hidden
115,ex115,mirror_ud,True,False,ok,"(12, 12)","(12, 12)","(12, 12)",0,semantic_majority_reflect,pseudo_hidden
115,ex115,rotate_180,True,False,ok,"(12, 12)","(12, 12)","(12, 12)",0,semantic_majority_reflect,pseudo_hidden
115,ex115,pad_top_left,True,False,ok,"(13, 13)","(13, 13)","(13, 13)",0,semantic_majority_reflect,pseudo_hidden
115,ex115,pad_bottom_right,True,False,ok,"(13, 13)","(13, 13)","(13, 13)",0,semantic_majority_reflect,pseudo_hidden
115,ex115,translate_down_right,True,False,ok,"(12, 12)","(12, 12)","(12, 12)",0,semantic_majority_reflect,pseudo_hidden
115,ex115,translate_up_left,True,False,ok,"(12, 12)","(12, 12)","(12, 12)",0,semantic_majority_reflect,pseudo_hidden
115,ex115,inert_2x2_distractor,True,False,ok,"(12, 12)","(12, 12)","(12, 12)",0,semantic_majority_reflect,pseudo_hidden
115,ex115,inert_singleton_distractor,True,False,ok,"(12, 12)","(12, 12)","(12, 12)",0,semantic_majority_reflect,pseudo_hidden
116,ex116,original,True,False,ok,"(28, 28)","(28, 28)","(28, 28)",0,semantic_majority_reflect,pseudo_hidden
116,ex116,color_permutation_a,True,False,ok,"(28, 28)","(28, 28)","(28, 28)",0,semantic_majority_reflect,pseudo_hidden
116,ex116,color_permutation_b,True,False,ok,"(28, 28)","(28, 28)","(28, 28)",0,semantic_majority_reflect,pseudo_hidden
116,ex116,transpose,True,False,ok,"(28, 28)","(28, 28)","(28, 28)",0,semantic_majority_reflect,pseudo_hidden
116,ex116,mirror_lr,True,False,ok,"(28, 28)","(28, 28)","(28, 28)",0,semantic_majority_reflect,pseudo_hidden
116,ex116,mirror_ud,True,False,ok,"(28, 28)","(28, 28)","(28, 28)",0,semantic_majority_reflect,pseudo_hidden
116,ex116,rotate_180,True,False,ok,"(28, 28)","(28, 28)","(28, 28)",0,semantic_majority_reflect,pseudo_hidden
116,ex116,pad_top_left,True,False,ok,"(29, 29)","(29, 29)","(29, 29)",0,semantic_majority_reflect,pseudo_hidden
116,ex116,pad_bottom_right,True,False,ok,"(29, 29)","(29, 29)","(29, 29)",0,semantic_majority_reflect,pseudo_hidden
116,ex116,translate_down_right,True,False,ok,"(28, 28)","(28, 28)","(28, 28)",0,semantic_majority_reflect,pseudo_hidden
116,ex116,translate_up_left,True,False,ok,"(28, 28)","(28, 28)","(28, 28)",0,semantic_majority_reflect,pseudo_hidden
116,ex116,inert_2x2_distractor,True,False,ok,"(28, 28)","(28, 28)","(28, 28)",0,semantic_majority_reflect,pseudo_hidden
116,ex116,inert_singleton_distractor,True,False,ok,"(28, 28)","(28, 28)","(28, 28)",0,semantic_majority_reflect,pseudo_hidden
117,ex117,original,True,False,ok,"(27, 27)","(27, 27)","(27, 27)",0,semantic_majority_reflect,pseudo_hidden
117,ex117,color_permutation_a,True,False,ok,"(27, 27)","(27, 27)","(27, 27)",0,semantic_majority_reflect,pseudo_hidden
117,ex117,color_permutation_b,True,False,ok,"(27, 27)","(27, 27)","(27, 27)",0,semantic_majority_reflect,pseudo_hidden
117,ex117,transpose,True,False,ok,"(27, 27)","(27, 27)","(27, 27)",0,semantic_majority_reflect,pseudo_hidden
117,ex117,mirror_lr,True,False,ok,"(27, 27)","(27, 27)","(27, 27)",0,semantic_majority_reflect,pseudo_hidden
117,ex117,mirror_ud,True,False,ok,"(27, 27)","(27, 27)","(27, 27)",0,semantic_majority_reflect,pseudo_hidden
117,ex117,rotate_180,True,False,ok,"(27, 27)","(27, 27)","(27, 27)",0,semantic_majority_reflect,pseudo_hidden
117,ex117,pad_top_left,True,False,ok,"(28, 28)","(28, 28)","(28, 28)",0,semantic_majority_reflect,pseudo_hidden
117,ex117,pad_bottom_right,True,False,ok,"(28, 28)","(28, 28)","(28, 28)",0,semantic_majority_reflect,pseudo_hidden
117,ex117,translate_down_right,True,False,ok,"(27, 27)","(27, 27)","(27, 27)",0,semantic_majority_reflect,pseudo_hidden
117,ex117,translate_up_left,True,False,ok,"(27, 27)","(27, 27)","(27, 27)",0,semantic_majority_reflect,pseudo_hidden
117,ex117,inert_2x2_distractor,True,False,ok,"(27, 27)","(27, 27)","(27, 27)",0,semantic_majority_reflect,pseudo_hidden
117,ex117,inert_singleton_distractor,True,False,ok,"(27, 27)","(27, 27)","(27, 27)",0,semantic_majority_reflect,pseudo_hidden
118,ex118,original,True,False,ok,"(28, 28)","(28, 28)","(28, 28)",0,semantic_majority_reflect,pseudo_hidden
118,ex118,color_permutation_a,True,False,ok,"(28, 28)","(28, 28)","(28, 28)",0,semantic_majority_reflect,pseudo_hidden
118,ex118,color_permutation_b,True,False,ok,"(28, 28)","(28, 28)","(28, 28)",0,semantic_majority_reflect,pseudo_hidden
118,ex118,transpose,True,False,ok,"(28, 28)","(28, 28)","(28, 28)",0,semantic_majority_reflect,pseudo_hidden
118,ex118,mirror_lr,True,False,ok,"(28, 28)","(28, 28)","(28, 28)",0,semantic_majority_reflect,pseudo_hidden
118,ex118,mirror_ud,True,False,ok,"(28, 28)","(28, 28)","(28, 28)",0,semantic_majority_reflect,pseudo_hidden
118,ex118,rotate_180,True,False,ok,"(28, 28)","(28, 28)","(28, 28)",0,semantic_majority_reflect,pseudo_hidden
118,ex118,pad_top_left,True,False,ok,"(29, 29)","(29, 29)","(29, 29)",0,semantic_majority_reflect,pseudo_hidden
118,ex118,pad_bottom_right,True,False,ok,"(29, 29)","(29, 29)","(29, 29)",0,semantic_majority_reflect,pseudo_hidden
118,ex118,translate_down_right,True,False,ok,"(28, 28)","(28, 28)","(28, 28)",0,semantic_majority_reflect,pseudo_hidden
118,ex118,translate_up_left,True,False,ok,"(28, 28)","(28, 28)","(28, 28)",0,semantic_majority_reflect,pseudo_hidden
118,ex118,inert_2x2_distractor,True,False,ok,"(28, 28)","(28, 28)","(28, 28)",0,semantic_majority_reflect,pseudo_hidden
118,ex118,inert_singleton_distractor,True,False,ok,"(28, 28)","(28, 28)","(28, 28)",0,semantic_majority_reflect,pseudo_hidden
119,ex119,original,True,False,ok,"(29, 29)","(29, 29)","(29, 29)",0,semantic_majority_reflect,pseudo_hidden
119,ex119,color_permutation_a,True,False,ok,"(29, 29)","(29, 29)","(29, 29)",0,semantic_majority_reflect,pseudo_hidden
119,ex119,color_permutation_b,True,False,ok,"(29, 29)","(29, 29)","(29, 29)",0,semantic_majority_reflect,pseudo_hidden
119,ex119,transpose,True,False,ok,"(29, 29)","(29, 29)","(29, 29)",0,semantic_majority_reflect,pseudo_hidden
119,ex119,mirror_lr,True,False,ok,"(29, 29)","(29, 29)","(29, 29)",0,semantic_majority_reflect,pseudo_hidden
119,ex119,mirror_ud,True,False,ok,"(29, 29)","(29, 29)","(29, 29)",0,semantic_majority_reflect,pseudo_hidden
119,ex119,rotate_180,True,False,ok,"(29, 29)","(29, 29)","(29, 29)",0,semantic_majority_reflect,pseudo_hidden
119,ex119,pad_top_left,True,False,ok,"(30, 30)","(30, 30)","(30, 30)",0,semantic_majority_reflect,pseudo_hidden
119,ex119,pad_bottom_right,True,False,ok,"(30, 30)","(30, 30)","(30, 30)",0,semantic_majority_reflect,pseudo_hidden
119,ex119,translate_down_right,True,False,ok,"(29, 29)","(29, 29)","(29, 29)",0,semantic_majority_reflect,pseudo_hidden
119,ex119,translate_up_left,True,False,ok,"(29, 29)","(29, 29)","(29, 29)",0,semantic_majority_reflect,pseudo_hidden
119,ex119,inert_2x2_distractor,True,False,ok,"(29, 29)","(29, 29)","(29, 29)",0,semantic_majority_reflect,pseudo_hidden
119,ex119,inert_singleton_distractor,True,False,ok,"(29, 29)","(29, 29)","(29, 29)",0,semantic_majority_reflect,pseudo_hidden
120,ex120,original,True,False,ok,"(29, 29)","(29, 29)","(29, 29)",0,semantic_majority_reflect,pseudo_hidden
120,ex120,color_permutation_a,True,False,ok,"(29, 29)","(29, 29)","(29, 29)",0,semantic_majority_reflect,pseudo_hidden
120,ex120,color_permutation_b,True,False,ok,"(29, 29)","(29, 29)","(29, 29)",0,semantic_majority_reflect,pseudo_hidden
120,ex120,transpose,True,False,ok,"(29, 29)","(29, 29)","(29, 29)",0,semantic_majority_reflect,pseudo_hidden
120,ex120,mirror_lr,True,False,ok,"(29, 29)","(29, 29)","(29, 29)",0,semantic_majority_reflect,pseudo_hidden
120,ex120,mirror_ud,True,False,ok,"(29, 29)","(29, 29)","(29, 29)",0,semantic_majority_reflect,pseudo_hidden
120,ex120,rotate_180,True,False,ok,"(29, 29)","(29, 29)","(29, 29)",0,semantic_majority_reflect,pseudo_hidden
120,ex120,pad_top_left,True,False,ok,"(30, 30)","(30, 30)","(30, 30)",0,semantic_majority_reflect,pseudo_hidden
120,ex120,pad_bottom_right,True,False,ok,"(30, 30)","(30, 30)","(30, 30)",0,semantic_majority_reflect,pseudo_hidden
120,ex120,translate_down_right,True,False,ok,"(29, 29)","(29, 29)","(29, 29)",0,semantic_majority_reflect,pseudo_hidden
120,ex120,translate_up_left,True,False,ok,"(29, 29)","(29, 29)","(29, 29)",0,semantic_majority_reflect,pseudo_hidden
120,ex120,inert_2x2_distractor,True,False,ok,"(29, 29)","(29, 29)","(29, 29)",0,semantic_majority_reflect,pseudo_hidden
120,ex120,inert_singleton_distractor,True,False,ok,"(29, 29)","(29, 29)","(29, 29)",0,semantic_majority_reflect,pseudo_hidden
121,ex121,original,True,False,ok,"(30, 30)","(30, 30)","(30, 30)",0,semantic_majority_reflect,pseudo_hidden
121,ex121,color_permutation_a,True,False,ok,"(30, 30)","(30, 30)","(30, 30)",0,semantic_majority_reflect,pseudo_hidden
121,ex121,color_permutation_b,True,False,ok,"(30, 30)","(30, 30)","(30, 30)",0,semantic_majority_reflect,pseudo_hidden
121,ex121,transpose,True,False,ok,"(30, 30)","(30, 30)","(30, 30)",0,semantic_majority_reflect,pseudo_hidden
121,ex121,mirror_lr,True,False,ok,"(30, 30)","(30, 30)","(30, 30)",0,semantic_majority_reflect,pseudo_hidden
121,ex121,mirror_ud,True,False,ok,"(30, 30)","(30, 30)","(30, 30)",0,semantic_majority_reflect,pseudo_hidden
121,ex121,rotate_180,True,False,ok,"(30, 30)","(30, 30)","(30, 30)",0,semantic_majority_reflect,pseudo_hidden
121,ex121,pad_top_left,False,True,"input_shape_exceeds_limit:(31, 31)>(30, 30)","(31, 31)","(31, 31)",,,,pseudo_hidden
121,ex121,pad_bottom_right,False,True,"input_shape_exceeds_limit:(31, 31)>(30, 30)","(31, 31)","(31, 31)",,,,pseudo_hidden
121,ex121,translate_down_right,True,False,ok,"(30, 30)","(30, 30)","(30, 30)",0,semantic_majority_reflect,pseudo_hidden
121,ex121,translate_up_left,True,False,ok,"(30, 30)","(30, 30)","(30, 30)",0,semantic_majority_reflect,pseudo_hidden
121,ex121,inert_2x2_distractor,True,False,ok,"(30, 30)","(30, 30)","(30, 30)",0,semantic_majority_reflect,pseudo_hidden
121,ex121,inert_singleton_distractor,True,False,ok,"(30, 30)","(30, 30)","(30, 30)",0,semantic_majority_reflect,pseudo_hidden
122,ex122,original,True,False,ok,"(29, 29)","(29, 29)","(29, 29)",0,semantic_majority_reflect,pseudo_hidden
122,ex122,color_permutation_a,True,False,ok,"(29, 29)","(29, 29)","(29, 29)",0,semantic_majority_reflect,pseudo_hidden
122,ex122,color_permutation_b,True,False,ok,"(29, 29)","(29, 29)","(29, 29)",0,semantic_majority_reflect,pseudo_hidden
122,ex122,transpose,True,False,ok,"(29, 29)","(29, 29)","(29, 29)",0,semantic_majority_reflect,pseudo_hidden
122,ex122,mirror_lr,True,False,ok,"(29, 29)","(29, 29)","(29, 29)",0,semantic_majority_reflect,pseudo_hidden
122,ex122,mirror_ud,True,False,ok,"(29, 29)","(29, 29)","(29, 29)",0,semantic_majority_reflect,pseudo_hidden
122,ex122,rotate_180,True,False,ok,"(29, 29)","(29, 29)","(29, 29)",0,semantic_majority_reflect,pseudo_hidden
122,ex122,pad_top_left,True,False,ok,"(30, 30)","(30, 30)","(30, 30)",0,semantic_majority_reflect,pseudo_hidden
122,ex122,pad_bottom_right,True,False,ok,"(30, 30)","(30, 30)","(30, 30)",0,semantic_majority_reflect,pseudo_hidden
122,ex122,translate_down_right,True,False,ok,"(29, 29)","(29, 29)","(29, 29)",0,semantic_majority_reflect,pseudo_hidden
122,ex122,translate_up_left,True,False,ok,"(29, 29)","(29, 29)","(29, 29)",0,semantic_majority_reflect,pseudo_hidden
122,ex122,inert_2x2_distractor,True,False,ok,"(29, 29)","(29, 29)","(29, 29)",0,semantic_majority_reflect,pseudo_hidden
122,ex122,inert_singleton_distractor,True,False,ok,"(29, 29)","(29, 29)","(29, 29)",0,semantic_majority_reflect,pseudo_hidden
123,ex123,original,True,False,ok,"(23, 23)","(23, 23)","(23, 23)",0,semantic_majority_reflect,pseudo_hidden
123,ex123,color_permutation_a,True,False,ok,"(23, 23)","(23, 23)","(23, 23)",0,semantic_majority_reflect,pseudo_hidden
123,ex123,color_permutation_b,True,False,ok,"(23, 23)","(23, 23)","(23, 23)",0,semantic_majority_reflect,pseudo_hidden
123,ex123,transpose,True,False,ok,"(23, 23)","(23, 23)","(23, 23)",0,semantic_majority_reflect,pseudo_hidden
123,ex123,mirror_lr,True,False,ok,"(23, 23)","(23, 23)","(23, 23)",0,semantic_majority_reflect,pseudo_hidden
123,ex123,mirror_ud,True,False,ok,"(23, 23)","(23, 23)","(23, 23)",0,semantic_majority_reflect,pseudo_hidden
123,ex123,rotate_180,True,False,ok,"(23, 23)","(23, 23)","(23, 23)",0,semantic_majority_reflect,pseudo_hidden
123,ex123,pad_top_left,True,False,ok,"(24, 24)","(24, 24)","(24, 24)",0,semantic_majority_reflect,pseudo_hidden
123,ex123,pad_bottom_right,True,False,ok,"(24, 24)","(24, 24)","(24, 24)",0,semantic_majority_reflect,pseudo_hidden
123,ex123,translate_down_right,True,False,ok,"(23, 23)","(23, 23)","(23, 23)",0,semantic_majority_reflect,pseudo_hidden
123,ex123,translate_up_left,True,False,ok,"(23, 23)","(23, 23)","(23, 23)",0,semantic_majority_reflect,pseudo_hidden
123,ex123,inert_2x2_distractor,True,False,ok,"(23, 23)","(23, 23)","(23, 23)",0,semantic_majority_reflect,pseudo_hidden
123,ex123,inert_singleton_distractor,True,False,ok,"(23, 23)","(23, 23)","(23, 23)",0,semantic_majority_reflect,pseudo_hidden
124,ex124,original,True,False,ok,"(28, 28)","(28, 28)","(28, 28)",0,semantic_majority_reflect,pseudo_hidden
124,ex124,color_permutation_a,True,False,ok,"(28, 28)","(28, 28)","(28, 28)",0,semantic_majority_reflect,pseudo_hidden
124,ex124,color_permutation_b,True,False,ok,"(28, 28)","(28, 28)","(28, 28)",0,semantic_majority_reflect,pseudo_hidden
124,ex124,transpose,True,False,ok,"(28, 28)","(28, 28)","(28, 28)",0,semantic_majority_reflect,pseudo_hidden
124,ex124,mirror_lr,True,False,ok,"(28, 28)","(28, 28)","(28, 28)",0,semantic_majority_reflect,pseudo_hidden
124,ex124,mirror_ud,True,False,ok,"(28, 28)","(28, 28)","(28, 28)",0,semantic_majority_reflect,pseudo_hidden
124,ex124,rotate_180,True,False,ok,"(28, 28)","(28, 28)","(28, 28)",0,semantic_majority_reflect,pseudo_hidden
124,ex124,pad_top_left,True,False,ok,"(29, 29)","(29, 29)","(29, 29)",0,semantic_majority_reflect,pseudo_hidden
124,ex124,pad_bottom_right,True,False,ok,"(29, 29)","(29, 29)","(29, 29)",0,semantic_majority_reflect,pseudo_hidden
124,ex124,translate_down_right,True,False,ok,"(28, 28)","(28, 28)","(28, 28)",0,semantic_majority_reflect,pseudo_hidden
124,ex124,translate_up_left,True,False,ok,"(28, 28)","(28, 28)","(28, 28)",0,semantic_majority_reflect,pseudo_hidden
124,ex124,inert_2x2_distractor,True,False,ok,"(28, 28)","(28, 28)","(28, 28)",0,semantic_majority_reflect,pseudo_hidden
124,ex124,inert_singleton_distractor,True,False,ok,"(28, 28)","(28, 28)","(28, 28)",0,semantic_majority_reflect,pseudo_hidden
125,ex125,original,True,False,ok,"(22, 22)","(22, 22)","(22, 22)",0,semantic_majority_reflect,pseudo_hidden
125,ex125,color_permutation_a,True,False,ok,"(22, 22)","(22, 22)","(22, 22)",0,semantic_majority_reflect,pseudo_hidden
125,ex125,color_permutation_b,True,False,ok,"(22, 22)","(22, 22)","(22, 22)",0,semantic_majority_reflect,pseudo_hidden
125,ex125,transpose,True,False,ok,"(22, 22)","(22, 22)","(22, 22)",0,semantic_majority_reflect,pseudo_hidden
125,ex125,mirror_lr,True,False,ok,"(22, 22)","(22, 22)","(22, 22)",0,semantic_majority_reflect,pseudo_hidden
125,ex125,mirror_ud,True,False,ok,"(22, 22)","(22, 22)","(22, 22)",0,semantic_majority_reflect,pseudo_hidden
125,ex125,rotate_180,True,False,ok,"(22, 22)","(22, 22)","(22, 22)",0,semantic_majority_reflect,pseudo_hidden
125,ex125,pad_top_left,True,False,ok,"(23, 23)","(23, 23)","(23, 23)",0,semantic_majority_reflect,pseudo_hidden
125,ex125,pad_bottom_right,True,False,ok,"(23, 23)","(23, 23)","(23, 23)",0,semantic_majority_reflect,pseudo_hidden
125,ex125,translate_down_right,True,False,ok,"(22, 22)","(22, 22)","(22, 22)",0,semantic_majority_reflect,pseudo_hidden
125,ex125,translate_up_left,True,False,ok,"(22, 22)","(22, 22)","(22, 22)",0,semantic_majority_reflect,pseudo_hidden
125,ex125,inert_2x2_distractor,True,False,ok,"(22, 22)","(22, 22)","(22, 22)",0,semantic_majority_reflect,pseudo_hidden
125,ex125,inert_singleton_distractor,True,False,ok,"(22, 22)","(22, 22)","(22, 22)",0,semantic_majority_reflect,pseudo_hidden
126,ex126,original,True,False,ok,"(23, 23)","(23, 23)","(23, 23)",0,semantic_majority_reflect,pseudo_hidden
126,ex126,color_permutation_a,True,False,ok,"(23, 23)","(23, 23)","(23, 23)",0,semantic_majority_reflect,pseudo_hidden
126,ex126,color_permutation_b,True,False,ok,"(23, 23)","(23, 23)","(23, 23)",0,semantic_majority_reflect,pseudo_hidden
126,ex126,transpose,True,False,ok,"(23, 23)","(23, 23)","(23, 23)",0,semantic_majority_reflect,pseudo_hidden
126,ex126,mirror_lr,True,False,ok,"(23, 23)","(23, 23)","(23, 23)",0,semantic_majority_reflect,pseudo_hidden
126,ex126,mirror_ud,True,False,ok,"(23, 23)","(23, 23)","(23, 23)",0,semantic_majority_reflect,pseudo_hidden
126,ex126,rotate_180,True,False,ok,"(23, 23)","(23, 23)","(23, 23)",0,semantic_majority_reflect,pseudo_hidden
126,ex126,pad_top_left,True,False,ok,"(24, 24)","(24, 24)","(24, 24)",0,semantic_majority_reflect,pseudo_hidden
126,ex126,pad_bottom_right,True,False,ok,"(24, 24)","(24, 24)","(24, 24)",0,semantic_majority_reflect,pseudo_hidden
126,ex126,translate_down_right,True,False,ok,"(23, 23)","(23, 23)","(23, 23)",0,semantic_majority_reflect,pseudo_hidden
126,ex126,translate_up_left,True,False,ok,"(23, 23)","(23, 23)","(23, 23)",0,semantic_majority_reflect,pseudo_hidden
126,ex126,inert_2x2_distractor,True,False,ok,"(23, 23)","(23, 23)","(23, 23)",0,semantic_majority_reflect,pseudo_hidden
126,ex126,inert_singleton_distractor,True,False,ok,"(23, 23)","(23, 23)","(23, 23)",0,semantic_majority_reflect,pseudo_hidden
127,ex127,original,True,False,ok,"(19, 19)","(19, 19)","(19, 19)",0,semantic_majority_reflect,pseudo_hidden
127,ex127,color_permutation_a,True,False,ok,"(19, 19)","(19, 19)","(19, 19)",0,semantic_majority_reflect,pseudo_hidden
127,ex127,color_permutation_b,True,False,ok,"(19, 19)","(19, 19)","(19, 19)",0,semantic_majority_reflect,pseudo_hidden
127,ex127,transpose,True,False,ok,"(19, 19)","(19, 19)","(19, 19)",0,semantic_majority_reflect,pseudo_hidden
127,ex127,mirror_lr,True,False,ok,"(19, 19)","(19, 19)","(19, 19)",0,semantic_majority_reflect,pseudo_hidden
127,ex127,mirror_ud,True,False,ok,"(19, 19)","(19, 19)","(19, 19)",0,semantic_majority_reflect,pseudo_hidden
127,ex127,rotate_180,True,False,ok,"(19, 19)","(19, 19)","(19, 19)",0,semantic_majority_reflect,pseudo_hidden
127,ex127,pad_top_left,True,False,ok,"(20, 20)","(20, 20)","(20, 20)",0,semantic_majority_reflect,pseudo_hidden
127,ex127,pad_bottom_right,True,False,ok,"(20, 20)","(20, 20)","(20, 20)",0,semantic_majority_reflect,pseudo_hidden
127,ex127,translate_down_right,True,False,ok,"(19, 19)","(19, 19)","(19, 19)",0,semantic_majority_reflect,pseudo_hidden
127,ex127,translate_up_left,True,False,ok,"(19, 19)","(19, 19)","(19, 19)",0,semantic_majority_reflect,pseudo_hidden
127,ex127,inert_2x2_distractor,True,False,ok,"(19, 19)","(19, 19)","(19, 19)",0,semantic_majority_reflect,pseudo_hidden
127,ex127,inert_singleton_distractor,True,False,ok,"(19, 19)","(19, 19)","(19, 19)",0,semantic_majority_reflect,pseudo_hidden
128,ex128,original,True,False,ok,"(29, 29)","(29, 29)","(29, 29)",0,semantic_majority_reflect,pseudo_hidden
128,ex128,color_permutation_a,True,False,ok,"(29, 29)","(29, 29)","(29, 29)",0,semantic_majority_reflect,pseudo_hidden
128,ex128,color_permutation_b,True,False,ok,"(29, 29)","(29, 29)","(29, 29)",0,semantic_majority_reflect,pseudo_hidden
128,ex128,transpose,True,False,ok,"(29, 29)","(29, 29)","(29, 29)",0,semantic_majority_reflect,pseudo_hidden
128,ex128,mirror_lr,True,False,ok,"(29, 29)","(29, 29)","(29, 29)",0,semantic_majority_reflect,pseudo_hidden
128,ex128,mirror_ud,True,False,ok,"(29, 29)","(29, 29)","(29, 29)",0,semantic_majority_reflect,pseudo_hidden
128,ex128,rotate_180,True,False,ok,"(29, 29)","(29, 29)","(29, 29)",0,semantic_majority_reflect,pseudo_hidden
128,ex128,pad_top_left,True,False,ok,"(30, 30)","(30, 30)","(30, 30)",0,semantic_majority_reflect,pseudo_hidden
128,ex128,pad_bottom_right,True,False,ok,"(30, 30)","(30, 30)","(30, 30)",0,semantic_majority_reflect,pseudo_hidden
128,ex128,translate_down_right,True,False,ok,"(29, 29)","(29, 29)","(29, 29)",0,semantic_majority_reflect,pseudo_hidden
128,ex128,translate_up_left,True,False,ok,"(29, 29)","(29, 29)","(29, 29)",0,semantic_majority_reflect,pseudo_hidden
128,ex128,inert_2x2_distractor,True,False,ok,"(29, 29)","(29, 29)","(29, 29)",0,semantic_majority_reflect,pseudo_hidden
128,ex128,inert_singleton_distractor,True,False,ok,"(29, 29)","(29, 29)","(29, 29)",0,semantic_majority_reflect,pseudo_hidden
129,ex129,original,True,False,ok,"(29, 29)","(29, 29)","(29, 29)",0,semantic_majority_reflect,pseudo_hidden
129,ex129,color_permutation_a,True,False,ok,"(29, 29)","(29, 29)","(29, 29)",0,semantic_majority_reflect,pseudo_hidden
129,ex129,color_permutation_b,True,False,ok,"(29, 29)","(29, 29)","(29, 29)",0,semantic_majority_reflect,pseudo_hidden
129,ex129,transpose,True,False,ok,"(29, 29)","(29, 29)","(29, 29)",0,semantic_majority_reflect,pseudo_hidden
129,ex129,mirror_lr,True,False,ok,"(29, 29)","(29, 29)","(29, 29)",0,semantic_majority_reflect,pseudo_hidden
129,ex129,mirror_ud,True,False,ok,"(29, 29)","(29, 29)","(29, 29)",0,semantic_majority_reflect,pseudo_hidden
129,ex129,rotate_180,True,False,ok,"(29, 29)","(29, 29)","(29, 29)",0,semantic_majority_reflect,pseudo_hidden
129,ex129,pad_top_left,True,False,ok,"(30, 30)","(30, 30)","(30, 30)",0,semantic_majority_reflect,pseudo_hidden
129,ex129,pad_bottom_right,True,False,ok,"(30, 30)","(30, 30)","(30, 30)",0,semantic_majority_reflect,pseudo_hidden
129,ex129,translate_down_right,True,False,ok,"(29, 29)","(29, 29)","(29, 29)",0,semantic_majority_reflect,pseudo_hidden
129,ex129,translate_up_left,True,False,ok,"(29, 29)","(29, 29)","(29, 29)",0,semantic_majority_reflect,pseudo_hidden
129,ex129,inert_2x2_distractor,True,False,ok,"(29, 29)","(29, 29)","(29, 29)",0,semantic_majority_reflect,pseudo_hidden
129,ex129,inert_singleton_distractor,True,False,ok,"(29, 29)","(29, 29)","(29, 29)",0,semantic_majority_reflect,pseudo_hidden
130,ex130,original,True,False,ok,"(30, 30)","(30, 30)","(30, 30)",0,semantic_majority_reflect,pseudo_hidden
130,ex130,color_permutation_a,True,False,ok,"(30, 30)","(30, 30)","(30, 30)",0,semantic_majority_reflect,pseudo_hidden
130,ex130,color_permutation_b,True,False,ok,"(30, 30)","(30, 30)","(30, 30)",0,semantic_majority_reflect,pseudo_hidden
130,ex130,transpose,True,False,ok,"(30, 30)","(30, 30)","(30, 30)",0,semantic_majority_reflect,pseudo_hidden
130,ex130,mirror_lr,True,False,ok,"(30, 30)","(30, 30)","(30, 30)",0,semantic_majority_reflect,pseudo_hidden
130,ex130,mirror_ud,True,False,ok,"(30, 30)","(30, 30)","(30, 30)",0,semantic_majority_reflect,pseudo_hidden
130,ex130,rotate_180,True,False,ok,"(30, 30)","(30, 30)","(30, 30)",0,semantic_majority_reflect,pseudo_hidden
130,ex130,pad_top_left,False,True,"input_shape_exceeds_limit:(31, 31)>(30, 30)","(31, 31)","(31, 31)",,,,pseudo_hidden
130,ex130,pad_bottom_right,False,True,"input_shape_exceeds_limit:(31, 31)>(30, 30)","(31, 31)","(31, 31)",,,,pseudo_hidden
130,ex130,translate_down_right,True,False,ok,"(30, 30)","(30, 30)","(30, 30)",0,semantic_majority_reflect,pseudo_hidden
130,ex130,translate_up_left,True,False,ok,"(30, 30)","(30, 30)","(30, 30)",0,semantic_majority_reflect,pseudo_hidden
130,ex130,inert_2x2_distractor,True,False,ok,"(30, 30)","(30, 30)","(30, 30)",0,semantic_majority_reflect,pseudo_hidden
130,ex130,inert_singleton_distractor,True,False,ok,"(30, 30)","(30, 30)","(30, 30)",0,semantic_majority_reflect,pseudo_hidden
131,ex131,original,True,False,ok,"(23, 23)","(23, 23)","(23, 23)",0,semantic_majority_reflect,pseudo_hidden
131,ex131,color_permutation_a,True,False,ok,"(23, 23)","(23, 23)","(23, 23)",0,semantic_majority_reflect,pseudo_hidden
131,ex131,color_permutation_b,True,False,ok,"(23, 23)","(23, 23)","(23, 23)",0,semantic_majority_reflect,pseudo_hidden
131,ex131,transpose,True,False,ok,"(23, 23)","(23, 23)","(23, 23)",0,semantic_majority_reflect,pseudo_hidden
131,ex131,mirror_lr,True,False,ok,"(23, 23)","(23, 23)","(23, 23)",0,semantic_majority_reflect,pseudo_hidden
131,ex131,mirror_ud,True,False,ok,"(23, 23)","(23, 23)","(23, 23)",0,semantic_majority_reflect,pseudo_hidden
131,ex131,rotate_180,True,False,ok,"(23, 23)","(23, 23)","(23, 23)",0,semantic_majority_reflect,pseudo_hidden
131,ex131,pad_top_left,True,False,ok,"(24, 24)","(24, 24)","(24, 24)",0,semantic_majority_reflect,pseudo_hidden
131,ex131,pad_bottom_right,True,False,ok,"(24, 24)","(24, 24)","(24, 24)",0,semantic_majority_reflect,pseudo_hidden
131,ex131,translate_down_right,True,False,ok,"(23, 23)","(23, 23)","(23, 23)",0,semantic_majority_reflect,pseudo_hidden
131,ex131,translate_up_left,True,False,ok,"(23, 23)","(23, 23)","(23, 23)",0,semantic_majority_reflect,pseudo_hidden
131,ex131,inert_2x2_distractor,True,False,ok,"(23, 23)","(23, 23)","(23, 23)",0,semantic_majority_reflect,pseudo_hidden
131,ex131,inert_singleton_distractor,True,False,ok,"(23, 23)","(23, 23)","(23, 23)",0,semantic_majority_reflect,pseudo_hidden
132,ex132,original,True,False,ok,"(12, 12)","(12, 12)","(12, 12)",0,semantic_majority_reflect,pseudo_hidden
132,ex132,color_permutation_a,True,False,ok,"(12, 12)","(12, 12)","(12, 12)",0,semantic_majority_reflect,pseudo_hidden
132,ex132,color_permutation_b,True,False,ok,"(12, 12)","(12, 12)","(12, 12)",0,semantic_majority_reflect,pseudo_hidden
132,ex132,transpose,True,False,ok,"(12, 12)","(12, 12)","(12, 12)",0,semantic_majority_reflect,pseudo_hidden
132,ex132,mirror_lr,True,False,ok,"(12, 12)","(12, 12)","(12, 12)",0,semantic_majority_reflect,pseudo_hidden
132,ex132,mirror_ud,True,False,ok,"(12, 12)","(12, 12)","(12, 12)",0,semantic_majority_reflect,pseudo_hidden
132,ex132,rotate_180,True,False,ok,"(12, 12)","(12, 12)","(12, 12)",0,semantic_majority_reflect,pseudo_hidden
132,ex132,pad_top_left,True,False,ok,"(13, 13)","(13, 13)","(13, 13)",0,semantic_majority_reflect,pseudo_hidden
132,ex132,pad_bottom_right,True,False,ok,"(13, 13)","(13, 13)","(13, 13)",0,semantic_majority_reflect,pseudo_hidden
132,ex132,translate_down_right,True,False,ok,"(12, 12)","(12, 12)","(12, 12)",0,semantic_majority_reflect,pseudo_hidden
132,ex132,translate_up_left,True,False,ok,"(12, 12)","(12, 12)","(12, 12)",0,semantic_majority_reflect,pseudo_hidden
132,ex132,inert_2x2_distractor,True,False,ok,"(12, 12)","(12, 12)","(12, 12)",0,semantic_majority_reflect,pseudo_hidden
132,ex132,inert_singleton_distractor,True,False,ok,"(12, 12)","(12, 12)","(12, 12)",0,semantic_majority_reflect,pseudo_hidden
133,ex133,original,True,False,ok,"(29, 29)","(29, 29)","(29, 29)",0,semantic_majority_reflect,pseudo_hidden
133,ex133,color_permutation_a,True,False,ok,"(29, 29)","(29, 29)","(29, 29)",0,semantic_majority_reflect,pseudo_hidden
133,ex133,color_permutation_b,True,False,ok,"(29, 29)","(29, 29)","(29, 29)",0,semantic_majority_reflect,pseudo_hidden
133,ex133,transpose,True,False,ok,"(29, 29)","(29, 29)","(29, 29)",0,semantic_majority_reflect,pseudo_hidden
133,ex133,mirror_lr,True,False,ok,"(29, 29)","(29, 29)","(29, 29)",0,semantic_majority_reflect,pseudo_hidden
133,ex133,mirror_ud,True,False,ok,"(29, 29)","(29, 29)","(29, 29)",0,semantic_majority_reflect,pseudo_hidden
133,ex133,rotate_180,True,False,ok,"(29, 29)","(29, 29)","(29, 29)",0,semantic_majority_reflect,pseudo_hidden
133,ex133,pad_top_left,True,False,ok,"(30, 30)","(30, 30)","(30, 30)",0,semantic_majority_reflect,pseudo_hidden
133,ex133,pad_bottom_right,True,False,ok,"(30, 30)","(30, 30)","(30, 30)",0,semantic_majority_reflect,pseudo_hidden
133,ex133,translate_down_right,True,False,ok,"(29, 29)","(29, 29)","(29, 29)",0,semantic_majority_reflect,pseudo_hidden
133,ex133,translate_up_left,True,False,ok,"(29, 29)","(29, 29)","(29, 29)",0,semantic_majority_reflect,pseudo_hidden
133,ex133,inert_2x2_distractor,True,False,ok,"(29, 29)","(29, 29)","(29, 29)",0,semantic_majority_reflect,pseudo_hidden
133,ex133,inert_singleton_distractor,True,False,ok,"(29, 29)","(29, 29)","(29, 29)",0,semantic_majority_reflect,pseudo_hidden
134,ex134,original,True,False,ok,"(19, 19)","(19, 19)","(19, 19)",0,semantic_majority_reflect,pseudo_hidden
134,ex134,color_permutation_a,True,False,ok,"(19, 19)","(19, 19)","(19, 19)",0,semantic_majority_reflect,pseudo_hidden
134,ex134,color_permutation_b,True,False,ok,"(19, 19)","(19, 19)","(19, 19)",0,semantic_majority_reflect,pseudo_hidden
134,ex134,transpose,True,False,ok,"(19, 19)","(19, 19)","(19, 19)",0,semantic_majority_reflect,pseudo_hidden
134,ex134,mirror_lr,True,False,ok,"(19, 19)","(19, 19)","(19, 19)",0,semantic_majority_reflect,pseudo_hidden
134,ex134,mirror_ud,True,False,ok,"(19, 19)","(19, 19)","(19, 19)",0,semantic_majority_reflect,pseudo_hidden
134,ex134,rotate_180,True,False,ok,"(19, 19)","(19, 19)","(19, 19)",0,semantic_majority_reflect,pseudo_hidden
134,ex134,pad_top_left,True,False,ok,"(20, 20)","(20, 20)","(20, 20)",0,semantic_majority_reflect,pseudo_hidden
134,ex134,pad_bottom_right,True,False,ok,"(20, 20)","(20, 20)","(20, 20)",0,semantic_majority_reflect,pseudo_hidden
134,ex134,translate_down_right,True,False,ok,"(19, 19)","(19, 19)","(19, 19)",0,semantic_majority_reflect,pseudo_hidden
134,ex134,translate_up_left,True,False,ok,"(19, 19)","(19, 19)","(19, 19)",0,semantic_majority_reflect,pseudo_hidden
134,ex134,inert_2x2_distractor,True,False,ok,"(19, 19)","(19, 19)","(19, 19)",0,semantic_majority_reflect,pseudo_hidden
134,ex134,inert_singleton_distractor,True,False,ok,"(19, 19)","(19, 19)","(19, 19)",0,semantic_majority_reflect,pseudo_hidden
135,ex135,original,True,False,ok,"(28, 28)","(28, 28)","(28, 28)",0,semantic_majority_reflect,pseudo_hidden
135,ex135,color_permutation_a,True,False,ok,"(28, 28)","(28, 28)","(28, 28)",0,semantic_majority_reflect,pseudo_hidden
135,ex135,color_permutation_b,True,False,ok,"(28, 28)","(28, 28)","(28, 28)",0,semantic_majority_reflect,pseudo_hidden
135,ex135,transpose,True,False,ok,"(28, 28)","(28, 28)","(28, 28)",0,semantic_majority_reflect,pseudo_hidden
135,ex135,mirror_lr,True,False,ok,"(28, 28)","(28, 28)","(28, 28)",0,semantic_majority_reflect,pseudo_hidden
135,ex135,mirror_ud,True,False,ok,"(28, 28)","(28, 28)","(28, 28)",0,semantic_majority_reflect,pseudo_hidden
135,ex135,rotate_180,True,False,ok,"(28, 28)","(28, 28)","(28, 28)",0,semantic_majority_reflect,pseudo_hidden
135,ex135,pad_top_left,True,False,ok,"(29, 29)","(29, 29)","(29, 29)",0,semantic_majority_reflect,pseudo_hidden
135,ex135,pad_bottom_right,True,False,ok,"(29, 29)","(29, 29)","(29, 29)",0,semantic_majority_reflect,pseudo_hidden
135,ex135,translate_down_right,True,False,ok,"(28, 28)","(28, 28)","(28, 28)",0,semantic_majority_reflect,pseudo_hidden
135,ex135,translate_up_left,True,False,ok,"(28, 28)","(28, 28)","(28, 28)",0,semantic_majority_reflect,pseudo_hidden
135,ex135,inert_2x2_distractor,True,False,ok,"(28, 28)","(28, 28)","(28, 28)",0,semantic_majority_reflect,pseudo_hidden
135,ex135,inert_singleton_distractor,True,False,ok,"(28, 28)","(28, 28)","(28, 28)",0,semantic_majority_reflect,pseudo_hidden
136,ex136,original,True,False,ok,"(29, 29)","(29, 29)","(29, 29)",0,semantic_majority_reflect,pseudo_hidden
136,ex136,color_permutation_a,True,False,ok,"(29, 29)","(29, 29)","(29, 29)",0,semantic_majority_reflect,pseudo_hidden
136,ex136,color_permutation_b,True,False,ok,"(29, 29)","(29, 29)","(29, 29)",0,semantic_majority_reflect,pseudo_hidden
136,ex136,transpose,True,False,ok,"(29, 29)","(29, 29)","(29, 29)",0,semantic_majority_reflect,pseudo_hidden
136,ex136,mirror_lr,True,False,ok,"(29, 29)","(29, 29)","(29, 29)",0,semantic_majority_reflect,pseudo_hidden
136,ex136,mirror_ud,True,False,ok,"(29, 29)","(29, 29)","(29, 29)",0,semantic_majority_reflect,pseudo_hidden
136,ex136,rotate_180,True,False,ok,"(29, 29)","(29, 29)","(29, 29)",0,semantic_majority_reflect,pseudo_hidden
136,ex136,pad_top_left,True,False,ok,"(30, 30)","(30, 30)","(30, 30)",0,semantic_majority_reflect,pseudo_hidden
136,ex136,pad_bottom_right,True,False,ok,"(30, 30)","(30, 30)","(30, 30)",0,semantic_majority_reflect,pseudo_hidden
136,ex136,translate_down_right,True,False,ok,"(29, 29)","(29, 29)","(29, 29)",0,semantic_majority_reflect,pseudo_hidden
136,ex136,translate_up_left,True,False,ok,"(29, 29)","(29, 29)","(29, 29)",0,semantic_majority_reflect,pseudo_hidden
136,ex136,inert_2x2_distractor,True,False,ok,"(29, 29)","(29, 29)","(29, 29)",0,semantic_majority_reflect,pseudo_hidden
136,ex136,inert_singleton_distractor,True,False,ok,"(29, 29)","(29, 29)","(29, 29)",0,semantic_majority_reflect,pseudo_hidden
137,ex137,original,True,False,ok,"(26, 26)","(26, 26)","(26, 26)",0,semantic_majority_reflect,pseudo_hidden
137,ex137,color_permutation_a,True,False,ok,"(26, 26)","(26, 26)","(26, 26)",0,semantic_majority_reflect,pseudo_hidden
137,ex137,color_permutation_b,True,False,ok,"(26, 26)","(26, 26)","(26, 26)",0,semantic_majority_reflect,pseudo_hidden
137,ex137,transpose,True,False,ok,"(26, 26)","(26, 26)","(26, 26)",0,semantic_majority_reflect,pseudo_hidden
137,ex137,mirror_lr,True,False,ok,"(26, 26)","(26, 26)","(26, 26)",0,semantic_majority_reflect,pseudo_hidden
137,ex137,mirror_ud,True,False,ok,"(26, 26)","(26, 26)","(26, 26)",0,semantic_majority_reflect,pseudo_hidden
137,ex137,rotate_180,True,False,ok,"(26, 26)","(26, 26)","(26, 26)",0,semantic_majority_reflect,pseudo_hidden
137,ex137,pad_top_left,True,False,ok,"(27, 27)","(27, 27)","(27, 27)",0,semantic_majority_reflect,pseudo_hidden
137,ex137,pad_bottom_right,True,False,ok,"(27, 27)","(27, 27)","(27, 27)",0,semantic_majority_reflect,pseudo_hidden
137,ex137,translate_down_right,True,False,ok,"(26, 26)","(26, 26)","(26, 26)",0,semantic_majority_reflect,pseudo_hidden
137,ex137,translate_up_left,True,False,ok,"(26, 26)","(26, 26)","(26, 26)",0,semantic_majority_reflect,pseudo_hidden
137,ex137,inert_2x2_distractor,True,False,ok,"(26, 26)","(26, 26)","(26, 26)",0,semantic_majority_reflect,pseudo_hidden
137,ex137,inert_singleton_distractor,True,False,ok,"(26, 26)","(26, 26)","(26, 26)",0,semantic_majority_reflect,pseudo_hidden
138,ex138,original,True,False,ok,"(24, 24)","(24, 24)","(24, 24)",0,semantic_majority_reflect,pseudo_hidden
138,ex138,color_permutation_a,True,False,ok,"(24, 24)","(24, 24)","(24, 24)",0,semantic_majority_reflect,pseudo_hidden
138,ex138,color_permutation_b,True,False,ok,"(24, 24)","(24, 24)","(24, 24)",0,semantic_majority_reflect,pseudo_hidden
138,ex138,transpose,True,False,ok,"(24, 24)","(24, 24)","(24, 24)",0,semantic_majority_reflect,pseudo_hidden
138,ex138,mirror_lr,True,False,ok,"(24, 24)","(24, 24)","(24, 24)",0,semantic_majority_reflect,pseudo_hidden
138,ex138,mirror_ud,True,False,ok,"(24, 24)","(24, 24)","(24, 24)",0,semantic_majority_reflect,pseudo_hidden
138,ex138,rotate_180,True,False,ok,"(24, 24)","(24, 24)","(24, 24)",0,semantic_majority_reflect,pseudo_hidden
138,ex138,pad_top_left,True,False,ok,"(25, 25)","(25, 25)","(25, 25)",0,semantic_majority_reflect,pseudo_hidden
138,ex138,pad_bottom_right,True,False,ok,"(25, 25)","(25, 25)","(25, 25)",0,semantic_majority_reflect,pseudo_hidden
138,ex138,translate_down_right,True,False,ok,"(24, 24)","(24, 24)","(24, 24)",0,semantic_majority_reflect,pseudo_hidden
138,ex138,translate_up_left,True,False,ok,"(24, 24)","(24, 24)","(24, 24)",0,semantic_majority_reflect,pseudo_hidden
138,ex138,inert_2x2_distractor,True,False,ok,"(24, 24)","(24, 24)","(24, 24)",0,semantic_majority_reflect,pseudo_hidden
138,ex138,inert_singleton_distractor,True,False,ok,"(24, 24)","(24, 24)","(24, 24)",0,semantic_majority_reflect,pseudo_hidden
139,ex139,original,True,False,ok,"(25, 25)","(25, 25)","(25, 25)",0,semantic_majority_reflect,pseudo_hidden
139,ex139,color_permutation_a,True,False,ok,"(25, 25)","(25, 25)","(25, 25)",0,semantic_majority_reflect,pseudo_hidden
139,ex139,color_permutation_b,True,False,ok,"(25, 25)","(25, 25)","(25, 25)",0,semantic_majority_reflect,pseudo_hidden
139,ex139,transpose,True,False,ok,"(25, 25)","(25, 25)","(25, 25)",0,semantic_majority_reflect,pseudo_hidden
139,ex139,mirror_lr,True,False,ok,"(25, 25)","(25, 25)","(25, 25)",0,semantic_majority_reflect,pseudo_hidden
139,ex139,mirror_ud,True,False,ok,"(25, 25)","(25, 25)","(25, 25)",0,semantic_majority_reflect,pseudo_hidden
139,ex139,rotate_180,True,False,ok,"(25, 25)","(25, 25)","(25, 25)",0,semantic_majority_reflect,pseudo_hidden
139,ex139,pad_top_left,True,False,ok,"(26, 26)","(26, 26)","(26, 26)",0,semantic_majority_reflect,pseudo_hidden
139,ex139,pad_bottom_right,True,False,ok,"(26, 26)","(26, 26)","(26, 26)",0,semantic_majority_reflect,pseudo_hidden
139,ex139,translate_down_right,True,False,ok,"(25, 25)","(25, 25)","(25, 25)",0,semantic_majority_reflect,pseudo_hidden
139,ex139,translate_up_left,True,False,ok,"(25, 25)","(25, 25)","(25, 25)",0,semantic_majority_reflect,pseudo_hidden
139,ex139,inert_2x2_distractor,True,False,ok,"(25, 25)","(25, 25)","(25, 25)",0,semantic_majority_reflect,pseudo_hidden
139,ex139,inert_singleton_distractor,True,False,ok,"(25, 25)","(25, 25)","(25, 25)",0,semantic_majority_reflect,pseudo_hidden
140,ex140,original,True,False,ok,"(28, 28)","(28, 28)","(28, 28)",0,semantic_majority_reflect,pseudo_hidden
140,ex140,color_permutation_a,True,False,ok,"(28, 28)","(28, 28)","(28, 28)",0,semantic_majority_reflect,pseudo_hidden
140,ex140,color_permutation_b,True,False,ok,"(28, 28)","(28, 28)","(28, 28)",0,semantic_majority_reflect,pseudo_hidden
140,ex140,transpose,True,False,ok,"(28, 28)","(28, 28)","(28, 28)",0,semantic_majority_reflect,pseudo_hidden
140,ex140,mirror_lr,True,False,ok,"(28, 28)","(28, 28)","(28, 28)",0,semantic_majority_reflect,pseudo_hidden
140,ex140,mirror_ud,True,False,ok,"(28, 28)","(28, 28)","(28, 28)",0,semantic_majority_reflect,pseudo_hidden
140,ex140,rotate_180,True,False,ok,"(28, 28)","(28, 28)","(28, 28)",0,semantic_majority_reflect,pseudo_hidden
140,ex140,pad_top_left,True,False,ok,"(29, 29)","(29, 29)","(29, 29)",0,semantic_majority_reflect,pseudo_hidden
140,ex140,pad_bottom_right,True,False,ok,"(29, 29)","(29, 29)","(29, 29)",0,semantic_majority_reflect,pseudo_hidden
140,ex140,translate_down_right,True,False,ok,"(28, 28)","(28, 28)","(28, 28)",0,semantic_majority_reflect,pseudo_hidden
140,ex140,translate_up_left,True,False,ok,"(28, 28)","(28, 28)","(28, 28)",0,semantic_majority_reflect,pseudo_hidden
140,ex140,inert_2x2_distractor,True,False,ok,"(28, 28)","(28, 28)","(28, 28)",0,semantic_majority_reflect,pseudo_hidden
140,ex140,inert_singleton_distractor,True,False,ok,"(28, 28)","(28, 28)","(28, 28)",0,semantic_majority_reflect,pseudo_hidden
141,ex141,original,True,False,ok,"(30, 30)","(30, 30)","(30, 30)",0,semantic_majority_reflect,pseudo_hidden
141,ex141,color_permutation_a,True,False,ok,"(30, 30)","(30, 30)","(30, 30)",0,semantic_majority_reflect,pseudo_hidden
141,ex141,color_permutation_b,True,False,ok,"(30, 30)","(30, 30)","(30, 30)",0,semantic_majority_reflect,pseudo_hidden
141,ex141,transpose,True,False,ok,"(30, 30)","(30, 30)","(30, 30)",0,semantic_majority_reflect,pseudo_hidden
141,ex141,mirror_lr,True,False,ok,"(30, 30)","(30, 30)","(30, 30)",0,semantic_majority_reflect,pseudo_hidden
141,ex141,mirror_ud,True,False,ok,"(30, 30)","(30, 30)","(30, 30)",0,semantic_majority_reflect,pseudo_hidden
141,ex141,rotate_180,True,False,ok,"(30, 30)","(30, 30)","(30, 30)",0,semantic_majority_reflect,pseudo_hidden
141,ex141,pad_top_left,False,True,"input_shape_exceeds_limit:(31, 31)>(30, 30)","(31, 31)","(31, 31)",,,,pseudo_hidden
141,ex141,pad_bottom_right,False,True,"input_shape_exceeds_limit:(31, 31)>(30, 30)","(31, 31)","(31, 31)",,,,pseudo_hidden
141,ex141,translate_down_right,True,False,ok,"(30, 30)","(30, 30)","(30, 30)",0,semantic_majority_reflect,pseudo_hidden
141,ex141,translate_up_left,True,False,ok,"(30, 30)","(30, 30)","(30, 30)",0,semantic_majority_reflect,pseudo_hidden
141,ex141,inert_2x2_distractor,True,False,ok,"(30, 30)","(30, 30)","(30, 30)",0,semantic_majority_reflect,pseudo_hidden
141,ex141,inert_singleton_distractor,True,False,ok,"(30, 30)","(30, 30)","(30, 30)",0,semantic_majority_reflect,pseudo_hidden
142,ex142,original,True,False,ok,"(27, 27)","(27, 27)","(27, 27)",0,semantic_majority_reflect,pseudo_hidden
142,ex142,color_permutation_a,True,False,ok,"(27, 27)","(27, 27)","(27, 27)",0,semantic_majority_reflect,pseudo_hidden
142,ex142,color_permutation_b,True,False,ok,"(27, 27)","(27, 27)","(27, 27)",0,semantic_majority_reflect,pseudo_hidden
142,ex142,transpose,True,False,ok,"(27, 27)","(27, 27)","(27, 27)",0,semantic_majority_reflect,pseudo_hidden
142,ex142,mirror_lr,True,False,ok,"(27, 27)","(27, 27)","(27, 27)",0,semantic_majority_reflect,pseudo_hidden
142,ex142,mirror_ud,True,False,ok,"(27, 27)","(27, 27)","(27, 27)",0,semantic_majority_reflect,pseudo_hidden
142,ex142,rotate_180,True,False,ok,"(27, 27)","(27, 27)","(27, 27)",0,semantic_majority_reflect,pseudo_hidden
142,ex142,pad_top_left,True,False,ok,"(28, 28)","(28, 28)","(28, 28)",0,semantic_majority_reflect,pseudo_hidden
142,ex142,pad_bottom_right,True,False,ok,"(28, 28)","(28, 28)","(28, 28)",0,semantic_majority_reflect,pseudo_hidden
142,ex142,translate_down_right,True,False,ok,"(27, 27)","(27, 27)","(27, 27)",0,semantic_majority_reflect,pseudo_hidden
142,ex142,translate_up_left,True,False,ok,"(27, 27)","(27, 27)","(27, 27)",0,semantic_majority_reflect,pseudo_hidden
142,ex142,inert_2x2_distractor,True,False,ok,"(27, 27)","(27, 27)","(27, 27)",0,semantic_majority_reflect,pseudo_hidden
142,ex142,inert_singleton_distractor,True,False,ok,"(27, 27)","(27, 27)","(27, 27)",0,semantic_majority_reflect,pseudo_hidden
143,ex143,original,True,False,ok,"(20, 20)","(20, 20)","(20, 20)",0,semantic_majority_reflect,pseudo_hidden
143,ex143,color_permutation_a,True,False,ok,"(20, 20)","(20, 20)","(20, 20)",0,semantic_majority_reflect,pseudo_hidden
143,ex143,color_permutation_b,True,False,ok,"(20, 20)","(20, 20)","(20, 20)",0,semantic_majority_reflect,pseudo_hidden
143,ex143,transpose,True,False,ok,"(20, 20)","(20, 20)","(20, 20)",0,semantic_majority_reflect,pseudo_hidden
143,ex143,mirror_lr,True,False,ok,"(20, 20)","(20, 20)","(20, 20)",0,semantic_majority_reflect,pseudo_hidden
143,ex143,mirror_ud,True,False,ok,"(20, 20)","(20, 20)","(20, 20)",0,semantic_majority_reflect,pseudo_hidden
143,ex143,rotate_180,True,False,ok,"(20, 20)","(20, 20)","(20, 20)",0,semantic_majority_reflect,pseudo_hidden
143,ex143,pad_top_left,True,False,ok,"(21, 21)","(21, 21)","(21, 21)",0,semantic_majority_reflect,pseudo_hidden
143,ex143,pad_bottom_right,True,False,ok,"(21, 21)","(21, 21)","(21, 21)",0,semantic_majority_reflect,pseudo_hidden
143,ex143,translate_down_right,True,False,ok,"(20, 20)","(20, 20)","(20, 20)",0,semantic_majority_reflect,pseudo_hidden
143,ex143,translate_up_left,True,False,ok,"(20, 20)","(20, 20)","(20, 20)",0,semantic_majority_reflect,pseudo_hidden
143,ex143,inert_2x2_distractor,True,False,ok,"(20, 20)","(20, 20)","(20, 20)",0,semantic_majority_reflect,pseudo_hidden
143,ex143,inert_singleton_distractor,True,False,ok,"(20, 20)","(20, 20)","(20, 20)",0,semantic_majority_reflect,pseudo_hidden
144,ex144,original,True,False,ok,"(30, 30)","(30, 30)","(30, 30)",0,semantic_majority_reflect,pseudo_hidden
144,ex144,color_permutation_a,True,False,ok,"(30, 30)","(30, 30)","(30, 30)",0,semantic_majority_reflect,pseudo_hidden
144,ex144,color_permutation_b,True,False,ok,"(30, 30)","(30, 30)","(30, 30)",0,semantic_majority_reflect,pseudo_hidden
144,ex144,transpose,True,False,ok,"(30, 30)","(30, 30)","(30, 30)",0,semantic_majority_reflect,pseudo_hidden
144,ex144,mirror_lr,True,False,ok,"(30, 30)","(30, 30)","(30, 30)",0,semantic_majority_reflect,pseudo_hidden
144,ex144,mirror_ud,True,False,ok,"(30, 30)","(30, 30)","(30, 30)",0,semantic_majority_reflect,pseudo_hidden
144,ex144,rotate_180,True,False,ok,"(30, 30)","(30, 30)","(30, 30)",0,semantic_majority_reflect,pseudo_hidden
144,ex144,pad_top_left,False,True,"input_shape_exceeds_limit:(31, 31)>(30, 30)","(31, 31)","(31, 31)",,,,pseudo_hidden
144,ex144,pad_bottom_right,False,True,"input_shape_exceeds_limit:(31, 31)>(30, 30)","(31, 31)","(31, 31)",,,,pseudo_hidden
144,ex144,translate_down_right,True,False,ok,"(30, 30)","(30, 30)","(30, 30)",0,semantic_majority_reflect,pseudo_hidden
144,ex144,translate_up_left,True,False,ok,"(30, 30)","(30, 30)","(30, 30)",0,semantic_majority_reflect,pseudo_hidden
144,ex144,inert_2x2_distractor,True,False,ok,"(30, 30)","(30, 30)","(30, 30)",0,semantic_majority_reflect,pseudo_hidden
144,ex144,inert_singleton_distractor,True,False,ok,"(30, 30)","(30, 30)","(30, 30)",0,semantic_majority_reflect,pseudo_hidden
145,ex145,original,True,False,ok,"(29, 29)","(29, 29)","(29, 29)",0,semantic_majority_reflect,pseudo_hidden
145,ex145,color_permutation_a,True,False,ok,"(29, 29)","(29, 29)","(29, 29)",0,semantic_majority_reflect,pseudo_hidden
145,ex145,color_permutation_b,True,False,ok,"(29, 29)","(29, 29)","(29, 29)",0,semantic_majority_reflect,pseudo_hidden
145,ex145,transpose,True,False,ok,"(29, 29)","(29, 29)","(29, 29)",0,semantic_majority_reflect,pseudo_hidden
145,ex145,mirror_lr,True,False,ok,"(29, 29)","(29, 29)","(29, 29)",0,semantic_majority_reflect,pseudo_hidden
145,ex145,mirror_ud,True,False,ok,"(29, 29)","(29, 29)","(29, 29)",0,semantic_majority_reflect,pseudo_hidden
145,ex145,rotate_180,True,False,ok,"(29, 29)","(29, 29)","(29, 29)",0,semantic_majority_reflect,pseudo_hidden
145,ex145,pad_top_left,True,False,ok,"(30, 30)","(30, 30)","(30, 30)",0,semantic_majority_reflect,pseudo_hidden
145,ex145,pad_bottom_right,True,False,ok,"(30, 30)","(30, 30)","(30, 30)",0,semantic_majority_reflect,pseudo_hidden
145,ex145,translate_down_right,True,False,ok,"(29, 29)","(29, 29)","(29, 29)",0,semantic_majority_reflect,pseudo_hidden
145,ex145,translate_up_left,True,False,ok,"(29, 29)","(29, 29)","(29, 29)",0,semantic_majority_reflect,pseudo_hidden
145,ex145,inert_2x2_distractor,True,False,ok,"(29, 29)","(29, 29)","(29, 29)",0,semantic_majority_reflect,pseudo_hidden
145,ex145,inert_singleton_distractor,True,False,ok,"(29, 29)","(29, 29)","(29, 29)",0,semantic_majority_reflect,pseudo_hidden
146,ex146,original,True,False,ok,"(28, 28)","(28, 28)","(28, 28)",0,semantic_majority_reflect,pseudo_hidden
146,ex146,color_permutation_a,True,False,ok,"(28, 28)","(28, 28)","(28, 28)",0,semantic_majority_reflect,pseudo_hidden
146,ex146,color_permutation_b,True,False,ok,"(28, 28)","(28, 28)","(28, 28)",0,semantic_majority_reflect,pseudo_hidden
146,ex146,transpose,True,False,ok,"(28, 28)","(28, 28)","(28, 28)",0,semantic_majority_reflect,pseudo_hidden
146,ex146,mirror_lr,True,False,ok,"(28, 28)","(28, 28)","(28, 28)",0,semantic_majority_reflect,pseudo_hidden
146,ex146,mirror_ud,True,False,ok,"(28, 28)","(28, 28)","(28, 28)",0,semantic_majority_reflect,pseudo_hidden
146,ex146,rotate_180,True,False,ok,"(28, 28)","(28, 28)","(28, 28)",0,semantic_majority_reflect,pseudo_hidden
146,ex146,pad_top_left,True,False,ok,"(29, 29)","(29, 29)","(29, 29)",0,semantic_majority_reflect,pseudo_hidden
146,ex146,pad_bottom_right,True,False,ok,"(29, 29)","(29, 29)","(29, 29)",0,semantic_majority_reflect,pseudo_hidden
146,ex146,translate_down_right,True,False,ok,"(28, 28)","(28, 28)","(28, 28)",0,semantic_majority_reflect,pseudo_hidden
146,ex146,translate_up_left,True,False,ok,"(28, 28)","(28, 28)","(28, 28)",0,semantic_majority_reflect,pseudo_hidden
146,ex146,inert_2x2_distractor,True,False,ok,"(28, 28)","(28, 28)","(28, 28)",0,semantic_majority_reflect,pseudo_hidden
146,ex146,inert_singleton_distractor,True,False,ok,"(28, 28)","(28, 28)","(28, 28)",0,semantic_majority_reflect,pseudo_hidden
147,ex147,original,True,False,ok,"(15, 15)","(15, 15)","(15, 15)",0,semantic_majority_reflect,pseudo_hidden
147,ex147,color_permutation_a,True,False,ok,"(15, 15)","(15, 15)","(15, 15)",0,semantic_majority_reflect,pseudo_hidden
147,ex147,color_permutation_b,True,False,ok,"(15, 15)","(15, 15)","(15, 15)",0,semantic_majority_reflect,pseudo_hidden
147,ex147,transpose,True,False,ok,"(15, 15)","(15, 15)","(15, 15)",0,semantic_majority_reflect,pseudo_hidden
147,ex147,mirror_lr,True,False,ok,"(15, 15)","(15, 15)","(15, 15)",0,semantic_majority_reflect,pseudo_hidden
147,ex147,mirror_ud,True,False,ok,"(15, 15)","(15, 15)","(15, 15)",0,semantic_majority_reflect,pseudo_hidden
147,ex147,rotate_180,True,False,ok,"(15, 15)","(15, 15)","(15, 15)",0,semantic_majority_reflect,pseudo_hidden
147,ex147,pad_top_left,True,False,ok,"(16, 16)","(16, 16)","(16, 16)",0,semantic_majority_reflect,pseudo_hidden
147,ex147,pad_bottom_right,True,False,ok,"(16, 16)","(16, 16)","(16, 16)",0,semantic_majority_reflect,pseudo_hidden
147,ex147,translate_down_right,True,False,ok,"(15, 15)","(15, 15)","(15, 15)",0,semantic_majority_reflect,pseudo_hidden
147,ex147,translate_up_left,True,False,ok,"(15, 15)","(15, 15)","(15, 15)",0,semantic_majority_reflect,pseudo_hidden
147,ex147,inert_2x2_distractor,True,False,ok,"(15, 15)","(15, 15)","(15, 15)",0,semantic_majority_reflect,pseudo_hidden
147,ex147,inert_singleton_distractor,True,False,ok,"(15, 15)","(15, 15)","(15, 15)",0,semantic_majority_reflect,pseudo_hidden
148,ex148,original,True,False,ok,"(29, 29)","(29, 29)","(29, 29)",0,semantic_majority_reflect,pseudo_hidden
148,ex148,color_permutation_a,True,False,ok,"(29, 29)","(29, 29)","(29, 29)",0,semantic_majority_reflect,pseudo_hidden
148,ex148,color_permutation_b,True,False,ok,"(29, 29)","(29, 29)","(29, 29)",0,semantic_majority_reflect,pseudo_hidden
148,ex148,transpose,True,False,ok,"(29, 29)","(29, 29)","(29, 29)",0,semantic_majority_reflect,pseudo_hidden
148,ex148,mirror_lr,True,False,ok,"(29, 29)","(29, 29)","(29, 29)",0,semantic_majority_reflect,pseudo_hidden
148,ex148,mirror_ud,True,False,ok,"(29, 29)","(29, 29)","(29, 29)",0,semantic_majority_reflect,pseudo_hidden
148,ex148,rotate_180,True,False,ok,"(29, 29)","(29, 29)","(29, 29)",0,semantic_majority_reflect,pseudo_hidden
148,ex148,pad_top_left,True,False,ok,"(30, 30)","(30, 30)","(30, 30)",0,semantic_majority_reflect,pseudo_hidden
148,ex148,pad_bottom_right,True,False,ok,"(30, 30)","(30, 30)","(30, 30)",0,semantic_majority_reflect,pseudo_hidden
148,ex148,translate_down_right,True,False,ok,"(29, 29)","(29, 29)","(29, 29)",0,semantic_majority_reflect,pseudo_hidden
148,ex148,translate_up_left,True,False,ok,"(29, 29)","(29, 29)","(29, 29)",0,semantic_majority_reflect,pseudo_hidden
148,ex148,inert_2x2_distractor,True,False,ok,"(29, 29)","(29, 29)","(29, 29)",0,semantic_majority_reflect,pseudo_hidden
148,ex148,inert_singleton_distractor,True,False,ok,"(29, 29)","(29, 29)","(29, 29)",0,semantic_majority_reflect,pseudo_hidden
149,ex149,original,True,False,ok,"(26, 26)","(26, 26)","(26, 26)",0,semantic_majority_reflect,pseudo_hidden
149,ex149,color_permutation_a,True,False,ok,"(26, 26)","(26, 26)","(26, 26)",0,semantic_majority_reflect,pseudo_hidden
149,ex149,color_permutation_b,True,False,ok,"(26, 26)","(26, 26)","(26, 26)",0,semantic_majority_reflect,pseudo_hidden
149,ex149,transpose,True,False,ok,"(26, 26)","(26, 26)","(26, 26)",0,semantic_majority_reflect,pseudo_hidden
149,ex149,mirror_lr,True,False,ok,"(26, 26)","(26, 26)","(26, 26)",0,semantic_majority_reflect,pseudo_hidden
149,ex149,mirror_ud,True,False,ok,"(26, 26)","(26, 26)","(26, 26)",0,semantic_majority_reflect,pseudo_hidden
149,ex149,rotate_180,True,False,ok,"(26, 26)","(26, 26)","(26, 26)",0,semantic_majority_reflect,pseudo_hidden
149,ex149,pad_top_left,True,False,ok,"(27, 27)","(27, 27)","(27, 27)",0,semantic_majority_reflect,pseudo_hidden
149,ex149,pad_bottom_right,True,False,ok,"(27, 27)","(27, 27)","(27, 27)",0,semantic_majority_reflect,pseudo_hidden
149,ex149,translate_down_right,False,True,input_would_clip_right,"(26, 26)","(26, 26)",,,,pseudo_hidden
149,ex149,translate_up_left,True,False,ok,"(26, 26)","(26, 26)","(26, 26)",0,semantic_majority_reflect,pseudo_hidden
149,ex149,inert_2x2_distractor,True,False,ok,"(26, 26)","(26, 26)","(26, 26)",0,semantic_majority_reflect,pseudo_hidden
149,ex149,inert_singleton_distractor,True,False,ok,"(26, 26)","(26, 26)","(26, 26)",0,semantic_majority_reflect,pseudo_hidden
150,ex150,original,True,False,ok,"(24, 24)","(24, 24)","(24, 24)",0,semantic_majority_reflect,pseudo_hidden
150,ex150,color_permutation_a,True,False,ok,"(24, 24)","(24, 24)","(24, 24)",0,semantic_majority_reflect,pseudo_hidden
150,ex150,color_permutation_b,True,False,ok,"(24, 24)","(24, 24)","(24, 24)",0,semantic_majority_reflect,pseudo_hidden
150,ex150,transpose,True,False,ok,"(24, 24)","(24, 24)","(24, 24)",0,semantic_majority_reflect,pseudo_hidden
150,ex150,mirror_lr,True,False,ok,"(24, 24)","(24, 24)","(24, 24)",0,semantic_majority_reflect,pseudo_hidden
150,ex150,mirror_ud,True,False,ok,"(24, 24)","(24, 24)","(24, 24)",0,semantic_majority_reflect,pseudo_hidden
150,ex150,rotate_180,True,False,ok,"(24, 24)","(24, 24)","(24, 24)",0,semantic_majority_reflect,pseudo_hidden
150,ex150,pad_top_left,True,False,ok,"(25, 25)","(25, 25)","(25, 25)",0,semantic_majority_reflect,pseudo_hidden
150,ex150,pad_bottom_right,True,False,ok,"(25, 25)","(25, 25)","(25, 25)",0,semantic_majority_reflect,pseudo_hidden
150,ex150,translate_down_right,True,False,ok,"(24, 24)","(24, 24)","(24, 24)",0,semantic_majority_reflect,pseudo_hidden
150,ex150,translate_up_left,True,False,ok,"(24, 24)","(24, 24)","(24, 24)",0,semantic_majority_reflect,pseudo_hidden
150,ex150,inert_2x2_distractor,True,False,ok,"(24, 24)","(24, 24)","(24, 24)",0,semantic_majority_reflect,pseudo_hidden
150,ex150,inert_singleton_distractor,True,False,ok,"(24, 24)","(24, 24)","(24, 24)",0,semantic_majority_reflect,pseudo_hidden
151,ex151,original,True,False,ok,"(30, 30)","(30, 30)","(30, 30)",0,semantic_majority_reflect,pseudo_hidden
151,ex151,color_permutation_a,True,False,ok,"(30, 30)","(30, 30)","(30, 30)",0,semantic_majority_reflect,pseudo_hidden
151,ex151,color_permutation_b,True,False,ok,"(30, 30)","(30, 30)","(30, 30)",0,semantic_majority_reflect,pseudo_hidden
151,ex151,transpose,True,False,ok,"(30, 30)","(30, 30)","(30, 30)",0,semantic_majority_reflect,pseudo_hidden
151,ex151,mirror_lr,True,False,ok,"(30, 30)","(30, 30)","(30, 30)",0,semantic_majority_reflect,pseudo_hidden
151,ex151,mirror_ud,True,False,ok,"(30, 30)","(30, 30)","(30, 30)",0,semantic_majority_reflect,pseudo_hidden
151,ex151,rotate_180,True,False,ok,"(30, 30)","(30, 30)","(30, 30)",0,semantic_majority_reflect,pseudo_hidden
151,ex151,pad_top_left,False,True,"input_shape_exceeds_limit:(31, 31)>(30, 30)","(31, 31)","(31, 31)",,,,pseudo_hidden
151,ex151,pad_bottom_right,False,True,"input_shape_exceeds_limit:(31, 31)>(30, 30)","(31, 31)","(31, 31)",,,,pseudo_hidden
151,ex151,translate_down_right,True,False,ok,"(30, 30)","(30, 30)","(30, 30)",0,semantic_majority_reflect,pseudo_hidden
151,ex151,translate_up_left,True,False,ok,"(30, 30)","(30, 30)","(30, 30)",0,semantic_majority_reflect,pseudo_hidden
151,ex151,inert_2x2_distractor,True,False,ok,"(30, 30)","(30, 30)","(30, 30)",0,semantic_majority_reflect,pseudo_hidden
151,ex151,inert_singleton_distractor,True,False,ok,"(30, 30)","(30, 30)","(30, 30)",0,semantic_majority_reflect,pseudo_hidden
152,ex152,original,True,False,ok,"(24, 24)","(24, 24)","(24, 24)",0,semantic_majority_reflect,pseudo_hidden
152,ex152,color_permutation_a,True,False,ok,"(24, 24)","(24, 24)","(24, 24)",0,semantic_majority_reflect,pseudo_hidden
152,ex152,color_permutation_b,True,False,ok,"(24, 24)","(24, 24)","(24, 24)",0,semantic_majority_reflect,pseudo_hidden
152,ex152,transpose,True,False,ok,"(24, 24)","(24, 24)","(24, 24)",0,semantic_majority_reflect,pseudo_hidden
152,ex152,mirror_lr,True,False,ok,"(24, 24)","(24, 24)","(24, 24)",0,semantic_majority_reflect,pseudo_hidden
152,ex152,mirror_ud,True,False,ok,"(24, 24)","(24, 24)","(24, 24)",0,semantic_majority_reflect,pseudo_hidden
152,ex152,rotate_180,True,False,ok,"(24, 24)","(24, 24)","(24, 24)",0,semantic_majority_reflect,pseudo_hidden
152,ex152,pad_top_left,True,False,ok,"(25, 25)","(25, 25)","(25, 25)",0,semantic_majority_reflect,pseudo_hidden
152,ex152,pad_bottom_right,True,False,ok,"(25, 25)","(25, 25)","(25, 25)",0,semantic_majority_reflect,pseudo_hidden
152,ex152,translate_down_right,False,True,output_would_clip_bottom,"(24, 24)","(24, 24)",,,,pseudo_hidden
152,ex152,translate_up_left,True,False,ok,"(24, 24)","(24, 24)","(24, 24)",0,semantic_majority_reflect,pseudo_hidden
152,ex152,inert_2x2_distractor,True,False,ok,"(24, 24)","(24, 24)","(24, 24)",0,semantic_majority_reflect,pseudo_hidden
152,ex152,inert_singleton_distractor,True,False,ok,"(24, 24)","(24, 24)","(24, 24)",0,semantic_majority_reflect,pseudo_hidden
153,ex153,original,True,False,ok,"(12, 12)","(12, 12)","(12, 12)",0,semantic_majority_reflect,pseudo_hidden
153,ex153,color_permutation_a,True,False,ok,"(12, 12)","(12, 12)","(12, 12)",0,semantic_majority_reflect,pseudo_hidden
153,ex153,color_permutation_b,True,False,ok,"(12, 12)","(12, 12)","(12, 12)",0,semantic_majority_reflect,pseudo_hidden
153,ex153,transpose,True,False,ok,"(12, 12)","(12, 12)","(12, 12)",0,semantic_majority_reflect,pseudo_hidden
153,ex153,mirror_lr,True,False,ok,"(12, 12)","(12, 12)","(12, 12)",0,semantic_majority_reflect,pseudo_hidden
153,ex153,mirror_ud,True,False,ok,"(12, 12)","(12, 12)","(12, 12)",0,semantic_majority_reflect,pseudo_hidden
153,ex153,rotate_180,True,False,ok,"(12, 12)","(12, 12)","(12, 12)",0,semantic_majority_reflect,pseudo_hidden
153,ex153,pad_top_left,True,False,ok,"(13, 13)","(13, 13)","(13, 13)",0,semantic_majority_reflect,pseudo_hidden
153,ex153,pad_bottom_right,True,False,ok,"(13, 13)","(13, 13)","(13, 13)",0,semantic_majority_reflect,pseudo_hidden
153,ex153,translate_down_right,True,False,ok,"(12, 12)","(12, 12)","(12, 12)",0,semantic_majority_reflect,pseudo_hidden
153,ex153,translate_up_left,True,False,ok,"(12, 12)","(12, 12)","(12, 12)",0,semantic_majority_reflect,pseudo_hidden
153,ex153,inert_2x2_distractor,True,False,ok,"(12, 12)","(12, 12)","(12, 12)",0,semantic_majority_reflect,pseudo_hidden
153,ex153,inert_singleton_distractor,True,False,ok,"(12, 12)","(12, 12)","(12, 12)",0,semantic_majority_reflect,pseudo_hidden
154,ex154,original,True,False,ok,"(24, 24)","(24, 24)","(24, 24)",0,semantic_majority_reflect,pseudo_hidden
154,ex154,color_permutation_a,True,False,ok,"(24, 24)","(24, 24)","(24, 24)",0,semantic_majority_reflect,pseudo_hidden
154,ex154,color_permutation_b,True,False,ok,"(24, 24)","(24, 24)","(24, 24)",0,semantic_majority_reflect,pseudo_hidden
154,ex154,transpose,True,False,ok,"(24, 24)","(24, 24)","(24, 24)",0,semantic_majority_reflect,pseudo_hidden
154,ex154,mirror_lr,True,False,ok,"(24, 24)","(24, 24)","(24, 24)",0,semantic_majority_reflect,pseudo_hidden
154,ex154,mirror_ud,True,False,ok,"(24, 24)","(24, 24)","(24, 24)",0,semantic_majority_reflect,pseudo_hidden
154,ex154,rotate_180,True,False,ok,"(24, 24)","(24, 24)","(24, 24)",0,semantic_majority_reflect,pseudo_hidden
154,ex154,pad_top_left,True,False,ok,"(25, 25)","(25, 25)","(25, 25)",0,semantic_majority_reflect,pseudo_hidden
154,ex154,pad_bottom_right,True,False,ok,"(25, 25)","(25, 25)","(25, 25)",0,semantic_majority_reflect,pseudo_hidden
154,ex154,translate_down_right,True,False,ok,"(24, 24)","(24, 24)","(24, 24)",0,semantic_majority_reflect,pseudo_hidden
154,ex154,translate_up_left,True,False,ok,"(24, 24)","(24, 24)","(24, 24)",0,semantic_majority_reflect,pseudo_hidden
154,ex154,inert_2x2_distractor,True,False,ok,"(24, 24)","(24, 24)","(24, 24)",0,semantic_majority_reflect,pseudo_hidden
154,ex154,inert_singleton_distractor,True,False,ok,"(24, 24)","(24, 24)","(24, 24)",0,semantic_majority_reflect,pseudo_hidden
155,ex155,original,True,False,ok,"(29, 29)","(29, 29)","(29, 29)",0,semantic_majority_reflect,pseudo_hidden
155,ex155,color_permutation_a,True,False,ok,"(29, 29)","(29, 29)","(29, 29)",0,semantic_majority_reflect,pseudo_hidden
155,ex155,color_permutation_b,True,False,ok,"(29, 29)","(29, 29)","(29, 29)",0,semantic_majority_reflect,pseudo_hidden
155,ex155,transpose,True,False,ok,"(29, 29)","(29, 29)","(29, 29)",0,semantic_majority_reflect,pseudo_hidden
155,ex155,mirror_lr,True,False,ok,"(29, 29)","(29, 29)","(29, 29)",0,semantic_majority_reflect,pseudo_hidden
155,ex155,mirror_ud,True,False,ok,"(29, 29)","(29, 29)","(29, 29)",0,semantic_majority_reflect,pseudo_hidden
155,ex155,rotate_180,True,False,ok,"(29, 29)","(29, 29)","(29, 29)",0,semantic_majority_reflect,pseudo_hidden
155,ex155,pad_top_left,True,False,ok,"(30, 30)","(30, 30)","(30, 30)",0,semantic_majority_reflect,pseudo_hidden
155,ex155,pad_bottom_right,True,False,ok,"(30, 30)","(30, 30)","(30, 30)",0,semantic_majority_reflect,pseudo_hidden
155,ex155,translate_down_right,True,False,ok,"(29, 29)","(29, 29)","(29, 29)",0,semantic_majority_reflect,pseudo_hidden
155,ex155,translate_up_left,True,False,ok,"(29, 29)","(29, 29)","(29, 29)",0,semantic_majority_reflect,pseudo_hidden
155,ex155,inert_2x2_distractor,True,False,ok,"(29, 29)","(29, 29)","(29, 29)",0,semantic_majority_reflect,pseudo_hidden
155,ex155,inert_singleton_distractor,True,False,ok,"(29, 29)","(29, 29)","(29, 29)",0,semantic_majority_reflect,pseudo_hidden
156,ex156,original,True,False,ok,"(26, 26)","(26, 26)","(26, 26)",0,semantic_majority_reflect,pseudo_hidden
156,ex156,color_permutation_a,True,False,ok,"(26, 26)","(26, 26)","(26, 26)",0,semantic_majority_reflect,pseudo_hidden
156,ex156,color_permutation_b,True,False,ok,"(26, 26)","(26, 26)","(26, 26)",0,semantic_majority_reflect,pseudo_hidden
156,ex156,transpose,True,False,ok,"(26, 26)","(26, 26)","(26, 26)",0,semantic_majority_reflect,pseudo_hidden
156,ex156,mirror_lr,True,False,ok,"(26, 26)","(26, 26)","(26, 26)",0,semantic_majority_reflect,pseudo_hidden
156,ex156,mirror_ud,True,False,ok,"(26, 26)","(26, 26)","(26, 26)",0,semantic_majority_reflect,pseudo_hidden
156,ex156,rotate_180,True,False,ok,"(26, 26)","(26, 26)","(26, 26)",0,semantic_majority_reflect,pseudo_hidden
156,ex156,pad_top_left,True,False,ok,"(27, 27)","(27, 27)","(27, 27)",0,semantic_majority_reflect,pseudo_hidden
156,ex156,pad_bottom_right,True,False,ok,"(27, 27)","(27, 27)","(27, 27)",0,semantic_majority_reflect,pseudo_hidden
156,ex156,translate_down_right,True,False,ok,"(26, 26)","(26, 26)","(26, 26)",0,semantic_majority_reflect,pseudo_hidden
156,ex156,translate_up_left,True,False,ok,"(26, 26)","(26, 26)","(26, 26)",0,semantic_majority_reflect,pseudo_hidden
156,ex156,inert_2x2_distractor,True,False,ok,"(26, 26)","(26, 26)","(26, 26)",0,semantic_majority_reflect,pseudo_hidden
156,ex156,inert_singleton_distractor,True,False,ok,"(26, 26)","(26, 26)","(26, 26)",0,semantic_majority_reflect,pseudo_hidden
157,ex157,original,True,False,ok,"(25, 25)","(25, 25)","(25, 25)",0,semantic_majority_reflect,pseudo_hidden
157,ex157,color_permutation_a,True,False,ok,"(25, 25)","(25, 25)","(25, 25)",0,semantic_majority_reflect,pseudo_hidden
157,ex157,color_permutation_b,True,False,ok,"(25, 25)","(25, 25)","(25, 25)",0,semantic_majority_reflect,pseudo_hidden
157,ex157,transpose,True,False,ok,"(25, 25)","(25, 25)","(25, 25)",0,semantic_majority_reflect,pseudo_hidden
157,ex157,mirror_lr,True,False,ok,"(25, 25)","(25, 25)","(25, 25)",0,semantic_majority_reflect,pseudo_hidden
157,ex157,mirror_ud,True,False,ok,"(25, 25)","(25, 25)","(25, 25)",0,semantic_majority_reflect,pseudo_hidden
157,ex157,rotate_180,True,False,ok,"(25, 25)","(25, 25)","(25, 25)",0,semantic_majority_reflect,pseudo_hidden
157,ex157,pad_top_left,True,False,ok,"(26, 26)","(26, 26)","(26, 26)",0,semantic_majority_reflect,pseudo_hidden
157,ex157,pad_bottom_right,True,False,ok,"(26, 26)","(26, 26)","(26, 26)",0,semantic_majority_reflect,pseudo_hidden
157,ex157,translate_down_right,True,False,ok,"(25, 25)","(25, 25)","(25, 25)",0,semantic_majority_reflect,pseudo_hidden
157,ex157,translate_up_left,True,False,ok,"(25, 25)","(25, 25)","(25, 25)",0,semantic_majority_reflect,pseudo_hidden
157,ex157,inert_2x2_distractor,True,False,ok,"(25, 25)","(25, 25)","(25, 25)",0,semantic_majority_reflect,pseudo_hidden
157,ex157,inert_singleton_distractor,True,False,ok,"(25, 25)","(25, 25)","(25, 25)",0,semantic_majority_reflect,pseudo_hidden
158,ex158,original,True,False,ok,"(27, 27)","(27, 27)","(27, 27)",0,semantic_majority_reflect,pseudo_hidden
158,ex158,color_permutation_a,True,False,ok,"(27, 27)","(27, 27)","(27, 27)",0,semantic_majority_reflect,pseudo_hidden
158,ex158,color_permutation_b,True,False,ok,"(27, 27)","(27, 27)","(27, 27)",0,semantic_majority_reflect,pseudo_hidden
158,ex158,transpose,True,False,ok,"(27, 27)","(27, 27)","(27, 27)",0,semantic_majority_reflect,pseudo_hidden
158,ex158,mirror_lr,True,False,ok,"(27, 27)","(27, 27)","(27, 27)",0,semantic_majority_reflect,pseudo_hidden
158,ex158,mirror_ud,True,False,ok,"(27, 27)","(27, 27)","(27, 27)",0,semantic_majority_reflect,pseudo_hidden
158,ex158,rotate_180,True,False,ok,"(27, 27)","(27, 27)","(27, 27)",0,semantic_majority_reflect,pseudo_hidden
158,ex158,pad_top_left,True,False,ok,"(28, 28)","(28, 28)","(28, 28)",0,semantic_majority_reflect,pseudo_hidden
158,ex158,pad_bottom_right,True,False,ok,"(28, 28)","(28, 28)","(28, 28)",0,semantic_majority_reflect,pseudo_hidden
158,ex158,translate_down_right,True,False,ok,"(27, 27)","(27, 27)","(27, 27)",0,semantic_majority_reflect,pseudo_hidden
158,ex158,translate_up_left,True,False,ok,"(27, 27)","(27, 27)","(27, 27)",0,semantic_majority_reflect,pseudo_hidden
158,ex158,inert_2x2_distractor,True,False,ok,"(27, 27)","(27, 27)","(27, 27)",0,semantic_majority_reflect,pseudo_hidden
158,ex158,inert_singleton_distractor,True,False,ok,"(27, 27)","(27, 27)","(27, 27)",0,semantic_majority_reflect,pseudo_hidden
159,ex159,original,True,False,ok,"(30, 30)","(30, 30)","(30, 30)",0,semantic_majority_reflect,pseudo_hidden
159,ex159,color_permutation_a,True,False,ok,"(30, 30)","(30, 30)","(30, 30)",0,semantic_majority_reflect,pseudo_hidden
159,ex159,color_permutation_b,True,False,ok,"(30, 30)","(30, 30)","(30, 30)",0,semantic_majority_reflect,pseudo_hidden
159,ex159,transpose,True,False,ok,"(30, 30)","(30, 30)","(30, 30)",0,semantic_majority_reflect,pseudo_hidden
159,ex159,mirror_lr,True,False,ok,"(30, 30)","(30, 30)","(30, 30)",0,semantic_majority_reflect,pseudo_hidden
159,ex159,mirror_ud,True,False,ok,"(30, 30)","(30, 30)","(30, 30)",0,semantic_majority_reflect,pseudo_hidden
159,ex159,rotate_180,True,False,ok,"(30, 30)","(30, 30)","(30, 30)",0,semantic_majority_reflect,pseudo_hidden
159,ex159,pad_top_left,False,True,"input_shape_exceeds_limit:(31, 31)>(30, 30)","(31, 31)","(31, 31)",,,,pseudo_hidden
159,ex159,pad_bottom_right,False,True,"input_shape_exceeds_limit:(31, 31)>(30, 30)","(31, 31)","(31, 31)",,,,pseudo_hidden
159,ex159,translate_down_right,True,False,ok,"(30, 30)","(30, 30)","(30, 30)",0,semantic_majority_reflect,pseudo_hidden
159,ex159,translate_up_left,True,False,ok,"(30, 30)","(30, 30)","(30, 30)",0,semantic_majority_reflect,pseudo_hidden
159,ex159,inert_2x2_distractor,True,False,ok,"(30, 30)","(30, 30)","(30, 30)",0,semantic_majority_reflect,pseudo_hidden
159,ex159,inert_singleton_distractor,True,False,ok,"(30, 30)","(30, 30)","(30, 30)",0,semantic_majority_reflect,pseudo_hidden
160,ex160,original,True,False,ok,"(29, 29)","(29, 29)","(29, 29)",0,semantic_majority_reflect,pseudo_hidden
160,ex160,color_permutation_a,True,False,ok,"(29, 29)","(29, 29)","(29, 29)",0,semantic_majority_reflect,pseudo_hidden
160,ex160,color_permutation_b,True,False,ok,"(29, 29)","(29, 29)","(29, 29)",0,semantic_majority_reflect,pseudo_hidden
160,ex160,transpose,True,False,ok,"(29, 29)","(29, 29)","(29, 29)",0,semantic_majority_reflect,pseudo_hidden
160,ex160,mirror_lr,True,False,ok,"(29, 29)","(29, 29)","(29, 29)",0,semantic_majority_reflect,pseudo_hidden
160,ex160,mirror_ud,True,False,ok,"(29, 29)","(29, 29)","(29, 29)",0,semantic_majority_reflect,pseudo_hidden
160,ex160,rotate_180,True,False,ok,"(29, 29)","(29, 29)","(29, 29)",0,semantic_majority_reflect,pseudo_hidden
160,ex160,pad_top_left,True,False,ok,"(30, 30)","(30, 30)","(30, 30)",0,semantic_majority_reflect,pseudo_hidden
160,ex160,pad_bottom_right,True,False,ok,"(30, 30)","(30, 30)","(30, 30)",0,semantic_majority_reflect,pseudo_hidden
160,ex160,translate_down_right,True,False,ok,"(29, 29)","(29, 29)","(29, 29)",0,semantic_majority_reflect,pseudo_hidden
160,ex160,translate_up_left,True,False,ok,"(29, 29)","(29, 29)","(29, 29)",0,semantic_majority_reflect,pseudo_hidden
160,ex160,inert_2x2_distractor,True,False,ok,"(29, 29)","(29, 29)","(29, 29)",0,semantic_majority_reflect,pseudo_hidden
160,ex160,inert_singleton_distractor,True,False,ok,"(29, 29)","(29, 29)","(29, 29)",0,semantic_majority_reflect,pseudo_hidden
161,ex161,original,True,False,ok,"(23, 23)","(23, 23)","(23, 23)",0,semantic_majority_reflect,pseudo_hidden
161,ex161,color_permutation_a,True,False,ok,"(23, 23)","(23, 23)","(23, 23)",0,semantic_majority_reflect,pseudo_hidden
161,ex161,color_permutation_b,True,False,ok,"(23, 23)","(23, 23)","(23, 23)",0,semantic_majority_reflect,pseudo_hidden
161,ex161,transpose,True,False,ok,"(23, 23)","(23, 23)","(23, 23)",0,semantic_majority_reflect,pseudo_hidden
161,ex161,mirror_lr,True,False,ok,"(23, 23)","(23, 23)","(23, 23)",0,semantic_majority_reflect,pseudo_hidden
161,ex161,mirror_ud,True,False,ok,"(23, 23)","(23, 23)","(23, 23)",0,semantic_majority_reflect,pseudo_hidden
161,ex161,rotate_180,True,False,ok,"(23, 23)","(23, 23)","(23, 23)",0,semantic_majority_reflect,pseudo_hidden
161,ex161,pad_top_left,True,False,ok,"(24, 24)","(24, 24)","(24, 24)",0,semantic_majority_reflect,pseudo_hidden
161,ex161,pad_bottom_right,True,False,ok,"(24, 24)","(24, 24)","(24, 24)",0,semantic_majority_reflect,pseudo_hidden
161,ex161,translate_down_right,False,True,output_would_clip_bottom,"(23, 23)","(23, 23)",,,,pseudo_hidden
161,ex161,translate_up_left,True,False,ok,"(23, 23)","(23, 23)","(23, 23)",0,semantic_majority_reflect,pseudo_hidden
161,ex161,inert_2x2_distractor,True,False,ok,"(23, 23)","(23, 23)","(23, 23)",0,semantic_majority_reflect,pseudo_hidden
161,ex161,inert_singleton_distractor,True,False,ok,"(23, 23)","(23, 23)","(23, 23)",0,semantic_majority_reflect,pseudo_hidden
162,ex162,original,True,False,ok,"(30, 30)","(30, 30)","(30, 30)",0,semantic_majority_reflect,pseudo_hidden
162,ex162,color_permutation_a,True,False,ok,"(30, 30)","(30, 30)","(30, 30)",0,semantic_majority_reflect,pseudo_hidden
162,ex162,color_permutation_b,True,False,ok,"(30, 30)","(30, 30)","(30, 30)",0,semantic_majority_reflect,pseudo_hidden
162,ex162,transpose,True,False,ok,"(30, 30)","(30, 30)","(30, 30)",0,semantic_majority_reflect,pseudo_hidden
162,ex162,mirror_lr,True,False,ok,"(30, 30)","(30, 30)","(30, 30)",0,semantic_majority_reflect,pseudo_hidden
162,ex162,mirror_ud,True,False,ok,"(30, 30)","(30, 30)","(30, 30)",0,semantic_majority_reflect,pseudo_hidden
162,ex162,rotate_180,True,False,ok,"(30, 30)","(30, 30)","(30, 30)",0,semantic_majority_reflect,pseudo_hidden
162,ex162,pad_top_left,False,True,"input_shape_exceeds_limit:(31, 31)>(30, 30)","(31, 31)","(31, 31)",,,,pseudo_hidden
162,ex162,pad_bottom_right,False,True,"input_shape_exceeds_limit:(31, 31)>(30, 30)","(31, 31)","(31, 31)",,,,pseudo_hidden
162,ex162,translate_down_right,True,False,ok,"(30, 30)","(30, 30)","(30, 30)",0,semantic_majority_reflect,pseudo_hidden
162,ex162,translate_up_left,True,False,ok,"(30, 30)","(30, 30)","(30, 30)",0,semantic_majority_reflect,pseudo_hidden
162,ex162,inert_2x2_distractor,True,False,ok,"(30, 30)","(30, 30)","(30, 30)",0,semantic_majority_reflect,pseudo_hidden
162,ex162,inert_singleton_distractor,True,False,ok,"(30, 30)","(30, 30)","(30, 30)",0,semantic_majority_reflect,pseudo_hidden
163,ex163,original,True,False,ok,"(18, 18)","(18, 18)","(18, 18)",0,semantic_majority_reflect,pseudo_hidden
163,ex163,color_permutation_a,True,False,ok,"(18, 18)","(18, 18)","(18, 18)",0,semantic_majority_reflect,pseudo_hidden
163,ex163,color_permutation_b,True,False,ok,"(18, 18)","(18, 18)","(18, 18)",0,semantic_majority_reflect,pseudo_hidden
163,ex163,transpose,True,False,ok,"(18, 18)","(18, 18)","(18, 18)",0,semantic_majority_reflect,pseudo_hidden
163,ex163,mirror_lr,True,False,ok,"(18, 18)","(18, 18)","(18, 18)",0,semantic_majority_reflect,pseudo_hidden
163,ex163,mirror_ud,True,False,ok,"(18, 18)","(18, 18)","(18, 18)",0,semantic_majority_reflect,pseudo_hidden
163,ex163,rotate_180,True,False,ok,"(18, 18)","(18, 18)","(18, 18)",0,semantic_majority_reflect,pseudo_hidden
163,ex163,pad_top_left,True,False,ok,"(19, 19)","(19, 19)","(19, 19)",0,semantic_majority_reflect,pseudo_hidden
163,ex163,pad_bottom_right,True,False,ok,"(19, 19)","(19, 19)","(19, 19)",0,semantic_majority_reflect,pseudo_hidden
163,ex163,translate_down_right,True,False,ok,"(18, 18)","(18, 18)","(18, 18)",0,semantic_majority_reflect,pseudo_hidden
163,ex163,translate_up_left,True,False,ok,"(18, 18)","(18, 18)","(18, 18)",0,semantic_majority_reflect,pseudo_hidden
163,ex163,inert_2x2_distractor,True,False,ok,"(18, 18)","(18, 18)","(18, 18)",0,semantic_majority_reflect,pseudo_hidden
163,ex163,inert_singleton_distractor,True,False,ok,"(18, 18)","(18, 18)","(18, 18)",0,semantic_majority_reflect,pseudo_hidden
164,ex164,original,True,False,ok,"(29, 29)","(29, 29)","(29, 29)",0,semantic_majority_reflect,pseudo_hidden
164,ex164,color_permutation_a,True,False,ok,"(29, 29)","(29, 29)","(29, 29)",0,semantic_majority_reflect,pseudo_hidden
164,ex164,color_permutation_b,True,False,ok,"(29, 29)","(29, 29)","(29, 29)",0,semantic_majority_reflect,pseudo_hidden
164,ex164,transpose,True,False,ok,"(29, 29)","(29, 29)","(29, 29)",0,semantic_majority_reflect,pseudo_hidden
164,ex164,mirror_lr,True,False,ok,"(29, 29)","(29, 29)","(29, 29)",0,semantic_majority_reflect,pseudo_hidden
164,ex164,mirror_ud,True,False,ok,"(29, 29)","(29, 29)","(29, 29)",0,semantic_majority_reflect,pseudo_hidden
164,ex164,rotate_180,True,False,ok,"(29, 29)","(29, 29)","(29, 29)",0,semantic_majority_reflect,pseudo_hidden
164,ex164,pad_top_left,True,False,ok,"(30, 30)","(30, 30)","(30, 30)",0,semantic_majority_reflect,pseudo_hidden
164,ex164,pad_bottom_right,True,False,ok,"(30, 30)","(30, 30)","(30, 30)",0,semantic_majority_reflect,pseudo_hidden
164,ex164,translate_down_right,True,False,ok,"(29, 29)","(29, 29)","(29, 29)",0,semantic_majority_reflect,pseudo_hidden
164,ex164,translate_up_left,True,False,ok,"(29, 29)","(29, 29)","(29, 29)",0,semantic_majority_reflect,pseudo_hidden
164,ex164,inert_2x2_distractor,True,False,ok,"(29, 29)","(29, 29)","(29, 29)",0,semantic_majority_reflect,pseudo_hidden
164,ex164,inert_singleton_distractor,True,False,ok,"(29, 29)","(29, 29)","(29, 29)",0,semantic_majority_reflect,pseudo_hidden
165,ex165,original,True,False,ok,"(21, 21)","(21, 21)","(21, 21)",0,semantic_majority_reflect,pseudo_hidden
165,ex165,color_permutation_a,True,False,ok,"(21, 21)","(21, 21)","(21, 21)",0,semantic_majority_reflect,pseudo_hidden
165,ex165,color_permutation_b,True,False,ok,"(21, 21)","(21, 21)","(21, 21)",0,semantic_majority_reflect,pseudo_hidden
165,ex165,transpose,True,False,ok,"(21, 21)","(21, 21)","(21, 21)",0,semantic_majority_reflect,pseudo_hidden
165,ex165,mirror_lr,True,False,ok,"(21, 21)","(21, 21)","(21, 21)",0,semantic_majority_reflect,pseudo_hidden
165,ex165,mirror_ud,True,False,ok,"(21, 21)","(21, 21)","(21, 21)",0,semantic_majority_reflect,pseudo_hidden
165,ex165,rotate_180,True,False,ok,"(21, 21)","(21, 21)","(21, 21)",0,semantic_majority_reflect,pseudo_hidden
165,ex165,pad_top_left,True,False,ok,"(22, 22)","(22, 22)","(22, 22)",0,semantic_majority_reflect,pseudo_hidden
165,ex165,pad_bottom_right,True,False,ok,"(22, 22)","(22, 22)","(22, 22)",0,semantic_majority_reflect,pseudo_hidden
165,ex165,translate_down_right,True,False,ok,"(21, 21)","(21, 21)","(21, 21)",0,semantic_majority_reflect,pseudo_hidden
165,ex165,translate_up_left,True,False,ok,"(21, 21)","(21, 21)","(21, 21)",0,semantic_majority_reflect,pseudo_hidden
165,ex165,inert_2x2_distractor,True,False,ok,"(21, 21)","(21, 21)","(21, 21)",0,semantic_majority_reflect,pseudo_hidden
165,ex165,inert_singleton_distractor,True,False,ok,"(21, 21)","(21, 21)","(21, 21)",0,semantic_majority_reflect,pseudo_hidden
166,ex166,original,True,False,ok,"(23, 23)","(23, 23)","(23, 23)",0,semantic_majority_reflect,pseudo_hidden
166,ex166,color_permutation_a,True,False,ok,"(23, 23)","(23, 23)","(23, 23)",0,semantic_majority_reflect,pseudo_hidden
166,ex166,color_permutation_b,True,False,ok,"(23, 23)","(23, 23)","(23, 23)",0,semantic_majority_reflect,pseudo_hidden
166,ex166,transpose,True,False,ok,"(23, 23)","(23, 23)","(23, 23)",0,semantic_majority_reflect,pseudo_hidden
166,ex166,mirror_lr,True,False,ok,"(23, 23)","(23, 23)","(23, 23)",0,semantic_majority_reflect,pseudo_hidden
166,ex166,mirror_ud,True,False,ok,"(23, 23)","(23, 23)","(23, 23)",0,semantic_majority_reflect,pseudo_hidden
166,ex166,rotate_180,True,False,ok,"(23, 23)","(23, 23)","(23, 23)",0,semantic_majority_reflect,pseudo_hidden
166,ex166,pad_top_left,True,False,ok,"(24, 24)","(24, 24)","(24, 24)",0,semantic_majority_reflect,pseudo_hidden
166,ex166,pad_bottom_right,True,False,ok,"(24, 24)","(24, 24)","(24, 24)",0,semantic_majority_reflect,pseudo_hidden
166,ex166,translate_down_right,True,False,ok,"(23, 23)","(23, 23)","(23, 23)",0,semantic_majority_reflect,pseudo_hidden
166,ex166,translate_up_left,True,False,ok,"(23, 23)","(23, 23)","(23, 23)",0,semantic_majority_reflect,pseudo_hidden
166,ex166,inert_2x2_distractor,True,False,ok,"(23, 23)","(23, 23)","(23, 23)",0,semantic_majority_reflect,pseudo_hidden
166,ex166,inert_singleton_distractor,True,False,ok,"(23, 23)","(23, 23)","(23, 23)",0,semantic_majority_reflect,pseudo_hidden
167,ex167,original,True,False,ok,"(22, 22)","(22, 22)","(22, 22)",0,semantic_majority_reflect,pseudo_hidden
167,ex167,color_permutation_a,True,False,ok,"(22, 22)","(22, 22)","(22, 22)",0,semantic_majority_reflect,pseudo_hidden
167,ex167,color_permutation_b,True,False,ok,"(22, 22)","(22, 22)","(22, 22)",0,semantic_majority_reflect,pseudo_hidden
167,ex167,transpose,True,False,ok,"(22, 22)","(22, 22)","(22, 22)",0,semantic_majority_reflect,pseudo_hidden
167,ex167,mirror_lr,True,False,ok,"(22, 22)","(22, 22)","(22, 22)",0,semantic_majority_reflect,pseudo_hidden
167,ex167,mirror_ud,True,False,ok,"(22, 22)","(22, 22)","(22, 22)",0,semantic_majority_reflect,pseudo_hidden
167,ex167,rotate_180,True,False,ok,"(22, 22)","(22, 22)","(22, 22)",0,semantic_majority_reflect,pseudo_hidden
167,ex167,pad_top_left,True,False,ok,"(23, 23)","(23, 23)","(23, 23)",0,semantic_majority_reflect,pseudo_hidden
167,ex167,pad_bottom_right,True,False,ok,"(23, 23)","(23, 23)","(23, 23)",0,semantic_majority_reflect,pseudo_hidden
167,ex167,translate_down_right,True,False,ok,"(22, 22)","(22, 22)","(22, 22)",0,semantic_majority_reflect,pseudo_hidden
167,ex167,translate_up_left,True,False,ok,"(22, 22)","(22, 22)","(22, 22)",0,semantic_majority_reflect,pseudo_hidden
167,ex167,inert_2x2_distractor,True,False,ok,"(22, 22)","(22, 22)","(22, 22)",0,semantic_majority_reflect,pseudo_hidden
167,ex167,inert_singleton_distractor,True,False,ok,"(22, 22)","(22, 22)","(22, 22)",0,semantic_majority_reflect,pseudo_hidden
168,ex168,original,True,False,ok,"(27, 27)","(27, 27)","(27, 27)",0,semantic_majority_reflect,pseudo_hidden
168,ex168,color_permutation_a,True,False,ok,"(27, 27)","(27, 27)","(27, 27)",0,semantic_majority_reflect,pseudo_hidden
168,ex168,color_permutation_b,True,False,ok,"(27, 27)","(27, 27)","(27, 27)",0,semantic_majority_reflect,pseudo_hidden
168,ex168,transpose,True,False,ok,"(27, 27)","(27, 27)","(27, 27)",0,semantic_majority_reflect,pseudo_hidden
168,ex168,mirror_lr,True,False,ok,"(27, 27)","(27, 27)","(27, 27)",0,semantic_majority_reflect,pseudo_hidden
168,ex168,mirror_ud,True,False,ok,"(27, 27)","(27, 27)","(27, 27)",0,semantic_majority_reflect,pseudo_hidden
168,ex168,rotate_180,True,False,ok,"(27, 27)","(27, 27)","(27, 27)",0,semantic_majority_reflect,pseudo_hidden
168,ex168,pad_top_left,True,False,ok,"(28, 28)","(28, 28)","(28, 28)",0,semantic_majority_reflect,pseudo_hidden
168,ex168,pad_bottom_right,True,False,ok,"(28, 28)","(28, 28)","(28, 28)",0,semantic_majority_reflect,pseudo_hidden
168,ex168,translate_down_right,True,False,ok,"(27, 27)","(27, 27)","(27, 27)",0,semantic_majority_reflect,pseudo_hidden
168,ex168,translate_up_left,True,False,ok,"(27, 27)","(27, 27)","(27, 27)",0,semantic_majority_reflect,pseudo_hidden
168,ex168,inert_2x2_distractor,True,False,ok,"(27, 27)","(27, 27)","(27, 27)",0,semantic_majority_reflect,pseudo_hidden
168,ex168,inert_singleton_distractor,True,False,ok,"(27, 27)","(27, 27)","(27, 27)",0,semantic_majority_reflect,pseudo_hidden
169,ex169,original,True,False,ok,"(28, 28)","(28, 28)","(28, 28)",0,semantic_majority_reflect,pseudo_hidden
169,ex169,color_permutation_a,True,False,ok,"(28, 28)","(28, 28)","(28, 28)",0,semantic_majority_reflect,pseudo_hidden
169,ex169,color_permutation_b,True,False,ok,"(28, 28)","(28, 28)","(28, 28)",0,semantic_majority_reflect,pseudo_hidden
169,ex169,transpose,True,False,ok,"(28, 28)","(28, 28)","(28, 28)",0,semantic_majority_reflect,pseudo_hidden
169,ex169,mirror_lr,True,False,ok,"(28, 28)","(28, 28)","(28, 28)",0,semantic_majority_reflect,pseudo_hidden
169,ex169,mirror_ud,True,False,ok,"(28, 28)","(28, 28)","(28, 28)",0,semantic_majority_reflect,pseudo_hidden
169,ex169,rotate_180,True,False,ok,"(28, 28)","(28, 28)","(28, 28)",0,semantic_majority_reflect,pseudo_hidden
169,ex169,pad_top_left,True,False,ok,"(29, 29)","(29, 29)","(29, 29)",0,semantic_majority_reflect,pseudo_hidden
169,ex169,pad_bottom_right,True,False,ok,"(29, 29)","(29, 29)","(29, 29)",0,semantic_majority_reflect,pseudo_hidden
169,ex169,translate_down_right,True,False,ok,"(28, 28)","(28, 28)","(28, 28)",0,semantic_majority_reflect,pseudo_hidden
169,ex169,translate_up_left,True,False,ok,"(28, 28)","(28, 28)","(28, 28)",0,semantic_majority_reflect,pseudo_hidden
169,ex169,inert_2x2_distractor,True,False,ok,"(28, 28)","(28, 28)","(28, 28)",0,semantic_majority_reflect,pseudo_hidden
169,ex169,inert_singleton_distractor,True,False,ok,"(28, 28)","(28, 28)","(28, 28)",0,semantic_majority_reflect,pseudo_hidden
170,ex170,original,True,False,ok,"(29, 29)","(29, 29)","(29, 29)",0,semantic_majority_reflect,pseudo_hidden
170,ex170,color_permutation_a,True,False,ok,"(29, 29)","(29, 29)","(29, 29)",0,semantic_majority_reflect,pseudo_hidden
170,ex170,color_permutation_b,True,False,ok,"(29, 29)","(29, 29)","(29, 29)",0,semantic_majority_reflect,pseudo_hidden
170,ex170,transpose,True,False,ok,"(29, 29)","(29, 29)","(29, 29)",0,semantic_majority_reflect,pseudo_hidden
170,ex170,mirror_lr,True,False,ok,"(29, 29)","(29, 29)","(29, 29)",0,semantic_majority_reflect,pseudo_hidden
170,ex170,mirror_ud,True,False,ok,"(29, 29)","(29, 29)","(29, 29)",0,semantic_majority_reflect,pseudo_hidden
170,ex170,rotate_180,True,False,ok,"(29, 29)","(29, 29)","(29, 29)",0,semantic_majority_reflect,pseudo_hidden
170,ex170,pad_top_left,True,False,ok,"(30, 30)","(30, 30)","(30, 30)",0,semantic_majority_reflect,pseudo_hidden
170,ex170,pad_bottom_right,True,False,ok,"(30, 30)","(30, 30)","(30, 30)",0,semantic_majority_reflect,pseudo_hidden
170,ex170,translate_down_right,True,False,ok,"(29, 29)","(29, 29)","(29, 29)",0,semantic_majority_reflect,pseudo_hidden
170,ex170,translate_up_left,True,False,ok,"(29, 29)","(29, 29)","(29, 29)",0,semantic_majority_reflect,pseudo_hidden
170,ex170,inert_2x2_distractor,True,False,ok,"(29, 29)","(29, 29)","(29, 29)",0,semantic_majority_reflect,pseudo_hidden
170,ex170,inert_singleton_distractor,True,False,ok,"(29, 29)","(29, 29)","(29, 29)",0,semantic_majority_reflect,pseudo_hidden
171,ex171,original,True,False,ok,"(23, 23)","(23, 23)","(23, 23)",0,semantic_majority_reflect,pseudo_hidden
171,ex171,color_permutation_a,True,False,ok,"(23, 23)","(23, 23)","(23, 23)",0,semantic_majority_reflect,pseudo_hidden
171,ex171,color_permutation_b,True,False,ok,"(23, 23)","(23, 23)","(23, 23)",0,semantic_majority_reflect,pseudo_hidden
171,ex171,transpose,True,False,ok,"(23, 23)","(23, 23)","(23, 23)",0,semantic_majority_reflect,pseudo_hidden
171,ex171,mirror_lr,True,False,ok,"(23, 23)","(23, 23)","(23, 23)",0,semantic_majority_reflect,pseudo_hidden
171,ex171,mirror_ud,True,False,ok,"(23, 23)","(23, 23)","(23, 23)",0,semantic_majority_reflect,pseudo_hidden
171,ex171,rotate_180,True,False,ok,"(23, 23)","(23, 23)","(23, 23)",0,semantic_majority_reflect,pseudo_hidden
171,ex171,pad_top_left,True,False,ok,"(24, 24)","(24, 24)","(24, 24)",0,semantic_majority_reflect,pseudo_hidden
171,ex171,pad_bottom_right,True,False,ok,"(24, 24)","(24, 24)","(24, 24)",0,semantic_majority_reflect,pseudo_hidden
171,ex171,translate_down_right,True,False,ok,"(23, 23)","(23, 23)","(23, 23)",0,semantic_majority_reflect,pseudo_hidden
171,ex171,translate_up_left,True,False,ok,"(23, 23)","(23, 23)","(23, 23)",0,semantic_majority_reflect,pseudo_hidden
171,ex171,inert_2x2_distractor,True,False,ok,"(23, 23)","(23, 23)","(23, 23)",0,semantic_majority_reflect,pseudo_hidden
171,ex171,inert_singleton_distractor,True,False,ok,"(23, 23)","(23, 23)","(23, 23)",0,semantic_majority_reflect,pseudo_hidden
172,ex172,original,True,False,ok,"(27, 27)","(27, 27)","(27, 27)",0,semantic_majority_reflect,pseudo_hidden
172,ex172,color_permutation_a,True,False,ok,"(27, 27)","(27, 27)","(27, 27)",0,semantic_majority_reflect,pseudo_hidden
172,ex172,color_permutation_b,True,False,ok,"(27, 27)","(27, 27)","(27, 27)",0,semantic_majority_reflect,pseudo_hidden
172,ex172,transpose,True,False,ok,"(27, 27)","(27, 27)","(27, 27)",0,semantic_majority_reflect,pseudo_hidden
172,ex172,mirror_lr,True,False,ok,"(27, 27)","(27, 27)","(27, 27)",0,semantic_majority_reflect,pseudo_hidden
172,ex172,mirror_ud,True,False,ok,"(27, 27)","(27, 27)","(27, 27)",0,semantic_majority_reflect,pseudo_hidden
172,ex172,rotate_180,True,False,ok,"(27, 27)","(27, 27)","(27, 27)",0,semantic_majority_reflect,pseudo_hidden
172,ex172,pad_top_left,True,False,ok,"(28, 28)","(28, 28)","(28, 28)",0,semantic_majority_reflect,pseudo_hidden
172,ex172,pad_bottom_right,True,False,ok,"(28, 28)","(28, 28)","(28, 28)",0,semantic_majority_reflect,pseudo_hidden
172,ex172,translate_down_right,True,False,ok,"(27, 27)","(27, 27)","(27, 27)",0,semantic_majority_reflect,pseudo_hidden
172,ex172,translate_up_left,True,False,ok,"(27, 27)","(27, 27)","(27, 27)",0,semantic_majority_reflect,pseudo_hidden
172,ex172,inert_2x2_distractor,True,False,ok,"(27, 27)","(27, 27)","(27, 27)",0,semantic_majority_reflect,pseudo_hidden
172,ex172,inert_singleton_distractor,True,False,ok,"(27, 27)","(27, 27)","(27, 27)",0,semantic_majority_reflect,pseudo_hidden
173,ex173,original,True,False,ok,"(25, 25)","(25, 25)","(25, 25)",0,semantic_majority_reflect,pseudo_hidden
173,ex173,color_permutation_a,True,False,ok,"(25, 25)","(25, 25)","(25, 25)",0,semantic_majority_reflect,pseudo_hidden
173,ex173,color_permutation_b,True,False,ok,"(25, 25)","(25, 25)","(25, 25)",0,semantic_majority_reflect,pseudo_hidden
173,ex173,transpose,True,False,ok,"(25, 25)","(25, 25)","(25, 25)",0,semantic_majority_reflect,pseudo_hidden
173,ex173,mirror_lr,True,False,ok,"(25, 25)","(25, 25)","(25, 25)",0,semantic_majority_reflect,pseudo_hidden
173,ex173,mirror_ud,True,False,ok,"(25, 25)","(25, 25)","(25, 25)",0,semantic_majority_reflect,pseudo_hidden
173,ex173,rotate_180,True,False,ok,"(25, 25)","(25, 25)","(25, 25)",0,semantic_majority_reflect,pseudo_hidden
173,ex173,pad_top_left,True,False,ok,"(26, 26)","(26, 26)","(26, 26)",0,semantic_majority_reflect,pseudo_hidden
173,ex173,pad_bottom_right,True,False,ok,"(26, 26)","(26, 26)","(26, 26)",0,semantic_majority_reflect,pseudo_hidden
173,ex173,translate_down_right,True,False,ok,"(25, 25)","(25, 25)","(25, 25)",0,semantic_majority_reflect,pseudo_hidden
173,ex173,translate_up_left,True,False,ok,"(25, 25)","(25, 25)","(25, 25)",0,semantic_majority_reflect,pseudo_hidden
173,ex173,inert_2x2_distractor,True,False,ok,"(25, 25)","(25, 25)","(25, 25)",0,semantic_majority_reflect,pseudo_hidden
173,ex173,inert_singleton_distractor,True,False,ok,"(25, 25)","(25, 25)","(25, 25)",0,semantic_majority_reflect,pseudo_hidden
174,ex174,original,True,False,ok,"(29, 29)","(29, 29)","(29, 29)",0,semantic_majority_reflect,pseudo_hidden
174,ex174,color_permutation_a,True,False,ok,"(29, 29)","(29, 29)","(29, 29)",0,semantic_majority_reflect,pseudo_hidden
174,ex174,color_permutation_b,True,False,ok,"(29, 29)","(29, 29)","(29, 29)",0,semantic_majority_reflect,pseudo_hidden
174,ex174,transpose,True,False,ok,"(29, 29)","(29, 29)","(29, 29)",0,semantic_majority_reflect,pseudo_hidden
174,ex174,mirror_lr,True,False,ok,"(29, 29)","(29, 29)","(29, 29)",0,semantic_majority_reflect,pseudo_hidden
174,ex174,mirror_ud,True,False,ok,"(29, 29)","(29, 29)","(29, 29)",0,semantic_majority_reflect,pseudo_hidden
174,ex174,rotate_180,True,False,ok,"(29, 29)","(29, 29)","(29, 29)",0,semantic_majority_reflect,pseudo_hidden
174,ex174,pad_top_left,True,False,ok,"(30, 30)","(30, 30)","(30, 30)",0,semantic_majority_reflect,pseudo_hidden
174,ex174,pad_bottom_right,True,False,ok,"(30, 30)","(30, 30)","(30, 30)",0,semantic_majority_reflect,pseudo_hidden
174,ex174,translate_down_right,True,False,ok,"(29, 29)","(29, 29)","(29, 29)",0,semantic_majority_reflect,pseudo_hidden
174,ex174,translate_up_left,True,False,ok,"(29, 29)","(29, 29)","(29, 29)",0,semantic_majority_reflect,pseudo_hidden
174,ex174,inert_2x2_distractor,True,False,ok,"(29, 29)","(29, 29)","(29, 29)",0,semantic_majority_reflect,pseudo_hidden
174,ex174,inert_singleton_distractor,True,False,ok,"(29, 29)","(29, 29)","(29, 29)",0,semantic_majority_reflect,pseudo_hidden
175,ex175,original,True,False,ok,"(28, 28)","(28, 28)","(28, 28)",0,semantic_majority_reflect,pseudo_hidden
175,ex175,color_permutation_a,True,False,ok,"(28, 28)","(28, 28)","(28, 28)",0,semantic_majority_reflect,pseudo_hidden
175,ex175,color_permutation_b,True,False,ok,"(28, 28)","(28, 28)","(28, 28)",0,semantic_majority_reflect,pseudo_hidden
175,ex175,transpose,True,False,ok,"(28, 28)","(28, 28)","(28, 28)",0,semantic_majority_reflect,pseudo_hidden
175,ex175,mirror_lr,True,False,ok,"(28, 28)","(28, 28)","(28, 28)",0,semantic_majority_reflect,pseudo_hidden
175,ex175,mirror_ud,True,False,ok,"(28, 28)","(28, 28)","(28, 28)",0,semantic_majority_reflect,pseudo_hidden
175,ex175,rotate_180,True,False,ok,"(28, 28)","(28, 28)","(28, 28)",0,semantic_majority_reflect,pseudo_hidden
175,ex175,pad_top_left,True,False,ok,"(29, 29)","(29, 29)","(29, 29)",0,semantic_majority_reflect,pseudo_hidden
175,ex175,pad_bottom_right,True,False,ok,"(29, 29)","(29, 29)","(29, 29)",0,semantic_majority_reflect,pseudo_hidden
175,ex175,translate_down_right,True,False,ok,"(28, 28)","(28, 28)","(28, 28)",0,semantic_majority_reflect,pseudo_hidden
175,ex175,translate_up_left,True,False,ok,"(28, 28)","(28, 28)","(28, 28)",0,semantic_majority_reflect,pseudo_hidden
175,ex175,inert_2x2_distractor,True,False,ok,"(28, 28)","(28, 28)","(28, 28)",0,semantic_majority_reflect,pseudo_hidden
175,ex175,inert_singleton_distractor,True,False,ok,"(28, 28)","(28, 28)","(28, 28)",0,semantic_majority_reflect,pseudo_hidden
176,ex176,original,True,False,ok,"(30, 30)","(30, 30)","(30, 30)",0,semantic_majority_reflect,pseudo_hidden
176,ex176,color_permutation_a,True,False,ok,"(30, 30)","(30, 30)","(30, 30)",0,semantic_majority_reflect,pseudo_hidden
176,ex176,color_permutation_b,True,False,ok,"(30, 30)","(30, 30)","(30, 30)",0,semantic_majority_reflect,pseudo_hidden
176,ex176,transpose,True,False,ok,"(30, 30)","(30, 30)","(30, 30)",0,semantic_majority_reflect,pseudo_hidden
176,ex176,mirror_lr,True,False,ok,"(30, 30)","(30, 30)","(30, 30)",0,semantic_majority_reflect,pseudo_hidden
176,ex176,mirror_ud,True,False,ok,"(30, 30)","(30, 30)","(30, 30)",0,semantic_majority_reflect,pseudo_hidden
176,ex176,rotate_180,True,False,ok,"(30, 30)","(30, 30)","(30, 30)",0,semantic_majority_reflect,pseudo_hidden
176,ex176,pad_top_left,False,True,"input_shape_exceeds_limit:(31, 31)>(30, 30)","(31, 31)","(31, 31)",,,,pseudo_hidden
176,ex176,pad_bottom_right,False,True,"input_shape_exceeds_limit:(31, 31)>(30, 30)","(31, 31)","(31, 31)",,,,pseudo_hidden
176,ex176,translate_down_right,True,False,ok,"(30, 30)","(30, 30)","(30, 30)",0,semantic_majority_reflect,pseudo_hidden
176,ex176,translate_up_left,True,False,ok,"(30, 30)","(30, 30)","(30, 30)",0,semantic_majority_reflect,pseudo_hidden
176,ex176,inert_2x2_distractor,True,False,ok,"(30, 30)","(30, 30)","(30, 30)",0,semantic_majority_reflect,pseudo_hidden
176,ex176,inert_singleton_distractor,True,False,ok,"(30, 30)","(30, 30)","(30, 30)",0,semantic_majority_reflect,pseudo_hidden
177,ex177,original,True,False,ok,"(27, 27)","(27, 27)","(27, 27)",0,semantic_majority_reflect,pseudo_hidden
177,ex177,color_permutation_a,True,False,ok,"(27, 27)","(27, 27)","(27, 27)",0,semantic_majority_reflect,pseudo_hidden
177,ex177,color_permutation_b,True,False,ok,"(27, 27)","(27, 27)","(27, 27)",0,semantic_majority_reflect,pseudo_hidden
177,ex177,transpose,True,False,ok,"(27, 27)","(27, 27)","(27, 27)",0,semantic_majority_reflect,pseudo_hidden
177,ex177,mirror_lr,True,False,ok,"(27, 27)","(27, 27)","(27, 27)",0,semantic_majority_reflect,pseudo_hidden
177,ex177,mirror_ud,True,False,ok,"(27, 27)","(27, 27)","(27, 27)",0,semantic_majority_reflect,pseudo_hidden
177,ex177,rotate_180,True,False,ok,"(27, 27)","(27, 27)","(27, 27)",0,semantic_majority_reflect,pseudo_hidden
177,ex177,pad_top_left,True,False,ok,"(28, 28)","(28, 28)","(28, 28)",0,semantic_majority_reflect,pseudo_hidden
177,ex177,pad_bottom_right,True,False,ok,"(28, 28)","(28, 28)","(28, 28)",0,semantic_majority_reflect,pseudo_hidden
177,ex177,translate_down_right,True,False,ok,"(27, 27)","(27, 27)","(27, 27)",0,semantic_majority_reflect,pseudo_hidden
177,ex177,translate_up_left,True,False,ok,"(27, 27)","(27, 27)","(27, 27)",0,semantic_majority_reflect,pseudo_hidden
177,ex177,inert_2x2_distractor,True,False,ok,"(27, 27)","(27, 27)","(27, 27)",0,semantic_majority_reflect,pseudo_hidden
177,ex177,inert_singleton_distractor,True,False,ok,"(27, 27)","(27, 27)","(27, 27)",0,semantic_majority_reflect,pseudo_hidden
178,ex178,original,True,False,ok,"(21, 21)","(21, 21)","(21, 21)",0,semantic_majority_reflect,pseudo_hidden
178,ex178,color_permutation_a,True,False,ok,"(21, 21)","(21, 21)","(21, 21)",0,semantic_majority_reflect,pseudo_hidden
178,ex178,color_permutation_b,True,False,ok,"(21, 21)","(21, 21)","(21, 21)",0,semantic_majority_reflect,pseudo_hidden
178,ex178,transpose,True,False,ok,"(21, 21)","(21, 21)","(21, 21)",0,semantic_majority_reflect,pseudo_hidden
178,ex178,mirror_lr,True,False,ok,"(21, 21)","(21, 21)","(21, 21)",0,semantic_majority_reflect,pseudo_hidden
178,ex178,mirror_ud,True,False,ok,"(21, 21)","(21, 21)","(21, 21)",0,semantic_majority_reflect,pseudo_hidden
178,ex178,rotate_180,True,False,ok,"(21, 21)","(21, 21)","(21, 21)",0,semantic_majority_reflect,pseudo_hidden
178,ex178,pad_top_left,True,False,ok,"(22, 22)","(22, 22)","(22, 22)",0,semantic_majority_reflect,pseudo_hidden
178,ex178,pad_bottom_right,True,False,ok,"(22, 22)","(22, 22)","(22, 22)",0,semantic_majority_reflect,pseudo_hidden
178,ex178,translate_down_right,True,False,ok,"(21, 21)","(21, 21)","(21, 21)",0,semantic_majority_reflect,pseudo_hidden
178,ex178,translate_up_left,True,False,ok,"(21, 21)","(21, 21)","(21, 21)",0,semantic_majority_reflect,pseudo_hidden
178,ex178,inert_2x2_distractor,True,False,ok,"(21, 21)","(21, 21)","(21, 21)",0,semantic_majority_reflect,pseudo_hidden
178,ex178,inert_singleton_distractor,True,False,ok,"(21, 21)","(21, 21)","(21, 21)",0,semantic_majority_reflect,pseudo_hidden
179,ex179,original,True,False,ok,"(29, 29)","(29, 29)","(29, 29)",0,semantic_majority_reflect,pseudo_hidden
179,ex179,color_permutation_a,True,False,ok,"(29, 29)","(29, 29)","(29, 29)",0,semantic_majority_reflect,pseudo_hidden
179,ex179,color_permutation_b,True,False,ok,"(29, 29)","(29, 29)","(29, 29)",0,semantic_majority_reflect,pseudo_hidden
179,ex179,transpose,True,False,ok,"(29, 29)","(29, 29)","(29, 29)",0,semantic_majority_reflect,pseudo_hidden
179,ex179,mirror_lr,True,False,ok,"(29, 29)","(29, 29)","(29, 29)",0,semantic_majority_reflect,pseudo_hidden
179,ex179,mirror_ud,True,False,ok,"(29, 29)","(29, 29)","(29, 29)",0,semantic_majority_reflect,pseudo_hidden
179,ex179,rotate_180,True,False,ok,"(29, 29)","(29, 29)","(29, 29)",0,semantic_majority_reflect,pseudo_hidden
179,ex179,pad_top_left,True,False,ok,"(30, 30)","(30, 30)","(30, 30)",0,semantic_majority_reflect,pseudo_hidden
179,ex179,pad_bottom_right,True,False,ok,"(30, 30)","(30, 30)","(30, 30)",0,semantic_majority_reflect,pseudo_hidden
179,ex179,translate_down_right,True,False,ok,"(29, 29)","(29, 29)","(29, 29)",0,semantic_majority_reflect,pseudo_hidden
179,ex179,translate_up_left,True,False,ok,"(29, 29)","(29, 29)","(29, 29)",0,semantic_majority_reflect,pseudo_hidden
179,ex179,inert_2x2_distractor,True,False,ok,"(29, 29)","(29, 29)","(29, 29)",0,semantic_majority_reflect,pseudo_hidden
179,ex179,inert_singleton_distractor,True,False,ok,"(29, 29)","(29, 29)","(29, 29)",0,semantic_majority_reflect,pseudo_hidden
180,ex180,original,True,False,ok,"(25, 25)","(25, 25)","(25, 25)",0,semantic_majority_reflect,pseudo_hidden
180,ex180,color_permutation_a,True,False,ok,"(25, 25)","(25, 25)","(25, 25)",0,semantic_majority_reflect,pseudo_hidden
180,ex180,color_permutation_b,True,False,ok,"(25, 25)","(25, 25)","(25, 25)",0,semantic_majority_reflect,pseudo_hidden
180,ex180,transpose,True,False,ok,"(25, 25)","(25, 25)","(25, 25)",0,semantic_majority_reflect,pseudo_hidden
180,ex180,mirror_lr,True,False,ok,"(25, 25)","(25, 25)","(25, 25)",0,semantic_majority_reflect,pseudo_hidden
180,ex180,mirror_ud,True,False,ok,"(25, 25)","(25, 25)","(25, 25)",0,semantic_majority_reflect,pseudo_hidden
180,ex180,rotate_180,True,False,ok,"(25, 25)","(25, 25)","(25, 25)",0,semantic_majority_reflect,pseudo_hidden
180,ex180,pad_top_left,True,False,ok,"(26, 26)","(26, 26)","(26, 26)",0,semantic_majority_reflect,pseudo_hidden
180,ex180,pad_bottom_right,True,False,ok,"(26, 26)","(26, 26)","(26, 26)",0,semantic_majority_reflect,pseudo_hidden
180,ex180,translate_down_right,True,False,ok,"(25, 25)","(25, 25)","(25, 25)",0,semantic_majority_reflect,pseudo_hidden
180,ex180,translate_up_left,True,False,ok,"(25, 25)","(25, 25)","(25, 25)",0,semantic_majority_reflect,pseudo_hidden
180,ex180,inert_2x2_distractor,True,False,ok,"(25, 25)","(25, 25)","(25, 25)",0,semantic_majority_reflect,pseudo_hidden
180,ex180,inert_singleton_distractor,True,False,ok,"(25, 25)","(25, 25)","(25, 25)",0,semantic_majority_reflect,pseudo_hidden
181,ex181,original,True,False,ok,"(14, 14)","(14, 14)","(14, 14)",0,semantic_majority_reflect,pseudo_hidden
181,ex181,color_permutation_a,True,False,ok,"(14, 14)","(14, 14)","(14, 14)",0,semantic_majority_reflect,pseudo_hidden
181,ex181,color_permutation_b,True,False,ok,"(14, 14)","(14, 14)","(14, 14)",0,semantic_majority_reflect,pseudo_hidden
181,ex181,transpose,True,False,ok,"(14, 14)","(14, 14)","(14, 14)",0,semantic_majority_reflect,pseudo_hidden
181,ex181,mirror_lr,True,False,ok,"(14, 14)","(14, 14)","(14, 14)",0,semantic_majority_reflect,pseudo_hidden
181,ex181,mirror_ud,True,False,ok,"(14, 14)","(14, 14)","(14, 14)",0,semantic_majority_reflect,pseudo_hidden
181,ex181,rotate_180,True,False,ok,"(14, 14)","(14, 14)","(14, 14)",0,semantic_majority_reflect,pseudo_hidden
181,ex181,pad_top_left,True,False,ok,"(15, 15)","(15, 15)","(15, 15)",0,semantic_majority_reflect,pseudo_hidden
181,ex181,pad_bottom_right,True,False,ok,"(15, 15)","(15, 15)","(15, 15)",0,semantic_majority_reflect,pseudo_hidden
181,ex181,translate_down_right,True,False,ok,"(14, 14)","(14, 14)","(14, 14)",0,semantic_majority_reflect,pseudo_hidden
181,ex181,translate_up_left,True,False,ok,"(14, 14)","(14, 14)","(14, 14)",0,semantic_majority_reflect,pseudo_hidden
181,ex181,inert_2x2_distractor,True,False,ok,"(14, 14)","(14, 14)","(14, 14)",0,semantic_majority_reflect,pseudo_hidden
181,ex181,inert_singleton_distractor,True,False,ok,"(14, 14)","(14, 14)","(14, 14)",0,semantic_majority_reflect,pseudo_hidden
182,ex182,original,True,False,ok,"(28, 28)","(28, 28)","(28, 28)",0,semantic_majority_reflect,pseudo_hidden
182,ex182,color_permutation_a,True,False,ok,"(28, 28)","(28, 28)","(28, 28)",0,semantic_majority_reflect,pseudo_hidden
182,ex182,color_permutation_b,True,False,ok,"(28, 28)","(28, 28)","(28, 28)",0,semantic_majority_reflect,pseudo_hidden
182,ex182,transpose,True,False,ok,"(28, 28)","(28, 28)","(28, 28)",0,semantic_majority_reflect,pseudo_hidden
182,ex182,mirror_lr,True,False,ok,"(28, 28)","(28, 28)","(28, 28)",0,semantic_majority_reflect,pseudo_hidden
182,ex182,mirror_ud,True,False,ok,"(28, 28)","(28, 28)","(28, 28)",0,semantic_majority_reflect,pseudo_hidden
182,ex182,rotate_180,True,False,ok,"(28, 28)","(28, 28)","(28, 28)",0,semantic_majority_reflect,pseudo_hidden
182,ex182,pad_top_left,True,False,ok,"(29, 29)","(29, 29)","(29, 29)",0,semantic_majority_reflect,pseudo_hidden
182,ex182,pad_bottom_right,True,False,ok,"(29, 29)","(29, 29)","(29, 29)",0,semantic_majority_reflect,pseudo_hidden
182,ex182,translate_down_right,True,False,ok,"(28, 28)","(28, 28)","(28, 28)",0,semantic_majority_reflect,pseudo_hidden
182,ex182,translate_up_left,True,False,ok,"(28, 28)","(28, 28)","(28, 28)",0,semantic_majority_reflect,pseudo_hidden
182,ex182,inert_2x2_distractor,True,False,ok,"(28, 28)","(28, 28)","(28, 28)",0,semantic_majority_reflect,pseudo_hidden
182,ex182,inert_singleton_distractor,True,False,ok,"(28, 28)","(28, 28)","(28, 28)",0,semantic_majority_reflect,pseudo_hidden
183,ex183,original,True,False,ok,"(14, 14)","(14, 14)","(14, 14)",0,semantic_majority_reflect,pseudo_hidden
183,ex183,color_permutation_a,True,False,ok,"(14, 14)","(14, 14)","(14, 14)",0,semantic_majority_reflect,pseudo_hidden
183,ex183,color_permutation_b,True,False,ok,"(14, 14)","(14, 14)","(14, 14)",0,semantic_majority_reflect,pseudo_hidden
183,ex183,transpose,True,False,ok,"(14, 14)","(14, 14)","(14, 14)",0,semantic_majority_reflect,pseudo_hidden
183,ex183,mirror_lr,True,False,ok,"(14, 14)","(14, 14)","(14, 14)",0,semantic_majority_reflect,pseudo_hidden
183,ex183,mirror_ud,True,False,ok,"(14, 14)","(14, 14)","(14, 14)",0,semantic_majority_reflect,pseudo_hidden
183,ex183,rotate_180,True,False,ok,"(14, 14)","(14, 14)","(14, 14)",0,semantic_majority_reflect,pseudo_hidden
183,ex183,pad_top_left,True,False,ok,"(15, 15)","(15, 15)","(15, 15)",0,semantic_majority_reflect,pseudo_hidden
183,ex183,pad_bottom_right,True,False,ok,"(15, 15)","(15, 15)","(15, 15)",0,semantic_majority_reflect,pseudo_hidden
183,ex183,translate_down_right,True,False,ok,"(14, 14)","(14, 14)","(14, 14)",0,semantic_majority_reflect,pseudo_hidden
183,ex183,translate_up_left,True,False,ok,"(14, 14)","(14, 14)","(14, 14)",0,semantic_majority_reflect,pseudo_hidden
183,ex183,inert_2x2_distractor,True,False,ok,"(14, 14)","(14, 14)","(14, 14)",0,semantic_majority_reflect,pseudo_hidden
183,ex183,inert_singleton_distractor,True,False,ok,"(14, 14)","(14, 14)","(14, 14)",0,semantic_majority_reflect,pseudo_hidden
184,ex184,original,True,False,ok,"(29, 29)","(29, 29)","(29, 29)",0,semantic_majority_reflect,pseudo_hidden
184,ex184,color_permutation_a,True,False,ok,"(29, 29)","(29, 29)","(29, 29)",0,semantic_majority_reflect,pseudo_hidden
184,ex184,color_permutation_b,True,False,ok,"(29, 29)","(29, 29)","(29, 29)",0,semantic_majority_reflect,pseudo_hidden
184,ex184,transpose,True,False,ok,"(29, 29)","(29, 29)","(29, 29)",0,semantic_majority_reflect,pseudo_hidden
184,ex184,mirror_lr,True,False,ok,"(29, 29)","(29, 29)","(29, 29)",0,semantic_majority_reflect,pseudo_hidden
184,ex184,mirror_ud,True,False,ok,"(29, 29)","(29, 29)","(29, 29)",0,semantic_majority_reflect,pseudo_hidden
184,ex184,rotate_180,True,False,ok,"(29, 29)","(29, 29)","(29, 29)",0,semantic_majority_reflect,pseudo_hidden
184,ex184,pad_top_left,True,False,ok,"(30, 30)","(30, 30)","(30, 30)",0,semantic_majority_reflect,pseudo_hidden
184,ex184,pad_bottom_right,True,False,ok,"(30, 30)","(30, 30)","(30, 30)",0,semantic_majority_reflect,pseudo_hidden
184,ex184,translate_down_right,True,False,ok,"(29, 29)","(29, 29)","(29, 29)",0,semantic_majority_reflect,pseudo_hidden
184,ex184,translate_up_left,True,False,ok,"(29, 29)","(29, 29)","(29, 29)",0,semantic_majority_reflect,pseudo_hidden
184,ex184,inert_2x2_distractor,True,False,ok,"(29, 29)","(29, 29)","(29, 29)",0,semantic_majority_reflect,pseudo_hidden
184,ex184,inert_singleton_distractor,True,False,ok,"(29, 29)","(29, 29)","(29, 29)",0,semantic_majority_reflect,pseudo_hidden
185,ex185,original,True,False,ok,"(25, 25)","(25, 25)","(25, 25)",0,semantic_majority_reflect,pseudo_hidden
185,ex185,color_permutation_a,True,False,ok,"(25, 25)","(25, 25)","(25, 25)",0,semantic_majority_reflect,pseudo_hidden
185,ex185,color_permutation_b,True,False,ok,"(25, 25)","(25, 25)","(25, 25)",0,semantic_majority_reflect,pseudo_hidden
185,ex185,transpose,True,False,ok,"(25, 25)","(25, 25)","(25, 25)",0,semantic_majority_reflect,pseudo_hidden
185,ex185,mirror_lr,True,False,ok,"(25, 25)","(25, 25)","(25, 25)",0,semantic_majority_reflect,pseudo_hidden
185,ex185,mirror_ud,True,False,ok,"(25, 25)","(25, 25)","(25, 25)",0,semantic_majority_reflect,pseudo_hidden
185,ex185,rotate_180,True,False,ok,"(25, 25)","(25, 25)","(25, 25)",0,semantic_majority_reflect,pseudo_hidden
185,ex185,pad_top_left,True,False,ok,"(26, 26)","(26, 26)","(26, 26)",0,semantic_majority_reflect,pseudo_hidden
185,ex185,pad_bottom_right,True,False,ok,"(26, 26)","(26, 26)","(26, 26)",0,semantic_majority_reflect,pseudo_hidden
185,ex185,translate_down_right,True,False,ok,"(25, 25)","(25, 25)","(25, 25)",0,semantic_majority_reflect,pseudo_hidden
185,ex185,translate_up_left,True,False,ok,"(25, 25)","(25, 25)","(25, 25)",0,semantic_majority_reflect,pseudo_hidden
185,ex185,inert_2x2_distractor,True,False,ok,"(25, 25)","(25, 25)","(25, 25)",0,semantic_majority_reflect,pseudo_hidden
185,ex185,inert_singleton_distractor,True,False,ok,"(25, 25)","(25, 25)","(25, 25)",0,semantic_majority_reflect,pseudo_hidden
186,ex186,original,True,False,ok,"(26, 26)","(26, 26)","(26, 26)",0,semantic_majority_reflect,pseudo_hidden
186,ex186,color_permutation_a,True,False,ok,"(26, 26)","(26, 26)","(26, 26)",0,semantic_majority_reflect,pseudo_hidden
186,ex186,color_permutation_b,True,False,ok,"(26, 26)","(26, 26)","(26, 26)",0,semantic_majority_reflect,pseudo_hidden
186,ex186,transpose,True,False,ok,"(26, 26)","(26, 26)","(26, 26)",0,semantic_majority_reflect,pseudo_hidden
186,ex186,mirror_lr,True,False,ok,"(26, 26)","(26, 26)","(26, 26)",0,semantic_majority_reflect,pseudo_hidden
186,ex186,mirror_ud,True,False,ok,"(26, 26)","(26, 26)","(26, 26)",0,semantic_majority_reflect,pseudo_hidden
186,ex186,rotate_180,True,False,ok,"(26, 26)","(26, 26)","(26, 26)",0,semantic_majority_reflect,pseudo_hidden
186,ex186,pad_top_left,True,False,ok,"(27, 27)","(27, 27)","(27, 27)",0,semantic_majority_reflect,pseudo_hidden
186,ex186,pad_bottom_right,True,False,ok,"(27, 27)","(27, 27)","(27, 27)",0,semantic_majority_reflect,pseudo_hidden
186,ex186,translate_down_right,True,False,ok,"(26, 26)","(26, 26)","(26, 26)",0,semantic_majority_reflect,pseudo_hidden
186,ex186,translate_up_left,True,False,ok,"(26, 26)","(26, 26)","(26, 26)",0,semantic_majority_reflect,pseudo_hidden
186,ex186,inert_2x2_distractor,True,False,ok,"(26, 26)","(26, 26)","(26, 26)",0,semantic_majority_reflect,pseudo_hidden
186,ex186,inert_singleton_distractor,True,False,ok,"(26, 26)","(26, 26)","(26, 26)",0,semantic_majority_reflect,pseudo_hidden
187,ex187,original,True,False,ok,"(18, 18)","(18, 18)","(18, 18)",0,semantic_majority_reflect,pseudo_hidden
187,ex187,color_permutation_a,True,False,ok,"(18, 18)","(18, 18)","(18, 18)",0,semantic_majority_reflect,pseudo_hidden
187,ex187,color_permutation_b,True,False,ok,"(18, 18)","(18, 18)","(18, 18)",0,semantic_majority_reflect,pseudo_hidden
187,ex187,transpose,True,False,ok,"(18, 18)","(18, 18)","(18, 18)",0,semantic_majority_reflect,pseudo_hidden
187,ex187,mirror_lr,True,False,ok,"(18, 18)","(18, 18)","(18, 18)",0,semantic_majority_reflect,pseudo_hidden
187,ex187,mirror_ud,True,False,ok,"(18, 18)","(18, 18)","(18, 18)",0,semantic_majority_reflect,pseudo_hidden
187,ex187,rotate_180,True,False,ok,"(18, 18)","(18, 18)","(18, 18)",0,semantic_majority_reflect,pseudo_hidden
187,ex187,pad_top_left,True,False,ok,"(19, 19)","(19, 19)","(19, 19)",0,semantic_majority_reflect,pseudo_hidden
187,ex187,pad_bottom_right,True,False,ok,"(19, 19)","(19, 19)","(19, 19)",0,semantic_majority_reflect,pseudo_hidden
187,ex187,translate_down_right,True,False,ok,"(18, 18)","(18, 18)","(18, 18)",0,semantic_majority_reflect,pseudo_hidden
187,ex187,translate_up_left,True,False,ok,"(18, 18)","(18, 18)","(18, 18)",0,semantic_majority_reflect,pseudo_hidden
187,ex187,inert_2x2_distractor,True,False,ok,"(18, 18)","(18, 18)","(18, 18)",0,semantic_majority_reflect,pseudo_hidden
187,ex187,inert_singleton_distractor,True,False,ok,"(18, 18)","(18, 18)","(18, 18)",0,semantic_majority_reflect,pseudo_hidden
188,ex188,original,True,False,ok,"(26, 26)","(26, 26)","(26, 26)",0,semantic_majority_reflect,pseudo_hidden
188,ex188,color_permutation_a,True,False,ok,"(26, 26)","(26, 26)","(26, 26)",0,semantic_majority_reflect,pseudo_hidden
188,ex188,color_permutation_b,True,False,ok,"(26, 26)","(26, 26)","(26, 26)",0,semantic_majority_reflect,pseudo_hidden
188,ex188,transpose,True,False,ok,"(26, 26)","(26, 26)","(26, 26)",0,semantic_majority_reflect,pseudo_hidden
188,ex188,mirror_lr,True,False,ok,"(26, 26)","(26, 26)","(26, 26)",0,semantic_majority_reflect,pseudo_hidden
188,ex188,mirror_ud,True,False,ok,"(26, 26)","(26, 26)","(26, 26)",0,semantic_majority_reflect,pseudo_hidden
188,ex188,rotate_180,True,False,ok,"(26, 26)","(26, 26)","(26, 26)",0,semantic_majority_reflect,pseudo_hidden
188,ex188,pad_top_left,True,False,ok,"(27, 27)","(27, 27)","(27, 27)",0,semantic_majority_reflect,pseudo_hidden
188,ex188,pad_bottom_right,True,False,ok,"(27, 27)","(27, 27)","(27, 27)",0,semantic_majority_reflect,pseudo_hidden
188,ex188,translate_down_right,True,False,ok,"(26, 26)","(26, 26)","(26, 26)",0,semantic_majority_reflect,pseudo_hidden
188,ex188,translate_up_left,True,False,ok,"(26, 26)","(26, 26)","(26, 26)",0,semantic_majority_reflect,pseudo_hidden
188,ex188,inert_2x2_distractor,True,False,ok,"(26, 26)","(26, 26)","(26, 26)",0,semantic_majority_reflect,pseudo_hidden
188,ex188,inert_singleton_distractor,True,False,ok,"(26, 26)","(26, 26)","(26, 26)",0,semantic_majority_reflect,pseudo_hidden
189,ex189,original,True,False,ok,"(27, 27)","(27, 27)","(27, 27)",0,semantic_majority_reflect,pseudo_hidden
189,ex189,color_permutation_a,True,False,ok,"(27, 27)","(27, 27)","(27, 27)",0,semantic_majority_reflect,pseudo_hidden
189,ex189,color_permutation_b,True,False,ok,"(27, 27)","(27, 27)","(27, 27)",0,semantic_majority_reflect,pseudo_hidden
189,ex189,transpose,True,False,ok,"(27, 27)","(27, 27)","(27, 27)",0,semantic_majority_reflect,pseudo_hidden
189,ex189,mirror_lr,True,False,ok,"(27, 27)","(27, 27)","(27, 27)",0,semantic_majority_reflect,pseudo_hidden
189,ex189,mirror_ud,True,False,ok,"(27, 27)","(27, 27)","(27, 27)",0,semantic_majority_reflect,pseudo_hidden
189,ex189,rotate_180,True,False,ok,"(27, 27)","(27, 27)","(27, 27)",0,semantic_majority_reflect,pseudo_hidden
189,ex189,pad_top_left,True,False,ok,"(28, 28)","(28, 28)","(28, 28)",0,semantic_majority_reflect,pseudo_hidden
189,ex189,pad_bottom_right,True,False,ok,"(28, 28)","(28, 28)","(28, 28)",0,semantic_majority_reflect,pseudo_hidden
189,ex189,translate_down_right,True,False,ok,"(27, 27)","(27, 27)","(27, 27)",0,semantic_majority_reflect,pseudo_hidden
189,ex189,translate_up_left,True,False,ok,"(27, 27)","(27, 27)","(27, 27)",0,semantic_majority_reflect,pseudo_hidden
189,ex189,inert_2x2_distractor,True,False,ok,"(27, 27)","(27, 27)","(27, 27)",0,semantic_majority_reflect,pseudo_hidden
189,ex189,inert_singleton_distractor,True,False,ok,"(27, 27)","(27, 27)","(27, 27)",0,semantic_majority_reflect,pseudo_hidden
190,ex190,original,True,False,ok,"(30, 30)","(30, 30)","(30, 30)",0,semantic_majority_reflect,pseudo_hidden
190,ex190,color_permutation_a,True,False,ok,"(30, 30)","(30, 30)","(30, 30)",0,semantic_majority_reflect,pseudo_hidden
190,ex190,color_permutation_b,True,False,ok,"(30, 30)","(30, 30)","(30, 30)",0,semantic_majority_reflect,pseudo_hidden
190,ex190,transpose,True,False,ok,"(30, 30)","(30, 30)","(30, 30)",0,semantic_majority_reflect,pseudo_hidden
190,ex190,mirror_lr,True,False,ok,"(30, 30)","(30, 30)","(30, 30)",0,semantic_majority_reflect,pseudo_hidden
190,ex190,mirror_ud,True,False,ok,"(30, 30)","(30, 30)","(30, 30)",0,semantic_majority_reflect,pseudo_hidden
190,ex190,rotate_180,True,False,ok,"(30, 30)","(30, 30)","(30, 30)",0,semantic_majority_reflect,pseudo_hidden
190,ex190,pad_top_left,False,True,"input_shape_exceeds_limit:(31, 31)>(30, 30)","(31, 31)","(31, 31)",,,,pseudo_hidden
190,ex190,pad_bottom_right,False,True,"input_shape_exceeds_limit:(31, 31)>(30, 30)","(31, 31)","(31, 31)",,,,pseudo_hidden
190,ex190,translate_down_right,True,False,ok,"(30, 30)","(30, 30)","(30, 30)",0,semantic_majority_reflect,pseudo_hidden
190,ex190,translate_up_left,True,False,ok,"(30, 30)","(30, 30)","(30, 30)",0,semantic_majority_reflect,pseudo_hidden
190,ex190,inert_2x2_distractor,True,False,ok,"(30, 30)","(30, 30)","(30, 30)",0,semantic_majority_reflect,pseudo_hidden
190,ex190,inert_singleton_distractor,True,False,ok,"(30, 30)","(30, 30)","(30, 30)",0,semantic_majority_reflect,pseudo_hidden
191,ex191,original,True,False,ok,"(29, 29)","(29, 29)","(29, 29)",0,semantic_majority_reflect,pseudo_hidden
191,ex191,color_permutation_a,True,False,ok,"(29, 29)","(29, 29)","(29, 29)",0,semantic_majority_reflect,pseudo_hidden
191,ex191,color_permutation_b,True,False,ok,"(29, 29)","(29, 29)","(29, 29)",0,semantic_majority_reflect,pseudo_hidden
191,ex191,transpose,True,False,ok,"(29, 29)","(29, 29)","(29, 29)",0,semantic_majority_reflect,pseudo_hidden
191,ex191,mirror_lr,True,False,ok,"(29, 29)","(29, 29)","(29, 29)",0,semantic_majority_reflect,pseudo_hidden
191,ex191,mirror_ud,True,False,ok,"(29, 29)","(29, 29)","(29, 29)",0,semantic_majority_reflect,pseudo_hidden
191,ex191,rotate_180,True,False,ok,"(29, 29)","(29, 29)","(29, 29)",0,semantic_majority_reflect,pseudo_hidden
191,ex191,pad_top_left,True,False,ok,"(30, 30)","(30, 30)","(30, 30)",0,semantic_majority_reflect,pseudo_hidden
191,ex191,pad_bottom_right,True,False,ok,"(30, 30)","(30, 30)","(30, 30)",0,semantic_majority_reflect,pseudo_hidden
191,ex191,translate_down_right,True,False,ok,"(29, 29)","(29, 29)","(29, 29)",0,semantic_majority_reflect,pseudo_hidden
191,ex191,translate_up_left,True,False,ok,"(29, 29)","(29, 29)","(29, 29)",0,semantic_majority_reflect,pseudo_hidden
191,ex191,inert_2x2_distractor,True,False,ok,"(29, 29)","(29, 29)","(29, 29)",0,semantic_majority_reflect,pseudo_hidden
191,ex191,inert_singleton_distractor,True,False,ok,"(29, 29)","(29, 29)","(29, 29)",0,semantic_majority_reflect,pseudo_hidden
192,ex192,original,True,False,ok,"(28, 28)","(28, 28)","(28, 28)",0,semantic_majority_reflect,pseudo_hidden
192,ex192,color_permutation_a,True,False,ok,"(28, 28)","(28, 28)","(28, 28)",0,semantic_majority_reflect,pseudo_hidden
192,ex192,color_permutation_b,True,False,ok,"(28, 28)","(28, 28)","(28, 28)",0,semantic_majority_reflect,pseudo_hidden
192,ex192,transpose,True,False,ok,"(28, 28)","(28, 28)","(28, 28)",0,semantic_majority_reflect,pseudo_hidden
192,ex192,mirror_lr,True,False,ok,"(28, 28)","(28, 28)","(28, 28)",0,semantic_majority_reflect,pseudo_hidden
192,ex192,mirror_ud,True,False,ok,"(28, 28)","(28, 28)","(28, 28)",0,semantic_majority_reflect,pseudo_hidden
192,ex192,rotate_180,True,False,ok,"(28, 28)","(28, 28)","(28, 28)",0,semantic_majority_reflect,pseudo_hidden
192,ex192,pad_top_left,True,False,ok,"(29, 29)","(29, 29)","(29, 29)",0,semantic_majority_reflect,pseudo_hidden
192,ex192,pad_bottom_right,True,False,ok,"(29, 29)","(29, 29)","(29, 29)",0,semantic_majority_reflect,pseudo_hidden
192,ex192,translate_down_right,True,False,ok,"(28, 28)","(28, 28)","(28, 28)",0,semantic_majority_reflect,pseudo_hidden
192,ex192,translate_up_left,True,False,ok,"(28, 28)","(28, 28)","(28, 28)",0,semantic_majority_reflect,pseudo_hidden
192,ex192,inert_2x2_distractor,True,False,ok,"(28, 28)","(28, 28)","(28, 28)",0,semantic_majority_reflect,pseudo_hidden
192,ex192,inert_singleton_distractor,True,False,ok,"(28, 28)","(28, 28)","(28, 28)",0,semantic_majority_reflect,pseudo_hidden
193,ex193,original,True,False,ok,"(28, 28)","(28, 28)","(28, 28)",0,semantic_majority_reflect,pseudo_hidden
193,ex193,color_permutation_a,True,False,ok,"(28, 28)","(28, 28)","(28, 28)",0,semantic_majority_reflect,pseudo_hidden
193,ex193,color_permutation_b,True,False,ok,"(28, 28)","(28, 28)","(28, 28)",0,semantic_majority_reflect,pseudo_hidden
193,ex193,transpose,True,False,ok,"(28, 28)","(28, 28)","(28, 28)",0,semantic_majority_reflect,pseudo_hidden
193,ex193,mirror_lr,True,False,ok,"(28, 28)","(28, 28)","(28, 28)",0,semantic_majority_reflect,pseudo_hidden
193,ex193,mirror_ud,True,False,ok,"(28, 28)","(28, 28)","(28, 28)",0,semantic_majority_reflect,pseudo_hidden
193,ex193,rotate_180,True,False,ok,"(28, 28)","(28, 28)","(28, 28)",0,semantic_majority_reflect,pseudo_hidden
193,ex193,pad_top_left,True,False,ok,"(29, 29)","(29, 29)","(29, 29)",0,semantic_majority_reflect,pseudo_hidden
193,ex193,pad_bottom_right,True,False,ok,"(29, 29)","(29, 29)","(29, 29)",0,semantic_majority_reflect,pseudo_hidden
193,ex193,translate_down_right,True,False,ok,"(28, 28)","(28, 28)","(28, 28)",0,semantic_majority_reflect,pseudo_hidden
193,ex193,translate_up_left,True,False,ok,"(28, 28)","(28, 28)","(28, 28)",0,semantic_majority_reflect,pseudo_hidden
193,ex193,inert_2x2_distractor,True,False,ok,"(28, 28)","(28, 28)","(28, 28)",0,semantic_majority_reflect,pseudo_hidden
193,ex193,inert_singleton_distractor,True,False,ok,"(28, 28)","(28, 28)","(28, 28)",0,semantic_majority_reflect,pseudo_hidden
194,ex194,original,True,False,ok,"(29, 29)","(29, 29)","(29, 29)",0,semantic_majority_reflect,pseudo_hidden
194,ex194,color_permutation_a,True,False,ok,"(29, 29)","(29, 29)","(29, 29)",0,semantic_majority_reflect,pseudo_hidden
194,ex194,color_permutation_b,True,False,ok,"(29, 29)","(29, 29)","(29, 29)",0,semantic_majority_reflect,pseudo_hidden
194,ex194,transpose,True,False,ok,"(29, 29)","(29, 29)","(29, 29)",0,semantic_majority_reflect,pseudo_hidden
194,ex194,mirror_lr,True,False,ok,"(29, 29)","(29, 29)","(29, 29)",0,semantic_majority_reflect,pseudo_hidden
194,ex194,mirror_ud,True,False,ok,"(29, 29)","(29, 29)","(29, 29)",0,semantic_majority_reflect,pseudo_hidden
194,ex194,rotate_180,True,False,ok,"(29, 29)","(29, 29)","(29, 29)",0,semantic_majority_reflect,pseudo_hidden
194,ex194,pad_top_left,True,False,ok,"(30, 30)","(30, 30)","(30, 30)",0,semantic_majority_reflect,pseudo_hidden
194,ex194,pad_bottom_right,True,False,ok,"(30, 30)","(30, 30)","(30, 30)",0,semantic_majority_reflect,pseudo_hidden
194,ex194,translate_down_right,True,False,ok,"(29, 29)","(29, 29)","(29, 29)",0,semantic_majority_reflect,pseudo_hidden
194,ex194,translate_up_left,True,False,ok,"(29, 29)","(29, 29)","(29, 29)",0,semantic_majority_reflect,pseudo_hidden
194,ex194,inert_2x2_distractor,True,False,ok,"(29, 29)","(29, 29)","(29, 29)",0,semantic_majority_reflect,pseudo_hidden
194,ex194,inert_singleton_distractor,True,False,ok,"(29, 29)","(29, 29)","(29, 29)",0,semantic_majority_reflect,pseudo_hidden
195,ex195,original,True,False,ok,"(29, 29)","(29, 29)","(29, 29)",0,semantic_majority_reflect,pseudo_hidden
195,ex195,color_permutation_a,True,False,ok,"(29, 29)","(29, 29)","(29, 29)",0,semantic_majority_reflect,pseudo_hidden
195,ex195,color_permutation_b,True,False,ok,"(29, 29)","(29, 29)","(29, 29)",0,semantic_majority_reflect,pseudo_hidden
195,ex195,transpose,True,False,ok,"(29, 29)","(29, 29)","(29, 29)",0,semantic_majority_reflect,pseudo_hidden
195,ex195,mirror_lr,True,False,ok,"(29, 29)","(29, 29)","(29, 29)",0,semantic_majority_reflect,pseudo_hidden
195,ex195,mirror_ud,True,False,ok,"(29, 29)","(29, 29)","(29, 29)",0,semantic_majority_reflect,pseudo_hidden
195,ex195,rotate_180,True,False,ok,"(29, 29)","(29, 29)","(29, 29)",0,semantic_majority_reflect,pseudo_hidden
195,ex195,pad_top_left,True,False,ok,"(30, 30)","(30, 30)","(30, 30)",0,semantic_majority_reflect,pseudo_hidden
195,ex195,pad_bottom_right,True,False,ok,"(30, 30)","(30, 30)","(30, 30)",0,semantic_majority_reflect,pseudo_hidden
195,ex195,translate_down_right,True,False,ok,"(29, 29)","(29, 29)","(29, 29)",0,semantic_majority_reflect,pseudo_hidden
195,ex195,translate_up_left,True,False,ok,"(29, 29)","(29, 29)","(29, 29)",0,semantic_majority_reflect,pseudo_hidden
195,ex195,inert_2x2_distractor,True,False,ok,"(29, 29)","(29, 29)","(29, 29)",0,semantic_majority_reflect,pseudo_hidden
195,ex195,inert_singleton_distractor,True,False,ok,"(29, 29)","(29, 29)","(29, 29)",0,semantic_majority_reflect,pseudo_hidden
196,ex196,original,True,False,ok,"(20, 20)","(20, 20)","(20, 20)",0,semantic_majority_reflect,pseudo_hidden
196,ex196,color_permutation_a,True,False,ok,"(20, 20)","(20, 20)","(20, 20)",0,semantic_majority_reflect,pseudo_hidden
196,ex196,color_permutation_b,True,False,ok,"(20, 20)","(20, 20)","(20, 20)",0,semantic_majority_reflect,pseudo_hidden
196,ex196,transpose,True,False,ok,"(20, 20)","(20, 20)","(20, 20)",0,semantic_majority_reflect,pseudo_hidden
196,ex196,mirror_lr,True,False,ok,"(20, 20)","(20, 20)","(20, 20)",0,semantic_majority_reflect,pseudo_hidden
196,ex196,mirror_ud,True,False,ok,"(20, 20)","(20, 20)","(20, 20)",0,semantic_majority_reflect,pseudo_hidden
196,ex196,rotate_180,True,False,ok,"(20, 20)","(20, 20)","(20, 20)",0,semantic_majority_reflect,pseudo_hidden
196,ex196,pad_top_left,True,False,ok,"(21, 21)","(21, 21)","(21, 21)",0,semantic_majority_reflect,pseudo_hidden
196,ex196,pad_bottom_right,True,False,ok,"(21, 21)","(21, 21)","(21, 21)",0,semantic_majority_reflect,pseudo_hidden
196,ex196,translate_down_right,True,False,ok,"(20, 20)","(20, 20)","(20, 20)",0,semantic_majority_reflect,pseudo_hidden
196,ex196,translate_up_left,True,False,ok,"(20, 20)","(20, 20)","(20, 20)",0,semantic_majority_reflect,pseudo_hidden
196,ex196,inert_2x2_distractor,True,False,ok,"(20, 20)","(20, 20)","(20, 20)",0,semantic_majority_reflect,pseudo_hidden
196,ex196,inert_singleton_distractor,True,False,ok,"(20, 20)","(20, 20)","(20, 20)",0,semantic_majority_reflect,pseudo_hidden
197,ex197,original,True,False,ok,"(20, 20)","(20, 20)","(20, 20)",0,semantic_majority_reflect,pseudo_hidden
197,ex197,color_permutation_a,True,False,ok,"(20, 20)","(20, 20)","(20, 20)",0,semantic_majority_reflect,pseudo_hidden
197,ex197,color_permutation_b,True,False,ok,"(20, 20)","(20, 20)","(20, 20)",0,semantic_majority_reflect,pseudo_hidden
197,ex197,transpose,True,False,ok,"(20, 20)","(20, 20)","(20, 20)",0,semantic_majority_reflect,pseudo_hidden
197,ex197,mirror_lr,True,False,ok,"(20, 20)","(20, 20)","(20, 20)",0,semantic_majority_reflect,pseudo_hidden
197,ex197,mirror_ud,True,False,ok,"(20, 20)","(20, 20)","(20, 20)",0,semantic_majority_reflect,pseudo_hidden
197,ex197,rotate_180,True,False,ok,"(20, 20)","(20, 20)","(20, 20)",0,semantic_majority_reflect,pseudo_hidden
197,ex197,pad_top_left,True,False,ok,"(21, 21)","(21, 21)","(21, 21)",0,semantic_majority_reflect,pseudo_hidden
197,ex197,pad_bottom_right,True,False,ok,"(21, 21)","(21, 21)","(21, 21)",0,semantic_majority_reflect,pseudo_hidden
197,ex197,translate_down_right,True,False,ok,"(20, 20)","(20, 20)","(20, 20)",0,semantic_majority_reflect,pseudo_hidden
197,ex197,translate_up_left,True,False,ok,"(20, 20)","(20, 20)","(20, 20)",0,semantic_majority_reflect,pseudo_hidden
197,ex197,inert_2x2_distractor,True,False,ok,"(20, 20)","(20, 20)","(20, 20)",0,semantic_majority_reflect,pseudo_hidden
197,ex197,inert_singleton_distractor,True,False,ok,"(20, 20)","(20, 20)","(20, 20)",0,semantic_majority_reflect,pseudo_hidden
198,ex198,original,True,False,ok,"(23, 23)","(23, 23)","(23, 23)",0,semantic_majority_reflect,pseudo_hidden
198,ex198,color_permutation_a,True,False,ok,"(23, 23)","(23, 23)","(23, 23)",0,semantic_majority_reflect,pseudo_hidden
198,ex198,color_permutation_b,True,False,ok,"(23, 23)","(23, 23)","(23, 23)",0,semantic_majority_reflect,pseudo_hidden
198,ex198,transpose,True,False,ok,"(23, 23)","(23, 23)","(23, 23)",0,semantic_majority_reflect,pseudo_hidden
198,ex198,mirror_lr,True,False,ok,"(23, 23)","(23, 23)","(23, 23)",0,semantic_majority_reflect,pseudo_hidden
198,ex198,mirror_ud,True,False,ok,"(23, 23)","(23, 23)","(23, 23)",0,semantic_majority_reflect,pseudo_hidden
198,ex198,rotate_180,True,False,ok,"(23, 23)","(23, 23)","(23, 23)",0,semantic_majority_reflect,pseudo_hidden
198,ex198,pad_top_left,True,False,ok,"(24, 24)","(24, 24)","(24, 24)",0,semantic_majority_reflect,pseudo_hidden
198,ex198,pad_bottom_right,True,False,ok,"(24, 24)","(24, 24)","(24, 24)",0,semantic_majority_reflect,pseudo_hidden
198,ex198,translate_down_right,True,False,ok,"(23, 23)","(23, 23)","(23, 23)",0,semantic_majority_reflect,pseudo_hidden
198,ex198,translate_up_left,True,False,ok,"(23, 23)","(23, 23)","(23, 23)",0,semantic_majority_reflect,pseudo_hidden
198,ex198,inert_2x2_distractor,True,False,ok,"(23, 23)","(23, 23)","(23, 23)",0,semantic_majority_reflect,pseudo_hidden
198,ex198,inert_singleton_distractor,True,False,ok,"(23, 23)","(23, 23)","(23, 23)",0,semantic_majority_reflect,pseudo_hidden
199,ex199,original,True,False,ok,"(27, 27)","(27, 27)","(27, 27)",0,semantic_majority_reflect,pseudo_hidden
199,ex199,color_permutation_a,True,False,ok,"(27, 27)","(27, 27)","(27, 27)",0,semantic_majority_reflect,pseudo_hidden
199,ex199,color_permutation_b,True,False,ok,"(27, 27)","(27, 27)","(27, 27)",0,semantic_majority_reflect,pseudo_hidden
199,ex199,transpose,True,False,ok,"(27, 27)","(27, 27)","(27, 27)",0,semantic_majority_reflect,pseudo_hidden
199,ex199,mirror_lr,True,False,ok,"(27, 27)","(27, 27)","(27, 27)",0,semantic_majority_reflect,pseudo_hidden
199,ex199,mirror_ud,True,False,ok,"(27, 27)","(27, 27)","(27, 27)",0,semantic_majority_reflect,pseudo_hidden
199,ex199,rotate_180,True,False,ok,"(27, 27)","(27, 27)","(27, 27)",0,semantic_majority_reflect,pseudo_hidden
199,ex199,pad_top_left,True,False,ok,"(28, 28)","(28, 28)","(28, 28)",0,semantic_majority_reflect,pseudo_hidden
199,ex199,pad_bottom_right,True,False,ok,"(28, 28)","(28, 28)","(28, 28)",0,semantic_majority_reflect,pseudo_hidden
199,ex199,translate_down_right,True,False,ok,"(27, 27)","(27, 27)","(27, 27)",0,semantic_majority_reflect,pseudo_hidden
199,ex199,translate_up_left,True,False,ok,"(27, 27)","(27, 27)","(27, 27)",0,semantic_majority_reflect,pseudo_hidden
199,ex199,inert_2x2_distractor,True,False,ok,"(27, 27)","(27, 27)","(27, 27)",0,semantic_majority_reflect,pseudo_hidden
199,ex199,inert_singleton_distractor,True,False,ok,"(27, 27)","(27, 27)","(27, 27)",0,semantic_majority_reflect,pseudo_hidden
200,ex200,original,True,False,ok,"(30, 30)","(30, 30)","(30, 30)",0,semantic_majority_reflect,pseudo_hidden
200,ex200,color_permutation_a,True,False,ok,"(30, 30)","(30, 30)","(30, 30)",0,semantic_majority_reflect,pseudo_hidden
200,ex200,color_permutation_b,True,False,ok,"(30, 30)","(30, 30)","(30, 30)",0,semantic_majority_reflect,pseudo_hidden
200,ex200,transpose,True,False,ok,"(30, 30)","(30, 30)","(30, 30)",0,semantic_majority_reflect,pseudo_hidden
200,ex200,mirror_lr,True,False,ok,"(30, 30)","(30, 30)","(30, 30)",0,semantic_majority_reflect,pseudo_hidden
200,ex200,mirror_ud,True,False,ok,"(30, 30)","(30, 30)","(30, 30)",0,semantic_majority_reflect,pseudo_hidden
200,ex200,rotate_180,True,False,ok,"(30, 30)","(30, 30)","(30, 30)",0,semantic_majority_reflect,pseudo_hidden
200,ex200,pad_top_left,False,True,"input_shape_exceeds_limit:(31, 31)>(30, 30)","(31, 31)","(31, 31)",,,,pseudo_hidden
200,ex200,pad_bottom_right,False,True,"input_shape_exceeds_limit:(31, 31)>(30, 30)","(31, 31)","(31, 31)",,,,pseudo_hidden
200,ex200,translate_down_right,True,False,ok,"(30, 30)","(30, 30)","(30, 30)",0,semantic_majority_reflect,pseudo_hidden
200,ex200,translate_up_left,True,False,ok,"(30, 30)","(30, 30)","(30, 30)",0,semantic_majority_reflect,pseudo_hidden
200,ex200,inert_2x2_distractor,True,False,ok,"(30, 30)","(30, 30)","(30, 30)",0,semantic_majority_reflect,pseudo_hidden
200,ex200,inert_singleton_distractor,True,False,ok,"(30, 30)","(30, 30)","(30, 30)",0,semantic_majority_reflect,pseudo_hidden
201,ex201,original,True,False,ok,"(20, 20)","(20, 20)","(20, 20)",0,semantic_majority_reflect,pseudo_hidden
201,ex201,color_permutation_a,True,False,ok,"(20, 20)","(20, 20)","(20, 20)",0,semantic_majority_reflect,pseudo_hidden
201,ex201,color_permutation_b,True,False,ok,"(20, 20)","(20, 20)","(20, 20)",0,semantic_majority_reflect,pseudo_hidden
201,ex201,transpose,True,False,ok,"(20, 20)","(20, 20)","(20, 20)",0,semantic_majority_reflect,pseudo_hidden
201,ex201,mirror_lr,True,False,ok,"(20, 20)","(20, 20)","(20, 20)",0,semantic_majority_reflect,pseudo_hidden
201,ex201,mirror_ud,True,False,ok,"(20, 20)","(20, 20)","(20, 20)",0,semantic_majority_reflect,pseudo_hidden
201,ex201,rotate_180,True,False,ok,"(20, 20)","(20, 20)","(20, 20)",0,semantic_majority_reflect,pseudo_hidden
201,ex201,pad_top_left,True,False,ok,"(21, 21)","(21, 21)","(21, 21)",0,semantic_majority_reflect,pseudo_hidden
201,ex201,pad_bottom_right,True,False,ok,"(21, 21)","(21, 21)","(21, 21)",0,semantic_majority_reflect,pseudo_hidden
201,ex201,translate_down_right,True,False,ok,"(20, 20)","(20, 20)","(20, 20)",0,semantic_majority_reflect,pseudo_hidden
201,ex201,translate_up_left,True,False,ok,"(20, 20)","(20, 20)","(20, 20)",0,semantic_majority_reflect,pseudo_hidden
201,ex201,inert_2x2_distractor,True,False,ok,"(20, 20)","(20, 20)","(20, 20)",0,semantic_majority_reflect,pseudo_hidden
201,ex201,inert_singleton_distractor,True,False,ok,"(20, 20)","(20, 20)","(20, 20)",0,semantic_majority_reflect,pseudo_hidden
202,ex202,original,True,False,ok,"(28, 28)","(28, 28)","(28, 28)",0,semantic_majority_reflect,pseudo_hidden
202,ex202,color_permutation_a,True,False,ok,"(28, 28)","(28, 28)","(28, 28)",0,semantic_majority_reflect,pseudo_hidden
202,ex202,color_permutation_b,True,False,ok,"(28, 28)","(28, 28)","(28, 28)",0,semantic_majority_reflect,pseudo_hidden
202,ex202,transpose,True,False,ok,"(28, 28)","(28, 28)","(28, 28)",0,semantic_majority_reflect,pseudo_hidden
202,ex202,mirror_lr,True,False,ok,"(28, 28)","(28, 28)","(28, 28)",0,semantic_majority_reflect,pseudo_hidden
202,ex202,mirror_ud,True,False,ok,"(28, 28)","(28, 28)","(28, 28)",0,semantic_majority_reflect,pseudo_hidden
202,ex202,rotate_180,True,False,ok,"(28, 28)","(28, 28)","(28, 28)",0,semantic_majority_reflect,pseudo_hidden
202,ex202,pad_top_left,True,False,ok,"(29, 29)","(29, 29)","(29, 29)",0,semantic_majority_reflect,pseudo_hidden
202,ex202,pad_bottom_right,True,False,ok,"(29, 29)","(29, 29)","(29, 29)",0,semantic_majority_reflect,pseudo_hidden
202,ex202,translate_down_right,True,False,ok,"(28, 28)","(28, 28)","(28, 28)",0,semantic_majority_reflect,pseudo_hidden
202,ex202,translate_up_left,True,False,ok,"(28, 28)","(28, 28)","(28, 28)",0,semantic_majority_reflect,pseudo_hidden
202,ex202,inert_2x2_distractor,True,False,ok,"(28, 28)","(28, 28)","(28, 28)",0,semantic_majority_reflect,pseudo_hidden
202,ex202,inert_singleton_distractor,True,False,ok,"(28, 28)","(28, 28)","(28, 28)",0,semantic_majority_reflect,pseudo_hidden
203,ex203,original,True,False,ok,"(30, 30)","(30, 30)","(30, 30)",0,semantic_majority_reflect,pseudo_hidden
203,ex203,color_permutation_a,True,False,ok,"(30, 30)","(30, 30)","(30, 30)",0,semantic_majority_reflect,pseudo_hidden
203,ex203,color_permutation_b,True,False,ok,"(30, 30)","(30, 30)","(30, 30)",0,semantic_majority_reflect,pseudo_hidden
203,ex203,transpose,True,False,ok,"(30, 30)","(30, 30)","(30, 30)",0,semantic_majority_reflect,pseudo_hidden
203,ex203,mirror_lr,True,False,ok,"(30, 30)","(30, 30)","(30, 30)",0,semantic_majority_reflect,pseudo_hidden
203,ex203,mirror_ud,True,False,ok,"(30, 30)","(30, 30)","(30, 30)",0,semantic_majority_reflect,pseudo_hidden
203,ex203,rotate_180,True,False,ok,"(30, 30)","(30, 30)","(30, 30)",0,semantic_majority_reflect,pseudo_hidden
203,ex203,pad_top_left,False,True,"input_shape_exceeds_limit:(31, 31)>(30, 30)","(31, 31)","(31, 31)",,,,pseudo_hidden
203,ex203,pad_bottom_right,False,True,"input_shape_exceeds_limit:(31, 31)>(30, 30)","(31, 31)","(31, 31)",,,,pseudo_hidden
203,ex203,translate_down_right,True,False,ok,"(30, 30)","(30, 30)","(30, 30)",0,semantic_majority_reflect,pseudo_hidden
203,ex203,translate_up_left,True,False,ok,"(30, 30)","(30, 30)","(30, 30)",0,semantic_majority_reflect,pseudo_hidden
203,ex203,inert_2x2_distractor,True,False,ok,"(30, 30)","(30, 30)","(30, 30)",0,semantic_majority_reflect,pseudo_hidden
203,ex203,inert_singleton_distractor,True,False,ok,"(30, 30)","(30, 30)","(30, 30)",0,semantic_majority_reflect,pseudo_hidden
204,ex204,original,True,False,ok,"(22, 22)","(22, 22)","(22, 22)",0,semantic_majority_reflect,pseudo_hidden
204,ex204,color_permutation_a,True,False,ok,"(22, 22)","(22, 22)","(22, 22)",0,semantic_majority_reflect,pseudo_hidden
204,ex204,color_permutation_b,True,False,ok,"(22, 22)","(22, 22)","(22, 22)",0,semantic_majority_reflect,pseudo_hidden
204,ex204,transpose,True,False,ok,"(22, 22)","(22, 22)","(22, 22)",0,semantic_majority_reflect,pseudo_hidden
204,ex204,mirror_lr,True,False,ok,"(22, 22)","(22, 22)","(22, 22)",0,semantic_majority_reflect,pseudo_hidden
204,ex204,mirror_ud,True,False,ok,"(22, 22)","(22, 22)","(22, 22)",0,semantic_majority_reflect,pseudo_hidden
204,ex204,rotate_180,True,False,ok,"(22, 22)","(22, 22)","(22, 22)",0,semantic_majority_reflect,pseudo_hidden
204,ex204,pad_top_left,True,False,ok,"(23, 23)","(23, 23)","(23, 23)",0,semantic_majority_reflect,pseudo_hidden
204,ex204,pad_bottom_right,True,False,ok,"(23, 23)","(23, 23)","(23, 23)",0,semantic_majority_reflect,pseudo_hidden
204,ex204,translate_down_right,True,False,ok,"(22, 22)","(22, 22)","(22, 22)",0,semantic_majority_reflect,pseudo_hidden
204,ex204,translate_up_left,True,False,ok,"(22, 22)","(22, 22)","(22, 22)",0,semantic_majority_reflect,pseudo_hidden
204,ex204,inert_2x2_distractor,True,False,ok,"(22, 22)","(22, 22)","(22, 22)",0,semantic_majority_reflect,pseudo_hidden
204,ex204,inert_singleton_distractor,True,False,ok,"(22, 22)","(22, 22)","(22, 22)",0,semantic_majority_reflect,pseudo_hidden
205,ex205,original,True,False,ok,"(28, 28)","(28, 28)","(28, 28)",0,semantic_majority_reflect,pseudo_hidden
205,ex205,color_permutation_a,True,False,ok,"(28, 28)","(28, 28)","(28, 28)",0,semantic_majority_reflect,pseudo_hidden
205,ex205,color_permutation_b,True,False,ok,"(28, 28)","(28, 28)","(28, 28)",0,semantic_majority_reflect,pseudo_hidden
205,ex205,transpose,True,False,ok,"(28, 28)","(28, 28)","(28, 28)",0,semantic_majority_reflect,pseudo_hidden
205,ex205,mirror_lr,True,False,ok,"(28, 28)","(28, 28)","(28, 28)",0,semantic_majority_reflect,pseudo_hidden
205,ex205,mirror_ud,True,False,ok,"(28, 28)","(28, 28)","(28, 28)",0,semantic_majority_reflect,pseudo_hidden
205,ex205,rotate_180,True,False,ok,"(28, 28)","(28, 28)","(28, 28)",0,semantic_majority_reflect,pseudo_hidden
205,ex205,pad_top_left,True,False,ok,"(29, 29)","(29, 29)","(29, 29)",0,semantic_majority_reflect,pseudo_hidden
205,ex205,pad_bottom_right,True,False,ok,"(29, 29)","(29, 29)","(29, 29)",0,semantic_majority_reflect,pseudo_hidden
205,ex205,translate_down_right,True,False,ok,"(28, 28)","(28, 28)","(28, 28)",0,semantic_majority_reflect,pseudo_hidden
205,ex205,translate_up_left,True,False,ok,"(28, 28)","(28, 28)","(28, 28)",0,semantic_majority_reflect,pseudo_hidden
205,ex205,inert_2x2_distractor,True,False,ok,"(28, 28)","(28, 28)","(28, 28)",0,semantic_majority_reflect,pseudo_hidden
205,ex205,inert_singleton_distractor,True,False,ok,"(28, 28)","(28, 28)","(28, 28)",0,semantic_majority_reflect,pseudo_hidden
206,ex206,original,True,False,ok,"(26, 26)","(26, 26)","(26, 26)",0,semantic_majority_reflect,pseudo_hidden
206,ex206,color_permutation_a,True,False,ok,"(26, 26)","(26, 26)","(26, 26)",0,semantic_majority_reflect,pseudo_hidden
206,ex206,color_permutation_b,True,False,ok,"(26, 26)","(26, 26)","(26, 26)",0,semantic_majority_reflect,pseudo_hidden
206,ex206,transpose,True,False,ok,"(26, 26)","(26, 26)","(26, 26)",0,semantic_majority_reflect,pseudo_hidden
206,ex206,mirror_lr,True,False,ok,"(26, 26)","(26, 26)","(26, 26)",0,semantic_majority_reflect,pseudo_hidden
206,ex206,mirror_ud,True,False,ok,"(26, 26)","(26, 26)","(26, 26)",0,semantic_majority_reflect,pseudo_hidden
206,ex206,rotate_180,True,False,ok,"(26, 26)","(26, 26)","(26, 26)",0,semantic_majority_reflect,pseudo_hidden
206,ex206,pad_top_left,True,False,ok,"(27, 27)","(27, 27)","(27, 27)",0,semantic_majority_reflect,pseudo_hidden
206,ex206,pad_bottom_right,True,False,ok,"(27, 27)","(27, 27)","(27, 27)",0,semantic_majority_reflect,pseudo_hidden
206,ex206,translate_down_right,True,False,ok,"(26, 26)","(26, 26)","(26, 26)",0,semantic_majority_reflect,pseudo_hidden
206,ex206,translate_up_left,True,False,ok,"(26, 26)","(26, 26)","(26, 26)",0,semantic_majority_reflect,pseudo_hidden
206,ex206,inert_2x2_distractor,True,False,ok,"(26, 26)","(26, 26)","(26, 26)",0,semantic_majority_reflect,pseudo_hidden
206,ex206,inert_singleton_distractor,True,False,ok,"(26, 26)","(26, 26)","(26, 26)",0,semantic_majority_reflect,pseudo_hidden
207,ex207,original,True,False,ok,"(26, 26)","(26, 26)","(26, 26)",0,semantic_majority_reflect,pseudo_hidden
207,ex207,color_permutation_a,True,False,ok,"(26, 26)","(26, 26)","(26, 26)",0,semantic_majority_reflect,pseudo_hidden
207,ex207,color_permutation_b,True,False,ok,"(26, 26)","(26, 26)","(26, 26)",0,semantic_majority_reflect,pseudo_hidden
207,ex207,transpose,True,False,ok,"(26, 26)","(26, 26)","(26, 26)",0,semantic_majority_reflect,pseudo_hidden
207,ex207,mirror_lr,True,False,ok,"(26, 26)","(26, 26)","(26, 26)",0,semantic_majority_reflect,pseudo_hidden
207,ex207,mirror_ud,True,False,ok,"(26, 26)","(26, 26)","(26, 26)",0,semantic_majority_reflect,pseudo_hidden
207,ex207,rotate_180,True,False,ok,"(26, 26)","(26, 26)","(26, 26)",0,semantic_majority_reflect,pseudo_hidden
207,ex207,pad_top_left,True,False,ok,"(27, 27)","(27, 27)","(27, 27)",0,semantic_majority_reflect,pseudo_hidden
207,ex207,pad_bottom_right,True,False,ok,"(27, 27)","(27, 27)","(27, 27)",0,semantic_majority_reflect,pseudo_hidden
207,ex207,translate_down_right,True,False,ok,"(26, 26)","(26, 26)","(26, 26)",0,semantic_majority_reflect,pseudo_hidden
207,ex207,translate_up_left,True,False,ok,"(26, 26)","(26, 26)","(26, 26)",0,semantic_majority_reflect,pseudo_hidden
207,ex207,inert_2x2_distractor,True,False,ok,"(26, 26)","(26, 26)","(26, 26)",0,semantic_majority_reflect,pseudo_hidden
207,ex207,inert_singleton_distractor,True,False,ok,"(26, 26)","(26, 26)","(26, 26)",0,semantic_majority_reflect,pseudo_hidden
208,ex208,original,True,False,ok,"(28, 28)","(28, 28)","(28, 28)",0,semantic_majority_reflect,pseudo_hidden
208,ex208,color_permutation_a,True,False,ok,"(28, 28)","(28, 28)","(28, 28)",0,semantic_majority_reflect,pseudo_hidden
208,ex208,color_permutation_b,True,False,ok,"(28, 28)","(28, 28)","(28, 28)",0,semantic_majority_reflect,pseudo_hidden
208,ex208,transpose,True,False,ok,"(28, 28)","(28, 28)","(28, 28)",0,semantic_majority_reflect,pseudo_hidden
208,ex208,mirror_lr,True,False,ok,"(28, 28)","(28, 28)","(28, 28)",0,semantic_majority_reflect,pseudo_hidden
208,ex208,mirror_ud,True,False,ok,"(28, 28)","(28, 28)","(28, 28)",0,semantic_majority_reflect,pseudo_hidden
208,ex208,rotate_180,True,False,ok,"(28, 28)","(28, 28)","(28, 28)",0,semantic_majority_reflect,pseudo_hidden
208,ex208,pad_top_left,True,False,ok,"(29, 29)","(29, 29)","(29, 29)",0,semantic_majority_reflect,pseudo_hidden
208,ex208,pad_bottom_right,True,False,ok,"(29, 29)","(29, 29)","(29, 29)",0,semantic_majority_reflect,pseudo_hidden
208,ex208,translate_down_right,True,False,ok,"(28, 28)","(28, 28)","(28, 28)",0,semantic_majority_reflect,pseudo_hidden
208,ex208,translate_up_left,True,False,ok,"(28, 28)","(28, 28)","(28, 28)",0,semantic_majority_reflect,pseudo_hidden
208,ex208,inert_2x2_distractor,True,False,ok,"(28, 28)","(28, 28)","(28, 28)",0,semantic_majority_reflect,pseudo_hidden
208,ex208,inert_singleton_distractor,True,False,ok,"(28, 28)","(28, 28)","(28, 28)",0,semantic_majority_reflect,pseudo_hidden
209,ex209,original,True,False,ok,"(23, 23)","(23, 23)","(23, 23)",0,semantic_majority_reflect,pseudo_hidden
209,ex209,color_permutation_a,True,False,ok,"(23, 23)","(23, 23)","(23, 23)",0,semantic_majority_reflect,pseudo_hidden
209,ex209,color_permutation_b,True,False,ok,"(23, 23)","(23, 23)","(23, 23)",0,semantic_majority_reflect,pseudo_hidden
209,ex209,transpose,True,False,ok,"(23, 23)","(23, 23)","(23, 23)",0,semantic_majority_reflect,pseudo_hidden
209,ex209,mirror_lr,True,False,ok,"(23, 23)","(23, 23)","(23, 23)",0,semantic_majority_reflect,pseudo_hidden
209,ex209,mirror_ud,True,False,ok,"(23, 23)","(23, 23)","(23, 23)",0,semantic_majority_reflect,pseudo_hidden
209,ex209,rotate_180,True,False,ok,"(23, 23)","(23, 23)","(23, 23)",0,semantic_majority_reflect,pseudo_hidden
209,ex209,pad_top_left,True,False,ok,"(24, 24)","(24, 24)","(24, 24)",0,semantic_majority_reflect,pseudo_hidden
209,ex209,pad_bottom_right,True,False,ok,"(24, 24)","(24, 24)","(24, 24)",0,semantic_majority_reflect,pseudo_hidden
209,ex209,translate_down_right,True,False,ok,"(23, 23)","(23, 23)","(23, 23)",0,semantic_majority_reflect,pseudo_hidden
209,ex209,translate_up_left,True,False,ok,"(23, 23)","(23, 23)","(23, 23)",0,semantic_majority_reflect,pseudo_hidden
209,ex209,inert_2x2_distractor,True,False,ok,"(23, 23)","(23, 23)","(23, 23)",0,semantic_majority_reflect,pseudo_hidden
209,ex209,inert_singleton_distractor,True,False,ok,"(23, 23)","(23, 23)","(23, 23)",0,semantic_majority_reflect,pseudo_hidden
210,ex210,original,True,False,ok,"(19, 19)","(19, 19)","(19, 19)",0,semantic_majority_reflect,pseudo_hidden
210,ex210,color_permutation_a,True,False,ok,"(19, 19)","(19, 19)","(19, 19)",0,semantic_majority_reflect,pseudo_hidden
210,ex210,color_permutation_b,True,False,ok,"(19, 19)","(19, 19)","(19, 19)",0,semantic_majority_reflect,pseudo_hidden
210,ex210,transpose,True,False,ok,"(19, 19)","(19, 19)","(19, 19)",0,semantic_majority_reflect,pseudo_hidden
210,ex210,mirror_lr,True,False,ok,"(19, 19)","(19, 19)","(19, 19)",0,semantic_majority_reflect,pseudo_hidden
210,ex210,mirror_ud,True,False,ok,"(19, 19)","(19, 19)","(19, 19)",0,semantic_majority_reflect,pseudo_hidden
210,ex210,rotate_180,True,False,ok,"(19, 19)","(19, 19)","(19, 19)",0,semantic_majority_reflect,pseudo_hidden
210,ex210,pad_top_left,True,False,ok,"(20, 20)","(20, 20)","(20, 20)",0,semantic_majority_reflect,pseudo_hidden
210,ex210,pad_bottom_right,True,False,ok,"(20, 20)","(20, 20)","(20, 20)",0,semantic_majority_reflect,pseudo_hidden
210,ex210,translate_down_right,True,False,ok,"(19, 19)","(19, 19)","(19, 19)",0,semantic_majority_reflect,pseudo_hidden
210,ex210,translate_up_left,True,False,ok,"(19, 19)","(19, 19)","(19, 19)",0,semantic_majority_reflect,pseudo_hidden
210,ex210,inert_2x2_distractor,True,False,ok,"(19, 19)","(19, 19)","(19, 19)",0,semantic_majority_reflect,pseudo_hidden
210,ex210,inert_singleton_distractor,True,False,ok,"(19, 19)","(19, 19)","(19, 19)",0,semantic_majority_reflect,pseudo_hidden
211,ex211,original,True,False,ok,"(25, 25)","(25, 25)","(25, 25)",0,semantic_majority_reflect,pseudo_hidden
211,ex211,color_permutation_a,True,False,ok,"(25, 25)","(25, 25)","(25, 25)",0,semantic_majority_reflect,pseudo_hidden
211,ex211,color_permutation_b,True,False,ok,"(25, 25)","(25, 25)","(25, 25)",0,semantic_majority_reflect,pseudo_hidden
211,ex211,transpose,True,False,ok,"(25, 25)","(25, 25)","(25, 25)",0,semantic_majority_reflect,pseudo_hidden
211,ex211,mirror_lr,True,False,ok,"(25, 25)","(25, 25)","(25, 25)",0,semantic_majority_reflect,pseudo_hidden
211,ex211,mirror_ud,True,False,ok,"(25, 25)","(25, 25)","(25, 25)",0,semantic_majority_reflect,pseudo_hidden
211,ex211,rotate_180,True,False,ok,"(25, 25)","(25, 25)","(25, 25)",0,semantic_majority_reflect,pseudo_hidden
211,ex211,pad_top_left,True,False,ok,"(26, 26)","(26, 26)","(26, 26)",0,semantic_majority_reflect,pseudo_hidden
211,ex211,pad_bottom_right,True,False,ok,"(26, 26)","(26, 26)","(26, 26)",0,semantic_majority_reflect,pseudo_hidden
211,ex211,translate_down_right,True,False,ok,"(25, 25)","(25, 25)","(25, 25)",0,semantic_majority_reflect,pseudo_hidden
211,ex211,translate_up_left,True,False,ok,"(25, 25)","(25, 25)","(25, 25)",0,semantic_majority_reflect,pseudo_hidden
211,ex211,inert_2x2_distractor,True,False,ok,"(25, 25)","(25, 25)","(25, 25)",0,semantic_majority_reflect,pseudo_hidden
211,ex211,inert_singleton_distractor,True,False,ok,"(25, 25)","(25, 25)","(25, 25)",0,semantic_majority_reflect,pseudo_hidden
212,ex212,original,True,False,ok,"(29, 29)","(29, 29)","(29, 29)",0,semantic_majority_reflect,pseudo_hidden
212,ex212,color_permutation_a,True,False,ok,"(29, 29)","(29, 29)","(29, 29)",0,semantic_majority_reflect,pseudo_hidden
212,ex212,color_permutation_b,True,False,ok,"(29, 29)","(29, 29)","(29, 29)",0,semantic_majority_reflect,pseudo_hidden
212,ex212,transpose,True,False,ok,"(29, 29)","(29, 29)","(29, 29)",0,semantic_majority_reflect,pseudo_hidden
212,ex212,mirror_lr,True,False,ok,"(29, 29)","(29, 29)","(29, 29)",0,semantic_majority_reflect,pseudo_hidden
212,ex212,mirror_ud,True,False,ok,"(29, 29)","(29, 29)","(29, 29)",0,semantic_majority_reflect,pseudo_hidden
212,ex212,rotate_180,True,False,ok,"(29, 29)","(29, 29)","(29, 29)",0,semantic_majority_reflect,pseudo_hidden
212,ex212,pad_top_left,True,False,ok,"(30, 30)","(30, 30)","(30, 30)",0,semantic_majority_reflect,pseudo_hidden
212,ex212,pad_bottom_right,True,False,ok,"(30, 30)","(30, 30)","(30, 30)",0,semantic_majority_reflect,pseudo_hidden
212,ex212,translate_down_right,True,False,ok,"(29, 29)","(29, 29)","(29, 29)",0,semantic_majority_reflect,pseudo_hidden
212,ex212,translate_up_left,True,False,ok,"(29, 29)","(29, 29)","(29, 29)",0,semantic_majority_reflect,pseudo_hidden
212,ex212,inert_2x2_distractor,True,False,ok,"(29, 29)","(29, 29)","(29, 29)",0,semantic_majority_reflect,pseudo_hidden
212,ex212,inert_singleton_distractor,True,False,ok,"(29, 29)","(29, 29)","(29, 29)",0,semantic_majority_reflect,pseudo_hidden
213,ex213,original,True,False,ok,"(30, 30)","(30, 30)","(30, 30)",0,semantic_majority_reflect,pseudo_hidden
213,ex213,color_permutation_a,True,False,ok,"(30, 30)","(30, 30)","(30, 30)",0,semantic_majority_reflect,pseudo_hidden
213,ex213,color_permutation_b,True,False,ok,"(30, 30)","(30, 30)","(30, 30)",0,semantic_majority_reflect,pseudo_hidden
213,ex213,transpose,True,False,ok,"(30, 30)","(30, 30)","(30, 30)",0,semantic_majority_reflect,pseudo_hidden
213,ex213,mirror_lr,True,False,ok,"(30, 30)","(30, 30)","(30, 30)",0,semantic_majority_reflect,pseudo_hidden
213,ex213,mirror_ud,True,False,ok,"(30, 30)","(30, 30)","(30, 30)",0,semantic_majority_reflect,pseudo_hidden
213,ex213,rotate_180,True,False,ok,"(30, 30)","(30, 30)","(30, 30)",0,semantic_majority_reflect,pseudo_hidden
213,ex213,pad_top_left,False,True,"input_shape_exceeds_limit:(31, 31)>(30, 30)","(31, 31)","(31, 31)",,,,pseudo_hidden
213,ex213,pad_bottom_right,False,True,"input_shape_exceeds_limit:(31, 31)>(30, 30)","(31, 31)","(31, 31)",,,,pseudo_hidden
213,ex213,translate_down_right,True,False,ok,"(30, 30)","(30, 30)","(30, 30)",0,semantic_majority_reflect,pseudo_hidden
213,ex213,translate_up_left,True,False,ok,"(30, 30)","(30, 30)","(30, 30)",0,semantic_majority_reflect,pseudo_hidden
213,ex213,inert_2x2_distractor,True,False,ok,"(30, 30)","(30, 30)","(30, 30)",0,semantic_majority_reflect,pseudo_hidden
213,ex213,inert_singleton_distractor,True,False,ok,"(30, 30)","(30, 30)","(30, 30)",0,semantic_majority_reflect,pseudo_hidden
214,ex214,original,True,False,ok,"(25, 25)","(25, 25)","(25, 25)",0,semantic_majority_reflect,pseudo_hidden
214,ex214,color_permutation_a,True,False,ok,"(25, 25)","(25, 25)","(25, 25)",0,semantic_majority_reflect,pseudo_hidden
214,ex214,color_permutation_b,True,False,ok,"(25, 25)","(25, 25)","(25, 25)",0,semantic_majority_reflect,pseudo_hidden
214,ex214,transpose,True,False,ok,"(25, 25)","(25, 25)","(25, 25)",0,semantic_majority_reflect,pseudo_hidden
214,ex214,mirror_lr,True,False,ok,"(25, 25)","(25, 25)","(25, 25)",0,semantic_majority_reflect,pseudo_hidden
214,ex214,mirror_ud,True,False,ok,"(25, 25)","(25, 25)","(25, 25)",0,semantic_majority_reflect,pseudo_hidden
214,ex214,rotate_180,True,False,ok,"(25, 25)","(25, 25)","(25, 25)",0,semantic_majority_reflect,pseudo_hidden
214,ex214,pad_top_left,True,False,ok,"(26, 26)","(26, 26)","(26, 26)",0,semantic_majority_reflect,pseudo_hidden
214,ex214,pad_bottom_right,True,False,ok,"(26, 26)","(26, 26)","(26, 26)",0,semantic_majority_reflect,pseudo_hidden
214,ex214,translate_down_right,True,False,ok,"(25, 25)","(25, 25)","(25, 25)",0,semantic_majority_reflect,pseudo_hidden
214,ex214,translate_up_left,True,False,ok,"(25, 25)","(25, 25)","(25, 25)",0,semantic_majority_reflect,pseudo_hidden
214,ex214,inert_2x2_distractor,True,False,ok,"(25, 25)","(25, 25)","(25, 25)",0,semantic_majority_reflect,pseudo_hidden
214,ex214,inert_singleton_distractor,True,False,ok,"(25, 25)","(25, 25)","(25, 25)",0,semantic_majority_reflect,pseudo_hidden
215,ex215,original,True,False,ok,"(24, 24)","(24, 24)","(24, 24)",0,semantic_majority_reflect,pseudo_hidden
215,ex215,color_permutation_a,True,False,ok,"(24, 24)","(24, 24)","(24, 24)",0,semantic_majority_reflect,pseudo_hidden
215,ex215,color_permutation_b,True,False,ok,"(24, 24)","(24, 24)","(24, 24)",0,semantic_majority_reflect,pseudo_hidden
215,ex215,transpose,True,False,ok,"(24, 24)","(24, 24)","(24, 24)",0,semantic_majority_reflect,pseudo_hidden
215,ex215,mirror_lr,True,False,ok,"(24, 24)","(24, 24)","(24, 24)",0,semantic_majority_reflect,pseudo_hidden
215,ex215,mirror_ud,True,False,ok,"(24, 24)","(24, 24)","(24, 24)",0,semantic_majority_reflect,pseudo_hidden
215,ex215,rotate_180,True,False,ok,"(24, 24)","(24, 24)","(24, 24)",0,semantic_majority_reflect,pseudo_hidden
215,ex215,pad_top_left,True,False,ok,"(25, 25)","(25, 25)","(25, 25)",0,semantic_majority_reflect,pseudo_hidden
215,ex215,pad_bottom_right,True,False,ok,"(25, 25)","(25, 25)","(25, 25)",0,semantic_majority_reflect,pseudo_hidden
215,ex215,translate_down_right,True,False,ok,"(24, 24)","(24, 24)","(24, 24)",0,semantic_majority_reflect,pseudo_hidden
215,ex215,translate_up_left,True,False,ok,"(24, 24)","(24, 24)","(24, 24)",0,semantic_majority_reflect,pseudo_hidden
215,ex215,inert_2x2_distractor,True,False,ok,"(24, 24)","(24, 24)","(24, 24)",0,semantic_majority_reflect,pseudo_hidden
215,ex215,inert_singleton_distractor,True,False,ok,"(24, 24)","(24, 24)","(24, 24)",0,semantic_majority_reflect,pseudo_hidden
216,ex216,original,True,False,ok,"(14, 14)","(14, 14)","(14, 14)",0,semantic_majority_reflect,pseudo_hidden
216,ex216,color_permutation_a,True,False,ok,"(14, 14)","(14, 14)","(14, 14)",0,semantic_majority_reflect,pseudo_hidden
216,ex216,color_permutation_b,True,False,ok,"(14, 14)","(14, 14)","(14, 14)",0,semantic_majority_reflect,pseudo_hidden
216,ex216,transpose,True,False,ok,"(14, 14)","(14, 14)","(14, 14)",0,semantic_majority_reflect,pseudo_hidden
216,ex216,mirror_lr,True,False,ok,"(14, 14)","(14, 14)","(14, 14)",0,semantic_majority_reflect,pseudo_hidden
216,ex216,mirror_ud,True,False,ok,"(14, 14)","(14, 14)","(14, 14)",0,semantic_majority_reflect,pseudo_hidden
216,ex216,rotate_180,True,False,ok,"(14, 14)","(14, 14)","(14, 14)",0,semantic_majority_reflect,pseudo_hidden
216,ex216,pad_top_left,True,False,ok,"(15, 15)","(15, 15)","(15, 15)",0,semantic_majority_reflect,pseudo_hidden
216,ex216,pad_bottom_right,True,False,ok,"(15, 15)","(15, 15)","(15, 15)",0,semantic_majority_reflect,pseudo_hidden
216,ex216,translate_down_right,True,False,ok,"(14, 14)","(14, 14)","(14, 14)",0,semantic_majority_reflect,pseudo_hidden
216,ex216,translate_up_left,True,False,ok,"(14, 14)","(14, 14)","(14, 14)",0,semantic_majority_reflect,pseudo_hidden
216,ex216,inert_2x2_distractor,True,False,ok,"(14, 14)","(14, 14)","(14, 14)",0,semantic_majority_reflect,pseudo_hidden
216,ex216,inert_singleton_distractor,True,False,ok,"(14, 14)","(14, 14)","(14, 14)",0,semantic_majority_reflect,pseudo_hidden
217,ex217,original,True,False,ok,"(28, 28)","(28, 28)","(28, 28)",0,semantic_majority_reflect,pseudo_hidden
217,ex217,color_permutation_a,True,False,ok,"(28, 28)","(28, 28)","(28, 28)",0,semantic_majority_reflect,pseudo_hidden
217,ex217,color_permutation_b,True,False,ok,"(28, 28)","(28, 28)","(28, 28)",0,semantic_majority_reflect,pseudo_hidden
217,ex217,transpose,True,False,ok,"(28, 28)","(28, 28)","(28, 28)",0,semantic_majority_reflect,pseudo_hidden
217,ex217,mirror_lr,True,False,ok,"(28, 28)","(28, 28)","(28, 28)",0,semantic_majority_reflect,pseudo_hidden
217,ex217,mirror_ud,True,False,ok,"(28, 28)","(28, 28)","(28, 28)",0,semantic_majority_reflect,pseudo_hidden
217,ex217,rotate_180,True,False,ok,"(28, 28)","(28, 28)","(28, 28)",0,semantic_majority_reflect,pseudo_hidden
217,ex217,pad_top_left,True,False,ok,"(29, 29)","(29, 29)","(29, 29)",0,semantic_majority_reflect,pseudo_hidden
217,ex217,pad_bottom_right,True,False,ok,"(29, 29)","(29, 29)","(29, 29)",0,semantic_majority_reflect,pseudo_hidden
217,ex217,translate_down_right,True,False,ok,"(28, 28)","(28, 28)","(28, 28)",0,semantic_majority_reflect,pseudo_hidden
217,ex217,translate_up_left,True,False,ok,"(28, 28)","(28, 28)","(28, 28)",0,semantic_majority_reflect,pseudo_hidden
217,ex217,inert_2x2_distractor,True,False,ok,"(28, 28)","(28, 28)","(28, 28)",0,semantic_majority_reflect,pseudo_hidden
217,ex217,inert_singleton_distractor,True,False,ok,"(28, 28)","(28, 28)","(28, 28)",0,semantic_majority_reflect,pseudo_hidden
218,ex218,original,True,False,ok,"(30, 30)","(30, 30)","(30, 30)",0,semantic_majority_reflect,pseudo_hidden
218,ex218,color_permutation_a,True,False,ok,"(30, 30)","(30, 30)","(30, 30)",0,semantic_majority_reflect,pseudo_hidden
218,ex218,color_permutation_b,True,False,ok,"(30, 30)","(30, 30)","(30, 30)",0,semantic_majority_reflect,pseudo_hidden
218,ex218,transpose,True,False,ok,"(30, 30)","(30, 30)","(30, 30)",0,semantic_majority_reflect,pseudo_hidden
218,ex218,mirror_lr,True,False,ok,"(30, 30)","(30, 30)","(30, 30)",0,semantic_majority_reflect,pseudo_hidden
218,ex218,mirror_ud,True,False,ok,"(30, 30)","(30, 30)","(30, 30)",0,semantic_majority_reflect,pseudo_hidden
218,ex218,rotate_180,True,False,ok,"(30, 30)","(30, 30)","(30, 30)",0,semantic_majority_reflect,pseudo_hidden
218,ex218,pad_top_left,False,True,"input_shape_exceeds_limit:(31, 31)>(30, 30)","(31, 31)","(31, 31)",,,,pseudo_hidden
218,ex218,pad_bottom_right,False,True,"input_shape_exceeds_limit:(31, 31)>(30, 30)","(31, 31)","(31, 31)",,,,pseudo_hidden
218,ex218,translate_down_right,True,False,ok,"(30, 30)","(30, 30)","(30, 30)",0,semantic_majority_reflect,pseudo_hidden
218,ex218,translate_up_left,True,False,ok,"(30, 30)","(30, 30)","(30, 30)",0,semantic_majority_reflect,pseudo_hidden
218,ex218,inert_2x2_distractor,True,False,ok,"(30, 30)","(30, 30)","(30, 30)",0,semantic_majority_reflect,pseudo_hidden
218,ex218,inert_singleton_distractor,True,False,ok,"(30, 30)","(30, 30)","(30, 30)",0,semantic_majority_reflect,pseudo_hidden
219,ex219,original,True,False,ok,"(25, 25)","(25, 25)","(25, 25)",0,semantic_majority_reflect,pseudo_hidden
219,ex219,color_permutation_a,True,False,ok,"(25, 25)","(25, 25)","(25, 25)",0,semantic_majority_reflect,pseudo_hidden
219,ex219,color_permutation_b,True,False,ok,"(25, 25)","(25, 25)","(25, 25)",0,semantic_majority_reflect,pseudo_hidden
219,ex219,transpose,True,False,ok,"(25, 25)","(25, 25)","(25, 25)",0,semantic_majority_reflect,pseudo_hidden
219,ex219,mirror_lr,True,False,ok,"(25, 25)","(25, 25)","(25, 25)",0,semantic_majority_reflect,pseudo_hidden
219,ex219,mirror_ud,True,False,ok,"(25, 25)","(25, 25)","(25, 25)",0,semantic_majority_reflect,pseudo_hidden
219,ex219,rotate_180,True,False,ok,"(25, 25)","(25, 25)","(25, 25)",0,semantic_majority_reflect,pseudo_hidden
219,ex219,pad_top_left,True,False,ok,"(26, 26)","(26, 26)","(26, 26)",0,semantic_majority_reflect,pseudo_hidden
219,ex219,pad_bottom_right,True,False,ok,"(26, 26)","(26, 26)","(26, 26)",0,semantic_majority_reflect,pseudo_hidden
219,ex219,translate_down_right,True,False,ok,"(25, 25)","(25, 25)","(25, 25)",0,semantic_majority_reflect,pseudo_hidden
219,ex219,translate_up_left,True,False,ok,"(25, 25)","(25, 25)","(25, 25)",0,semantic_majority_reflect,pseudo_hidden
219,ex219,inert_2x2_distractor,True,False,ok,"(25, 25)","(25, 25)","(25, 25)",0,semantic_majority_reflect,pseudo_hidden
219,ex219,inert_singleton_distractor,True,False,ok,"(25, 25)","(25, 25)","(25, 25)",0,semantic_majority_reflect,pseudo_hidden
220,ex220,original,True,False,ok,"(29, 29)","(29, 29)","(29, 29)",0,semantic_majority_reflect,pseudo_hidden
220,ex220,color_permutation_a,True,False,ok,"(29, 29)","(29, 29)","(29, 29)",0,semantic_majority_reflect,pseudo_hidden
220,ex220,color_permutation_b,True,False,ok,"(29, 29)","(29, 29)","(29, 29)",0,semantic_majority_reflect,pseudo_hidden
220,ex220,transpose,True,False,ok,"(29, 29)","(29, 29)","(29, 29)",0,semantic_majority_reflect,pseudo_hidden
220,ex220,mirror_lr,True,False,ok,"(29, 29)","(29, 29)","(29, 29)",0,semantic_majority_reflect,pseudo_hidden
220,ex220,mirror_ud,True,False,ok,"(29, 29)","(29, 29)","(29, 29)",0,semantic_majority_reflect,pseudo_hidden
220,ex220,rotate_180,True,False,ok,"(29, 29)","(29, 29)","(29, 29)",0,semantic_majority_reflect,pseudo_hidden
220,ex220,pad_top_left,True,False,ok,"(30, 30)","(30, 30)","(30, 30)",0,semantic_majority_reflect,pseudo_hidden
220,ex220,pad_bottom_right,True,False,ok,"(30, 30)","(30, 30)","(30, 30)",0,semantic_majority_reflect,pseudo_hidden
220,ex220,translate_down_right,True,False,ok,"(29, 29)","(29, 29)","(29, 29)",0,semantic_majority_reflect,pseudo_hidden
220,ex220,translate_up_left,True,False,ok,"(29, 29)","(29, 29)","(29, 29)",0,semantic_majority_reflect,pseudo_hidden
220,ex220,inert_2x2_distractor,True,False,ok,"(29, 29)","(29, 29)","(29, 29)",0,semantic_majority_reflect,pseudo_hidden
220,ex220,inert_singleton_distractor,True,False,ok,"(29, 29)","(29, 29)","(29, 29)",0,semantic_majority_reflect,pseudo_hidden
221,ex221,original,True,False,ok,"(28, 28)","(28, 28)","(28, 28)",0,semantic_majority_reflect,pseudo_hidden
221,ex221,color_permutation_a,True,False,ok,"(28, 28)","(28, 28)","(28, 28)",0,semantic_majority_reflect,pseudo_hidden
221,ex221,color_permutation_b,True,False,ok,"(28, 28)","(28, 28)","(28, 28)",0,semantic_majority_reflect,pseudo_hidden
221,ex221,transpose,True,False,ok,"(28, 28)","(28, 28)","(28, 28)",0,semantic_majority_reflect,pseudo_hidden
221,ex221,mirror_lr,True,False,ok,"(28, 28)","(28, 28)","(28, 28)",0,semantic_majority_reflect,pseudo_hidden
221,ex221,mirror_ud,True,False,ok,"(28, 28)","(28, 28)","(28, 28)",0,semantic_majority_reflect,pseudo_hidden
221,ex221,rotate_180,True,False,ok,"(28, 28)","(28, 28)","(28, 28)",0,semantic_majority_reflect,pseudo_hidden
221,ex221,pad_top_left,True,False,ok,"(29, 29)","(29, 29)","(29, 29)",0,semantic_majority_reflect,pseudo_hidden
221,ex221,pad_bottom_right,True,False,ok,"(29, 29)","(29, 29)","(29, 29)",0,semantic_majority_reflect,pseudo_hidden
221,ex221,translate_down_right,True,False,ok,"(28, 28)","(28, 28)","(28, 28)",0,semantic_majority_reflect,pseudo_hidden
221,ex221,translate_up_left,True,False,ok,"(28, 28)","(28, 28)","(28, 28)",0,semantic_majority_reflect,pseudo_hidden
221,ex221,inert_2x2_distractor,True,False,ok,"(28, 28)","(28, 28)","(28, 28)",0,semantic_majority_reflect,pseudo_hidden
221,ex221,inert_singleton_distractor,True,False,ok,"(28, 28)","(28, 28)","(28, 28)",0,semantic_majority_reflect,pseudo_hidden
222,ex222,original,True,False,ok,"(30, 30)","(30, 30)","(30, 30)",0,semantic_majority_reflect,pseudo_hidden
222,ex222,color_permutation_a,True,False,ok,"(30, 30)","(30, 30)","(30, 30)",0,semantic_majority_reflect,pseudo_hidden
222,ex222,color_permutation_b,True,False,ok,"(30, 30)","(30, 30)","(30, 30)",0,semantic_majority_reflect,pseudo_hidden
222,ex222,transpose,True,False,ok,"(30, 30)","(30, 30)","(30, 30)",0,semantic_majority_reflect,pseudo_hidden
222,ex222,mirror_lr,True,False,ok,"(30, 30)","(30, 30)","(30, 30)",0,semantic_majority_reflect,pseudo_hidden
222,ex222,mirror_ud,True,False,ok,"(30, 30)","(30, 30)","(30, 30)",0,semantic_majority_reflect,pseudo_hidden
222,ex222,rotate_180,True,False,ok,"(30, 30)","(30, 30)","(30, 30)",0,semantic_majority_reflect,pseudo_hidden
222,ex222,pad_top_left,False,True,"input_shape_exceeds_limit:(31, 31)>(30, 30)","(31, 31)","(31, 31)",,,,pseudo_hidden
222,ex222,pad_bottom_right,False,True,"input_shape_exceeds_limit:(31, 31)>(30, 30)","(31, 31)","(31, 31)",,,,pseudo_hidden
222,ex222,translate_down_right,True,False,ok,"(30, 30)","(30, 30)","(30, 30)",0,semantic_majority_reflect,pseudo_hidden
222,ex222,translate_up_left,True,False,ok,"(30, 30)","(30, 30)","(30, 30)",0,semantic_majority_reflect,pseudo_hidden
222,ex222,inert_2x2_distractor,True,False,ok,"(30, 30)","(30, 30)","(30, 30)",0,semantic_majority_reflect,pseudo_hidden
222,ex222,inert_singleton_distractor,True,False,ok,"(30, 30)","(30, 30)","(30, 30)",0,semantic_majority_reflect,pseudo_hidden
223,ex223,original,True,False,ok,"(27, 27)","(27, 27)","(27, 27)",0,semantic_majority_reflect,pseudo_hidden
223,ex223,color_permutation_a,True,False,ok,"(27, 27)","(27, 27)","(27, 27)",0,semantic_majority_reflect,pseudo_hidden
223,ex223,color_permutation_b,True,False,ok,"(27, 27)","(27, 27)","(27, 27)",0,semantic_majority_reflect,pseudo_hidden
223,ex223,transpose,True,False,ok,"(27, 27)","(27, 27)","(27, 27)",0,semantic_majority_reflect,pseudo_hidden
223,ex223,mirror_lr,True,False,ok,"(27, 27)","(27, 27)","(27, 27)",0,semantic_majority_reflect,pseudo_hidden
223,ex223,mirror_ud,True,False,ok,"(27, 27)","(27, 27)","(27, 27)",0,semantic_majority_reflect,pseudo_hidden
223,ex223,rotate_180,True,False,ok,"(27, 27)","(27, 27)","(27, 27)",0,semantic_majority_reflect,pseudo_hidden
223,ex223,pad_top_left,True,False,ok,"(28, 28)","(28, 28)","(28, 28)",0,semantic_majority_reflect,pseudo_hidden
223,ex223,pad_bottom_right,True,False,ok,"(28, 28)","(28, 28)","(28, 28)",0,semantic_majority_reflect,pseudo_hidden
223,ex223,translate_down_right,True,False,ok,"(27, 27)","(27, 27)","(27, 27)",0,semantic_majority_reflect,pseudo_hidden
223,ex223,translate_up_left,True,False,ok,"(27, 27)","(27, 27)","(27, 27)",0,semantic_majority_reflect,pseudo_hidden
223,ex223,inert_2x2_distractor,True,False,ok,"(27, 27)","(27, 27)","(27, 27)",0,semantic_majority_reflect,pseudo_hidden
223,ex223,inert_singleton_distractor,True,False,ok,"(27, 27)","(27, 27)","(27, 27)",0,semantic_majority_reflect,pseudo_hidden
224,ex224,original,True,False,ok,"(25, 25)","(25, 25)","(25, 25)",0,semantic_majority_reflect,pseudo_hidden
224,ex224,color_permutation_a,True,False,ok,"(25, 25)","(25, 25)","(25, 25)",0,semantic_majority_reflect,pseudo_hidden
224,ex224,color_permutation_b,True,False,ok,"(25, 25)","(25, 25)","(25, 25)",0,semantic_majority_reflect,pseudo_hidden
224,ex224,transpose,True,False,ok,"(25, 25)","(25, 25)","(25, 25)",0,semantic_majority_reflect,pseudo_hidden
224,ex224,mirror_lr,True,False,ok,"(25, 25)","(25, 25)","(25, 25)",0,semantic_majority_reflect,pseudo_hidden
224,ex224,mirror_ud,True,False,ok,"(25, 25)","(25, 25)","(25, 25)",0,semantic_majority_reflect,pseudo_hidden
224,ex224,rotate_180,True,False,ok,"(25, 25)","(25, 25)","(25, 25)",0,semantic_majority_reflect,pseudo_hidden
224,ex224,pad_top_left,True,False,ok,"(26, 26)","(26, 26)","(26, 26)",0,semantic_majority_reflect,pseudo_hidden
224,ex224,pad_bottom_right,True,False,ok,"(26, 26)","(26, 26)","(26, 26)",0,semantic_majority_reflect,pseudo_hidden
224,ex224,translate_down_right,True,False,ok,"(25, 25)","(25, 25)","(25, 25)",0,semantic_majority_reflect,pseudo_hidden
224,ex224,translate_up_left,True,False,ok,"(25, 25)","(25, 25)","(25, 25)",0,semantic_majority_reflect,pseudo_hidden
224,ex224,inert_2x2_distractor,True,False,ok,"(25, 25)","(25, 25)","(25, 25)",0,semantic_majority_reflect,pseudo_hidden
224,ex224,inert_singleton_distractor,True,False,ok,"(25, 25)","(25, 25)","(25, 25)",0,semantic_majority_reflect,pseudo_hidden
225,ex225,original,True,False,ok,"(29, 29)","(29, 29)","(29, 29)",0,semantic_majority_reflect,pseudo_hidden
225,ex225,color_permutation_a,True,False,ok,"(29, 29)","(29, 29)","(29, 29)",0,semantic_majority_reflect,pseudo_hidden
225,ex225,color_permutation_b,True,False,ok,"(29, 29)","(29, 29)","(29, 29)",0,semantic_majority_reflect,pseudo_hidden
225,ex225,transpose,True,False,ok,"(29, 29)","(29, 29)","(29, 29)",0,semantic_majority_reflect,pseudo_hidden
225,ex225,mirror_lr,True,False,ok,"(29, 29)","(29, 29)","(29, 29)",0,semantic_majority_reflect,pseudo_hidden
225,ex225,mirror_ud,True,False,ok,"(29, 29)","(29, 29)","(29, 29)",0,semantic_majority_reflect,pseudo_hidden
225,ex225,rotate_180,True,False,ok,"(29, 29)","(29, 29)","(29, 29)",0,semantic_majority_reflect,pseudo_hidden
225,ex225,pad_top_left,True,False,ok,"(30, 30)","(30, 30)","(30, 30)",0,semantic_majority_reflect,pseudo_hidden
225,ex225,pad_bottom_right,True,False,ok,"(30, 30)","(30, 30)","(30, 30)",0,semantic_majority_reflect,pseudo_hidden
225,ex225,translate_down_right,True,False,ok,"(29, 29)","(29, 29)","(29, 29)",0,semantic_majority_reflect,pseudo_hidden
225,ex225,translate_up_left,True,False,ok,"(29, 29)","(29, 29)","(29, 29)",0,semantic_majority_reflect,pseudo_hidden
225,ex225,inert_2x2_distractor,True,False,ok,"(29, 29)","(29, 29)","(29, 29)",0,semantic_majority_reflect,pseudo_hidden
225,ex225,inert_singleton_distractor,True,False,ok,"(29, 29)","(29, 29)","(29, 29)",0,semantic_majority_reflect,pseudo_hidden
226,ex226,original,True,False,ok,"(24, 24)","(24, 24)","(24, 24)",0,semantic_majority_reflect,pseudo_hidden
226,ex226,color_permutation_a,True,False,ok,"(24, 24)","(24, 24)","(24, 24)",0,semantic_majority_reflect,pseudo_hidden
226,ex226,color_permutation_b,True,False,ok,"(24, 24)","(24, 24)","(24, 24)",0,semantic_majority_reflect,pseudo_hidden
226,ex226,transpose,True,False,ok,"(24, 24)","(24, 24)","(24, 24)",0,semantic_majority_reflect,pseudo_hidden
226,ex226,mirror_lr,True,False,ok,"(24, 24)","(24, 24)","(24, 24)",0,semantic_majority_reflect,pseudo_hidden
226,ex226,mirror_ud,True,False,ok,"(24, 24)","(24, 24)","(24, 24)",0,semantic_majority_reflect,pseudo_hidden
226,ex226,rotate_180,True,False,ok,"(24, 24)","(24, 24)","(24, 24)",0,semantic_majority_reflect,pseudo_hidden
226,ex226,pad_top_left,True,False,ok,"(25, 25)","(25, 25)","(25, 25)",0,semantic_majority_reflect,pseudo_hidden
226,ex226,pad_bottom_right,True,False,ok,"(25, 25)","(25, 25)","(25, 25)",0,semantic_majority_reflect,pseudo_hidden
226,ex226,translate_down_right,True,False,ok,"(24, 24)","(24, 24)","(24, 24)",0,semantic_majority_reflect,pseudo_hidden
226,ex226,translate_up_left,True,False,ok,"(24, 24)","(24, 24)","(24, 24)",0,semantic_majority_reflect,pseudo_hidden
226,ex226,inert_2x2_distractor,True,False,ok,"(24, 24)","(24, 24)","(24, 24)",0,semantic_majority_reflect,pseudo_hidden
226,ex226,inert_singleton_distractor,True,False,ok,"(24, 24)","(24, 24)","(24, 24)",0,semantic_majority_reflect,pseudo_hidden
227,ex227,original,True,False,ok,"(30, 30)","(30, 30)","(30, 30)",0,semantic_majority_reflect,pseudo_hidden
227,ex227,color_permutation_a,True,False,ok,"(30, 30)","(30, 30)","(30, 30)",0,semantic_majority_reflect,pseudo_hidden
227,ex227,color_permutation_b,True,False,ok,"(30, 30)","(30, 30)","(30, 30)",0,semantic_majority_reflect,pseudo_hidden
227,ex227,transpose,True,False,ok,"(30, 30)","(30, 30)","(30, 30)",0,semantic_majority_reflect,pseudo_hidden
227,ex227,mirror_lr,True,False,ok,"(30, 30)","(30, 30)","(30, 30)",0,semantic_majority_reflect,pseudo_hidden
227,ex227,mirror_ud,True,False,ok,"(30, 30)","(30, 30)","(30, 30)",0,semantic_majority_reflect,pseudo_hidden
227,ex227,rotate_180,True,False,ok,"(30, 30)","(30, 30)","(30, 30)",0,semantic_majority_reflect,pseudo_hidden
227,ex227,pad_top_left,False,True,"input_shape_exceeds_limit:(31, 31)>(30, 30)","(31, 31)","(31, 31)",,,,pseudo_hidden
227,ex227,pad_bottom_right,False,True,"input_shape_exceeds_limit:(31, 31)>(30, 30)","(31, 31)","(31, 31)",,,,pseudo_hidden
227,ex227,translate_down_right,True,False,ok,"(30, 30)","(30, 30)","(30, 30)",0,semantic_majority_reflect,pseudo_hidden
227,ex227,translate_up_left,True,False,ok,"(30, 30)","(30, 30)","(30, 30)",0,semantic_majority_reflect,pseudo_hidden
227,ex227,inert_2x2_distractor,True,False,ok,"(30, 30)","(30, 30)","(30, 30)",0,semantic_majority_reflect,pseudo_hidden
227,ex227,inert_singleton_distractor,True,False,ok,"(30, 30)","(30, 30)","(30, 30)",0,semantic_majority_reflect,pseudo_hidden
228,ex228,original,True,False,ok,"(30, 30)","(30, 30)","(30, 30)",0,semantic_majority_reflect,pseudo_hidden
228,ex228,color_permutation_a,True,False,ok,"(30, 30)","(30, 30)","(30, 30)",0,semantic_majority_reflect,pseudo_hidden
228,ex228,color_permutation_b,True,False,ok,"(30, 30)","(30, 30)","(30, 30)",0,semantic_majority_reflect,pseudo_hidden
228,ex228,transpose,True,False,ok,"(30, 30)","(30, 30)","(30, 30)",0,semantic_majority_reflect,pseudo_hidden
228,ex228,mirror_lr,True,False,ok,"(30, 30)","(30, 30)","(30, 30)",0,semantic_majority_reflect,pseudo_hidden
228,ex228,mirror_ud,True,False,ok,"(30, 30)","(30, 30)","(30, 30)",0,semantic_majority_reflect,pseudo_hidden
228,ex228,rotate_180,True,False,ok,"(30, 30)","(30, 30)","(30, 30)",0,semantic_majority_reflect,pseudo_hidden
228,ex228,pad_top_left,False,True,"input_shape_exceeds_limit:(31, 31)>(30, 30)","(31, 31)","(31, 31)",,,,pseudo_hidden
228,ex228,pad_bottom_right,False,True,"input_shape_exceeds_limit:(31, 31)>(30, 30)","(31, 31)","(31, 31)",,,,pseudo_hidden
228,ex228,translate_down_right,True,False,ok,"(30, 30)","(30, 30)","(30, 30)",0,semantic_majority_reflect,pseudo_hidden
228,ex228,translate_up_left,True,False,ok,"(30, 30)","(30, 30)","(30, 30)",0,semantic_majority_reflect,pseudo_hidden
228,ex228,inert_2x2_distractor,True,False,ok,"(30, 30)","(30, 30)","(30, 30)",0,semantic_majority_reflect,pseudo_hidden
228,ex228,inert_singleton_distractor,True,False,ok,"(30, 30)","(30, 30)","(30, 30)",0,semantic_majority_reflect,pseudo_hidden
229,ex229,original,True,False,ok,"(26, 26)","(26, 26)","(26, 26)",0,semantic_majority_reflect,pseudo_hidden
229,ex229,color_permutation_a,True,False,ok,"(26, 26)","(26, 26)","(26, 26)",0,semantic_majority_reflect,pseudo_hidden
229,ex229,color_permutation_b,True,False,ok,"(26, 26)","(26, 26)","(26, 26)",0,semantic_majority_reflect,pseudo_hidden
229,ex229,transpose,True,False,ok,"(26, 26)","(26, 26)","(26, 26)",0,semantic_majority_reflect,pseudo_hidden
229,ex229,mirror_lr,True,False,ok,"(26, 26)","(26, 26)","(26, 26)",0,semantic_majority_reflect,pseudo_hidden
229,ex229,mirror_ud,True,False,ok,"(26, 26)","(26, 26)","(26, 26)",0,semantic_majority_reflect,pseudo_hidden
229,ex229,rotate_180,True,False,ok,"(26, 26)","(26, 26)","(26, 26)",0,semantic_majority_reflect,pseudo_hidden
229,ex229,pad_top_left,True,False,ok,"(27, 27)","(27, 27)","(27, 27)",0,semantic_majority_reflect,pseudo_hidden
229,ex229,pad_bottom_right,True,False,ok,"(27, 27)","(27, 27)","(27, 27)",0,semantic_majority_reflect,pseudo_hidden
229,ex229,translate_down_right,True,False,ok,"(26, 26)","(26, 26)","(26, 26)",0,semantic_majority_reflect,pseudo_hidden
229,ex229,translate_up_left,True,False,ok,"(26, 26)","(26, 26)","(26, 26)",0,semantic_majority_reflect,pseudo_hidden
229,ex229,inert_2x2_distractor,True,False,ok,"(26, 26)","(26, 26)","(26, 26)",0,semantic_majority_reflect,pseudo_hidden
229,ex229,inert_singleton_distractor,True,False,ok,"(26, 26)","(26, 26)","(26, 26)",0,semantic_majority_reflect,pseudo_hidden
230,ex230,original,True,False,ok,"(14, 14)","(14, 14)","(14, 14)",0,semantic_majority_reflect,pseudo_hidden
230,ex230,color_permutation_a,True,False,ok,"(14, 14)","(14, 14)","(14, 14)",0,semantic_majority_reflect,pseudo_hidden
230,ex230,color_permutation_b,True,False,ok,"(14, 14)","(14, 14)","(14, 14)",0,semantic_majority_reflect,pseudo_hidden
230,ex230,transpose,True,False,ok,"(14, 14)","(14, 14)","(14, 14)",0,semantic_majority_reflect,pseudo_hidden
230,ex230,mirror_lr,True,False,ok,"(14, 14)","(14, 14)","(14, 14)",0,semantic_majority_reflect,pseudo_hidden
230,ex230,mirror_ud,True,False,ok,"(14, 14)","(14, 14)","(14, 14)",0,semantic_majority_reflect,pseudo_hidden
230,ex230,rotate_180,True,False,ok,"(14, 14)","(14, 14)","(14, 14)",0,semantic_majority_reflect,pseudo_hidden
230,ex230,pad_top_left,True,False,ok,"(15, 15)","(15, 15)","(15, 15)",0,semantic_majority_reflect,pseudo_hidden
230,ex230,pad_bottom_right,True,False,ok,"(15, 15)","(15, 15)","(15, 15)",0,semantic_majority_reflect,pseudo_hidden
230,ex230,translate_down_right,True,False,ok,"(14, 14)","(14, 14)","(14, 14)",0,semantic_majority_reflect,pseudo_hidden
230,ex230,translate_up_left,True,False,ok,"(14, 14)","(14, 14)","(14, 14)",0,semantic_majority_reflect,pseudo_hidden
230,ex230,inert_2x2_distractor,True,False,ok,"(14, 14)","(14, 14)","(14, 14)",0,semantic_majority_reflect,pseudo_hidden
230,ex230,inert_singleton_distractor,True,False,ok,"(14, 14)","(14, 14)","(14, 14)",0,semantic_majority_reflect,pseudo_hidden
231,ex231,original,True,False,ok,"(22, 22)","(22, 22)","(22, 22)",0,semantic_majority_reflect,pseudo_hidden
231,ex231,color_permutation_a,True,False,ok,"(22, 22)","(22, 22)","(22, 22)",0,semantic_majority_reflect,pseudo_hidden
231,ex231,color_permutation_b,True,False,ok,"(22, 22)","(22, 22)","(22, 22)",0,semantic_majority_reflect,pseudo_hidden
231,ex231,transpose,True,False,ok,"(22, 22)","(22, 22)","(22, 22)",0,semantic_majority_reflect,pseudo_hidden
231,ex231,mirror_lr,True,False,ok,"(22, 22)","(22, 22)","(22, 22)",0,semantic_majority_reflect,pseudo_hidden
231,ex231,mirror_ud,True,False,ok,"(22, 22)","(22, 22)","(22, 22)",0,semantic_majority_reflect,pseudo_hidden
231,ex231,rotate_180,True,False,ok,"(22, 22)","(22, 22)","(22, 22)",0,semantic_majority_reflect,pseudo_hidden
231,ex231,pad_top_left,True,False,ok,"(23, 23)","(23, 23)","(23, 23)",0,semantic_majority_reflect,pseudo_hidden
231,ex231,pad_bottom_right,True,False,ok,"(23, 23)","(23, 23)","(23, 23)",0,semantic_majority_reflect,pseudo_hidden
231,ex231,translate_down_right,True,False,ok,"(22, 22)","(22, 22)","(22, 22)",0,semantic_majority_reflect,pseudo_hidden
231,ex231,translate_up_left,True,False,ok,"(22, 22)","(22, 22)","(22, 22)",0,semantic_majority_reflect,pseudo_hidden
231,ex231,inert_2x2_distractor,True,False,ok,"(22, 22)","(22, 22)","(22, 22)",0,semantic_majority_reflect,pseudo_hidden
231,ex231,inert_singleton_distractor,True,False,ok,"(22, 22)","(22, 22)","(22, 22)",0,semantic_majority_reflect,pseudo_hidden
232,ex232,original,True,False,ok,"(27, 27)","(27, 27)","(27, 27)",0,semantic_majority_reflect,pseudo_hidden
232,ex232,color_permutation_a,True,False,ok,"(27, 27)","(27, 27)","(27, 27)",0,semantic_majority_reflect,pseudo_hidden
232,ex232,color_permutation_b,True,False,ok,"(27, 27)","(27, 27)","(27, 27)",0,semantic_majority_reflect,pseudo_hidden
232,ex232,transpose,True,False,ok,"(27, 27)","(27, 27)","(27, 27)",0,semantic_majority_reflect,pseudo_hidden
232,ex232,mirror_lr,True,False,ok,"(27, 27)","(27, 27)","(27, 27)",0,semantic_majority_reflect,pseudo_hidden
232,ex232,mirror_ud,True,False,ok,"(27, 27)","(27, 27)","(27, 27)",0,semantic_majority_reflect,pseudo_hidden
232,ex232,rotate_180,True,False,ok,"(27, 27)","(27, 27)","(27, 27)",0,semantic_majority_reflect,pseudo_hidden
232,ex232,pad_top_left,True,False,ok,"(28, 28)","(28, 28)","(28, 28)",0,semantic_majority_reflect,pseudo_hidden
232,ex232,pad_bottom_right,True,False,ok,"(28, 28)","(28, 28)","(28, 28)",0,semantic_majority_reflect,pseudo_hidden
232,ex232,translate_down_right,True,False,ok,"(27, 27)","(27, 27)","(27, 27)",0,semantic_majority_reflect,pseudo_hidden
232,ex232,translate_up_left,True,False,ok,"(27, 27)","(27, 27)","(27, 27)",0,semantic_majority_reflect,pseudo_hidden
232,ex232,inert_2x2_distractor,True,False,ok,"(27, 27)","(27, 27)","(27, 27)",0,semantic_majority_reflect,pseudo_hidden
232,ex232,inert_singleton_distractor,True,False,ok,"(27, 27)","(27, 27)","(27, 27)",0,semantic_majority_reflect,pseudo_hidden
233,ex233,original,True,False,ok,"(28, 28)","(28, 28)","(28, 28)",0,semantic_majority_reflect,pseudo_hidden
233,ex233,color_permutation_a,True,False,ok,"(28, 28)","(28, 28)","(28, 28)",0,semantic_majority_reflect,pseudo_hidden
233,ex233,color_permutation_b,True,False,ok,"(28, 28)","(28, 28)","(28, 28)",0,semantic_majority_reflect,pseudo_hidden
233,ex233,transpose,True,False,ok,"(28, 28)","(28, 28)","(28, 28)",0,semantic_majority_reflect,pseudo_hidden
233,ex233,mirror_lr,True,False,ok,"(28, 28)","(28, 28)","(28, 28)",0,semantic_majority_reflect,pseudo_hidden
233,ex233,mirror_ud,True,False,ok,"(28, 28)","(28, 28)","(28, 28)",0,semantic_majority_reflect,pseudo_hidden
233,ex233,rotate_180,True,False,ok,"(28, 28)","(28, 28)","(28, 28)",0,semantic_majority_reflect,pseudo_hidden
233,ex233,pad_top_left,True,False,ok,"(29, 29)","(29, 29)","(29, 29)",0,semantic_majority_reflect,pseudo_hidden
233,ex233,pad_bottom_right,True,False,ok,"(29, 29)","(29, 29)","(29, 29)",0,semantic_majority_reflect,pseudo_hidden
233,ex233,translate_down_right,True,False,ok,"(28, 28)","(28, 28)","(28, 28)",0,semantic_majority_reflect,pseudo_hidden
233,ex233,translate_up_left,True,False,ok,"(28, 28)","(28, 28)","(28, 28)",0,semantic_majority_reflect,pseudo_hidden
233,ex233,inert_2x2_distractor,True,False,ok,"(28, 28)","(28, 28)","(28, 28)",0,semantic_majority_reflect,pseudo_hidden
233,ex233,inert_singleton_distractor,True,False,ok,"(28, 28)","(28, 28)","(28, 28)",0,semantic_majority_reflect,pseudo_hidden
234,ex234,original,True,False,ok,"(24, 24)","(24, 24)","(24, 24)",0,semantic_majority_reflect,pseudo_hidden
234,ex234,color_permutation_a,True,False,ok,"(24, 24)","(24, 24)","(24, 24)",0,semantic_majority_reflect,pseudo_hidden
234,ex234,color_permutation_b,True,False,ok,"(24, 24)","(24, 24)","(24, 24)",0,semantic_majority_reflect,pseudo_hidden
234,ex234,transpose,True,False,ok,"(24, 24)","(24, 24)","(24, 24)",0,semantic_majority_reflect,pseudo_hidden
234,ex234,mirror_lr,True,False,ok,"(24, 24)","(24, 24)","(24, 24)",0,semantic_majority_reflect,pseudo_hidden
234,ex234,mirror_ud,True,False,ok,"(24, 24)","(24, 24)","(24, 24)",0,semantic_majority_reflect,pseudo_hidden
234,ex234,rotate_180,True,False,ok,"(24, 24)","(24, 24)","(24, 24)",0,semantic_majority_reflect,pseudo_hidden
234,ex234,pad_top_left,True,False,ok,"(25, 25)","(25, 25)","(25, 25)",0,semantic_majority_reflect,pseudo_hidden
234,ex234,pad_bottom_right,True,False,ok,"(25, 25)","(25, 25)","(25, 25)",0,semantic_majority_reflect,pseudo_hidden
234,ex234,translate_down_right,True,False,ok,"(24, 24)","(24, 24)","(24, 24)",0,semantic_majority_reflect,pseudo_hidden
234,ex234,translate_up_left,True,False,ok,"(24, 24)","(24, 24)","(24, 24)",0,semantic_majority_reflect,pseudo_hidden
234,ex234,inert_2x2_distractor,True,False,ok,"(24, 24)","(24, 24)","(24, 24)",0,semantic_majority_reflect,pseudo_hidden
234,ex234,inert_singleton_distractor,True,False,ok,"(24, 24)","(24, 24)","(24, 24)",0,semantic_majority_reflect,pseudo_hidden
235,ex235,original,True,False,ok,"(30, 30)","(30, 30)","(30, 30)",0,semantic_majority_reflect,pseudo_hidden
235,ex235,color_permutation_a,True,False,ok,"(30, 30)","(30, 30)","(30, 30)",0,semantic_majority_reflect,pseudo_hidden
235,ex235,color_permutation_b,True,False,ok,"(30, 30)","(30, 30)","(30, 30)",0,semantic_majority_reflect,pseudo_hidden
235,ex235,transpose,True,False,ok,"(30, 30)","(30, 30)","(30, 30)",0,semantic_majority_reflect,pseudo_hidden
235,ex235,mirror_lr,True,False,ok,"(30, 30)","(30, 30)","(30, 30)",0,semantic_majority_reflect,pseudo_hidden
235,ex235,mirror_ud,True,False,ok,"(30, 30)","(30, 30)","(30, 30)",0,semantic_majority_reflect,pseudo_hidden
235,ex235,rotate_180,True,False,ok,"(30, 30)","(30, 30)","(30, 30)",0,semantic_majority_reflect,pseudo_hidden
235,ex235,pad_top_left,False,True,"input_shape_exceeds_limit:(31, 31)>(30, 30)","(31, 31)","(31, 31)",,,,pseudo_hidden
235,ex235,pad_bottom_right,False,True,"input_shape_exceeds_limit:(31, 31)>(30, 30)","(31, 31)","(31, 31)",,,,pseudo_hidden
235,ex235,translate_down_right,True,False,ok,"(30, 30)","(30, 30)","(30, 30)",0,semantic_majority_reflect,pseudo_hidden
235,ex235,translate_up_left,True,False,ok,"(30, 30)","(30, 30)","(30, 30)",0,semantic_majority_reflect,pseudo_hidden
235,ex235,inert_2x2_distractor,True,False,ok,"(30, 30)","(30, 30)","(30, 30)",0,semantic_majority_reflect,pseudo_hidden
235,ex235,inert_singleton_distractor,True,False,ok,"(30, 30)","(30, 30)","(30, 30)",0,semantic_majority_reflect,pseudo_hidden
236,ex236,original,True,False,ok,"(15, 15)","(15, 15)","(15, 15)",0,semantic_majority_reflect,pseudo_hidden
236,ex236,color_permutation_a,True,False,ok,"(15, 15)","(15, 15)","(15, 15)",0,semantic_majority_reflect,pseudo_hidden
236,ex236,color_permutation_b,True,False,ok,"(15, 15)","(15, 15)","(15, 15)",0,semantic_majority_reflect,pseudo_hidden
236,ex236,transpose,True,False,ok,"(15, 15)","(15, 15)","(15, 15)",0,semantic_majority_reflect,pseudo_hidden
236,ex236,mirror_lr,True,False,ok,"(15, 15)","(15, 15)","(15, 15)",0,semantic_majority_reflect,pseudo_hidden
236,ex236,mirror_ud,True,False,ok,"(15, 15)","(15, 15)","(15, 15)",0,semantic_majority_reflect,pseudo_hidden
236,ex236,rotate_180,True,False,ok,"(15, 15)","(15, 15)","(15, 15)",0,semantic_majority_reflect,pseudo_hidden
236,ex236,pad_top_left,True,False,ok,"(16, 16)","(16, 16)","(16, 16)",0,semantic_majority_reflect,pseudo_hidden
236,ex236,pad_bottom_right,True,False,ok,"(16, 16)","(16, 16)","(16, 16)",0,semantic_majority_reflect,pseudo_hidden
236,ex236,translate_down_right,True,False,ok,"(15, 15)","(15, 15)","(15, 15)",0,semantic_majority_reflect,pseudo_hidden
236,ex236,translate_up_left,True,False,ok,"(15, 15)","(15, 15)","(15, 15)",0,semantic_majority_reflect,pseudo_hidden
236,ex236,inert_2x2_distractor,True,False,ok,"(15, 15)","(15, 15)","(15, 15)",0,semantic_majority_reflect,pseudo_hidden
236,ex236,inert_singleton_distractor,True,False,ok,"(15, 15)","(15, 15)","(15, 15)",0,semantic_majority_reflect,pseudo_hidden
237,ex237,original,True,False,ok,"(25, 25)","(25, 25)","(25, 25)",0,semantic_majority_reflect,pseudo_hidden
237,ex237,color_permutation_a,True,False,ok,"(25, 25)","(25, 25)","(25, 25)",0,semantic_majority_reflect,pseudo_hidden
237,ex237,color_permutation_b,True,False,ok,"(25, 25)","(25, 25)","(25, 25)",0,semantic_majority_reflect,pseudo_hidden
237,ex237,transpose,True,False,ok,"(25, 25)","(25, 25)","(25, 25)",0,semantic_majority_reflect,pseudo_hidden
237,ex237,mirror_lr,True,False,ok,"(25, 25)","(25, 25)","(25, 25)",0,semantic_majority_reflect,pseudo_hidden
237,ex237,mirror_ud,True,False,ok,"(25, 25)","(25, 25)","(25, 25)",0,semantic_majority_reflect,pseudo_hidden
237,ex237,rotate_180,True,False,ok,"(25, 25)","(25, 25)","(25, 25)",0,semantic_majority_reflect,pseudo_hidden
237,ex237,pad_top_left,True,False,ok,"(26, 26)","(26, 26)","(26, 26)",0,semantic_majority_reflect,pseudo_hidden
237,ex237,pad_bottom_right,True,False,ok,"(26, 26)","(26, 26)","(26, 26)",0,semantic_majority_reflect,pseudo_hidden
237,ex237,translate_down_right,True,False,ok,"(25, 25)","(25, 25)","(25, 25)",0,semantic_majority_reflect,pseudo_hidden
237,ex237,translate_up_left,True,False,ok,"(25, 25)","(25, 25)","(25, 25)",0,semantic_majority_reflect,pseudo_hidden
237,ex237,inert_2x2_distractor,True,False,ok,"(25, 25)","(25, 25)","(25, 25)",0,semantic_majority_reflect,pseudo_hidden
237,ex237,inert_singleton_distractor,True,False,ok,"(25, 25)","(25, 25)","(25, 25)",0,semantic_majority_reflect,pseudo_hidden
238,ex238,original,True,False,ok,"(20, 20)","(20, 20)","(20, 20)",0,semantic_majority_reflect,pseudo_hidden
238,ex238,color_permutation_a,True,False,ok,"(20, 20)","(20, 20)","(20, 20)",0,semantic_majority_reflect,pseudo_hidden
238,ex238,color_permutation_b,True,False,ok,"(20, 20)","(20, 20)","(20, 20)",0,semantic_majority_reflect,pseudo_hidden
238,ex238,transpose,True,False,ok,"(20, 20)","(20, 20)","(20, 20)",0,semantic_majority_reflect,pseudo_hidden
238,ex238,mirror_lr,True,False,ok,"(20, 20)","(20, 20)","(20, 20)",0,semantic_majority_reflect,pseudo_hidden
238,ex238,mirror_ud,True,False,ok,"(20, 20)","(20, 20)","(20, 20)",0,semantic_majority_reflect,pseudo_hidden
238,ex238,rotate_180,True,False,ok,"(20, 20)","(20, 20)","(20, 20)",0,semantic_majority_reflect,pseudo_hidden
238,ex238,pad_top_left,True,False,ok,"(21, 21)","(21, 21)","(21, 21)",0,semantic_majority_reflect,pseudo_hidden
238,ex238,pad_bottom_right,True,False,ok,"(21, 21)","(21, 21)","(21, 21)",0,semantic_majority_reflect,pseudo_hidden
238,ex238,translate_down_right,True,False,ok,"(20, 20)","(20, 20)","(20, 20)",0,semantic_majority_reflect,pseudo_hidden
238,ex238,translate_up_left,True,False,ok,"(20, 20)","(20, 20)","(20, 20)",0,semantic_majority_reflect,pseudo_hidden
238,ex238,inert_2x2_distractor,True,False,ok,"(20, 20)","(20, 20)","(20, 20)",0,semantic_majority_reflect,pseudo_hidden
238,ex238,inert_singleton_distractor,True,False,ok,"(20, 20)","(20, 20)","(20, 20)",0,semantic_majority_reflect,pseudo_hidden
239,ex239,original,True,False,ok,"(24, 24)","(24, 24)","(24, 24)",0,semantic_majority_reflect,pseudo_hidden
239,ex239,color_permutation_a,True,False,ok,"(24, 24)","(24, 24)","(24, 24)",0,semantic_majority_reflect,pseudo_hidden
239,ex239,color_permutation_b,True,False,ok,"(24, 24)","(24, 24)","(24, 24)",0,semantic_majority_reflect,pseudo_hidden
239,ex239,transpose,True,False,ok,"(24, 24)","(24, 24)","(24, 24)",0,semantic_majority_reflect,pseudo_hidden
239,ex239,mirror_lr,True,False,ok,"(24, 24)","(24, 24)","(24, 24)",0,semantic_majority_reflect,pseudo_hidden
239,ex239,mirror_ud,True,False,ok,"(24, 24)","(24, 24)","(24, 24)",0,semantic_majority_reflect,pseudo_hidden
239,ex239,rotate_180,True,False,ok,"(24, 24)","(24, 24)","(24, 24)",0,semantic_majority_reflect,pseudo_hidden
239,ex239,pad_top_left,True,False,ok,"(25, 25)","(25, 25)","(25, 25)",0,semantic_majority_reflect,pseudo_hidden
239,ex239,pad_bottom_right,True,False,ok,"(25, 25)","(25, 25)","(25, 25)",0,semantic_majority_reflect,pseudo_hidden
239,ex239,translate_down_right,True,False,ok,"(24, 24)","(24, 24)","(24, 24)",0,semantic_majority_reflect,pseudo_hidden
239,ex239,translate_up_left,True,False,ok,"(24, 24)","(24, 24)","(24, 24)",0,semantic_majority_reflect,pseudo_hidden
239,ex239,inert_2x2_distractor,True,False,ok,"(24, 24)","(24, 24)","(24, 24)",0,semantic_majority_reflect,pseudo_hidden
239,ex239,inert_singleton_distractor,True,False,ok,"(24, 24)","(24, 24)","(24, 24)",0,semantic_majority_reflect,pseudo_hidden
240,ex240,original,True,False,ok,"(29, 29)","(29, 29)","(29, 29)",0,semantic_majority_reflect,pseudo_hidden
240,ex240,color_permutation_a,True,False,ok,"(29, 29)","(29, 29)","(29, 29)",0,semantic_majority_reflect,pseudo_hidden
240,ex240,color_permutation_b,True,False,ok,"(29, 29)","(29, 29)","(29, 29)",0,semantic_majority_reflect,pseudo_hidden
240,ex240,transpose,True,False,ok,"(29, 29)","(29, 29)","(29, 29)",0,semantic_majority_reflect,pseudo_hidden
240,ex240,mirror_lr,True,False,ok,"(29, 29)","(29, 29)","(29, 29)",0,semantic_majority_reflect,pseudo_hidden
240,ex240,mirror_ud,True,False,ok,"(29, 29)","(29, 29)","(29, 29)",0,semantic_majority_reflect,pseudo_hidden
240,ex240,rotate_180,True,False,ok,"(29, 29)","(29, 29)","(29, 29)",0,semantic_majority_reflect,pseudo_hidden
240,ex240,pad_top_left,True,False,ok,"(30, 30)","(30, 30)","(30, 30)",0,semantic_majority_reflect,pseudo_hidden
240,ex240,pad_bottom_right,True,False,ok,"(30, 30)","(30, 30)","(30, 30)",0,semantic_majority_reflect,pseudo_hidden
240,ex240,translate_down_right,True,False,ok,"(29, 29)","(29, 29)","(29, 29)",0,semantic_majority_reflect,pseudo_hidden
240,ex240,translate_up_left,True,False,ok,"(29, 29)","(29, 29)","(29, 29)",0,semantic_majority_reflect,pseudo_hidden
240,ex240,inert_2x2_distractor,True,False,ok,"(29, 29)","(29, 29)","(29, 29)",0,semantic_majority_reflect,pseudo_hidden
240,ex240,inert_singleton_distractor,True,False,ok,"(29, 29)","(29, 29)","(29, 29)",0,semantic_majority_reflect,pseudo_hidden
241,ex241,original,True,False,ok,"(20, 20)","(20, 20)","(20, 20)",0,semantic_majority_reflect,pseudo_hidden
241,ex241,color_permutation_a,True,False,ok,"(20, 20)","(20, 20)","(20, 20)",0,semantic_majority_reflect,pseudo_hidden
241,ex241,color_permutation_b,True,False,ok,"(20, 20)","(20, 20)","(20, 20)",0,semantic_majority_reflect,pseudo_hidden
241,ex241,transpose,True,False,ok,"(20, 20)","(20, 20)","(20, 20)",0,semantic_majority_reflect,pseudo_hidden
241,ex241,mirror_lr,True,False,ok,"(20, 20)","(20, 20)","(20, 20)",0,semantic_majority_reflect,pseudo_hidden
241,ex241,mirror_ud,True,False,ok,"(20, 20)","(20, 20)","(20, 20)",0,semantic_majority_reflect,pseudo_hidden
241,ex241,rotate_180,True,False,ok,"(20, 20)","(20, 20)","(20, 20)",0,semantic_majority_reflect,pseudo_hidden
241,ex241,pad_top_left,True,False,ok,"(21, 21)","(21, 21)","(21, 21)",0,semantic_majority_reflect,pseudo_hidden
241,ex241,pad_bottom_right,True,False,ok,"(21, 21)","(21, 21)","(21, 21)",0,semantic_majority_reflect,pseudo_hidden
241,ex241,translate_down_right,True,False,ok,"(20, 20)","(20, 20)","(20, 20)",0,semantic_majority_reflect,pseudo_hidden
241,ex241,translate_up_left,True,False,ok,"(20, 20)","(20, 20)","(20, 20)",0,semantic_majority_reflect,pseudo_hidden
241,ex241,inert_2x2_distractor,True,False,ok,"(20, 20)","(20, 20)","(20, 20)",0,semantic_majority_reflect,pseudo_hidden
241,ex241,inert_singleton_distractor,True,False,ok,"(20, 20)","(20, 20)","(20, 20)",0,semantic_majority_reflect,pseudo_hidden
242,ex242,original,True,False,ok,"(26, 26)","(26, 26)","(26, 26)",0,semantic_majority_reflect,pseudo_hidden
242,ex242,color_permutation_a,True,False,ok,"(26, 26)","(26, 26)","(26, 26)",0,semantic_majority_reflect,pseudo_hidden
242,ex242,color_permutation_b,True,False,ok,"(26, 26)","(26, 26)","(26, 26)",0,semantic_majority_reflect,pseudo_hidden
242,ex242,transpose,True,False,ok,"(26, 26)","(26, 26)","(26, 26)",0,semantic_majority_reflect,pseudo_hidden
242,ex242,mirror_lr,True,False,ok,"(26, 26)","(26, 26)","(26, 26)",0,semantic_majority_reflect,pseudo_hidden
242,ex242,mirror_ud,True,False,ok,"(26, 26)","(26, 26)","(26, 26)",0,semantic_majority_reflect,pseudo_hidden
242,ex242,rotate_180,True,False,ok,"(26, 26)","(26, 26)","(26, 26)",0,semantic_majority_reflect,pseudo_hidden
242,ex242,pad_top_left,True,False,ok,"(27, 27)","(27, 27)","(27, 27)",0,semantic_majority_reflect,pseudo_hidden
242,ex242,pad_bottom_right,True,False,ok,"(27, 27)","(27, 27)","(27, 27)",0,semantic_majority_reflect,pseudo_hidden
242,ex242,translate_down_right,True,False,ok,"(26, 26)","(26, 26)","(26, 26)",0,semantic_majority_reflect,pseudo_hidden
242,ex242,translate_up_left,True,False,ok,"(26, 26)","(26, 26)","(26, 26)",0,semantic_majority_reflect,pseudo_hidden
242,ex242,inert_2x2_distractor,True,False,ok,"(26, 26)","(26, 26)","(26, 26)",0,semantic_majority_reflect,pseudo_hidden
242,ex242,inert_singleton_distractor,True,False,ok,"(26, 26)","(26, 26)","(26, 26)",0,semantic_majority_reflect,pseudo_hidden
243,ex243,original,True,False,ok,"(19, 19)","(19, 19)","(19, 19)",0,semantic_majority_reflect,pseudo_hidden
243,ex243,color_permutation_a,True,False,ok,"(19, 19)","(19, 19)","(19, 19)",0,semantic_majority_reflect,pseudo_hidden
243,ex243,color_permutation_b,True,False,ok,"(19, 19)","(19, 19)","(19, 19)",0,semantic_majority_reflect,pseudo_hidden
243,ex243,transpose,True,False,ok,"(19, 19)","(19, 19)","(19, 19)",0,semantic_majority_reflect,pseudo_hidden
243,ex243,mirror_lr,True,False,ok,"(19, 19)","(19, 19)","(19, 19)",0,semantic_majority_reflect,pseudo_hidden
243,ex243,mirror_ud,True,False,ok,"(19, 19)","(19, 19)","(19, 19)",0,semantic_majority_reflect,pseudo_hidden
243,ex243,rotate_180,True,False,ok,"(19, 19)","(19, 19)","(19, 19)",0,semantic_majority_reflect,pseudo_hidden
243,ex243,pad_top_left,True,False,ok,"(20, 20)","(20, 20)","(20, 20)",0,semantic_majority_reflect,pseudo_hidden
243,ex243,pad_bottom_right,True,False,ok,"(20, 20)","(20, 20)","(20, 20)",0,semantic_majority_reflect,pseudo_hidden
243,ex243,translate_down_right,True,False,ok,"(19, 19)","(19, 19)","(19, 19)",0,semantic_majority_reflect,pseudo_hidden
243,ex243,translate_up_left,True,False,ok,"(19, 19)","(19, 19)","(19, 19)",0,semantic_majority_reflect,pseudo_hidden
243,ex243,inert_2x2_distractor,True,False,ok,"(19, 19)","(19, 19)","(19, 19)",0,semantic_majority_reflect,pseudo_hidden
243,ex243,inert_singleton_distractor,True,False,ok,"(19, 19)","(19, 19)","(19, 19)",0,semantic_majority_reflect,pseudo_hidden
244,ex244,original,True,False,ok,"(25, 25)","(25, 25)","(25, 25)",0,semantic_majority_reflect,pseudo_hidden
244,ex244,color_permutation_a,True,False,ok,"(25, 25)","(25, 25)","(25, 25)",0,semantic_majority_reflect,pseudo_hidden
244,ex244,color_permutation_b,True,False,ok,"(25, 25)","(25, 25)","(25, 25)",0,semantic_majority_reflect,pseudo_hidden
244,ex244,transpose,True,False,ok,"(25, 25)","(25, 25)","(25, 25)",0,semantic_majority_reflect,pseudo_hidden
244,ex244,mirror_lr,True,False,ok,"(25, 25)","(25, 25)","(25, 25)",0,semantic_majority_reflect,pseudo_hidden
244,ex244,mirror_ud,True,False,ok,"(25, 25)","(25, 25)","(25, 25)",0,semantic_majority_reflect,pseudo_hidden
244,ex244,rotate_180,True,False,ok,"(25, 25)","(25, 25)","(25, 25)",0,semantic_majority_reflect,pseudo_hidden
244,ex244,pad_top_left,True,False,ok,"(26, 26)","(26, 26)","(26, 26)",0,semantic_majority_reflect,pseudo_hidden
244,ex244,pad_bottom_right,True,False,ok,"(26, 26)","(26, 26)","(26, 26)",0,semantic_majority_reflect,pseudo_hidden
244,ex244,translate_down_right,True,False,ok,"(25, 25)","(25, 25)","(25, 25)",0,semantic_majority_reflect,pseudo_hidden
244,ex244,translate_up_left,True,False,ok,"(25, 25)","(25, 25)","(25, 25)",0,semantic_majority_reflect,pseudo_hidden
244,ex244,inert_2x2_distractor,True,False,ok,"(25, 25)","(25, 25)","(25, 25)",0,semantic_majority_reflect,pseudo_hidden
244,ex244,inert_singleton_distractor,True,False,ok,"(25, 25)","(25, 25)","(25, 25)",0,semantic_majority_reflect,pseudo_hidden
245,ex245,original,True,False,ok,"(20, 20)","(20, 20)","(20, 20)",0,semantic_majority_reflect,pseudo_hidden
245,ex245,color_permutation_a,True,False,ok,"(20, 20)","(20, 20)","(20, 20)",0,semantic_majority_reflect,pseudo_hidden
245,ex245,color_permutation_b,True,False,ok,"(20, 20)","(20, 20)","(20, 20)",0,semantic_majority_reflect,pseudo_hidden
245,ex245,transpose,True,False,ok,"(20, 20)","(20, 20)","(20, 20)",0,semantic_majority_reflect,pseudo_hidden
245,ex245,mirror_lr,True,False,ok,"(20, 20)","(20, 20)","(20, 20)",0,semantic_majority_reflect,pseudo_hidden
245,ex245,mirror_ud,True,False,ok,"(20, 20)","(20, 20)","(20, 20)",0,semantic_majority_reflect,pseudo_hidden
245,ex245,rotate_180,True,False,ok,"(20, 20)","(20, 20)","(20, 20)",0,semantic_majority_reflect,pseudo_hidden
245,ex245,pad_top_left,True,False,ok,"(21, 21)","(21, 21)","(21, 21)",0,semantic_majority_reflect,pseudo_hidden
245,ex245,pad_bottom_right,True,False,ok,"(21, 21)","(21, 21)","(21, 21)",0,semantic_majority_reflect,pseudo_hidden
245,ex245,translate_down_right,True,False,ok,"(20, 20)","(20, 20)","(20, 20)",0,semantic_majority_reflect,pseudo_hidden
245,ex245,translate_up_left,True,False,ok,"(20, 20)","(20, 20)","(20, 20)",0,semantic_majority_reflect,pseudo_hidden
245,ex245,inert_2x2_distractor,True,False,ok,"(20, 20)","(20, 20)","(20, 20)",0,semantic_majority_reflect,pseudo_hidden
245,ex245,inert_singleton_distractor,True,False,ok,"(20, 20)","(20, 20)","(20, 20)",0,semantic_majority_reflect,pseudo_hidden
246,ex246,original,True,False,ok,"(22, 22)","(22, 22)","(22, 22)",0,semantic_majority_reflect,pseudo_hidden
246,ex246,color_permutation_a,True,False,ok,"(22, 22)","(22, 22)","(22, 22)",0,semantic_majority_reflect,pseudo_hidden
246,ex246,color_permutation_b,True,False,ok,"(22, 22)","(22, 22)","(22, 22)",0,semantic_majority_reflect,pseudo_hidden
246,ex246,transpose,True,False,ok,"(22, 22)","(22, 22)","(22, 22)",0,semantic_majority_reflect,pseudo_hidden
246,ex246,mirror_lr,True,False,ok,"(22, 22)","(22, 22)","(22, 22)",0,semantic_majority_reflect,pseudo_hidden
246,ex246,mirror_ud,True,False,ok,"(22, 22)","(22, 22)","(22, 22)",0,semantic_majority_reflect,pseudo_hidden
246,ex246,rotate_180,True,False,ok,"(22, 22)","(22, 22)","(22, 22)",0,semantic_majority_reflect,pseudo_hidden
246,ex246,pad_top_left,True,False,ok,"(23, 23)","(23, 23)","(23, 23)",0,semantic_majority_reflect,pseudo_hidden
246,ex246,pad_bottom_right,True,False,ok,"(23, 23)","(23, 23)","(23, 23)",0,semantic_majority_reflect,pseudo_hidden
246,ex246,translate_down_right,True,False,ok,"(22, 22)","(22, 22)","(22, 22)",0,semantic_majority_reflect,pseudo_hidden
246,ex246,translate_up_left,True,False,ok,"(22, 22)","(22, 22)","(22, 22)",0,semantic_majority_reflect,pseudo_hidden
246,ex246,inert_2x2_distractor,True,False,ok,"(22, 22)","(22, 22)","(22, 22)",0,semantic_majority_reflect,pseudo_hidden
246,ex246,inert_singleton_distractor,True,False,ok,"(22, 22)","(22, 22)","(22, 22)",0,semantic_majority_reflect,pseudo_hidden
247,ex247,original,True,False,ok,"(20, 20)","(20, 20)","(20, 20)",0,semantic_majority_reflect,pseudo_hidden
247,ex247,color_permutation_a,True,False,ok,"(20, 20)","(20, 20)","(20, 20)",0,semantic_majority_reflect,pseudo_hidden
247,ex247,color_permutation_b,True,False,ok,"(20, 20)","(20, 20)","(20, 20)",0,semantic_majority_reflect,pseudo_hidden
247,ex247,transpose,True,False,ok,"(20, 20)","(20, 20)","(20, 20)",0,semantic_majority_reflect,pseudo_hidden
247,ex247,mirror_lr,True,False,ok,"(20, 20)","(20, 20)","(20, 20)",0,semantic_majority_reflect,pseudo_hidden
247,ex247,mirror_ud,True,False,ok,"(20, 20)","(20, 20)","(20, 20)",0,semantic_majority_reflect,pseudo_hidden
247,ex247,rotate_180,True,False,ok,"(20, 20)","(20, 20)","(20, 20)",0,semantic_majority_reflect,pseudo_hidden
247,ex247,pad_top_left,True,False,ok,"(21, 21)","(21, 21)","(21, 21)",0,semantic_majority_reflect,pseudo_hidden
247,ex247,pad_bottom_right,True,False,ok,"(21, 21)","(21, 21)","(21, 21)",0,semantic_majority_reflect,pseudo_hidden
247,ex247,translate_down_right,True,False,ok,"(20, 20)","(20, 20)","(20, 20)",0,semantic_majority_reflect,pseudo_hidden
247,ex247,translate_up_left,True,False,ok,"(20, 20)","(20, 20)","(20, 20)",0,semantic_majority_reflect,pseudo_hidden
247,ex247,inert_2x2_distractor,True,False,ok,"(20, 20)","(20, 20)","(20, 20)",0,semantic_majority_reflect,pseudo_hidden
247,ex247,inert_singleton_distractor,True,False,ok,"(20, 20)","(20, 20)","(20, 20)",0,semantic_majority_reflect,pseudo_hidden
248,ex248,original,True,False,ok,"(30, 30)","(30, 30)","(30, 30)",0,semantic_majority_reflect,pseudo_hidden
248,ex248,color_permutation_a,True,False,ok,"(30, 30)","(30, 30)","(30, 30)",0,semantic_majority_reflect,pseudo_hidden
248,ex248,color_permutation_b,True,False,ok,"(30, 30)","(30, 30)","(30, 30)",0,semantic_majority_reflect,pseudo_hidden
248,ex248,transpose,True,False,ok,"(30, 30)","(30, 30)","(30, 30)",0,semantic_majority_reflect,pseudo_hidden
248,ex248,mirror_lr,True,False,ok,"(30, 30)","(30, 30)","(30, 30)",0,semantic_majority_reflect,pseudo_hidden
248,ex248,mirror_ud,True,False,ok,"(30, 30)","(30, 30)","(30, 30)",0,semantic_majority_reflect,pseudo_hidden
248,ex248,rotate_180,True,False,ok,"(30, 30)","(30, 30)","(30, 30)",0,semantic_majority_reflect,pseudo_hidden
248,ex248,pad_top_left,False,True,"input_shape_exceeds_limit:(31, 31)>(30, 30)","(31, 31)","(31, 31)",,,,pseudo_hidden
248,ex248,pad_bottom_right,False,True,"input_shape_exceeds_limit:(31, 31)>(30, 30)","(31, 31)","(31, 31)",,,,pseudo_hidden
248,ex248,translate_down_right,True,False,ok,"(30, 30)","(30, 30)","(30, 30)",0,semantic_majority_reflect,pseudo_hidden
248,ex248,translate_up_left,True,False,ok,"(30, 30)","(30, 30)","(30, 30)",0,semantic_majority_reflect,pseudo_hidden
248,ex248,inert_2x2_distractor,True,False,ok,"(30, 30)","(30, 30)","(30, 30)",0,semantic_majority_reflect,pseudo_hidden
248,ex248,inert_singleton_distractor,True,False,ok,"(30, 30)","(30, 30)","(30, 30)",0,semantic_majority_reflect,pseudo_hidden
249,ex249,original,True,False,ok,"(29, 29)","(29, 29)","(29, 29)",0,semantic_majority_reflect,pseudo_hidden
249,ex249,color_permutation_a,True,False,ok,"(29, 29)","(29, 29)","(29, 29)",0,semantic_majority_reflect,pseudo_hidden
249,ex249,color_permutation_b,True,False,ok,"(29, 29)","(29, 29)","(29, 29)",0,semantic_majority_reflect,pseudo_hidden
249,ex249,transpose,True,False,ok,"(29, 29)","(29, 29)","(29, 29)",0,semantic_majority_reflect,pseudo_hidden
249,ex249,mirror_lr,True,False,ok,"(29, 29)","(29, 29)","(29, 29)",0,semantic_majority_reflect,pseudo_hidden
249,ex249,mirror_ud,True,False,ok,"(29, 29)","(29, 29)","(29, 29)",0,semantic_majority_reflect,pseudo_hidden
249,ex249,rotate_180,True,False,ok,"(29, 29)","(29, 29)","(29, 29)",0,semantic_majority_reflect,pseudo_hidden
249,ex249,pad_top_left,True,False,ok,"(30, 30)","(30, 30)","(30, 30)",0,semantic_majority_reflect,pseudo_hidden
249,ex249,pad_bottom_right,True,False,ok,"(30, 30)","(30, 30)","(30, 30)",0,semantic_majority_reflect,pseudo_hidden
249,ex249,translate_down_right,True,False,ok,"(29, 29)","(29, 29)","(29, 29)",0,semantic_majority_reflect,pseudo_hidden
249,ex249,translate_up_left,True,False,ok,"(29, 29)","(29, 29)","(29, 29)",0,semantic_majority_reflect,pseudo_hidden
249,ex249,inert_2x2_distractor,True,False,ok,"(29, 29)","(29, 29)","(29, 29)",0,semantic_majority_reflect,pseudo_hidden
249,ex249,inert_singleton_distractor,True,False,ok,"(29, 29)","(29, 29)","(29, 29)",0,semantic_majority_reflect,pseudo_hidden
250,ex250,original,True,False,ok,"(23, 23)","(23, 23)","(23, 23)",0,semantic_majority_reflect,pseudo_hidden
250,ex250,color_permutation_a,True,False,ok,"(23, 23)","(23, 23)","(23, 23)",0,semantic_majority_reflect,pseudo_hidden
250,ex250,color_permutation_b,True,False,ok,"(23, 23)","(23, 23)","(23, 23)",0,semantic_majority_reflect,pseudo_hidden
250,ex250,transpose,True,False,ok,"(23, 23)","(23, 23)","(23, 23)",0,semantic_majority_reflect,pseudo_hidden
250,ex250,mirror_lr,True,False,ok,"(23, 23)","(23, 23)","(23, 23)",0,semantic_majority_reflect,pseudo_hidden
250,ex250,mirror_ud,True,False,ok,"(23, 23)","(23, 23)","(23, 23)",0,semantic_majority_reflect,pseudo_hidden
250,ex250,rotate_180,True,False,ok,"(23, 23)","(23, 23)","(23, 23)",0,semantic_majority_reflect,pseudo_hidden
250,ex250,pad_top_left,True,False,ok,"(24, 24)","(24, 24)","(24, 24)",0,semantic_majority_reflect,pseudo_hidden
250,ex250,pad_bottom_right,True,False,ok,"(24, 24)","(24, 24)","(24, 24)",0,semantic_majority_reflect,pseudo_hidden
250,ex250,translate_down_right,True,False,ok,"(23, 23)","(23, 23)","(23, 23)",0,semantic_majority_reflect,pseudo_hidden
250,ex250,translate_up_left,True,False,ok,"(23, 23)","(23, 23)","(23, 23)",0,semantic_majority_reflect,pseudo_hidden
250,ex250,inert_2x2_distractor,True,False,ok,"(23, 23)","(23, 23)","(23, 23)",0,semantic_majority_reflect,pseudo_hidden
250,ex250,inert_singleton_distractor,True,False,ok,"(23, 23)","(23, 23)","(23, 23)",0,semantic_majority_reflect,pseudo_hidden
251,ex251,original,True,False,ok,"(26, 26)","(26, 26)","(26, 26)",0,semantic_majority_reflect,pseudo_hidden
251,ex251,color_permutation_a,True,False,ok,"(26, 26)","(26, 26)","(26, 26)",0,semantic_majority_reflect,pseudo_hidden
251,ex251,color_permutation_b,True,False,ok,"(26, 26)","(26, 26)","(26, 26)",0,semantic_majority_reflect,pseudo_hidden
251,ex251,transpose,True,False,ok,"(26, 26)","(26, 26)","(26, 26)",0,semantic_majority_reflect,pseudo_hidden
251,ex251,mirror_lr,True,False,ok,"(26, 26)","(26, 26)","(26, 26)",0,semantic_majority_reflect,pseudo_hidden
251,ex251,mirror_ud,True,False,ok,"(26, 26)","(26, 26)","(26, 26)",0,semantic_majority_reflect,pseudo_hidden
251,ex251,rotate_180,True,False,ok,"(26, 26)","(26, 26)","(26, 26)",0,semantic_majority_reflect,pseudo_hidden
251,ex251,pad_top_left,True,False,ok,"(27, 27)","(27, 27)","(27, 27)",0,semantic_majority_reflect,pseudo_hidden
251,ex251,pad_bottom_right,True,False,ok,"(27, 27)","(27, 27)","(27, 27)",0,semantic_majority_reflect,pseudo_hidden
251,ex251,translate_down_right,True,False,ok,"(26, 26)","(26, 26)","(26, 26)",0,semantic_majority_reflect,pseudo_hidden
251,ex251,translate_up_left,True,False,ok,"(26, 26)","(26, 26)","(26, 26)",0,semantic_majority_reflect,pseudo_hidden
251,ex251,inert_2x2_distractor,True,False,ok,"(26, 26)","(26, 26)","(26, 26)",0,semantic_majority_reflect,pseudo_hidden
251,ex251,inert_singleton_distractor,True,False,ok,"(26, 26)","(26, 26)","(26, 26)",0,semantic_majority_reflect,pseudo_hidden
252,ex252,original,True,False,ok,"(26, 26)","(26, 26)","(26, 26)",0,semantic_majority_reflect,pseudo_hidden
252,ex252,color_permutation_a,True,False,ok,"(26, 26)","(26, 26)","(26, 26)",0,semantic_majority_reflect,pseudo_hidden
252,ex252,color_permutation_b,True,False,ok,"(26, 26)","(26, 26)","(26, 26)",0,semantic_majority_reflect,pseudo_hidden
252,ex252,transpose,True,False,ok,"(26, 26)","(26, 26)","(26, 26)",0,semantic_majority_reflect,pseudo_hidden
252,ex252,mirror_lr,True,False,ok,"(26, 26)","(26, 26)","(26, 26)",0,semantic_majority_reflect,pseudo_hidden
252,ex252,mirror_ud,True,False,ok,"(26, 26)","(26, 26)","(26, 26)",0,semantic_majority_reflect,pseudo_hidden
252,ex252,rotate_180,True,False,ok,"(26, 26)","(26, 26)","(26, 26)",0,semantic_majority_reflect,pseudo_hidden
252,ex252,pad_top_left,True,False,ok,"(27, 27)","(27, 27)","(27, 27)",0,semantic_majority_reflect,pseudo_hidden
252,ex252,pad_bottom_right,True,False,ok,"(27, 27)","(27, 27)","(27, 27)",0,semantic_majority_reflect,pseudo_hidden
252,ex252,translate_down_right,False,True,input_would_clip_bottom,"(26, 26)","(26, 26)",,,,pseudo_hidden
252,ex252,translate_up_left,True,False,ok,"(26, 26)","(26, 26)","(26, 26)",0,semantic_majority_reflect,pseudo_hidden
252,ex252,inert_2x2_distractor,True,False,ok,"(26, 26)","(26, 26)","(26, 26)",0,semantic_majority_reflect,pseudo_hidden
252,ex252,inert_singleton_distractor,True,False,ok,"(26, 26)","(26, 26)","(26, 26)",0,semantic_majority_reflect,pseudo_hidden
253,ex253,original,True,False,ok,"(28, 28)","(28, 28)","(28, 28)",0,semantic_majority_reflect,pseudo_hidden
253,ex253,color_permutation_a,True,False,ok,"(28, 28)","(28, 28)","(28, 28)",0,semantic_majority_reflect,pseudo_hidden
253,ex253,color_permutation_b,True,False,ok,"(28, 28)","(28, 28)","(28, 28)",0,semantic_majority_reflect,pseudo_hidden
253,ex253,transpose,True,False,ok,"(28, 28)","(28, 28)","(28, 28)",0,semantic_majority_reflect,pseudo_hidden
253,ex253,mirror_lr,True,False,ok,"(28, 28)","(28, 28)","(28, 28)",0,semantic_majority_reflect,pseudo_hidden
253,ex253,mirror_ud,True,False,ok,"(28, 28)","(28, 28)","(28, 28)",0,semantic_majority_reflect,pseudo_hidden
253,ex253,rotate_180,True,False,ok,"(28, 28)","(28, 28)","(28, 28)",0,semantic_majority_reflect,pseudo_hidden
253,ex253,pad_top_left,True,False,ok,"(29, 29)","(29, 29)","(29, 29)",0,semantic_majority_reflect,pseudo_hidden
253,ex253,pad_bottom_right,True,False,ok,"(29, 29)","(29, 29)","(29, 29)",0,semantic_majority_reflect,pseudo_hidden
253,ex253,translate_down_right,True,False,ok,"(28, 28)","(28, 28)","(28, 28)",0,semantic_majority_reflect,pseudo_hidden
253,ex253,translate_up_left,True,False,ok,"(28, 28)","(28, 28)","(28, 28)",0,semantic_majority_reflect,pseudo_hidden
253,ex253,inert_2x2_distractor,True,False,ok,"(28, 28)","(28, 28)","(28, 28)",0,semantic_majority_reflect,pseudo_hidden
253,ex253,inert_singleton_distractor,True,False,ok,"(28, 28)","(28, 28)","(28, 28)",0,semantic_majority_reflect,pseudo_hidden
254,ex254,original,True,False,ok,"(26, 26)","(26, 26)","(26, 26)",0,semantic_majority_reflect,pseudo_hidden
254,ex254,color_permutation_a,True,False,ok,"(26, 26)","(26, 26)","(26, 26)",0,semantic_majority_reflect,pseudo_hidden
254,ex254,color_permutation_b,True,False,ok,"(26, 26)","(26, 26)","(26, 26)",0,semantic_majority_reflect,pseudo_hidden
254,ex254,transpose,True,False,ok,"(26, 26)","(26, 26)","(26, 26)",0,semantic_majority_reflect,pseudo_hidden
254,ex254,mirror_lr,True,False,ok,"(26, 26)","(26, 26)","(26, 26)",0,semantic_majority_reflect,pseudo_hidden
254,ex254,mirror_ud,True,False,ok,"(26, 26)","(26, 26)","(26, 26)",0,semantic_majority_reflect,pseudo_hidden
254,ex254,rotate_180,True,False,ok,"(26, 26)","(26, 26)","(26, 26)",0,semantic_majority_reflect,pseudo_hidden
254,ex254,pad_top_left,True,False,ok,"(27, 27)","(27, 27)","(27, 27)",0,semantic_majority_reflect,pseudo_hidden
254,ex254,pad_bottom_right,True,False,ok,"(27, 27)","(27, 27)","(27, 27)",0,semantic_majority_reflect,pseudo_hidden
254,ex254,translate_down_right,True,False,ok,"(26, 26)","(26, 26)","(26, 26)",0,semantic_majority_reflect,pseudo_hidden
254,ex254,translate_up_left,True,False,ok,"(26, 26)","(26, 26)","(26, 26)",0,semantic_majority_reflect,pseudo_hidden
254,ex254,inert_2x2_distractor,True,False,ok,"(26, 26)","(26, 26)","(26, 26)",0,semantic_majority_reflect,pseudo_hidden
254,ex254,inert_singleton_distractor,True,False,ok,"(26, 26)","(26, 26)","(26, 26)",0,semantic_majority_reflect,pseudo_hidden
255,ex255,original,True,False,ok,"(26, 26)","(26, 26)","(26, 26)",0,semantic_majority_reflect,pseudo_hidden
255,ex255,color_permutation_a,True,False,ok,"(26, 26)","(26, 26)","(26, 26)",0,semantic_majority_reflect,pseudo_hidden
255,ex255,color_permutation_b,True,False,ok,"(26, 26)","(26, 26)","(26, 26)",0,semantic_majority_reflect,pseudo_hidden
255,ex255,transpose,True,False,ok,"(26, 26)","(26, 26)","(26, 26)",0,semantic_majority_reflect,pseudo_hidden
255,ex255,mirror_lr,True,False,ok,"(26, 26)","(26, 26)","(26, 26)",0,semantic_majority_reflect,pseudo_hidden
255,ex255,mirror_ud,True,False,ok,"(26, 26)","(26, 26)","(26, 26)",0,semantic_majority_reflect,pseudo_hidden
255,ex255,rotate_180,True,False,ok,"(26, 26)","(26, 26)","(26, 26)",0,semantic_majority_reflect,pseudo_hidden
255,ex255,pad_top_left,True,False,ok,"(27, 27)","(27, 27)","(27, 27)",0,semantic_majority_reflect,pseudo_hidden
255,ex255,pad_bottom_right,True,False,ok,"(27, 27)","(27, 27)","(27, 27)",0,semantic_majority_reflect,pseudo_hidden
255,ex255,translate_down_right,True,False,ok,"(26, 26)","(26, 26)","(26, 26)",0,semantic_majority_reflect,pseudo_hidden
255,ex255,translate_up_left,True,False,ok,"(26, 26)","(26, 26)","(26, 26)",0,semantic_majority_reflect,pseudo_hidden
255,ex255,inert_2x2_distractor,True,False,ok,"(26, 26)","(26, 26)","(26, 26)",0,semantic_majority_reflect,pseudo_hidden
255,ex255,inert_singleton_distractor,True,False,ok,"(26, 26)","(26, 26)","(26, 26)",0,semantic_majority_reflect,pseudo_hidden
256,ex256,original,True,False,ok,"(28, 28)","(28, 28)","(28, 28)",0,semantic_majority_reflect,pseudo_hidden
256,ex256,color_permutation_a,True,False,ok,"(28, 28)","(28, 28)","(28, 28)",0,semantic_majority_reflect,pseudo_hidden
256,ex256,color_permutation_b,True,False,ok,"(28, 28)","(28, 28)","(28, 28)",0,semantic_majority_reflect,pseudo_hidden
256,ex256,transpose,True,False,ok,"(28, 28)","(28, 28)","(28, 28)",0,semantic_majority_reflect,pseudo_hidden
256,ex256,mirror_lr,True,False,ok,"(28, 28)","(28, 28)","(28, 28)",0,semantic_majority_reflect,pseudo_hidden
256,ex256,mirror_ud,True,False,ok,"(28, 28)","(28, 28)","(28, 28)",0,semantic_majority_reflect,pseudo_hidden
256,ex256,rotate_180,True,False,ok,"(28, 28)","(28, 28)","(28, 28)",0,semantic_majority_reflect,pseudo_hidden
256,ex256,pad_top_left,True,False,ok,"(29, 29)","(29, 29)","(29, 29)",0,semantic_majority_reflect,pseudo_hidden
256,ex256,pad_bottom_right,True,False,ok,"(29, 29)","(29, 29)","(29, 29)",0,semantic_majority_reflect,pseudo_hidden
256,ex256,translate_down_right,True,False,ok,"(28, 28)","(28, 28)","(28, 28)",0,semantic_majority_reflect,pseudo_hidden
256,ex256,translate_up_left,True,False,ok,"(28, 28)","(28, 28)","(28, 28)",0,semantic_majority_reflect,pseudo_hidden
256,ex256,inert_2x2_distractor,True,False,ok,"(28, 28)","(28, 28)","(28, 28)",0,semantic_majority_reflect,pseudo_hidden
256,ex256,inert_singleton_distractor,True,False,ok,"(28, 28)","(28, 28)","(28, 28)",0,semantic_majority_reflect,pseudo_hidden
257,ex257,original,True,False,ok,"(12, 12)","(12, 12)","(12, 12)",0,semantic_majority_reflect,pseudo_hidden
257,ex257,color_permutation_a,True,False,ok,"(12, 12)","(12, 12)","(12, 12)",0,semantic_majority_reflect,pseudo_hidden
257,ex257,color_permutation_b,True,False,ok,"(12, 12)","(12, 12)","(12, 12)",0,semantic_majority_reflect,pseudo_hidden
257,ex257,transpose,True,False,ok,"(12, 12)","(12, 12)","(12, 12)",0,semantic_majority_reflect,pseudo_hidden
257,ex257,mirror_lr,True,False,ok,"(12, 12)","(12, 12)","(12, 12)",0,semantic_majority_reflect,pseudo_hidden
257,ex257,mirror_ud,True,False,ok,"(12, 12)","(12, 12)","(12, 12)",0,semantic_majority_reflect,pseudo_hidden
257,ex257,rotate_180,True,False,ok,"(12, 12)","(12, 12)","(12, 12)",0,semantic_majority_reflect,pseudo_hidden
257,ex257,pad_top_left,True,False,ok,"(13, 13)","(13, 13)","(13, 13)",0,semantic_majority_reflect,pseudo_hidden
257,ex257,pad_bottom_right,True,False,ok,"(13, 13)","(13, 13)","(13, 13)",0,semantic_majority_reflect,pseudo_hidden
257,ex257,translate_down_right,True,False,ok,"(12, 12)","(12, 12)","(12, 12)",0,semantic_majority_reflect,pseudo_hidden
257,ex257,translate_up_left,True,False,ok,"(12, 12)","(12, 12)","(12, 12)",0,semantic_majority_reflect,pseudo_hidden
257,ex257,inert_2x2_distractor,True,False,ok,"(12, 12)","(12, 12)","(12, 12)",0,semantic_majority_reflect,pseudo_hidden
257,ex257,inert_singleton_distractor,True,False,ok,"(12, 12)","(12, 12)","(12, 12)",0,semantic_majority_reflect,pseudo_hidden
258,ex258,original,True,False,ok,"(30, 30)","(30, 30)","(30, 30)",0,semantic_majority_reflect,pseudo_hidden
258,ex258,color_permutation_a,True,False,ok,"(30, 30)","(30, 30)","(30, 30)",0,semantic_majority_reflect,pseudo_hidden
258,ex258,color_permutation_b,True,False,ok,"(30, 30)","(30, 30)","(30, 30)",0,semantic_majority_reflect,pseudo_hidden
258,ex258,transpose,True,False,ok,"(30, 30)","(30, 30)","(30, 30)",0,semantic_majority_reflect,pseudo_hidden
258,ex258,mirror_lr,True,False,ok,"(30, 30)","(30, 30)","(30, 30)",0,semantic_majority_reflect,pseudo_hidden
258,ex258,mirror_ud,True,False,ok,"(30, 30)","(30, 30)","(30, 30)",0,semantic_majority_reflect,pseudo_hidden
258,ex258,rotate_180,True,False,ok,"(30, 30)","(30, 30)","(30, 30)",0,semantic_majority_reflect,pseudo_hidden
258,ex258,pad_top_left,False,True,"input_shape_exceeds_limit:(31, 31)>(30, 30)","(31, 31)","(31, 31)",,,,pseudo_hidden
258,ex258,pad_bottom_right,False,True,"input_shape_exceeds_limit:(31, 31)>(30, 30)","(31, 31)","(31, 31)",,,,pseudo_hidden
258,ex258,translate_down_right,True,False,ok,"(30, 30)","(30, 30)","(30, 30)",0,semantic_majority_reflect,pseudo_hidden
258,ex258,translate_up_left,True,False,ok,"(30, 30)","(30, 30)","(30, 30)",0,semantic_majority_reflect,pseudo_hidden
258,ex258,inert_2x2_distractor,True,False,ok,"(30, 30)","(30, 30)","(30, 30)",0,semantic_majority_reflect,pseudo_hidden
258,ex258,inert_singleton_distractor,True,False,ok,"(30, 30)","(30, 30)","(30, 30)",0,semantic_majority_reflect,pseudo_hidden
259,ex259,original,True,False,ok,"(29, 29)","(29, 29)","(29, 29)",0,semantic_majority_reflect,pseudo_hidden
259,ex259,color_permutation_a,True,False,ok,"(29, 29)","(29, 29)","(29, 29)",0,semantic_majority_reflect,pseudo_hidden
259,ex259,color_permutation_b,True,False,ok,"(29, 29)","(29, 29)","(29, 29)",0,semantic_majority_reflect,pseudo_hidden
259,ex259,transpose,True,False,ok,"(29, 29)","(29, 29)","(29, 29)",0,semantic_majority_reflect,pseudo_hidden
259,ex259,mirror_lr,True,False,ok,"(29, 29)","(29, 29)","(29, 29)",0,semantic_majority_reflect,pseudo_hidden
259,ex259,mirror_ud,True,False,ok,"(29, 29)","(29, 29)","(29, 29)",0,semantic_majority_reflect,pseudo_hidden
259,ex259,rotate_180,True,False,ok,"(29, 29)","(29, 29)","(29, 29)",0,semantic_majority_reflect,pseudo_hidden
259,ex259,pad_top_left,True,False,ok,"(30, 30)","(30, 30)","(30, 30)",0,semantic_majority_reflect,pseudo_hidden
259,ex259,pad_bottom_right,True,False,ok,"(30, 30)","(30, 30)","(30, 30)",0,semantic_majority_reflect,pseudo_hidden
259,ex259,translate_down_right,True,False,ok,"(29, 29)","(29, 29)","(29, 29)",0,semantic_majority_reflect,pseudo_hidden
259,ex259,translate_up_left,True,False,ok,"(29, 29)","(29, 29)","(29, 29)",0,semantic_majority_reflect,pseudo_hidden
259,ex259,inert_2x2_distractor,True,False,ok,"(29, 29)","(29, 29)","(29, 29)",0,semantic_majority_reflect,pseudo_hidden
259,ex259,inert_singleton_distractor,True,False,ok,"(29, 29)","(29, 29)","(29, 29)",0,semantic_majority_reflect,pseudo_hidden
260,ex260,original,True,False,ok,"(29, 29)","(29, 29)","(29, 29)",0,semantic_majority_reflect,pseudo_hidden
260,ex260,color_permutation_a,True,False,ok,"(29, 29)","(29, 29)","(29, 29)",0,semantic_majority_reflect,pseudo_hidden
260,ex260,color_permutation_b,True,False,ok,"(29, 29)","(29, 29)","(29, 29)",0,semantic_majority_reflect,pseudo_hidden
260,ex260,transpose,True,False,ok,"(29, 29)","(29, 29)","(29, 29)",0,semantic_majority_reflect,pseudo_hidden
260,ex260,mirror_lr,True,False,ok,"(29, 29)","(29, 29)","(29, 29)",0,semantic_majority_reflect,pseudo_hidden
260,ex260,mirror_ud,True,False,ok,"(29, 29)","(29, 29)","(29, 29)",0,semantic_majority_reflect,pseudo_hidden
260,ex260,rotate_180,True,False,ok,"(29, 29)","(29, 29)","(29, 29)",0,semantic_majority_reflect,pseudo_hidden
260,ex260,pad_top_left,True,False,ok,"(30, 30)","(30, 30)","(30, 30)",0,semantic_majority_reflect,pseudo_hidden
260,ex260,pad_bottom_right,True,False,ok,"(30, 30)","(30, 30)","(30, 30)",0,semantic_majority_reflect,pseudo_hidden
260,ex260,translate_down_right,True,False,ok,"(29, 29)","(29, 29)","(29, 29)",0,semantic_majority_reflect,pseudo_hidden
260,ex260,translate_up_left,True,False,ok,"(29, 29)","(29, 29)","(29, 29)",0,semantic_majority_reflect,pseudo_hidden
260,ex260,inert_2x2_distractor,True,False,ok,"(29, 29)","(29, 29)","(29, 29)",0,semantic_majority_reflect,pseudo_hidden
260,ex260,inert_singleton_distractor,True,False,ok,"(29, 29)","(29, 29)","(29, 29)",0,semantic_majority_reflect,pseudo_hidden
261,ex261,original,True,False,ok,"(13, 13)","(13, 13)","(13, 13)",0,semantic_majority_reflect,pseudo_hidden
261,ex261,color_permutation_a,True,False,ok,"(13, 13)","(13, 13)","(13, 13)",0,semantic_majority_reflect,pseudo_hidden
261,ex261,color_permutation_b,True,False,ok,"(13, 13)","(13, 13)","(13, 13)",0,semantic_majority_reflect,pseudo_hidden
261,ex261,transpose,True,False,ok,"(13, 13)","(13, 13)","(13, 13)",0,semantic_majority_reflect,pseudo_hidden
261,ex261,mirror_lr,True,False,ok,"(13, 13)","(13, 13)","(13, 13)",0,semantic_majority_reflect,pseudo_hidden
261,ex261,mirror_ud,True,False,ok,"(13, 13)","(13, 13)","(13, 13)",0,semantic_majority_reflect,pseudo_hidden
261,ex261,rotate_180,True,False,ok,"(13, 13)","(13, 13)","(13, 13)",0,semantic_majority_reflect,pseudo_hidden
261,ex261,pad_top_left,True,False,ok,"(14, 14)","(14, 14)","(14, 14)",0,semantic_majority_reflect,pseudo_hidden
261,ex261,pad_bottom_right,True,False,ok,"(14, 14)","(14, 14)","(14, 14)",0,semantic_majority_reflect,pseudo_hidden
261,ex261,translate_down_right,True,False,ok,"(13, 13)","(13, 13)","(13, 13)",0,semantic_majority_reflect,pseudo_hidden
261,ex261,translate_up_left,True,False,ok,"(13, 13)","(13, 13)","(13, 13)",0,semantic_majority_reflect,pseudo_hidden
261,ex261,inert_2x2_distractor,True,False,ok,"(13, 13)","(13, 13)","(13, 13)",0,semantic_majority_reflect,pseudo_hidden
261,ex261,inert_singleton_distractor,True,False,ok,"(13, 13)","(13, 13)","(13, 13)",0,semantic_majority_reflect,pseudo_hidden
262,ex262,original,True,False,ok,"(26, 26)","(26, 26)","(26, 26)",0,semantic_majority_reflect,pseudo_hidden
262,ex262,color_permutation_a,True,False,ok,"(26, 26)","(26, 26)","(26, 26)",0,semantic_majority_reflect,pseudo_hidden
262,ex262,color_permutation_b,True,False,ok,"(26, 26)","(26, 26)","(26, 26)",0,semantic_majority_reflect,pseudo_hidden
262,ex262,transpose,True,False,ok,"(26, 26)","(26, 26)","(26, 26)",0,semantic_majority_reflect,pseudo_hidden
262,ex262,mirror_lr,True,False,ok,"(26, 26)","(26, 26)","(26, 26)",0,semantic_majority_reflect,pseudo_hidden
262,ex262,mirror_ud,True,False,ok,"(26, 26)","(26, 26)","(26, 26)",0,semantic_majority_reflect,pseudo_hidden
262,ex262,rotate_180,True,False,ok,"(26, 26)","(26, 26)","(26, 26)",0,semantic_majority_reflect,pseudo_hidden
262,ex262,pad_top_left,True,False,ok,"(27, 27)","(27, 27)","(27, 27)",0,semantic_majority_reflect,pseudo_hidden
262,ex262,pad_bottom_right,True,False,ok,"(27, 27)","(27, 27)","(27, 27)",0,semantic_majority_reflect,pseudo_hidden
262,ex262,translate_down_right,True,False,ok,"(26, 26)","(26, 26)","(26, 26)",0,semantic_majority_reflect,pseudo_hidden
262,ex262,translate_up_left,True,False,ok,"(26, 26)","(26, 26)","(26, 26)",0,semantic_majority_reflect,pseudo_hidden
262,ex262,inert_2x2_distractor,True,False,ok,"(26, 26)","(26, 26)","(26, 26)",0,semantic_majority_reflect,pseudo_hidden
262,ex262,inert_singleton_distractor,True,False,ok,"(26, 26)","(26, 26)","(26, 26)",0,semantic_majority_reflect,pseudo_hidden
263,ex263,original,True,False,ok,"(24, 24)","(24, 24)","(24, 24)",0,semantic_majority_reflect,pseudo_hidden
263,ex263,color_permutation_a,True,False,ok,"(24, 24)","(24, 24)","(24, 24)",0,semantic_majority_reflect,pseudo_hidden
263,ex263,color_permutation_b,True,False,ok,"(24, 24)","(24, 24)","(24, 24)",0,semantic_majority_reflect,pseudo_hidden
263,ex263,transpose,True,False,ok,"(24, 24)","(24, 24)","(24, 24)",0,semantic_majority_reflect,pseudo_hidden
263,ex263,mirror_lr,True,False,ok,"(24, 24)","(24, 24)","(24, 24)",0,semantic_majority_reflect,pseudo_hidden
263,ex263,mirror_ud,True,False,ok,"(24, 24)","(24, 24)","(24, 24)",0,semantic_majority_reflect,pseudo_hidden
263,ex263,rotate_180,True,False,ok,"(24, 24)","(24, 24)","(24, 24)",0,semantic_majority_reflect,pseudo_hidden
263,ex263,pad_top_left,True,False,ok,"(25, 25)","(25, 25)","(25, 25)",0,semantic_majority_reflect,pseudo_hidden
263,ex263,pad_bottom_right,True,False,ok,"(25, 25)","(25, 25)","(25, 25)",0,semantic_majority_reflect,pseudo_hidden
263,ex263,translate_down_right,True,False,ok,"(24, 24)","(24, 24)","(24, 24)",0,semantic_majority_reflect,pseudo_hidden
263,ex263,translate_up_left,True,False,ok,"(24, 24)","(24, 24)","(24, 24)",0,semantic_majority_reflect,pseudo_hidden
263,ex263,inert_2x2_distractor,True,False,ok,"(24, 24)","(24, 24)","(24, 24)",0,semantic_majority_reflect,pseudo_hidden
263,ex263,inert_singleton_distractor,True,False,ok,"(24, 24)","(24, 24)","(24, 24)",0,semantic_majority_reflect,pseudo_hidden
264,ex264,original,True,False,ok,"(25, 25)","(25, 25)","(25, 25)",0,semantic_majority_reflect,pseudo_hidden
264,ex264,color_permutation_a,True,False,ok,"(25, 25)","(25, 25)","(25, 25)",0,semantic_majority_reflect,pseudo_hidden
264,ex264,color_permutation_b,True,False,ok,"(25, 25)","(25, 25)","(25, 25)",0,semantic_majority_reflect,pseudo_hidden
264,ex264,transpose,True,False,ok,"(25, 25)","(25, 25)","(25, 25)",0,semantic_majority_reflect,pseudo_hidden
264,ex264,mirror_lr,True,False,ok,"(25, 25)","(25, 25)","(25, 25)",0,semantic_majority_reflect,pseudo_hidden
264,ex264,mirror_ud,True,False,ok,"(25, 25)","(25, 25)","(25, 25)",0,semantic_majority_reflect,pseudo_hidden
264,ex264,rotate_180,True,False,ok,"(25, 25)","(25, 25)","(25, 25)",0,semantic_majority_reflect,pseudo_hidden
264,ex264,pad_top_left,True,False,ok,"(26, 26)","(26, 26)","(26, 26)",0,semantic_majority_reflect,pseudo_hidden
264,ex264,pad_bottom_right,True,False,ok,"(26, 26)","(26, 26)","(26, 26)",0,semantic_majority_reflect,pseudo_hidden
264,ex264,translate_down_right,True,False,ok,"(25, 25)","(25, 25)","(25, 25)",0,semantic_majority_reflect,pseudo_hidden
264,ex264,translate_up_left,True,False,ok,"(25, 25)","(25, 25)","(25, 25)",0,semantic_majority_reflect,pseudo_hidden
264,ex264,inert_2x2_distractor,True,False,ok,"(25, 25)","(25, 25)","(25, 25)",0,semantic_majority_reflect,pseudo_hidden
264,ex264,inert_singleton_distractor,True,False,ok,"(25, 25)","(25, 25)","(25, 25)",0,semantic_majority_reflect,pseudo_hidden
