check,split,index,variant,eligible,exact,pixel_errors,false_positive_3,false_negative_3,details
leave_one_out_fixed_geometry,train,0,"support=[1, 2]",1,1,0,0,0,"{""rectangles"": [{""axis"": ""h"", ""c0"": 9, ""c1"": 29, ""r0"": 10, ""r1"": 11}, {""axis"": ""h"", ""c0"": 0, ""c1"": 15, ""r0"": 20, ""r1"": 21}, {""axis"": ""v"", ""c0"": 9, ""c1"": 15, ""r0"": 5, ""r1"": 29}], ""selected_min_run"": 14, ""support_exact_min_runs"": [14, 15, 16]}"
leave_one_out_fixed_geometry,train,1,"support=[0, 2]",1,1,0,0,0,"{""rectangles"": [{""axis"": ""h"", ""c0"": 6, ""c1"": 29, ""r0"": 7, ""r1"": 7}, {""axis"": ""h"", ""c0"": 6, ""c1"": 29, ""r0"": 17, ""r1"": 18}, {""axis"": ""v"", ""c0"": 6, ""c1"": 12, ""r0"": 0, ""r1"": 29}], ""selected_min_run"": 14, ""support_exact_min_runs"": [14, 15, 16]}"
leave_one_out_fixed_geometry,train,2,"support=[0, 1]",1,1,0,0,0,"{""rectangles"": [{""axis"": ""h"", ""c0"": 0, ""c1"": 15, ""r0"": 9, ""r1"": 18}, {""axis"": ""v"", ""c0"": 8, ""c1"": 15, ""r0"": 0, ""r1"": 29}], ""selected_min_run"": 14, ""support_exact_min_runs"": [12, 13, 14, 15, 16]}"
foreground_color_permutation,train,0,fg_8_to_1,1,1,0,0,0,
foreground_color_permutation,train,0,fg_8_to_2,1,1,0,0,0,
foreground_color_permutation,train,0,fg_8_to_4,1,1,0,0,0,
foreground_color_permutation,train,0,fg_8_to_5,1,1,0,0,0,
foreground_color_permutation,train,0,fg_8_to_6,1,1,0,0,0,
foreground_color_permutation,train,0,fg_8_to_7,1,1,0,0,0,
foreground_color_permutation,train,0,fg_8_to_9,1,1,0,0,0,
foreground_color_permutation,train,1,fg_1_to_2,1,1,0,0,0,
foreground_color_permutation,train,1,fg_1_to_4,1,1,0,0,0,
foreground_color_permutation,train,1,fg_1_to_5,1,1,0,0,0,
foreground_color_permutation,train,1,fg_1_to_6,1,1,0,0,0,
foreground_color_permutation,train,1,fg_1_to_7,1,1,0,0,0,
foreground_color_permutation,train,1,fg_1_to_8,1,1,0,0,0,
foreground_color_permutation,train,1,fg_1_to_9,1,1,0,0,0,
foreground_color_permutation,train,2,fg_2_to_1,1,1,0,0,0,
foreground_color_permutation,train,2,fg_2_to_4,1,1,0,0,0,
foreground_color_permutation,train,2,fg_2_to_5,1,1,0,0,0,
foreground_color_permutation,train,2,fg_2_to_6,1,1,0,0,0,
foreground_color_permutation,train,2,fg_2_to_7,1,1,0,0,0,
foreground_color_permutation,train,2,fg_2_to_8,1,1,0,0,0,
foreground_color_permutation,train,2,fg_2_to_9,1,1,0,0,0,
foreground_color_permutation,test,0,fg_4_to_1,1,1,0,0,0,
foreground_color_permutation,test,0,fg_4_to_2,1,1,0,0,0,
foreground_color_permutation,test,0,fg_4_to_5,1,1,0,0,0,
foreground_color_permutation,test,0,fg_4_to_6,1,1,0,0,0,
foreground_color_permutation,test,0,fg_4_to_7,1,1,0,0,0,
foreground_color_permutation,test,0,fg_4_to_8,1,1,0,0,0,
foreground_color_permutation,test,0,fg_4_to_9,1,1,0,0,0,
foreground_color_permutation,arc-gen,0,fg_2_to_1,1,1,0,0,0,
foreground_color_permutation,arc-gen,0,fg_2_to_4,1,1,0,0,0,
foreground_color_permutation,arc-gen,0,fg_2_to_5,1,1,0,0,0,
foreground_color_permutation,arc-gen,0,fg_2_to_6,1,1,0,0,0,
foreground_color_permutation,arc-gen,0,fg_2_to_7,1,1,0,0,0,
foreground_color_permutation,arc-gen,0,fg_2_to_8,1,1,0,0,0,
foreground_color_permutation,arc-gen,0,fg_2_to_9,1,1,0,0,0,
foreground_color_permutation,arc-gen,1,fg_4_to_1,1,1,0,0,0,
foreground_color_permutation,arc-gen,1,fg_4_to_2,1,1,0,0,0,
foreground_color_permutation,arc-gen,1,fg_4_to_5,1,1,0,0,0,
foreground_color_permutation,arc-gen,1,fg_4_to_6,1,1,0,0,0,
foreground_color_permutation,arc-gen,1,fg_4_to_7,1,1,0,0,0,
foreground_color_permutation,arc-gen,1,fg_4_to_8,1,1,0,0,0,
foreground_color_permutation,arc-gen,1,fg_4_to_9,1,1,0,0,0,
foreground_color_permutation,arc-gen,2,fg_1_to_2,1,1,0,0,0,
foreground_color_permutation,arc-gen,2,fg_1_to_4,1,1,0,0,0,
foreground_color_permutation,arc-gen,2,fg_1_to_5,1,1,0,0,0,
foreground_color_permutation,arc-gen,2,fg_1_to_6,1,1,0,0,0,
foreground_color_permutation,arc-gen,2,fg_1_to_7,1,1,0,0,0,
foreground_color_permutation,arc-gen,2,fg_1_to_8,1,1,0,0,0,
foreground_color_permutation,arc-gen,2,fg_1_to_9,1,1,0,0,0,
foreground_color_permutation,arc-gen,3,fg_2_to_1,1,1,0,0,0,
foreground_color_permutation,arc-gen,3,fg_2_to_4,1,1,0,0,0,
foreground_color_permutation,arc-gen,3,fg_2_to_5,1,1,0,0,0,
foreground_color_permutation,arc-gen,3,fg_2_to_6,1,1,0,0,0,
foreground_color_permutation,arc-gen,3,fg_2_to_7,1,1,0,0,0,
foreground_color_permutation,arc-gen,3,fg_2_to_8,1,1,0,0,0,
foreground_color_permutation,arc-gen,3,fg_2_to_9,1,1,0,0,0,
foreground_color_permutation,arc-gen,4,fg_1_to_2,1,1,0,0,0,
foreground_color_permutation,arc-gen,4,fg_1_to_4,1,1,0,0,0,
foreground_color_permutation,arc-gen,4,fg_1_to_5,1,1,0,0,0,
foreground_color_permutation,arc-gen,4,fg_1_to_6,1,1,0,0,0,
foreground_color_permutation,arc-gen,4,fg_1_to_7,1,1,0,0,0,
foreground_color_permutation,arc-gen,4,fg_1_to_8,1,1,0,0,0,
foreground_color_permutation,arc-gen,4,fg_1_to_9,1,1,0,0,0,
foreground_color_permutation,arc-gen,5,fg_8_to_1,1,1,0,0,0,
foreground_color_permutation,arc-gen,5,fg_8_to_2,1,1,0,0,0,
foreground_color_permutation,arc-gen,5,fg_8_to_4,1,1,0,0,0,
foreground_color_permutation,arc-gen,5,fg_8_to_5,1,1,0,0,0,
foreground_color_permutation,arc-gen,5,fg_8_to_6,1,1,0,0,0,
foreground_color_permutation,arc-gen,5,fg_8_to_7,1,1,0,0,0,
foreground_color_permutation,arc-gen,5,fg_8_to_9,1,1,0,0,0,
foreground_color_permutation,arc-gen,6,fg_7_to_1,1,1,0,0,0,
foreground_color_permutation,arc-gen,6,fg_7_to_2,1,1,0,0,0,
foreground_color_permutation,arc-gen,6,fg_7_to_4,1,1,0,0,0,
foreground_color_permutation,arc-gen,6,fg_7_to_5,1,1,0,0,0,
foreground_color_permutation,arc-gen,6,fg_7_to_6,1,1,0,0,0,
foreground_color_permutation,arc-gen,6,fg_7_to_8,1,1,0,0,0,
foreground_color_permutation,arc-gen,6,fg_7_to_9,1,1,0,0,0,
foreground_color_permutation,arc-gen,7,fg_8_to_1,1,1,0,0,0,
foreground_color_permutation,arc-gen,7,fg_8_to_2,1,1,0,0,0,
foreground_color_permutation,arc-gen,7,fg_8_to_4,1,1,0,0,0,
foreground_color_permutation,arc-gen,7,fg_8_to_5,1,1,0,0,0,
foreground_color_permutation,arc-gen,7,fg_8_to_6,1,1,0,0,0,
foreground_color_permutation,arc-gen,7,fg_8_to_7,1,1,0,0,0,
foreground_color_permutation,arc-gen,7,fg_8_to_9,1,1,0,0,0,
foreground_color_permutation,arc-gen,8,fg_7_to_1,1,1,0,0,0,
foreground_color_permutation,arc-gen,8,fg_7_to_2,1,1,0,0,0,
foreground_color_permutation,arc-gen,8,fg_7_to_4,1,1,0,0,0,
foreground_color_permutation,arc-gen,8,fg_7_to_5,1,1,0,0,0,
foreground_color_permutation,arc-gen,8,fg_7_to_6,1,1,0,0,0,
foreground_color_permutation,arc-gen,8,fg_7_to_8,1,1,0,0,0,
foreground_color_permutation,arc-gen,8,fg_7_to_9,1,1,0,0,0,
foreground_color_permutation,arc-gen,9,fg_6_to_1,1,0,24,0,24,
foreground_color_permutation,arc-gen,9,fg_6_to_2,1,0,24,0,24,
foreground_color_permutation,arc-gen,9,fg_6_to_4,1,0,24,0,24,
foreground_color_permutation,arc-gen,9,fg_6_to_5,1,0,24,0,24,
foreground_color_permutation,arc-gen,9,fg_6_to_7,1,0,24,0,24,
foreground_color_permutation,arc-gen,9,fg_6_to_8,1,0,24,0,24,
foreground_color_permutation,arc-gen,9,fg_6_to_9,1,0,24,0,24,
foreground_color_permutation,arc-gen,10,fg_5_to_1,1,1,0,0,0,
foreground_color_permutation,arc-gen,10,fg_5_to_2,1,1,0,0,0,
foreground_color_permutation,arc-gen,10,fg_5_to_4,1,1,0,0,0,
foreground_color_permutation,arc-gen,10,fg_5_to_6,1,1,0,0,0,
foreground_color_permutation,arc-gen,10,fg_5_to_7,1,1,0,0,0,
foreground_color_permutation,arc-gen,10,fg_5_to_8,1,1,0,0,0,
foreground_color_permutation,arc-gen,10,fg_5_to_9,1,1,0,0,0,
foreground_color_permutation,arc-gen,11,fg_4_to_1,1,1,0,0,0,
foreground_color_permutation,arc-gen,11,fg_4_to_2,1,1,0,0,0,
foreground_color_permutation,arc-gen,11,fg_4_to_5,1,1,0,0,0,
foreground_color_permutation,arc-gen,11,fg_4_to_6,1,1,0,0,0,
foreground_color_permutation,arc-gen,11,fg_4_to_7,1,1,0,0,0,
foreground_color_permutation,arc-gen,11,fg_4_to_8,1,1,0,0,0,
foreground_color_permutation,arc-gen,11,fg_4_to_9,1,1,0,0,0,
foreground_color_permutation,arc-gen,12,fg_4_to_1,1,1,0,0,0,
foreground_color_permutation,arc-gen,12,fg_4_to_2,1,1,0,0,0,
foreground_color_permutation,arc-gen,12,fg_4_to_5,1,1,0,0,0,
foreground_color_permutation,arc-gen,12,fg_4_to_6,1,1,0,0,0,
foreground_color_permutation,arc-gen,12,fg_4_to_7,1,1,0,0,0,
foreground_color_permutation,arc-gen,12,fg_4_to_8,1,1,0,0,0,
foreground_color_permutation,arc-gen,12,fg_4_to_9,1,1,0,0,0,
foreground_color_permutation,arc-gen,13,fg_6_to_1,1,1,0,0,0,
foreground_color_permutation,arc-gen,13,fg_6_to_2,1,1,0,0,0,
foreground_color_permutation,arc-gen,13,fg_6_to_4,1,1,0,0,0,
foreground_color_permutation,arc-gen,13,fg_6_to_5,1,1,0,0,0,
foreground_color_permutation,arc-gen,13,fg_6_to_7,1,1,0,0,0,
foreground_color_permutation,arc-gen,13,fg_6_to_8,1,1,0,0,0,
foreground_color_permutation,arc-gen,13,fg_6_to_9,1,1,0,0,0,
foreground_color_permutation,arc-gen,14,fg_2_to_1,1,0,18,0,18,
foreground_color_permutation,arc-gen,14,fg_2_to_4,1,0,18,0,18,
foreground_color_permutation,arc-gen,14,fg_2_to_5,1,0,18,0,18,
foreground_color_permutation,arc-gen,14,fg_2_to_6,1,0,18,0,18,
foreground_color_permutation,arc-gen,14,fg_2_to_7,1,0,18,0,18,
foreground_color_permutation,arc-gen,14,fg_2_to_8,1,0,18,0,18,
foreground_color_permutation,arc-gen,14,fg_2_to_9,1,0,18,0,18,
foreground_color_permutation,arc-gen,15,fg_8_to_1,1,1,0,0,0,
foreground_color_permutation,arc-gen,15,fg_8_to_2,1,1,0,0,0,
foreground_color_permutation,arc-gen,15,fg_8_to_4,1,1,0,0,0,
foreground_color_permutation,arc-gen,15,fg_8_to_5,1,1,0,0,0,
foreground_color_permutation,arc-gen,15,fg_8_to_6,1,1,0,0,0,
foreground_color_permutation,arc-gen,15,fg_8_to_7,1,1,0,0,0,
foreground_color_permutation,arc-gen,15,fg_8_to_9,1,1,0,0,0,
foreground_color_permutation,arc-gen,16,fg_5_to_1,1,1,0,0,0,
foreground_color_permutation,arc-gen,16,fg_5_to_2,1,1,0,0,0,
foreground_color_permutation,arc-gen,16,fg_5_to_4,1,1,0,0,0,
foreground_color_permutation,arc-gen,16,fg_5_to_6,1,1,0,0,0,
foreground_color_permutation,arc-gen,16,fg_5_to_7,1,1,0,0,0,
foreground_color_permutation,arc-gen,16,fg_5_to_8,1,1,0,0,0,
foreground_color_permutation,arc-gen,16,fg_5_to_9,1,1,0,0,0,
foreground_color_permutation,arc-gen,17,fg_5_to_1,1,1,0,0,0,
foreground_color_permutation,arc-gen,17,fg_5_to_2,1,1,0,0,0,
foreground_color_permutation,arc-gen,17,fg_5_to_4,1,1,0,0,0,
foreground_color_permutation,arc-gen,17,fg_5_to_6,1,1,0,0,0,
foreground_color_permutation,arc-gen,17,fg_5_to_7,1,1,0,0,0,
foreground_color_permutation,arc-gen,17,fg_5_to_8,1,1,0,0,0,
foreground_color_permutation,arc-gen,17,fg_5_to_9,1,1,0,0,0,
foreground_color_permutation,arc-gen,18,fg_1_to_2,1,1,0,0,0,
foreground_color_permutation,arc-gen,18,fg_1_to_4,1,1,0,0,0,
foreground_color_permutation,arc-gen,18,fg_1_to_5,1,1,0,0,0,
foreground_color_permutation,arc-gen,18,fg_1_to_6,1,1,0,0,0,
foreground_color_permutation,arc-gen,18,fg_1_to_7,1,1,0,0,0,
foreground_color_permutation,arc-gen,18,fg_1_to_8,1,1,0,0,0,
foreground_color_permutation,arc-gen,18,fg_1_to_9,1,1,0,0,0,
foreground_color_permutation,arc-gen,19,fg_9_to_1,1,1,0,0,0,
foreground_color_permutation,arc-gen,19,fg_9_to_2,1,1,0,0,0,
foreground_color_permutation,arc-gen,19,fg_9_to_4,1,1,0,0,0,
foreground_color_permutation,arc-gen,19,fg_9_to_5,1,1,0,0,0,
foreground_color_permutation,arc-gen,19,fg_9_to_6,1,1,0,0,0,
foreground_color_permutation,arc-gen,19,fg_9_to_7,1,1,0,0,0,
foreground_color_permutation,arc-gen,19,fg_9_to_8,1,1,0,0,0,
foreground_color_permutation,arc-gen,20,fg_8_to_1,1,1,0,0,0,
foreground_color_permutation,arc-gen,20,fg_8_to_2,1,1,0,0,0,
foreground_color_permutation,arc-gen,20,fg_8_to_4,1,1,0,0,0,
foreground_color_permutation,arc-gen,20,fg_8_to_5,1,1,0,0,0,
foreground_color_permutation,arc-gen,20,fg_8_to_6,1,1,0,0,0,
foreground_color_permutation,arc-gen,20,fg_8_to_7,1,1,0,0,0,
foreground_color_permutation,arc-gen,20,fg_8_to_9,1,1,0,0,0,
foreground_color_permutation,arc-gen,21,fg_2_to_1,1,1,0,0,0,
foreground_color_permutation,arc-gen,21,fg_2_to_4,1,1,0,0,0,
foreground_color_permutation,arc-gen,21,fg_2_to_5,1,1,0,0,0,
foreground_color_permutation,arc-gen,21,fg_2_to_6,1,1,0,0,0,
foreground_color_permutation,arc-gen,21,fg_2_to_7,1,1,0,0,0,
foreground_color_permutation,arc-gen,21,fg_2_to_8,1,1,0,0,0,
foreground_color_permutation,arc-gen,21,fg_2_to_9,1,1,0,0,0,
foreground_color_permutation,arc-gen,22,fg_9_to_1,1,0,22,0,22,
foreground_color_permutation,arc-gen,22,fg_9_to_2,1,0,22,0,22,
foreground_color_permutation,arc-gen,22,fg_9_to_4,1,0,22,0,22,
foreground_color_permutation,arc-gen,22,fg_9_to_5,1,0,22,0,22,
foreground_color_permutation,arc-gen,22,fg_9_to_6,1,0,22,0,22,
foreground_color_permutation,arc-gen,22,fg_9_to_7,1,0,22,0,22,
foreground_color_permutation,arc-gen,22,fg_9_to_8,1,0,22,0,22,
foreground_color_permutation,arc-gen,23,fg_5_to_1,1,1,0,0,0,
foreground_color_permutation,arc-gen,23,fg_5_to_2,1,1,0,0,0,
foreground_color_permutation,arc-gen,23,fg_5_to_4,1,1,0,0,0,
foreground_color_permutation,arc-gen,23,fg_5_to_6,1,1,0,0,0,
foreground_color_permutation,arc-gen,23,fg_5_to_7,1,1,0,0,0,
foreground_color_permutation,arc-gen,23,fg_5_to_8,1,1,0,0,0,
foreground_color_permutation,arc-gen,23,fg_5_to_9,1,1,0,0,0,
foreground_color_permutation,arc-gen,24,fg_6_to_1,1,1,0,0,0,
foreground_color_permutation,arc-gen,24,fg_6_to_2,1,1,0,0,0,
foreground_color_permutation,arc-gen,24,fg_6_to_4,1,1,0,0,0,
foreground_color_permutation,arc-gen,24,fg_6_to_5,1,1,0,0,0,
foreground_color_permutation,arc-gen,24,fg_6_to_7,1,1,0,0,0,
foreground_color_permutation,arc-gen,24,fg_6_to_8,1,1,0,0,0,
foreground_color_permutation,arc-gen,24,fg_6_to_9,1,1,0,0,0,
foreground_color_permutation,arc-gen,25,fg_8_to_1,1,1,0,0,0,
foreground_color_permutation,arc-gen,25,fg_8_to_2,1,1,0,0,0,
foreground_color_permutation,arc-gen,25,fg_8_to_4,1,1,0,0,0,
foreground_color_permutation,arc-gen,25,fg_8_to_5,1,1,0,0,0,
foreground_color_permutation,arc-gen,25,fg_8_to_6,1,1,0,0,0,
foreground_color_permutation,arc-gen,25,fg_8_to_7,1,1,0,0,0,
foreground_color_permutation,arc-gen,25,fg_8_to_9,1,1,0,0,0,
foreground_color_permutation,arc-gen,26,fg_1_to_2,1,1,0,0,0,
foreground_color_permutation,arc-gen,26,fg_1_to_4,1,1,0,0,0,
foreground_color_permutation,arc-gen,26,fg_1_to_5,1,1,0,0,0,
foreground_color_permutation,arc-gen,26,fg_1_to_6,1,1,0,0,0,
foreground_color_permutation,arc-gen,26,fg_1_to_7,1,1,0,0,0,
foreground_color_permutation,arc-gen,26,fg_1_to_8,1,1,0,0,0,
foreground_color_permutation,arc-gen,26,fg_1_to_9,1,1,0,0,0,
foreground_color_permutation,arc-gen,27,fg_6_to_1,1,1,0,0,0,
foreground_color_permutation,arc-gen,27,fg_6_to_2,1,1,0,0,0,
foreground_color_permutation,arc-gen,27,fg_6_to_4,1,1,0,0,0,
foreground_color_permutation,arc-gen,27,fg_6_to_5,1,1,0,0,0,
foreground_color_permutation,arc-gen,27,fg_6_to_7,1,1,0,0,0,
foreground_color_permutation,arc-gen,27,fg_6_to_8,1,1,0,0,0,
foreground_color_permutation,arc-gen,27,fg_6_to_9,1,1,0,0,0,
foreground_color_permutation,arc-gen,28,fg_2_to_1,1,1,0,0,0,
foreground_color_permutation,arc-gen,28,fg_2_to_4,1,1,0,0,0,
foreground_color_permutation,arc-gen,28,fg_2_to_5,1,1,0,0,0,
foreground_color_permutation,arc-gen,28,fg_2_to_6,1,1,0,0,0,
foreground_color_permutation,arc-gen,28,fg_2_to_7,1,1,0,0,0,
foreground_color_permutation,arc-gen,28,fg_2_to_8,1,1,0,0,0,
foreground_color_permutation,arc-gen,28,fg_2_to_9,1,1,0,0,0,
foreground_color_permutation,arc-gen,29,fg_7_to_1,1,0,24,0,24,
foreground_color_permutation,arc-gen,29,fg_7_to_2,1,0,24,0,24,
foreground_color_permutation,arc-gen,29,fg_7_to_4,1,0,24,0,24,
foreground_color_permutation,arc-gen,29,fg_7_to_5,1,0,24,0,24,
foreground_color_permutation,arc-gen,29,fg_7_to_6,1,0,24,0,24,
foreground_color_permutation,arc-gen,29,fg_7_to_8,1,0,24,0,24,
foreground_color_permutation,arc-gen,29,fg_7_to_9,1,0,24,0,24,
foreground_color_permutation,arc-gen,30,fg_4_to_1,1,1,0,0,0,
foreground_color_permutation,arc-gen,30,fg_4_to_2,1,1,0,0,0,
foreground_color_permutation,arc-gen,30,fg_4_to_5,1,1,0,0,0,
foreground_color_permutation,arc-gen,30,fg_4_to_6,1,1,0,0,0,
foreground_color_permutation,arc-gen,30,fg_4_to_7,1,1,0,0,0,
foreground_color_permutation,arc-gen,30,fg_4_to_8,1,1,0,0,0,
foreground_color_permutation,arc-gen,30,fg_4_to_9,1,1,0,0,0,
foreground_color_permutation,arc-gen,31,fg_8_to_1,1,1,0,0,0,
foreground_color_permutation,arc-gen,31,fg_8_to_2,1,1,0,0,0,
foreground_color_permutation,arc-gen,31,fg_8_to_4,1,1,0,0,0,
foreground_color_permutation,arc-gen,31,fg_8_to_5,1,1,0,0,0,
foreground_color_permutation,arc-gen,31,fg_8_to_6,1,1,0,0,0,
foreground_color_permutation,arc-gen,31,fg_8_to_7,1,1,0,0,0,
foreground_color_permutation,arc-gen,31,fg_8_to_9,1,1,0,0,0,
foreground_color_permutation,arc-gen,32,fg_1_to_2,1,1,0,0,0,
foreground_color_permutation,arc-gen,32,fg_1_to_4,1,1,0,0,0,
foreground_color_permutation,arc-gen,32,fg_1_to_5,1,1,0,0,0,
foreground_color_permutation,arc-gen,32,fg_1_to_6,1,1,0,0,0,
foreground_color_permutation,arc-gen,32,fg_1_to_7,1,1,0,0,0,
foreground_color_permutation,arc-gen,32,fg_1_to_8,1,1,0,0,0,
foreground_color_permutation,arc-gen,32,fg_1_to_9,1,1,0,0,0,
foreground_color_permutation,arc-gen,33,fg_6_to_1,1,1,0,0,0,
foreground_color_permutation,arc-gen,33,fg_6_to_2,1,1,0,0,0,
foreground_color_permutation,arc-gen,33,fg_6_to_4,1,1,0,0,0,
foreground_color_permutation,arc-gen,33,fg_6_to_5,1,1,0,0,0,
foreground_color_permutation,arc-gen,33,fg_6_to_7,1,1,0,0,0,
foreground_color_permutation,arc-gen,33,fg_6_to_8,1,1,0,0,0,
foreground_color_permutation,arc-gen,33,fg_6_to_9,1,1,0,0,0,
foreground_color_permutation,arc-gen,34,fg_7_to_1,1,1,0,0,0,
foreground_color_permutation,arc-gen,34,fg_7_to_2,1,1,0,0,0,
foreground_color_permutation,arc-gen,34,fg_7_to_4,1,1,0,0,0,
foreground_color_permutation,arc-gen,34,fg_7_to_5,1,1,0,0,0,
foreground_color_permutation,arc-gen,34,fg_7_to_6,1,1,0,0,0,
foreground_color_permutation,arc-gen,34,fg_7_to_8,1,1,0,0,0,
foreground_color_permutation,arc-gen,34,fg_7_to_9,1,1,0,0,0,
foreground_color_permutation,arc-gen,35,fg_7_to_1,1,1,0,0,0,
foreground_color_permutation,arc-gen,35,fg_7_to_2,1,1,0,0,0,
foreground_color_permutation,arc-gen,35,fg_7_to_4,1,1,0,0,0,
foreground_color_permutation,arc-gen,35,fg_7_to_5,1,1,0,0,0,
foreground_color_permutation,arc-gen,35,fg_7_to_6,1,1,0,0,0,
foreground_color_permutation,arc-gen,35,fg_7_to_8,1,1,0,0,0,
foreground_color_permutation,arc-gen,35,fg_7_to_9,1,1,0,0,0,
foreground_color_permutation,arc-gen,36,fg_4_to_1,1,1,0,0,0,
foreground_color_permutation,arc-gen,36,fg_4_to_2,1,1,0,0,0,
foreground_color_permutation,arc-gen,36,fg_4_to_5,1,1,0,0,0,
foreground_color_permutation,arc-gen,36,fg_4_to_6,1,1,0,0,0,
foreground_color_permutation,arc-gen,36,fg_4_to_7,1,1,0,0,0,
foreground_color_permutation,arc-gen,36,fg_4_to_8,1,1,0,0,0,
foreground_color_permutation,arc-gen,36,fg_4_to_9,1,1,0,0,0,
foreground_color_permutation,arc-gen,37,fg_9_to_1,1,0,72,0,72,
foreground_color_permutation,arc-gen,37,fg_9_to_2,1,0,72,0,72,
foreground_color_permutation,arc-gen,37,fg_9_to_4,1,0,72,0,72,
foreground_color_permutation,arc-gen,37,fg_9_to_5,1,0,72,0,72,
foreground_color_permutation,arc-gen,37,fg_9_to_6,1,0,72,0,72,
foreground_color_permutation,arc-gen,37,fg_9_to_7,1,0,72,0,72,
foreground_color_permutation,arc-gen,37,fg_9_to_8,1,0,72,0,72,
foreground_color_permutation,arc-gen,38,fg_1_to_2,1,1,0,0,0,
foreground_color_permutation,arc-gen,38,fg_1_to_4,1,1,0,0,0,
foreground_color_permutation,arc-gen,38,fg_1_to_5,1,1,0,0,0,
foreground_color_permutation,arc-gen,38,fg_1_to_6,1,1,0,0,0,
foreground_color_permutation,arc-gen,38,fg_1_to_7,1,1,0,0,0,
foreground_color_permutation,arc-gen,38,fg_1_to_8,1,1,0,0,0,
foreground_color_permutation,arc-gen,38,fg_1_to_9,1,1,0,0,0,
foreground_color_permutation,arc-gen,39,fg_2_to_1,1,1,0,0,0,
foreground_color_permutation,arc-gen,39,fg_2_to_4,1,1,0,0,0,
foreground_color_permutation,arc-gen,39,fg_2_to_5,1,1,0,0,0,
foreground_color_permutation,arc-gen,39,fg_2_to_6,1,1,0,0,0,
foreground_color_permutation,arc-gen,39,fg_2_to_7,1,1,0,0,0,
foreground_color_permutation,arc-gen,39,fg_2_to_8,1,1,0,0,0,
foreground_color_permutation,arc-gen,39,fg_2_to_9,1,1,0,0,0,
foreground_color_permutation,arc-gen,40,fg_4_to_1,1,1,0,0,0,
foreground_color_permutation,arc-gen,40,fg_4_to_2,1,1,0,0,0,
foreground_color_permutation,arc-gen,40,fg_4_to_5,1,1,0,0,0,
foreground_color_permutation,arc-gen,40,fg_4_to_6,1,1,0,0,0,
foreground_color_permutation,arc-gen,40,fg_4_to_7,1,1,0,0,0,
foreground_color_permutation,arc-gen,40,fg_4_to_8,1,1,0,0,0,
foreground_color_permutation,arc-gen,40,fg_4_to_9,1,1,0,0,0,
foreground_color_permutation,arc-gen,41,fg_5_to_1,1,1,0,0,0,
foreground_color_permutation,arc-gen,41,fg_5_to_2,1,1,0,0,0,
foreground_color_permutation,arc-gen,41,fg_5_to_4,1,1,0,0,0,
foreground_color_permutation,arc-gen,41,fg_5_to_6,1,1,0,0,0,
foreground_color_permutation,arc-gen,41,fg_5_to_7,1,1,0,0,0,
foreground_color_permutation,arc-gen,41,fg_5_to_8,1,1,0,0,0,
foreground_color_permutation,arc-gen,41,fg_5_to_9,1,1,0,0,0,
foreground_color_permutation,arc-gen,42,fg_8_to_1,1,1,0,0,0,
foreground_color_permutation,arc-gen,42,fg_8_to_2,1,1,0,0,0,
foreground_color_permutation,arc-gen,42,fg_8_to_4,1,1,0,0,0,
foreground_color_permutation,arc-gen,42,fg_8_to_5,1,1,0,0,0,
foreground_color_permutation,arc-gen,42,fg_8_to_6,1,1,0,0,0,
foreground_color_permutation,arc-gen,42,fg_8_to_7,1,1,0,0,0,
foreground_color_permutation,arc-gen,42,fg_8_to_9,1,1,0,0,0,
foreground_color_permutation,arc-gen,43,fg_1_to_2,1,0,70,0,70,
foreground_color_permutation,arc-gen,43,fg_1_to_4,1,0,70,0,70,
foreground_color_permutation,arc-gen,43,fg_1_to_5,1,0,70,0,70,
foreground_color_permutation,arc-gen,43,fg_1_to_6,1,0,70,0,70,
foreground_color_permutation,arc-gen,43,fg_1_to_7,1,0,70,0,70,
foreground_color_permutation,arc-gen,43,fg_1_to_8,1,0,70,0,70,
foreground_color_permutation,arc-gen,43,fg_1_to_9,1,0,70,0,70,
foreground_color_permutation,arc-gen,44,fg_6_to_1,1,1,0,0,0,
foreground_color_permutation,arc-gen,44,fg_6_to_2,1,1,0,0,0,
foreground_color_permutation,arc-gen,44,fg_6_to_4,1,1,0,0,0,
foreground_color_permutation,arc-gen,44,fg_6_to_5,1,1,0,0,0,
foreground_color_permutation,arc-gen,44,fg_6_to_7,1,1,0,0,0,
foreground_color_permutation,arc-gen,44,fg_6_to_8,1,1,0,0,0,
foreground_color_permutation,arc-gen,44,fg_6_to_9,1,1,0,0,0,
foreground_color_permutation,arc-gen,45,fg_5_to_1,1,1,0,0,0,
foreground_color_permutation,arc-gen,45,fg_5_to_2,1,1,0,0,0,
foreground_color_permutation,arc-gen,45,fg_5_to_4,1,1,0,0,0,
foreground_color_permutation,arc-gen,45,fg_5_to_6,1,1,0,0,0,
foreground_color_permutation,arc-gen,45,fg_5_to_7,1,1,0,0,0,
foreground_color_permutation,arc-gen,45,fg_5_to_8,1,1,0,0,0,
foreground_color_permutation,arc-gen,45,fg_5_to_9,1,1,0,0,0,
foreground_color_permutation,arc-gen,46,fg_8_to_1,1,1,0,0,0,
foreground_color_permutation,arc-gen,46,fg_8_to_2,1,1,0,0,0,
foreground_color_permutation,arc-gen,46,fg_8_to_4,1,1,0,0,0,
foreground_color_permutation,arc-gen,46,fg_8_to_5,1,1,0,0,0,
foreground_color_permutation,arc-gen,46,fg_8_to_6,1,1,0,0,0,
foreground_color_permutation,arc-gen,46,fg_8_to_7,1,1,0,0,0,
foreground_color_permutation,arc-gen,46,fg_8_to_9,1,1,0,0,0,
foreground_color_permutation,arc-gen,47,fg_6_to_1,1,1,0,0,0,
foreground_color_permutation,arc-gen,47,fg_6_to_2,1,1,0,0,0,
foreground_color_permutation,arc-gen,47,fg_6_to_4,1,1,0,0,0,
foreground_color_permutation,arc-gen,47,fg_6_to_5,1,1,0,0,0,
foreground_color_permutation,arc-gen,47,fg_6_to_7,1,1,0,0,0,
foreground_color_permutation,arc-gen,47,fg_6_to_8,1,1,0,0,0,
foreground_color_permutation,arc-gen,47,fg_6_to_9,1,1,0,0,0,
foreground_color_permutation,arc-gen,48,fg_8_to_1,1,1,0,0,0,
foreground_color_permutation,arc-gen,48,fg_8_to_2,1,1,0,0,0,
foreground_color_permutation,arc-gen,48,fg_8_to_4,1,1,0,0,0,
foreground_color_permutation,arc-gen,48,fg_8_to_5,1,1,0,0,0,
foreground_color_permutation,arc-gen,48,fg_8_to_6,1,1,0,0,0,
foreground_color_permutation,arc-gen,48,fg_8_to_7,1,1,0,0,0,
foreground_color_permutation,arc-gen,48,fg_8_to_9,1,1,0,0,0,
foreground_color_permutation,arc-gen,49,fg_7_to_1,1,1,0,0,0,
foreground_color_permutation,arc-gen,49,fg_7_to_2,1,1,0,0,0,
foreground_color_permutation,arc-gen,49,fg_7_to_4,1,1,0,0,0,
foreground_color_permutation,arc-gen,49,fg_7_to_5,1,1,0,0,0,
foreground_color_permutation,arc-gen,49,fg_7_to_6,1,1,0,0,0,
foreground_color_permutation,arc-gen,49,fg_7_to_8,1,1,0,0,0,
foreground_color_permutation,arc-gen,49,fg_7_to_9,1,1,0,0,0,
foreground_color_permutation,arc-gen,50,fg_7_to_1,1,1,0,0,0,
foreground_color_permutation,arc-gen,50,fg_7_to_2,1,1,0,0,0,
foreground_color_permutation,arc-gen,50,fg_7_to_4,1,1,0,0,0,
foreground_color_permutation,arc-gen,50,fg_7_to_5,1,1,0,0,0,
foreground_color_permutation,arc-gen,50,fg_7_to_6,1,1,0,0,0,
foreground_color_permutation,arc-gen,50,fg_7_to_8,1,1,0,0,0,
foreground_color_permutation,arc-gen,50,fg_7_to_9,1,1,0,0,0,
foreground_color_permutation,arc-gen,51,fg_8_to_1,1,1,0,0,0,
foreground_color_permutation,arc-gen,51,fg_8_to_2,1,1,0,0,0,
foreground_color_permutation,arc-gen,51,fg_8_to_4,1,1,0,0,0,
foreground_color_permutation,arc-gen,51,fg_8_to_5,1,1,0,0,0,
foreground_color_permutation,arc-gen,51,fg_8_to_6,1,1,0,0,0,
foreground_color_permutation,arc-gen,51,fg_8_to_7,1,1,0,0,0,
foreground_color_permutation,arc-gen,51,fg_8_to_9,1,1,0,0,0,
foreground_color_permutation,arc-gen,52,fg_2_to_1,1,1,0,0,0,
foreground_color_permutation,arc-gen,52,fg_2_to_4,1,1,0,0,0,
foreground_color_permutation,arc-gen,52,fg_2_to_5,1,1,0,0,0,
foreground_color_permutation,arc-gen,52,fg_2_to_6,1,1,0,0,0,
foreground_color_permutation,arc-gen,52,fg_2_to_7,1,1,0,0,0,
foreground_color_permutation,arc-gen,52,fg_2_to_8,1,1,0,0,0,
foreground_color_permutation,arc-gen,52,fg_2_to_9,1,1,0,0,0,
foreground_color_permutation,arc-gen,53,fg_7_to_1,1,0,6,0,6,
foreground_color_permutation,arc-gen,53,fg_7_to_2,1,0,6,0,6,
foreground_color_permutation,arc-gen,53,fg_7_to_4,1,0,6,0,6,
foreground_color_permutation,arc-gen,53,fg_7_to_5,1,0,6,0,6,
foreground_color_permutation,arc-gen,53,fg_7_to_6,1,0,6,0,6,
foreground_color_permutation,arc-gen,53,fg_7_to_8,1,0,6,0,6,
foreground_color_permutation,arc-gen,53,fg_7_to_9,1,0,6,0,6,
foreground_color_permutation,arc-gen,54,fg_5_to_1,1,1,0,0,0,
foreground_color_permutation,arc-gen,54,fg_5_to_2,1,1,0,0,0,
foreground_color_permutation,arc-gen,54,fg_5_to_4,1,1,0,0,0,
foreground_color_permutation,arc-gen,54,fg_5_to_6,1,1,0,0,0,
foreground_color_permutation,arc-gen,54,fg_5_to_7,1,1,0,0,0,
foreground_color_permutation,arc-gen,54,fg_5_to_8,1,1,0,0,0,
foreground_color_permutation,arc-gen,54,fg_5_to_9,1,1,0,0,0,
foreground_color_permutation,arc-gen,55,fg_4_to_1,1,0,72,0,72,
foreground_color_permutation,arc-gen,55,fg_4_to_2,1,0,72,0,72,
foreground_color_permutation,arc-gen,55,fg_4_to_5,1,0,72,0,72,
foreground_color_permutation,arc-gen,55,fg_4_to_6,1,0,72,0,72,
foreground_color_permutation,arc-gen,55,fg_4_to_7,1,0,72,0,72,
foreground_color_permutation,arc-gen,55,fg_4_to_8,1,0,72,0,72,
foreground_color_permutation,arc-gen,55,fg_4_to_9,1,0,72,0,72,
foreground_color_permutation,arc-gen,56,fg_4_to_1,1,0,8,0,8,
foreground_color_permutation,arc-gen,56,fg_4_to_2,1,0,8,0,8,
foreground_color_permutation,arc-gen,56,fg_4_to_5,1,0,8,0,8,
foreground_color_permutation,arc-gen,56,fg_4_to_6,1,0,8,0,8,
foreground_color_permutation,arc-gen,56,fg_4_to_7,1,0,8,0,8,
foreground_color_permutation,arc-gen,56,fg_4_to_8,1,0,8,0,8,
foreground_color_permutation,arc-gen,56,fg_4_to_9,1,0,8,0,8,
foreground_color_permutation,arc-gen,57,fg_1_to_2,1,1,0,0,0,
foreground_color_permutation,arc-gen,57,fg_1_to_4,1,1,0,0,0,
foreground_color_permutation,arc-gen,57,fg_1_to_5,1,1,0,0,0,
foreground_color_permutation,arc-gen,57,fg_1_to_6,1,1,0,0,0,
foreground_color_permutation,arc-gen,57,fg_1_to_7,1,1,0,0,0,
foreground_color_permutation,arc-gen,57,fg_1_to_8,1,1,0,0,0,
foreground_color_permutation,arc-gen,57,fg_1_to_9,1,1,0,0,0,
foreground_color_permutation,arc-gen,58,fg_1_to_2,1,1,0,0,0,
foreground_color_permutation,arc-gen,58,fg_1_to_4,1,1,0,0,0,
foreground_color_permutation,arc-gen,58,fg_1_to_5,1,1,0,0,0,
foreground_color_permutation,arc-gen,58,fg_1_to_6,1,1,0,0,0,
foreground_color_permutation,arc-gen,58,fg_1_to_7,1,1,0,0,0,
foreground_color_permutation,arc-gen,58,fg_1_to_8,1,1,0,0,0,
foreground_color_permutation,arc-gen,58,fg_1_to_9,1,1,0,0,0,
foreground_color_permutation,arc-gen,59,fg_6_to_1,1,1,0,0,0,
foreground_color_permutation,arc-gen,59,fg_6_to_2,1,1,0,0,0,
foreground_color_permutation,arc-gen,59,fg_6_to_4,1,1,0,0,0,
foreground_color_permutation,arc-gen,59,fg_6_to_5,1,1,0,0,0,
foreground_color_permutation,arc-gen,59,fg_6_to_7,1,1,0,0,0,
foreground_color_permutation,arc-gen,59,fg_6_to_8,1,1,0,0,0,
foreground_color_permutation,arc-gen,59,fg_6_to_9,1,1,0,0,0,
foreground_color_permutation,arc-gen,60,fg_2_to_1,1,1,0,0,0,
foreground_color_permutation,arc-gen,60,fg_2_to_4,1,1,0,0,0,
foreground_color_permutation,arc-gen,60,fg_2_to_5,1,1,0,0,0,
foreground_color_permutation,arc-gen,60,fg_2_to_6,1,1,0,0,0,
foreground_color_permutation,arc-gen,60,fg_2_to_7,1,1,0,0,0,
foreground_color_permutation,arc-gen,60,fg_2_to_8,1,1,0,0,0,
foreground_color_permutation,arc-gen,60,fg_2_to_9,1,1,0,0,0,
foreground_color_permutation,arc-gen,61,fg_6_to_1,1,1,0,0,0,
foreground_color_permutation,arc-gen,61,fg_6_to_2,1,1,0,0,0,
foreground_color_permutation,arc-gen,61,fg_6_to_4,1,1,0,0,0,
foreground_color_permutation,arc-gen,61,fg_6_to_5,1,1,0,0,0,
foreground_color_permutation,arc-gen,61,fg_6_to_7,1,1,0,0,0,
foreground_color_permutation,arc-gen,61,fg_6_to_8,1,1,0,0,0,
foreground_color_permutation,arc-gen,61,fg_6_to_9,1,1,0,0,0,
foreground_color_permutation,arc-gen,62,fg_7_to_1,1,1,0,0,0,
foreground_color_permutation,arc-gen,62,fg_7_to_2,1,1,0,0,0,
foreground_color_permutation,arc-gen,62,fg_7_to_4,1,1,0,0,0,
foreground_color_permutation,arc-gen,62,fg_7_to_5,1,1,0,0,0,
foreground_color_permutation,arc-gen,62,fg_7_to_6,1,1,0,0,0,
foreground_color_permutation,arc-gen,62,fg_7_to_8,1,1,0,0,0,
foreground_color_permutation,arc-gen,62,fg_7_to_9,1,1,0,0,0,
foreground_color_permutation,arc-gen,63,fg_7_to_1,1,0,7,0,7,
foreground_color_permutation,arc-gen,63,fg_7_to_2,1,0,7,0,7,
foreground_color_permutation,arc-gen,63,fg_7_to_4,1,0,7,0,7,
foreground_color_permutation,arc-gen,63,fg_7_to_5,1,0,7,0,7,
foreground_color_permutation,arc-gen,63,fg_7_to_6,1,0,7,0,7,
foreground_color_permutation,arc-gen,63,fg_7_to_8,1,0,7,0,7,
foreground_color_permutation,arc-gen,63,fg_7_to_9,1,0,7,0,7,
foreground_color_permutation,arc-gen,64,fg_8_to_1,1,1,0,0,0,
foreground_color_permutation,arc-gen,64,fg_8_to_2,1,1,0,0,0,
foreground_color_permutation,arc-gen,64,fg_8_to_4,1,1,0,0,0,
foreground_color_permutation,arc-gen,64,fg_8_to_5,1,1,0,0,0,
foreground_color_permutation,arc-gen,64,fg_8_to_6,1,1,0,0,0,
foreground_color_permutation,arc-gen,64,fg_8_to_7,1,1,0,0,0,
foreground_color_permutation,arc-gen,64,fg_8_to_9,1,1,0,0,0,
foreground_color_permutation,arc-gen,65,fg_4_to_1,1,1,0,0,0,
foreground_color_permutation,arc-gen,65,fg_4_to_2,1,1,0,0,0,
foreground_color_permutation,arc-gen,65,fg_4_to_5,1,1,0,0,0,
foreground_color_permutation,arc-gen,65,fg_4_to_6,1,1,0,0,0,
foreground_color_permutation,arc-gen,65,fg_4_to_7,1,1,0,0,0,
foreground_color_permutation,arc-gen,65,fg_4_to_8,1,1,0,0,0,
foreground_color_permutation,arc-gen,65,fg_4_to_9,1,1,0,0,0,
foreground_color_permutation,arc-gen,66,fg_6_to_1,1,1,0,0,0,
foreground_color_permutation,arc-gen,66,fg_6_to_2,1,1,0,0,0,
foreground_color_permutation,arc-gen,66,fg_6_to_4,1,1,0,0,0,
foreground_color_permutation,arc-gen,66,fg_6_to_5,1,1,0,0,0,
foreground_color_permutation,arc-gen,66,fg_6_to_7,1,1,0,0,0,
foreground_color_permutation,arc-gen,66,fg_6_to_8,1,1,0,0,0,
foreground_color_permutation,arc-gen,66,fg_6_to_9,1,1,0,0,0,
foreground_color_permutation,arc-gen,67,fg_1_to_2,1,0,63,0,63,
foreground_color_permutation,arc-gen,67,fg_1_to_4,1,0,63,0,63,
foreground_color_permutation,arc-gen,67,fg_1_to_5,1,0,63,0,63,
foreground_color_permutation,arc-gen,67,fg_1_to_6,1,0,63,0,63,
foreground_color_permutation,arc-gen,67,fg_1_to_7,1,0,63,0,63,
foreground_color_permutation,arc-gen,67,fg_1_to_8,1,0,63,0,63,
foreground_color_permutation,arc-gen,67,fg_1_to_9,1,0,63,0,63,
foreground_color_permutation,arc-gen,68,fg_2_to_1,1,1,0,0,0,
foreground_color_permutation,arc-gen,68,fg_2_to_4,1,1,0,0,0,
foreground_color_permutation,arc-gen,68,fg_2_to_5,1,1,0,0,0,
foreground_color_permutation,arc-gen,68,fg_2_to_6,1,1,0,0,0,
foreground_color_permutation,arc-gen,68,fg_2_to_7,1,1,0,0,0,
foreground_color_permutation,arc-gen,68,fg_2_to_8,1,1,0,0,0,
foreground_color_permutation,arc-gen,68,fg_2_to_9,1,1,0,0,0,
foreground_color_permutation,arc-gen,69,fg_1_to_2,1,1,0,0,0,
foreground_color_permutation,arc-gen,69,fg_1_to_4,1,1,0,0,0,
foreground_color_permutation,arc-gen,69,fg_1_to_5,1,1,0,0,0,
foreground_color_permutation,arc-gen,69,fg_1_to_6,1,1,0,0,0,
foreground_color_permutation,arc-gen,69,fg_1_to_7,1,1,0,0,0,
foreground_color_permutation,arc-gen,69,fg_1_to_8,1,1,0,0,0,
foreground_color_permutation,arc-gen,69,fg_1_to_9,1,1,0,0,0,
foreground_color_permutation,arc-gen,70,fg_5_to_1,1,1,0,0,0,
foreground_color_permutation,arc-gen,70,fg_5_to_2,1,1,0,0,0,
foreground_color_permutation,arc-gen,70,fg_5_to_4,1,1,0,0,0,
foreground_color_permutation,arc-gen,70,fg_5_to_6,1,1,0,0,0,
foreground_color_permutation,arc-gen,70,fg_5_to_7,1,1,0,0,0,
foreground_color_permutation,arc-gen,70,fg_5_to_8,1,1,0,0,0,
foreground_color_permutation,arc-gen,70,fg_5_to_9,1,1,0,0,0,
foreground_color_permutation,arc-gen,71,fg_6_to_1,1,0,64,0,64,
foreground_color_permutation,arc-gen,71,fg_6_to_2,1,0,64,0,64,
foreground_color_permutation,arc-gen,71,fg_6_to_4,1,0,64,0,64,
foreground_color_permutation,arc-gen,71,fg_6_to_5,1,0,64,0,64,
foreground_color_permutation,arc-gen,71,fg_6_to_7,1,0,64,0,64,
foreground_color_permutation,arc-gen,71,fg_6_to_8,1,0,64,0,64,
foreground_color_permutation,arc-gen,71,fg_6_to_9,1,0,64,0,64,
foreground_color_permutation,arc-gen,72,fg_5_to_1,1,1,0,0,0,
foreground_color_permutation,arc-gen,72,fg_5_to_2,1,1,0,0,0,
foreground_color_permutation,arc-gen,72,fg_5_to_4,1,1,0,0,0,
foreground_color_permutation,arc-gen,72,fg_5_to_6,1,1,0,0,0,
foreground_color_permutation,arc-gen,72,fg_5_to_7,1,1,0,0,0,
foreground_color_permutation,arc-gen,72,fg_5_to_8,1,1,0,0,0,
foreground_color_permutation,arc-gen,72,fg_5_to_9,1,1,0,0,0,
foreground_color_permutation,arc-gen,73,fg_4_to_1,1,1,0,0,0,
foreground_color_permutation,arc-gen,73,fg_4_to_2,1,1,0,0,0,
foreground_color_permutation,arc-gen,73,fg_4_to_5,1,1,0,0,0,
foreground_color_permutation,arc-gen,73,fg_4_to_6,1,1,0,0,0,
foreground_color_permutation,arc-gen,73,fg_4_to_7,1,1,0,0,0,
foreground_color_permutation,arc-gen,73,fg_4_to_8,1,1,0,0,0,
foreground_color_permutation,arc-gen,73,fg_4_to_9,1,1,0,0,0,
foreground_color_permutation,arc-gen,74,fg_2_to_1,1,1,0,0,0,
foreground_color_permutation,arc-gen,74,fg_2_to_4,1,1,0,0,0,
foreground_color_permutation,arc-gen,74,fg_2_to_5,1,1,0,0,0,
foreground_color_permutation,arc-gen,74,fg_2_to_6,1,1,0,0,0,
foreground_color_permutation,arc-gen,74,fg_2_to_7,1,1,0,0,0,
foreground_color_permutation,arc-gen,74,fg_2_to_8,1,1,0,0,0,
foreground_color_permutation,arc-gen,74,fg_2_to_9,1,1,0,0,0,
foreground_color_permutation,arc-gen,75,fg_2_to_1,1,1,0,0,0,
foreground_color_permutation,arc-gen,75,fg_2_to_4,1,1,0,0,0,
foreground_color_permutation,arc-gen,75,fg_2_to_5,1,1,0,0,0,
foreground_color_permutation,arc-gen,75,fg_2_to_6,1,1,0,0,0,
foreground_color_permutation,arc-gen,75,fg_2_to_7,1,1,0,0,0,
foreground_color_permutation,arc-gen,75,fg_2_to_8,1,1,0,0,0,
foreground_color_permutation,arc-gen,75,fg_2_to_9,1,1,0,0,0,
foreground_color_permutation,arc-gen,76,fg_6_to_1,1,0,64,0,64,
foreground_color_permutation,arc-gen,76,fg_6_to_2,1,0,64,0,64,
foreground_color_permutation,arc-gen,76,fg_6_to_4,1,0,64,0,64,
foreground_color_permutation,arc-gen,76,fg_6_to_5,1,0,64,0,64,
foreground_color_permutation,arc-gen,76,fg_6_to_7,1,0,64,0,64,
foreground_color_permutation,arc-gen,76,fg_6_to_8,1,0,64,0,64,
foreground_color_permutation,arc-gen,76,fg_6_to_9,1,0,64,0,64,
foreground_color_permutation,arc-gen,77,fg_2_to_1,1,1,0,0,0,
foreground_color_permutation,arc-gen,77,fg_2_to_4,1,1,0,0,0,
foreground_color_permutation,arc-gen,77,fg_2_to_5,1,1,0,0,0,
foreground_color_permutation,arc-gen,77,fg_2_to_6,1,1,0,0,0,
foreground_color_permutation,arc-gen,77,fg_2_to_7,1,1,0,0,0,
foreground_color_permutation,arc-gen,77,fg_2_to_8,1,1,0,0,0,
foreground_color_permutation,arc-gen,77,fg_2_to_9,1,1,0,0,0,
foreground_color_permutation,arc-gen,78,fg_6_to_1,1,0,10,2,8,
foreground_color_permutation,arc-gen,78,fg_6_to_2,1,0,10,2,8,
foreground_color_permutation,arc-gen,78,fg_6_to_4,1,0,10,2,8,
foreground_color_permutation,arc-gen,78,fg_6_to_5,1,0,10,2,8,
foreground_color_permutation,arc-gen,78,fg_6_to_7,1,0,10,2,8,
foreground_color_permutation,arc-gen,78,fg_6_to_8,1,0,10,2,8,
foreground_color_permutation,arc-gen,78,fg_6_to_9,1,0,10,2,8,
foreground_color_permutation,arc-gen,79,fg_4_to_1,1,1,0,0,0,
foreground_color_permutation,arc-gen,79,fg_4_to_2,1,1,0,0,0,
foreground_color_permutation,arc-gen,79,fg_4_to_5,1,1,0,0,0,
foreground_color_permutation,arc-gen,79,fg_4_to_6,1,1,0,0,0,
foreground_color_permutation,arc-gen,79,fg_4_to_7,1,1,0,0,0,
foreground_color_permutation,arc-gen,79,fg_4_to_8,1,1,0,0,0,
foreground_color_permutation,arc-gen,79,fg_4_to_9,1,1,0,0,0,
foreground_color_permutation,arc-gen,80,fg_2_to_1,1,1,0,0,0,
foreground_color_permutation,arc-gen,80,fg_2_to_4,1,1,0,0,0,
foreground_color_permutation,arc-gen,80,fg_2_to_5,1,1,0,0,0,
foreground_color_permutation,arc-gen,80,fg_2_to_6,1,1,0,0,0,
foreground_color_permutation,arc-gen,80,fg_2_to_7,1,1,0,0,0,
foreground_color_permutation,arc-gen,80,fg_2_to_8,1,1,0,0,0,
foreground_color_permutation,arc-gen,80,fg_2_to_9,1,1,0,0,0,
foreground_color_permutation,arc-gen,81,fg_4_to_1,1,0,48,0,48,
foreground_color_permutation,arc-gen,81,fg_4_to_2,1,0,48,0,48,
foreground_color_permutation,arc-gen,81,fg_4_to_5,1,0,48,0,48,
foreground_color_permutation,arc-gen,81,fg_4_to_6,1,0,48,0,48,
foreground_color_permutation,arc-gen,81,fg_4_to_7,1,0,48,0,48,
foreground_color_permutation,arc-gen,81,fg_4_to_8,1,0,48,0,48,
foreground_color_permutation,arc-gen,81,fg_4_to_9,1,0,48,0,48,
foreground_color_permutation,arc-gen,82,fg_6_to_1,1,1,0,0,0,
foreground_color_permutation,arc-gen,82,fg_6_to_2,1,1,0,0,0,
foreground_color_permutation,arc-gen,82,fg_6_to_4,1,1,0,0,0,
foreground_color_permutation,arc-gen,82,fg_6_to_5,1,1,0,0,0,
foreground_color_permutation,arc-gen,82,fg_6_to_7,1,1,0,0,0,
foreground_color_permutation,arc-gen,82,fg_6_to_8,1,1,0,0,0,
foreground_color_permutation,arc-gen,82,fg_6_to_9,1,1,0,0,0,
foreground_color_permutation,arc-gen,83,fg_6_to_1,1,0,72,0,72,
foreground_color_permutation,arc-gen,83,fg_6_to_2,1,0,72,0,72,
foreground_color_permutation,arc-gen,83,fg_6_to_4,1,0,72,0,72,
foreground_color_permutation,arc-gen,83,fg_6_to_5,1,0,72,0,72,
foreground_color_permutation,arc-gen,83,fg_6_to_7,1,0,72,0,72,
foreground_color_permutation,arc-gen,83,fg_6_to_8,1,0,72,0,72,
foreground_color_permutation,arc-gen,83,fg_6_to_9,1,0,72,0,72,
foreground_color_permutation,arc-gen,84,fg_9_to_1,1,1,0,0,0,
foreground_color_permutation,arc-gen,84,fg_9_to_2,1,1,0,0,0,
foreground_color_permutation,arc-gen,84,fg_9_to_4,1,1,0,0,0,
foreground_color_permutation,arc-gen,84,fg_9_to_5,1,1,0,0,0,
foreground_color_permutation,arc-gen,84,fg_9_to_6,1,1,0,0,0,
foreground_color_permutation,arc-gen,84,fg_9_to_7,1,1,0,0,0,
foreground_color_permutation,arc-gen,84,fg_9_to_8,1,1,0,0,0,
foreground_color_permutation,arc-gen,85,fg_1_to_2,1,1,0,0,0,
foreground_color_permutation,arc-gen,85,fg_1_to_4,1,1,0,0,0,
foreground_color_permutation,arc-gen,85,fg_1_to_5,1,1,0,0,0,
foreground_color_permutation,arc-gen,85,fg_1_to_6,1,1,0,0,0,
foreground_color_permutation,arc-gen,85,fg_1_to_7,1,1,0,0,0,
foreground_color_permutation,arc-gen,85,fg_1_to_8,1,1,0,0,0,
foreground_color_permutation,arc-gen,85,fg_1_to_9,1,1,0,0,0,
foreground_color_permutation,arc-gen,86,fg_6_to_1,1,1,0,0,0,
foreground_color_permutation,arc-gen,86,fg_6_to_2,1,1,0,0,0,
foreground_color_permutation,arc-gen,86,fg_6_to_4,1,1,0,0,0,
foreground_color_permutation,arc-gen,86,fg_6_to_5,1,1,0,0,0,
foreground_color_permutation,arc-gen,86,fg_6_to_7,1,1,0,0,0,
foreground_color_permutation,arc-gen,86,fg_6_to_8,1,1,0,0,0,
foreground_color_permutation,arc-gen,86,fg_6_to_9,1,1,0,0,0,
foreground_color_permutation,arc-gen,87,fg_1_to_2,1,1,0,0,0,
foreground_color_permutation,arc-gen,87,fg_1_to_4,1,1,0,0,0,
foreground_color_permutation,arc-gen,87,fg_1_to_5,1,1,0,0,0,
foreground_color_permutation,arc-gen,87,fg_1_to_6,1,1,0,0,0,
foreground_color_permutation,arc-gen,87,fg_1_to_7,1,1,0,0,0,
foreground_color_permutation,arc-gen,87,fg_1_to_8,1,1,0,0,0,
foreground_color_permutation,arc-gen,87,fg_1_to_9,1,1,0,0,0,
foreground_color_permutation,arc-gen,88,fg_2_to_1,1,1,0,0,0,
foreground_color_permutation,arc-gen,88,fg_2_to_4,1,1,0,0,0,
foreground_color_permutation,arc-gen,88,fg_2_to_5,1,1,0,0,0,
foreground_color_permutation,arc-gen,88,fg_2_to_6,1,1,0,0,0,
foreground_color_permutation,arc-gen,88,fg_2_to_7,1,1,0,0,0,
foreground_color_permutation,arc-gen,88,fg_2_to_8,1,1,0,0,0,
foreground_color_permutation,arc-gen,88,fg_2_to_9,1,1,0,0,0,
foreground_color_permutation,arc-gen,89,fg_1_to_2,1,1,0,0,0,
foreground_color_permutation,arc-gen,89,fg_1_to_4,1,1,0,0,0,
foreground_color_permutation,arc-gen,89,fg_1_to_5,1,1,0,0,0,
foreground_color_permutation,arc-gen,89,fg_1_to_6,1,1,0,0,0,
foreground_color_permutation,arc-gen,89,fg_1_to_7,1,1,0,0,0,
foreground_color_permutation,arc-gen,89,fg_1_to_8,1,1,0,0,0,
foreground_color_permutation,arc-gen,89,fg_1_to_9,1,1,0,0,0,
foreground_color_permutation,arc-gen,90,fg_6_to_1,1,1,0,0,0,
foreground_color_permutation,arc-gen,90,fg_6_to_2,1,1,0,0,0,
foreground_color_permutation,arc-gen,90,fg_6_to_4,1,1,0,0,0,
foreground_color_permutation,arc-gen,90,fg_6_to_5,1,1,0,0,0,
foreground_color_permutation,arc-gen,90,fg_6_to_7,1,1,0,0,0,
foreground_color_permutation,arc-gen,90,fg_6_to_8,1,1,0,0,0,
foreground_color_permutation,arc-gen,90,fg_6_to_9,1,1,0,0,0,
foreground_color_permutation,arc-gen,91,fg_1_to_2,1,1,0,0,0,
foreground_color_permutation,arc-gen,91,fg_1_to_4,1,1,0,0,0,
foreground_color_permutation,arc-gen,91,fg_1_to_5,1,1,0,0,0,
foreground_color_permutation,arc-gen,91,fg_1_to_6,1,1,0,0,0,
foreground_color_permutation,arc-gen,91,fg_1_to_7,1,1,0,0,0,
foreground_color_permutation,arc-gen,91,fg_1_to_8,1,1,0,0,0,
foreground_color_permutation,arc-gen,91,fg_1_to_9,1,1,0,0,0,
foreground_color_permutation,arc-gen,92,fg_1_to_2,1,1,0,0,0,
foreground_color_permutation,arc-gen,92,fg_1_to_4,1,1,0,0,0,
foreground_color_permutation,arc-gen,92,fg_1_to_5,1,1,0,0,0,
foreground_color_permutation,arc-gen,92,fg_1_to_6,1,1,0,0,0,
foreground_color_permutation,arc-gen,92,fg_1_to_7,1,1,0,0,0,
foreground_color_permutation,arc-gen,92,fg_1_to_8,1,1,0,0,0,
foreground_color_permutation,arc-gen,92,fg_1_to_9,1,1,0,0,0,
foreground_color_permutation,arc-gen,93,fg_1_to_2,1,1,0,0,0,
foreground_color_permutation,arc-gen,93,fg_1_to_4,1,1,0,0,0,
foreground_color_permutation,arc-gen,93,fg_1_to_5,1,1,0,0,0,
foreground_color_permutation,arc-gen,93,fg_1_to_6,1,1,0,0,0,
foreground_color_permutation,arc-gen,93,fg_1_to_7,1,1,0,0,0,
foreground_color_permutation,arc-gen,93,fg_1_to_8,1,1,0,0,0,
foreground_color_permutation,arc-gen,93,fg_1_to_9,1,1,0,0,0,
foreground_color_permutation,arc-gen,94,fg_4_to_1,1,1,0,0,0,
foreground_color_permutation,arc-gen,94,fg_4_to_2,1,1,0,0,0,
foreground_color_permutation,arc-gen,94,fg_4_to_5,1,1,0,0,0,
foreground_color_permutation,arc-gen,94,fg_4_to_6,1,1,0,0,0,
foreground_color_permutation,arc-gen,94,fg_4_to_7,1,1,0,0,0,
foreground_color_permutation,arc-gen,94,fg_4_to_8,1,1,0,0,0,
foreground_color_permutation,arc-gen,94,fg_4_to_9,1,1,0,0,0,
foreground_color_permutation,arc-gen,95,fg_2_to_1,1,1,0,0,0,
foreground_color_permutation,arc-gen,95,fg_2_to_4,1,1,0,0,0,
foreground_color_permutation,arc-gen,95,fg_2_to_5,1,1,0,0,0,
foreground_color_permutation,arc-gen,95,fg_2_to_6,1,1,0,0,0,
foreground_color_permutation,arc-gen,95,fg_2_to_7,1,1,0,0,0,
foreground_color_permutation,arc-gen,95,fg_2_to_8,1,1,0,0,0,
foreground_color_permutation,arc-gen,95,fg_2_to_9,1,1,0,0,0,
foreground_color_permutation,arc-gen,96,fg_8_to_1,1,1,0,0,0,
foreground_color_permutation,arc-gen,96,fg_8_to_2,1,1,0,0,0,
foreground_color_permutation,arc-gen,96,fg_8_to_4,1,1,0,0,0,
foreground_color_permutation,arc-gen,96,fg_8_to_5,1,1,0,0,0,
foreground_color_permutation,arc-gen,96,fg_8_to_6,1,1,0,0,0,
foreground_color_permutation,arc-gen,96,fg_8_to_7,1,1,0,0,0,
foreground_color_permutation,arc-gen,96,fg_8_to_9,1,1,0,0,0,
foreground_color_permutation,arc-gen,97,fg_7_to_1,1,1,0,0,0,
foreground_color_permutation,arc-gen,97,fg_7_to_2,1,1,0,0,0,
foreground_color_permutation,arc-gen,97,fg_7_to_4,1,1,0,0,0,
foreground_color_permutation,arc-gen,97,fg_7_to_5,1,1,0,0,0,
foreground_color_permutation,arc-gen,97,fg_7_to_6,1,1,0,0,0,
foreground_color_permutation,arc-gen,97,fg_7_to_8,1,1,0,0,0,
foreground_color_permutation,arc-gen,97,fg_7_to_9,1,1,0,0,0,
foreground_color_permutation,arc-gen,98,fg_9_to_1,1,1,0,0,0,
foreground_color_permutation,arc-gen,98,fg_9_to_2,1,1,0,0,0,
foreground_color_permutation,arc-gen,98,fg_9_to_4,1,1,0,0,0,
foreground_color_permutation,arc-gen,98,fg_9_to_5,1,1,0,0,0,
foreground_color_permutation,arc-gen,98,fg_9_to_6,1,1,0,0,0,
foreground_color_permutation,arc-gen,98,fg_9_to_7,1,1,0,0,0,
foreground_color_permutation,arc-gen,98,fg_9_to_8,1,1,0,0,0,
foreground_color_permutation,arc-gen,99,fg_7_to_1,1,1,0,0,0,
foreground_color_permutation,arc-gen,99,fg_7_to_2,1,1,0,0,0,
foreground_color_permutation,arc-gen,99,fg_7_to_4,1,1,0,0,0,
foreground_color_permutation,arc-gen,99,fg_7_to_5,1,1,0,0,0,
foreground_color_permutation,arc-gen,99,fg_7_to_6,1,1,0,0,0,
foreground_color_permutation,arc-gen,99,fg_7_to_8,1,1,0,0,0,
foreground_color_permutation,arc-gen,99,fg_7_to_9,1,1,0,0,0,
foreground_color_permutation,arc-gen,100,fg_7_to_1,1,1,0,0,0,
foreground_color_permutation,arc-gen,100,fg_7_to_2,1,1,0,0,0,
foreground_color_permutation,arc-gen,100,fg_7_to_4,1,1,0,0,0,
foreground_color_permutation,arc-gen,100,fg_7_to_5,1,1,0,0,0,
foreground_color_permutation,arc-gen,100,fg_7_to_6,1,1,0,0,0,
foreground_color_permutation,arc-gen,100,fg_7_to_8,1,1,0,0,0,
foreground_color_permutation,arc-gen,100,fg_7_to_9,1,1,0,0,0,
foreground_color_permutation,arc-gen,101,fg_2_to_1,1,1,0,0,0,
foreground_color_permutation,arc-gen,101,fg_2_to_4,1,1,0,0,0,
foreground_color_permutation,arc-gen,101,fg_2_to_5,1,1,0,0,0,
foreground_color_permutation,arc-gen,101,fg_2_to_6,1,1,0,0,0,
foreground_color_permutation,arc-gen,101,fg_2_to_7,1,1,0,0,0,
foreground_color_permutation,arc-gen,101,fg_2_to_8,1,1,0,0,0,
foreground_color_permutation,arc-gen,101,fg_2_to_9,1,1,0,0,0,
foreground_color_permutation,arc-gen,102,fg_8_to_1,1,1,0,0,0,
foreground_color_permutation,arc-gen,102,fg_8_to_2,1,1,0,0,0,
foreground_color_permutation,arc-gen,102,fg_8_to_4,1,1,0,0,0,
foreground_color_permutation,arc-gen,102,fg_8_to_5,1,1,0,0,0,
foreground_color_permutation,arc-gen,102,fg_8_to_6,1,1,0,0,0,
foreground_color_permutation,arc-gen,102,fg_8_to_7,1,1,0,0,0,
foreground_color_permutation,arc-gen,102,fg_8_to_9,1,1,0,0,0,
foreground_color_permutation,arc-gen,103,fg_7_to_1,1,0,16,0,16,
foreground_color_permutation,arc-gen,103,fg_7_to_2,1,0,16,0,16,
foreground_color_permutation,arc-gen,103,fg_7_to_4,1,0,16,0,16,
foreground_color_permutation,arc-gen,103,fg_7_to_5,1,0,16,0,16,
foreground_color_permutation,arc-gen,103,fg_7_to_6,1,0,16,0,16,
foreground_color_permutation,arc-gen,103,fg_7_to_8,1,0,16,0,16,
foreground_color_permutation,arc-gen,103,fg_7_to_9,1,0,16,0,16,
foreground_color_permutation,arc-gen,104,fg_5_to_1,1,1,0,0,0,
foreground_color_permutation,arc-gen,104,fg_5_to_2,1,1,0,0,0,
foreground_color_permutation,arc-gen,104,fg_5_to_4,1,1,0,0,0,
foreground_color_permutation,arc-gen,104,fg_5_to_6,1,1,0,0,0,
foreground_color_permutation,arc-gen,104,fg_5_to_7,1,1,0,0,0,
foreground_color_permutation,arc-gen,104,fg_5_to_8,1,1,0,0,0,
foreground_color_permutation,arc-gen,104,fg_5_to_9,1,1,0,0,0,
foreground_color_permutation,arc-gen,105,fg_2_to_1,1,1,0,0,0,
foreground_color_permutation,arc-gen,105,fg_2_to_4,1,1,0,0,0,
foreground_color_permutation,arc-gen,105,fg_2_to_5,1,1,0,0,0,
foreground_color_permutation,arc-gen,105,fg_2_to_6,1,1,0,0,0,
foreground_color_permutation,arc-gen,105,fg_2_to_7,1,1,0,0,0,
foreground_color_permutation,arc-gen,105,fg_2_to_8,1,1,0,0,0,
foreground_color_permutation,arc-gen,105,fg_2_to_9,1,1,0,0,0,
foreground_color_permutation,arc-gen,106,fg_9_to_1,1,1,0,0,0,
foreground_color_permutation,arc-gen,106,fg_9_to_2,1,1,0,0,0,
foreground_color_permutation,arc-gen,106,fg_9_to_4,1,1,0,0,0,
foreground_color_permutation,arc-gen,106,fg_9_to_5,1,1,0,0,0,
foreground_color_permutation,arc-gen,106,fg_9_to_6,1,1,0,0,0,
foreground_color_permutation,arc-gen,106,fg_9_to_7,1,1,0,0,0,
foreground_color_permutation,arc-gen,106,fg_9_to_8,1,1,0,0,0,
foreground_color_permutation,arc-gen,107,fg_9_to_1,1,1,0,0,0,
foreground_color_permutation,arc-gen,107,fg_9_to_2,1,1,0,0,0,
foreground_color_permutation,arc-gen,107,fg_9_to_4,1,1,0,0,0,
foreground_color_permutation,arc-gen,107,fg_9_to_5,1,1,0,0,0,
foreground_color_permutation,arc-gen,107,fg_9_to_6,1,1,0,0,0,
foreground_color_permutation,arc-gen,107,fg_9_to_7,1,1,0,0,0,
foreground_color_permutation,arc-gen,107,fg_9_to_8,1,1,0,0,0,
foreground_color_permutation,arc-gen,108,fg_2_to_1,1,1,0,0,0,
foreground_color_permutation,arc-gen,108,fg_2_to_4,1,1,0,0,0,
foreground_color_permutation,arc-gen,108,fg_2_to_5,1,1,0,0,0,
foreground_color_permutation,arc-gen,108,fg_2_to_6,1,1,0,0,0,
foreground_color_permutation,arc-gen,108,fg_2_to_7,1,1,0,0,0,
foreground_color_permutation,arc-gen,108,fg_2_to_8,1,1,0,0,0,
foreground_color_permutation,arc-gen,108,fg_2_to_9,1,1,0,0,0,
foreground_color_permutation,arc-gen,109,fg_7_to_1,1,1,0,0,0,
foreground_color_permutation,arc-gen,109,fg_7_to_2,1,1,0,0,0,
foreground_color_permutation,arc-gen,109,fg_7_to_4,1,1,0,0,0,
foreground_color_permutation,arc-gen,109,fg_7_to_5,1,1,0,0,0,
foreground_color_permutation,arc-gen,109,fg_7_to_6,1,1,0,0,0,
foreground_color_permutation,arc-gen,109,fg_7_to_8,1,1,0,0,0,
foreground_color_permutation,arc-gen,109,fg_7_to_9,1,1,0,0,0,
foreground_color_permutation,arc-gen,110,fg_4_to_1,1,1,0,0,0,
foreground_color_permutation,arc-gen,110,fg_4_to_2,1,1,0,0,0,
foreground_color_permutation,arc-gen,110,fg_4_to_5,1,1,0,0,0,
foreground_color_permutation,arc-gen,110,fg_4_to_6,1,1,0,0,0,
foreground_color_permutation,arc-gen,110,fg_4_to_7,1,1,0,0,0,
foreground_color_permutation,arc-gen,110,fg_4_to_8,1,1,0,0,0,
foreground_color_permutation,arc-gen,110,fg_4_to_9,1,1,0,0,0,
foreground_color_permutation,arc-gen,111,fg_4_to_1,1,1,0,0,0,
foreground_color_permutation,arc-gen,111,fg_4_to_2,1,1,0,0,0,
foreground_color_permutation,arc-gen,111,fg_4_to_5,1,1,0,0,0,
foreground_color_permutation,arc-gen,111,fg_4_to_6,1,1,0,0,0,
foreground_color_permutation,arc-gen,111,fg_4_to_7,1,1,0,0,0,
foreground_color_permutation,arc-gen,111,fg_4_to_8,1,1,0,0,0,
foreground_color_permutation,arc-gen,111,fg_4_to_9,1,1,0,0,0,
foreground_color_permutation,arc-gen,112,fg_9_to_1,1,1,0,0,0,
foreground_color_permutation,arc-gen,112,fg_9_to_2,1,1,0,0,0,
foreground_color_permutation,arc-gen,112,fg_9_to_4,1,1,0,0,0,
foreground_color_permutation,arc-gen,112,fg_9_to_5,1,1,0,0,0,
foreground_color_permutation,arc-gen,112,fg_9_to_6,1,1,0,0,0,
foreground_color_permutation,arc-gen,112,fg_9_to_7,1,1,0,0,0,
foreground_color_permutation,arc-gen,112,fg_9_to_8,1,1,0,0,0,
foreground_color_permutation,arc-gen,113,fg_9_to_1,1,0,18,0,18,
foreground_color_permutation,arc-gen,113,fg_9_to_2,1,0,18,0,18,
foreground_color_permutation,arc-gen,113,fg_9_to_4,1,0,18,0,18,
foreground_color_permutation,arc-gen,113,fg_9_to_5,1,0,18,0,18,
foreground_color_permutation,arc-gen,113,fg_9_to_6,1,0,18,0,18,
foreground_color_permutation,arc-gen,113,fg_9_to_7,1,0,18,0,18,
foreground_color_permutation,arc-gen,113,fg_9_to_8,1,0,18,0,18,
foreground_color_permutation,arc-gen,114,fg_6_to_1,1,0,72,0,72,
foreground_color_permutation,arc-gen,114,fg_6_to_2,1,0,72,0,72,
foreground_color_permutation,arc-gen,114,fg_6_to_4,1,0,72,0,72,
foreground_color_permutation,arc-gen,114,fg_6_to_5,1,0,72,0,72,
foreground_color_permutation,arc-gen,114,fg_6_to_7,1,0,72,0,72,
foreground_color_permutation,arc-gen,114,fg_6_to_8,1,0,72,0,72,
foreground_color_permutation,arc-gen,114,fg_6_to_9,1,0,72,0,72,
foreground_color_permutation,arc-gen,115,fg_9_to_1,1,1,0,0,0,
foreground_color_permutation,arc-gen,115,fg_9_to_2,1,1,0,0,0,
foreground_color_permutation,arc-gen,115,fg_9_to_4,1,1,0,0,0,
foreground_color_permutation,arc-gen,115,fg_9_to_5,1,1,0,0,0,
foreground_color_permutation,arc-gen,115,fg_9_to_6,1,1,0,0,0,
foreground_color_permutation,arc-gen,115,fg_9_to_7,1,1,0,0,0,
foreground_color_permutation,arc-gen,115,fg_9_to_8,1,1,0,0,0,
foreground_color_permutation,arc-gen,116,fg_8_to_1,1,1,0,0,0,
foreground_color_permutation,arc-gen,116,fg_8_to_2,1,1,0,0,0,
foreground_color_permutation,arc-gen,116,fg_8_to_4,1,1,0,0,0,
foreground_color_permutation,arc-gen,116,fg_8_to_5,1,1,0,0,0,
foreground_color_permutation,arc-gen,116,fg_8_to_6,1,1,0,0,0,
foreground_color_permutation,arc-gen,116,fg_8_to_7,1,1,0,0,0,
foreground_color_permutation,arc-gen,116,fg_8_to_9,1,1,0,0,0,
foreground_color_permutation,arc-gen,117,fg_7_to_1,1,1,0,0,0,
foreground_color_permutation,arc-gen,117,fg_7_to_2,1,1,0,0,0,
foreground_color_permutation,arc-gen,117,fg_7_to_4,1,1,0,0,0,
foreground_color_permutation,arc-gen,117,fg_7_to_5,1,1,0,0,0,
foreground_color_permutation,arc-gen,117,fg_7_to_6,1,1,0,0,0,
foreground_color_permutation,arc-gen,117,fg_7_to_8,1,1,0,0,0,
foreground_color_permutation,arc-gen,117,fg_7_to_9,1,1,0,0,0,
foreground_color_permutation,arc-gen,118,fg_5_to_1,1,1,0,0,0,
foreground_color_permutation,arc-gen,118,fg_5_to_2,1,1,0,0,0,
foreground_color_permutation,arc-gen,118,fg_5_to_4,1,1,0,0,0,
foreground_color_permutation,arc-gen,118,fg_5_to_6,1,1,0,0,0,
foreground_color_permutation,arc-gen,118,fg_5_to_7,1,1,0,0,0,
foreground_color_permutation,arc-gen,118,fg_5_to_8,1,1,0,0,0,
foreground_color_permutation,arc-gen,118,fg_5_to_9,1,1,0,0,0,
foreground_color_permutation,arc-gen,119,fg_6_to_1,1,1,0,0,0,
foreground_color_permutation,arc-gen,119,fg_6_to_2,1,1,0,0,0,
foreground_color_permutation,arc-gen,119,fg_6_to_4,1,1,0,0,0,
foreground_color_permutation,arc-gen,119,fg_6_to_5,1,1,0,0,0,
foreground_color_permutation,arc-gen,119,fg_6_to_7,1,1,0,0,0,
foreground_color_permutation,arc-gen,119,fg_6_to_8,1,1,0,0,0,
foreground_color_permutation,arc-gen,119,fg_6_to_9,1,1,0,0,0,
foreground_color_permutation,arc-gen,120,fg_6_to_1,1,1,0,0,0,
foreground_color_permutation,arc-gen,120,fg_6_to_2,1,1,0,0,0,
foreground_color_permutation,arc-gen,120,fg_6_to_4,1,1,0,0,0,
foreground_color_permutation,arc-gen,120,fg_6_to_5,1,1,0,0,0,
foreground_color_permutation,arc-gen,120,fg_6_to_7,1,1,0,0,0,
foreground_color_permutation,arc-gen,120,fg_6_to_8,1,1,0,0,0,
foreground_color_permutation,arc-gen,120,fg_6_to_9,1,1,0,0,0,
foreground_color_permutation,arc-gen,121,fg_4_to_1,1,1,0,0,0,
foreground_color_permutation,arc-gen,121,fg_4_to_2,1,1,0,0,0,
foreground_color_permutation,arc-gen,121,fg_4_to_5,1,1,0,0,0,
foreground_color_permutation,arc-gen,121,fg_4_to_6,1,1,0,0,0,
foreground_color_permutation,arc-gen,121,fg_4_to_7,1,1,0,0,0,
foreground_color_permutation,arc-gen,121,fg_4_to_8,1,1,0,0,0,
foreground_color_permutation,arc-gen,121,fg_4_to_9,1,1,0,0,0,
foreground_color_permutation,arc-gen,122,fg_1_to_2,1,0,116,0,116,
foreground_color_permutation,arc-gen,122,fg_1_to_4,1,0,116,0,116,
foreground_color_permutation,arc-gen,122,fg_1_to_5,1,0,116,0,116,
foreground_color_permutation,arc-gen,122,fg_1_to_6,1,0,116,0,116,
foreground_color_permutation,arc-gen,122,fg_1_to_7,1,0,116,0,116,
foreground_color_permutation,arc-gen,122,fg_1_to_8,1,0,116,0,116,
foreground_color_permutation,arc-gen,122,fg_1_to_9,1,0,116,0,116,
foreground_color_permutation,arc-gen,123,fg_7_to_1,1,1,0,0,0,
foreground_color_permutation,arc-gen,123,fg_7_to_2,1,1,0,0,0,
foreground_color_permutation,arc-gen,123,fg_7_to_4,1,1,0,0,0,
foreground_color_permutation,arc-gen,123,fg_7_to_5,1,1,0,0,0,
foreground_color_permutation,arc-gen,123,fg_7_to_6,1,1,0,0,0,
foreground_color_permutation,arc-gen,123,fg_7_to_8,1,1,0,0,0,
foreground_color_permutation,arc-gen,123,fg_7_to_9,1,1,0,0,0,
foreground_color_permutation,arc-gen,124,fg_2_to_1,1,1,0,0,0,
foreground_color_permutation,arc-gen,124,fg_2_to_4,1,1,0,0,0,
foreground_color_permutation,arc-gen,124,fg_2_to_5,1,1,0,0,0,
foreground_color_permutation,arc-gen,124,fg_2_to_6,1,1,0,0,0,
foreground_color_permutation,arc-gen,124,fg_2_to_7,1,1,0,0,0,
foreground_color_permutation,arc-gen,124,fg_2_to_8,1,1,0,0,0,
foreground_color_permutation,arc-gen,124,fg_2_to_9,1,1,0,0,0,
foreground_color_permutation,arc-gen,125,fg_8_to_1,1,0,24,0,24,
foreground_color_permutation,arc-gen,125,fg_8_to_2,1,0,24,0,24,
foreground_color_permutation,arc-gen,125,fg_8_to_4,1,0,24,0,24,
foreground_color_permutation,arc-gen,125,fg_8_to_5,1,0,24,0,24,
foreground_color_permutation,arc-gen,125,fg_8_to_6,1,0,24,0,24,
foreground_color_permutation,arc-gen,125,fg_8_to_7,1,0,24,0,24,
foreground_color_permutation,arc-gen,125,fg_8_to_9,1,0,24,0,24,
foreground_color_permutation,arc-gen,126,fg_1_to_2,1,1,0,0,0,
foreground_color_permutation,arc-gen,126,fg_1_to_4,1,1,0,0,0,
foreground_color_permutation,arc-gen,126,fg_1_to_5,1,1,0,0,0,
foreground_color_permutation,arc-gen,126,fg_1_to_6,1,1,0,0,0,
foreground_color_permutation,arc-gen,126,fg_1_to_7,1,1,0,0,0,
foreground_color_permutation,arc-gen,126,fg_1_to_8,1,1,0,0,0,
foreground_color_permutation,arc-gen,126,fg_1_to_9,1,1,0,0,0,
foreground_color_permutation,arc-gen,127,fg_8_to_1,1,0,48,0,48,
foreground_color_permutation,arc-gen,127,fg_8_to_2,1,0,48,0,48,
foreground_color_permutation,arc-gen,127,fg_8_to_4,1,0,48,0,48,
foreground_color_permutation,arc-gen,127,fg_8_to_5,1,0,48,0,48,
foreground_color_permutation,arc-gen,127,fg_8_to_6,1,0,48,0,48,
foreground_color_permutation,arc-gen,127,fg_8_to_7,1,0,48,0,48,
foreground_color_permutation,arc-gen,127,fg_8_to_9,1,0,48,0,48,
foreground_color_permutation,arc-gen,128,fg_9_to_1,1,1,0,0,0,
foreground_color_permutation,arc-gen,128,fg_9_to_2,1,1,0,0,0,
foreground_color_permutation,arc-gen,128,fg_9_to_4,1,1,0,0,0,
foreground_color_permutation,arc-gen,128,fg_9_to_5,1,1,0,0,0,
foreground_color_permutation,arc-gen,128,fg_9_to_6,1,1,0,0,0,
foreground_color_permutation,arc-gen,128,fg_9_to_7,1,1,0,0,0,
foreground_color_permutation,arc-gen,128,fg_9_to_8,1,1,0,0,0,
foreground_color_permutation,arc-gen,129,fg_8_to_1,1,1,0,0,0,
foreground_color_permutation,arc-gen,129,fg_8_to_2,1,1,0,0,0,
foreground_color_permutation,arc-gen,129,fg_8_to_4,1,1,0,0,0,
foreground_color_permutation,arc-gen,129,fg_8_to_5,1,1,0,0,0,
foreground_color_permutation,arc-gen,129,fg_8_to_6,1,1,0,0,0,
foreground_color_permutation,arc-gen,129,fg_8_to_7,1,1,0,0,0,
foreground_color_permutation,arc-gen,129,fg_8_to_9,1,1,0,0,0,
foreground_color_permutation,arc-gen,130,fg_5_to_1,1,0,142,0,142,
foreground_color_permutation,arc-gen,130,fg_5_to_2,1,0,142,0,142,
foreground_color_permutation,arc-gen,130,fg_5_to_4,1,0,142,0,142,
foreground_color_permutation,arc-gen,130,fg_5_to_6,1,0,142,0,142,
foreground_color_permutation,arc-gen,130,fg_5_to_7,1,0,142,0,142,
foreground_color_permutation,arc-gen,130,fg_5_to_8,1,0,142,0,142,
foreground_color_permutation,arc-gen,130,fg_5_to_9,1,0,142,0,142,
foreground_color_permutation,arc-gen,131,fg_8_to_1,1,0,72,0,72,
foreground_color_permutation,arc-gen,131,fg_8_to_2,1,0,72,0,72,
foreground_color_permutation,arc-gen,131,fg_8_to_4,1,0,72,0,72,
foreground_color_permutation,arc-gen,131,fg_8_to_5,1,0,72,0,72,
foreground_color_permutation,arc-gen,131,fg_8_to_6,1,0,72,0,72,
foreground_color_permutation,arc-gen,131,fg_8_to_7,1,0,72,0,72,
foreground_color_permutation,arc-gen,131,fg_8_to_9,1,0,72,0,72,
foreground_color_permutation,arc-gen,132,fg_8_to_1,1,1,0,0,0,
foreground_color_permutation,arc-gen,132,fg_8_to_2,1,1,0,0,0,
foreground_color_permutation,arc-gen,132,fg_8_to_4,1,1,0,0,0,
foreground_color_permutation,arc-gen,132,fg_8_to_5,1,1,0,0,0,
foreground_color_permutation,arc-gen,132,fg_8_to_6,1,1,0,0,0,
foreground_color_permutation,arc-gen,132,fg_8_to_7,1,1,0,0,0,
foreground_color_permutation,arc-gen,132,fg_8_to_9,1,1,0,0,0,
foreground_color_permutation,arc-gen,133,fg_8_to_1,1,1,0,0,0,
foreground_color_permutation,arc-gen,133,fg_8_to_2,1,1,0,0,0,
foreground_color_permutation,arc-gen,133,fg_8_to_4,1,1,0,0,0,
foreground_color_permutation,arc-gen,133,fg_8_to_5,1,1,0,0,0,
foreground_color_permutation,arc-gen,133,fg_8_to_6,1,1,0,0,0,
foreground_color_permutation,arc-gen,133,fg_8_to_7,1,1,0,0,0,
foreground_color_permutation,arc-gen,133,fg_8_to_9,1,1,0,0,0,
foreground_color_permutation,arc-gen,134,fg_8_to_1,1,1,0,0,0,
foreground_color_permutation,arc-gen,134,fg_8_to_2,1,1,0,0,0,
foreground_color_permutation,arc-gen,134,fg_8_to_4,1,1,0,0,0,
foreground_color_permutation,arc-gen,134,fg_8_to_5,1,1,0,0,0,
foreground_color_permutation,arc-gen,134,fg_8_to_6,1,1,0,0,0,
foreground_color_permutation,arc-gen,134,fg_8_to_7,1,1,0,0,0,
foreground_color_permutation,arc-gen,134,fg_8_to_9,1,1,0,0,0,
foreground_color_permutation,arc-gen,135,fg_6_to_1,1,1,0,0,0,
foreground_color_permutation,arc-gen,135,fg_6_to_2,1,1,0,0,0,
foreground_color_permutation,arc-gen,135,fg_6_to_4,1,1,0,0,0,
foreground_color_permutation,arc-gen,135,fg_6_to_5,1,1,0,0,0,
foreground_color_permutation,arc-gen,135,fg_6_to_7,1,1,0,0,0,
foreground_color_permutation,arc-gen,135,fg_6_to_8,1,1,0,0,0,
foreground_color_permutation,arc-gen,135,fg_6_to_9,1,1,0,0,0,
foreground_color_permutation,arc-gen,136,fg_7_to_1,1,1,0,0,0,
foreground_color_permutation,arc-gen,136,fg_7_to_2,1,1,0,0,0,
foreground_color_permutation,arc-gen,136,fg_7_to_4,1,1,0,0,0,
foreground_color_permutation,arc-gen,136,fg_7_to_5,1,1,0,0,0,
foreground_color_permutation,arc-gen,136,fg_7_to_6,1,1,0,0,0,
foreground_color_permutation,arc-gen,136,fg_7_to_8,1,1,0,0,0,
foreground_color_permutation,arc-gen,136,fg_7_to_9,1,1,0,0,0,
foreground_color_permutation,arc-gen,137,fg_5_to_1,1,0,21,0,21,
foreground_color_permutation,arc-gen,137,fg_5_to_2,1,0,21,0,21,
foreground_color_permutation,arc-gen,137,fg_5_to_4,1,0,21,0,21,
foreground_color_permutation,arc-gen,137,fg_5_to_6,1,0,21,0,21,
foreground_color_permutation,arc-gen,137,fg_5_to_7,1,0,21,0,21,
foreground_color_permutation,arc-gen,137,fg_5_to_8,1,0,21,0,21,
foreground_color_permutation,arc-gen,137,fg_5_to_9,1,0,21,0,21,
foreground_color_permutation,arc-gen,138,fg_9_to_1,1,1,0,0,0,
foreground_color_permutation,arc-gen,138,fg_9_to_2,1,1,0,0,0,
foreground_color_permutation,arc-gen,138,fg_9_to_4,1,1,0,0,0,
foreground_color_permutation,arc-gen,138,fg_9_to_5,1,1,0,0,0,
foreground_color_permutation,arc-gen,138,fg_9_to_6,1,1,0,0,0,
foreground_color_permutation,arc-gen,138,fg_9_to_7,1,1,0,0,0,
foreground_color_permutation,arc-gen,138,fg_9_to_8,1,1,0,0,0,
foreground_color_permutation,arc-gen,139,fg_8_to_1,1,1,0,0,0,
foreground_color_permutation,arc-gen,139,fg_8_to_2,1,1,0,0,0,
foreground_color_permutation,arc-gen,139,fg_8_to_4,1,1,0,0,0,
foreground_color_permutation,arc-gen,139,fg_8_to_5,1,1,0,0,0,
foreground_color_permutation,arc-gen,139,fg_8_to_6,1,1,0,0,0,
foreground_color_permutation,arc-gen,139,fg_8_to_7,1,1,0,0,0,
foreground_color_permutation,arc-gen,139,fg_8_to_9,1,1,0,0,0,
foreground_color_permutation,arc-gen,140,fg_9_to_1,1,1,0,0,0,
foreground_color_permutation,arc-gen,140,fg_9_to_2,1,1,0,0,0,
foreground_color_permutation,arc-gen,140,fg_9_to_4,1,1,0,0,0,
foreground_color_permutation,arc-gen,140,fg_9_to_5,1,1,0,0,0,
foreground_color_permutation,arc-gen,140,fg_9_to_6,1,1,0,0,0,
foreground_color_permutation,arc-gen,140,fg_9_to_7,1,1,0,0,0,
foreground_color_permutation,arc-gen,140,fg_9_to_8,1,1,0,0,0,
foreground_color_permutation,arc-gen,141,fg_1_to_2,1,0,27,0,27,
foreground_color_permutation,arc-gen,141,fg_1_to_4,1,0,27,0,27,
foreground_color_permutation,arc-gen,141,fg_1_to_5,1,0,27,0,27,
foreground_color_permutation,arc-gen,141,fg_1_to_6,1,0,27,0,27,
foreground_color_permutation,arc-gen,141,fg_1_to_7,1,0,27,0,27,
foreground_color_permutation,arc-gen,141,fg_1_to_8,1,0,27,0,27,
foreground_color_permutation,arc-gen,141,fg_1_to_9,1,0,27,0,27,
foreground_color_permutation,arc-gen,142,fg_6_to_1,1,1,0,0,0,
foreground_color_permutation,arc-gen,142,fg_6_to_2,1,1,0,0,0,
foreground_color_permutation,arc-gen,142,fg_6_to_4,1,1,0,0,0,
foreground_color_permutation,arc-gen,142,fg_6_to_5,1,1,0,0,0,
foreground_color_permutation,arc-gen,142,fg_6_to_7,1,1,0,0,0,
foreground_color_permutation,arc-gen,142,fg_6_to_8,1,1,0,0,0,
foreground_color_permutation,arc-gen,142,fg_6_to_9,1,1,0,0,0,
foreground_color_permutation,arc-gen,143,fg_9_to_1,1,1,0,0,0,
foreground_color_permutation,arc-gen,143,fg_9_to_2,1,1,0,0,0,
foreground_color_permutation,arc-gen,143,fg_9_to_4,1,1,0,0,0,
foreground_color_permutation,arc-gen,143,fg_9_to_5,1,1,0,0,0,
foreground_color_permutation,arc-gen,143,fg_9_to_6,1,1,0,0,0,
foreground_color_permutation,arc-gen,143,fg_9_to_7,1,1,0,0,0,
foreground_color_permutation,arc-gen,143,fg_9_to_8,1,1,0,0,0,
foreground_color_permutation,arc-gen,144,fg_6_to_1,1,1,0,0,0,
foreground_color_permutation,arc-gen,144,fg_6_to_2,1,1,0,0,0,
foreground_color_permutation,arc-gen,144,fg_6_to_4,1,1,0,0,0,
foreground_color_permutation,arc-gen,144,fg_6_to_5,1,1,0,0,0,
foreground_color_permutation,arc-gen,144,fg_6_to_7,1,1,0,0,0,
foreground_color_permutation,arc-gen,144,fg_6_to_8,1,1,0,0,0,
foreground_color_permutation,arc-gen,144,fg_6_to_9,1,1,0,0,0,
foreground_color_permutation,arc-gen,145,fg_2_to_1,1,1,0,0,0,
foreground_color_permutation,arc-gen,145,fg_2_to_4,1,1,0,0,0,
foreground_color_permutation,arc-gen,145,fg_2_to_5,1,1,0,0,0,
foreground_color_permutation,arc-gen,145,fg_2_to_6,1,1,0,0,0,
foreground_color_permutation,arc-gen,145,fg_2_to_7,1,1,0,0,0,
foreground_color_permutation,arc-gen,145,fg_2_to_8,1,1,0,0,0,
foreground_color_permutation,arc-gen,145,fg_2_to_9,1,1,0,0,0,
foreground_color_permutation,arc-gen,146,fg_7_to_1,1,1,0,0,0,
foreground_color_permutation,arc-gen,146,fg_7_to_2,1,1,0,0,0,
foreground_color_permutation,arc-gen,146,fg_7_to_4,1,1,0,0,0,
foreground_color_permutation,arc-gen,146,fg_7_to_5,1,1,0,0,0,
foreground_color_permutation,arc-gen,146,fg_7_to_6,1,1,0,0,0,
foreground_color_permutation,arc-gen,146,fg_7_to_8,1,1,0,0,0,
foreground_color_permutation,arc-gen,146,fg_7_to_9,1,1,0,0,0,
foreground_color_permutation,arc-gen,147,fg_2_to_1,1,1,0,0,0,
foreground_color_permutation,arc-gen,147,fg_2_to_4,1,1,0,0,0,
foreground_color_permutation,arc-gen,147,fg_2_to_5,1,1,0,0,0,
foreground_color_permutation,arc-gen,147,fg_2_to_6,1,1,0,0,0,
foreground_color_permutation,arc-gen,147,fg_2_to_7,1,1,0,0,0,
foreground_color_permutation,arc-gen,147,fg_2_to_8,1,1,0,0,0,
foreground_color_permutation,arc-gen,147,fg_2_to_9,1,1,0,0,0,
foreground_color_permutation,arc-gen,148,fg_8_to_1,1,1,0,0,0,
foreground_color_permutation,arc-gen,148,fg_8_to_2,1,1,0,0,0,
foreground_color_permutation,arc-gen,148,fg_8_to_4,1,1,0,0,0,
foreground_color_permutation,arc-gen,148,fg_8_to_5,1,1,0,0,0,
foreground_color_permutation,arc-gen,148,fg_8_to_6,1,1,0,0,0,
foreground_color_permutation,arc-gen,148,fg_8_to_7,1,1,0,0,0,
foreground_color_permutation,arc-gen,148,fg_8_to_9,1,1,0,0,0,
foreground_color_permutation,arc-gen,149,fg_2_to_1,1,1,0,0,0,
foreground_color_permutation,arc-gen,149,fg_2_to_4,1,1,0,0,0,
foreground_color_permutation,arc-gen,149,fg_2_to_5,1,1,0,0,0,
foreground_color_permutation,arc-gen,149,fg_2_to_6,1,1,0,0,0,
foreground_color_permutation,arc-gen,149,fg_2_to_7,1,1,0,0,0,
foreground_color_permutation,arc-gen,149,fg_2_to_8,1,1,0,0,0,
foreground_color_permutation,arc-gen,149,fg_2_to_9,1,1,0,0,0,
foreground_color_permutation,arc-gen,150,fg_7_to_1,1,1,0,0,0,
foreground_color_permutation,arc-gen,150,fg_7_to_2,1,1,0,0,0,
foreground_color_permutation,arc-gen,150,fg_7_to_4,1,1,0,0,0,
foreground_color_permutation,arc-gen,150,fg_7_to_5,1,1,0,0,0,
foreground_color_permutation,arc-gen,150,fg_7_to_6,1,1,0,0,0,
foreground_color_permutation,arc-gen,150,fg_7_to_8,1,1,0,0,0,
foreground_color_permutation,arc-gen,150,fg_7_to_9,1,1,0,0,0,
foreground_color_permutation,arc-gen,151,fg_1_to_2,1,1,0,0,0,
foreground_color_permutation,arc-gen,151,fg_1_to_4,1,1,0,0,0,
foreground_color_permutation,arc-gen,151,fg_1_to_5,1,1,0,0,0,
foreground_color_permutation,arc-gen,151,fg_1_to_6,1,1,0,0,0,
foreground_color_permutation,arc-gen,151,fg_1_to_7,1,1,0,0,0,
foreground_color_permutation,arc-gen,151,fg_1_to_8,1,1,0,0,0,
foreground_color_permutation,arc-gen,151,fg_1_to_9,1,1,0,0,0,
foreground_color_permutation,arc-gen,152,fg_5_to_1,1,1,0,0,0,
foreground_color_permutation,arc-gen,152,fg_5_to_2,1,1,0,0,0,
foreground_color_permutation,arc-gen,152,fg_5_to_4,1,1,0,0,0,
foreground_color_permutation,arc-gen,152,fg_5_to_6,1,1,0,0,0,
foreground_color_permutation,arc-gen,152,fg_5_to_7,1,1,0,0,0,
foreground_color_permutation,arc-gen,152,fg_5_to_8,1,1,0,0,0,
foreground_color_permutation,arc-gen,152,fg_5_to_9,1,1,0,0,0,
foreground_color_permutation,arc-gen,153,fg_5_to_1,1,1,0,0,0,
foreground_color_permutation,arc-gen,153,fg_5_to_2,1,1,0,0,0,
foreground_color_permutation,arc-gen,153,fg_5_to_4,1,1,0,0,0,
foreground_color_permutation,arc-gen,153,fg_5_to_6,1,1,0,0,0,
foreground_color_permutation,arc-gen,153,fg_5_to_7,1,1,0,0,0,
foreground_color_permutation,arc-gen,153,fg_5_to_8,1,1,0,0,0,
foreground_color_permutation,arc-gen,153,fg_5_to_9,1,1,0,0,0,
foreground_color_permutation,arc-gen,154,fg_6_to_1,1,1,0,0,0,
foreground_color_permutation,arc-gen,154,fg_6_to_2,1,1,0,0,0,
foreground_color_permutation,arc-gen,154,fg_6_to_4,1,1,0,0,0,
foreground_color_permutation,arc-gen,154,fg_6_to_5,1,1,0,0,0,
foreground_color_permutation,arc-gen,154,fg_6_to_7,1,1,0,0,0,
foreground_color_permutation,arc-gen,154,fg_6_to_8,1,1,0,0,0,
foreground_color_permutation,arc-gen,154,fg_6_to_9,1,1,0,0,0,
foreground_color_permutation,arc-gen,155,fg_8_to_1,1,1,0,0,0,
foreground_color_permutation,arc-gen,155,fg_8_to_2,1,1,0,0,0,
foreground_color_permutation,arc-gen,155,fg_8_to_4,1,1,0,0,0,
foreground_color_permutation,arc-gen,155,fg_8_to_5,1,1,0,0,0,
foreground_color_permutation,arc-gen,155,fg_8_to_6,1,1,0,0,0,
foreground_color_permutation,arc-gen,155,fg_8_to_7,1,1,0,0,0,
foreground_color_permutation,arc-gen,155,fg_8_to_9,1,1,0,0,0,
foreground_color_permutation,arc-gen,156,fg_2_to_1,1,1,0,0,0,
foreground_color_permutation,arc-gen,156,fg_2_to_4,1,1,0,0,0,
foreground_color_permutation,arc-gen,156,fg_2_to_5,1,1,0,0,0,
foreground_color_permutation,arc-gen,156,fg_2_to_6,1,1,0,0,0,
foreground_color_permutation,arc-gen,156,fg_2_to_7,1,1,0,0,0,
foreground_color_permutation,arc-gen,156,fg_2_to_8,1,1,0,0,0,
foreground_color_permutation,arc-gen,156,fg_2_to_9,1,1,0,0,0,
foreground_color_permutation,arc-gen,157,fg_7_to_1,1,0,54,0,54,
foreground_color_permutation,arc-gen,157,fg_7_to_2,1,0,54,0,54,
foreground_color_permutation,arc-gen,157,fg_7_to_4,1,0,54,0,54,
foreground_color_permutation,arc-gen,157,fg_7_to_5,1,0,54,0,54,
foreground_color_permutation,arc-gen,157,fg_7_to_6,1,0,54,0,54,
foreground_color_permutation,arc-gen,157,fg_7_to_8,1,0,54,0,54,
foreground_color_permutation,arc-gen,157,fg_7_to_9,1,0,54,0,54,
foreground_color_permutation,arc-gen,158,fg_9_to_1,1,0,24,0,24,
foreground_color_permutation,arc-gen,158,fg_9_to_2,1,0,24,0,24,
foreground_color_permutation,arc-gen,158,fg_9_to_4,1,0,24,0,24,
foreground_color_permutation,arc-gen,158,fg_9_to_5,1,0,24,0,24,
foreground_color_permutation,arc-gen,158,fg_9_to_6,1,0,24,0,24,
foreground_color_permutation,arc-gen,158,fg_9_to_7,1,0,24,0,24,
foreground_color_permutation,arc-gen,158,fg_9_to_8,1,0,24,0,24,
foreground_color_permutation,arc-gen,159,fg_9_to_1,1,1,0,0,0,
foreground_color_permutation,arc-gen,159,fg_9_to_2,1,1,0,0,0,
foreground_color_permutation,arc-gen,159,fg_9_to_4,1,1,0,0,0,
foreground_color_permutation,arc-gen,159,fg_9_to_5,1,1,0,0,0,
foreground_color_permutation,arc-gen,159,fg_9_to_6,1,1,0,0,0,
foreground_color_permutation,arc-gen,159,fg_9_to_7,1,1,0,0,0,
foreground_color_permutation,arc-gen,159,fg_9_to_8,1,1,0,0,0,
foreground_color_permutation,arc-gen,160,fg_8_to_1,1,1,0,0,0,
foreground_color_permutation,arc-gen,160,fg_8_to_2,1,1,0,0,0,
foreground_color_permutation,arc-gen,160,fg_8_to_4,1,1,0,0,0,
foreground_color_permutation,arc-gen,160,fg_8_to_5,1,1,0,0,0,
foreground_color_permutation,arc-gen,160,fg_8_to_6,1,1,0,0,0,
foreground_color_permutation,arc-gen,160,fg_8_to_7,1,1,0,0,0,
foreground_color_permutation,arc-gen,160,fg_8_to_9,1,1,0,0,0,
foreground_color_permutation,arc-gen,161,fg_7_to_1,1,1,0,0,0,
foreground_color_permutation,arc-gen,161,fg_7_to_2,1,1,0,0,0,
foreground_color_permutation,arc-gen,161,fg_7_to_4,1,1,0,0,0,
foreground_color_permutation,arc-gen,161,fg_7_to_5,1,1,0,0,0,
foreground_color_permutation,arc-gen,161,fg_7_to_6,1,1,0,0,0,
foreground_color_permutation,arc-gen,161,fg_7_to_8,1,1,0,0,0,
foreground_color_permutation,arc-gen,161,fg_7_to_9,1,1,0,0,0,
foreground_color_permutation,arc-gen,162,fg_8_to_1,1,1,0,0,0,
foreground_color_permutation,arc-gen,162,fg_8_to_2,1,1,0,0,0,
foreground_color_permutation,arc-gen,162,fg_8_to_4,1,1,0,0,0,
foreground_color_permutation,arc-gen,162,fg_8_to_5,1,1,0,0,0,
foreground_color_permutation,arc-gen,162,fg_8_to_6,1,1,0,0,0,
foreground_color_permutation,arc-gen,162,fg_8_to_7,1,1,0,0,0,
foreground_color_permutation,arc-gen,162,fg_8_to_9,1,1,0,0,0,
foreground_color_permutation,arc-gen,163,fg_8_to_1,1,0,16,0,16,
foreground_color_permutation,arc-gen,163,fg_8_to_2,1,0,16,0,16,
foreground_color_permutation,arc-gen,163,fg_8_to_4,1,0,16,0,16,
foreground_color_permutation,arc-gen,163,fg_8_to_5,1,0,16,0,16,
foreground_color_permutation,arc-gen,163,fg_8_to_6,1,0,16,0,16,
foreground_color_permutation,arc-gen,163,fg_8_to_7,1,0,16,0,16,
foreground_color_permutation,arc-gen,163,fg_8_to_9,1,0,16,0,16,
foreground_color_permutation,arc-gen,164,fg_2_to_1,1,1,0,0,0,
foreground_color_permutation,arc-gen,164,fg_2_to_4,1,1,0,0,0,
foreground_color_permutation,arc-gen,164,fg_2_to_5,1,1,0,0,0,
foreground_color_permutation,arc-gen,164,fg_2_to_6,1,1,0,0,0,
foreground_color_permutation,arc-gen,164,fg_2_to_7,1,1,0,0,0,
foreground_color_permutation,arc-gen,164,fg_2_to_8,1,1,0,0,0,
foreground_color_permutation,arc-gen,164,fg_2_to_9,1,1,0,0,0,
foreground_color_permutation,arc-gen,165,fg_5_to_1,1,0,49,0,49,
foreground_color_permutation,arc-gen,165,fg_5_to_2,1,0,49,0,49,
foreground_color_permutation,arc-gen,165,fg_5_to_4,1,0,49,0,49,
foreground_color_permutation,arc-gen,165,fg_5_to_6,1,0,49,0,49,
foreground_color_permutation,arc-gen,165,fg_5_to_7,1,0,49,0,49,
foreground_color_permutation,arc-gen,165,fg_5_to_8,1,0,49,0,49,
foreground_color_permutation,arc-gen,165,fg_5_to_9,1,0,49,0,49,
foreground_color_permutation,arc-gen,166,fg_5_to_1,1,1,0,0,0,
foreground_color_permutation,arc-gen,166,fg_5_to_2,1,1,0,0,0,
foreground_color_permutation,arc-gen,166,fg_5_to_4,1,1,0,0,0,
foreground_color_permutation,arc-gen,166,fg_5_to_6,1,1,0,0,0,
foreground_color_permutation,arc-gen,166,fg_5_to_7,1,1,0,0,0,
foreground_color_permutation,arc-gen,166,fg_5_to_8,1,1,0,0,0,
foreground_color_permutation,arc-gen,166,fg_5_to_9,1,1,0,0,0,
foreground_color_permutation,arc-gen,167,fg_5_to_1,1,1,0,0,0,
foreground_color_permutation,arc-gen,167,fg_5_to_2,1,1,0,0,0,
foreground_color_permutation,arc-gen,167,fg_5_to_4,1,1,0,0,0,
foreground_color_permutation,arc-gen,167,fg_5_to_6,1,1,0,0,0,
foreground_color_permutation,arc-gen,167,fg_5_to_7,1,1,0,0,0,
foreground_color_permutation,arc-gen,167,fg_5_to_8,1,1,0,0,0,
foreground_color_permutation,arc-gen,167,fg_5_to_9,1,1,0,0,0,
foreground_color_permutation,arc-gen,168,fg_7_to_1,1,1,0,0,0,
foreground_color_permutation,arc-gen,168,fg_7_to_2,1,1,0,0,0,
foreground_color_permutation,arc-gen,168,fg_7_to_4,1,1,0,0,0,
foreground_color_permutation,arc-gen,168,fg_7_to_5,1,1,0,0,0,
foreground_color_permutation,arc-gen,168,fg_7_to_6,1,1,0,0,0,
foreground_color_permutation,arc-gen,168,fg_7_to_8,1,1,0,0,0,
foreground_color_permutation,arc-gen,168,fg_7_to_9,1,1,0,0,0,
foreground_color_permutation,arc-gen,169,fg_1_to_2,1,1,0,0,0,
foreground_color_permutation,arc-gen,169,fg_1_to_4,1,1,0,0,0,
foreground_color_permutation,arc-gen,169,fg_1_to_5,1,1,0,0,0,
foreground_color_permutation,arc-gen,169,fg_1_to_6,1,1,0,0,0,
foreground_color_permutation,arc-gen,169,fg_1_to_7,1,1,0,0,0,
foreground_color_permutation,arc-gen,169,fg_1_to_8,1,1,0,0,0,
foreground_color_permutation,arc-gen,169,fg_1_to_9,1,1,0,0,0,
foreground_color_permutation,arc-gen,170,fg_2_to_1,1,1,0,0,0,
foreground_color_permutation,arc-gen,170,fg_2_to_4,1,1,0,0,0,
foreground_color_permutation,arc-gen,170,fg_2_to_5,1,1,0,0,0,
foreground_color_permutation,arc-gen,170,fg_2_to_6,1,1,0,0,0,
foreground_color_permutation,arc-gen,170,fg_2_to_7,1,1,0,0,0,
foreground_color_permutation,arc-gen,170,fg_2_to_8,1,1,0,0,0,
foreground_color_permutation,arc-gen,170,fg_2_to_9,1,1,0,0,0,
foreground_color_permutation,arc-gen,171,fg_9_to_1,1,1,0,0,0,
foreground_color_permutation,arc-gen,171,fg_9_to_2,1,1,0,0,0,
foreground_color_permutation,arc-gen,171,fg_9_to_4,1,1,0,0,0,
foreground_color_permutation,arc-gen,171,fg_9_to_5,1,1,0,0,0,
foreground_color_permutation,arc-gen,171,fg_9_to_6,1,1,0,0,0,
foreground_color_permutation,arc-gen,171,fg_9_to_7,1,1,0,0,0,
foreground_color_permutation,arc-gen,171,fg_9_to_8,1,1,0,0,0,
foreground_color_permutation,arc-gen,172,fg_7_to_1,1,1,0,0,0,
foreground_color_permutation,arc-gen,172,fg_7_to_2,1,1,0,0,0,
foreground_color_permutation,arc-gen,172,fg_7_to_4,1,1,0,0,0,
foreground_color_permutation,arc-gen,172,fg_7_to_5,1,1,0,0,0,
foreground_color_permutation,arc-gen,172,fg_7_to_6,1,1,0,0,0,
foreground_color_permutation,arc-gen,172,fg_7_to_8,1,1,0,0,0,
foreground_color_permutation,arc-gen,172,fg_7_to_9,1,1,0,0,0,
foreground_color_permutation,arc-gen,173,fg_6_to_1,1,0,50,2,48,
foreground_color_permutation,arc-gen,173,fg_6_to_2,1,0,50,2,48,
foreground_color_permutation,arc-gen,173,fg_6_to_4,1,0,50,2,48,
foreground_color_permutation,arc-gen,173,fg_6_to_5,1,0,50,2,48,
foreground_color_permutation,arc-gen,173,fg_6_to_7,1,0,50,2,48,
foreground_color_permutation,arc-gen,173,fg_6_to_8,1,0,50,2,48,
foreground_color_permutation,arc-gen,173,fg_6_to_9,1,0,50,2,48,
foreground_color_permutation,arc-gen,174,fg_5_to_1,1,0,2,2,0,
foreground_color_permutation,arc-gen,174,fg_5_to_2,1,0,2,2,0,
foreground_color_permutation,arc-gen,174,fg_5_to_4,1,0,2,2,0,
foreground_color_permutation,arc-gen,174,fg_5_to_6,1,0,2,2,0,
foreground_color_permutation,arc-gen,174,fg_5_to_7,1,0,2,2,0,
foreground_color_permutation,arc-gen,174,fg_5_to_8,1,0,2,2,0,
foreground_color_permutation,arc-gen,174,fg_5_to_9,1,0,2,2,0,
foreground_color_permutation,arc-gen,175,fg_5_to_1,1,1,0,0,0,
foreground_color_permutation,arc-gen,175,fg_5_to_2,1,1,0,0,0,
foreground_color_permutation,arc-gen,175,fg_5_to_4,1,1,0,0,0,
foreground_color_permutation,arc-gen,175,fg_5_to_6,1,1,0,0,0,
foreground_color_permutation,arc-gen,175,fg_5_to_7,1,1,0,0,0,
foreground_color_permutation,arc-gen,175,fg_5_to_8,1,1,0,0,0,
foreground_color_permutation,arc-gen,175,fg_5_to_9,1,1,0,0,0,
foreground_color_permutation,arc-gen,176,fg_5_to_1,1,1,0,0,0,
foreground_color_permutation,arc-gen,176,fg_5_to_2,1,1,0,0,0,
foreground_color_permutation,arc-gen,176,fg_5_to_4,1,1,0,0,0,
foreground_color_permutation,arc-gen,176,fg_5_to_6,1,1,0,0,0,
foreground_color_permutation,arc-gen,176,fg_5_to_7,1,1,0,0,0,
foreground_color_permutation,arc-gen,176,fg_5_to_8,1,1,0,0,0,
foreground_color_permutation,arc-gen,176,fg_5_to_9,1,1,0,0,0,
foreground_color_permutation,arc-gen,177,fg_6_to_1,1,0,90,0,90,
foreground_color_permutation,arc-gen,177,fg_6_to_2,1,0,90,0,90,
foreground_color_permutation,arc-gen,177,fg_6_to_4,1,0,90,0,90,
foreground_color_permutation,arc-gen,177,fg_6_to_5,1,0,90,0,90,
foreground_color_permutation,arc-gen,177,fg_6_to_7,1,0,90,0,90,
foreground_color_permutation,arc-gen,177,fg_6_to_8,1,0,90,0,90,
foreground_color_permutation,arc-gen,177,fg_6_to_9,1,0,90,0,90,
foreground_color_permutation,arc-gen,178,fg_6_to_1,1,1,0,0,0,
foreground_color_permutation,arc-gen,178,fg_6_to_2,1,1,0,0,0,
foreground_color_permutation,arc-gen,178,fg_6_to_4,1,1,0,0,0,
foreground_color_permutation,arc-gen,178,fg_6_to_5,1,1,0,0,0,
foreground_color_permutation,arc-gen,178,fg_6_to_7,1,1,0,0,0,
foreground_color_permutation,arc-gen,178,fg_6_to_8,1,1,0,0,0,
foreground_color_permutation,arc-gen,178,fg_6_to_9,1,1,0,0,0,
foreground_color_permutation,arc-gen,179,fg_9_to_1,1,1,0,0,0,
foreground_color_permutation,arc-gen,179,fg_9_to_2,1,1,0,0,0,
foreground_color_permutation,arc-gen,179,fg_9_to_4,1,1,0,0,0,
foreground_color_permutation,arc-gen,179,fg_9_to_5,1,1,0,0,0,
foreground_color_permutation,arc-gen,179,fg_9_to_6,1,1,0,0,0,
foreground_color_permutation,arc-gen,179,fg_9_to_7,1,1,0,0,0,
foreground_color_permutation,arc-gen,179,fg_9_to_8,1,1,0,0,0,
foreground_color_permutation,arc-gen,180,fg_4_to_1,1,0,24,0,24,
foreground_color_permutation,arc-gen,180,fg_4_to_2,1,0,24,0,24,
foreground_color_permutation,arc-gen,180,fg_4_to_5,1,0,24,0,24,
foreground_color_permutation,arc-gen,180,fg_4_to_6,1,0,24,0,24,
foreground_color_permutation,arc-gen,180,fg_4_to_7,1,0,24,0,24,
foreground_color_permutation,arc-gen,180,fg_4_to_8,1,0,24,0,24,
foreground_color_permutation,arc-gen,180,fg_4_to_9,1,0,24,0,24,
foreground_color_permutation,arc-gen,181,fg_4_to_1,1,1,0,0,0,
foreground_color_permutation,arc-gen,181,fg_4_to_2,1,1,0,0,0,
foreground_color_permutation,arc-gen,181,fg_4_to_5,1,1,0,0,0,
foreground_color_permutation,arc-gen,181,fg_4_to_6,1,1,0,0,0,
foreground_color_permutation,arc-gen,181,fg_4_to_7,1,1,0,0,0,
foreground_color_permutation,arc-gen,181,fg_4_to_8,1,1,0,0,0,
foreground_color_permutation,arc-gen,181,fg_4_to_9,1,1,0,0,0,
foreground_color_permutation,arc-gen,182,fg_2_to_1,1,1,0,0,0,
foreground_color_permutation,arc-gen,182,fg_2_to_4,1,1,0,0,0,
foreground_color_permutation,arc-gen,182,fg_2_to_5,1,1,0,0,0,
foreground_color_permutation,arc-gen,182,fg_2_to_6,1,1,0,0,0,
foreground_color_permutation,arc-gen,182,fg_2_to_7,1,1,0,0,0,
foreground_color_permutation,arc-gen,182,fg_2_to_8,1,1,0,0,0,
foreground_color_permutation,arc-gen,182,fg_2_to_9,1,1,0,0,0,
foreground_color_permutation,arc-gen,183,fg_6_to_1,1,0,24,0,24,
foreground_color_permutation,arc-gen,183,fg_6_to_2,1,0,24,0,24,
foreground_color_permutation,arc-gen,183,fg_6_to_4,1,0,24,0,24,
foreground_color_permutation,arc-gen,183,fg_6_to_5,1,0,24,0,24,
foreground_color_permutation,arc-gen,183,fg_6_to_7,1,0,24,0,24,
foreground_color_permutation,arc-gen,183,fg_6_to_8,1,0,24,0,24,
foreground_color_permutation,arc-gen,183,fg_6_to_9,1,0,24,0,24,
foreground_color_permutation,arc-gen,184,fg_4_to_1,1,1,0,0,0,
foreground_color_permutation,arc-gen,184,fg_4_to_2,1,1,0,0,0,
foreground_color_permutation,arc-gen,184,fg_4_to_5,1,1,0,0,0,
foreground_color_permutation,arc-gen,184,fg_4_to_6,1,1,0,0,0,
foreground_color_permutation,arc-gen,184,fg_4_to_7,1,1,0,0,0,
foreground_color_permutation,arc-gen,184,fg_4_to_8,1,1,0,0,0,
foreground_color_permutation,arc-gen,184,fg_4_to_9,1,1,0,0,0,
foreground_color_permutation,arc-gen,185,fg_6_to_1,1,1,0,0,0,
foreground_color_permutation,arc-gen,185,fg_6_to_2,1,1,0,0,0,
foreground_color_permutation,arc-gen,185,fg_6_to_4,1,1,0,0,0,
foreground_color_permutation,arc-gen,185,fg_6_to_5,1,1,0,0,0,
foreground_color_permutation,arc-gen,185,fg_6_to_7,1,1,0,0,0,
foreground_color_permutation,arc-gen,185,fg_6_to_8,1,1,0,0,0,
foreground_color_permutation,arc-gen,185,fg_6_to_9,1,1,0,0,0,
foreground_color_permutation,arc-gen,186,fg_6_to_1,1,1,0,0,0,
foreground_color_permutation,arc-gen,186,fg_6_to_2,1,1,0,0,0,
foreground_color_permutation,arc-gen,186,fg_6_to_4,1,1,0,0,0,
foreground_color_permutation,arc-gen,186,fg_6_to_5,1,1,0,0,0,
foreground_color_permutation,arc-gen,186,fg_6_to_7,1,1,0,0,0,
foreground_color_permutation,arc-gen,186,fg_6_to_8,1,1,0,0,0,
foreground_color_permutation,arc-gen,186,fg_6_to_9,1,1,0,0,0,
foreground_color_permutation,arc-gen,187,fg_2_to_1,1,0,56,0,56,
foreground_color_permutation,arc-gen,187,fg_2_to_4,1,0,56,0,56,
foreground_color_permutation,arc-gen,187,fg_2_to_5,1,0,56,0,56,
foreground_color_permutation,arc-gen,187,fg_2_to_6,1,0,56,0,56,
foreground_color_permutation,arc-gen,187,fg_2_to_7,1,0,56,0,56,
foreground_color_permutation,arc-gen,187,fg_2_to_8,1,0,56,0,56,
foreground_color_permutation,arc-gen,187,fg_2_to_9,1,0,56,0,56,
foreground_color_permutation,arc-gen,188,fg_5_to_1,1,1,0,0,0,
foreground_color_permutation,arc-gen,188,fg_5_to_2,1,1,0,0,0,
foreground_color_permutation,arc-gen,188,fg_5_to_4,1,1,0,0,0,
foreground_color_permutation,arc-gen,188,fg_5_to_6,1,1,0,0,0,
foreground_color_permutation,arc-gen,188,fg_5_to_7,1,1,0,0,0,
foreground_color_permutation,arc-gen,188,fg_5_to_8,1,1,0,0,0,
foreground_color_permutation,arc-gen,188,fg_5_to_9,1,1,0,0,0,
foreground_color_permutation,arc-gen,189,fg_8_to_1,1,0,35,0,35,
foreground_color_permutation,arc-gen,189,fg_8_to_2,1,0,35,0,35,
foreground_color_permutation,arc-gen,189,fg_8_to_4,1,0,35,0,35,
foreground_color_permutation,arc-gen,189,fg_8_to_5,1,0,35,0,35,
foreground_color_permutation,arc-gen,189,fg_8_to_6,1,0,35,0,35,
foreground_color_permutation,arc-gen,189,fg_8_to_7,1,0,35,0,35,
foreground_color_permutation,arc-gen,189,fg_8_to_9,1,0,35,0,35,
foreground_color_permutation,arc-gen,190,fg_7_to_1,1,1,0,0,0,
foreground_color_permutation,arc-gen,190,fg_7_to_2,1,1,0,0,0,
foreground_color_permutation,arc-gen,190,fg_7_to_4,1,1,0,0,0,
foreground_color_permutation,arc-gen,190,fg_7_to_5,1,1,0,0,0,
foreground_color_permutation,arc-gen,190,fg_7_to_6,1,1,0,0,0,
foreground_color_permutation,arc-gen,190,fg_7_to_8,1,1,0,0,0,
foreground_color_permutation,arc-gen,190,fg_7_to_9,1,1,0,0,0,
foreground_color_permutation,arc-gen,191,fg_2_to_1,1,1,0,0,0,
foreground_color_permutation,arc-gen,191,fg_2_to_4,1,1,0,0,0,
foreground_color_permutation,arc-gen,191,fg_2_to_5,1,1,0,0,0,
foreground_color_permutation,arc-gen,191,fg_2_to_6,1,1,0,0,0,
foreground_color_permutation,arc-gen,191,fg_2_to_7,1,1,0,0,0,
foreground_color_permutation,arc-gen,191,fg_2_to_8,1,1,0,0,0,
foreground_color_permutation,arc-gen,191,fg_2_to_9,1,1,0,0,0,
foreground_color_permutation,arc-gen,192,fg_2_to_1,1,1,0,0,0,
foreground_color_permutation,arc-gen,192,fg_2_to_4,1,1,0,0,0,
foreground_color_permutation,arc-gen,192,fg_2_to_5,1,1,0,0,0,
foreground_color_permutation,arc-gen,192,fg_2_to_6,1,1,0,0,0,
foreground_color_permutation,arc-gen,192,fg_2_to_7,1,1,0,0,0,
foreground_color_permutation,arc-gen,192,fg_2_to_8,1,1,0,0,0,
foreground_color_permutation,arc-gen,192,fg_2_to_9,1,1,0,0,0,
foreground_color_permutation,arc-gen,193,fg_4_to_1,1,1,0,0,0,
foreground_color_permutation,arc-gen,193,fg_4_to_2,1,1,0,0,0,
foreground_color_permutation,arc-gen,193,fg_4_to_5,1,1,0,0,0,
foreground_color_permutation,arc-gen,193,fg_4_to_6,1,1,0,0,0,
foreground_color_permutation,arc-gen,193,fg_4_to_7,1,1,0,0,0,
foreground_color_permutation,arc-gen,193,fg_4_to_8,1,1,0,0,0,
foreground_color_permutation,arc-gen,193,fg_4_to_9,1,1,0,0,0,
foreground_color_permutation,arc-gen,194,fg_1_to_2,1,1,0,0,0,
foreground_color_permutation,arc-gen,194,fg_1_to_4,1,1,0,0,0,
foreground_color_permutation,arc-gen,194,fg_1_to_5,1,1,0,0,0,
foreground_color_permutation,arc-gen,194,fg_1_to_6,1,1,0,0,0,
foreground_color_permutation,arc-gen,194,fg_1_to_7,1,1,0,0,0,
foreground_color_permutation,arc-gen,194,fg_1_to_8,1,1,0,0,0,
foreground_color_permutation,arc-gen,194,fg_1_to_9,1,1,0,0,0,
foreground_color_permutation,arc-gen,195,fg_8_to_1,1,1,0,0,0,
foreground_color_permutation,arc-gen,195,fg_8_to_2,1,1,0,0,0,
foreground_color_permutation,arc-gen,195,fg_8_to_4,1,1,0,0,0,
foreground_color_permutation,arc-gen,195,fg_8_to_5,1,1,0,0,0,
foreground_color_permutation,arc-gen,195,fg_8_to_6,1,1,0,0,0,
foreground_color_permutation,arc-gen,195,fg_8_to_7,1,1,0,0,0,
foreground_color_permutation,arc-gen,195,fg_8_to_9,1,1,0,0,0,
foreground_color_permutation,arc-gen,196,fg_9_to_1,1,1,0,0,0,
foreground_color_permutation,arc-gen,196,fg_9_to_2,1,1,0,0,0,
foreground_color_permutation,arc-gen,196,fg_9_to_4,1,1,0,0,0,
foreground_color_permutation,arc-gen,196,fg_9_to_5,1,1,0,0,0,
foreground_color_permutation,arc-gen,196,fg_9_to_6,1,1,0,0,0,
foreground_color_permutation,arc-gen,196,fg_9_to_7,1,1,0,0,0,
foreground_color_permutation,arc-gen,196,fg_9_to_8,1,1,0,0,0,
foreground_color_permutation,arc-gen,197,fg_1_to_2,1,0,15,0,15,
foreground_color_permutation,arc-gen,197,fg_1_to_4,1,0,15,0,15,
foreground_color_permutation,arc-gen,197,fg_1_to_5,1,0,15,0,15,
foreground_color_permutation,arc-gen,197,fg_1_to_6,1,0,15,0,15,
foreground_color_permutation,arc-gen,197,fg_1_to_7,1,0,15,0,15,
foreground_color_permutation,arc-gen,197,fg_1_to_8,1,0,15,0,15,
foreground_color_permutation,arc-gen,197,fg_1_to_9,1,0,15,0,15,
foreground_color_permutation,arc-gen,198,fg_2_to_1,1,1,0,0,0,
foreground_color_permutation,arc-gen,198,fg_2_to_4,1,1,0,0,0,
foreground_color_permutation,arc-gen,198,fg_2_to_5,1,1,0,0,0,
foreground_color_permutation,arc-gen,198,fg_2_to_6,1,1,0,0,0,
foreground_color_permutation,arc-gen,198,fg_2_to_7,1,1,0,0,0,
foreground_color_permutation,arc-gen,198,fg_2_to_8,1,1,0,0,0,
foreground_color_permutation,arc-gen,198,fg_2_to_9,1,1,0,0,0,
foreground_color_permutation,arc-gen,199,fg_1_to_2,1,0,12,0,12,
foreground_color_permutation,arc-gen,199,fg_1_to_4,1,0,12,0,12,
foreground_color_permutation,arc-gen,199,fg_1_to_5,1,0,12,0,12,
foreground_color_permutation,arc-gen,199,fg_1_to_6,1,0,12,0,12,
foreground_color_permutation,arc-gen,199,fg_1_to_7,1,0,12,0,12,
foreground_color_permutation,arc-gen,199,fg_1_to_8,1,0,12,0,12,
foreground_color_permutation,arc-gen,199,fg_1_to_9,1,0,12,0,12,
foreground_color_permutation,arc-gen,200,fg_7_to_1,1,0,48,0,48,
foreground_color_permutation,arc-gen,200,fg_7_to_2,1,0,48,0,48,
foreground_color_permutation,arc-gen,200,fg_7_to_4,1,0,48,0,48,
foreground_color_permutation,arc-gen,200,fg_7_to_5,1,0,48,0,48,
foreground_color_permutation,arc-gen,200,fg_7_to_6,1,0,48,0,48,
foreground_color_permutation,arc-gen,200,fg_7_to_8,1,0,48,0,48,
foreground_color_permutation,arc-gen,200,fg_7_to_9,1,0,48,0,48,
foreground_color_permutation,arc-gen,201,fg_4_to_1,1,1,0,0,0,
foreground_color_permutation,arc-gen,201,fg_4_to_2,1,1,0,0,0,
foreground_color_permutation,arc-gen,201,fg_4_to_5,1,1,0,0,0,
foreground_color_permutation,arc-gen,201,fg_4_to_6,1,1,0,0,0,
foreground_color_permutation,arc-gen,201,fg_4_to_7,1,1,0,0,0,
foreground_color_permutation,arc-gen,201,fg_4_to_8,1,1,0,0,0,
foreground_color_permutation,arc-gen,201,fg_4_to_9,1,1,0,0,0,
foreground_color_permutation,arc-gen,202,fg_4_to_1,1,1,0,0,0,
foreground_color_permutation,arc-gen,202,fg_4_to_2,1,1,0,0,0,
foreground_color_permutation,arc-gen,202,fg_4_to_5,1,1,0,0,0,
foreground_color_permutation,arc-gen,202,fg_4_to_6,1,1,0,0,0,
foreground_color_permutation,arc-gen,202,fg_4_to_7,1,1,0,0,0,
foreground_color_permutation,arc-gen,202,fg_4_to_8,1,1,0,0,0,
foreground_color_permutation,arc-gen,202,fg_4_to_9,1,1,0,0,0,
foreground_color_permutation,arc-gen,203,fg_4_to_1,1,1,0,0,0,
foreground_color_permutation,arc-gen,203,fg_4_to_2,1,1,0,0,0,
foreground_color_permutation,arc-gen,203,fg_4_to_5,1,1,0,0,0,
foreground_color_permutation,arc-gen,203,fg_4_to_6,1,1,0,0,0,
foreground_color_permutation,arc-gen,203,fg_4_to_7,1,1,0,0,0,
foreground_color_permutation,arc-gen,203,fg_4_to_8,1,1,0,0,0,
foreground_color_permutation,arc-gen,203,fg_4_to_9,1,1,0,0,0,
foreground_color_permutation,arc-gen,204,fg_7_to_1,1,1,0,0,0,
foreground_color_permutation,arc-gen,204,fg_7_to_2,1,1,0,0,0,
foreground_color_permutation,arc-gen,204,fg_7_to_4,1,1,0,0,0,
foreground_color_permutation,arc-gen,204,fg_7_to_5,1,1,0,0,0,
foreground_color_permutation,arc-gen,204,fg_7_to_6,1,1,0,0,0,
foreground_color_permutation,arc-gen,204,fg_7_to_8,1,1,0,0,0,
foreground_color_permutation,arc-gen,204,fg_7_to_9,1,1,0,0,0,
foreground_color_permutation,arc-gen,205,fg_1_to_2,1,1,0,0,0,
foreground_color_permutation,arc-gen,205,fg_1_to_4,1,1,0,0,0,
foreground_color_permutation,arc-gen,205,fg_1_to_5,1,1,0,0,0,
foreground_color_permutation,arc-gen,205,fg_1_to_6,1,1,0,0,0,
foreground_color_permutation,arc-gen,205,fg_1_to_7,1,1,0,0,0,
foreground_color_permutation,arc-gen,205,fg_1_to_8,1,1,0,0,0,
foreground_color_permutation,arc-gen,205,fg_1_to_9,1,1,0,0,0,
foreground_color_permutation,arc-gen,206,fg_2_to_1,1,1,0,0,0,
foreground_color_permutation,arc-gen,206,fg_2_to_4,1,1,0,0,0,
foreground_color_permutation,arc-gen,206,fg_2_to_5,1,1,0,0,0,
foreground_color_permutation,arc-gen,206,fg_2_to_6,1,1,0,0,0,
foreground_color_permutation,arc-gen,206,fg_2_to_7,1,1,0,0,0,
foreground_color_permutation,arc-gen,206,fg_2_to_8,1,1,0,0,0,
foreground_color_permutation,arc-gen,206,fg_2_to_9,1,1,0,0,0,
foreground_color_permutation,arc-gen,207,fg_9_to_1,1,0,2,2,0,
foreground_color_permutation,arc-gen,207,fg_9_to_2,1,0,2,2,0,
foreground_color_permutation,arc-gen,207,fg_9_to_4,1,0,2,2,0,
foreground_color_permutation,arc-gen,207,fg_9_to_5,1,0,2,2,0,
foreground_color_permutation,arc-gen,207,fg_9_to_6,1,0,2,2,0,
foreground_color_permutation,arc-gen,207,fg_9_to_7,1,0,2,2,0,
foreground_color_permutation,arc-gen,207,fg_9_to_8,1,0,2,2,0,
foreground_color_permutation,arc-gen,208,fg_7_to_1,1,1,0,0,0,
foreground_color_permutation,arc-gen,208,fg_7_to_2,1,1,0,0,0,
foreground_color_permutation,arc-gen,208,fg_7_to_4,1,1,0,0,0,
foreground_color_permutation,arc-gen,208,fg_7_to_5,1,1,0,0,0,
foreground_color_permutation,arc-gen,208,fg_7_to_6,1,1,0,0,0,
foreground_color_permutation,arc-gen,208,fg_7_to_8,1,1,0,0,0,
foreground_color_permutation,arc-gen,208,fg_7_to_9,1,1,0,0,0,
foreground_color_permutation,arc-gen,209,fg_2_to_1,1,1,0,0,0,
foreground_color_permutation,arc-gen,209,fg_2_to_4,1,1,0,0,0,
foreground_color_permutation,arc-gen,209,fg_2_to_5,1,1,0,0,0,
foreground_color_permutation,arc-gen,209,fg_2_to_6,1,1,0,0,0,
foreground_color_permutation,arc-gen,209,fg_2_to_7,1,1,0,0,0,
foreground_color_permutation,arc-gen,209,fg_2_to_8,1,1,0,0,0,
foreground_color_permutation,arc-gen,209,fg_2_to_9,1,1,0,0,0,
foreground_color_permutation,arc-gen,210,fg_1_to_2,1,1,0,0,0,
foreground_color_permutation,arc-gen,210,fg_1_to_4,1,1,0,0,0,
foreground_color_permutation,arc-gen,210,fg_1_to_5,1,1,0,0,0,
foreground_color_permutation,arc-gen,210,fg_1_to_6,1,1,0,0,0,
foreground_color_permutation,arc-gen,210,fg_1_to_7,1,1,0,0,0,
foreground_color_permutation,arc-gen,210,fg_1_to_8,1,1,0,0,0,
foreground_color_permutation,arc-gen,210,fg_1_to_9,1,1,0,0,0,
foreground_color_permutation,arc-gen,211,fg_9_to_1,1,1,0,0,0,
foreground_color_permutation,arc-gen,211,fg_9_to_2,1,1,0,0,0,
foreground_color_permutation,arc-gen,211,fg_9_to_4,1,1,0,0,0,
foreground_color_permutation,arc-gen,211,fg_9_to_5,1,1,0,0,0,
foreground_color_permutation,arc-gen,211,fg_9_to_6,1,1,0,0,0,
foreground_color_permutation,arc-gen,211,fg_9_to_7,1,1,0,0,0,
foreground_color_permutation,arc-gen,211,fg_9_to_8,1,1,0,0,0,
foreground_color_permutation,arc-gen,212,fg_4_to_1,1,1,0,0,0,
foreground_color_permutation,arc-gen,212,fg_4_to_2,1,1,0,0,0,
foreground_color_permutation,arc-gen,212,fg_4_to_5,1,1,0,0,0,
foreground_color_permutation,arc-gen,212,fg_4_to_6,1,1,0,0,0,
foreground_color_permutation,arc-gen,212,fg_4_to_7,1,1,0,0,0,
foreground_color_permutation,arc-gen,212,fg_4_to_8,1,1,0,0,0,
foreground_color_permutation,arc-gen,212,fg_4_to_9,1,1,0,0,0,
foreground_color_permutation,arc-gen,213,fg_6_to_1,1,1,0,0,0,
foreground_color_permutation,arc-gen,213,fg_6_to_2,1,1,0,0,0,
foreground_color_permutation,arc-gen,213,fg_6_to_4,1,1,0,0,0,
foreground_color_permutation,arc-gen,213,fg_6_to_5,1,1,0,0,0,
foreground_color_permutation,arc-gen,213,fg_6_to_7,1,1,0,0,0,
foreground_color_permutation,arc-gen,213,fg_6_to_8,1,1,0,0,0,
foreground_color_permutation,arc-gen,213,fg_6_to_9,1,1,0,0,0,
foreground_color_permutation,arc-gen,214,fg_4_to_1,1,1,0,0,0,
foreground_color_permutation,arc-gen,214,fg_4_to_2,1,1,0,0,0,
foreground_color_permutation,arc-gen,214,fg_4_to_5,1,1,0,0,0,
foreground_color_permutation,arc-gen,214,fg_4_to_6,1,1,0,0,0,
foreground_color_permutation,arc-gen,214,fg_4_to_7,1,1,0,0,0,
foreground_color_permutation,arc-gen,214,fg_4_to_8,1,1,0,0,0,
foreground_color_permutation,arc-gen,214,fg_4_to_9,1,1,0,0,0,
foreground_color_permutation,arc-gen,215,fg_2_to_1,1,1,0,0,0,
foreground_color_permutation,arc-gen,215,fg_2_to_4,1,1,0,0,0,
foreground_color_permutation,arc-gen,215,fg_2_to_5,1,1,0,0,0,
foreground_color_permutation,arc-gen,215,fg_2_to_6,1,1,0,0,0,
foreground_color_permutation,arc-gen,215,fg_2_to_7,1,1,0,0,0,
foreground_color_permutation,arc-gen,215,fg_2_to_8,1,1,0,0,0,
foreground_color_permutation,arc-gen,215,fg_2_to_9,1,1,0,0,0,
foreground_color_permutation,arc-gen,216,fg_2_to_1,1,1,0,0,0,
foreground_color_permutation,arc-gen,216,fg_2_to_4,1,1,0,0,0,
foreground_color_permutation,arc-gen,216,fg_2_to_5,1,1,0,0,0,
foreground_color_permutation,arc-gen,216,fg_2_to_6,1,1,0,0,0,
foreground_color_permutation,arc-gen,216,fg_2_to_7,1,1,0,0,0,
foreground_color_permutation,arc-gen,216,fg_2_to_8,1,1,0,0,0,
foreground_color_permutation,arc-gen,216,fg_2_to_9,1,1,0,0,0,
foreground_color_permutation,arc-gen,217,fg_7_to_1,1,1,0,0,0,
foreground_color_permutation,arc-gen,217,fg_7_to_2,1,1,0,0,0,
foreground_color_permutation,arc-gen,217,fg_7_to_4,1,1,0,0,0,
foreground_color_permutation,arc-gen,217,fg_7_to_5,1,1,0,0,0,
foreground_color_permutation,arc-gen,217,fg_7_to_6,1,1,0,0,0,
foreground_color_permutation,arc-gen,217,fg_7_to_8,1,1,0,0,0,
foreground_color_permutation,arc-gen,217,fg_7_to_9,1,1,0,0,0,
foreground_color_permutation,arc-gen,218,fg_8_to_1,1,1,0,0,0,
foreground_color_permutation,arc-gen,218,fg_8_to_2,1,1,0,0,0,
foreground_color_permutation,arc-gen,218,fg_8_to_4,1,1,0,0,0,
foreground_color_permutation,arc-gen,218,fg_8_to_5,1,1,0,0,0,
foreground_color_permutation,arc-gen,218,fg_8_to_6,1,1,0,0,0,
foreground_color_permutation,arc-gen,218,fg_8_to_7,1,1,0,0,0,
foreground_color_permutation,arc-gen,218,fg_8_to_9,1,1,0,0,0,
foreground_color_permutation,arc-gen,219,fg_2_to_1,1,1,0,0,0,
foreground_color_permutation,arc-gen,219,fg_2_to_4,1,1,0,0,0,
foreground_color_permutation,arc-gen,219,fg_2_to_5,1,1,0,0,0,
foreground_color_permutation,arc-gen,219,fg_2_to_6,1,1,0,0,0,
foreground_color_permutation,arc-gen,219,fg_2_to_7,1,1,0,0,0,
foreground_color_permutation,arc-gen,219,fg_2_to_8,1,1,0,0,0,
foreground_color_permutation,arc-gen,219,fg_2_to_9,1,1,0,0,0,
foreground_color_permutation,arc-gen,220,fg_2_to_1,1,1,0,0,0,
foreground_color_permutation,arc-gen,220,fg_2_to_4,1,1,0,0,0,
foreground_color_permutation,arc-gen,220,fg_2_to_5,1,1,0,0,0,
foreground_color_permutation,arc-gen,220,fg_2_to_6,1,1,0,0,0,
foreground_color_permutation,arc-gen,220,fg_2_to_7,1,1,0,0,0,
foreground_color_permutation,arc-gen,220,fg_2_to_8,1,1,0,0,0,
foreground_color_permutation,arc-gen,220,fg_2_to_9,1,1,0,0,0,
foreground_color_permutation,arc-gen,221,fg_6_to_1,1,1,0,0,0,
foreground_color_permutation,arc-gen,221,fg_6_to_2,1,1,0,0,0,
foreground_color_permutation,arc-gen,221,fg_6_to_4,1,1,0,0,0,
foreground_color_permutation,arc-gen,221,fg_6_to_5,1,1,0,0,0,
foreground_color_permutation,arc-gen,221,fg_6_to_7,1,1,0,0,0,
foreground_color_permutation,arc-gen,221,fg_6_to_8,1,1,0,0,0,
foreground_color_permutation,arc-gen,221,fg_6_to_9,1,1,0,0,0,
foreground_color_permutation,arc-gen,222,fg_1_to_2,1,1,0,0,0,
foreground_color_permutation,arc-gen,222,fg_1_to_4,1,1,0,0,0,
foreground_color_permutation,arc-gen,222,fg_1_to_5,1,1,0,0,0,
foreground_color_permutation,arc-gen,222,fg_1_to_6,1,1,0,0,0,
foreground_color_permutation,arc-gen,222,fg_1_to_7,1,1,0,0,0,
foreground_color_permutation,arc-gen,222,fg_1_to_8,1,1,0,0,0,
foreground_color_permutation,arc-gen,222,fg_1_to_9,1,1,0,0,0,
foreground_color_permutation,arc-gen,223,fg_9_to_1,1,0,14,0,14,
foreground_color_permutation,arc-gen,223,fg_9_to_2,1,0,14,0,14,
foreground_color_permutation,arc-gen,223,fg_9_to_4,1,0,14,0,14,
foreground_color_permutation,arc-gen,223,fg_9_to_5,1,0,14,0,14,
foreground_color_permutation,arc-gen,223,fg_9_to_6,1,0,14,0,14,
foreground_color_permutation,arc-gen,223,fg_9_to_7,1,0,14,0,14,
foreground_color_permutation,arc-gen,223,fg_9_to_8,1,0,14,0,14,
foreground_color_permutation,arc-gen,224,fg_8_to_1,1,0,108,0,108,
foreground_color_permutation,arc-gen,224,fg_8_to_2,1,0,108,0,108,
foreground_color_permutation,arc-gen,224,fg_8_to_4,1,0,108,0,108,
foreground_color_permutation,arc-gen,224,fg_8_to_5,1,0,108,0,108,
foreground_color_permutation,arc-gen,224,fg_8_to_6,1,0,108,0,108,
foreground_color_permutation,arc-gen,224,fg_8_to_7,1,0,108,0,108,
foreground_color_permutation,arc-gen,224,fg_8_to_9,1,0,108,0,108,
foreground_color_permutation,arc-gen,225,fg_4_to_1,1,1,0,0,0,
foreground_color_permutation,arc-gen,225,fg_4_to_2,1,1,0,0,0,
foreground_color_permutation,arc-gen,225,fg_4_to_5,1,1,0,0,0,
foreground_color_permutation,arc-gen,225,fg_4_to_6,1,1,0,0,0,
foreground_color_permutation,arc-gen,225,fg_4_to_7,1,1,0,0,0,
foreground_color_permutation,arc-gen,225,fg_4_to_8,1,1,0,0,0,
foreground_color_permutation,arc-gen,225,fg_4_to_9,1,1,0,0,0,
foreground_color_permutation,arc-gen,226,fg_6_to_1,1,1,0,0,0,
foreground_color_permutation,arc-gen,226,fg_6_to_2,1,1,0,0,0,
foreground_color_permutation,arc-gen,226,fg_6_to_4,1,1,0,0,0,
foreground_color_permutation,arc-gen,226,fg_6_to_5,1,1,0,0,0,
foreground_color_permutation,arc-gen,226,fg_6_to_7,1,1,0,0,0,
foreground_color_permutation,arc-gen,226,fg_6_to_8,1,1,0,0,0,
foreground_color_permutation,arc-gen,226,fg_6_to_9,1,1,0,0,0,
foreground_color_permutation,arc-gen,227,fg_2_to_1,1,1,0,0,0,
foreground_color_permutation,arc-gen,227,fg_2_to_4,1,1,0,0,0,
foreground_color_permutation,arc-gen,227,fg_2_to_5,1,1,0,0,0,
foreground_color_permutation,arc-gen,227,fg_2_to_6,1,1,0,0,0,
foreground_color_permutation,arc-gen,227,fg_2_to_7,1,1,0,0,0,
foreground_color_permutation,arc-gen,227,fg_2_to_8,1,1,0,0,0,
foreground_color_permutation,arc-gen,227,fg_2_to_9,1,1,0,0,0,
foreground_color_permutation,arc-gen,228,fg_9_to_1,1,1,0,0,0,
foreground_color_permutation,arc-gen,228,fg_9_to_2,1,1,0,0,0,
foreground_color_permutation,arc-gen,228,fg_9_to_4,1,1,0,0,0,
foreground_color_permutation,arc-gen,228,fg_9_to_5,1,1,0,0,0,
foreground_color_permutation,arc-gen,228,fg_9_to_6,1,1,0,0,0,
foreground_color_permutation,arc-gen,228,fg_9_to_7,1,1,0,0,0,
foreground_color_permutation,arc-gen,228,fg_9_to_8,1,1,0,0,0,
foreground_color_permutation,arc-gen,229,fg_9_to_1,1,0,12,0,12,
foreground_color_permutation,arc-gen,229,fg_9_to_2,1,0,12,0,12,
foreground_color_permutation,arc-gen,229,fg_9_to_4,1,0,12,0,12,
foreground_color_permutation,arc-gen,229,fg_9_to_5,1,0,12,0,12,
foreground_color_permutation,arc-gen,229,fg_9_to_6,1,0,12,0,12,
foreground_color_permutation,arc-gen,229,fg_9_to_7,1,0,12,0,12,
foreground_color_permutation,arc-gen,229,fg_9_to_8,1,0,12,0,12,
foreground_color_permutation,arc-gen,230,fg_9_to_1,1,1,0,0,0,
foreground_color_permutation,arc-gen,230,fg_9_to_2,1,1,0,0,0,
foreground_color_permutation,arc-gen,230,fg_9_to_4,1,1,0,0,0,
foreground_color_permutation,arc-gen,230,fg_9_to_5,1,1,0,0,0,
foreground_color_permutation,arc-gen,230,fg_9_to_6,1,1,0,0,0,
foreground_color_permutation,arc-gen,230,fg_9_to_7,1,1,0,0,0,
foreground_color_permutation,arc-gen,230,fg_9_to_8,1,1,0,0,0,
foreground_color_permutation,arc-gen,231,fg_1_to_2,1,0,21,0,21,
foreground_color_permutation,arc-gen,231,fg_1_to_4,1,0,21,0,21,
foreground_color_permutation,arc-gen,231,fg_1_to_5,1,0,21,0,21,
foreground_color_permutation,arc-gen,231,fg_1_to_6,1,0,21,0,21,
foreground_color_permutation,arc-gen,231,fg_1_to_7,1,0,21,0,21,
foreground_color_permutation,arc-gen,231,fg_1_to_8,1,0,21,0,21,
foreground_color_permutation,arc-gen,231,fg_1_to_9,1,0,21,0,21,
foreground_color_permutation,arc-gen,232,fg_2_to_1,1,1,0,0,0,
foreground_color_permutation,arc-gen,232,fg_2_to_4,1,1,0,0,0,
foreground_color_permutation,arc-gen,232,fg_2_to_5,1,1,0,0,0,
foreground_color_permutation,arc-gen,232,fg_2_to_6,1,1,0,0,0,
foreground_color_permutation,arc-gen,232,fg_2_to_7,1,1,0,0,0,
foreground_color_permutation,arc-gen,232,fg_2_to_8,1,1,0,0,0,
foreground_color_permutation,arc-gen,232,fg_2_to_9,1,1,0,0,0,
foreground_color_permutation,arc-gen,233,fg_9_to_1,1,1,0,0,0,
foreground_color_permutation,arc-gen,233,fg_9_to_2,1,1,0,0,0,
foreground_color_permutation,arc-gen,233,fg_9_to_4,1,1,0,0,0,
foreground_color_permutation,arc-gen,233,fg_9_to_5,1,1,0,0,0,
foreground_color_permutation,arc-gen,233,fg_9_to_6,1,1,0,0,0,
foreground_color_permutation,arc-gen,233,fg_9_to_7,1,1,0,0,0,
foreground_color_permutation,arc-gen,233,fg_9_to_8,1,1,0,0,0,
foreground_color_permutation,arc-gen,234,fg_8_to_1,1,1,0,0,0,
foreground_color_permutation,arc-gen,234,fg_8_to_2,1,1,0,0,0,
foreground_color_permutation,arc-gen,234,fg_8_to_4,1,1,0,0,0,
foreground_color_permutation,arc-gen,234,fg_8_to_5,1,1,0,0,0,
foreground_color_permutation,arc-gen,234,fg_8_to_6,1,1,0,0,0,
foreground_color_permutation,arc-gen,234,fg_8_to_7,1,1,0,0,0,
foreground_color_permutation,arc-gen,234,fg_8_to_9,1,1,0,0,0,
foreground_color_permutation,arc-gen,235,fg_6_to_1,1,1,0,0,0,
foreground_color_permutation,arc-gen,235,fg_6_to_2,1,1,0,0,0,
foreground_color_permutation,arc-gen,235,fg_6_to_4,1,1,0,0,0,
foreground_color_permutation,arc-gen,235,fg_6_to_5,1,1,0,0,0,
foreground_color_permutation,arc-gen,235,fg_6_to_7,1,1,0,0,0,
foreground_color_permutation,arc-gen,235,fg_6_to_8,1,1,0,0,0,
foreground_color_permutation,arc-gen,235,fg_6_to_9,1,1,0,0,0,
foreground_color_permutation,arc-gen,236,fg_5_to_1,1,1,0,0,0,
foreground_color_permutation,arc-gen,236,fg_5_to_2,1,1,0,0,0,
foreground_color_permutation,arc-gen,236,fg_5_to_4,1,1,0,0,0,
foreground_color_permutation,arc-gen,236,fg_5_to_6,1,1,0,0,0,
foreground_color_permutation,arc-gen,236,fg_5_to_7,1,1,0,0,0,
foreground_color_permutation,arc-gen,236,fg_5_to_8,1,1,0,0,0,
foreground_color_permutation,arc-gen,236,fg_5_to_9,1,1,0,0,0,
foreground_color_permutation,arc-gen,237,fg_5_to_1,1,0,72,0,72,
foreground_color_permutation,arc-gen,237,fg_5_to_2,1,0,72,0,72,
foreground_color_permutation,arc-gen,237,fg_5_to_4,1,0,72,0,72,
foreground_color_permutation,arc-gen,237,fg_5_to_6,1,0,72,0,72,
foreground_color_permutation,arc-gen,237,fg_5_to_7,1,0,72,0,72,
foreground_color_permutation,arc-gen,237,fg_5_to_8,1,0,72,0,72,
foreground_color_permutation,arc-gen,237,fg_5_to_9,1,0,72,0,72,
foreground_color_permutation,arc-gen,238,fg_6_to_1,1,0,38,2,36,
foreground_color_permutation,arc-gen,238,fg_6_to_2,1,0,38,2,36,
foreground_color_permutation,arc-gen,238,fg_6_to_4,1,0,38,2,36,
foreground_color_permutation,arc-gen,238,fg_6_to_5,1,0,38,2,36,
foreground_color_permutation,arc-gen,238,fg_6_to_7,1,0,38,2,36,
foreground_color_permutation,arc-gen,238,fg_6_to_8,1,0,38,2,36,
foreground_color_permutation,arc-gen,238,fg_6_to_9,1,0,38,2,36,
foreground_color_permutation,arc-gen,239,fg_9_to_1,1,1,0,0,0,
foreground_color_permutation,arc-gen,239,fg_9_to_2,1,1,0,0,0,
foreground_color_permutation,arc-gen,239,fg_9_to_4,1,1,0,0,0,
foreground_color_permutation,arc-gen,239,fg_9_to_5,1,1,0,0,0,
foreground_color_permutation,arc-gen,239,fg_9_to_6,1,1,0,0,0,
foreground_color_permutation,arc-gen,239,fg_9_to_7,1,1,0,0,0,
foreground_color_permutation,arc-gen,239,fg_9_to_8,1,1,0,0,0,
foreground_color_permutation,arc-gen,240,fg_5_to_1,1,1,0,0,0,
foreground_color_permutation,arc-gen,240,fg_5_to_2,1,1,0,0,0,
foreground_color_permutation,arc-gen,240,fg_5_to_4,1,1,0,0,0,
foreground_color_permutation,arc-gen,240,fg_5_to_6,1,1,0,0,0,
foreground_color_permutation,arc-gen,240,fg_5_to_7,1,1,0,0,0,
foreground_color_permutation,arc-gen,240,fg_5_to_8,1,1,0,0,0,
foreground_color_permutation,arc-gen,240,fg_5_to_9,1,1,0,0,0,
foreground_color_permutation,arc-gen,241,fg_5_to_1,1,1,0,0,0,
foreground_color_permutation,arc-gen,241,fg_5_to_2,1,1,0,0,0,
foreground_color_permutation,arc-gen,241,fg_5_to_4,1,1,0,0,0,
foreground_color_permutation,arc-gen,241,fg_5_to_6,1,1,0,0,0,
foreground_color_permutation,arc-gen,241,fg_5_to_7,1,1,0,0,0,
foreground_color_permutation,arc-gen,241,fg_5_to_8,1,1,0,0,0,
foreground_color_permutation,arc-gen,241,fg_5_to_9,1,1,0,0,0,
foreground_color_permutation,arc-gen,242,fg_7_to_1,1,0,74,2,72,
foreground_color_permutation,arc-gen,242,fg_7_to_2,1,0,74,2,72,
foreground_color_permutation,arc-gen,242,fg_7_to_4,1,0,74,2,72,
foreground_color_permutation,arc-gen,242,fg_7_to_5,1,0,74,2,72,
foreground_color_permutation,arc-gen,242,fg_7_to_6,1,0,74,2,72,
foreground_color_permutation,arc-gen,242,fg_7_to_8,1,0,74,2,72,
foreground_color_permutation,arc-gen,242,fg_7_to_9,1,0,74,2,72,
foreground_color_permutation,arc-gen,243,fg_7_to_1,1,1,0,0,0,
foreground_color_permutation,arc-gen,243,fg_7_to_2,1,1,0,0,0,
foreground_color_permutation,arc-gen,243,fg_7_to_4,1,1,0,0,0,
foreground_color_permutation,arc-gen,243,fg_7_to_5,1,1,0,0,0,
foreground_color_permutation,arc-gen,243,fg_7_to_6,1,1,0,0,0,
foreground_color_permutation,arc-gen,243,fg_7_to_8,1,1,0,0,0,
foreground_color_permutation,arc-gen,243,fg_7_to_9,1,1,0,0,0,
foreground_color_permutation,arc-gen,244,fg_6_to_1,1,0,12,0,12,
foreground_color_permutation,arc-gen,244,fg_6_to_2,1,0,12,0,12,
foreground_color_permutation,arc-gen,244,fg_6_to_4,1,0,12,0,12,
foreground_color_permutation,arc-gen,244,fg_6_to_5,1,0,12,0,12,
foreground_color_permutation,arc-gen,244,fg_6_to_7,1,0,12,0,12,
foreground_color_permutation,arc-gen,244,fg_6_to_8,1,0,12,0,12,
foreground_color_permutation,arc-gen,244,fg_6_to_9,1,0,12,0,12,
foreground_color_permutation,arc-gen,245,fg_2_to_1,1,0,2,2,0,
foreground_color_permutation,arc-gen,245,fg_2_to_4,1,0,2,2,0,
foreground_color_permutation,arc-gen,245,fg_2_to_5,1,0,2,2,0,
foreground_color_permutation,arc-gen,245,fg_2_to_6,1,0,2,2,0,
foreground_color_permutation,arc-gen,245,fg_2_to_7,1,0,2,2,0,
foreground_color_permutation,arc-gen,245,fg_2_to_8,1,0,2,2,0,
foreground_color_permutation,arc-gen,245,fg_2_to_9,1,0,2,2,0,
foreground_color_permutation,arc-gen,246,fg_1_to_2,1,0,110,0,110,
foreground_color_permutation,arc-gen,246,fg_1_to_4,1,0,110,0,110,
foreground_color_permutation,arc-gen,246,fg_1_to_5,1,0,110,0,110,
foreground_color_permutation,arc-gen,246,fg_1_to_6,1,0,110,0,110,
foreground_color_permutation,arc-gen,246,fg_1_to_7,1,0,110,0,110,
foreground_color_permutation,arc-gen,246,fg_1_to_8,1,0,110,0,110,
foreground_color_permutation,arc-gen,246,fg_1_to_9,1,0,110,0,110,
foreground_color_permutation,arc-gen,247,fg_8_to_1,1,1,0,0,0,
foreground_color_permutation,arc-gen,247,fg_8_to_2,1,1,0,0,0,
foreground_color_permutation,arc-gen,247,fg_8_to_4,1,1,0,0,0,
foreground_color_permutation,arc-gen,247,fg_8_to_5,1,1,0,0,0,
foreground_color_permutation,arc-gen,247,fg_8_to_6,1,1,0,0,0,
foreground_color_permutation,arc-gen,247,fg_8_to_7,1,1,0,0,0,
foreground_color_permutation,arc-gen,247,fg_8_to_9,1,1,0,0,0,
foreground_color_permutation,arc-gen,248,fg_4_to_1,1,1,0,0,0,
foreground_color_permutation,arc-gen,248,fg_4_to_2,1,1,0,0,0,
foreground_color_permutation,arc-gen,248,fg_4_to_5,1,1,0,0,0,
foreground_color_permutation,arc-gen,248,fg_4_to_6,1,1,0,0,0,
foreground_color_permutation,arc-gen,248,fg_4_to_7,1,1,0,0,0,
foreground_color_permutation,arc-gen,248,fg_4_to_8,1,1,0,0,0,
foreground_color_permutation,arc-gen,248,fg_4_to_9,1,1,0,0,0,
foreground_color_permutation,arc-gen,249,fg_2_to_1,1,1,0,0,0,
foreground_color_permutation,arc-gen,249,fg_2_to_4,1,1,0,0,0,
foreground_color_permutation,arc-gen,249,fg_2_to_5,1,1,0,0,0,
foreground_color_permutation,arc-gen,249,fg_2_to_6,1,1,0,0,0,
foreground_color_permutation,arc-gen,249,fg_2_to_7,1,1,0,0,0,
foreground_color_permutation,arc-gen,249,fg_2_to_8,1,1,0,0,0,
foreground_color_permutation,arc-gen,249,fg_2_to_9,1,1,0,0,0,
foreground_color_permutation,arc-gen,250,fg_7_to_1,1,1,0,0,0,
foreground_color_permutation,arc-gen,250,fg_7_to_2,1,1,0,0,0,
foreground_color_permutation,arc-gen,250,fg_7_to_4,1,1,0,0,0,
foreground_color_permutation,arc-gen,250,fg_7_to_5,1,1,0,0,0,
foreground_color_permutation,arc-gen,250,fg_7_to_6,1,1,0,0,0,
foreground_color_permutation,arc-gen,250,fg_7_to_8,1,1,0,0,0,
foreground_color_permutation,arc-gen,250,fg_7_to_9,1,1,0,0,0,
foreground_color_permutation,arc-gen,251,fg_7_to_1,1,1,0,0,0,
foreground_color_permutation,arc-gen,251,fg_7_to_2,1,1,0,0,0,
foreground_color_permutation,arc-gen,251,fg_7_to_4,1,1,0,0,0,
foreground_color_permutation,arc-gen,251,fg_7_to_5,1,1,0,0,0,
foreground_color_permutation,arc-gen,251,fg_7_to_6,1,1,0,0,0,
foreground_color_permutation,arc-gen,251,fg_7_to_8,1,1,0,0,0,
foreground_color_permutation,arc-gen,251,fg_7_to_9,1,1,0,0,0,
foreground_color_permutation,arc-gen,252,fg_8_to_1,1,1,0,0,0,
foreground_color_permutation,arc-gen,252,fg_8_to_2,1,1,0,0,0,
foreground_color_permutation,arc-gen,252,fg_8_to_4,1,1,0,0,0,
foreground_color_permutation,arc-gen,252,fg_8_to_5,1,1,0,0,0,
foreground_color_permutation,arc-gen,252,fg_8_to_6,1,1,0,0,0,
foreground_color_permutation,arc-gen,252,fg_8_to_7,1,1,0,0,0,
foreground_color_permutation,arc-gen,252,fg_8_to_9,1,1,0,0,0,
foreground_color_permutation,arc-gen,253,fg_2_to_1,1,1,0,0,0,
foreground_color_permutation,arc-gen,253,fg_2_to_4,1,1,0,0,0,
foreground_color_permutation,arc-gen,253,fg_2_to_5,1,1,0,0,0,
foreground_color_permutation,arc-gen,253,fg_2_to_6,1,1,0,0,0,
foreground_color_permutation,arc-gen,253,fg_2_to_7,1,1,0,0,0,
foreground_color_permutation,arc-gen,253,fg_2_to_8,1,1,0,0,0,
foreground_color_permutation,arc-gen,253,fg_2_to_9,1,1,0,0,0,
foreground_color_permutation,arc-gen,254,fg_6_to_1,1,1,0,0,0,
foreground_color_permutation,arc-gen,254,fg_6_to_2,1,1,0,0,0,
foreground_color_permutation,arc-gen,254,fg_6_to_4,1,1,0,0,0,
foreground_color_permutation,arc-gen,254,fg_6_to_5,1,1,0,0,0,
foreground_color_permutation,arc-gen,254,fg_6_to_7,1,1,0,0,0,
foreground_color_permutation,arc-gen,254,fg_6_to_8,1,1,0,0,0,
foreground_color_permutation,arc-gen,254,fg_6_to_9,1,1,0,0,0,
foreground_color_permutation,arc-gen,255,fg_5_to_1,1,1,0,0,0,
foreground_color_permutation,arc-gen,255,fg_5_to_2,1,1,0,0,0,
foreground_color_permutation,arc-gen,255,fg_5_to_4,1,1,0,0,0,
foreground_color_permutation,arc-gen,255,fg_5_to_6,1,1,0,0,0,
foreground_color_permutation,arc-gen,255,fg_5_to_7,1,1,0,0,0,
foreground_color_permutation,arc-gen,255,fg_5_to_8,1,1,0,0,0,
foreground_color_permutation,arc-gen,255,fg_5_to_9,1,1,0,0,0,
foreground_color_permutation,arc-gen,256,fg_2_to_1,1,0,48,0,48,
foreground_color_permutation,arc-gen,256,fg_2_to_4,1,0,48,0,48,
foreground_color_permutation,arc-gen,256,fg_2_to_5,1,0,48,0,48,
foreground_color_permutation,arc-gen,256,fg_2_to_6,1,0,48,0,48,
foreground_color_permutation,arc-gen,256,fg_2_to_7,1,0,48,0,48,
foreground_color_permutation,arc-gen,256,fg_2_to_8,1,0,48,0,48,
foreground_color_permutation,arc-gen,256,fg_2_to_9,1,0,48,0,48,
foreground_color_permutation,arc-gen,257,fg_7_to_1,1,1,0,0,0,
foreground_color_permutation,arc-gen,257,fg_7_to_2,1,1,0,0,0,
foreground_color_permutation,arc-gen,257,fg_7_to_4,1,1,0,0,0,
foreground_color_permutation,arc-gen,257,fg_7_to_5,1,1,0,0,0,
foreground_color_permutation,arc-gen,257,fg_7_to_6,1,1,0,0,0,
foreground_color_permutation,arc-gen,257,fg_7_to_8,1,1,0,0,0,
foreground_color_permutation,arc-gen,257,fg_7_to_9,1,1,0,0,0,
foreground_color_permutation,arc-gen,258,fg_5_to_1,1,1,0,0,0,
foreground_color_permutation,arc-gen,258,fg_5_to_2,1,1,0,0,0,
foreground_color_permutation,arc-gen,258,fg_5_to_4,1,1,0,0,0,
foreground_color_permutation,arc-gen,258,fg_5_to_6,1,1,0,0,0,
foreground_color_permutation,arc-gen,258,fg_5_to_7,1,1,0,0,0,
foreground_color_permutation,arc-gen,258,fg_5_to_8,1,1,0,0,0,
foreground_color_permutation,arc-gen,258,fg_5_to_9,1,1,0,0,0,
foreground_color_permutation,arc-gen,259,fg_4_to_1,1,1,0,0,0,
foreground_color_permutation,arc-gen,259,fg_4_to_2,1,1,0,0,0,
foreground_color_permutation,arc-gen,259,fg_4_to_5,1,1,0,0,0,
foreground_color_permutation,arc-gen,259,fg_4_to_6,1,1,0,0,0,
foreground_color_permutation,arc-gen,259,fg_4_to_7,1,1,0,0,0,
foreground_color_permutation,arc-gen,259,fg_4_to_8,1,1,0,0,0,
foreground_color_permutation,arc-gen,259,fg_4_to_9,1,1,0,0,0,
foreground_color_permutation,arc-gen,260,fg_7_to_1,1,1,0,0,0,
foreground_color_permutation,arc-gen,260,fg_7_to_2,1,1,0,0,0,
foreground_color_permutation,arc-gen,260,fg_7_to_4,1,1,0,0,0,
foreground_color_permutation,arc-gen,260,fg_7_to_5,1,1,0,0,0,
foreground_color_permutation,arc-gen,260,fg_7_to_6,1,1,0,0,0,
foreground_color_permutation,arc-gen,260,fg_7_to_8,1,1,0,0,0,
foreground_color_permutation,arc-gen,260,fg_7_to_9,1,1,0,0,0,
safe_zero_padded_translation,train,0,"dr=-1,dc=0",0,0,0,0,0,translation would clip foreground or target-3 cells
safe_zero_padded_translation,train,0,"dr=1,dc=0",0,0,0,0,0,translation would clip foreground or target-3 cells
safe_zero_padded_translation,train,0,"dr=0,dc=-1",0,0,0,0,0,translation would clip foreground or target-3 cells
safe_zero_padded_translation,train,0,"dr=0,dc=1",0,0,0,0,0,translation would clip foreground or target-3 cells
safe_zero_padded_translation,train,0,"dr=-2,dc=0",0,0,0,0,0,translation would clip foreground or target-3 cells
safe_zero_padded_translation,train,0,"dr=2,dc=0",0,0,0,0,0,translation would clip foreground or target-3 cells
safe_zero_padded_translation,train,0,"dr=0,dc=-2",0,0,0,0,0,translation would clip foreground or target-3 cells
safe_zero_padded_translation,train,0,"dr=0,dc=2",0,0,0,0,0,translation would clip foreground or target-3 cells
safe_zero_padded_translation,train,1,"dr=-1,dc=0",0,0,0,0,0,translation would clip foreground or target-3 cells
safe_zero_padded_translation,train,1,"dr=1,dc=0",0,0,0,0,0,translation would clip foreground or target-3 cells
safe_zero_padded_translation,train,1,"dr=0,dc=-1",0,0,0,0,0,translation would clip foreground or target-3 cells
safe_zero_padded_translation,train,1,"dr=0,dc=1",0,0,0,0,0,translation would clip foreground or target-3 cells
safe_zero_padded_translation,train,1,"dr=-2,dc=0",0,0,0,0,0,translation would clip foreground or target-3 cells
safe_zero_padded_translation,train,1,"dr=2,dc=0",0,0,0,0,0,translation would clip foreground or target-3 cells
safe_zero_padded_translation,train,1,"dr=0,dc=-2",0,0,0,0,0,translation would clip foreground or target-3 cells
safe_zero_padded_translation,train,1,"dr=0,dc=2",0,0,0,0,0,translation would clip foreground or target-3 cells
safe_zero_padded_translation,train,2,"dr=-1,dc=0",0,0,0,0,0,translation would clip foreground or target-3 cells
safe_zero_padded_translation,train,2,"dr=1,dc=0",0,0,0,0,0,translation would clip foreground or target-3 cells
safe_zero_padded_translation,train,2,"dr=0,dc=-1",0,0,0,0,0,translation would clip foreground or target-3 cells
safe_zero_padded_translation,train,2,"dr=0,dc=1",0,0,0,0,0,translation would clip foreground or target-3 cells
safe_zero_padded_translation,train,2,"dr=-2,dc=0",0,0,0,0,0,translation would clip foreground or target-3 cells
safe_zero_padded_translation,train,2,"dr=2,dc=0",0,0,0,0,0,translation would clip foreground or target-3 cells
safe_zero_padded_translation,train,2,"dr=0,dc=-2",0,0,0,0,0,translation would clip foreground or target-3 cells
safe_zero_padded_translation,train,2,"dr=0,dc=2",0,0,0,0,0,translation would clip foreground or target-3 cells
safe_zero_padded_translation,test,0,"dr=-1,dc=0",0,0,0,0,0,translation would clip foreground or target-3 cells
safe_zero_padded_translation,test,0,"dr=1,dc=0",0,0,0,0,0,translation would clip foreground or target-3 cells
safe_zero_padded_translation,test,0,"dr=0,dc=-1",0,0,0,0,0,translation would clip foreground or target-3 cells
safe_zero_padded_translation,test,0,"dr=0,dc=1",0,0,0,0,0,translation would clip foreground or target-3 cells
safe_zero_padded_translation,test,0,"dr=-2,dc=0",0,0,0,0,0,translation would clip foreground or target-3 cells
safe_zero_padded_translation,test,0,"dr=2,dc=0",0,0,0,0,0,translation would clip foreground or target-3 cells
safe_zero_padded_translation,test,0,"dr=0,dc=-2",0,0,0,0,0,translation would clip foreground or target-3 cells
safe_zero_padded_translation,test,0,"dr=0,dc=2",0,0,0,0,0,translation would clip foreground or target-3 cells
safe_zero_padded_translation,arc-gen,0,"dr=-1,dc=0",0,0,0,0,0,translation would clip foreground or target-3 cells
safe_zero_padded_translation,arc-gen,0,"dr=1,dc=0",0,0,0,0,0,translation would clip foreground or target-3 cells
safe_zero_padded_translation,arc-gen,0,"dr=0,dc=-1",0,0,0,0,0,translation would clip foreground or target-3 cells
safe_zero_padded_translation,arc-gen,0,"dr=0,dc=1",0,0,0,0,0,translation would clip foreground or target-3 cells
safe_zero_padded_translation,arc-gen,0,"dr=-2,dc=0",0,0,0,0,0,translation would clip foreground or target-3 cells
safe_zero_padded_translation,arc-gen,0,"dr=2,dc=0",0,0,0,0,0,translation would clip foreground or target-3 cells
safe_zero_padded_translation,arc-gen,0,"dr=0,dc=-2",0,0,0,0,0,translation would clip foreground or target-3 cells
safe_zero_padded_translation,arc-gen,0,"dr=0,dc=2",0,0,0,0,0,translation would clip foreground or target-3 cells
safe_zero_padded_translation,arc-gen,1,"dr=-1,dc=0",0,0,0,0,0,translation would clip foreground or target-3 cells
safe_zero_padded_translation,arc-gen,1,"dr=1,dc=0",0,0,0,0,0,translation would clip foreground or target-3 cells
safe_zero_padded_translation,arc-gen,1,"dr=0,dc=-1",0,0,0,0,0,translation would clip foreground or target-3 cells
safe_zero_padded_translation,arc-gen,1,"dr=0,dc=1",0,0,0,0,0,translation would clip foreground or target-3 cells
safe_zero_padded_translation,arc-gen,1,"dr=-2,dc=0",0,0,0,0,0,translation would clip foreground or target-3 cells
safe_zero_padded_translation,arc-gen,1,"dr=2,dc=0",0,0,0,0,0,translation would clip foreground or target-3 cells
safe_zero_padded_translation,arc-gen,1,"dr=0,dc=-2",0,0,0,0,0,translation would clip foreground or target-3 cells
safe_zero_padded_translation,arc-gen,1,"dr=0,dc=2",0,0,0,0,0,translation would clip foreground or target-3 cells
safe_zero_padded_translation,arc-gen,2,"dr=-1,dc=0",0,0,0,0,0,translation would clip foreground or target-3 cells
safe_zero_padded_translation,arc-gen,2,"dr=1,dc=0",0,0,0,0,0,translation would clip foreground or target-3 cells
safe_zero_padded_translation,arc-gen,2,"dr=0,dc=-1",0,0,0,0,0,translation would clip foreground or target-3 cells
safe_zero_padded_translation,arc-gen,2,"dr=0,dc=1",0,0,0,0,0,translation would clip foreground or target-3 cells
safe_zero_padded_translation,arc-gen,2,"dr=-2,dc=0",0,0,0,0,0,translation would clip foreground or target-3 cells
safe_zero_padded_translation,arc-gen,2,"dr=2,dc=0",0,0,0,0,0,translation would clip foreground or target-3 cells
safe_zero_padded_translation,arc-gen,2,"dr=0,dc=-2",0,0,0,0,0,translation would clip foreground or target-3 cells
safe_zero_padded_translation,arc-gen,2,"dr=0,dc=2",0,0,0,0,0,translation would clip foreground or target-3 cells
safe_zero_padded_translation,arc-gen,3,"dr=-1,dc=0",0,0,0,0,0,translation would clip foreground or target-3 cells
safe_zero_padded_translation,arc-gen,3,"dr=1,dc=0",0,0,0,0,0,translation would clip foreground or target-3 cells
safe_zero_padded_translation,arc-gen,3,"dr=0,dc=-1",0,0,0,0,0,translation would clip foreground or target-3 cells
safe_zero_padded_translation,arc-gen,3,"dr=0,dc=1",0,0,0,0,0,translation would clip foreground or target-3 cells
safe_zero_padded_translation,arc-gen,3,"dr=-2,dc=0",0,0,0,0,0,translation would clip foreground or target-3 cells
safe_zero_padded_translation,arc-gen,3,"dr=2,dc=0",0,0,0,0,0,translation would clip foreground or target-3 cells
safe_zero_padded_translation,arc-gen,3,"dr=0,dc=-2",0,0,0,0,0,translation would clip foreground or target-3 cells
safe_zero_padded_translation,arc-gen,3,"dr=0,dc=2",0,0,0,0,0,translation would clip foreground or target-3 cells
safe_zero_padded_translation,arc-gen,4,"dr=-1,dc=0",0,0,0,0,0,translation would clip foreground or target-3 cells
safe_zero_padded_translation,arc-gen,4,"dr=1,dc=0",0,0,0,0,0,translation would clip foreground or target-3 cells
safe_zero_padded_translation,arc-gen,4,"dr=0,dc=-1",0,0,0,0,0,translation would clip foreground or target-3 cells
safe_zero_padded_translation,arc-gen,4,"dr=0,dc=1",0,0,0,0,0,translation would clip foreground or target-3 cells
safe_zero_padded_translation,arc-gen,4,"dr=-2,dc=0",0,0,0,0,0,translation would clip foreground or target-3 cells
safe_zero_padded_translation,arc-gen,4,"dr=2,dc=0",0,0,0,0,0,translation would clip foreground or target-3 cells
safe_zero_padded_translation,arc-gen,4,"dr=0,dc=-2",0,0,0,0,0,translation would clip foreground or target-3 cells
safe_zero_padded_translation,arc-gen,4,"dr=0,dc=2",0,0,0,0,0,translation would clip foreground or target-3 cells
safe_zero_padded_translation,arc-gen,5,"dr=-1,dc=0",0,0,0,0,0,translation would clip foreground or target-3 cells
safe_zero_padded_translation,arc-gen,5,"dr=1,dc=0",0,0,0,0,0,translation would clip foreground or target-3 cells
safe_zero_padded_translation,arc-gen,5,"dr=0,dc=-1",0,0,0,0,0,translation would clip foreground or target-3 cells
safe_zero_padded_translation,arc-gen,5,"dr=0,dc=1",0,0,0,0,0,translation would clip foreground or target-3 cells
safe_zero_padded_translation,arc-gen,5,"dr=-2,dc=0",0,0,0,0,0,translation would clip foreground or target-3 cells
safe_zero_padded_translation,arc-gen,5,"dr=2,dc=0",0,0,0,0,0,translation would clip foreground or target-3 cells
safe_zero_padded_translation,arc-gen,5,"dr=0,dc=-2",0,0,0,0,0,translation would clip foreground or target-3 cells
safe_zero_padded_translation,arc-gen,5,"dr=0,dc=2",0,0,0,0,0,translation would clip foreground or target-3 cells
safe_zero_padded_translation,arc-gen,6,"dr=-1,dc=0",0,0,0,0,0,translation would clip foreground or target-3 cells
safe_zero_padded_translation,arc-gen,6,"dr=1,dc=0",0,0,0,0,0,translation would clip foreground or target-3 cells
safe_zero_padded_translation,arc-gen,6,"dr=0,dc=-1",0,0,0,0,0,translation would clip foreground or target-3 cells
safe_zero_padded_translation,arc-gen,6,"dr=0,dc=1",0,0,0,0,0,translation would clip foreground or target-3 cells
safe_zero_padded_translation,arc-gen,6,"dr=-2,dc=0",0,0,0,0,0,translation would clip foreground or target-3 cells
safe_zero_padded_translation,arc-gen,6,"dr=2,dc=0",0,0,0,0,0,translation would clip foreground or target-3 cells
safe_zero_padded_translation,arc-gen,6,"dr=0,dc=-2",0,0,0,0,0,translation would clip foreground or target-3 cells
safe_zero_padded_translation,arc-gen,6,"dr=0,dc=2",0,0,0,0,0,translation would clip foreground or target-3 cells
safe_zero_padded_translation,arc-gen,7,"dr=-1,dc=0",0,0,0,0,0,translation would clip foreground or target-3 cells
safe_zero_padded_translation,arc-gen,7,"dr=1,dc=0",0,0,0,0,0,translation would clip foreground or target-3 cells
safe_zero_padded_translation,arc-gen,7,"dr=0,dc=-1",0,0,0,0,0,translation would clip foreground or target-3 cells
safe_zero_padded_translation,arc-gen,7,"dr=0,dc=1",0,0,0,0,0,translation would clip foreground or target-3 cells
safe_zero_padded_translation,arc-gen,7,"dr=-2,dc=0",0,0,0,0,0,translation would clip foreground or target-3 cells
safe_zero_padded_translation,arc-gen,7,"dr=2,dc=0",0,0,0,0,0,translation would clip foreground or target-3 cells
safe_zero_padded_translation,arc-gen,7,"dr=0,dc=-2",0,0,0,0,0,translation would clip foreground or target-3 cells
safe_zero_padded_translation,arc-gen,7,"dr=0,dc=2",0,0,0,0,0,translation would clip foreground or target-3 cells
safe_zero_padded_translation,arc-gen,8,"dr=-1,dc=0",0,0,0,0,0,translation would clip foreground or target-3 cells
safe_zero_padded_translation,arc-gen,8,"dr=1,dc=0",0,0,0,0,0,translation would clip foreground or target-3 cells
safe_zero_padded_translation,arc-gen,8,"dr=0,dc=-1",0,0,0,0,0,translation would clip foreground or target-3 cells
safe_zero_padded_translation,arc-gen,8,"dr=0,dc=1",0,0,0,0,0,translation would clip foreground or target-3 cells
safe_zero_padded_translation,arc-gen,8,"dr=-2,dc=0",0,0,0,0,0,translation would clip foreground or target-3 cells
safe_zero_padded_translation,arc-gen,8,"dr=2,dc=0",0,0,0,0,0,translation would clip foreground or target-3 cells
safe_zero_padded_translation,arc-gen,8,"dr=0,dc=-2",0,0,0,0,0,translation would clip foreground or target-3 cells
safe_zero_padded_translation,arc-gen,8,"dr=0,dc=2",0,0,0,0,0,translation would clip foreground or target-3 cells
safe_zero_padded_translation,arc-gen,9,"dr=-1,dc=0",0,0,0,0,0,translation would clip foreground or target-3 cells
safe_zero_padded_translation,arc-gen,9,"dr=1,dc=0",0,0,0,0,0,translation would clip foreground or target-3 cells
safe_zero_padded_translation,arc-gen,9,"dr=0,dc=-1",0,0,0,0,0,translation would clip foreground or target-3 cells
safe_zero_padded_translation,arc-gen,9,"dr=0,dc=1",0,0,0,0,0,translation would clip foreground or target-3 cells
safe_zero_padded_translation,arc-gen,9,"dr=-2,dc=0",0,0,0,0,0,translation would clip foreground or target-3 cells
safe_zero_padded_translation,arc-gen,9,"dr=2,dc=0",0,0,0,0,0,translation would clip foreground or target-3 cells
safe_zero_padded_translation,arc-gen,9,"dr=0,dc=-2",0,0,0,0,0,translation would clip foreground or target-3 cells
safe_zero_padded_translation,arc-gen,9,"dr=0,dc=2",0,0,0,0,0,translation would clip foreground or target-3 cells
safe_zero_padded_translation,arc-gen,10,"dr=-1,dc=0",0,0,0,0,0,translation would clip foreground or target-3 cells
safe_zero_padded_translation,arc-gen,10,"dr=1,dc=0",0,0,0,0,0,translation would clip foreground or target-3 cells
safe_zero_padded_translation,arc-gen,10,"dr=0,dc=-1",0,0,0,0,0,translation would clip foreground or target-3 cells
safe_zero_padded_translation,arc-gen,10,"dr=0,dc=1",0,0,0,0,0,translation would clip foreground or target-3 cells
safe_zero_padded_translation,arc-gen,10,"dr=-2,dc=0",0,0,0,0,0,translation would clip foreground or target-3 cells
safe_zero_padded_translation,arc-gen,10,"dr=2,dc=0",0,0,0,0,0,translation would clip foreground or target-3 cells
safe_zero_padded_translation,arc-gen,10,"dr=0,dc=-2",0,0,0,0,0,translation would clip foreground or target-3 cells
safe_zero_padded_translation,arc-gen,10,"dr=0,dc=2",0,0,0,0,0,translation would clip foreground or target-3 cells
safe_zero_padded_translation,arc-gen,11,"dr=-1,dc=0",0,0,0,0,0,translation would clip foreground or target-3 cells
safe_zero_padded_translation,arc-gen,11,"dr=1,dc=0",0,0,0,0,0,translation would clip foreground or target-3 cells
safe_zero_padded_translation,arc-gen,11,"dr=0,dc=-1",0,0,0,0,0,translation would clip foreground or target-3 cells
safe_zero_padded_translation,arc-gen,11,"dr=0,dc=1",0,0,0,0,0,translation would clip foreground or target-3 cells
safe_zero_padded_translation,arc-gen,11,"dr=-2,dc=0",0,0,0,0,0,translation would clip foreground or target-3 cells
safe_zero_padded_translation,arc-gen,11,"dr=2,dc=0",0,0,0,0,0,translation would clip foreground or target-3 cells
safe_zero_padded_translation,arc-gen,11,"dr=0,dc=-2",0,0,0,0,0,translation would clip foreground or target-3 cells
safe_zero_padded_translation,arc-gen,11,"dr=0,dc=2",0,0,0,0,0,translation would clip foreground or target-3 cells
safe_zero_padded_translation,arc-gen,12,"dr=-1,dc=0",0,0,0,0,0,translation would clip foreground or target-3 cells
safe_zero_padded_translation,arc-gen,12,"dr=1,dc=0",0,0,0,0,0,translation would clip foreground or target-3 cells
safe_zero_padded_translation,arc-gen,12,"dr=0,dc=-1",0,0,0,0,0,translation would clip foreground or target-3 cells
safe_zero_padded_translation,arc-gen,12,"dr=0,dc=1",0,0,0,0,0,translation would clip foreground or target-3 cells
safe_zero_padded_translation,arc-gen,12,"dr=-2,dc=0",0,0,0,0,0,translation would clip foreground or target-3 cells
safe_zero_padded_translation,arc-gen,12,"dr=2,dc=0",0,0,0,0,0,translation would clip foreground or target-3 cells
safe_zero_padded_translation,arc-gen,12,"dr=0,dc=-2",0,0,0,0,0,translation would clip foreground or target-3 cells
safe_zero_padded_translation,arc-gen,12,"dr=0,dc=2",0,0,0,0,0,translation would clip foreground or target-3 cells
safe_zero_padded_translation,arc-gen,13,"dr=-1,dc=0",0,0,0,0,0,translation would clip foreground or target-3 cells
safe_zero_padded_translation,arc-gen,13,"dr=1,dc=0",0,0,0,0,0,translation would clip foreground or target-3 cells
safe_zero_padded_translation,arc-gen,13,"dr=0,dc=-1",0,0,0,0,0,translation would clip foreground or target-3 cells
safe_zero_padded_translation,arc-gen,13,"dr=0,dc=1",0,0,0,0,0,translation would clip foreground or target-3 cells
safe_zero_padded_translation,arc-gen,13,"dr=-2,dc=0",0,0,0,0,0,translation would clip foreground or target-3 cells
safe_zero_padded_translation,arc-gen,13,"dr=2,dc=0",0,0,0,0,0,translation would clip foreground or target-3 cells
safe_zero_padded_translation,arc-gen,13,"dr=0,dc=-2",0,0,0,0,0,translation would clip foreground or target-3 cells
safe_zero_padded_translation,arc-gen,13,"dr=0,dc=2",0,0,0,0,0,translation would clip foreground or target-3 cells
safe_zero_padded_translation,arc-gen,14,"dr=-1,dc=0",0,0,0,0,0,translation would clip foreground or target-3 cells
safe_zero_padded_translation,arc-gen,14,"dr=1,dc=0",0,0,0,0,0,translation would clip foreground or target-3 cells
safe_zero_padded_translation,arc-gen,14,"dr=0,dc=-1",0,0,0,0,0,translation would clip foreground or target-3 cells
safe_zero_padded_translation,arc-gen,14,"dr=0,dc=1",0,0,0,0,0,translation would clip foreground or target-3 cells
safe_zero_padded_translation,arc-gen,14,"dr=-2,dc=0",0,0,0,0,0,translation would clip foreground or target-3 cells
safe_zero_padded_translation,arc-gen,14,"dr=2,dc=0",0,0,0,0,0,translation would clip foreground or target-3 cells
safe_zero_padded_translation,arc-gen,14,"dr=0,dc=-2",0,0,0,0,0,translation would clip foreground or target-3 cells
safe_zero_padded_translation,arc-gen,14,"dr=0,dc=2",0,0,0,0,0,translation would clip foreground or target-3 cells
safe_zero_padded_translation,arc-gen,15,"dr=-1,dc=0",0,0,0,0,0,translation would clip foreground or target-3 cells
safe_zero_padded_translation,arc-gen,15,"dr=1,dc=0",0,0,0,0,0,translation would clip foreground or target-3 cells
safe_zero_padded_translation,arc-gen,15,"dr=0,dc=-1",0,0,0,0,0,translation would clip foreground or target-3 cells
safe_zero_padded_translation,arc-gen,15,"dr=0,dc=1",0,0,0,0,0,translation would clip foreground or target-3 cells
safe_zero_padded_translation,arc-gen,15,"dr=-2,dc=0",0,0,0,0,0,translation would clip foreground or target-3 cells
safe_zero_padded_translation,arc-gen,15,"dr=2,dc=0",0,0,0,0,0,translation would clip foreground or target-3 cells
safe_zero_padded_translation,arc-gen,15,"dr=0,dc=-2",0,0,0,0,0,translation would clip foreground or target-3 cells
safe_zero_padded_translation,arc-gen,15,"dr=0,dc=2",0,0,0,0,0,translation would clip foreground or target-3 cells
safe_zero_padded_translation,arc-gen,16,"dr=-1,dc=0",0,0,0,0,0,translation would clip foreground or target-3 cells
safe_zero_padded_translation,arc-gen,16,"dr=1,dc=0",0,0,0,0,0,translation would clip foreground or target-3 cells
safe_zero_padded_translation,arc-gen,16,"dr=0,dc=-1",0,0,0,0,0,translation would clip foreground or target-3 cells
safe_zero_padded_translation,arc-gen,16,"dr=0,dc=1",0,0,0,0,0,translation would clip foreground or target-3 cells
safe_zero_padded_translation,arc-gen,16,"dr=-2,dc=0",0,0,0,0,0,translation would clip foreground or target-3 cells
safe_zero_padded_translation,arc-gen,16,"dr=2,dc=0",0,0,0,0,0,translation would clip foreground or target-3 cells
safe_zero_padded_translation,arc-gen,16,"dr=0,dc=-2",0,0,0,0,0,translation would clip foreground or target-3 cells
safe_zero_padded_translation,arc-gen,16,"dr=0,dc=2",0,0,0,0,0,translation would clip foreground or target-3 cells
safe_zero_padded_translation,arc-gen,17,"dr=-1,dc=0",0,0,0,0,0,translation would clip foreground or target-3 cells
safe_zero_padded_translation,arc-gen,17,"dr=1,dc=0",0,0,0,0,0,translation would clip foreground or target-3 cells
safe_zero_padded_translation,arc-gen,17,"dr=0,dc=-1",0,0,0,0,0,translation would clip foreground or target-3 cells
safe_zero_padded_translation,arc-gen,17,"dr=0,dc=1",0,0,0,0,0,translation would clip foreground or target-3 cells
safe_zero_padded_translation,arc-gen,17,"dr=-2,dc=0",0,0,0,0,0,translation would clip foreground or target-3 cells
safe_zero_padded_translation,arc-gen,17,"dr=2,dc=0",0,0,0,0,0,translation would clip foreground or target-3 cells
safe_zero_padded_translation,arc-gen,17,"dr=0,dc=-2",0,0,0,0,0,translation would clip foreground or target-3 cells
safe_zero_padded_translation,arc-gen,17,"dr=0,dc=2",0,0,0,0,0,translation would clip foreground or target-3 cells
safe_zero_padded_translation,arc-gen,18,"dr=-1,dc=0",0,0,0,0,0,translation would clip foreground or target-3 cells
safe_zero_padded_translation,arc-gen,18,"dr=1,dc=0",0,0,0,0,0,translation would clip foreground or target-3 cells
safe_zero_padded_translation,arc-gen,18,"dr=0,dc=-1",0,0,0,0,0,translation would clip foreground or target-3 cells
safe_zero_padded_translation,arc-gen,18,"dr=0,dc=1",0,0,0,0,0,translation would clip foreground or target-3 cells
safe_zero_padded_translation,arc-gen,18,"dr=-2,dc=0",0,0,0,0,0,translation would clip foreground or target-3 cells
safe_zero_padded_translation,arc-gen,18,"dr=2,dc=0",0,0,0,0,0,translation would clip foreground or target-3 cells
safe_zero_padded_translation,arc-gen,18,"dr=0,dc=-2",0,0,0,0,0,translation would clip foreground or target-3 cells
safe_zero_padded_translation,arc-gen,18,"dr=0,dc=2",0,0,0,0,0,translation would clip foreground or target-3 cells
safe_zero_padded_translation,arc-gen,19,"dr=-1,dc=0",0,0,0,0,0,translation would clip foreground or target-3 cells
safe_zero_padded_translation,arc-gen,19,"dr=1,dc=0",0,0,0,0,0,translation would clip foreground or target-3 cells
safe_zero_padded_translation,arc-gen,19,"dr=0,dc=-1",0,0,0,0,0,translation would clip foreground or target-3 cells
safe_zero_padded_translation,arc-gen,19,"dr=0,dc=1",0,0,0,0,0,translation would clip foreground or target-3 cells
safe_zero_padded_translation,arc-gen,19,"dr=-2,dc=0",0,0,0,0,0,translation would clip foreground or target-3 cells
safe_zero_padded_translation,arc-gen,19,"dr=2,dc=0",0,0,0,0,0,translation would clip foreground or target-3 cells
safe_zero_padded_translation,arc-gen,19,"dr=0,dc=-2",0,0,0,0,0,translation would clip foreground or target-3 cells
safe_zero_padded_translation,arc-gen,19,"dr=0,dc=2",0,0,0,0,0,translation would clip foreground or target-3 cells
safe_zero_padded_translation,arc-gen,20,"dr=-1,dc=0",0,0,0,0,0,translation would clip foreground or target-3 cells
safe_zero_padded_translation,arc-gen,20,"dr=1,dc=0",0,0,0,0,0,translation would clip foreground or target-3 cells
safe_zero_padded_translation,arc-gen,20,"dr=0,dc=-1",0,0,0,0,0,translation would clip foreground or target-3 cells
safe_zero_padded_translation,arc-gen,20,"dr=0,dc=1",0,0,0,0,0,translation would clip foreground or target-3 cells
safe_zero_padded_translation,arc-gen,20,"dr=-2,dc=0",0,0,0,0,0,translation would clip foreground or target-3 cells
safe_zero_padded_translation,arc-gen,20,"dr=2,dc=0",0,0,0,0,0,translation would clip foreground or target-3 cells
safe_zero_padded_translation,arc-gen,20,"dr=0,dc=-2",0,0,0,0,0,translation would clip foreground or target-3 cells
safe_zero_padded_translation,arc-gen,20,"dr=0,dc=2",0,0,0,0,0,translation would clip foreground or target-3 cells
safe_zero_padded_translation,arc-gen,21,"dr=-1,dc=0",0,0,0,0,0,translation would clip foreground or target-3 cells
safe_zero_padded_translation,arc-gen,21,"dr=1,dc=0",0,0,0,0,0,translation would clip foreground or target-3 cells
safe_zero_padded_translation,arc-gen,21,"dr=0,dc=-1",0,0,0,0,0,translation would clip foreground or target-3 cells
safe_zero_padded_translation,arc-gen,21,"dr=0,dc=1",0,0,0,0,0,translation would clip foreground or target-3 cells
safe_zero_padded_translation,arc-gen,21,"dr=-2,dc=0",0,0,0,0,0,translation would clip foreground or target-3 cells
safe_zero_padded_translation,arc-gen,21,"dr=2,dc=0",0,0,0,0,0,translation would clip foreground or target-3 cells
safe_zero_padded_translation,arc-gen,21,"dr=0,dc=-2",0,0,0,0,0,translation would clip foreground or target-3 cells
safe_zero_padded_translation,arc-gen,21,"dr=0,dc=2",0,0,0,0,0,translation would clip foreground or target-3 cells
safe_zero_padded_translation,arc-gen,22,"dr=-1,dc=0",0,0,0,0,0,translation would clip foreground or target-3 cells
safe_zero_padded_translation,arc-gen,22,"dr=1,dc=0",0,0,0,0,0,translation would clip foreground or target-3 cells
safe_zero_padded_translation,arc-gen,22,"dr=0,dc=-1",0,0,0,0,0,translation would clip foreground or target-3 cells
safe_zero_padded_translation,arc-gen,22,"dr=0,dc=1",0,0,0,0,0,translation would clip foreground or target-3 cells
safe_zero_padded_translation,arc-gen,22,"dr=-2,dc=0",0,0,0,0,0,translation would clip foreground or target-3 cells
safe_zero_padded_translation,arc-gen,22,"dr=2,dc=0",0,0,0,0,0,translation would clip foreground or target-3 cells
safe_zero_padded_translation,arc-gen,22,"dr=0,dc=-2",0,0,0,0,0,translation would clip foreground or target-3 cells
safe_zero_padded_translation,arc-gen,22,"dr=0,dc=2",0,0,0,0,0,translation would clip foreground or target-3 cells
safe_zero_padded_translation,arc-gen,23,"dr=-1,dc=0",0,0,0,0,0,translation would clip foreground or target-3 cells
safe_zero_padded_translation,arc-gen,23,"dr=1,dc=0",0,0,0,0,0,translation would clip foreground or target-3 cells
safe_zero_padded_translation,arc-gen,23,"dr=0,dc=-1",0,0,0,0,0,translation would clip foreground or target-3 cells
safe_zero_padded_translation,arc-gen,23,"dr=0,dc=1",0,0,0,0,0,translation would clip foreground or target-3 cells
safe_zero_padded_translation,arc-gen,23,"dr=-2,dc=0",0,0,0,0,0,translation would clip foreground or target-3 cells
safe_zero_padded_translation,arc-gen,23,"dr=2,dc=0",0,0,0,0,0,translation would clip foreground or target-3 cells
safe_zero_padded_translation,arc-gen,23,"dr=0,dc=-2",0,0,0,0,0,translation would clip foreground or target-3 cells
safe_zero_padded_translation,arc-gen,23,"dr=0,dc=2",0,0,0,0,0,translation would clip foreground or target-3 cells
safe_zero_padded_translation,arc-gen,24,"dr=-1,dc=0",0,0,0,0,0,translation would clip foreground or target-3 cells
safe_zero_padded_translation,arc-gen,24,"dr=1,dc=0",0,0,0,0,0,translation would clip foreground or target-3 cells
safe_zero_padded_translation,arc-gen,24,"dr=0,dc=-1",0,0,0,0,0,translation would clip foreground or target-3 cells
safe_zero_padded_translation,arc-gen,24,"dr=0,dc=1",0,0,0,0,0,translation would clip foreground or target-3 cells
safe_zero_padded_translation,arc-gen,24,"dr=-2,dc=0",0,0,0,0,0,translation would clip foreground or target-3 cells
safe_zero_padded_translation,arc-gen,24,"dr=2,dc=0",0,0,0,0,0,translation would clip foreground or target-3 cells
safe_zero_padded_translation,arc-gen,24,"dr=0,dc=-2",0,0,0,0,0,translation would clip foreground or target-3 cells
safe_zero_padded_translation,arc-gen,24,"dr=0,dc=2",0,0,0,0,0,translation would clip foreground or target-3 cells
safe_zero_padded_translation,arc-gen,25,"dr=-1,dc=0",0,0,0,0,0,translation would clip foreground or target-3 cells
safe_zero_padded_translation,arc-gen,25,"dr=1,dc=0",0,0,0,0,0,translation would clip foreground or target-3 cells
safe_zero_padded_translation,arc-gen,25,"dr=0,dc=-1",0,0,0,0,0,translation would clip foreground or target-3 cells
safe_zero_padded_translation,arc-gen,25,"dr=0,dc=1",0,0,0,0,0,translation would clip foreground or target-3 cells
safe_zero_padded_translation,arc-gen,25,"dr=-2,dc=0",0,0,0,0,0,translation would clip foreground or target-3 cells
safe_zero_padded_translation,arc-gen,25,"dr=2,dc=0",0,0,0,0,0,translation would clip foreground or target-3 cells
safe_zero_padded_translation,arc-gen,25,"dr=0,dc=-2",0,0,0,0,0,translation would clip foreground or target-3 cells
safe_zero_padded_translation,arc-gen,25,"dr=0,dc=2",0,0,0,0,0,translation would clip foreground or target-3 cells
safe_zero_padded_translation,arc-gen,26,"dr=-1,dc=0",0,0,0,0,0,translation would clip foreground or target-3 cells
safe_zero_padded_translation,arc-gen,26,"dr=1,dc=0",0,0,0,0,0,translation would clip foreground or target-3 cells
safe_zero_padded_translation,arc-gen,26,"dr=0,dc=-1",0,0,0,0,0,translation would clip foreground or target-3 cells
safe_zero_padded_translation,arc-gen,26,"dr=0,dc=1",0,0,0,0,0,translation would clip foreground or target-3 cells
safe_zero_padded_translation,arc-gen,26,"dr=-2,dc=0",0,0,0,0,0,translation would clip foreground or target-3 cells
safe_zero_padded_translation,arc-gen,26,"dr=2,dc=0",0,0,0,0,0,translation would clip foreground or target-3 cells
safe_zero_padded_translation,arc-gen,26,"dr=0,dc=-2",0,0,0,0,0,translation would clip foreground or target-3 cells
safe_zero_padded_translation,arc-gen,26,"dr=0,dc=2",0,0,0,0,0,translation would clip foreground or target-3 cells
safe_zero_padded_translation,arc-gen,27,"dr=-1,dc=0",0,0,0,0,0,translation would clip foreground or target-3 cells
safe_zero_padded_translation,arc-gen,27,"dr=1,dc=0",0,0,0,0,0,translation would clip foreground or target-3 cells
safe_zero_padded_translation,arc-gen,27,"dr=0,dc=-1",0,0,0,0,0,translation would clip foreground or target-3 cells
safe_zero_padded_translation,arc-gen,27,"dr=0,dc=1",0,0,0,0,0,translation would clip foreground or target-3 cells
safe_zero_padded_translation,arc-gen,27,"dr=-2,dc=0",0,0,0,0,0,translation would clip foreground or target-3 cells
safe_zero_padded_translation,arc-gen,27,"dr=2,dc=0",0,0,0,0,0,translation would clip foreground or target-3 cells
safe_zero_padded_translation,arc-gen,27,"dr=0,dc=-2",0,0,0,0,0,translation would clip foreground or target-3 cells
safe_zero_padded_translation,arc-gen,27,"dr=0,dc=2",0,0,0,0,0,translation would clip foreground or target-3 cells
safe_zero_padded_translation,arc-gen,28,"dr=-1,dc=0",0,0,0,0,0,translation would clip foreground or target-3 cells
safe_zero_padded_translation,arc-gen,28,"dr=1,dc=0",0,0,0,0,0,translation would clip foreground or target-3 cells
safe_zero_padded_translation,arc-gen,28,"dr=0,dc=-1",0,0,0,0,0,translation would clip foreground or target-3 cells
safe_zero_padded_translation,arc-gen,28,"dr=0,dc=1",0,0,0,0,0,translation would clip foreground or target-3 cells
safe_zero_padded_translation,arc-gen,28,"dr=-2,dc=0",0,0,0,0,0,translation would clip foreground or target-3 cells
safe_zero_padded_translation,arc-gen,28,"dr=2,dc=0",0,0,0,0,0,translation would clip foreground or target-3 cells
safe_zero_padded_translation,arc-gen,28,"dr=0,dc=-2",0,0,0,0,0,translation would clip foreground or target-3 cells
safe_zero_padded_translation,arc-gen,28,"dr=0,dc=2",0,0,0,0,0,translation would clip foreground or target-3 cells
safe_zero_padded_translation,arc-gen,29,"dr=-1,dc=0",0,0,0,0,0,translation would clip foreground or target-3 cells
safe_zero_padded_translation,arc-gen,29,"dr=1,dc=0",0,0,0,0,0,translation would clip foreground or target-3 cells
safe_zero_padded_translation,arc-gen,29,"dr=0,dc=-1",0,0,0,0,0,translation would clip foreground or target-3 cells
safe_zero_padded_translation,arc-gen,29,"dr=0,dc=1",0,0,0,0,0,translation would clip foreground or target-3 cells
safe_zero_padded_translation,arc-gen,29,"dr=-2,dc=0",0,0,0,0,0,translation would clip foreground or target-3 cells
safe_zero_padded_translation,arc-gen,29,"dr=2,dc=0",0,0,0,0,0,translation would clip foreground or target-3 cells
safe_zero_padded_translation,arc-gen,29,"dr=0,dc=-2",0,0,0,0,0,translation would clip foreground or target-3 cells
safe_zero_padded_translation,arc-gen,29,"dr=0,dc=2",0,0,0,0,0,translation would clip foreground or target-3 cells
safe_zero_padded_translation,arc-gen,30,"dr=-1,dc=0",0,0,0,0,0,translation would clip foreground or target-3 cells
safe_zero_padded_translation,arc-gen,30,"dr=1,dc=0",0,0,0,0,0,translation would clip foreground or target-3 cells
safe_zero_padded_translation,arc-gen,30,"dr=0,dc=-1",0,0,0,0,0,translation would clip foreground or target-3 cells
safe_zero_padded_translation,arc-gen,30,"dr=0,dc=1",0,0,0,0,0,translation would clip foreground or target-3 cells
safe_zero_padded_translation,arc-gen,30,"dr=-2,dc=0",0,0,0,0,0,translation would clip foreground or target-3 cells
safe_zero_padded_translation,arc-gen,30,"dr=2,dc=0",0,0,0,0,0,translation would clip foreground or target-3 cells
safe_zero_padded_translation,arc-gen,30,"dr=0,dc=-2",0,0,0,0,0,translation would clip foreground or target-3 cells
safe_zero_padded_translation,arc-gen,30,"dr=0,dc=2",0,0,0,0,0,translation would clip foreground or target-3 cells
safe_zero_padded_translation,arc-gen,31,"dr=-1,dc=0",0,0,0,0,0,translation would clip foreground or target-3 cells
safe_zero_padded_translation,arc-gen,31,"dr=1,dc=0",0,0,0,0,0,translation would clip foreground or target-3 cells
safe_zero_padded_translation,arc-gen,31,"dr=0,dc=-1",0,0,0,0,0,translation would clip foreground or target-3 cells
safe_zero_padded_translation,arc-gen,31,"dr=0,dc=1",0,0,0,0,0,translation would clip foreground or target-3 cells
safe_zero_padded_translation,arc-gen,31,"dr=-2,dc=0",0,0,0,0,0,translation would clip foreground or target-3 cells
safe_zero_padded_translation,arc-gen,31,"dr=2,dc=0",0,0,0,0,0,translation would clip foreground or target-3 cells
safe_zero_padded_translation,arc-gen,31,"dr=0,dc=-2",0,0,0,0,0,translation would clip foreground or target-3 cells
safe_zero_padded_translation,arc-gen,31,"dr=0,dc=2",0,0,0,0,0,translation would clip foreground or target-3 cells
safe_zero_padded_translation,arc-gen,32,"dr=-1,dc=0",0,0,0,0,0,translation would clip foreground or target-3 cells
safe_zero_padded_translation,arc-gen,32,"dr=1,dc=0",0,0,0,0,0,translation would clip foreground or target-3 cells
safe_zero_padded_translation,arc-gen,32,"dr=0,dc=-1",0,0,0,0,0,translation would clip foreground or target-3 cells
safe_zero_padded_translation,arc-gen,32,"dr=0,dc=1",0,0,0,0,0,translation would clip foreground or target-3 cells
safe_zero_padded_translation,arc-gen,32,"dr=-2,dc=0",0,0,0,0,0,translation would clip foreground or target-3 cells
safe_zero_padded_translation,arc-gen,32,"dr=2,dc=0",0,0,0,0,0,translation would clip foreground or target-3 cells
safe_zero_padded_translation,arc-gen,32,"dr=0,dc=-2",0,0,0,0,0,translation would clip foreground or target-3 cells
safe_zero_padded_translation,arc-gen,32,"dr=0,dc=2",0,0,0,0,0,translation would clip foreground or target-3 cells
safe_zero_padded_translation,arc-gen,33,"dr=-1,dc=0",0,0,0,0,0,translation would clip foreground or target-3 cells
safe_zero_padded_translation,arc-gen,33,"dr=1,dc=0",0,0,0,0,0,translation would clip foreground or target-3 cells
safe_zero_padded_translation,arc-gen,33,"dr=0,dc=-1",0,0,0,0,0,translation would clip foreground or target-3 cells
safe_zero_padded_translation,arc-gen,33,"dr=0,dc=1",0,0,0,0,0,translation would clip foreground or target-3 cells
safe_zero_padded_translation,arc-gen,33,"dr=-2,dc=0",0,0,0,0,0,translation would clip foreground or target-3 cells
safe_zero_padded_translation,arc-gen,33,"dr=2,dc=0",0,0,0,0,0,translation would clip foreground or target-3 cells
safe_zero_padded_translation,arc-gen,33,"dr=0,dc=-2",0,0,0,0,0,translation would clip foreground or target-3 cells
safe_zero_padded_translation,arc-gen,33,"dr=0,dc=2",0,0,0,0,0,translation would clip foreground or target-3 cells
safe_zero_padded_translation,arc-gen,34,"dr=-1,dc=0",0,0,0,0,0,translation would clip foreground or target-3 cells
safe_zero_padded_translation,arc-gen,34,"dr=1,dc=0",0,0,0,0,0,translation would clip foreground or target-3 cells
safe_zero_padded_translation,arc-gen,34,"dr=0,dc=-1",0,0,0,0,0,translation would clip foreground or target-3 cells
safe_zero_padded_translation,arc-gen,34,"dr=0,dc=1",0,0,0,0,0,translation would clip foreground or target-3 cells
safe_zero_padded_translation,arc-gen,34,"dr=-2,dc=0",0,0,0,0,0,translation would clip foreground or target-3 cells
safe_zero_padded_translation,arc-gen,34,"dr=2,dc=0",0,0,0,0,0,translation would clip foreground or target-3 cells
safe_zero_padded_translation,arc-gen,34,"dr=0,dc=-2",0,0,0,0,0,translation would clip foreground or target-3 cells
safe_zero_padded_translation,arc-gen,34,"dr=0,dc=2",0,0,0,0,0,translation would clip foreground or target-3 cells
safe_zero_padded_translation,arc-gen,35,"dr=-1,dc=0",0,0,0,0,0,translation would clip foreground or target-3 cells
safe_zero_padded_translation,arc-gen,35,"dr=1,dc=0",0,0,0,0,0,translation would clip foreground or target-3 cells
safe_zero_padded_translation,arc-gen,35,"dr=0,dc=-1",0,0,0,0,0,translation would clip foreground or target-3 cells
safe_zero_padded_translation,arc-gen,35,"dr=0,dc=1",0,0,0,0,0,translation would clip foreground or target-3 cells
safe_zero_padded_translation,arc-gen,35,"dr=-2,dc=0",0,0,0,0,0,translation would clip foreground or target-3 cells
safe_zero_padded_translation,arc-gen,35,"dr=2,dc=0",0,0,0,0,0,translation would clip foreground or target-3 cells
safe_zero_padded_translation,arc-gen,35,"dr=0,dc=-2",0,0,0,0,0,translation would clip foreground or target-3 cells
safe_zero_padded_translation,arc-gen,35,"dr=0,dc=2",0,0,0,0,0,translation would clip foreground or target-3 cells
safe_zero_padded_translation,arc-gen,36,"dr=-1,dc=0",0,0,0,0,0,translation would clip foreground or target-3 cells
safe_zero_padded_translation,arc-gen,36,"dr=1,dc=0",0,0,0,0,0,translation would clip foreground or target-3 cells
safe_zero_padded_translation,arc-gen,36,"dr=0,dc=-1",0,0,0,0,0,translation would clip foreground or target-3 cells
safe_zero_padded_translation,arc-gen,36,"dr=0,dc=1",0,0,0,0,0,translation would clip foreground or target-3 cells
safe_zero_padded_translation,arc-gen,36,"dr=-2,dc=0",0,0,0,0,0,translation would clip foreground or target-3 cells
safe_zero_padded_translation,arc-gen,36,"dr=2,dc=0",0,0,0,0,0,translation would clip foreground or target-3 cells
safe_zero_padded_translation,arc-gen,36,"dr=0,dc=-2",0,0,0,0,0,translation would clip foreground or target-3 cells
safe_zero_padded_translation,arc-gen,36,"dr=0,dc=2",0,0,0,0,0,translation would clip foreground or target-3 cells
safe_zero_padded_translation,arc-gen,37,"dr=-1,dc=0",0,0,0,0,0,translation would clip foreground or target-3 cells
safe_zero_padded_translation,arc-gen,37,"dr=1,dc=0",0,0,0,0,0,translation would clip foreground or target-3 cells
safe_zero_padded_translation,arc-gen,37,"dr=0,dc=-1",0,0,0,0,0,translation would clip foreground or target-3 cells
safe_zero_padded_translation,arc-gen,37,"dr=0,dc=1",0,0,0,0,0,translation would clip foreground or target-3 cells
safe_zero_padded_translation,arc-gen,37,"dr=-2,dc=0",0,0,0,0,0,translation would clip foreground or target-3 cells
safe_zero_padded_translation,arc-gen,37,"dr=2,dc=0",0,0,0,0,0,translation would clip foreground or target-3 cells
safe_zero_padded_translation,arc-gen,37,"dr=0,dc=-2",0,0,0,0,0,translation would clip foreground or target-3 cells
safe_zero_padded_translation,arc-gen,37,"dr=0,dc=2",0,0,0,0,0,translation would clip foreground or target-3 cells
safe_zero_padded_translation,arc-gen,38,"dr=-1,dc=0",0,0,0,0,0,translation would clip foreground or target-3 cells
safe_zero_padded_translation,arc-gen,38,"dr=1,dc=0",0,0,0,0,0,translation would clip foreground or target-3 cells
safe_zero_padded_translation,arc-gen,38,"dr=0,dc=-1",0,0,0,0,0,translation would clip foreground or target-3 cells
safe_zero_padded_translation,arc-gen,38,"dr=0,dc=1",0,0,0,0,0,translation would clip foreground or target-3 cells
safe_zero_padded_translation,arc-gen,38,"dr=-2,dc=0",0,0,0,0,0,translation would clip foreground or target-3 cells
safe_zero_padded_translation,arc-gen,38,"dr=2,dc=0",0,0,0,0,0,translation would clip foreground or target-3 cells
safe_zero_padded_translation,arc-gen,38,"dr=0,dc=-2",0,0,0,0,0,translation would clip foreground or target-3 cells
safe_zero_padded_translation,arc-gen,38,"dr=0,dc=2",0,0,0,0,0,translation would clip foreground or target-3 cells
safe_zero_padded_translation,arc-gen,39,"dr=-1,dc=0",0,0,0,0,0,translation would clip foreground or target-3 cells
safe_zero_padded_translation,arc-gen,39,"dr=1,dc=0",0,0,0,0,0,translation would clip foreground or target-3 cells
safe_zero_padded_translation,arc-gen,39,"dr=0,dc=-1",0,0,0,0,0,translation would clip foreground or target-3 cells
safe_zero_padded_translation,arc-gen,39,"dr=0,dc=1",0,0,0,0,0,translation would clip foreground or target-3 cells
safe_zero_padded_translation,arc-gen,39,"dr=-2,dc=0",0,0,0,0,0,translation would clip foreground or target-3 cells
safe_zero_padded_translation,arc-gen,39,"dr=2,dc=0",0,0,0,0,0,translation would clip foreground or target-3 cells
safe_zero_padded_translation,arc-gen,39,"dr=0,dc=-2",0,0,0,0,0,translation would clip foreground or target-3 cells
safe_zero_padded_translation,arc-gen,39,"dr=0,dc=2",0,0,0,0,0,translation would clip foreground or target-3 cells
safe_zero_padded_translation,arc-gen,40,"dr=-1,dc=0",0,0,0,0,0,translation would clip foreground or target-3 cells
safe_zero_padded_translation,arc-gen,40,"dr=1,dc=0",0,0,0,0,0,translation would clip foreground or target-3 cells
safe_zero_padded_translation,arc-gen,40,"dr=0,dc=-1",0,0,0,0,0,translation would clip foreground or target-3 cells
safe_zero_padded_translation,arc-gen,40,"dr=0,dc=1",0,0,0,0,0,translation would clip foreground or target-3 cells
safe_zero_padded_translation,arc-gen,40,"dr=-2,dc=0",0,0,0,0,0,translation would clip foreground or target-3 cells
safe_zero_padded_translation,arc-gen,40,"dr=2,dc=0",0,0,0,0,0,translation would clip foreground or target-3 cells
safe_zero_padded_translation,arc-gen,40,"dr=0,dc=-2",0,0,0,0,0,translation would clip foreground or target-3 cells
safe_zero_padded_translation,arc-gen,40,"dr=0,dc=2",0,0,0,0,0,translation would clip foreground or target-3 cells
safe_zero_padded_translation,arc-gen,41,"dr=-1,dc=0",0,0,0,0,0,translation would clip foreground or target-3 cells
safe_zero_padded_translation,arc-gen,41,"dr=1,dc=0",0,0,0,0,0,translation would clip foreground or target-3 cells
safe_zero_padded_translation,arc-gen,41,"dr=0,dc=-1",0,0,0,0,0,translation would clip foreground or target-3 cells
safe_zero_padded_translation,arc-gen,41,"dr=0,dc=1",0,0,0,0,0,translation would clip foreground or target-3 cells
safe_zero_padded_translation,arc-gen,41,"dr=-2,dc=0",0,0,0,0,0,translation would clip foreground or target-3 cells
safe_zero_padded_translation,arc-gen,41,"dr=2,dc=0",0,0,0,0,0,translation would clip foreground or target-3 cells
safe_zero_padded_translation,arc-gen,41,"dr=0,dc=-2",0,0,0,0,0,translation would clip foreground or target-3 cells
safe_zero_padded_translation,arc-gen,41,"dr=0,dc=2",0,0,0,0,0,translation would clip foreground or target-3 cells
safe_zero_padded_translation,arc-gen,42,"dr=-1,dc=0",0,0,0,0,0,translation would clip foreground or target-3 cells
safe_zero_padded_translation,arc-gen,42,"dr=1,dc=0",0,0,0,0,0,translation would clip foreground or target-3 cells
safe_zero_padded_translation,arc-gen,42,"dr=0,dc=-1",0,0,0,0,0,translation would clip foreground or target-3 cells
safe_zero_padded_translation,arc-gen,42,"dr=0,dc=1",0,0,0,0,0,translation would clip foreground or target-3 cells
safe_zero_padded_translation,arc-gen,42,"dr=-2,dc=0",0,0,0,0,0,translation would clip foreground or target-3 cells
safe_zero_padded_translation,arc-gen,42,"dr=2,dc=0",0,0,0,0,0,translation would clip foreground or target-3 cells
safe_zero_padded_translation,arc-gen,42,"dr=0,dc=-2",0,0,0,0,0,translation would clip foreground or target-3 cells
safe_zero_padded_translation,arc-gen,42,"dr=0,dc=2",0,0,0,0,0,translation would clip foreground or target-3 cells
safe_zero_padded_translation,arc-gen,43,"dr=-1,dc=0",0,0,0,0,0,translation would clip foreground or target-3 cells
safe_zero_padded_translation,arc-gen,43,"dr=1,dc=0",0,0,0,0,0,translation would clip foreground or target-3 cells
safe_zero_padded_translation,arc-gen,43,"dr=0,dc=-1",0,0,0,0,0,translation would clip foreground or target-3 cells
safe_zero_padded_translation,arc-gen,43,"dr=0,dc=1",0,0,0,0,0,translation would clip foreground or target-3 cells
safe_zero_padded_translation,arc-gen,43,"dr=-2,dc=0",0,0,0,0,0,translation would clip foreground or target-3 cells
safe_zero_padded_translation,arc-gen,43,"dr=2,dc=0",0,0,0,0,0,translation would clip foreground or target-3 cells
safe_zero_padded_translation,arc-gen,43,"dr=0,dc=-2",0,0,0,0,0,translation would clip foreground or target-3 cells
safe_zero_padded_translation,arc-gen,43,"dr=0,dc=2",0,0,0,0,0,translation would clip foreground or target-3 cells
safe_zero_padded_translation,arc-gen,44,"dr=-1,dc=0",0,0,0,0,0,translation would clip foreground or target-3 cells
safe_zero_padded_translation,arc-gen,44,"dr=1,dc=0",0,0,0,0,0,translation would clip foreground or target-3 cells
safe_zero_padded_translation,arc-gen,44,"dr=0,dc=-1",0,0,0,0,0,translation would clip foreground or target-3 cells
safe_zero_padded_translation,arc-gen,44,"dr=0,dc=1",0,0,0,0,0,translation would clip foreground or target-3 cells
safe_zero_padded_translation,arc-gen,44,"dr=-2,dc=0",0,0,0,0,0,translation would clip foreground or target-3 cells
safe_zero_padded_translation,arc-gen,44,"dr=2,dc=0",0,0,0,0,0,translation would clip foreground or target-3 cells
safe_zero_padded_translation,arc-gen,44,"dr=0,dc=-2",0,0,0,0,0,translation would clip foreground or target-3 cells
safe_zero_padded_translation,arc-gen,44,"dr=0,dc=2",0,0,0,0,0,translation would clip foreground or target-3 cells
safe_zero_padded_translation,arc-gen,45,"dr=-1,dc=0",0,0,0,0,0,translation would clip foreground or target-3 cells
safe_zero_padded_translation,arc-gen,45,"dr=1,dc=0",0,0,0,0,0,translation would clip foreground or target-3 cells
safe_zero_padded_translation,arc-gen,45,"dr=0,dc=-1",0,0,0,0,0,translation would clip foreground or target-3 cells
safe_zero_padded_translation,arc-gen,45,"dr=0,dc=1",0,0,0,0,0,translation would clip foreground or target-3 cells
safe_zero_padded_translation,arc-gen,45,"dr=-2,dc=0",0,0,0,0,0,translation would clip foreground or target-3 cells
safe_zero_padded_translation,arc-gen,45,"dr=2,dc=0",0,0,0,0,0,translation would clip foreground or target-3 cells
safe_zero_padded_translation,arc-gen,45,"dr=0,dc=-2",0,0,0,0,0,translation would clip foreground or target-3 cells
safe_zero_padded_translation,arc-gen,45,"dr=0,dc=2",0,0,0,0,0,translation would clip foreground or target-3 cells
safe_zero_padded_translation,arc-gen,46,"dr=-1,dc=0",0,0,0,0,0,translation would clip foreground or target-3 cells
safe_zero_padded_translation,arc-gen,46,"dr=1,dc=0",0,0,0,0,0,translation would clip foreground or target-3 cells
safe_zero_padded_translation,arc-gen,46,"dr=0,dc=-1",0,0,0,0,0,translation would clip foreground or target-3 cells
safe_zero_padded_translation,arc-gen,46,"dr=0,dc=1",0,0,0,0,0,translation would clip foreground or target-3 cells
safe_zero_padded_translation,arc-gen,46,"dr=-2,dc=0",0,0,0,0,0,translation would clip foreground or target-3 cells
safe_zero_padded_translation,arc-gen,46,"dr=2,dc=0",0,0,0,0,0,translation would clip foreground or target-3 cells
safe_zero_padded_translation,arc-gen,46,"dr=0,dc=-2",0,0,0,0,0,translation would clip foreground or target-3 cells
safe_zero_padded_translation,arc-gen,46,"dr=0,dc=2",0,0,0,0,0,translation would clip foreground or target-3 cells
safe_zero_padded_translation,arc-gen,47,"dr=-1,dc=0",0,0,0,0,0,translation would clip foreground or target-3 cells
safe_zero_padded_translation,arc-gen,47,"dr=1,dc=0",0,0,0,0,0,translation would clip foreground or target-3 cells
safe_zero_padded_translation,arc-gen,47,"dr=0,dc=-1",0,0,0,0,0,translation would clip foreground or target-3 cells
safe_zero_padded_translation,arc-gen,47,"dr=0,dc=1",0,0,0,0,0,translation would clip foreground or target-3 cells
safe_zero_padded_translation,arc-gen,47,"dr=-2,dc=0",0,0,0,0,0,translation would clip foreground or target-3 cells
safe_zero_padded_translation,arc-gen,47,"dr=2,dc=0",0,0,0,0,0,translation would clip foreground or target-3 cells
safe_zero_padded_translation,arc-gen,47,"dr=0,dc=-2",0,0,0,0,0,translation would clip foreground or target-3 cells
safe_zero_padded_translation,arc-gen,47,"dr=0,dc=2",0,0,0,0,0,translation would clip foreground or target-3 cells
safe_zero_padded_translation,arc-gen,48,"dr=-1,dc=0",0,0,0,0,0,translation would clip foreground or target-3 cells
safe_zero_padded_translation,arc-gen,48,"dr=1,dc=0",0,0,0,0,0,translation would clip foreground or target-3 cells
safe_zero_padded_translation,arc-gen,48,"dr=0,dc=-1",0,0,0,0,0,translation would clip foreground or target-3 cells
safe_zero_padded_translation,arc-gen,48,"dr=0,dc=1",0,0,0,0,0,translation would clip foreground or target-3 cells
safe_zero_padded_translation,arc-gen,48,"dr=-2,dc=0",0,0,0,0,0,translation would clip foreground or target-3 cells
safe_zero_padded_translation,arc-gen,48,"dr=2,dc=0",0,0,0,0,0,translation would clip foreground or target-3 cells
safe_zero_padded_translation,arc-gen,48,"dr=0,dc=-2",0,0,0,0,0,translation would clip foreground or target-3 cells
safe_zero_padded_translation,arc-gen,48,"dr=0,dc=2",0,0,0,0,0,translation would clip foreground or target-3 cells
safe_zero_padded_translation,arc-gen,49,"dr=-1,dc=0",0,0,0,0,0,translation would clip foreground or target-3 cells
safe_zero_padded_translation,arc-gen,49,"dr=1,dc=0",0,0,0,0,0,translation would clip foreground or target-3 cells
safe_zero_padded_translation,arc-gen,49,"dr=0,dc=-1",0,0,0,0,0,translation would clip foreground or target-3 cells
safe_zero_padded_translation,arc-gen,49,"dr=0,dc=1",0,0,0,0,0,translation would clip foreground or target-3 cells
safe_zero_padded_translation,arc-gen,49,"dr=-2,dc=0",0,0,0,0,0,translation would clip foreground or target-3 cells
safe_zero_padded_translation,arc-gen,49,"dr=2,dc=0",0,0,0,0,0,translation would clip foreground or target-3 cells
safe_zero_padded_translation,arc-gen,49,"dr=0,dc=-2",0,0,0,0,0,translation would clip foreground or target-3 cells
safe_zero_padded_translation,arc-gen,49,"dr=0,dc=2",0,0,0,0,0,translation would clip foreground or target-3 cells
safe_zero_padded_translation,arc-gen,50,"dr=-1,dc=0",0,0,0,0,0,translation would clip foreground or target-3 cells
safe_zero_padded_translation,arc-gen,50,"dr=1,dc=0",0,0,0,0,0,translation would clip foreground or target-3 cells
safe_zero_padded_translation,arc-gen,50,"dr=0,dc=-1",0,0,0,0,0,translation would clip foreground or target-3 cells
safe_zero_padded_translation,arc-gen,50,"dr=0,dc=1",0,0,0,0,0,translation would clip foreground or target-3 cells
safe_zero_padded_translation,arc-gen,50,"dr=-2,dc=0",0,0,0,0,0,translation would clip foreground or target-3 cells
safe_zero_padded_translation,arc-gen,50,"dr=2,dc=0",0,0,0,0,0,translation would clip foreground or target-3 cells
safe_zero_padded_translation,arc-gen,50,"dr=0,dc=-2",0,0,0,0,0,translation would clip foreground or target-3 cells
safe_zero_padded_translation,arc-gen,50,"dr=0,dc=2",0,0,0,0,0,translation would clip foreground or target-3 cells
safe_zero_padded_translation,arc-gen,51,"dr=-1,dc=0",0,0,0,0,0,translation would clip foreground or target-3 cells
safe_zero_padded_translation,arc-gen,51,"dr=1,dc=0",0,0,0,0,0,translation would clip foreground or target-3 cells
safe_zero_padded_translation,arc-gen,51,"dr=0,dc=-1",0,0,0,0,0,translation would clip foreground or target-3 cells
safe_zero_padded_translation,arc-gen,51,"dr=0,dc=1",0,0,0,0,0,translation would clip foreground or target-3 cells
safe_zero_padded_translation,arc-gen,51,"dr=-2,dc=0",0,0,0,0,0,translation would clip foreground or target-3 cells
safe_zero_padded_translation,arc-gen,51,"dr=2,dc=0",0,0,0,0,0,translation would clip foreground or target-3 cells
safe_zero_padded_translation,arc-gen,51,"dr=0,dc=-2",0,0,0,0,0,translation would clip foreground or target-3 cells
safe_zero_padded_translation,arc-gen,51,"dr=0,dc=2",0,0,0,0,0,translation would clip foreground or target-3 cells
safe_zero_padded_translation,arc-gen,52,"dr=-1,dc=0",0,0,0,0,0,translation would clip foreground or target-3 cells
safe_zero_padded_translation,arc-gen,52,"dr=1,dc=0",0,0,0,0,0,translation would clip foreground or target-3 cells
safe_zero_padded_translation,arc-gen,52,"dr=0,dc=-1",0,0,0,0,0,translation would clip foreground or target-3 cells
safe_zero_padded_translation,arc-gen,52,"dr=0,dc=1",0,0,0,0,0,translation would clip foreground or target-3 cells
safe_zero_padded_translation,arc-gen,52,"dr=-2,dc=0",0,0,0,0,0,translation would clip foreground or target-3 cells
safe_zero_padded_translation,arc-gen,52,"dr=2,dc=0",0,0,0,0,0,translation would clip foreground or target-3 cells
safe_zero_padded_translation,arc-gen,52,"dr=0,dc=-2",0,0,0,0,0,translation would clip foreground or target-3 cells
safe_zero_padded_translation,arc-gen,52,"dr=0,dc=2",0,0,0,0,0,translation would clip foreground or target-3 cells
safe_zero_padded_translation,arc-gen,53,"dr=-1,dc=0",0,0,0,0,0,translation would clip foreground or target-3 cells
safe_zero_padded_translation,arc-gen,53,"dr=1,dc=0",0,0,0,0,0,translation would clip foreground or target-3 cells
safe_zero_padded_translation,arc-gen,53,"dr=0,dc=-1",0,0,0,0,0,translation would clip foreground or target-3 cells
safe_zero_padded_translation,arc-gen,53,"dr=0,dc=1",0,0,0,0,0,translation would clip foreground or target-3 cells
safe_zero_padded_translation,arc-gen,53,"dr=-2,dc=0",0,0,0,0,0,translation would clip foreground or target-3 cells
safe_zero_padded_translation,arc-gen,53,"dr=2,dc=0",0,0,0,0,0,translation would clip foreground or target-3 cells
safe_zero_padded_translation,arc-gen,53,"dr=0,dc=-2",0,0,0,0,0,translation would clip foreground or target-3 cells
safe_zero_padded_translation,arc-gen,53,"dr=0,dc=2",0,0,0,0,0,translation would clip foreground or target-3 cells
safe_zero_padded_translation,arc-gen,54,"dr=-1,dc=0",0,0,0,0,0,translation would clip foreground or target-3 cells
safe_zero_padded_translation,arc-gen,54,"dr=1,dc=0",0,0,0,0,0,translation would clip foreground or target-3 cells
safe_zero_padded_translation,arc-gen,54,"dr=0,dc=-1",0,0,0,0,0,translation would clip foreground or target-3 cells
safe_zero_padded_translation,arc-gen,54,"dr=0,dc=1",0,0,0,0,0,translation would clip foreground or target-3 cells
safe_zero_padded_translation,arc-gen,54,"dr=-2,dc=0",0,0,0,0,0,translation would clip foreground or target-3 cells
safe_zero_padded_translation,arc-gen,54,"dr=2,dc=0",0,0,0,0,0,translation would clip foreground or target-3 cells
safe_zero_padded_translation,arc-gen,54,"dr=0,dc=-2",0,0,0,0,0,translation would clip foreground or target-3 cells
safe_zero_padded_translation,arc-gen,54,"dr=0,dc=2",0,0,0,0,0,translation would clip foreground or target-3 cells
safe_zero_padded_translation,arc-gen,55,"dr=-1,dc=0",0,0,0,0,0,translation would clip foreground or target-3 cells
safe_zero_padded_translation,arc-gen,55,"dr=1,dc=0",0,0,0,0,0,translation would clip foreground or target-3 cells
safe_zero_padded_translation,arc-gen,55,"dr=0,dc=-1",0,0,0,0,0,translation would clip foreground or target-3 cells
safe_zero_padded_translation,arc-gen,55,"dr=0,dc=1",0,0,0,0,0,translation would clip foreground or target-3 cells
safe_zero_padded_translation,arc-gen,55,"dr=-2,dc=0",0,0,0,0,0,translation would clip foreground or target-3 cells
safe_zero_padded_translation,arc-gen,55,"dr=2,dc=0",0,0,0,0,0,translation would clip foreground or target-3 cells
safe_zero_padded_translation,arc-gen,55,"dr=0,dc=-2",0,0,0,0,0,translation would clip foreground or target-3 cells
safe_zero_padded_translation,arc-gen,55,"dr=0,dc=2",0,0,0,0,0,translation would clip foreground or target-3 cells
safe_zero_padded_translation,arc-gen,56,"dr=-1,dc=0",0,0,0,0,0,translation would clip foreground or target-3 cells
safe_zero_padded_translation,arc-gen,56,"dr=1,dc=0",0,0,0,0,0,translation would clip foreground or target-3 cells
safe_zero_padded_translation,arc-gen,56,"dr=0,dc=-1",0,0,0,0,0,translation would clip foreground or target-3 cells
safe_zero_padded_translation,arc-gen,56,"dr=0,dc=1",0,0,0,0,0,translation would clip foreground or target-3 cells
safe_zero_padded_translation,arc-gen,56,"dr=-2,dc=0",0,0,0,0,0,translation would clip foreground or target-3 cells
safe_zero_padded_translation,arc-gen,56,"dr=2,dc=0",0,0,0,0,0,translation would clip foreground or target-3 cells
safe_zero_padded_translation,arc-gen,56,"dr=0,dc=-2",0,0,0,0,0,translation would clip foreground or target-3 cells
safe_zero_padded_translation,arc-gen,56,"dr=0,dc=2",0,0,0,0,0,translation would clip foreground or target-3 cells
safe_zero_padded_translation,arc-gen,57,"dr=-1,dc=0",0,0,0,0,0,translation would clip foreground or target-3 cells
safe_zero_padded_translation,arc-gen,57,"dr=1,dc=0",0,0,0,0,0,translation would clip foreground or target-3 cells
safe_zero_padded_translation,arc-gen,57,"dr=0,dc=-1",0,0,0,0,0,translation would clip foreground or target-3 cells
safe_zero_padded_translation,arc-gen,57,"dr=0,dc=1",0,0,0,0,0,translation would clip foreground or target-3 cells
safe_zero_padded_translation,arc-gen,57,"dr=-2,dc=0",0,0,0,0,0,translation would clip foreground or target-3 cells
safe_zero_padded_translation,arc-gen,57,"dr=2,dc=0",0,0,0,0,0,translation would clip foreground or target-3 cells
safe_zero_padded_translation,arc-gen,57,"dr=0,dc=-2",0,0,0,0,0,translation would clip foreground or target-3 cells
safe_zero_padded_translation,arc-gen,57,"dr=0,dc=2",0,0,0,0,0,translation would clip foreground or target-3 cells
safe_zero_padded_translation,arc-gen,58,"dr=-1,dc=0",0,0,0,0,0,translation would clip foreground or target-3 cells
safe_zero_padded_translation,arc-gen,58,"dr=1,dc=0",0,0,0,0,0,translation would clip foreground or target-3 cells
safe_zero_padded_translation,arc-gen,58,"dr=0,dc=-1",0,0,0,0,0,translation would clip foreground or target-3 cells
safe_zero_padded_translation,arc-gen,58,"dr=0,dc=1",0,0,0,0,0,translation would clip foreground or target-3 cells
safe_zero_padded_translation,arc-gen,58,"dr=-2,dc=0",0,0,0,0,0,translation would clip foreground or target-3 cells
safe_zero_padded_translation,arc-gen,58,"dr=2,dc=0",0,0,0,0,0,translation would clip foreground or target-3 cells
safe_zero_padded_translation,arc-gen,58,"dr=0,dc=-2",0,0,0,0,0,translation would clip foreground or target-3 cells
safe_zero_padded_translation,arc-gen,58,"dr=0,dc=2",0,0,0,0,0,translation would clip foreground or target-3 cells
safe_zero_padded_translation,arc-gen,59,"dr=-1,dc=0",0,0,0,0,0,translation would clip foreground or target-3 cells
safe_zero_padded_translation,arc-gen,59,"dr=1,dc=0",0,0,0,0,0,translation would clip foreground or target-3 cells
safe_zero_padded_translation,arc-gen,59,"dr=0,dc=-1",0,0,0,0,0,translation would clip foreground or target-3 cells
safe_zero_padded_translation,arc-gen,59,"dr=0,dc=1",0,0,0,0,0,translation would clip foreground or target-3 cells
safe_zero_padded_translation,arc-gen,59,"dr=-2,dc=0",0,0,0,0,0,translation would clip foreground or target-3 cells
safe_zero_padded_translation,arc-gen,59,"dr=2,dc=0",0,0,0,0,0,translation would clip foreground or target-3 cells
safe_zero_padded_translation,arc-gen,59,"dr=0,dc=-2",0,0,0,0,0,translation would clip foreground or target-3 cells
safe_zero_padded_translation,arc-gen,59,"dr=0,dc=2",0,0,0,0,0,translation would clip foreground or target-3 cells
safe_zero_padded_translation,arc-gen,60,"dr=-1,dc=0",0,0,0,0,0,translation would clip foreground or target-3 cells
safe_zero_padded_translation,arc-gen,60,"dr=1,dc=0",0,0,0,0,0,translation would clip foreground or target-3 cells
safe_zero_padded_translation,arc-gen,60,"dr=0,dc=-1",0,0,0,0,0,translation would clip foreground or target-3 cells
safe_zero_padded_translation,arc-gen,60,"dr=0,dc=1",0,0,0,0,0,translation would clip foreground or target-3 cells
safe_zero_padded_translation,arc-gen,60,"dr=-2,dc=0",0,0,0,0,0,translation would clip foreground or target-3 cells
safe_zero_padded_translation,arc-gen,60,"dr=2,dc=0",0,0,0,0,0,translation would clip foreground or target-3 cells
safe_zero_padded_translation,arc-gen,60,"dr=0,dc=-2",0,0,0,0,0,translation would clip foreground or target-3 cells
safe_zero_padded_translation,arc-gen,60,"dr=0,dc=2",0,0,0,0,0,translation would clip foreground or target-3 cells
safe_zero_padded_translation,arc-gen,61,"dr=-1,dc=0",0,0,0,0,0,translation would clip foreground or target-3 cells
safe_zero_padded_translation,arc-gen,61,"dr=1,dc=0",0,0,0,0,0,translation would clip foreground or target-3 cells
safe_zero_padded_translation,arc-gen,61,"dr=0,dc=-1",0,0,0,0,0,translation would clip foreground or target-3 cells
safe_zero_padded_translation,arc-gen,61,"dr=0,dc=1",0,0,0,0,0,translation would clip foreground or target-3 cells
safe_zero_padded_translation,arc-gen,61,"dr=-2,dc=0",0,0,0,0,0,translation would clip foreground or target-3 cells
safe_zero_padded_translation,arc-gen,61,"dr=2,dc=0",0,0,0,0,0,translation would clip foreground or target-3 cells
safe_zero_padded_translation,arc-gen,61,"dr=0,dc=-2",0,0,0,0,0,translation would clip foreground or target-3 cells
safe_zero_padded_translation,arc-gen,61,"dr=0,dc=2",0,0,0,0,0,translation would clip foreground or target-3 cells
safe_zero_padded_translation,arc-gen,62,"dr=-1,dc=0",0,0,0,0,0,translation would clip foreground or target-3 cells
safe_zero_padded_translation,arc-gen,62,"dr=1,dc=0",0,0,0,0,0,translation would clip foreground or target-3 cells
safe_zero_padded_translation,arc-gen,62,"dr=0,dc=-1",0,0,0,0,0,translation would clip foreground or target-3 cells
safe_zero_padded_translation,arc-gen,62,"dr=0,dc=1",0,0,0,0,0,translation would clip foreground or target-3 cells
safe_zero_padded_translation,arc-gen,62,"dr=-2,dc=0",0,0,0,0,0,translation would clip foreground or target-3 cells
safe_zero_padded_translation,arc-gen,62,"dr=2,dc=0",0,0,0,0,0,translation would clip foreground or target-3 cells
safe_zero_padded_translation,arc-gen,62,"dr=0,dc=-2",0,0,0,0,0,translation would clip foreground or target-3 cells
safe_zero_padded_translation,arc-gen,62,"dr=0,dc=2",0,0,0,0,0,translation would clip foreground or target-3 cells
safe_zero_padded_translation,arc-gen,63,"dr=-1,dc=0",0,0,0,0,0,translation would clip foreground or target-3 cells
safe_zero_padded_translation,arc-gen,63,"dr=1,dc=0",0,0,0,0,0,translation would clip foreground or target-3 cells
safe_zero_padded_translation,arc-gen,63,"dr=0,dc=-1",0,0,0,0,0,translation would clip foreground or target-3 cells
safe_zero_padded_translation,arc-gen,63,"dr=0,dc=1",0,0,0,0,0,translation would clip foreground or target-3 cells
safe_zero_padded_translation,arc-gen,63,"dr=-2,dc=0",0,0,0,0,0,translation would clip foreground or target-3 cells
safe_zero_padded_translation,arc-gen,63,"dr=2,dc=0",0,0,0,0,0,translation would clip foreground or target-3 cells
safe_zero_padded_translation,arc-gen,63,"dr=0,dc=-2",0,0,0,0,0,translation would clip foreground or target-3 cells
safe_zero_padded_translation,arc-gen,63,"dr=0,dc=2",0,0,0,0,0,translation would clip foreground or target-3 cells
safe_zero_padded_translation,arc-gen,64,"dr=-1,dc=0",0,0,0,0,0,translation would clip foreground or target-3 cells
safe_zero_padded_translation,arc-gen,64,"dr=1,dc=0",0,0,0,0,0,translation would clip foreground or target-3 cells
safe_zero_padded_translation,arc-gen,64,"dr=0,dc=-1",0,0,0,0,0,translation would clip foreground or target-3 cells
safe_zero_padded_translation,arc-gen,64,"dr=0,dc=1",0,0,0,0,0,translation would clip foreground or target-3 cells
safe_zero_padded_translation,arc-gen,64,"dr=-2,dc=0",0,0,0,0,0,translation would clip foreground or target-3 cells
safe_zero_padded_translation,arc-gen,64,"dr=2,dc=0",0,0,0,0,0,translation would clip foreground or target-3 cells
safe_zero_padded_translation,arc-gen,64,"dr=0,dc=-2",0,0,0,0,0,translation would clip foreground or target-3 cells
safe_zero_padded_translation,arc-gen,64,"dr=0,dc=2",0,0,0,0,0,translation would clip foreground or target-3 cells
safe_zero_padded_translation,arc-gen,65,"dr=-1,dc=0",0,0,0,0,0,translation would clip foreground or target-3 cells
safe_zero_padded_translation,arc-gen,65,"dr=1,dc=0",0,0,0,0,0,translation would clip foreground or target-3 cells
safe_zero_padded_translation,arc-gen,65,"dr=0,dc=-1",0,0,0,0,0,translation would clip foreground or target-3 cells
safe_zero_padded_translation,arc-gen,65,"dr=0,dc=1",0,0,0,0,0,translation would clip foreground or target-3 cells
safe_zero_padded_translation,arc-gen,65,"dr=-2,dc=0",0,0,0,0,0,translation would clip foreground or target-3 cells
safe_zero_padded_translation,arc-gen,65,"dr=2,dc=0",0,0,0,0,0,translation would clip foreground or target-3 cells
safe_zero_padded_translation,arc-gen,65,"dr=0,dc=-2",0,0,0,0,0,translation would clip foreground or target-3 cells
safe_zero_padded_translation,arc-gen,65,"dr=0,dc=2",0,0,0,0,0,translation would clip foreground or target-3 cells
safe_zero_padded_translation,arc-gen,66,"dr=-1,dc=0",0,0,0,0,0,translation would clip foreground or target-3 cells
safe_zero_padded_translation,arc-gen,66,"dr=1,dc=0",0,0,0,0,0,translation would clip foreground or target-3 cells
safe_zero_padded_translation,arc-gen,66,"dr=0,dc=-1",0,0,0,0,0,translation would clip foreground or target-3 cells
safe_zero_padded_translation,arc-gen,66,"dr=0,dc=1",0,0,0,0,0,translation would clip foreground or target-3 cells
safe_zero_padded_translation,arc-gen,66,"dr=-2,dc=0",0,0,0,0,0,translation would clip foreground or target-3 cells
safe_zero_padded_translation,arc-gen,66,"dr=2,dc=0",0,0,0,0,0,translation would clip foreground or target-3 cells
safe_zero_padded_translation,arc-gen,66,"dr=0,dc=-2",0,0,0,0,0,translation would clip foreground or target-3 cells
safe_zero_padded_translation,arc-gen,66,"dr=0,dc=2",0,0,0,0,0,translation would clip foreground or target-3 cells
safe_zero_padded_translation,arc-gen,67,"dr=-1,dc=0",0,0,0,0,0,translation would clip foreground or target-3 cells
safe_zero_padded_translation,arc-gen,67,"dr=1,dc=0",0,0,0,0,0,translation would clip foreground or target-3 cells
safe_zero_padded_translation,arc-gen,67,"dr=0,dc=-1",0,0,0,0,0,translation would clip foreground or target-3 cells
safe_zero_padded_translation,arc-gen,67,"dr=0,dc=1",0,0,0,0,0,translation would clip foreground or target-3 cells
safe_zero_padded_translation,arc-gen,67,"dr=-2,dc=0",0,0,0,0,0,translation would clip foreground or target-3 cells
safe_zero_padded_translation,arc-gen,67,"dr=2,dc=0",0,0,0,0,0,translation would clip foreground or target-3 cells
safe_zero_padded_translation,arc-gen,67,"dr=0,dc=-2",0,0,0,0,0,translation would clip foreground or target-3 cells
safe_zero_padded_translation,arc-gen,67,"dr=0,dc=2",0,0,0,0,0,translation would clip foreground or target-3 cells
safe_zero_padded_translation,arc-gen,68,"dr=-1,dc=0",0,0,0,0,0,translation would clip foreground or target-3 cells
safe_zero_padded_translation,arc-gen,68,"dr=1,dc=0",0,0,0,0,0,translation would clip foreground or target-3 cells
safe_zero_padded_translation,arc-gen,68,"dr=0,dc=-1",0,0,0,0,0,translation would clip foreground or target-3 cells
safe_zero_padded_translation,arc-gen,68,"dr=0,dc=1",0,0,0,0,0,translation would clip foreground or target-3 cells
safe_zero_padded_translation,arc-gen,68,"dr=-2,dc=0",0,0,0,0,0,translation would clip foreground or target-3 cells
safe_zero_padded_translation,arc-gen,68,"dr=2,dc=0",0,0,0,0,0,translation would clip foreground or target-3 cells
safe_zero_padded_translation,arc-gen,68,"dr=0,dc=-2",0,0,0,0,0,translation would clip foreground or target-3 cells
safe_zero_padded_translation,arc-gen,68,"dr=0,dc=2",0,0,0,0,0,translation would clip foreground or target-3 cells
safe_zero_padded_translation,arc-gen,69,"dr=-1,dc=0",0,0,0,0,0,translation would clip foreground or target-3 cells
safe_zero_padded_translation,arc-gen,69,"dr=1,dc=0",0,0,0,0,0,translation would clip foreground or target-3 cells
safe_zero_padded_translation,arc-gen,69,"dr=0,dc=-1",0,0,0,0,0,translation would clip foreground or target-3 cells
safe_zero_padded_translation,arc-gen,69,"dr=0,dc=1",0,0,0,0,0,translation would clip foreground or target-3 cells
safe_zero_padded_translation,arc-gen,69,"dr=-2,dc=0",0,0,0,0,0,translation would clip foreground or target-3 cells
safe_zero_padded_translation,arc-gen,69,"dr=2,dc=0",0,0,0,0,0,translation would clip foreground or target-3 cells
safe_zero_padded_translation,arc-gen,69,"dr=0,dc=-2",0,0,0,0,0,translation would clip foreground or target-3 cells
safe_zero_padded_translation,arc-gen,69,"dr=0,dc=2",0,0,0,0,0,translation would clip foreground or target-3 cells
safe_zero_padded_translation,arc-gen,70,"dr=-1,dc=0",0,0,0,0,0,translation would clip foreground or target-3 cells
safe_zero_padded_translation,arc-gen,70,"dr=1,dc=0",0,0,0,0,0,translation would clip foreground or target-3 cells
safe_zero_padded_translation,arc-gen,70,"dr=0,dc=-1",0,0,0,0,0,translation would clip foreground or target-3 cells
safe_zero_padded_translation,arc-gen,70,"dr=0,dc=1",0,0,0,0,0,translation would clip foreground or target-3 cells
safe_zero_padded_translation,arc-gen,70,"dr=-2,dc=0",0,0,0,0,0,translation would clip foreground or target-3 cells
safe_zero_padded_translation,arc-gen,70,"dr=2,dc=0",0,0,0,0,0,translation would clip foreground or target-3 cells
safe_zero_padded_translation,arc-gen,70,"dr=0,dc=-2",0,0,0,0,0,translation would clip foreground or target-3 cells
safe_zero_padded_translation,arc-gen,70,"dr=0,dc=2",0,0,0,0,0,translation would clip foreground or target-3 cells
safe_zero_padded_translation,arc-gen,71,"dr=-1,dc=0",0,0,0,0,0,translation would clip foreground or target-3 cells
safe_zero_padded_translation,arc-gen,71,"dr=1,dc=0",0,0,0,0,0,translation would clip foreground or target-3 cells
safe_zero_padded_translation,arc-gen,71,"dr=0,dc=-1",0,0,0,0,0,translation would clip foreground or target-3 cells
safe_zero_padded_translation,arc-gen,71,"dr=0,dc=1",0,0,0,0,0,translation would clip foreground or target-3 cells
safe_zero_padded_translation,arc-gen,71,"dr=-2,dc=0",0,0,0,0,0,translation would clip foreground or target-3 cells
safe_zero_padded_translation,arc-gen,71,"dr=2,dc=0",0,0,0,0,0,translation would clip foreground or target-3 cells
safe_zero_padded_translation,arc-gen,71,"dr=0,dc=-2",0,0,0,0,0,translation would clip foreground or target-3 cells
safe_zero_padded_translation,arc-gen,71,"dr=0,dc=2",0,0,0,0,0,translation would clip foreground or target-3 cells
safe_zero_padded_translation,arc-gen,72,"dr=-1,dc=0",0,0,0,0,0,translation would clip foreground or target-3 cells
safe_zero_padded_translation,arc-gen,72,"dr=1,dc=0",0,0,0,0,0,translation would clip foreground or target-3 cells
safe_zero_padded_translation,arc-gen,72,"dr=0,dc=-1",0,0,0,0,0,translation would clip foreground or target-3 cells
safe_zero_padded_translation,arc-gen,72,"dr=0,dc=1",0,0,0,0,0,translation would clip foreground or target-3 cells
safe_zero_padded_translation,arc-gen,72,"dr=-2,dc=0",0,0,0,0,0,translation would clip foreground or target-3 cells
safe_zero_padded_translation,arc-gen,72,"dr=2,dc=0",0,0,0,0,0,translation would clip foreground or target-3 cells
safe_zero_padded_translation,arc-gen,72,"dr=0,dc=-2",0,0,0,0,0,translation would clip foreground or target-3 cells
safe_zero_padded_translation,arc-gen,72,"dr=0,dc=2",0,0,0,0,0,translation would clip foreground or target-3 cells
safe_zero_padded_translation,arc-gen,73,"dr=-1,dc=0",0,0,0,0,0,translation would clip foreground or target-3 cells
safe_zero_padded_translation,arc-gen,73,"dr=1,dc=0",0,0,0,0,0,translation would clip foreground or target-3 cells
safe_zero_padded_translation,arc-gen,73,"dr=0,dc=-1",0,0,0,0,0,translation would clip foreground or target-3 cells
safe_zero_padded_translation,arc-gen,73,"dr=0,dc=1",0,0,0,0,0,translation would clip foreground or target-3 cells
safe_zero_padded_translation,arc-gen,73,"dr=-2,dc=0",0,0,0,0,0,translation would clip foreground or target-3 cells
safe_zero_padded_translation,arc-gen,73,"dr=2,dc=0",0,0,0,0,0,translation would clip foreground or target-3 cells
safe_zero_padded_translation,arc-gen,73,"dr=0,dc=-2",0,0,0,0,0,translation would clip foreground or target-3 cells
safe_zero_padded_translation,arc-gen,73,"dr=0,dc=2",0,0,0,0,0,translation would clip foreground or target-3 cells
safe_zero_padded_translation,arc-gen,74,"dr=-1,dc=0",0,0,0,0,0,translation would clip foreground or target-3 cells
safe_zero_padded_translation,arc-gen,74,"dr=1,dc=0",0,0,0,0,0,translation would clip foreground or target-3 cells
safe_zero_padded_translation,arc-gen,74,"dr=0,dc=-1",0,0,0,0,0,translation would clip foreground or target-3 cells
safe_zero_padded_translation,arc-gen,74,"dr=0,dc=1",0,0,0,0,0,translation would clip foreground or target-3 cells
safe_zero_padded_translation,arc-gen,74,"dr=-2,dc=0",0,0,0,0,0,translation would clip foreground or target-3 cells
safe_zero_padded_translation,arc-gen,74,"dr=2,dc=0",0,0,0,0,0,translation would clip foreground or target-3 cells
safe_zero_padded_translation,arc-gen,74,"dr=0,dc=-2",0,0,0,0,0,translation would clip foreground or target-3 cells
safe_zero_padded_translation,arc-gen,74,"dr=0,dc=2",0,0,0,0,0,translation would clip foreground or target-3 cells
safe_zero_padded_translation,arc-gen,75,"dr=-1,dc=0",0,0,0,0,0,translation would clip foreground or target-3 cells
safe_zero_padded_translation,arc-gen,75,"dr=1,dc=0",0,0,0,0,0,translation would clip foreground or target-3 cells
safe_zero_padded_translation,arc-gen,75,"dr=0,dc=-1",0,0,0,0,0,translation would clip foreground or target-3 cells
safe_zero_padded_translation,arc-gen,75,"dr=0,dc=1",0,0,0,0,0,translation would clip foreground or target-3 cells
safe_zero_padded_translation,arc-gen,75,"dr=-2,dc=0",0,0,0,0,0,translation would clip foreground or target-3 cells
safe_zero_padded_translation,arc-gen,75,"dr=2,dc=0",0,0,0,0,0,translation would clip foreground or target-3 cells
safe_zero_padded_translation,arc-gen,75,"dr=0,dc=-2",0,0,0,0,0,translation would clip foreground or target-3 cells
safe_zero_padded_translation,arc-gen,75,"dr=0,dc=2",0,0,0,0,0,translation would clip foreground or target-3 cells
safe_zero_padded_translation,arc-gen,76,"dr=-1,dc=0",0,0,0,0,0,translation would clip foreground or target-3 cells
safe_zero_padded_translation,arc-gen,76,"dr=1,dc=0",0,0,0,0,0,translation would clip foreground or target-3 cells
safe_zero_padded_translation,arc-gen,76,"dr=0,dc=-1",0,0,0,0,0,translation would clip foreground or target-3 cells
safe_zero_padded_translation,arc-gen,76,"dr=0,dc=1",0,0,0,0,0,translation would clip foreground or target-3 cells
safe_zero_padded_translation,arc-gen,76,"dr=-2,dc=0",0,0,0,0,0,translation would clip foreground or target-3 cells
safe_zero_padded_translation,arc-gen,76,"dr=2,dc=0",0,0,0,0,0,translation would clip foreground or target-3 cells
safe_zero_padded_translation,arc-gen,76,"dr=0,dc=-2",0,0,0,0,0,translation would clip foreground or target-3 cells
safe_zero_padded_translation,arc-gen,76,"dr=0,dc=2",0,0,0,0,0,translation would clip foreground or target-3 cells
safe_zero_padded_translation,arc-gen,77,"dr=-1,dc=0",0,0,0,0,0,translation would clip foreground or target-3 cells
safe_zero_padded_translation,arc-gen,77,"dr=1,dc=0",0,0,0,0,0,translation would clip foreground or target-3 cells
safe_zero_padded_translation,arc-gen,77,"dr=0,dc=-1",0,0,0,0,0,translation would clip foreground or target-3 cells
safe_zero_padded_translation,arc-gen,77,"dr=0,dc=1",0,0,0,0,0,translation would clip foreground or target-3 cells
safe_zero_padded_translation,arc-gen,77,"dr=-2,dc=0",0,0,0,0,0,translation would clip foreground or target-3 cells
safe_zero_padded_translation,arc-gen,77,"dr=2,dc=0",0,0,0,0,0,translation would clip foreground or target-3 cells
safe_zero_padded_translation,arc-gen,77,"dr=0,dc=-2",0,0,0,0,0,translation would clip foreground or target-3 cells
safe_zero_padded_translation,arc-gen,77,"dr=0,dc=2",0,0,0,0,0,translation would clip foreground or target-3 cells
safe_zero_padded_translation,arc-gen,78,"dr=-1,dc=0",0,0,0,0,0,translation would clip foreground or target-3 cells
safe_zero_padded_translation,arc-gen,78,"dr=1,dc=0",0,0,0,0,0,translation would clip foreground or target-3 cells
safe_zero_padded_translation,arc-gen,78,"dr=0,dc=-1",0,0,0,0,0,translation would clip foreground or target-3 cells
safe_zero_padded_translation,arc-gen,78,"dr=0,dc=1",0,0,0,0,0,translation would clip foreground or target-3 cells
safe_zero_padded_translation,arc-gen,78,"dr=-2,dc=0",0,0,0,0,0,translation would clip foreground or target-3 cells
safe_zero_padded_translation,arc-gen,78,"dr=2,dc=0",0,0,0,0,0,translation would clip foreground or target-3 cells
safe_zero_padded_translation,arc-gen,78,"dr=0,dc=-2",0,0,0,0,0,translation would clip foreground or target-3 cells
safe_zero_padded_translation,arc-gen,78,"dr=0,dc=2",0,0,0,0,0,translation would clip foreground or target-3 cells
safe_zero_padded_translation,arc-gen,79,"dr=-1,dc=0",0,0,0,0,0,translation would clip foreground or target-3 cells
safe_zero_padded_translation,arc-gen,79,"dr=1,dc=0",0,0,0,0,0,translation would clip foreground or target-3 cells
safe_zero_padded_translation,arc-gen,79,"dr=0,dc=-1",0,0,0,0,0,translation would clip foreground or target-3 cells
safe_zero_padded_translation,arc-gen,79,"dr=0,dc=1",0,0,0,0,0,translation would clip foreground or target-3 cells
safe_zero_padded_translation,arc-gen,79,"dr=-2,dc=0",0,0,0,0,0,translation would clip foreground or target-3 cells
safe_zero_padded_translation,arc-gen,79,"dr=2,dc=0",0,0,0,0,0,translation would clip foreground or target-3 cells
safe_zero_padded_translation,arc-gen,79,"dr=0,dc=-2",0,0,0,0,0,translation would clip foreground or target-3 cells
safe_zero_padded_translation,arc-gen,79,"dr=0,dc=2",0,0,0,0,0,translation would clip foreground or target-3 cells
safe_zero_padded_translation,arc-gen,80,"dr=-1,dc=0",0,0,0,0,0,translation would clip foreground or target-3 cells
safe_zero_padded_translation,arc-gen,80,"dr=1,dc=0",0,0,0,0,0,translation would clip foreground or target-3 cells
safe_zero_padded_translation,arc-gen,80,"dr=0,dc=-1",0,0,0,0,0,translation would clip foreground or target-3 cells
safe_zero_padded_translation,arc-gen,80,"dr=0,dc=1",0,0,0,0,0,translation would clip foreground or target-3 cells
safe_zero_padded_translation,arc-gen,80,"dr=-2,dc=0",0,0,0,0,0,translation would clip foreground or target-3 cells
safe_zero_padded_translation,arc-gen,80,"dr=2,dc=0",0,0,0,0,0,translation would clip foreground or target-3 cells
safe_zero_padded_translation,arc-gen,80,"dr=0,dc=-2",0,0,0,0,0,translation would clip foreground or target-3 cells
safe_zero_padded_translation,arc-gen,80,"dr=0,dc=2",0,0,0,0,0,translation would clip foreground or target-3 cells
safe_zero_padded_translation,arc-gen,81,"dr=-1,dc=0",0,0,0,0,0,translation would clip foreground or target-3 cells
safe_zero_padded_translation,arc-gen,81,"dr=1,dc=0",0,0,0,0,0,translation would clip foreground or target-3 cells
safe_zero_padded_translation,arc-gen,81,"dr=0,dc=-1",0,0,0,0,0,translation would clip foreground or target-3 cells
safe_zero_padded_translation,arc-gen,81,"dr=0,dc=1",0,0,0,0,0,translation would clip foreground or target-3 cells
safe_zero_padded_translation,arc-gen,81,"dr=-2,dc=0",0,0,0,0,0,translation would clip foreground or target-3 cells
safe_zero_padded_translation,arc-gen,81,"dr=2,dc=0",0,0,0,0,0,translation would clip foreground or target-3 cells
safe_zero_padded_translation,arc-gen,81,"dr=0,dc=-2",0,0,0,0,0,translation would clip foreground or target-3 cells
safe_zero_padded_translation,arc-gen,81,"dr=0,dc=2",0,0,0,0,0,translation would clip foreground or target-3 cells
safe_zero_padded_translation,arc-gen,82,"dr=-1,dc=0",0,0,0,0,0,translation would clip foreground or target-3 cells
safe_zero_padded_translation,arc-gen,82,"dr=1,dc=0",0,0,0,0,0,translation would clip foreground or target-3 cells
safe_zero_padded_translation,arc-gen,82,"dr=0,dc=-1",0,0,0,0,0,translation would clip foreground or target-3 cells
safe_zero_padded_translation,arc-gen,82,"dr=0,dc=1",0,0,0,0,0,translation would clip foreground or target-3 cells
safe_zero_padded_translation,arc-gen,82,"dr=-2,dc=0",0,0,0,0,0,translation would clip foreground or target-3 cells
safe_zero_padded_translation,arc-gen,82,"dr=2,dc=0",0,0,0,0,0,translation would clip foreground or target-3 cells
safe_zero_padded_translation,arc-gen,82,"dr=0,dc=-2",0,0,0,0,0,translation would clip foreground or target-3 cells
safe_zero_padded_translation,arc-gen,82,"dr=0,dc=2",0,0,0,0,0,translation would clip foreground or target-3 cells
safe_zero_padded_translation,arc-gen,83,"dr=-1,dc=0",0,0,0,0,0,translation would clip foreground or target-3 cells
safe_zero_padded_translation,arc-gen,83,"dr=1,dc=0",0,0,0,0,0,translation would clip foreground or target-3 cells
safe_zero_padded_translation,arc-gen,83,"dr=0,dc=-1",0,0,0,0,0,translation would clip foreground or target-3 cells
safe_zero_padded_translation,arc-gen,83,"dr=0,dc=1",0,0,0,0,0,translation would clip foreground or target-3 cells
safe_zero_padded_translation,arc-gen,83,"dr=-2,dc=0",0,0,0,0,0,translation would clip foreground or target-3 cells
safe_zero_padded_translation,arc-gen,83,"dr=2,dc=0",0,0,0,0,0,translation would clip foreground or target-3 cells
safe_zero_padded_translation,arc-gen,83,"dr=0,dc=-2",0,0,0,0,0,translation would clip foreground or target-3 cells
safe_zero_padded_translation,arc-gen,83,"dr=0,dc=2",0,0,0,0,0,translation would clip foreground or target-3 cells
safe_zero_padded_translation,arc-gen,84,"dr=-1,dc=0",0,0,0,0,0,translation would clip foreground or target-3 cells
safe_zero_padded_translation,arc-gen,84,"dr=1,dc=0",0,0,0,0,0,translation would clip foreground or target-3 cells
safe_zero_padded_translation,arc-gen,84,"dr=0,dc=-1",0,0,0,0,0,translation would clip foreground or target-3 cells
safe_zero_padded_translation,arc-gen,84,"dr=0,dc=1",0,0,0,0,0,translation would clip foreground or target-3 cells
safe_zero_padded_translation,arc-gen,84,"dr=-2,dc=0",0,0,0,0,0,translation would clip foreground or target-3 cells
safe_zero_padded_translation,arc-gen,84,"dr=2,dc=0",0,0,0,0,0,translation would clip foreground or target-3 cells
safe_zero_padded_translation,arc-gen,84,"dr=0,dc=-2",0,0,0,0,0,translation would clip foreground or target-3 cells
safe_zero_padded_translation,arc-gen,84,"dr=0,dc=2",0,0,0,0,0,translation would clip foreground or target-3 cells
safe_zero_padded_translation,arc-gen,85,"dr=-1,dc=0",0,0,0,0,0,translation would clip foreground or target-3 cells
safe_zero_padded_translation,arc-gen,85,"dr=1,dc=0",0,0,0,0,0,translation would clip foreground or target-3 cells
safe_zero_padded_translation,arc-gen,85,"dr=0,dc=-1",0,0,0,0,0,translation would clip foreground or target-3 cells
safe_zero_padded_translation,arc-gen,85,"dr=0,dc=1",0,0,0,0,0,translation would clip foreground or target-3 cells
safe_zero_padded_translation,arc-gen,85,"dr=-2,dc=0",0,0,0,0,0,translation would clip foreground or target-3 cells
safe_zero_padded_translation,arc-gen,85,"dr=2,dc=0",0,0,0,0,0,translation would clip foreground or target-3 cells
safe_zero_padded_translation,arc-gen,85,"dr=0,dc=-2",0,0,0,0,0,translation would clip foreground or target-3 cells
safe_zero_padded_translation,arc-gen,85,"dr=0,dc=2",0,0,0,0,0,translation would clip foreground or target-3 cells
safe_zero_padded_translation,arc-gen,86,"dr=-1,dc=0",0,0,0,0,0,translation would clip foreground or target-3 cells
safe_zero_padded_translation,arc-gen,86,"dr=1,dc=0",0,0,0,0,0,translation would clip foreground or target-3 cells
safe_zero_padded_translation,arc-gen,86,"dr=0,dc=-1",0,0,0,0,0,translation would clip foreground or target-3 cells
safe_zero_padded_translation,arc-gen,86,"dr=0,dc=1",0,0,0,0,0,translation would clip foreground or target-3 cells
safe_zero_padded_translation,arc-gen,86,"dr=-2,dc=0",0,0,0,0,0,translation would clip foreground or target-3 cells
safe_zero_padded_translation,arc-gen,86,"dr=2,dc=0",0,0,0,0,0,translation would clip foreground or target-3 cells
safe_zero_padded_translation,arc-gen,86,"dr=0,dc=-2",0,0,0,0,0,translation would clip foreground or target-3 cells
safe_zero_padded_translation,arc-gen,86,"dr=0,dc=2",0,0,0,0,0,translation would clip foreground or target-3 cells
safe_zero_padded_translation,arc-gen,87,"dr=-1,dc=0",0,0,0,0,0,translation would clip foreground or target-3 cells
safe_zero_padded_translation,arc-gen,87,"dr=1,dc=0",0,0,0,0,0,translation would clip foreground or target-3 cells
safe_zero_padded_translation,arc-gen,87,"dr=0,dc=-1",0,0,0,0,0,translation would clip foreground or target-3 cells
safe_zero_padded_translation,arc-gen,87,"dr=0,dc=1",0,0,0,0,0,translation would clip foreground or target-3 cells
safe_zero_padded_translation,arc-gen,87,"dr=-2,dc=0",0,0,0,0,0,translation would clip foreground or target-3 cells
safe_zero_padded_translation,arc-gen,87,"dr=2,dc=0",0,0,0,0,0,translation would clip foreground or target-3 cells
safe_zero_padded_translation,arc-gen,87,"dr=0,dc=-2",0,0,0,0,0,translation would clip foreground or target-3 cells
safe_zero_padded_translation,arc-gen,87,"dr=0,dc=2",0,0,0,0,0,translation would clip foreground or target-3 cells
safe_zero_padded_translation,arc-gen,88,"dr=-1,dc=0",0,0,0,0,0,translation would clip foreground or target-3 cells
safe_zero_padded_translation,arc-gen,88,"dr=1,dc=0",0,0,0,0,0,translation would clip foreground or target-3 cells
safe_zero_padded_translation,arc-gen,88,"dr=0,dc=-1",0,0,0,0,0,translation would clip foreground or target-3 cells
safe_zero_padded_translation,arc-gen,88,"dr=0,dc=1",0,0,0,0,0,translation would clip foreground or target-3 cells
safe_zero_padded_translation,arc-gen,88,"dr=-2,dc=0",0,0,0,0,0,translation would clip foreground or target-3 cells
safe_zero_padded_translation,arc-gen,88,"dr=2,dc=0",0,0,0,0,0,translation would clip foreground or target-3 cells
safe_zero_padded_translation,arc-gen,88,"dr=0,dc=-2",0,0,0,0,0,translation would clip foreground or target-3 cells
safe_zero_padded_translation,arc-gen,88,"dr=0,dc=2",0,0,0,0,0,translation would clip foreground or target-3 cells
safe_zero_padded_translation,arc-gen,89,"dr=-1,dc=0",0,0,0,0,0,translation would clip foreground or target-3 cells
safe_zero_padded_translation,arc-gen,89,"dr=1,dc=0",0,0,0,0,0,translation would clip foreground or target-3 cells
safe_zero_padded_translation,arc-gen,89,"dr=0,dc=-1",0,0,0,0,0,translation would clip foreground or target-3 cells
safe_zero_padded_translation,arc-gen,89,"dr=0,dc=1",0,0,0,0,0,translation would clip foreground or target-3 cells
safe_zero_padded_translation,arc-gen,89,"dr=-2,dc=0",0,0,0,0,0,translation would clip foreground or target-3 cells
safe_zero_padded_translation,arc-gen,89,"dr=2,dc=0",0,0,0,0,0,translation would clip foreground or target-3 cells
safe_zero_padded_translation,arc-gen,89,"dr=0,dc=-2",0,0,0,0,0,translation would clip foreground or target-3 cells
safe_zero_padded_translation,arc-gen,89,"dr=0,dc=2",0,0,0,0,0,translation would clip foreground or target-3 cells
safe_zero_padded_translation,arc-gen,90,"dr=-1,dc=0",0,0,0,0,0,translation would clip foreground or target-3 cells
safe_zero_padded_translation,arc-gen,90,"dr=1,dc=0",0,0,0,0,0,translation would clip foreground or target-3 cells
safe_zero_padded_translation,arc-gen,90,"dr=0,dc=-1",0,0,0,0,0,translation would clip foreground or target-3 cells
safe_zero_padded_translation,arc-gen,90,"dr=0,dc=1",0,0,0,0,0,translation would clip foreground or target-3 cells
safe_zero_padded_translation,arc-gen,90,"dr=-2,dc=0",0,0,0,0,0,translation would clip foreground or target-3 cells
safe_zero_padded_translation,arc-gen,90,"dr=2,dc=0",0,0,0,0,0,translation would clip foreground or target-3 cells
safe_zero_padded_translation,arc-gen,90,"dr=0,dc=-2",0,0,0,0,0,translation would clip foreground or target-3 cells
safe_zero_padded_translation,arc-gen,90,"dr=0,dc=2",0,0,0,0,0,translation would clip foreground or target-3 cells
safe_zero_padded_translation,arc-gen,91,"dr=-1,dc=0",0,0,0,0,0,translation would clip foreground or target-3 cells
safe_zero_padded_translation,arc-gen,91,"dr=1,dc=0",0,0,0,0,0,translation would clip foreground or target-3 cells
safe_zero_padded_translation,arc-gen,91,"dr=0,dc=-1",0,0,0,0,0,translation would clip foreground or target-3 cells
safe_zero_padded_translation,arc-gen,91,"dr=0,dc=1",0,0,0,0,0,translation would clip foreground or target-3 cells
safe_zero_padded_translation,arc-gen,91,"dr=-2,dc=0",0,0,0,0,0,translation would clip foreground or target-3 cells
safe_zero_padded_translation,arc-gen,91,"dr=2,dc=0",0,0,0,0,0,translation would clip foreground or target-3 cells
safe_zero_padded_translation,arc-gen,91,"dr=0,dc=-2",0,0,0,0,0,translation would clip foreground or target-3 cells
safe_zero_padded_translation,arc-gen,91,"dr=0,dc=2",0,0,0,0,0,translation would clip foreground or target-3 cells
safe_zero_padded_translation,arc-gen,92,"dr=-1,dc=0",0,0,0,0,0,translation would clip foreground or target-3 cells
safe_zero_padded_translation,arc-gen,92,"dr=1,dc=0",0,0,0,0,0,translation would clip foreground or target-3 cells
safe_zero_padded_translation,arc-gen,92,"dr=0,dc=-1",0,0,0,0,0,translation would clip foreground or target-3 cells
safe_zero_padded_translation,arc-gen,92,"dr=0,dc=1",0,0,0,0,0,translation would clip foreground or target-3 cells
safe_zero_padded_translation,arc-gen,92,"dr=-2,dc=0",0,0,0,0,0,translation would clip foreground or target-3 cells
safe_zero_padded_translation,arc-gen,92,"dr=2,dc=0",0,0,0,0,0,translation would clip foreground or target-3 cells
safe_zero_padded_translation,arc-gen,92,"dr=0,dc=-2",0,0,0,0,0,translation would clip foreground or target-3 cells
safe_zero_padded_translation,arc-gen,92,"dr=0,dc=2",0,0,0,0,0,translation would clip foreground or target-3 cells
safe_zero_padded_translation,arc-gen,93,"dr=-1,dc=0",0,0,0,0,0,translation would clip foreground or target-3 cells
safe_zero_padded_translation,arc-gen,93,"dr=1,dc=0",0,0,0,0,0,translation would clip foreground or target-3 cells
safe_zero_padded_translation,arc-gen,93,"dr=0,dc=-1",0,0,0,0,0,translation would clip foreground or target-3 cells
safe_zero_padded_translation,arc-gen,93,"dr=0,dc=1",0,0,0,0,0,translation would clip foreground or target-3 cells
safe_zero_padded_translation,arc-gen,93,"dr=-2,dc=0",0,0,0,0,0,translation would clip foreground or target-3 cells
safe_zero_padded_translation,arc-gen,93,"dr=2,dc=0",0,0,0,0,0,translation would clip foreground or target-3 cells
safe_zero_padded_translation,arc-gen,93,"dr=0,dc=-2",0,0,0,0,0,translation would clip foreground or target-3 cells
safe_zero_padded_translation,arc-gen,93,"dr=0,dc=2",0,0,0,0,0,translation would clip foreground or target-3 cells
safe_zero_padded_translation,arc-gen,94,"dr=-1,dc=0",0,0,0,0,0,translation would clip foreground or target-3 cells
safe_zero_padded_translation,arc-gen,94,"dr=1,dc=0",0,0,0,0,0,translation would clip foreground or target-3 cells
safe_zero_padded_translation,arc-gen,94,"dr=0,dc=-1",0,0,0,0,0,translation would clip foreground or target-3 cells
safe_zero_padded_translation,arc-gen,94,"dr=0,dc=1",0,0,0,0,0,translation would clip foreground or target-3 cells
safe_zero_padded_translation,arc-gen,94,"dr=-2,dc=0",0,0,0,0,0,translation would clip foreground or target-3 cells
safe_zero_padded_translation,arc-gen,94,"dr=2,dc=0",0,0,0,0,0,translation would clip foreground or target-3 cells
safe_zero_padded_translation,arc-gen,94,"dr=0,dc=-2",0,0,0,0,0,translation would clip foreground or target-3 cells
safe_zero_padded_translation,arc-gen,94,"dr=0,dc=2",0,0,0,0,0,translation would clip foreground or target-3 cells
safe_zero_padded_translation,arc-gen,95,"dr=-1,dc=0",0,0,0,0,0,translation would clip foreground or target-3 cells
safe_zero_padded_translation,arc-gen,95,"dr=1,dc=0",0,0,0,0,0,translation would clip foreground or target-3 cells
safe_zero_padded_translation,arc-gen,95,"dr=0,dc=-1",0,0,0,0,0,translation would clip foreground or target-3 cells
safe_zero_padded_translation,arc-gen,95,"dr=0,dc=1",0,0,0,0,0,translation would clip foreground or target-3 cells
safe_zero_padded_translation,arc-gen,95,"dr=-2,dc=0",0,0,0,0,0,translation would clip foreground or target-3 cells
safe_zero_padded_translation,arc-gen,95,"dr=2,dc=0",0,0,0,0,0,translation would clip foreground or target-3 cells
safe_zero_padded_translation,arc-gen,95,"dr=0,dc=-2",0,0,0,0,0,translation would clip foreground or target-3 cells
safe_zero_padded_translation,arc-gen,95,"dr=0,dc=2",0,0,0,0,0,translation would clip foreground or target-3 cells
safe_zero_padded_translation,arc-gen,96,"dr=-1,dc=0",0,0,0,0,0,translation would clip foreground or target-3 cells
safe_zero_padded_translation,arc-gen,96,"dr=1,dc=0",0,0,0,0,0,translation would clip foreground or target-3 cells
safe_zero_padded_translation,arc-gen,96,"dr=0,dc=-1",0,0,0,0,0,translation would clip foreground or target-3 cells
safe_zero_padded_translation,arc-gen,96,"dr=0,dc=1",0,0,0,0,0,translation would clip foreground or target-3 cells
safe_zero_padded_translation,arc-gen,96,"dr=-2,dc=0",0,0,0,0,0,translation would clip foreground or target-3 cells
safe_zero_padded_translation,arc-gen,96,"dr=2,dc=0",0,0,0,0,0,translation would clip foreground or target-3 cells
safe_zero_padded_translation,arc-gen,96,"dr=0,dc=-2",0,0,0,0,0,translation would clip foreground or target-3 cells
safe_zero_padded_translation,arc-gen,96,"dr=0,dc=2",0,0,0,0,0,translation would clip foreground or target-3 cells
safe_zero_padded_translation,arc-gen,97,"dr=-1,dc=0",0,0,0,0,0,translation would clip foreground or target-3 cells
safe_zero_padded_translation,arc-gen,97,"dr=1,dc=0",0,0,0,0,0,translation would clip foreground or target-3 cells
safe_zero_padded_translation,arc-gen,97,"dr=0,dc=-1",0,0,0,0,0,translation would clip foreground or target-3 cells
safe_zero_padded_translation,arc-gen,97,"dr=0,dc=1",0,0,0,0,0,translation would clip foreground or target-3 cells
safe_zero_padded_translation,arc-gen,97,"dr=-2,dc=0",0,0,0,0,0,translation would clip foreground or target-3 cells
safe_zero_padded_translation,arc-gen,97,"dr=2,dc=0",0,0,0,0,0,translation would clip foreground or target-3 cells
safe_zero_padded_translation,arc-gen,97,"dr=0,dc=-2",0,0,0,0,0,translation would clip foreground or target-3 cells
safe_zero_padded_translation,arc-gen,97,"dr=0,dc=2",0,0,0,0,0,translation would clip foreground or target-3 cells
safe_zero_padded_translation,arc-gen,98,"dr=-1,dc=0",0,0,0,0,0,translation would clip foreground or target-3 cells
safe_zero_padded_translation,arc-gen,98,"dr=1,dc=0",0,0,0,0,0,translation would clip foreground or target-3 cells
safe_zero_padded_translation,arc-gen,98,"dr=0,dc=-1",0,0,0,0,0,translation would clip foreground or target-3 cells
safe_zero_padded_translation,arc-gen,98,"dr=0,dc=1",0,0,0,0,0,translation would clip foreground or target-3 cells
safe_zero_padded_translation,arc-gen,98,"dr=-2,dc=0",0,0,0,0,0,translation would clip foreground or target-3 cells
safe_zero_padded_translation,arc-gen,98,"dr=2,dc=0",0,0,0,0,0,translation would clip foreground or target-3 cells
safe_zero_padded_translation,arc-gen,98,"dr=0,dc=-2",0,0,0,0,0,translation would clip foreground or target-3 cells
safe_zero_padded_translation,arc-gen,98,"dr=0,dc=2",0,0,0,0,0,translation would clip foreground or target-3 cells
safe_zero_padded_translation,arc-gen,99,"dr=-1,dc=0",0,0,0,0,0,translation would clip foreground or target-3 cells
safe_zero_padded_translation,arc-gen,99,"dr=1,dc=0",0,0,0,0,0,translation would clip foreground or target-3 cells
safe_zero_padded_translation,arc-gen,99,"dr=0,dc=-1",0,0,0,0,0,translation would clip foreground or target-3 cells
safe_zero_padded_translation,arc-gen,99,"dr=0,dc=1",0,0,0,0,0,translation would clip foreground or target-3 cells
safe_zero_padded_translation,arc-gen,99,"dr=-2,dc=0",0,0,0,0,0,translation would clip foreground or target-3 cells
safe_zero_padded_translation,arc-gen,99,"dr=2,dc=0",0,0,0,0,0,translation would clip foreground or target-3 cells
safe_zero_padded_translation,arc-gen,99,"dr=0,dc=-2",0,0,0,0,0,translation would clip foreground or target-3 cells
safe_zero_padded_translation,arc-gen,99,"dr=0,dc=2",0,0,0,0,0,translation would clip foreground or target-3 cells
safe_zero_padded_translation,arc-gen,100,"dr=-1,dc=0",0,0,0,0,0,translation would clip foreground or target-3 cells
safe_zero_padded_translation,arc-gen,100,"dr=1,dc=0",0,0,0,0,0,translation would clip foreground or target-3 cells
safe_zero_padded_translation,arc-gen,100,"dr=0,dc=-1",0,0,0,0,0,translation would clip foreground or target-3 cells
safe_zero_padded_translation,arc-gen,100,"dr=0,dc=1",0,0,0,0,0,translation would clip foreground or target-3 cells
safe_zero_padded_translation,arc-gen,100,"dr=-2,dc=0",0,0,0,0,0,translation would clip foreground or target-3 cells
safe_zero_padded_translation,arc-gen,100,"dr=2,dc=0",0,0,0,0,0,translation would clip foreground or target-3 cells
safe_zero_padded_translation,arc-gen,100,"dr=0,dc=-2",0,0,0,0,0,translation would clip foreground or target-3 cells
safe_zero_padded_translation,arc-gen,100,"dr=0,dc=2",0,0,0,0,0,translation would clip foreground or target-3 cells
safe_zero_padded_translation,arc-gen,101,"dr=-1,dc=0",0,0,0,0,0,translation would clip foreground or target-3 cells
safe_zero_padded_translation,arc-gen,101,"dr=1,dc=0",0,0,0,0,0,translation would clip foreground or target-3 cells
safe_zero_padded_translation,arc-gen,101,"dr=0,dc=-1",0,0,0,0,0,translation would clip foreground or target-3 cells
safe_zero_padded_translation,arc-gen,101,"dr=0,dc=1",0,0,0,0,0,translation would clip foreground or target-3 cells
safe_zero_padded_translation,arc-gen,101,"dr=-2,dc=0",0,0,0,0,0,translation would clip foreground or target-3 cells
safe_zero_padded_translation,arc-gen,101,"dr=2,dc=0",0,0,0,0,0,translation would clip foreground or target-3 cells
safe_zero_padded_translation,arc-gen,101,"dr=0,dc=-2",0,0,0,0,0,translation would clip foreground or target-3 cells
safe_zero_padded_translation,arc-gen,101,"dr=0,dc=2",0,0,0,0,0,translation would clip foreground or target-3 cells
safe_zero_padded_translation,arc-gen,102,"dr=-1,dc=0",0,0,0,0,0,translation would clip foreground or target-3 cells
safe_zero_padded_translation,arc-gen,102,"dr=1,dc=0",0,0,0,0,0,translation would clip foreground or target-3 cells
safe_zero_padded_translation,arc-gen,102,"dr=0,dc=-1",0,0,0,0,0,translation would clip foreground or target-3 cells
safe_zero_padded_translation,arc-gen,102,"dr=0,dc=1",0,0,0,0,0,translation would clip foreground or target-3 cells
safe_zero_padded_translation,arc-gen,102,"dr=-2,dc=0",0,0,0,0,0,translation would clip foreground or target-3 cells
safe_zero_padded_translation,arc-gen,102,"dr=2,dc=0",0,0,0,0,0,translation would clip foreground or target-3 cells
safe_zero_padded_translation,arc-gen,102,"dr=0,dc=-2",0,0,0,0,0,translation would clip foreground or target-3 cells
safe_zero_padded_translation,arc-gen,102,"dr=0,dc=2",0,0,0,0,0,translation would clip foreground or target-3 cells
safe_zero_padded_translation,arc-gen,103,"dr=-1,dc=0",0,0,0,0,0,translation would clip foreground or target-3 cells
safe_zero_padded_translation,arc-gen,103,"dr=1,dc=0",0,0,0,0,0,translation would clip foreground or target-3 cells
safe_zero_padded_translation,arc-gen,103,"dr=0,dc=-1",0,0,0,0,0,translation would clip foreground or target-3 cells
safe_zero_padded_translation,arc-gen,103,"dr=0,dc=1",0,0,0,0,0,translation would clip foreground or target-3 cells
safe_zero_padded_translation,arc-gen,103,"dr=-2,dc=0",0,0,0,0,0,translation would clip foreground or target-3 cells
safe_zero_padded_translation,arc-gen,103,"dr=2,dc=0",0,0,0,0,0,translation would clip foreground or target-3 cells
safe_zero_padded_translation,arc-gen,103,"dr=0,dc=-2",0,0,0,0,0,translation would clip foreground or target-3 cells
safe_zero_padded_translation,arc-gen,103,"dr=0,dc=2",0,0,0,0,0,translation would clip foreground or target-3 cells
safe_zero_padded_translation,arc-gen,104,"dr=-1,dc=0",0,0,0,0,0,translation would clip foreground or target-3 cells
safe_zero_padded_translation,arc-gen,104,"dr=1,dc=0",0,0,0,0,0,translation would clip foreground or target-3 cells
safe_zero_padded_translation,arc-gen,104,"dr=0,dc=-1",0,0,0,0,0,translation would clip foreground or target-3 cells
safe_zero_padded_translation,arc-gen,104,"dr=0,dc=1",0,0,0,0,0,translation would clip foreground or target-3 cells
safe_zero_padded_translation,arc-gen,104,"dr=-2,dc=0",0,0,0,0,0,translation would clip foreground or target-3 cells
safe_zero_padded_translation,arc-gen,104,"dr=2,dc=0",0,0,0,0,0,translation would clip foreground or target-3 cells
safe_zero_padded_translation,arc-gen,104,"dr=0,dc=-2",0,0,0,0,0,translation would clip foreground or target-3 cells
safe_zero_padded_translation,arc-gen,104,"dr=0,dc=2",0,0,0,0,0,translation would clip foreground or target-3 cells
safe_zero_padded_translation,arc-gen,105,"dr=-1,dc=0",0,0,0,0,0,translation would clip foreground or target-3 cells
safe_zero_padded_translation,arc-gen,105,"dr=1,dc=0",0,0,0,0,0,translation would clip foreground or target-3 cells
safe_zero_padded_translation,arc-gen,105,"dr=0,dc=-1",0,0,0,0,0,translation would clip foreground or target-3 cells
safe_zero_padded_translation,arc-gen,105,"dr=0,dc=1",0,0,0,0,0,translation would clip foreground or target-3 cells
safe_zero_padded_translation,arc-gen,105,"dr=-2,dc=0",0,0,0,0,0,translation would clip foreground or target-3 cells
safe_zero_padded_translation,arc-gen,105,"dr=2,dc=0",0,0,0,0,0,translation would clip foreground or target-3 cells
safe_zero_padded_translation,arc-gen,105,"dr=0,dc=-2",0,0,0,0,0,translation would clip foreground or target-3 cells
safe_zero_padded_translation,arc-gen,105,"dr=0,dc=2",0,0,0,0,0,translation would clip foreground or target-3 cells
safe_zero_padded_translation,arc-gen,106,"dr=-1,dc=0",0,0,0,0,0,translation would clip foreground or target-3 cells
safe_zero_padded_translation,arc-gen,106,"dr=1,dc=0",0,0,0,0,0,translation would clip foreground or target-3 cells
safe_zero_padded_translation,arc-gen,106,"dr=0,dc=-1",0,0,0,0,0,translation would clip foreground or target-3 cells
safe_zero_padded_translation,arc-gen,106,"dr=0,dc=1",0,0,0,0,0,translation would clip foreground or target-3 cells
safe_zero_padded_translation,arc-gen,106,"dr=-2,dc=0",0,0,0,0,0,translation would clip foreground or target-3 cells
safe_zero_padded_translation,arc-gen,106,"dr=2,dc=0",0,0,0,0,0,translation would clip foreground or target-3 cells
safe_zero_padded_translation,arc-gen,106,"dr=0,dc=-2",0,0,0,0,0,translation would clip foreground or target-3 cells
safe_zero_padded_translation,arc-gen,106,"dr=0,dc=2",0,0,0,0,0,translation would clip foreground or target-3 cells
safe_zero_padded_translation,arc-gen,107,"dr=-1,dc=0",0,0,0,0,0,translation would clip foreground or target-3 cells
safe_zero_padded_translation,arc-gen,107,"dr=1,dc=0",0,0,0,0,0,translation would clip foreground or target-3 cells
safe_zero_padded_translation,arc-gen,107,"dr=0,dc=-1",0,0,0,0,0,translation would clip foreground or target-3 cells
safe_zero_padded_translation,arc-gen,107,"dr=0,dc=1",0,0,0,0,0,translation would clip foreground or target-3 cells
safe_zero_padded_translation,arc-gen,107,"dr=-2,dc=0",0,0,0,0,0,translation would clip foreground or target-3 cells
safe_zero_padded_translation,arc-gen,107,"dr=2,dc=0",0,0,0,0,0,translation would clip foreground or target-3 cells
safe_zero_padded_translation,arc-gen,107,"dr=0,dc=-2",0,0,0,0,0,translation would clip foreground or target-3 cells
safe_zero_padded_translation,arc-gen,107,"dr=0,dc=2",0,0,0,0,0,translation would clip foreground or target-3 cells
safe_zero_padded_translation,arc-gen,108,"dr=-1,dc=0",0,0,0,0,0,translation would clip foreground or target-3 cells
safe_zero_padded_translation,arc-gen,108,"dr=1,dc=0",0,0,0,0,0,translation would clip foreground or target-3 cells
safe_zero_padded_translation,arc-gen,108,"dr=0,dc=-1",0,0,0,0,0,translation would clip foreground or target-3 cells
safe_zero_padded_translation,arc-gen,108,"dr=0,dc=1",0,0,0,0,0,translation would clip foreground or target-3 cells
safe_zero_padded_translation,arc-gen,108,"dr=-2,dc=0",0,0,0,0,0,translation would clip foreground or target-3 cells
safe_zero_padded_translation,arc-gen,108,"dr=2,dc=0",0,0,0,0,0,translation would clip foreground or target-3 cells
safe_zero_padded_translation,arc-gen,108,"dr=0,dc=-2",0,0,0,0,0,translation would clip foreground or target-3 cells
safe_zero_padded_translation,arc-gen,108,"dr=0,dc=2",0,0,0,0,0,translation would clip foreground or target-3 cells
safe_zero_padded_translation,arc-gen,109,"dr=-1,dc=0",0,0,0,0,0,translation would clip foreground or target-3 cells
safe_zero_padded_translation,arc-gen,109,"dr=1,dc=0",0,0,0,0,0,translation would clip foreground or target-3 cells
safe_zero_padded_translation,arc-gen,109,"dr=0,dc=-1",0,0,0,0,0,translation would clip foreground or target-3 cells
safe_zero_padded_translation,arc-gen,109,"dr=0,dc=1",0,0,0,0,0,translation would clip foreground or target-3 cells
safe_zero_padded_translation,arc-gen,109,"dr=-2,dc=0",0,0,0,0,0,translation would clip foreground or target-3 cells
safe_zero_padded_translation,arc-gen,109,"dr=2,dc=0",0,0,0,0,0,translation would clip foreground or target-3 cells
safe_zero_padded_translation,arc-gen,109,"dr=0,dc=-2",0,0,0,0,0,translation would clip foreground or target-3 cells
safe_zero_padded_translation,arc-gen,109,"dr=0,dc=2",0,0,0,0,0,translation would clip foreground or target-3 cells
safe_zero_padded_translation,arc-gen,110,"dr=-1,dc=0",0,0,0,0,0,translation would clip foreground or target-3 cells
safe_zero_padded_translation,arc-gen,110,"dr=1,dc=0",0,0,0,0,0,translation would clip foreground or target-3 cells
safe_zero_padded_translation,arc-gen,110,"dr=0,dc=-1",0,0,0,0,0,translation would clip foreground or target-3 cells
safe_zero_padded_translation,arc-gen,110,"dr=0,dc=1",0,0,0,0,0,translation would clip foreground or target-3 cells
safe_zero_padded_translation,arc-gen,110,"dr=-2,dc=0",0,0,0,0,0,translation would clip foreground or target-3 cells
safe_zero_padded_translation,arc-gen,110,"dr=2,dc=0",0,0,0,0,0,translation would clip foreground or target-3 cells
safe_zero_padded_translation,arc-gen,110,"dr=0,dc=-2",0,0,0,0,0,translation would clip foreground or target-3 cells
safe_zero_padded_translation,arc-gen,110,"dr=0,dc=2",0,0,0,0,0,translation would clip foreground or target-3 cells
safe_zero_padded_translation,arc-gen,111,"dr=-1,dc=0",0,0,0,0,0,translation would clip foreground or target-3 cells
safe_zero_padded_translation,arc-gen,111,"dr=1,dc=0",0,0,0,0,0,translation would clip foreground or target-3 cells
safe_zero_padded_translation,arc-gen,111,"dr=0,dc=-1",0,0,0,0,0,translation would clip foreground or target-3 cells
safe_zero_padded_translation,arc-gen,111,"dr=0,dc=1",0,0,0,0,0,translation would clip foreground or target-3 cells
safe_zero_padded_translation,arc-gen,111,"dr=-2,dc=0",0,0,0,0,0,translation would clip foreground or target-3 cells
safe_zero_padded_translation,arc-gen,111,"dr=2,dc=0",0,0,0,0,0,translation would clip foreground or target-3 cells
safe_zero_padded_translation,arc-gen,111,"dr=0,dc=-2",0,0,0,0,0,translation would clip foreground or target-3 cells
safe_zero_padded_translation,arc-gen,111,"dr=0,dc=2",0,0,0,0,0,translation would clip foreground or target-3 cells
safe_zero_padded_translation,arc-gen,112,"dr=-1,dc=0",0,0,0,0,0,translation would clip foreground or target-3 cells
safe_zero_padded_translation,arc-gen,112,"dr=1,dc=0",0,0,0,0,0,translation would clip foreground or target-3 cells
safe_zero_padded_translation,arc-gen,112,"dr=0,dc=-1",0,0,0,0,0,translation would clip foreground or target-3 cells
safe_zero_padded_translation,arc-gen,112,"dr=0,dc=1",0,0,0,0,0,translation would clip foreground or target-3 cells
safe_zero_padded_translation,arc-gen,112,"dr=-2,dc=0",0,0,0,0,0,translation would clip foreground or target-3 cells
safe_zero_padded_translation,arc-gen,112,"dr=2,dc=0",0,0,0,0,0,translation would clip foreground or target-3 cells
safe_zero_padded_translation,arc-gen,112,"dr=0,dc=-2",0,0,0,0,0,translation would clip foreground or target-3 cells
safe_zero_padded_translation,arc-gen,112,"dr=0,dc=2",0,0,0,0,0,translation would clip foreground or target-3 cells
safe_zero_padded_translation,arc-gen,113,"dr=-1,dc=0",0,0,0,0,0,translation would clip foreground or target-3 cells
safe_zero_padded_translation,arc-gen,113,"dr=1,dc=0",0,0,0,0,0,translation would clip foreground or target-3 cells
safe_zero_padded_translation,arc-gen,113,"dr=0,dc=-1",0,0,0,0,0,translation would clip foreground or target-3 cells
safe_zero_padded_translation,arc-gen,113,"dr=0,dc=1",0,0,0,0,0,translation would clip foreground or target-3 cells
safe_zero_padded_translation,arc-gen,113,"dr=-2,dc=0",0,0,0,0,0,translation would clip foreground or target-3 cells
safe_zero_padded_translation,arc-gen,113,"dr=2,dc=0",0,0,0,0,0,translation would clip foreground or target-3 cells
safe_zero_padded_translation,arc-gen,113,"dr=0,dc=-2",0,0,0,0,0,translation would clip foreground or target-3 cells
safe_zero_padded_translation,arc-gen,113,"dr=0,dc=2",0,0,0,0,0,translation would clip foreground or target-3 cells
safe_zero_padded_translation,arc-gen,114,"dr=-1,dc=0",0,0,0,0,0,translation would clip foreground or target-3 cells
safe_zero_padded_translation,arc-gen,114,"dr=1,dc=0",0,0,0,0,0,translation would clip foreground or target-3 cells
safe_zero_padded_translation,arc-gen,114,"dr=0,dc=-1",0,0,0,0,0,translation would clip foreground or target-3 cells
safe_zero_padded_translation,arc-gen,114,"dr=0,dc=1",0,0,0,0,0,translation would clip foreground or target-3 cells
safe_zero_padded_translation,arc-gen,114,"dr=-2,dc=0",0,0,0,0,0,translation would clip foreground or target-3 cells
safe_zero_padded_translation,arc-gen,114,"dr=2,dc=0",0,0,0,0,0,translation would clip foreground or target-3 cells
safe_zero_padded_translation,arc-gen,114,"dr=0,dc=-2",0,0,0,0,0,translation would clip foreground or target-3 cells
safe_zero_padded_translation,arc-gen,114,"dr=0,dc=2",0,0,0,0,0,translation would clip foreground or target-3 cells
safe_zero_padded_translation,arc-gen,115,"dr=-1,dc=0",0,0,0,0,0,translation would clip foreground or target-3 cells
safe_zero_padded_translation,arc-gen,115,"dr=1,dc=0",0,0,0,0,0,translation would clip foreground or target-3 cells
safe_zero_padded_translation,arc-gen,115,"dr=0,dc=-1",0,0,0,0,0,translation would clip foreground or target-3 cells
safe_zero_padded_translation,arc-gen,115,"dr=0,dc=1",0,0,0,0,0,translation would clip foreground or target-3 cells
safe_zero_padded_translation,arc-gen,115,"dr=-2,dc=0",0,0,0,0,0,translation would clip foreground or target-3 cells
safe_zero_padded_translation,arc-gen,115,"dr=2,dc=0",0,0,0,0,0,translation would clip foreground or target-3 cells
safe_zero_padded_translation,arc-gen,115,"dr=0,dc=-2",0,0,0,0,0,translation would clip foreground or target-3 cells
safe_zero_padded_translation,arc-gen,115,"dr=0,dc=2",0,0,0,0,0,translation would clip foreground or target-3 cells
safe_zero_padded_translation,arc-gen,116,"dr=-1,dc=0",0,0,0,0,0,translation would clip foreground or target-3 cells
safe_zero_padded_translation,arc-gen,116,"dr=1,dc=0",0,0,0,0,0,translation would clip foreground or target-3 cells
safe_zero_padded_translation,arc-gen,116,"dr=0,dc=-1",0,0,0,0,0,translation would clip foreground or target-3 cells
safe_zero_padded_translation,arc-gen,116,"dr=0,dc=1",0,0,0,0,0,translation would clip foreground or target-3 cells
safe_zero_padded_translation,arc-gen,116,"dr=-2,dc=0",0,0,0,0,0,translation would clip foreground or target-3 cells
safe_zero_padded_translation,arc-gen,116,"dr=2,dc=0",0,0,0,0,0,translation would clip foreground or target-3 cells
safe_zero_padded_translation,arc-gen,116,"dr=0,dc=-2",0,0,0,0,0,translation would clip foreground or target-3 cells
safe_zero_padded_translation,arc-gen,116,"dr=0,dc=2",0,0,0,0,0,translation would clip foreground or target-3 cells
safe_zero_padded_translation,arc-gen,117,"dr=-1,dc=0",0,0,0,0,0,translation would clip foreground or target-3 cells
safe_zero_padded_translation,arc-gen,117,"dr=1,dc=0",0,0,0,0,0,translation would clip foreground or target-3 cells
safe_zero_padded_translation,arc-gen,117,"dr=0,dc=-1",0,0,0,0,0,translation would clip foreground or target-3 cells
safe_zero_padded_translation,arc-gen,117,"dr=0,dc=1",0,0,0,0,0,translation would clip foreground or target-3 cells
safe_zero_padded_translation,arc-gen,117,"dr=-2,dc=0",0,0,0,0,0,translation would clip foreground or target-3 cells
safe_zero_padded_translation,arc-gen,117,"dr=2,dc=0",0,0,0,0,0,translation would clip foreground or target-3 cells
safe_zero_padded_translation,arc-gen,117,"dr=0,dc=-2",0,0,0,0,0,translation would clip foreground or target-3 cells
safe_zero_padded_translation,arc-gen,117,"dr=0,dc=2",0,0,0,0,0,translation would clip foreground or target-3 cells
safe_zero_padded_translation,arc-gen,118,"dr=-1,dc=0",0,0,0,0,0,translation would clip foreground or target-3 cells
safe_zero_padded_translation,arc-gen,118,"dr=1,dc=0",0,0,0,0,0,translation would clip foreground or target-3 cells
safe_zero_padded_translation,arc-gen,118,"dr=0,dc=-1",0,0,0,0,0,translation would clip foreground or target-3 cells
safe_zero_padded_translation,arc-gen,118,"dr=0,dc=1",0,0,0,0,0,translation would clip foreground or target-3 cells
safe_zero_padded_translation,arc-gen,118,"dr=-2,dc=0",0,0,0,0,0,translation would clip foreground or target-3 cells
safe_zero_padded_translation,arc-gen,118,"dr=2,dc=0",0,0,0,0,0,translation would clip foreground or target-3 cells
safe_zero_padded_translation,arc-gen,118,"dr=0,dc=-2",0,0,0,0,0,translation would clip foreground or target-3 cells
safe_zero_padded_translation,arc-gen,118,"dr=0,dc=2",0,0,0,0,0,translation would clip foreground or target-3 cells
safe_zero_padded_translation,arc-gen,119,"dr=-1,dc=0",0,0,0,0,0,translation would clip foreground or target-3 cells
safe_zero_padded_translation,arc-gen,119,"dr=1,dc=0",0,0,0,0,0,translation would clip foreground or target-3 cells
safe_zero_padded_translation,arc-gen,119,"dr=0,dc=-1",0,0,0,0,0,translation would clip foreground or target-3 cells
safe_zero_padded_translation,arc-gen,119,"dr=0,dc=1",0,0,0,0,0,translation would clip foreground or target-3 cells
safe_zero_padded_translation,arc-gen,119,"dr=-2,dc=0",0,0,0,0,0,translation would clip foreground or target-3 cells
safe_zero_padded_translation,arc-gen,119,"dr=2,dc=0",0,0,0,0,0,translation would clip foreground or target-3 cells
safe_zero_padded_translation,arc-gen,119,"dr=0,dc=-2",0,0,0,0,0,translation would clip foreground or target-3 cells
safe_zero_padded_translation,arc-gen,119,"dr=0,dc=2",0,0,0,0,0,translation would clip foreground or target-3 cells
safe_zero_padded_translation,arc-gen,120,"dr=-1,dc=0",0,0,0,0,0,translation would clip foreground or target-3 cells
safe_zero_padded_translation,arc-gen,120,"dr=1,dc=0",0,0,0,0,0,translation would clip foreground or target-3 cells
safe_zero_padded_translation,arc-gen,120,"dr=0,dc=-1",0,0,0,0,0,translation would clip foreground or target-3 cells
safe_zero_padded_translation,arc-gen,120,"dr=0,dc=1",0,0,0,0,0,translation would clip foreground or target-3 cells
safe_zero_padded_translation,arc-gen,120,"dr=-2,dc=0",0,0,0,0,0,translation would clip foreground or target-3 cells
safe_zero_padded_translation,arc-gen,120,"dr=2,dc=0",0,0,0,0,0,translation would clip foreground or target-3 cells
safe_zero_padded_translation,arc-gen,120,"dr=0,dc=-2",0,0,0,0,0,translation would clip foreground or target-3 cells
safe_zero_padded_translation,arc-gen,120,"dr=0,dc=2",0,0,0,0,0,translation would clip foreground or target-3 cells
safe_zero_padded_translation,arc-gen,121,"dr=-1,dc=0",0,0,0,0,0,translation would clip foreground or target-3 cells
safe_zero_padded_translation,arc-gen,121,"dr=1,dc=0",0,0,0,0,0,translation would clip foreground or target-3 cells
safe_zero_padded_translation,arc-gen,121,"dr=0,dc=-1",0,0,0,0,0,translation would clip foreground or target-3 cells
safe_zero_padded_translation,arc-gen,121,"dr=0,dc=1",0,0,0,0,0,translation would clip foreground or target-3 cells
safe_zero_padded_translation,arc-gen,121,"dr=-2,dc=0",0,0,0,0,0,translation would clip foreground or target-3 cells
safe_zero_padded_translation,arc-gen,121,"dr=2,dc=0",0,0,0,0,0,translation would clip foreground or target-3 cells
safe_zero_padded_translation,arc-gen,121,"dr=0,dc=-2",0,0,0,0,0,translation would clip foreground or target-3 cells
safe_zero_padded_translation,arc-gen,121,"dr=0,dc=2",0,0,0,0,0,translation would clip foreground or target-3 cells
safe_zero_padded_translation,arc-gen,122,"dr=-1,dc=0",0,0,0,0,0,translation would clip foreground or target-3 cells
safe_zero_padded_translation,arc-gen,122,"dr=1,dc=0",0,0,0,0,0,translation would clip foreground or target-3 cells
safe_zero_padded_translation,arc-gen,122,"dr=0,dc=-1",0,0,0,0,0,translation would clip foreground or target-3 cells
safe_zero_padded_translation,arc-gen,122,"dr=0,dc=1",0,0,0,0,0,translation would clip foreground or target-3 cells
safe_zero_padded_translation,arc-gen,122,"dr=-2,dc=0",0,0,0,0,0,translation would clip foreground or target-3 cells
safe_zero_padded_translation,arc-gen,122,"dr=2,dc=0",0,0,0,0,0,translation would clip foreground or target-3 cells
safe_zero_padded_translation,arc-gen,122,"dr=0,dc=-2",0,0,0,0,0,translation would clip foreground or target-3 cells
safe_zero_padded_translation,arc-gen,122,"dr=0,dc=2",0,0,0,0,0,translation would clip foreground or target-3 cells
safe_zero_padded_translation,arc-gen,123,"dr=-1,dc=0",0,0,0,0,0,translation would clip foreground or target-3 cells
safe_zero_padded_translation,arc-gen,123,"dr=1,dc=0",0,0,0,0,0,translation would clip foreground or target-3 cells
safe_zero_padded_translation,arc-gen,123,"dr=0,dc=-1",0,0,0,0,0,translation would clip foreground or target-3 cells
safe_zero_padded_translation,arc-gen,123,"dr=0,dc=1",0,0,0,0,0,translation would clip foreground or target-3 cells
safe_zero_padded_translation,arc-gen,123,"dr=-2,dc=0",0,0,0,0,0,translation would clip foreground or target-3 cells
safe_zero_padded_translation,arc-gen,123,"dr=2,dc=0",0,0,0,0,0,translation would clip foreground or target-3 cells
safe_zero_padded_translation,arc-gen,123,"dr=0,dc=-2",0,0,0,0,0,translation would clip foreground or target-3 cells
safe_zero_padded_translation,arc-gen,123,"dr=0,dc=2",0,0,0,0,0,translation would clip foreground or target-3 cells
safe_zero_padded_translation,arc-gen,124,"dr=-1,dc=0",0,0,0,0,0,translation would clip foreground or target-3 cells
safe_zero_padded_translation,arc-gen,124,"dr=1,dc=0",0,0,0,0,0,translation would clip foreground or target-3 cells
safe_zero_padded_translation,arc-gen,124,"dr=0,dc=-1",0,0,0,0,0,translation would clip foreground or target-3 cells
safe_zero_padded_translation,arc-gen,124,"dr=0,dc=1",0,0,0,0,0,translation would clip foreground or target-3 cells
safe_zero_padded_translation,arc-gen,124,"dr=-2,dc=0",0,0,0,0,0,translation would clip foreground or target-3 cells
safe_zero_padded_translation,arc-gen,124,"dr=2,dc=0",0,0,0,0,0,translation would clip foreground or target-3 cells
safe_zero_padded_translation,arc-gen,124,"dr=0,dc=-2",0,0,0,0,0,translation would clip foreground or target-3 cells
safe_zero_padded_translation,arc-gen,124,"dr=0,dc=2",0,0,0,0,0,translation would clip foreground or target-3 cells
safe_zero_padded_translation,arc-gen,125,"dr=-1,dc=0",0,0,0,0,0,translation would clip foreground or target-3 cells
safe_zero_padded_translation,arc-gen,125,"dr=1,dc=0",0,0,0,0,0,translation would clip foreground or target-3 cells
safe_zero_padded_translation,arc-gen,125,"dr=0,dc=-1",0,0,0,0,0,translation would clip foreground or target-3 cells
safe_zero_padded_translation,arc-gen,125,"dr=0,dc=1",0,0,0,0,0,translation would clip foreground or target-3 cells
safe_zero_padded_translation,arc-gen,125,"dr=-2,dc=0",0,0,0,0,0,translation would clip foreground or target-3 cells
safe_zero_padded_translation,arc-gen,125,"dr=2,dc=0",0,0,0,0,0,translation would clip foreground or target-3 cells
safe_zero_padded_translation,arc-gen,125,"dr=0,dc=-2",0,0,0,0,0,translation would clip foreground or target-3 cells
safe_zero_padded_translation,arc-gen,125,"dr=0,dc=2",0,0,0,0,0,translation would clip foreground or target-3 cells
safe_zero_padded_translation,arc-gen,126,"dr=-1,dc=0",0,0,0,0,0,translation would clip foreground or target-3 cells
safe_zero_padded_translation,arc-gen,126,"dr=1,dc=0",0,0,0,0,0,translation would clip foreground or target-3 cells
safe_zero_padded_translation,arc-gen,126,"dr=0,dc=-1",0,0,0,0,0,translation would clip foreground or target-3 cells
safe_zero_padded_translation,arc-gen,126,"dr=0,dc=1",0,0,0,0,0,translation would clip foreground or target-3 cells
safe_zero_padded_translation,arc-gen,126,"dr=-2,dc=0",0,0,0,0,0,translation would clip foreground or target-3 cells
safe_zero_padded_translation,arc-gen,126,"dr=2,dc=0",0,0,0,0,0,translation would clip foreground or target-3 cells
safe_zero_padded_translation,arc-gen,126,"dr=0,dc=-2",0,0,0,0,0,translation would clip foreground or target-3 cells
safe_zero_padded_translation,arc-gen,126,"dr=0,dc=2",0,0,0,0,0,translation would clip foreground or target-3 cells
safe_zero_padded_translation,arc-gen,127,"dr=-1,dc=0",0,0,0,0,0,translation would clip foreground or target-3 cells
safe_zero_padded_translation,arc-gen,127,"dr=1,dc=0",0,0,0,0,0,translation would clip foreground or target-3 cells
safe_zero_padded_translation,arc-gen,127,"dr=0,dc=-1",0,0,0,0,0,translation would clip foreground or target-3 cells
safe_zero_padded_translation,arc-gen,127,"dr=0,dc=1",0,0,0,0,0,translation would clip foreground or target-3 cells
safe_zero_padded_translation,arc-gen,127,"dr=-2,dc=0",0,0,0,0,0,translation would clip foreground or target-3 cells
safe_zero_padded_translation,arc-gen,127,"dr=2,dc=0",0,0,0,0,0,translation would clip foreground or target-3 cells
safe_zero_padded_translation,arc-gen,127,"dr=0,dc=-2",0,0,0,0,0,translation would clip foreground or target-3 cells
safe_zero_padded_translation,arc-gen,127,"dr=0,dc=2",0,0,0,0,0,translation would clip foreground or target-3 cells
safe_zero_padded_translation,arc-gen,128,"dr=-1,dc=0",0,0,0,0,0,translation would clip foreground or target-3 cells
safe_zero_padded_translation,arc-gen,128,"dr=1,dc=0",0,0,0,0,0,translation would clip foreground or target-3 cells
safe_zero_padded_translation,arc-gen,128,"dr=0,dc=-1",0,0,0,0,0,translation would clip foreground or target-3 cells
safe_zero_padded_translation,arc-gen,128,"dr=0,dc=1",0,0,0,0,0,translation would clip foreground or target-3 cells
safe_zero_padded_translation,arc-gen,128,"dr=-2,dc=0",0,0,0,0,0,translation would clip foreground or target-3 cells
safe_zero_padded_translation,arc-gen,128,"dr=2,dc=0",0,0,0,0,0,translation would clip foreground or target-3 cells
safe_zero_padded_translation,arc-gen,128,"dr=0,dc=-2",0,0,0,0,0,translation would clip foreground or target-3 cells
safe_zero_padded_translation,arc-gen,128,"dr=0,dc=2",0,0,0,0,0,translation would clip foreground or target-3 cells
safe_zero_padded_translation,arc-gen,129,"dr=-1,dc=0",0,0,0,0,0,translation would clip foreground or target-3 cells
safe_zero_padded_translation,arc-gen,129,"dr=1,dc=0",0,0,0,0,0,translation would clip foreground or target-3 cells
safe_zero_padded_translation,arc-gen,129,"dr=0,dc=-1",0,0,0,0,0,translation would clip foreground or target-3 cells
safe_zero_padded_translation,arc-gen,129,"dr=0,dc=1",0,0,0,0,0,translation would clip foreground or target-3 cells
safe_zero_padded_translation,arc-gen,129,"dr=-2,dc=0",0,0,0,0,0,translation would clip foreground or target-3 cells
safe_zero_padded_translation,arc-gen,129,"dr=2,dc=0",0,0,0,0,0,translation would clip foreground or target-3 cells
safe_zero_padded_translation,arc-gen,129,"dr=0,dc=-2",0,0,0,0,0,translation would clip foreground or target-3 cells
safe_zero_padded_translation,arc-gen,129,"dr=0,dc=2",0,0,0,0,0,translation would clip foreground or target-3 cells
safe_zero_padded_translation,arc-gen,130,"dr=-1,dc=0",0,0,0,0,0,translation would clip foreground or target-3 cells
safe_zero_padded_translation,arc-gen,130,"dr=1,dc=0",0,0,0,0,0,translation would clip foreground or target-3 cells
safe_zero_padded_translation,arc-gen,130,"dr=0,dc=-1",0,0,0,0,0,translation would clip foreground or target-3 cells
safe_zero_padded_translation,arc-gen,130,"dr=0,dc=1",0,0,0,0,0,translation would clip foreground or target-3 cells
safe_zero_padded_translation,arc-gen,130,"dr=-2,dc=0",0,0,0,0,0,translation would clip foreground or target-3 cells
safe_zero_padded_translation,arc-gen,130,"dr=2,dc=0",0,0,0,0,0,translation would clip foreground or target-3 cells
safe_zero_padded_translation,arc-gen,130,"dr=0,dc=-2",0,0,0,0,0,translation would clip foreground or target-3 cells
safe_zero_padded_translation,arc-gen,130,"dr=0,dc=2",0,0,0,0,0,translation would clip foreground or target-3 cells
safe_zero_padded_translation,arc-gen,131,"dr=-1,dc=0",0,0,0,0,0,translation would clip foreground or target-3 cells
safe_zero_padded_translation,arc-gen,131,"dr=1,dc=0",0,0,0,0,0,translation would clip foreground or target-3 cells
safe_zero_padded_translation,arc-gen,131,"dr=0,dc=-1",0,0,0,0,0,translation would clip foreground or target-3 cells
safe_zero_padded_translation,arc-gen,131,"dr=0,dc=1",0,0,0,0,0,translation would clip foreground or target-3 cells
safe_zero_padded_translation,arc-gen,131,"dr=-2,dc=0",0,0,0,0,0,translation would clip foreground or target-3 cells
safe_zero_padded_translation,arc-gen,131,"dr=2,dc=0",0,0,0,0,0,translation would clip foreground or target-3 cells
safe_zero_padded_translation,arc-gen,131,"dr=0,dc=-2",0,0,0,0,0,translation would clip foreground or target-3 cells
safe_zero_padded_translation,arc-gen,131,"dr=0,dc=2",0,0,0,0,0,translation would clip foreground or target-3 cells
safe_zero_padded_translation,arc-gen,132,"dr=-1,dc=0",0,0,0,0,0,translation would clip foreground or target-3 cells
safe_zero_padded_translation,arc-gen,132,"dr=1,dc=0",0,0,0,0,0,translation would clip foreground or target-3 cells
safe_zero_padded_translation,arc-gen,132,"dr=0,dc=-1",0,0,0,0,0,translation would clip foreground or target-3 cells
safe_zero_padded_translation,arc-gen,132,"dr=0,dc=1",0,0,0,0,0,translation would clip foreground or target-3 cells
safe_zero_padded_translation,arc-gen,132,"dr=-2,dc=0",0,0,0,0,0,translation would clip foreground or target-3 cells
safe_zero_padded_translation,arc-gen,132,"dr=2,dc=0",0,0,0,0,0,translation would clip foreground or target-3 cells
safe_zero_padded_translation,arc-gen,132,"dr=0,dc=-2",0,0,0,0,0,translation would clip foreground or target-3 cells
safe_zero_padded_translation,arc-gen,132,"dr=0,dc=2",0,0,0,0,0,translation would clip foreground or target-3 cells
safe_zero_padded_translation,arc-gen,133,"dr=-1,dc=0",0,0,0,0,0,translation would clip foreground or target-3 cells
safe_zero_padded_translation,arc-gen,133,"dr=1,dc=0",0,0,0,0,0,translation would clip foreground or target-3 cells
safe_zero_padded_translation,arc-gen,133,"dr=0,dc=-1",0,0,0,0,0,translation would clip foreground or target-3 cells
safe_zero_padded_translation,arc-gen,133,"dr=0,dc=1",0,0,0,0,0,translation would clip foreground or target-3 cells
safe_zero_padded_translation,arc-gen,133,"dr=-2,dc=0",0,0,0,0,0,translation would clip foreground or target-3 cells
safe_zero_padded_translation,arc-gen,133,"dr=2,dc=0",0,0,0,0,0,translation would clip foreground or target-3 cells
safe_zero_padded_translation,arc-gen,133,"dr=0,dc=-2",0,0,0,0,0,translation would clip foreground or target-3 cells
safe_zero_padded_translation,arc-gen,133,"dr=0,dc=2",0,0,0,0,0,translation would clip foreground or target-3 cells
safe_zero_padded_translation,arc-gen,134,"dr=-1,dc=0",0,0,0,0,0,translation would clip foreground or target-3 cells
safe_zero_padded_translation,arc-gen,134,"dr=1,dc=0",0,0,0,0,0,translation would clip foreground or target-3 cells
safe_zero_padded_translation,arc-gen,134,"dr=0,dc=-1",0,0,0,0,0,translation would clip foreground or target-3 cells
safe_zero_padded_translation,arc-gen,134,"dr=0,dc=1",0,0,0,0,0,translation would clip foreground or target-3 cells
safe_zero_padded_translation,arc-gen,134,"dr=-2,dc=0",0,0,0,0,0,translation would clip foreground or target-3 cells
safe_zero_padded_translation,arc-gen,134,"dr=2,dc=0",0,0,0,0,0,translation would clip foreground or target-3 cells
safe_zero_padded_translation,arc-gen,134,"dr=0,dc=-2",0,0,0,0,0,translation would clip foreground or target-3 cells
safe_zero_padded_translation,arc-gen,134,"dr=0,dc=2",0,0,0,0,0,translation would clip foreground or target-3 cells
safe_zero_padded_translation,arc-gen,135,"dr=-1,dc=0",0,0,0,0,0,translation would clip foreground or target-3 cells
safe_zero_padded_translation,arc-gen,135,"dr=1,dc=0",0,0,0,0,0,translation would clip foreground or target-3 cells
safe_zero_padded_translation,arc-gen,135,"dr=0,dc=-1",0,0,0,0,0,translation would clip foreground or target-3 cells
safe_zero_padded_translation,arc-gen,135,"dr=0,dc=1",0,0,0,0,0,translation would clip foreground or target-3 cells
safe_zero_padded_translation,arc-gen,135,"dr=-2,dc=0",0,0,0,0,0,translation would clip foreground or target-3 cells
safe_zero_padded_translation,arc-gen,135,"dr=2,dc=0",0,0,0,0,0,translation would clip foreground or target-3 cells
safe_zero_padded_translation,arc-gen,135,"dr=0,dc=-2",0,0,0,0,0,translation would clip foreground or target-3 cells
safe_zero_padded_translation,arc-gen,135,"dr=0,dc=2",0,0,0,0,0,translation would clip foreground or target-3 cells
safe_zero_padded_translation,arc-gen,136,"dr=-1,dc=0",0,0,0,0,0,translation would clip foreground or target-3 cells
safe_zero_padded_translation,arc-gen,136,"dr=1,dc=0",0,0,0,0,0,translation would clip foreground or target-3 cells
safe_zero_padded_translation,arc-gen,136,"dr=0,dc=-1",0,0,0,0,0,translation would clip foreground or target-3 cells
safe_zero_padded_translation,arc-gen,136,"dr=0,dc=1",0,0,0,0,0,translation would clip foreground or target-3 cells
safe_zero_padded_translation,arc-gen,136,"dr=-2,dc=0",0,0,0,0,0,translation would clip foreground or target-3 cells
safe_zero_padded_translation,arc-gen,136,"dr=2,dc=0",0,0,0,0,0,translation would clip foreground or target-3 cells
safe_zero_padded_translation,arc-gen,136,"dr=0,dc=-2",0,0,0,0,0,translation would clip foreground or target-3 cells
safe_zero_padded_translation,arc-gen,136,"dr=0,dc=2",0,0,0,0,0,translation would clip foreground or target-3 cells
safe_zero_padded_translation,arc-gen,137,"dr=-1,dc=0",0,0,0,0,0,translation would clip foreground or target-3 cells
safe_zero_padded_translation,arc-gen,137,"dr=1,dc=0",0,0,0,0,0,translation would clip foreground or target-3 cells
safe_zero_padded_translation,arc-gen,137,"dr=0,dc=-1",0,0,0,0,0,translation would clip foreground or target-3 cells
safe_zero_padded_translation,arc-gen,137,"dr=0,dc=1",0,0,0,0,0,translation would clip foreground or target-3 cells
safe_zero_padded_translation,arc-gen,137,"dr=-2,dc=0",0,0,0,0,0,translation would clip foreground or target-3 cells
safe_zero_padded_translation,arc-gen,137,"dr=2,dc=0",0,0,0,0,0,translation would clip foreground or target-3 cells
safe_zero_padded_translation,arc-gen,137,"dr=0,dc=-2",0,0,0,0,0,translation would clip foreground or target-3 cells
safe_zero_padded_translation,arc-gen,137,"dr=0,dc=2",0,0,0,0,0,translation would clip foreground or target-3 cells
safe_zero_padded_translation,arc-gen,138,"dr=-1,dc=0",0,0,0,0,0,translation would clip foreground or target-3 cells
safe_zero_padded_translation,arc-gen,138,"dr=1,dc=0",0,0,0,0,0,translation would clip foreground or target-3 cells
safe_zero_padded_translation,arc-gen,138,"dr=0,dc=-1",0,0,0,0,0,translation would clip foreground or target-3 cells
safe_zero_padded_translation,arc-gen,138,"dr=0,dc=1",0,0,0,0,0,translation would clip foreground or target-3 cells
safe_zero_padded_translation,arc-gen,138,"dr=-2,dc=0",0,0,0,0,0,translation would clip foreground or target-3 cells
safe_zero_padded_translation,arc-gen,138,"dr=2,dc=0",0,0,0,0,0,translation would clip foreground or target-3 cells
safe_zero_padded_translation,arc-gen,138,"dr=0,dc=-2",0,0,0,0,0,translation would clip foreground or target-3 cells
safe_zero_padded_translation,arc-gen,138,"dr=0,dc=2",0,0,0,0,0,translation would clip foreground or target-3 cells
safe_zero_padded_translation,arc-gen,139,"dr=-1,dc=0",0,0,0,0,0,translation would clip foreground or target-3 cells
safe_zero_padded_translation,arc-gen,139,"dr=1,dc=0",0,0,0,0,0,translation would clip foreground or target-3 cells
safe_zero_padded_translation,arc-gen,139,"dr=0,dc=-1",0,0,0,0,0,translation would clip foreground or target-3 cells
safe_zero_padded_translation,arc-gen,139,"dr=0,dc=1",0,0,0,0,0,translation would clip foreground or target-3 cells
safe_zero_padded_translation,arc-gen,139,"dr=-2,dc=0",0,0,0,0,0,translation would clip foreground or target-3 cells
safe_zero_padded_translation,arc-gen,139,"dr=2,dc=0",0,0,0,0,0,translation would clip foreground or target-3 cells
safe_zero_padded_translation,arc-gen,139,"dr=0,dc=-2",0,0,0,0,0,translation would clip foreground or target-3 cells
safe_zero_padded_translation,arc-gen,139,"dr=0,dc=2",0,0,0,0,0,translation would clip foreground or target-3 cells
safe_zero_padded_translation,arc-gen,140,"dr=-1,dc=0",0,0,0,0,0,translation would clip foreground or target-3 cells
safe_zero_padded_translation,arc-gen,140,"dr=1,dc=0",0,0,0,0,0,translation would clip foreground or target-3 cells
safe_zero_padded_translation,arc-gen,140,"dr=0,dc=-1",0,0,0,0,0,translation would clip foreground or target-3 cells
safe_zero_padded_translation,arc-gen,140,"dr=0,dc=1",0,0,0,0,0,translation would clip foreground or target-3 cells
safe_zero_padded_translation,arc-gen,140,"dr=-2,dc=0",0,0,0,0,0,translation would clip foreground or target-3 cells
safe_zero_padded_translation,arc-gen,140,"dr=2,dc=0",0,0,0,0,0,translation would clip foreground or target-3 cells
safe_zero_padded_translation,arc-gen,140,"dr=0,dc=-2",0,0,0,0,0,translation would clip foreground or target-3 cells
safe_zero_padded_translation,arc-gen,140,"dr=0,dc=2",0,0,0,0,0,translation would clip foreground or target-3 cells
safe_zero_padded_translation,arc-gen,141,"dr=-1,dc=0",0,0,0,0,0,translation would clip foreground or target-3 cells
safe_zero_padded_translation,arc-gen,141,"dr=1,dc=0",0,0,0,0,0,translation would clip foreground or target-3 cells
safe_zero_padded_translation,arc-gen,141,"dr=0,dc=-1",0,0,0,0,0,translation would clip foreground or target-3 cells
safe_zero_padded_translation,arc-gen,141,"dr=0,dc=1",0,0,0,0,0,translation would clip foreground or target-3 cells
safe_zero_padded_translation,arc-gen,141,"dr=-2,dc=0",0,0,0,0,0,translation would clip foreground or target-3 cells
safe_zero_padded_translation,arc-gen,141,"dr=2,dc=0",0,0,0,0,0,translation would clip foreground or target-3 cells
safe_zero_padded_translation,arc-gen,141,"dr=0,dc=-2",0,0,0,0,0,translation would clip foreground or target-3 cells
safe_zero_padded_translation,arc-gen,141,"dr=0,dc=2",0,0,0,0,0,translation would clip foreground or target-3 cells
safe_zero_padded_translation,arc-gen,142,"dr=-1,dc=0",0,0,0,0,0,translation would clip foreground or target-3 cells
safe_zero_padded_translation,arc-gen,142,"dr=1,dc=0",0,0,0,0,0,translation would clip foreground or target-3 cells
safe_zero_padded_translation,arc-gen,142,"dr=0,dc=-1",0,0,0,0,0,translation would clip foreground or target-3 cells
safe_zero_padded_translation,arc-gen,142,"dr=0,dc=1",0,0,0,0,0,translation would clip foreground or target-3 cells
safe_zero_padded_translation,arc-gen,142,"dr=-2,dc=0",0,0,0,0,0,translation would clip foreground or target-3 cells
safe_zero_padded_translation,arc-gen,142,"dr=2,dc=0",0,0,0,0,0,translation would clip foreground or target-3 cells
safe_zero_padded_translation,arc-gen,142,"dr=0,dc=-2",0,0,0,0,0,translation would clip foreground or target-3 cells
safe_zero_padded_translation,arc-gen,142,"dr=0,dc=2",0,0,0,0,0,translation would clip foreground or target-3 cells
safe_zero_padded_translation,arc-gen,143,"dr=-1,dc=0",0,0,0,0,0,translation would clip foreground or target-3 cells
safe_zero_padded_translation,arc-gen,143,"dr=1,dc=0",0,0,0,0,0,translation would clip foreground or target-3 cells
safe_zero_padded_translation,arc-gen,143,"dr=0,dc=-1",0,0,0,0,0,translation would clip foreground or target-3 cells
safe_zero_padded_translation,arc-gen,143,"dr=0,dc=1",0,0,0,0,0,translation would clip foreground or target-3 cells
safe_zero_padded_translation,arc-gen,143,"dr=-2,dc=0",0,0,0,0,0,translation would clip foreground or target-3 cells
safe_zero_padded_translation,arc-gen,143,"dr=2,dc=0",0,0,0,0,0,translation would clip foreground or target-3 cells
safe_zero_padded_translation,arc-gen,143,"dr=0,dc=-2",0,0,0,0,0,translation would clip foreground or target-3 cells
safe_zero_padded_translation,arc-gen,143,"dr=0,dc=2",0,0,0,0,0,translation would clip foreground or target-3 cells
safe_zero_padded_translation,arc-gen,144,"dr=-1,dc=0",0,0,0,0,0,translation would clip foreground or target-3 cells
safe_zero_padded_translation,arc-gen,144,"dr=1,dc=0",0,0,0,0,0,translation would clip foreground or target-3 cells
safe_zero_padded_translation,arc-gen,144,"dr=0,dc=-1",0,0,0,0,0,translation would clip foreground or target-3 cells
safe_zero_padded_translation,arc-gen,144,"dr=0,dc=1",0,0,0,0,0,translation would clip foreground or target-3 cells
safe_zero_padded_translation,arc-gen,144,"dr=-2,dc=0",0,0,0,0,0,translation would clip foreground or target-3 cells
safe_zero_padded_translation,arc-gen,144,"dr=2,dc=0",0,0,0,0,0,translation would clip foreground or target-3 cells
safe_zero_padded_translation,arc-gen,144,"dr=0,dc=-2",0,0,0,0,0,translation would clip foreground or target-3 cells
safe_zero_padded_translation,arc-gen,144,"dr=0,dc=2",0,0,0,0,0,translation would clip foreground or target-3 cells
safe_zero_padded_translation,arc-gen,145,"dr=-1,dc=0",0,0,0,0,0,translation would clip foreground or target-3 cells
safe_zero_padded_translation,arc-gen,145,"dr=1,dc=0",0,0,0,0,0,translation would clip foreground or target-3 cells
safe_zero_padded_translation,arc-gen,145,"dr=0,dc=-1",0,0,0,0,0,translation would clip foreground or target-3 cells
safe_zero_padded_translation,arc-gen,145,"dr=0,dc=1",0,0,0,0,0,translation would clip foreground or target-3 cells
safe_zero_padded_translation,arc-gen,145,"dr=-2,dc=0",0,0,0,0,0,translation would clip foreground or target-3 cells
safe_zero_padded_translation,arc-gen,145,"dr=2,dc=0",0,0,0,0,0,translation would clip foreground or target-3 cells
safe_zero_padded_translation,arc-gen,145,"dr=0,dc=-2",0,0,0,0,0,translation would clip foreground or target-3 cells
safe_zero_padded_translation,arc-gen,145,"dr=0,dc=2",0,0,0,0,0,translation would clip foreground or target-3 cells
safe_zero_padded_translation,arc-gen,146,"dr=-1,dc=0",0,0,0,0,0,translation would clip foreground or target-3 cells
safe_zero_padded_translation,arc-gen,146,"dr=1,dc=0",0,0,0,0,0,translation would clip foreground or target-3 cells
safe_zero_padded_translation,arc-gen,146,"dr=0,dc=-1",0,0,0,0,0,translation would clip foreground or target-3 cells
safe_zero_padded_translation,arc-gen,146,"dr=0,dc=1",0,0,0,0,0,translation would clip foreground or target-3 cells
safe_zero_padded_translation,arc-gen,146,"dr=-2,dc=0",0,0,0,0,0,translation would clip foreground or target-3 cells
safe_zero_padded_translation,arc-gen,146,"dr=2,dc=0",0,0,0,0,0,translation would clip foreground or target-3 cells
safe_zero_padded_translation,arc-gen,146,"dr=0,dc=-2",0,0,0,0,0,translation would clip foreground or target-3 cells
safe_zero_padded_translation,arc-gen,146,"dr=0,dc=2",0,0,0,0,0,translation would clip foreground or target-3 cells
safe_zero_padded_translation,arc-gen,147,"dr=-1,dc=0",0,0,0,0,0,translation would clip foreground or target-3 cells
safe_zero_padded_translation,arc-gen,147,"dr=1,dc=0",0,0,0,0,0,translation would clip foreground or target-3 cells
safe_zero_padded_translation,arc-gen,147,"dr=0,dc=-1",0,0,0,0,0,translation would clip foreground or target-3 cells
safe_zero_padded_translation,arc-gen,147,"dr=0,dc=1",0,0,0,0,0,translation would clip foreground or target-3 cells
safe_zero_padded_translation,arc-gen,147,"dr=-2,dc=0",0,0,0,0,0,translation would clip foreground or target-3 cells
safe_zero_padded_translation,arc-gen,147,"dr=2,dc=0",0,0,0,0,0,translation would clip foreground or target-3 cells
safe_zero_padded_translation,arc-gen,147,"dr=0,dc=-2",0,0,0,0,0,translation would clip foreground or target-3 cells
safe_zero_padded_translation,arc-gen,147,"dr=0,dc=2",0,0,0,0,0,translation would clip foreground or target-3 cells
safe_zero_padded_translation,arc-gen,148,"dr=-1,dc=0",0,0,0,0,0,translation would clip foreground or target-3 cells
safe_zero_padded_translation,arc-gen,148,"dr=1,dc=0",0,0,0,0,0,translation would clip foreground or target-3 cells
safe_zero_padded_translation,arc-gen,148,"dr=0,dc=-1",0,0,0,0,0,translation would clip foreground or target-3 cells
safe_zero_padded_translation,arc-gen,148,"dr=0,dc=1",0,0,0,0,0,translation would clip foreground or target-3 cells
safe_zero_padded_translation,arc-gen,148,"dr=-2,dc=0",0,0,0,0,0,translation would clip foreground or target-3 cells
safe_zero_padded_translation,arc-gen,148,"dr=2,dc=0",0,0,0,0,0,translation would clip foreground or target-3 cells
safe_zero_padded_translation,arc-gen,148,"dr=0,dc=-2",0,0,0,0,0,translation would clip foreground or target-3 cells
safe_zero_padded_translation,arc-gen,148,"dr=0,dc=2",0,0,0,0,0,translation would clip foreground or target-3 cells
safe_zero_padded_translation,arc-gen,149,"dr=-1,dc=0",0,0,0,0,0,translation would clip foreground or target-3 cells
safe_zero_padded_translation,arc-gen,149,"dr=1,dc=0",0,0,0,0,0,translation would clip foreground or target-3 cells
safe_zero_padded_translation,arc-gen,149,"dr=0,dc=-1",0,0,0,0,0,translation would clip foreground or target-3 cells
safe_zero_padded_translation,arc-gen,149,"dr=0,dc=1",0,0,0,0,0,translation would clip foreground or target-3 cells
safe_zero_padded_translation,arc-gen,149,"dr=-2,dc=0",0,0,0,0,0,translation would clip foreground or target-3 cells
safe_zero_padded_translation,arc-gen,149,"dr=2,dc=0",0,0,0,0,0,translation would clip foreground or target-3 cells
safe_zero_padded_translation,arc-gen,149,"dr=0,dc=-2",0,0,0,0,0,translation would clip foreground or target-3 cells
safe_zero_padded_translation,arc-gen,149,"dr=0,dc=2",0,0,0,0,0,translation would clip foreground or target-3 cells
safe_zero_padded_translation,arc-gen,150,"dr=-1,dc=0",0,0,0,0,0,translation would clip foreground or target-3 cells
safe_zero_padded_translation,arc-gen,150,"dr=1,dc=0",0,0,0,0,0,translation would clip foreground or target-3 cells
safe_zero_padded_translation,arc-gen,150,"dr=0,dc=-1",0,0,0,0,0,translation would clip foreground or target-3 cells
safe_zero_padded_translation,arc-gen,150,"dr=0,dc=1",0,0,0,0,0,translation would clip foreground or target-3 cells
safe_zero_padded_translation,arc-gen,150,"dr=-2,dc=0",0,0,0,0,0,translation would clip foreground or target-3 cells
safe_zero_padded_translation,arc-gen,150,"dr=2,dc=0",0,0,0,0,0,translation would clip foreground or target-3 cells
safe_zero_padded_translation,arc-gen,150,"dr=0,dc=-2",0,0,0,0,0,translation would clip foreground or target-3 cells
safe_zero_padded_translation,arc-gen,150,"dr=0,dc=2",0,0,0,0,0,translation would clip foreground or target-3 cells
safe_zero_padded_translation,arc-gen,151,"dr=-1,dc=0",0,0,0,0,0,translation would clip foreground or target-3 cells
safe_zero_padded_translation,arc-gen,151,"dr=1,dc=0",0,0,0,0,0,translation would clip foreground or target-3 cells
safe_zero_padded_translation,arc-gen,151,"dr=0,dc=-1",0,0,0,0,0,translation would clip foreground or target-3 cells
safe_zero_padded_translation,arc-gen,151,"dr=0,dc=1",0,0,0,0,0,translation would clip foreground or target-3 cells
safe_zero_padded_translation,arc-gen,151,"dr=-2,dc=0",0,0,0,0,0,translation would clip foreground or target-3 cells
safe_zero_padded_translation,arc-gen,151,"dr=2,dc=0",0,0,0,0,0,translation would clip foreground or target-3 cells
safe_zero_padded_translation,arc-gen,151,"dr=0,dc=-2",0,0,0,0,0,translation would clip foreground or target-3 cells
safe_zero_padded_translation,arc-gen,151,"dr=0,dc=2",0,0,0,0,0,translation would clip foreground or target-3 cells
safe_zero_padded_translation,arc-gen,152,"dr=-1,dc=0",0,0,0,0,0,translation would clip foreground or target-3 cells
safe_zero_padded_translation,arc-gen,152,"dr=1,dc=0",0,0,0,0,0,translation would clip foreground or target-3 cells
safe_zero_padded_translation,arc-gen,152,"dr=0,dc=-1",0,0,0,0,0,translation would clip foreground or target-3 cells
safe_zero_padded_translation,arc-gen,152,"dr=0,dc=1",0,0,0,0,0,translation would clip foreground or target-3 cells
safe_zero_padded_translation,arc-gen,152,"dr=-2,dc=0",0,0,0,0,0,translation would clip foreground or target-3 cells
safe_zero_padded_translation,arc-gen,152,"dr=2,dc=0",0,0,0,0,0,translation would clip foreground or target-3 cells
safe_zero_padded_translation,arc-gen,152,"dr=0,dc=-2",0,0,0,0,0,translation would clip foreground or target-3 cells
safe_zero_padded_translation,arc-gen,152,"dr=0,dc=2",0,0,0,0,0,translation would clip foreground or target-3 cells
safe_zero_padded_translation,arc-gen,153,"dr=-1,dc=0",0,0,0,0,0,translation would clip foreground or target-3 cells
safe_zero_padded_translation,arc-gen,153,"dr=1,dc=0",0,0,0,0,0,translation would clip foreground or target-3 cells
safe_zero_padded_translation,arc-gen,153,"dr=0,dc=-1",0,0,0,0,0,translation would clip foreground or target-3 cells
safe_zero_padded_translation,arc-gen,153,"dr=0,dc=1",0,0,0,0,0,translation would clip foreground or target-3 cells
safe_zero_padded_translation,arc-gen,153,"dr=-2,dc=0",0,0,0,0,0,translation would clip foreground or target-3 cells
safe_zero_padded_translation,arc-gen,153,"dr=2,dc=0",0,0,0,0,0,translation would clip foreground or target-3 cells
safe_zero_padded_translation,arc-gen,153,"dr=0,dc=-2",0,0,0,0,0,translation would clip foreground or target-3 cells
safe_zero_padded_translation,arc-gen,153,"dr=0,dc=2",0,0,0,0,0,translation would clip foreground or target-3 cells
safe_zero_padded_translation,arc-gen,154,"dr=-1,dc=0",0,0,0,0,0,translation would clip foreground or target-3 cells
safe_zero_padded_translation,arc-gen,154,"dr=1,dc=0",0,0,0,0,0,translation would clip foreground or target-3 cells
safe_zero_padded_translation,arc-gen,154,"dr=0,dc=-1",0,0,0,0,0,translation would clip foreground or target-3 cells
safe_zero_padded_translation,arc-gen,154,"dr=0,dc=1",0,0,0,0,0,translation would clip foreground or target-3 cells
safe_zero_padded_translation,arc-gen,154,"dr=-2,dc=0",0,0,0,0,0,translation would clip foreground or target-3 cells
safe_zero_padded_translation,arc-gen,154,"dr=2,dc=0",0,0,0,0,0,translation would clip foreground or target-3 cells
safe_zero_padded_translation,arc-gen,154,"dr=0,dc=-2",0,0,0,0,0,translation would clip foreground or target-3 cells
safe_zero_padded_translation,arc-gen,154,"dr=0,dc=2",0,0,0,0,0,translation would clip foreground or target-3 cells
safe_zero_padded_translation,arc-gen,155,"dr=-1,dc=0",0,0,0,0,0,translation would clip foreground or target-3 cells
safe_zero_padded_translation,arc-gen,155,"dr=1,dc=0",0,0,0,0,0,translation would clip foreground or target-3 cells
safe_zero_padded_translation,arc-gen,155,"dr=0,dc=-1",0,0,0,0,0,translation would clip foreground or target-3 cells
safe_zero_padded_translation,arc-gen,155,"dr=0,dc=1",0,0,0,0,0,translation would clip foreground or target-3 cells
safe_zero_padded_translation,arc-gen,155,"dr=-2,dc=0",0,0,0,0,0,translation would clip foreground or target-3 cells
safe_zero_padded_translation,arc-gen,155,"dr=2,dc=0",0,0,0,0,0,translation would clip foreground or target-3 cells
safe_zero_padded_translation,arc-gen,155,"dr=0,dc=-2",0,0,0,0,0,translation would clip foreground or target-3 cells
safe_zero_padded_translation,arc-gen,155,"dr=0,dc=2",0,0,0,0,0,translation would clip foreground or target-3 cells
safe_zero_padded_translation,arc-gen,156,"dr=-1,dc=0",0,0,0,0,0,translation would clip foreground or target-3 cells
safe_zero_padded_translation,arc-gen,156,"dr=1,dc=0",0,0,0,0,0,translation would clip foreground or target-3 cells
safe_zero_padded_translation,arc-gen,156,"dr=0,dc=-1",0,0,0,0,0,translation would clip foreground or target-3 cells
safe_zero_padded_translation,arc-gen,156,"dr=0,dc=1",0,0,0,0,0,translation would clip foreground or target-3 cells
safe_zero_padded_translation,arc-gen,156,"dr=-2,dc=0",0,0,0,0,0,translation would clip foreground or target-3 cells
safe_zero_padded_translation,arc-gen,156,"dr=2,dc=0",0,0,0,0,0,translation would clip foreground or target-3 cells
safe_zero_padded_translation,arc-gen,156,"dr=0,dc=-2",0,0,0,0,0,translation would clip foreground or target-3 cells
safe_zero_padded_translation,arc-gen,156,"dr=0,dc=2",0,0,0,0,0,translation would clip foreground or target-3 cells
safe_zero_padded_translation,arc-gen,157,"dr=-1,dc=0",0,0,0,0,0,translation would clip foreground or target-3 cells
safe_zero_padded_translation,arc-gen,157,"dr=1,dc=0",0,0,0,0,0,translation would clip foreground or target-3 cells
safe_zero_padded_translation,arc-gen,157,"dr=0,dc=-1",0,0,0,0,0,translation would clip foreground or target-3 cells
safe_zero_padded_translation,arc-gen,157,"dr=0,dc=1",0,0,0,0,0,translation would clip foreground or target-3 cells
safe_zero_padded_translation,arc-gen,157,"dr=-2,dc=0",0,0,0,0,0,translation would clip foreground or target-3 cells
safe_zero_padded_translation,arc-gen,157,"dr=2,dc=0",0,0,0,0,0,translation would clip foreground or target-3 cells
safe_zero_padded_translation,arc-gen,157,"dr=0,dc=-2",0,0,0,0,0,translation would clip foreground or target-3 cells
safe_zero_padded_translation,arc-gen,157,"dr=0,dc=2",0,0,0,0,0,translation would clip foreground or target-3 cells
safe_zero_padded_translation,arc-gen,158,"dr=-1,dc=0",0,0,0,0,0,translation would clip foreground or target-3 cells
safe_zero_padded_translation,arc-gen,158,"dr=1,dc=0",0,0,0,0,0,translation would clip foreground or target-3 cells
safe_zero_padded_translation,arc-gen,158,"dr=0,dc=-1",0,0,0,0,0,translation would clip foreground or target-3 cells
safe_zero_padded_translation,arc-gen,158,"dr=0,dc=1",0,0,0,0,0,translation would clip foreground or target-3 cells
safe_zero_padded_translation,arc-gen,158,"dr=-2,dc=0",0,0,0,0,0,translation would clip foreground or target-3 cells
safe_zero_padded_translation,arc-gen,158,"dr=2,dc=0",0,0,0,0,0,translation would clip foreground or target-3 cells
safe_zero_padded_translation,arc-gen,158,"dr=0,dc=-2",0,0,0,0,0,translation would clip foreground or target-3 cells
safe_zero_padded_translation,arc-gen,158,"dr=0,dc=2",0,0,0,0,0,translation would clip foreground or target-3 cells
safe_zero_padded_translation,arc-gen,159,"dr=-1,dc=0",0,0,0,0,0,translation would clip foreground or target-3 cells
safe_zero_padded_translation,arc-gen,159,"dr=1,dc=0",0,0,0,0,0,translation would clip foreground or target-3 cells
safe_zero_padded_translation,arc-gen,159,"dr=0,dc=-1",0,0,0,0,0,translation would clip foreground or target-3 cells
safe_zero_padded_translation,arc-gen,159,"dr=0,dc=1",0,0,0,0,0,translation would clip foreground or target-3 cells
safe_zero_padded_translation,arc-gen,159,"dr=-2,dc=0",0,0,0,0,0,translation would clip foreground or target-3 cells
safe_zero_padded_translation,arc-gen,159,"dr=2,dc=0",0,0,0,0,0,translation would clip foreground or target-3 cells
safe_zero_padded_translation,arc-gen,159,"dr=0,dc=-2",0,0,0,0,0,translation would clip foreground or target-3 cells
safe_zero_padded_translation,arc-gen,159,"dr=0,dc=2",0,0,0,0,0,translation would clip foreground or target-3 cells
safe_zero_padded_translation,arc-gen,160,"dr=-1,dc=0",0,0,0,0,0,translation would clip foreground or target-3 cells
safe_zero_padded_translation,arc-gen,160,"dr=1,dc=0",0,0,0,0,0,translation would clip foreground or target-3 cells
safe_zero_padded_translation,arc-gen,160,"dr=0,dc=-1",0,0,0,0,0,translation would clip foreground or target-3 cells
safe_zero_padded_translation,arc-gen,160,"dr=0,dc=1",0,0,0,0,0,translation would clip foreground or target-3 cells
safe_zero_padded_translation,arc-gen,160,"dr=-2,dc=0",0,0,0,0,0,translation would clip foreground or target-3 cells
safe_zero_padded_translation,arc-gen,160,"dr=2,dc=0",0,0,0,0,0,translation would clip foreground or target-3 cells
safe_zero_padded_translation,arc-gen,160,"dr=0,dc=-2",0,0,0,0,0,translation would clip foreground or target-3 cells
safe_zero_padded_translation,arc-gen,160,"dr=0,dc=2",0,0,0,0,0,translation would clip foreground or target-3 cells
safe_zero_padded_translation,arc-gen,161,"dr=-1,dc=0",0,0,0,0,0,translation would clip foreground or target-3 cells
safe_zero_padded_translation,arc-gen,161,"dr=1,dc=0",0,0,0,0,0,translation would clip foreground or target-3 cells
safe_zero_padded_translation,arc-gen,161,"dr=0,dc=-1",0,0,0,0,0,translation would clip foreground or target-3 cells
safe_zero_padded_translation,arc-gen,161,"dr=0,dc=1",0,0,0,0,0,translation would clip foreground or target-3 cells
safe_zero_padded_translation,arc-gen,161,"dr=-2,dc=0",0,0,0,0,0,translation would clip foreground or target-3 cells
safe_zero_padded_translation,arc-gen,161,"dr=2,dc=0",0,0,0,0,0,translation would clip foreground or target-3 cells
safe_zero_padded_translation,arc-gen,161,"dr=0,dc=-2",0,0,0,0,0,translation would clip foreground or target-3 cells
safe_zero_padded_translation,arc-gen,161,"dr=0,dc=2",0,0,0,0,0,translation would clip foreground or target-3 cells
safe_zero_padded_translation,arc-gen,162,"dr=-1,dc=0",0,0,0,0,0,translation would clip foreground or target-3 cells
safe_zero_padded_translation,arc-gen,162,"dr=1,dc=0",0,0,0,0,0,translation would clip foreground or target-3 cells
safe_zero_padded_translation,arc-gen,162,"dr=0,dc=-1",0,0,0,0,0,translation would clip foreground or target-3 cells
safe_zero_padded_translation,arc-gen,162,"dr=0,dc=1",0,0,0,0,0,translation would clip foreground or target-3 cells
safe_zero_padded_translation,arc-gen,162,"dr=-2,dc=0",0,0,0,0,0,translation would clip foreground or target-3 cells
safe_zero_padded_translation,arc-gen,162,"dr=2,dc=0",0,0,0,0,0,translation would clip foreground or target-3 cells
safe_zero_padded_translation,arc-gen,162,"dr=0,dc=-2",0,0,0,0,0,translation would clip foreground or target-3 cells
safe_zero_padded_translation,arc-gen,162,"dr=0,dc=2",0,0,0,0,0,translation would clip foreground or target-3 cells
safe_zero_padded_translation,arc-gen,163,"dr=-1,dc=0",0,0,0,0,0,translation would clip foreground or target-3 cells
safe_zero_padded_translation,arc-gen,163,"dr=1,dc=0",0,0,0,0,0,translation would clip foreground or target-3 cells
safe_zero_padded_translation,arc-gen,163,"dr=0,dc=-1",0,0,0,0,0,translation would clip foreground or target-3 cells
safe_zero_padded_translation,arc-gen,163,"dr=0,dc=1",0,0,0,0,0,translation would clip foreground or target-3 cells
safe_zero_padded_translation,arc-gen,163,"dr=-2,dc=0",0,0,0,0,0,translation would clip foreground or target-3 cells
safe_zero_padded_translation,arc-gen,163,"dr=2,dc=0",0,0,0,0,0,translation would clip foreground or target-3 cells
safe_zero_padded_translation,arc-gen,163,"dr=0,dc=-2",0,0,0,0,0,translation would clip foreground or target-3 cells
safe_zero_padded_translation,arc-gen,163,"dr=0,dc=2",0,0,0,0,0,translation would clip foreground or target-3 cells
safe_zero_padded_translation,arc-gen,164,"dr=-1,dc=0",0,0,0,0,0,translation would clip foreground or target-3 cells
safe_zero_padded_translation,arc-gen,164,"dr=1,dc=0",0,0,0,0,0,translation would clip foreground or target-3 cells
safe_zero_padded_translation,arc-gen,164,"dr=0,dc=-1",0,0,0,0,0,translation would clip foreground or target-3 cells
safe_zero_padded_translation,arc-gen,164,"dr=0,dc=1",0,0,0,0,0,translation would clip foreground or target-3 cells
safe_zero_padded_translation,arc-gen,164,"dr=-2,dc=0",0,0,0,0,0,translation would clip foreground or target-3 cells
safe_zero_padded_translation,arc-gen,164,"dr=2,dc=0",0,0,0,0,0,translation would clip foreground or target-3 cells
safe_zero_padded_translation,arc-gen,164,"dr=0,dc=-2",0,0,0,0,0,translation would clip foreground or target-3 cells
safe_zero_padded_translation,arc-gen,164,"dr=0,dc=2",0,0,0,0,0,translation would clip foreground or target-3 cells
safe_zero_padded_translation,arc-gen,165,"dr=-1,dc=0",0,0,0,0,0,translation would clip foreground or target-3 cells
safe_zero_padded_translation,arc-gen,165,"dr=1,dc=0",0,0,0,0,0,translation would clip foreground or target-3 cells
safe_zero_padded_translation,arc-gen,165,"dr=0,dc=-1",0,0,0,0,0,translation would clip foreground or target-3 cells
safe_zero_padded_translation,arc-gen,165,"dr=0,dc=1",0,0,0,0,0,translation would clip foreground or target-3 cells
safe_zero_padded_translation,arc-gen,165,"dr=-2,dc=0",0,0,0,0,0,translation would clip foreground or target-3 cells
safe_zero_padded_translation,arc-gen,165,"dr=2,dc=0",0,0,0,0,0,translation would clip foreground or target-3 cells
safe_zero_padded_translation,arc-gen,165,"dr=0,dc=-2",0,0,0,0,0,translation would clip foreground or target-3 cells
safe_zero_padded_translation,arc-gen,165,"dr=0,dc=2",0,0,0,0,0,translation would clip foreground or target-3 cells
safe_zero_padded_translation,arc-gen,166,"dr=-1,dc=0",0,0,0,0,0,translation would clip foreground or target-3 cells
safe_zero_padded_translation,arc-gen,166,"dr=1,dc=0",0,0,0,0,0,translation would clip foreground or target-3 cells
safe_zero_padded_translation,arc-gen,166,"dr=0,dc=-1",0,0,0,0,0,translation would clip foreground or target-3 cells
safe_zero_padded_translation,arc-gen,166,"dr=0,dc=1",0,0,0,0,0,translation would clip foreground or target-3 cells
safe_zero_padded_translation,arc-gen,166,"dr=-2,dc=0",0,0,0,0,0,translation would clip foreground or target-3 cells
safe_zero_padded_translation,arc-gen,166,"dr=2,dc=0",0,0,0,0,0,translation would clip foreground or target-3 cells
safe_zero_padded_translation,arc-gen,166,"dr=0,dc=-2",0,0,0,0,0,translation would clip foreground or target-3 cells
safe_zero_padded_translation,arc-gen,166,"dr=0,dc=2",0,0,0,0,0,translation would clip foreground or target-3 cells
safe_zero_padded_translation,arc-gen,167,"dr=-1,dc=0",0,0,0,0,0,translation would clip foreground or target-3 cells
safe_zero_padded_translation,arc-gen,167,"dr=1,dc=0",0,0,0,0,0,translation would clip foreground or target-3 cells
safe_zero_padded_translation,arc-gen,167,"dr=0,dc=-1",0,0,0,0,0,translation would clip foreground or target-3 cells
safe_zero_padded_translation,arc-gen,167,"dr=0,dc=1",0,0,0,0,0,translation would clip foreground or target-3 cells
safe_zero_padded_translation,arc-gen,167,"dr=-2,dc=0",0,0,0,0,0,translation would clip foreground or target-3 cells
safe_zero_padded_translation,arc-gen,167,"dr=2,dc=0",0,0,0,0,0,translation would clip foreground or target-3 cells
safe_zero_padded_translation,arc-gen,167,"dr=0,dc=-2",0,0,0,0,0,translation would clip foreground or target-3 cells
safe_zero_padded_translation,arc-gen,167,"dr=0,dc=2",0,0,0,0,0,translation would clip foreground or target-3 cells
safe_zero_padded_translation,arc-gen,168,"dr=-1,dc=0",0,0,0,0,0,translation would clip foreground or target-3 cells
safe_zero_padded_translation,arc-gen,168,"dr=1,dc=0",0,0,0,0,0,translation would clip foreground or target-3 cells
safe_zero_padded_translation,arc-gen,168,"dr=0,dc=-1",0,0,0,0,0,translation would clip foreground or target-3 cells
safe_zero_padded_translation,arc-gen,168,"dr=0,dc=1",0,0,0,0,0,translation would clip foreground or target-3 cells
safe_zero_padded_translation,arc-gen,168,"dr=-2,dc=0",0,0,0,0,0,translation would clip foreground or target-3 cells
safe_zero_padded_translation,arc-gen,168,"dr=2,dc=0",0,0,0,0,0,translation would clip foreground or target-3 cells
safe_zero_padded_translation,arc-gen,168,"dr=0,dc=-2",0,0,0,0,0,translation would clip foreground or target-3 cells
safe_zero_padded_translation,arc-gen,168,"dr=0,dc=2",0,0,0,0,0,translation would clip foreground or target-3 cells
safe_zero_padded_translation,arc-gen,169,"dr=-1,dc=0",0,0,0,0,0,translation would clip foreground or target-3 cells
safe_zero_padded_translation,arc-gen,169,"dr=1,dc=0",0,0,0,0,0,translation would clip foreground or target-3 cells
safe_zero_padded_translation,arc-gen,169,"dr=0,dc=-1",0,0,0,0,0,translation would clip foreground or target-3 cells
safe_zero_padded_translation,arc-gen,169,"dr=0,dc=1",0,0,0,0,0,translation would clip foreground or target-3 cells
safe_zero_padded_translation,arc-gen,169,"dr=-2,dc=0",0,0,0,0,0,translation would clip foreground or target-3 cells
safe_zero_padded_translation,arc-gen,169,"dr=2,dc=0",0,0,0,0,0,translation would clip foreground or target-3 cells
safe_zero_padded_translation,arc-gen,169,"dr=0,dc=-2",0,0,0,0,0,translation would clip foreground or target-3 cells
safe_zero_padded_translation,arc-gen,169,"dr=0,dc=2",0,0,0,0,0,translation would clip foreground or target-3 cells
safe_zero_padded_translation,arc-gen,170,"dr=-1,dc=0",0,0,0,0,0,translation would clip foreground or target-3 cells
safe_zero_padded_translation,arc-gen,170,"dr=1,dc=0",0,0,0,0,0,translation would clip foreground or target-3 cells
safe_zero_padded_translation,arc-gen,170,"dr=0,dc=-1",0,0,0,0,0,translation would clip foreground or target-3 cells
safe_zero_padded_translation,arc-gen,170,"dr=0,dc=1",0,0,0,0,0,translation would clip foreground or target-3 cells
safe_zero_padded_translation,arc-gen,170,"dr=-2,dc=0",0,0,0,0,0,translation would clip foreground or target-3 cells
safe_zero_padded_translation,arc-gen,170,"dr=2,dc=0",0,0,0,0,0,translation would clip foreground or target-3 cells
safe_zero_padded_translation,arc-gen,170,"dr=0,dc=-2",0,0,0,0,0,translation would clip foreground or target-3 cells
safe_zero_padded_translation,arc-gen,170,"dr=0,dc=2",0,0,0,0,0,translation would clip foreground or target-3 cells
safe_zero_padded_translation,arc-gen,171,"dr=-1,dc=0",0,0,0,0,0,translation would clip foreground or target-3 cells
safe_zero_padded_translation,arc-gen,171,"dr=1,dc=0",0,0,0,0,0,translation would clip foreground or target-3 cells
safe_zero_padded_translation,arc-gen,171,"dr=0,dc=-1",0,0,0,0,0,translation would clip foreground or target-3 cells
safe_zero_padded_translation,arc-gen,171,"dr=0,dc=1",0,0,0,0,0,translation would clip foreground or target-3 cells
safe_zero_padded_translation,arc-gen,171,"dr=-2,dc=0",0,0,0,0,0,translation would clip foreground or target-3 cells
safe_zero_padded_translation,arc-gen,171,"dr=2,dc=0",0,0,0,0,0,translation would clip foreground or target-3 cells
safe_zero_padded_translation,arc-gen,171,"dr=0,dc=-2",0,0,0,0,0,translation would clip foreground or target-3 cells
safe_zero_padded_translation,arc-gen,171,"dr=0,dc=2",0,0,0,0,0,translation would clip foreground or target-3 cells
safe_zero_padded_translation,arc-gen,172,"dr=-1,dc=0",0,0,0,0,0,translation would clip foreground or target-3 cells
safe_zero_padded_translation,arc-gen,172,"dr=1,dc=0",0,0,0,0,0,translation would clip foreground or target-3 cells
safe_zero_padded_translation,arc-gen,172,"dr=0,dc=-1",0,0,0,0,0,translation would clip foreground or target-3 cells
safe_zero_padded_translation,arc-gen,172,"dr=0,dc=1",0,0,0,0,0,translation would clip foreground or target-3 cells
safe_zero_padded_translation,arc-gen,172,"dr=-2,dc=0",0,0,0,0,0,translation would clip foreground or target-3 cells
safe_zero_padded_translation,arc-gen,172,"dr=2,dc=0",0,0,0,0,0,translation would clip foreground or target-3 cells
safe_zero_padded_translation,arc-gen,172,"dr=0,dc=-2",0,0,0,0,0,translation would clip foreground or target-3 cells
safe_zero_padded_translation,arc-gen,172,"dr=0,dc=2",0,0,0,0,0,translation would clip foreground or target-3 cells
safe_zero_padded_translation,arc-gen,173,"dr=-1,dc=0",0,0,0,0,0,translation would clip foreground or target-3 cells
safe_zero_padded_translation,arc-gen,173,"dr=1,dc=0",0,0,0,0,0,translation would clip foreground or target-3 cells
safe_zero_padded_translation,arc-gen,173,"dr=0,dc=-1",0,0,0,0,0,translation would clip foreground or target-3 cells
safe_zero_padded_translation,arc-gen,173,"dr=0,dc=1",0,0,0,0,0,translation would clip foreground or target-3 cells
safe_zero_padded_translation,arc-gen,173,"dr=-2,dc=0",0,0,0,0,0,translation would clip foreground or target-3 cells
safe_zero_padded_translation,arc-gen,173,"dr=2,dc=0",0,0,0,0,0,translation would clip foreground or target-3 cells
safe_zero_padded_translation,arc-gen,173,"dr=0,dc=-2",0,0,0,0,0,translation would clip foreground or target-3 cells
safe_zero_padded_translation,arc-gen,173,"dr=0,dc=2",0,0,0,0,0,translation would clip foreground or target-3 cells
safe_zero_padded_translation,arc-gen,174,"dr=-1,dc=0",0,0,0,0,0,translation would clip foreground or target-3 cells
safe_zero_padded_translation,arc-gen,174,"dr=1,dc=0",0,0,0,0,0,translation would clip foreground or target-3 cells
safe_zero_padded_translation,arc-gen,174,"dr=0,dc=-1",0,0,0,0,0,translation would clip foreground or target-3 cells
safe_zero_padded_translation,arc-gen,174,"dr=0,dc=1",0,0,0,0,0,translation would clip foreground or target-3 cells
safe_zero_padded_translation,arc-gen,174,"dr=-2,dc=0",0,0,0,0,0,translation would clip foreground or target-3 cells
safe_zero_padded_translation,arc-gen,174,"dr=2,dc=0",0,0,0,0,0,translation would clip foreground or target-3 cells
safe_zero_padded_translation,arc-gen,174,"dr=0,dc=-2",0,0,0,0,0,translation would clip foreground or target-3 cells
safe_zero_padded_translation,arc-gen,174,"dr=0,dc=2",0,0,0,0,0,translation would clip foreground or target-3 cells
safe_zero_padded_translation,arc-gen,175,"dr=-1,dc=0",0,0,0,0,0,translation would clip foreground or target-3 cells
safe_zero_padded_translation,arc-gen,175,"dr=1,dc=0",0,0,0,0,0,translation would clip foreground or target-3 cells
safe_zero_padded_translation,arc-gen,175,"dr=0,dc=-1",0,0,0,0,0,translation would clip foreground or target-3 cells
safe_zero_padded_translation,arc-gen,175,"dr=0,dc=1",0,0,0,0,0,translation would clip foreground or target-3 cells
safe_zero_padded_translation,arc-gen,175,"dr=-2,dc=0",0,0,0,0,0,translation would clip foreground or target-3 cells
safe_zero_padded_translation,arc-gen,175,"dr=2,dc=0",0,0,0,0,0,translation would clip foreground or target-3 cells
safe_zero_padded_translation,arc-gen,175,"dr=0,dc=-2",0,0,0,0,0,translation would clip foreground or target-3 cells
safe_zero_padded_translation,arc-gen,175,"dr=0,dc=2",0,0,0,0,0,translation would clip foreground or target-3 cells
safe_zero_padded_translation,arc-gen,176,"dr=-1,dc=0",0,0,0,0,0,translation would clip foreground or target-3 cells
safe_zero_padded_translation,arc-gen,176,"dr=1,dc=0",0,0,0,0,0,translation would clip foreground or target-3 cells
safe_zero_padded_translation,arc-gen,176,"dr=0,dc=-1",0,0,0,0,0,translation would clip foreground or target-3 cells
safe_zero_padded_translation,arc-gen,176,"dr=0,dc=1",0,0,0,0,0,translation would clip foreground or target-3 cells
safe_zero_padded_translation,arc-gen,176,"dr=-2,dc=0",0,0,0,0,0,translation would clip foreground or target-3 cells
safe_zero_padded_translation,arc-gen,176,"dr=2,dc=0",0,0,0,0,0,translation would clip foreground or target-3 cells
safe_zero_padded_translation,arc-gen,176,"dr=0,dc=-2",0,0,0,0,0,translation would clip foreground or target-3 cells
safe_zero_padded_translation,arc-gen,176,"dr=0,dc=2",0,0,0,0,0,translation would clip foreground or target-3 cells
safe_zero_padded_translation,arc-gen,177,"dr=-1,dc=0",0,0,0,0,0,translation would clip foreground or target-3 cells
safe_zero_padded_translation,arc-gen,177,"dr=1,dc=0",0,0,0,0,0,translation would clip foreground or target-3 cells
safe_zero_padded_translation,arc-gen,177,"dr=0,dc=-1",0,0,0,0,0,translation would clip foreground or target-3 cells
safe_zero_padded_translation,arc-gen,177,"dr=0,dc=1",0,0,0,0,0,translation would clip foreground or target-3 cells
safe_zero_padded_translation,arc-gen,177,"dr=-2,dc=0",0,0,0,0,0,translation would clip foreground or target-3 cells
safe_zero_padded_translation,arc-gen,177,"dr=2,dc=0",0,0,0,0,0,translation would clip foreground or target-3 cells
safe_zero_padded_translation,arc-gen,177,"dr=0,dc=-2",0,0,0,0,0,translation would clip foreground or target-3 cells
safe_zero_padded_translation,arc-gen,177,"dr=0,dc=2",0,0,0,0,0,translation would clip foreground or target-3 cells
safe_zero_padded_translation,arc-gen,178,"dr=-1,dc=0",0,0,0,0,0,translation would clip foreground or target-3 cells
safe_zero_padded_translation,arc-gen,178,"dr=1,dc=0",0,0,0,0,0,translation would clip foreground or target-3 cells
safe_zero_padded_translation,arc-gen,178,"dr=0,dc=-1",0,0,0,0,0,translation would clip foreground or target-3 cells
safe_zero_padded_translation,arc-gen,178,"dr=0,dc=1",0,0,0,0,0,translation would clip foreground or target-3 cells
safe_zero_padded_translation,arc-gen,178,"dr=-2,dc=0",0,0,0,0,0,translation would clip foreground or target-3 cells
safe_zero_padded_translation,arc-gen,178,"dr=2,dc=0",0,0,0,0,0,translation would clip foreground or target-3 cells
safe_zero_padded_translation,arc-gen,178,"dr=0,dc=-2",0,0,0,0,0,translation would clip foreground or target-3 cells
safe_zero_padded_translation,arc-gen,178,"dr=0,dc=2",0,0,0,0,0,translation would clip foreground or target-3 cells
safe_zero_padded_translation,arc-gen,179,"dr=-1,dc=0",0,0,0,0,0,translation would clip foreground or target-3 cells
safe_zero_padded_translation,arc-gen,179,"dr=1,dc=0",0,0,0,0,0,translation would clip foreground or target-3 cells
safe_zero_padded_translation,arc-gen,179,"dr=0,dc=-1",0,0,0,0,0,translation would clip foreground or target-3 cells
safe_zero_padded_translation,arc-gen,179,"dr=0,dc=1",0,0,0,0,0,translation would clip foreground or target-3 cells
safe_zero_padded_translation,arc-gen,179,"dr=-2,dc=0",0,0,0,0,0,translation would clip foreground or target-3 cells
safe_zero_padded_translation,arc-gen,179,"dr=2,dc=0",0,0,0,0,0,translation would clip foreground or target-3 cells
safe_zero_padded_translation,arc-gen,179,"dr=0,dc=-2",0,0,0,0,0,translation would clip foreground or target-3 cells
safe_zero_padded_translation,arc-gen,179,"dr=0,dc=2",0,0,0,0,0,translation would clip foreground or target-3 cells
safe_zero_padded_translation,arc-gen,180,"dr=-1,dc=0",0,0,0,0,0,translation would clip foreground or target-3 cells
safe_zero_padded_translation,arc-gen,180,"dr=1,dc=0",0,0,0,0,0,translation would clip foreground or target-3 cells
safe_zero_padded_translation,arc-gen,180,"dr=0,dc=-1",0,0,0,0,0,translation would clip foreground or target-3 cells
safe_zero_padded_translation,arc-gen,180,"dr=0,dc=1",0,0,0,0,0,translation would clip foreground or target-3 cells
safe_zero_padded_translation,arc-gen,180,"dr=-2,dc=0",0,0,0,0,0,translation would clip foreground or target-3 cells
safe_zero_padded_translation,arc-gen,180,"dr=2,dc=0",0,0,0,0,0,translation would clip foreground or target-3 cells
safe_zero_padded_translation,arc-gen,180,"dr=0,dc=-2",0,0,0,0,0,translation would clip foreground or target-3 cells
safe_zero_padded_translation,arc-gen,180,"dr=0,dc=2",0,0,0,0,0,translation would clip foreground or target-3 cells
safe_zero_padded_translation,arc-gen,181,"dr=-1,dc=0",0,0,0,0,0,translation would clip foreground or target-3 cells
safe_zero_padded_translation,arc-gen,181,"dr=1,dc=0",0,0,0,0,0,translation would clip foreground or target-3 cells
safe_zero_padded_translation,arc-gen,181,"dr=0,dc=-1",0,0,0,0,0,translation would clip foreground or target-3 cells
safe_zero_padded_translation,arc-gen,181,"dr=0,dc=1",0,0,0,0,0,translation would clip foreground or target-3 cells
safe_zero_padded_translation,arc-gen,181,"dr=-2,dc=0",0,0,0,0,0,translation would clip foreground or target-3 cells
safe_zero_padded_translation,arc-gen,181,"dr=2,dc=0",0,0,0,0,0,translation would clip foreground or target-3 cells
safe_zero_padded_translation,arc-gen,181,"dr=0,dc=-2",0,0,0,0,0,translation would clip foreground or target-3 cells
safe_zero_padded_translation,arc-gen,181,"dr=0,dc=2",0,0,0,0,0,translation would clip foreground or target-3 cells
safe_zero_padded_translation,arc-gen,182,"dr=-1,dc=0",0,0,0,0,0,translation would clip foreground or target-3 cells
safe_zero_padded_translation,arc-gen,182,"dr=1,dc=0",0,0,0,0,0,translation would clip foreground or target-3 cells
safe_zero_padded_translation,arc-gen,182,"dr=0,dc=-1",0,0,0,0,0,translation would clip foreground or target-3 cells
safe_zero_padded_translation,arc-gen,182,"dr=0,dc=1",0,0,0,0,0,translation would clip foreground or target-3 cells
safe_zero_padded_translation,arc-gen,182,"dr=-2,dc=0",0,0,0,0,0,translation would clip foreground or target-3 cells
safe_zero_padded_translation,arc-gen,182,"dr=2,dc=0",0,0,0,0,0,translation would clip foreground or target-3 cells
safe_zero_padded_translation,arc-gen,182,"dr=0,dc=-2",0,0,0,0,0,translation would clip foreground or target-3 cells
safe_zero_padded_translation,arc-gen,182,"dr=0,dc=2",0,0,0,0,0,translation would clip foreground or target-3 cells
safe_zero_padded_translation,arc-gen,183,"dr=-1,dc=0",0,0,0,0,0,translation would clip foreground or target-3 cells
safe_zero_padded_translation,arc-gen,183,"dr=1,dc=0",0,0,0,0,0,translation would clip foreground or target-3 cells
safe_zero_padded_translation,arc-gen,183,"dr=0,dc=-1",0,0,0,0,0,translation would clip foreground or target-3 cells
safe_zero_padded_translation,arc-gen,183,"dr=0,dc=1",0,0,0,0,0,translation would clip foreground or target-3 cells
safe_zero_padded_translation,arc-gen,183,"dr=-2,dc=0",0,0,0,0,0,translation would clip foreground or target-3 cells
safe_zero_padded_translation,arc-gen,183,"dr=2,dc=0",0,0,0,0,0,translation would clip foreground or target-3 cells
safe_zero_padded_translation,arc-gen,183,"dr=0,dc=-2",0,0,0,0,0,translation would clip foreground or target-3 cells
safe_zero_padded_translation,arc-gen,183,"dr=0,dc=2",0,0,0,0,0,translation would clip foreground or target-3 cells
safe_zero_padded_translation,arc-gen,184,"dr=-1,dc=0",0,0,0,0,0,translation would clip foreground or target-3 cells
safe_zero_padded_translation,arc-gen,184,"dr=1,dc=0",0,0,0,0,0,translation would clip foreground or target-3 cells
safe_zero_padded_translation,arc-gen,184,"dr=0,dc=-1",0,0,0,0,0,translation would clip foreground or target-3 cells
safe_zero_padded_translation,arc-gen,184,"dr=0,dc=1",0,0,0,0,0,translation would clip foreground or target-3 cells
safe_zero_padded_translation,arc-gen,184,"dr=-2,dc=0",0,0,0,0,0,translation would clip foreground or target-3 cells
safe_zero_padded_translation,arc-gen,184,"dr=2,dc=0",0,0,0,0,0,translation would clip foreground or target-3 cells
safe_zero_padded_translation,arc-gen,184,"dr=0,dc=-2",0,0,0,0,0,translation would clip foreground or target-3 cells
safe_zero_padded_translation,arc-gen,184,"dr=0,dc=2",0,0,0,0,0,translation would clip foreground or target-3 cells
safe_zero_padded_translation,arc-gen,185,"dr=-1,dc=0",0,0,0,0,0,translation would clip foreground or target-3 cells
safe_zero_padded_translation,arc-gen,185,"dr=1,dc=0",0,0,0,0,0,translation would clip foreground or target-3 cells
safe_zero_padded_translation,arc-gen,185,"dr=0,dc=-1",0,0,0,0,0,translation would clip foreground or target-3 cells
safe_zero_padded_translation,arc-gen,185,"dr=0,dc=1",0,0,0,0,0,translation would clip foreground or target-3 cells
safe_zero_padded_translation,arc-gen,185,"dr=-2,dc=0",0,0,0,0,0,translation would clip foreground or target-3 cells
safe_zero_padded_translation,arc-gen,185,"dr=2,dc=0",0,0,0,0,0,translation would clip foreground or target-3 cells
safe_zero_padded_translation,arc-gen,185,"dr=0,dc=-2",0,0,0,0,0,translation would clip foreground or target-3 cells
safe_zero_padded_translation,arc-gen,185,"dr=0,dc=2",0,0,0,0,0,translation would clip foreground or target-3 cells
safe_zero_padded_translation,arc-gen,186,"dr=-1,dc=0",0,0,0,0,0,translation would clip foreground or target-3 cells
safe_zero_padded_translation,arc-gen,186,"dr=1,dc=0",0,0,0,0,0,translation would clip foreground or target-3 cells
safe_zero_padded_translation,arc-gen,186,"dr=0,dc=-1",0,0,0,0,0,translation would clip foreground or target-3 cells
safe_zero_padded_translation,arc-gen,186,"dr=0,dc=1",0,0,0,0,0,translation would clip foreground or target-3 cells
safe_zero_padded_translation,arc-gen,186,"dr=-2,dc=0",0,0,0,0,0,translation would clip foreground or target-3 cells
safe_zero_padded_translation,arc-gen,186,"dr=2,dc=0",0,0,0,0,0,translation would clip foreground or target-3 cells
safe_zero_padded_translation,arc-gen,186,"dr=0,dc=-2",0,0,0,0,0,translation would clip foreground or target-3 cells
safe_zero_padded_translation,arc-gen,186,"dr=0,dc=2",0,0,0,0,0,translation would clip foreground or target-3 cells
safe_zero_padded_translation,arc-gen,187,"dr=-1,dc=0",0,0,0,0,0,translation would clip foreground or target-3 cells
safe_zero_padded_translation,arc-gen,187,"dr=1,dc=0",0,0,0,0,0,translation would clip foreground or target-3 cells
safe_zero_padded_translation,arc-gen,187,"dr=0,dc=-1",0,0,0,0,0,translation would clip foreground or target-3 cells
safe_zero_padded_translation,arc-gen,187,"dr=0,dc=1",0,0,0,0,0,translation would clip foreground or target-3 cells
safe_zero_padded_translation,arc-gen,187,"dr=-2,dc=0",0,0,0,0,0,translation would clip foreground or target-3 cells
safe_zero_padded_translation,arc-gen,187,"dr=2,dc=0",0,0,0,0,0,translation would clip foreground or target-3 cells
safe_zero_padded_translation,arc-gen,187,"dr=0,dc=-2",0,0,0,0,0,translation would clip foreground or target-3 cells
safe_zero_padded_translation,arc-gen,187,"dr=0,dc=2",0,0,0,0,0,translation would clip foreground or target-3 cells
safe_zero_padded_translation,arc-gen,188,"dr=-1,dc=0",0,0,0,0,0,translation would clip foreground or target-3 cells
safe_zero_padded_translation,arc-gen,188,"dr=1,dc=0",0,0,0,0,0,translation would clip foreground or target-3 cells
safe_zero_padded_translation,arc-gen,188,"dr=0,dc=-1",0,0,0,0,0,translation would clip foreground or target-3 cells
safe_zero_padded_translation,arc-gen,188,"dr=0,dc=1",0,0,0,0,0,translation would clip foreground or target-3 cells
safe_zero_padded_translation,arc-gen,188,"dr=-2,dc=0",0,0,0,0,0,translation would clip foreground or target-3 cells
safe_zero_padded_translation,arc-gen,188,"dr=2,dc=0",0,0,0,0,0,translation would clip foreground or target-3 cells
safe_zero_padded_translation,arc-gen,188,"dr=0,dc=-2",0,0,0,0,0,translation would clip foreground or target-3 cells
safe_zero_padded_translation,arc-gen,188,"dr=0,dc=2",0,0,0,0,0,translation would clip foreground or target-3 cells
safe_zero_padded_translation,arc-gen,189,"dr=-1,dc=0",0,0,0,0,0,translation would clip foreground or target-3 cells
safe_zero_padded_translation,arc-gen,189,"dr=1,dc=0",0,0,0,0,0,translation would clip foreground or target-3 cells
safe_zero_padded_translation,arc-gen,189,"dr=0,dc=-1",0,0,0,0,0,translation would clip foreground or target-3 cells
safe_zero_padded_translation,arc-gen,189,"dr=0,dc=1",0,0,0,0,0,translation would clip foreground or target-3 cells
safe_zero_padded_translation,arc-gen,189,"dr=-2,dc=0",0,0,0,0,0,translation would clip foreground or target-3 cells
safe_zero_padded_translation,arc-gen,189,"dr=2,dc=0",0,0,0,0,0,translation would clip foreground or target-3 cells
safe_zero_padded_translation,arc-gen,189,"dr=0,dc=-2",0,0,0,0,0,translation would clip foreground or target-3 cells
safe_zero_padded_translation,arc-gen,189,"dr=0,dc=2",0,0,0,0,0,translation would clip foreground or target-3 cells
safe_zero_padded_translation,arc-gen,190,"dr=-1,dc=0",0,0,0,0,0,translation would clip foreground or target-3 cells
safe_zero_padded_translation,arc-gen,190,"dr=1,dc=0",0,0,0,0,0,translation would clip foreground or target-3 cells
safe_zero_padded_translation,arc-gen,190,"dr=0,dc=-1",0,0,0,0,0,translation would clip foreground or target-3 cells
safe_zero_padded_translation,arc-gen,190,"dr=0,dc=1",0,0,0,0,0,translation would clip foreground or target-3 cells
safe_zero_padded_translation,arc-gen,190,"dr=-2,dc=0",0,0,0,0,0,translation would clip foreground or target-3 cells
safe_zero_padded_translation,arc-gen,190,"dr=2,dc=0",0,0,0,0,0,translation would clip foreground or target-3 cells
safe_zero_padded_translation,arc-gen,190,"dr=0,dc=-2",0,0,0,0,0,translation would clip foreground or target-3 cells
safe_zero_padded_translation,arc-gen,190,"dr=0,dc=2",0,0,0,0,0,translation would clip foreground or target-3 cells
safe_zero_padded_translation,arc-gen,191,"dr=-1,dc=0",0,0,0,0,0,translation would clip foreground or target-3 cells
safe_zero_padded_translation,arc-gen,191,"dr=1,dc=0",0,0,0,0,0,translation would clip foreground or target-3 cells
safe_zero_padded_translation,arc-gen,191,"dr=0,dc=-1",0,0,0,0,0,translation would clip foreground or target-3 cells
safe_zero_padded_translation,arc-gen,191,"dr=0,dc=1",0,0,0,0,0,translation would clip foreground or target-3 cells
safe_zero_padded_translation,arc-gen,191,"dr=-2,dc=0",0,0,0,0,0,translation would clip foreground or target-3 cells
safe_zero_padded_translation,arc-gen,191,"dr=2,dc=0",0,0,0,0,0,translation would clip foreground or target-3 cells
safe_zero_padded_translation,arc-gen,191,"dr=0,dc=-2",0,0,0,0,0,translation would clip foreground or target-3 cells
safe_zero_padded_translation,arc-gen,191,"dr=0,dc=2",0,0,0,0,0,translation would clip foreground or target-3 cells
safe_zero_padded_translation,arc-gen,192,"dr=-1,dc=0",0,0,0,0,0,translation would clip foreground or target-3 cells
safe_zero_padded_translation,arc-gen,192,"dr=1,dc=0",0,0,0,0,0,translation would clip foreground or target-3 cells
safe_zero_padded_translation,arc-gen,192,"dr=0,dc=-1",0,0,0,0,0,translation would clip foreground or target-3 cells
safe_zero_padded_translation,arc-gen,192,"dr=0,dc=1",0,0,0,0,0,translation would clip foreground or target-3 cells
safe_zero_padded_translation,arc-gen,192,"dr=-2,dc=0",0,0,0,0,0,translation would clip foreground or target-3 cells
safe_zero_padded_translation,arc-gen,192,"dr=2,dc=0",0,0,0,0,0,translation would clip foreground or target-3 cells
safe_zero_padded_translation,arc-gen,192,"dr=0,dc=-2",0,0,0,0,0,translation would clip foreground or target-3 cells
safe_zero_padded_translation,arc-gen,192,"dr=0,dc=2",0,0,0,0,0,translation would clip foreground or target-3 cells
safe_zero_padded_translation,arc-gen,193,"dr=-1,dc=0",0,0,0,0,0,translation would clip foreground or target-3 cells
safe_zero_padded_translation,arc-gen,193,"dr=1,dc=0",0,0,0,0,0,translation would clip foreground or target-3 cells
safe_zero_padded_translation,arc-gen,193,"dr=0,dc=-1",0,0,0,0,0,translation would clip foreground or target-3 cells
safe_zero_padded_translation,arc-gen,193,"dr=0,dc=1",0,0,0,0,0,translation would clip foreground or target-3 cells
safe_zero_padded_translation,arc-gen,193,"dr=-2,dc=0",0,0,0,0,0,translation would clip foreground or target-3 cells
safe_zero_padded_translation,arc-gen,193,"dr=2,dc=0",0,0,0,0,0,translation would clip foreground or target-3 cells
safe_zero_padded_translation,arc-gen,193,"dr=0,dc=-2",0,0,0,0,0,translation would clip foreground or target-3 cells
safe_zero_padded_translation,arc-gen,193,"dr=0,dc=2",0,0,0,0,0,translation would clip foreground or target-3 cells
safe_zero_padded_translation,arc-gen,194,"dr=-1,dc=0",0,0,0,0,0,translation would clip foreground or target-3 cells
safe_zero_padded_translation,arc-gen,194,"dr=1,dc=0",0,0,0,0,0,translation would clip foreground or target-3 cells
safe_zero_padded_translation,arc-gen,194,"dr=0,dc=-1",0,0,0,0,0,translation would clip foreground or target-3 cells
safe_zero_padded_translation,arc-gen,194,"dr=0,dc=1",0,0,0,0,0,translation would clip foreground or target-3 cells
safe_zero_padded_translation,arc-gen,194,"dr=-2,dc=0",0,0,0,0,0,translation would clip foreground or target-3 cells
safe_zero_padded_translation,arc-gen,194,"dr=2,dc=0",0,0,0,0,0,translation would clip foreground or target-3 cells
safe_zero_padded_translation,arc-gen,194,"dr=0,dc=-2",0,0,0,0,0,translation would clip foreground or target-3 cells
safe_zero_padded_translation,arc-gen,194,"dr=0,dc=2",0,0,0,0,0,translation would clip foreground or target-3 cells
safe_zero_padded_translation,arc-gen,195,"dr=-1,dc=0",0,0,0,0,0,translation would clip foreground or target-3 cells
safe_zero_padded_translation,arc-gen,195,"dr=1,dc=0",0,0,0,0,0,translation would clip foreground or target-3 cells
safe_zero_padded_translation,arc-gen,195,"dr=0,dc=-1",0,0,0,0,0,translation would clip foreground or target-3 cells
safe_zero_padded_translation,arc-gen,195,"dr=0,dc=1",0,0,0,0,0,translation would clip foreground or target-3 cells
safe_zero_padded_translation,arc-gen,195,"dr=-2,dc=0",0,0,0,0,0,translation would clip foreground or target-3 cells
safe_zero_padded_translation,arc-gen,195,"dr=2,dc=0",0,0,0,0,0,translation would clip foreground or target-3 cells
safe_zero_padded_translation,arc-gen,195,"dr=0,dc=-2",0,0,0,0,0,translation would clip foreground or target-3 cells
safe_zero_padded_translation,arc-gen,195,"dr=0,dc=2",0,0,0,0,0,translation would clip foreground or target-3 cells
safe_zero_padded_translation,arc-gen,196,"dr=-1,dc=0",0,0,0,0,0,translation would clip foreground or target-3 cells
safe_zero_padded_translation,arc-gen,196,"dr=1,dc=0",0,0,0,0,0,translation would clip foreground or target-3 cells
safe_zero_padded_translation,arc-gen,196,"dr=0,dc=-1",0,0,0,0,0,translation would clip foreground or target-3 cells
safe_zero_padded_translation,arc-gen,196,"dr=0,dc=1",0,0,0,0,0,translation would clip foreground or target-3 cells
safe_zero_padded_translation,arc-gen,196,"dr=-2,dc=0",0,0,0,0,0,translation would clip foreground or target-3 cells
safe_zero_padded_translation,arc-gen,196,"dr=2,dc=0",0,0,0,0,0,translation would clip foreground or target-3 cells
safe_zero_padded_translation,arc-gen,196,"dr=0,dc=-2",0,0,0,0,0,translation would clip foreground or target-3 cells
safe_zero_padded_translation,arc-gen,196,"dr=0,dc=2",0,0,0,0,0,translation would clip foreground or target-3 cells
safe_zero_padded_translation,arc-gen,197,"dr=-1,dc=0",0,0,0,0,0,translation would clip foreground or target-3 cells
safe_zero_padded_translation,arc-gen,197,"dr=1,dc=0",0,0,0,0,0,translation would clip foreground or target-3 cells
safe_zero_padded_translation,arc-gen,197,"dr=0,dc=-1",0,0,0,0,0,translation would clip foreground or target-3 cells
safe_zero_padded_translation,arc-gen,197,"dr=0,dc=1",0,0,0,0,0,translation would clip foreground or target-3 cells
safe_zero_padded_translation,arc-gen,197,"dr=-2,dc=0",0,0,0,0,0,translation would clip foreground or target-3 cells
safe_zero_padded_translation,arc-gen,197,"dr=2,dc=0",0,0,0,0,0,translation would clip foreground or target-3 cells
safe_zero_padded_translation,arc-gen,197,"dr=0,dc=-2",0,0,0,0,0,translation would clip foreground or target-3 cells
safe_zero_padded_translation,arc-gen,197,"dr=0,dc=2",0,0,0,0,0,translation would clip foreground or target-3 cells
safe_zero_padded_translation,arc-gen,198,"dr=-1,dc=0",0,0,0,0,0,translation would clip foreground or target-3 cells
safe_zero_padded_translation,arc-gen,198,"dr=1,dc=0",0,0,0,0,0,translation would clip foreground or target-3 cells
safe_zero_padded_translation,arc-gen,198,"dr=0,dc=-1",0,0,0,0,0,translation would clip foreground or target-3 cells
safe_zero_padded_translation,arc-gen,198,"dr=0,dc=1",0,0,0,0,0,translation would clip foreground or target-3 cells
safe_zero_padded_translation,arc-gen,198,"dr=-2,dc=0",0,0,0,0,0,translation would clip foreground or target-3 cells
safe_zero_padded_translation,arc-gen,198,"dr=2,dc=0",0,0,0,0,0,translation would clip foreground or target-3 cells
safe_zero_padded_translation,arc-gen,198,"dr=0,dc=-2",0,0,0,0,0,translation would clip foreground or target-3 cells
safe_zero_padded_translation,arc-gen,198,"dr=0,dc=2",0,0,0,0,0,translation would clip foreground or target-3 cells
safe_zero_padded_translation,arc-gen,199,"dr=-1,dc=0",0,0,0,0,0,translation would clip foreground or target-3 cells
safe_zero_padded_translation,arc-gen,199,"dr=1,dc=0",0,0,0,0,0,translation would clip foreground or target-3 cells
safe_zero_padded_translation,arc-gen,199,"dr=0,dc=-1",0,0,0,0,0,translation would clip foreground or target-3 cells
safe_zero_padded_translation,arc-gen,199,"dr=0,dc=1",0,0,0,0,0,translation would clip foreground or target-3 cells
safe_zero_padded_translation,arc-gen,199,"dr=-2,dc=0",0,0,0,0,0,translation would clip foreground or target-3 cells
safe_zero_padded_translation,arc-gen,199,"dr=2,dc=0",0,0,0,0,0,translation would clip foreground or target-3 cells
safe_zero_padded_translation,arc-gen,199,"dr=0,dc=-2",0,0,0,0,0,translation would clip foreground or target-3 cells
safe_zero_padded_translation,arc-gen,199,"dr=0,dc=2",0,0,0,0,0,translation would clip foreground or target-3 cells
safe_zero_padded_translation,arc-gen,200,"dr=-1,dc=0",0,0,0,0,0,translation would clip foreground or target-3 cells
safe_zero_padded_translation,arc-gen,200,"dr=1,dc=0",0,0,0,0,0,translation would clip foreground or target-3 cells
safe_zero_padded_translation,arc-gen,200,"dr=0,dc=-1",0,0,0,0,0,translation would clip foreground or target-3 cells
safe_zero_padded_translation,arc-gen,200,"dr=0,dc=1",0,0,0,0,0,translation would clip foreground or target-3 cells
safe_zero_padded_translation,arc-gen,200,"dr=-2,dc=0",0,0,0,0,0,translation would clip foreground or target-3 cells
safe_zero_padded_translation,arc-gen,200,"dr=2,dc=0",0,0,0,0,0,translation would clip foreground or target-3 cells
safe_zero_padded_translation,arc-gen,200,"dr=0,dc=-2",0,0,0,0,0,translation would clip foreground or target-3 cells
safe_zero_padded_translation,arc-gen,200,"dr=0,dc=2",0,0,0,0,0,translation would clip foreground or target-3 cells
safe_zero_padded_translation,arc-gen,201,"dr=-1,dc=0",0,0,0,0,0,translation would clip foreground or target-3 cells
safe_zero_padded_translation,arc-gen,201,"dr=1,dc=0",0,0,0,0,0,translation would clip foreground or target-3 cells
safe_zero_padded_translation,arc-gen,201,"dr=0,dc=-1",0,0,0,0,0,translation would clip foreground or target-3 cells
safe_zero_padded_translation,arc-gen,201,"dr=0,dc=1",0,0,0,0,0,translation would clip foreground or target-3 cells
safe_zero_padded_translation,arc-gen,201,"dr=-2,dc=0",0,0,0,0,0,translation would clip foreground or target-3 cells
safe_zero_padded_translation,arc-gen,201,"dr=2,dc=0",0,0,0,0,0,translation would clip foreground or target-3 cells
safe_zero_padded_translation,arc-gen,201,"dr=0,dc=-2",0,0,0,0,0,translation would clip foreground or target-3 cells
safe_zero_padded_translation,arc-gen,201,"dr=0,dc=2",0,0,0,0,0,translation would clip foreground or target-3 cells
safe_zero_padded_translation,arc-gen,202,"dr=-1,dc=0",0,0,0,0,0,translation would clip foreground or target-3 cells
safe_zero_padded_translation,arc-gen,202,"dr=1,dc=0",0,0,0,0,0,translation would clip foreground or target-3 cells
safe_zero_padded_translation,arc-gen,202,"dr=0,dc=-1",0,0,0,0,0,translation would clip foreground or target-3 cells
safe_zero_padded_translation,arc-gen,202,"dr=0,dc=1",0,0,0,0,0,translation would clip foreground or target-3 cells
safe_zero_padded_translation,arc-gen,202,"dr=-2,dc=0",0,0,0,0,0,translation would clip foreground or target-3 cells
safe_zero_padded_translation,arc-gen,202,"dr=2,dc=0",0,0,0,0,0,translation would clip foreground or target-3 cells
safe_zero_padded_translation,arc-gen,202,"dr=0,dc=-2",0,0,0,0,0,translation would clip foreground or target-3 cells
safe_zero_padded_translation,arc-gen,202,"dr=0,dc=2",0,0,0,0,0,translation would clip foreground or target-3 cells
safe_zero_padded_translation,arc-gen,203,"dr=-1,dc=0",0,0,0,0,0,translation would clip foreground or target-3 cells
safe_zero_padded_translation,arc-gen,203,"dr=1,dc=0",0,0,0,0,0,translation would clip foreground or target-3 cells
safe_zero_padded_translation,arc-gen,203,"dr=0,dc=-1",0,0,0,0,0,translation would clip foreground or target-3 cells
safe_zero_padded_translation,arc-gen,203,"dr=0,dc=1",0,0,0,0,0,translation would clip foreground or target-3 cells
safe_zero_padded_translation,arc-gen,203,"dr=-2,dc=0",0,0,0,0,0,translation would clip foreground or target-3 cells
safe_zero_padded_translation,arc-gen,203,"dr=2,dc=0",0,0,0,0,0,translation would clip foreground or target-3 cells
safe_zero_padded_translation,arc-gen,203,"dr=0,dc=-2",0,0,0,0,0,translation would clip foreground or target-3 cells
safe_zero_padded_translation,arc-gen,203,"dr=0,dc=2",0,0,0,0,0,translation would clip foreground or target-3 cells
safe_zero_padded_translation,arc-gen,204,"dr=-1,dc=0",0,0,0,0,0,translation would clip foreground or target-3 cells
safe_zero_padded_translation,arc-gen,204,"dr=1,dc=0",0,0,0,0,0,translation would clip foreground or target-3 cells
safe_zero_padded_translation,arc-gen,204,"dr=0,dc=-1",0,0,0,0,0,translation would clip foreground or target-3 cells
safe_zero_padded_translation,arc-gen,204,"dr=0,dc=1",0,0,0,0,0,translation would clip foreground or target-3 cells
safe_zero_padded_translation,arc-gen,204,"dr=-2,dc=0",0,0,0,0,0,translation would clip foreground or target-3 cells
safe_zero_padded_translation,arc-gen,204,"dr=2,dc=0",0,0,0,0,0,translation would clip foreground or target-3 cells
safe_zero_padded_translation,arc-gen,204,"dr=0,dc=-2",0,0,0,0,0,translation would clip foreground or target-3 cells
safe_zero_padded_translation,arc-gen,204,"dr=0,dc=2",0,0,0,0,0,translation would clip foreground or target-3 cells
safe_zero_padded_translation,arc-gen,205,"dr=-1,dc=0",0,0,0,0,0,translation would clip foreground or target-3 cells
safe_zero_padded_translation,arc-gen,205,"dr=1,dc=0",0,0,0,0,0,translation would clip foreground or target-3 cells
safe_zero_padded_translation,arc-gen,205,"dr=0,dc=-1",0,0,0,0,0,translation would clip foreground or target-3 cells
safe_zero_padded_translation,arc-gen,205,"dr=0,dc=1",0,0,0,0,0,translation would clip foreground or target-3 cells
safe_zero_padded_translation,arc-gen,205,"dr=-2,dc=0",0,0,0,0,0,translation would clip foreground or target-3 cells
safe_zero_padded_translation,arc-gen,205,"dr=2,dc=0",0,0,0,0,0,translation would clip foreground or target-3 cells
safe_zero_padded_translation,arc-gen,205,"dr=0,dc=-2",0,0,0,0,0,translation would clip foreground or target-3 cells
safe_zero_padded_translation,arc-gen,205,"dr=0,dc=2",0,0,0,0,0,translation would clip foreground or target-3 cells
safe_zero_padded_translation,arc-gen,206,"dr=-1,dc=0",0,0,0,0,0,translation would clip foreground or target-3 cells
safe_zero_padded_translation,arc-gen,206,"dr=1,dc=0",0,0,0,0,0,translation would clip foreground or target-3 cells
safe_zero_padded_translation,arc-gen,206,"dr=0,dc=-1",0,0,0,0,0,translation would clip foreground or target-3 cells
safe_zero_padded_translation,arc-gen,206,"dr=0,dc=1",0,0,0,0,0,translation would clip foreground or target-3 cells
safe_zero_padded_translation,arc-gen,206,"dr=-2,dc=0",0,0,0,0,0,translation would clip foreground or target-3 cells
safe_zero_padded_translation,arc-gen,206,"dr=2,dc=0",0,0,0,0,0,translation would clip foreground or target-3 cells
safe_zero_padded_translation,arc-gen,206,"dr=0,dc=-2",0,0,0,0,0,translation would clip foreground or target-3 cells
safe_zero_padded_translation,arc-gen,206,"dr=0,dc=2",0,0,0,0,0,translation would clip foreground or target-3 cells
safe_zero_padded_translation,arc-gen,207,"dr=-1,dc=0",0,0,0,0,0,translation would clip foreground or target-3 cells
safe_zero_padded_translation,arc-gen,207,"dr=1,dc=0",0,0,0,0,0,translation would clip foreground or target-3 cells
safe_zero_padded_translation,arc-gen,207,"dr=0,dc=-1",0,0,0,0,0,translation would clip foreground or target-3 cells
safe_zero_padded_translation,arc-gen,207,"dr=0,dc=1",0,0,0,0,0,translation would clip foreground or target-3 cells
safe_zero_padded_translation,arc-gen,207,"dr=-2,dc=0",0,0,0,0,0,translation would clip foreground or target-3 cells
safe_zero_padded_translation,arc-gen,207,"dr=2,dc=0",0,0,0,0,0,translation would clip foreground or target-3 cells
safe_zero_padded_translation,arc-gen,207,"dr=0,dc=-2",0,0,0,0,0,translation would clip foreground or target-3 cells
safe_zero_padded_translation,arc-gen,207,"dr=0,dc=2",0,0,0,0,0,translation would clip foreground or target-3 cells
safe_zero_padded_translation,arc-gen,208,"dr=-1,dc=0",0,0,0,0,0,translation would clip foreground or target-3 cells
safe_zero_padded_translation,arc-gen,208,"dr=1,dc=0",0,0,0,0,0,translation would clip foreground or target-3 cells
safe_zero_padded_translation,arc-gen,208,"dr=0,dc=-1",0,0,0,0,0,translation would clip foreground or target-3 cells
safe_zero_padded_translation,arc-gen,208,"dr=0,dc=1",0,0,0,0,0,translation would clip foreground or target-3 cells
safe_zero_padded_translation,arc-gen,208,"dr=-2,dc=0",0,0,0,0,0,translation would clip foreground or target-3 cells
safe_zero_padded_translation,arc-gen,208,"dr=2,dc=0",0,0,0,0,0,translation would clip foreground or target-3 cells
safe_zero_padded_translation,arc-gen,208,"dr=0,dc=-2",0,0,0,0,0,translation would clip foreground or target-3 cells
safe_zero_padded_translation,arc-gen,208,"dr=0,dc=2",0,0,0,0,0,translation would clip foreground or target-3 cells
safe_zero_padded_translation,arc-gen,209,"dr=-1,dc=0",0,0,0,0,0,translation would clip foreground or target-3 cells
safe_zero_padded_translation,arc-gen,209,"dr=1,dc=0",0,0,0,0,0,translation would clip foreground or target-3 cells
safe_zero_padded_translation,arc-gen,209,"dr=0,dc=-1",0,0,0,0,0,translation would clip foreground or target-3 cells
safe_zero_padded_translation,arc-gen,209,"dr=0,dc=1",0,0,0,0,0,translation would clip foreground or target-3 cells
safe_zero_padded_translation,arc-gen,209,"dr=-2,dc=0",0,0,0,0,0,translation would clip foreground or target-3 cells
safe_zero_padded_translation,arc-gen,209,"dr=2,dc=0",0,0,0,0,0,translation would clip foreground or target-3 cells
safe_zero_padded_translation,arc-gen,209,"dr=0,dc=-2",0,0,0,0,0,translation would clip foreground or target-3 cells
safe_zero_padded_translation,arc-gen,209,"dr=0,dc=2",0,0,0,0,0,translation would clip foreground or target-3 cells
safe_zero_padded_translation,arc-gen,210,"dr=-1,dc=0",0,0,0,0,0,translation would clip foreground or target-3 cells
safe_zero_padded_translation,arc-gen,210,"dr=1,dc=0",0,0,0,0,0,translation would clip foreground or target-3 cells
safe_zero_padded_translation,arc-gen,210,"dr=0,dc=-1",0,0,0,0,0,translation would clip foreground or target-3 cells
safe_zero_padded_translation,arc-gen,210,"dr=0,dc=1",0,0,0,0,0,translation would clip foreground or target-3 cells
safe_zero_padded_translation,arc-gen,210,"dr=-2,dc=0",0,0,0,0,0,translation would clip foreground or target-3 cells
safe_zero_padded_translation,arc-gen,210,"dr=2,dc=0",0,0,0,0,0,translation would clip foreground or target-3 cells
safe_zero_padded_translation,arc-gen,210,"dr=0,dc=-2",0,0,0,0,0,translation would clip foreground or target-3 cells
safe_zero_padded_translation,arc-gen,210,"dr=0,dc=2",0,0,0,0,0,translation would clip foreground or target-3 cells
safe_zero_padded_translation,arc-gen,211,"dr=-1,dc=0",0,0,0,0,0,translation would clip foreground or target-3 cells
safe_zero_padded_translation,arc-gen,211,"dr=1,dc=0",0,0,0,0,0,translation would clip foreground or target-3 cells
safe_zero_padded_translation,arc-gen,211,"dr=0,dc=-1",0,0,0,0,0,translation would clip foreground or target-3 cells
safe_zero_padded_translation,arc-gen,211,"dr=0,dc=1",0,0,0,0,0,translation would clip foreground or target-3 cells
safe_zero_padded_translation,arc-gen,211,"dr=-2,dc=0",0,0,0,0,0,translation would clip foreground or target-3 cells
safe_zero_padded_translation,arc-gen,211,"dr=2,dc=0",0,0,0,0,0,translation would clip foreground or target-3 cells
safe_zero_padded_translation,arc-gen,211,"dr=0,dc=-2",0,0,0,0,0,translation would clip foreground or target-3 cells
safe_zero_padded_translation,arc-gen,211,"dr=0,dc=2",0,0,0,0,0,translation would clip foreground or target-3 cells
safe_zero_padded_translation,arc-gen,212,"dr=-1,dc=0",0,0,0,0,0,translation would clip foreground or target-3 cells
safe_zero_padded_translation,arc-gen,212,"dr=1,dc=0",0,0,0,0,0,translation would clip foreground or target-3 cells
safe_zero_padded_translation,arc-gen,212,"dr=0,dc=-1",0,0,0,0,0,translation would clip foreground or target-3 cells
safe_zero_padded_translation,arc-gen,212,"dr=0,dc=1",0,0,0,0,0,translation would clip foreground or target-3 cells
safe_zero_padded_translation,arc-gen,212,"dr=-2,dc=0",0,0,0,0,0,translation would clip foreground or target-3 cells
safe_zero_padded_translation,arc-gen,212,"dr=2,dc=0",0,0,0,0,0,translation would clip foreground or target-3 cells
safe_zero_padded_translation,arc-gen,212,"dr=0,dc=-2",0,0,0,0,0,translation would clip foreground or target-3 cells
safe_zero_padded_translation,arc-gen,212,"dr=0,dc=2",0,0,0,0,0,translation would clip foreground or target-3 cells
safe_zero_padded_translation,arc-gen,213,"dr=-1,dc=0",0,0,0,0,0,translation would clip foreground or target-3 cells
safe_zero_padded_translation,arc-gen,213,"dr=1,dc=0",0,0,0,0,0,translation would clip foreground or target-3 cells
safe_zero_padded_translation,arc-gen,213,"dr=0,dc=-1",0,0,0,0,0,translation would clip foreground or target-3 cells
safe_zero_padded_translation,arc-gen,213,"dr=0,dc=1",0,0,0,0,0,translation would clip foreground or target-3 cells
safe_zero_padded_translation,arc-gen,213,"dr=-2,dc=0",0,0,0,0,0,translation would clip foreground or target-3 cells
safe_zero_padded_translation,arc-gen,213,"dr=2,dc=0",0,0,0,0,0,translation would clip foreground or target-3 cells
safe_zero_padded_translation,arc-gen,213,"dr=0,dc=-2",0,0,0,0,0,translation would clip foreground or target-3 cells
safe_zero_padded_translation,arc-gen,213,"dr=0,dc=2",0,0,0,0,0,translation would clip foreground or target-3 cells
safe_zero_padded_translation,arc-gen,214,"dr=-1,dc=0",0,0,0,0,0,translation would clip foreground or target-3 cells
safe_zero_padded_translation,arc-gen,214,"dr=1,dc=0",0,0,0,0,0,translation would clip foreground or target-3 cells
safe_zero_padded_translation,arc-gen,214,"dr=0,dc=-1",0,0,0,0,0,translation would clip foreground or target-3 cells
safe_zero_padded_translation,arc-gen,214,"dr=0,dc=1",0,0,0,0,0,translation would clip foreground or target-3 cells
safe_zero_padded_translation,arc-gen,214,"dr=-2,dc=0",0,0,0,0,0,translation would clip foreground or target-3 cells
safe_zero_padded_translation,arc-gen,214,"dr=2,dc=0",0,0,0,0,0,translation would clip foreground or target-3 cells
safe_zero_padded_translation,arc-gen,214,"dr=0,dc=-2",0,0,0,0,0,translation would clip foreground or target-3 cells
safe_zero_padded_translation,arc-gen,214,"dr=0,dc=2",0,0,0,0,0,translation would clip foreground or target-3 cells
safe_zero_padded_translation,arc-gen,215,"dr=-1,dc=0",0,0,0,0,0,translation would clip foreground or target-3 cells
safe_zero_padded_translation,arc-gen,215,"dr=1,dc=0",0,0,0,0,0,translation would clip foreground or target-3 cells
safe_zero_padded_translation,arc-gen,215,"dr=0,dc=-1",0,0,0,0,0,translation would clip foreground or target-3 cells
safe_zero_padded_translation,arc-gen,215,"dr=0,dc=1",0,0,0,0,0,translation would clip foreground or target-3 cells
safe_zero_padded_translation,arc-gen,215,"dr=-2,dc=0",0,0,0,0,0,translation would clip foreground or target-3 cells
safe_zero_padded_translation,arc-gen,215,"dr=2,dc=0",0,0,0,0,0,translation would clip foreground or target-3 cells
safe_zero_padded_translation,arc-gen,215,"dr=0,dc=-2",0,0,0,0,0,translation would clip foreground or target-3 cells
safe_zero_padded_translation,arc-gen,215,"dr=0,dc=2",0,0,0,0,0,translation would clip foreground or target-3 cells
safe_zero_padded_translation,arc-gen,216,"dr=-1,dc=0",0,0,0,0,0,translation would clip foreground or target-3 cells
safe_zero_padded_translation,arc-gen,216,"dr=1,dc=0",0,0,0,0,0,translation would clip foreground or target-3 cells
safe_zero_padded_translation,arc-gen,216,"dr=0,dc=-1",0,0,0,0,0,translation would clip foreground or target-3 cells
safe_zero_padded_translation,arc-gen,216,"dr=0,dc=1",0,0,0,0,0,translation would clip foreground or target-3 cells
safe_zero_padded_translation,arc-gen,216,"dr=-2,dc=0",0,0,0,0,0,translation would clip foreground or target-3 cells
safe_zero_padded_translation,arc-gen,216,"dr=2,dc=0",0,0,0,0,0,translation would clip foreground or target-3 cells
safe_zero_padded_translation,arc-gen,216,"dr=0,dc=-2",0,0,0,0,0,translation would clip foreground or target-3 cells
safe_zero_padded_translation,arc-gen,216,"dr=0,dc=2",0,0,0,0,0,translation would clip foreground or target-3 cells
safe_zero_padded_translation,arc-gen,217,"dr=-1,dc=0",0,0,0,0,0,translation would clip foreground or target-3 cells
safe_zero_padded_translation,arc-gen,217,"dr=1,dc=0",0,0,0,0,0,translation would clip foreground or target-3 cells
safe_zero_padded_translation,arc-gen,217,"dr=0,dc=-1",0,0,0,0,0,translation would clip foreground or target-3 cells
safe_zero_padded_translation,arc-gen,217,"dr=0,dc=1",0,0,0,0,0,translation would clip foreground or target-3 cells
safe_zero_padded_translation,arc-gen,217,"dr=-2,dc=0",0,0,0,0,0,translation would clip foreground or target-3 cells
safe_zero_padded_translation,arc-gen,217,"dr=2,dc=0",0,0,0,0,0,translation would clip foreground or target-3 cells
safe_zero_padded_translation,arc-gen,217,"dr=0,dc=-2",0,0,0,0,0,translation would clip foreground or target-3 cells
safe_zero_padded_translation,arc-gen,217,"dr=0,dc=2",0,0,0,0,0,translation would clip foreground or target-3 cells
safe_zero_padded_translation,arc-gen,218,"dr=-1,dc=0",0,0,0,0,0,translation would clip foreground or target-3 cells
safe_zero_padded_translation,arc-gen,218,"dr=1,dc=0",0,0,0,0,0,translation would clip foreground or target-3 cells
safe_zero_padded_translation,arc-gen,218,"dr=0,dc=-1",0,0,0,0,0,translation would clip foreground or target-3 cells
safe_zero_padded_translation,arc-gen,218,"dr=0,dc=1",0,0,0,0,0,translation would clip foreground or target-3 cells
safe_zero_padded_translation,arc-gen,218,"dr=-2,dc=0",0,0,0,0,0,translation would clip foreground or target-3 cells
safe_zero_padded_translation,arc-gen,218,"dr=2,dc=0",0,0,0,0,0,translation would clip foreground or target-3 cells
safe_zero_padded_translation,arc-gen,218,"dr=0,dc=-2",0,0,0,0,0,translation would clip foreground or target-3 cells
safe_zero_padded_translation,arc-gen,218,"dr=0,dc=2",0,0,0,0,0,translation would clip foreground or target-3 cells
safe_zero_padded_translation,arc-gen,219,"dr=-1,dc=0",0,0,0,0,0,translation would clip foreground or target-3 cells
safe_zero_padded_translation,arc-gen,219,"dr=1,dc=0",0,0,0,0,0,translation would clip foreground or target-3 cells
safe_zero_padded_translation,arc-gen,219,"dr=0,dc=-1",0,0,0,0,0,translation would clip foreground or target-3 cells
safe_zero_padded_translation,arc-gen,219,"dr=0,dc=1",0,0,0,0,0,translation would clip foreground or target-3 cells
safe_zero_padded_translation,arc-gen,219,"dr=-2,dc=0",0,0,0,0,0,translation would clip foreground or target-3 cells
safe_zero_padded_translation,arc-gen,219,"dr=2,dc=0",0,0,0,0,0,translation would clip foreground or target-3 cells
safe_zero_padded_translation,arc-gen,219,"dr=0,dc=-2",0,0,0,0,0,translation would clip foreground or target-3 cells
safe_zero_padded_translation,arc-gen,219,"dr=0,dc=2",0,0,0,0,0,translation would clip foreground or target-3 cells
safe_zero_padded_translation,arc-gen,220,"dr=-1,dc=0",0,0,0,0,0,translation would clip foreground or target-3 cells
safe_zero_padded_translation,arc-gen,220,"dr=1,dc=0",0,0,0,0,0,translation would clip foreground or target-3 cells
safe_zero_padded_translation,arc-gen,220,"dr=0,dc=-1",0,0,0,0,0,translation would clip foreground or target-3 cells
safe_zero_padded_translation,arc-gen,220,"dr=0,dc=1",0,0,0,0,0,translation would clip foreground or target-3 cells
safe_zero_padded_translation,arc-gen,220,"dr=-2,dc=0",0,0,0,0,0,translation would clip foreground or target-3 cells
safe_zero_padded_translation,arc-gen,220,"dr=2,dc=0",0,0,0,0,0,translation would clip foreground or target-3 cells
safe_zero_padded_translation,arc-gen,220,"dr=0,dc=-2",0,0,0,0,0,translation would clip foreground or target-3 cells
safe_zero_padded_translation,arc-gen,220,"dr=0,dc=2",0,0,0,0,0,translation would clip foreground or target-3 cells
safe_zero_padded_translation,arc-gen,221,"dr=-1,dc=0",0,0,0,0,0,translation would clip foreground or target-3 cells
safe_zero_padded_translation,arc-gen,221,"dr=1,dc=0",0,0,0,0,0,translation would clip foreground or target-3 cells
safe_zero_padded_translation,arc-gen,221,"dr=0,dc=-1",0,0,0,0,0,translation would clip foreground or target-3 cells
safe_zero_padded_translation,arc-gen,221,"dr=0,dc=1",0,0,0,0,0,translation would clip foreground or target-3 cells
safe_zero_padded_translation,arc-gen,221,"dr=-2,dc=0",0,0,0,0,0,translation would clip foreground or target-3 cells
safe_zero_padded_translation,arc-gen,221,"dr=2,dc=0",0,0,0,0,0,translation would clip foreground or target-3 cells
safe_zero_padded_translation,arc-gen,221,"dr=0,dc=-2",0,0,0,0,0,translation would clip foreground or target-3 cells
safe_zero_padded_translation,arc-gen,221,"dr=0,dc=2",0,0,0,0,0,translation would clip foreground or target-3 cells
safe_zero_padded_translation,arc-gen,222,"dr=-1,dc=0",0,0,0,0,0,translation would clip foreground or target-3 cells
safe_zero_padded_translation,arc-gen,222,"dr=1,dc=0",0,0,0,0,0,translation would clip foreground or target-3 cells
safe_zero_padded_translation,arc-gen,222,"dr=0,dc=-1",0,0,0,0,0,translation would clip foreground or target-3 cells
safe_zero_padded_translation,arc-gen,222,"dr=0,dc=1",0,0,0,0,0,translation would clip foreground or target-3 cells
safe_zero_padded_translation,arc-gen,222,"dr=-2,dc=0",0,0,0,0,0,translation would clip foreground or target-3 cells
safe_zero_padded_translation,arc-gen,222,"dr=2,dc=0",0,0,0,0,0,translation would clip foreground or target-3 cells
safe_zero_padded_translation,arc-gen,222,"dr=0,dc=-2",0,0,0,0,0,translation would clip foreground or target-3 cells
safe_zero_padded_translation,arc-gen,222,"dr=0,dc=2",0,0,0,0,0,translation would clip foreground or target-3 cells
safe_zero_padded_translation,arc-gen,223,"dr=-1,dc=0",0,0,0,0,0,translation would clip foreground or target-3 cells
safe_zero_padded_translation,arc-gen,223,"dr=1,dc=0",0,0,0,0,0,translation would clip foreground or target-3 cells
safe_zero_padded_translation,arc-gen,223,"dr=0,dc=-1",0,0,0,0,0,translation would clip foreground or target-3 cells
safe_zero_padded_translation,arc-gen,223,"dr=0,dc=1",0,0,0,0,0,translation would clip foreground or target-3 cells
safe_zero_padded_translation,arc-gen,223,"dr=-2,dc=0",0,0,0,0,0,translation would clip foreground or target-3 cells
safe_zero_padded_translation,arc-gen,223,"dr=2,dc=0",0,0,0,0,0,translation would clip foreground or target-3 cells
safe_zero_padded_translation,arc-gen,223,"dr=0,dc=-2",0,0,0,0,0,translation would clip foreground or target-3 cells
safe_zero_padded_translation,arc-gen,223,"dr=0,dc=2",0,0,0,0,0,translation would clip foreground or target-3 cells
safe_zero_padded_translation,arc-gen,224,"dr=-1,dc=0",0,0,0,0,0,translation would clip foreground or target-3 cells
safe_zero_padded_translation,arc-gen,224,"dr=1,dc=0",0,0,0,0,0,translation would clip foreground or target-3 cells
safe_zero_padded_translation,arc-gen,224,"dr=0,dc=-1",0,0,0,0,0,translation would clip foreground or target-3 cells
safe_zero_padded_translation,arc-gen,224,"dr=0,dc=1",0,0,0,0,0,translation would clip foreground or target-3 cells
safe_zero_padded_translation,arc-gen,224,"dr=-2,dc=0",0,0,0,0,0,translation would clip foreground or target-3 cells
safe_zero_padded_translation,arc-gen,224,"dr=2,dc=0",0,0,0,0,0,translation would clip foreground or target-3 cells
safe_zero_padded_translation,arc-gen,224,"dr=0,dc=-2",0,0,0,0,0,translation would clip foreground or target-3 cells
safe_zero_padded_translation,arc-gen,224,"dr=0,dc=2",0,0,0,0,0,translation would clip foreground or target-3 cells
safe_zero_padded_translation,arc-gen,225,"dr=-1,dc=0",0,0,0,0,0,translation would clip foreground or target-3 cells
safe_zero_padded_translation,arc-gen,225,"dr=1,dc=0",0,0,0,0,0,translation would clip foreground or target-3 cells
safe_zero_padded_translation,arc-gen,225,"dr=0,dc=-1",0,0,0,0,0,translation would clip foreground or target-3 cells
safe_zero_padded_translation,arc-gen,225,"dr=0,dc=1",0,0,0,0,0,translation would clip foreground or target-3 cells
safe_zero_padded_translation,arc-gen,225,"dr=-2,dc=0",0,0,0,0,0,translation would clip foreground or target-3 cells
safe_zero_padded_translation,arc-gen,225,"dr=2,dc=0",0,0,0,0,0,translation would clip foreground or target-3 cells
safe_zero_padded_translation,arc-gen,225,"dr=0,dc=-2",0,0,0,0,0,translation would clip foreground or target-3 cells
safe_zero_padded_translation,arc-gen,225,"dr=0,dc=2",0,0,0,0,0,translation would clip foreground or target-3 cells
safe_zero_padded_translation,arc-gen,226,"dr=-1,dc=0",0,0,0,0,0,translation would clip foreground or target-3 cells
safe_zero_padded_translation,arc-gen,226,"dr=1,dc=0",0,0,0,0,0,translation would clip foreground or target-3 cells
safe_zero_padded_translation,arc-gen,226,"dr=0,dc=-1",0,0,0,0,0,translation would clip foreground or target-3 cells
safe_zero_padded_translation,arc-gen,226,"dr=0,dc=1",0,0,0,0,0,translation would clip foreground or target-3 cells
safe_zero_padded_translation,arc-gen,226,"dr=-2,dc=0",0,0,0,0,0,translation would clip foreground or target-3 cells
safe_zero_padded_translation,arc-gen,226,"dr=2,dc=0",0,0,0,0,0,translation would clip foreground or target-3 cells
safe_zero_padded_translation,arc-gen,226,"dr=0,dc=-2",0,0,0,0,0,translation would clip foreground or target-3 cells
safe_zero_padded_translation,arc-gen,226,"dr=0,dc=2",0,0,0,0,0,translation would clip foreground or target-3 cells
safe_zero_padded_translation,arc-gen,227,"dr=-1,dc=0",0,0,0,0,0,translation would clip foreground or target-3 cells
safe_zero_padded_translation,arc-gen,227,"dr=1,dc=0",0,0,0,0,0,translation would clip foreground or target-3 cells
safe_zero_padded_translation,arc-gen,227,"dr=0,dc=-1",0,0,0,0,0,translation would clip foreground or target-3 cells
safe_zero_padded_translation,arc-gen,227,"dr=0,dc=1",0,0,0,0,0,translation would clip foreground or target-3 cells
safe_zero_padded_translation,arc-gen,227,"dr=-2,dc=0",0,0,0,0,0,translation would clip foreground or target-3 cells
safe_zero_padded_translation,arc-gen,227,"dr=2,dc=0",0,0,0,0,0,translation would clip foreground or target-3 cells
safe_zero_padded_translation,arc-gen,227,"dr=0,dc=-2",0,0,0,0,0,translation would clip foreground or target-3 cells
safe_zero_padded_translation,arc-gen,227,"dr=0,dc=2",0,0,0,0,0,translation would clip foreground or target-3 cells
safe_zero_padded_translation,arc-gen,228,"dr=-1,dc=0",0,0,0,0,0,translation would clip foreground or target-3 cells
safe_zero_padded_translation,arc-gen,228,"dr=1,dc=0",0,0,0,0,0,translation would clip foreground or target-3 cells
safe_zero_padded_translation,arc-gen,228,"dr=0,dc=-1",0,0,0,0,0,translation would clip foreground or target-3 cells
safe_zero_padded_translation,arc-gen,228,"dr=0,dc=1",0,0,0,0,0,translation would clip foreground or target-3 cells
safe_zero_padded_translation,arc-gen,228,"dr=-2,dc=0",0,0,0,0,0,translation would clip foreground or target-3 cells
safe_zero_padded_translation,arc-gen,228,"dr=2,dc=0",0,0,0,0,0,translation would clip foreground or target-3 cells
safe_zero_padded_translation,arc-gen,228,"dr=0,dc=-2",0,0,0,0,0,translation would clip foreground or target-3 cells
safe_zero_padded_translation,arc-gen,228,"dr=0,dc=2",0,0,0,0,0,translation would clip foreground or target-3 cells
safe_zero_padded_translation,arc-gen,229,"dr=-1,dc=0",0,0,0,0,0,translation would clip foreground or target-3 cells
safe_zero_padded_translation,arc-gen,229,"dr=1,dc=0",0,0,0,0,0,translation would clip foreground or target-3 cells
safe_zero_padded_translation,arc-gen,229,"dr=0,dc=-1",0,0,0,0,0,translation would clip foreground or target-3 cells
safe_zero_padded_translation,arc-gen,229,"dr=0,dc=1",0,0,0,0,0,translation would clip foreground or target-3 cells
safe_zero_padded_translation,arc-gen,229,"dr=-2,dc=0",0,0,0,0,0,translation would clip foreground or target-3 cells
safe_zero_padded_translation,arc-gen,229,"dr=2,dc=0",0,0,0,0,0,translation would clip foreground or target-3 cells
safe_zero_padded_translation,arc-gen,229,"dr=0,dc=-2",0,0,0,0,0,translation would clip foreground or target-3 cells
safe_zero_padded_translation,arc-gen,229,"dr=0,dc=2",0,0,0,0,0,translation would clip foreground or target-3 cells
safe_zero_padded_translation,arc-gen,230,"dr=-1,dc=0",0,0,0,0,0,translation would clip foreground or target-3 cells
safe_zero_padded_translation,arc-gen,230,"dr=1,dc=0",0,0,0,0,0,translation would clip foreground or target-3 cells
safe_zero_padded_translation,arc-gen,230,"dr=0,dc=-1",0,0,0,0,0,translation would clip foreground or target-3 cells
safe_zero_padded_translation,arc-gen,230,"dr=0,dc=1",0,0,0,0,0,translation would clip foreground or target-3 cells
safe_zero_padded_translation,arc-gen,230,"dr=-2,dc=0",0,0,0,0,0,translation would clip foreground or target-3 cells
safe_zero_padded_translation,arc-gen,230,"dr=2,dc=0",0,0,0,0,0,translation would clip foreground or target-3 cells
safe_zero_padded_translation,arc-gen,230,"dr=0,dc=-2",0,0,0,0,0,translation would clip foreground or target-3 cells
safe_zero_padded_translation,arc-gen,230,"dr=0,dc=2",0,0,0,0,0,translation would clip foreground or target-3 cells
safe_zero_padded_translation,arc-gen,231,"dr=-1,dc=0",0,0,0,0,0,translation would clip foreground or target-3 cells
safe_zero_padded_translation,arc-gen,231,"dr=1,dc=0",0,0,0,0,0,translation would clip foreground or target-3 cells
safe_zero_padded_translation,arc-gen,231,"dr=0,dc=-1",0,0,0,0,0,translation would clip foreground or target-3 cells
safe_zero_padded_translation,arc-gen,231,"dr=0,dc=1",0,0,0,0,0,translation would clip foreground or target-3 cells
safe_zero_padded_translation,arc-gen,231,"dr=-2,dc=0",0,0,0,0,0,translation would clip foreground or target-3 cells
safe_zero_padded_translation,arc-gen,231,"dr=2,dc=0",0,0,0,0,0,translation would clip foreground or target-3 cells
safe_zero_padded_translation,arc-gen,231,"dr=0,dc=-2",0,0,0,0,0,translation would clip foreground or target-3 cells
safe_zero_padded_translation,arc-gen,231,"dr=0,dc=2",0,0,0,0,0,translation would clip foreground or target-3 cells
safe_zero_padded_translation,arc-gen,232,"dr=-1,dc=0",0,0,0,0,0,translation would clip foreground or target-3 cells
safe_zero_padded_translation,arc-gen,232,"dr=1,dc=0",0,0,0,0,0,translation would clip foreground or target-3 cells
safe_zero_padded_translation,arc-gen,232,"dr=0,dc=-1",0,0,0,0,0,translation would clip foreground or target-3 cells
safe_zero_padded_translation,arc-gen,232,"dr=0,dc=1",0,0,0,0,0,translation would clip foreground or target-3 cells
safe_zero_padded_translation,arc-gen,232,"dr=-2,dc=0",0,0,0,0,0,translation would clip foreground or target-3 cells
safe_zero_padded_translation,arc-gen,232,"dr=2,dc=0",0,0,0,0,0,translation would clip foreground or target-3 cells
safe_zero_padded_translation,arc-gen,232,"dr=0,dc=-2",0,0,0,0,0,translation would clip foreground or target-3 cells
safe_zero_padded_translation,arc-gen,232,"dr=0,dc=2",0,0,0,0,0,translation would clip foreground or target-3 cells
safe_zero_padded_translation,arc-gen,233,"dr=-1,dc=0",0,0,0,0,0,translation would clip foreground or target-3 cells
safe_zero_padded_translation,arc-gen,233,"dr=1,dc=0",0,0,0,0,0,translation would clip foreground or target-3 cells
safe_zero_padded_translation,arc-gen,233,"dr=0,dc=-1",0,0,0,0,0,translation would clip foreground or target-3 cells
safe_zero_padded_translation,arc-gen,233,"dr=0,dc=1",0,0,0,0,0,translation would clip foreground or target-3 cells
safe_zero_padded_translation,arc-gen,233,"dr=-2,dc=0",0,0,0,0,0,translation would clip foreground or target-3 cells
safe_zero_padded_translation,arc-gen,233,"dr=2,dc=0",0,0,0,0,0,translation would clip foreground or target-3 cells
safe_zero_padded_translation,arc-gen,233,"dr=0,dc=-2",0,0,0,0,0,translation would clip foreground or target-3 cells
safe_zero_padded_translation,arc-gen,233,"dr=0,dc=2",0,0,0,0,0,translation would clip foreground or target-3 cells
safe_zero_padded_translation,arc-gen,234,"dr=-1,dc=0",0,0,0,0,0,translation would clip foreground or target-3 cells
safe_zero_padded_translation,arc-gen,234,"dr=1,dc=0",0,0,0,0,0,translation would clip foreground or target-3 cells
safe_zero_padded_translation,arc-gen,234,"dr=0,dc=-1",0,0,0,0,0,translation would clip foreground or target-3 cells
safe_zero_padded_translation,arc-gen,234,"dr=0,dc=1",0,0,0,0,0,translation would clip foreground or target-3 cells
safe_zero_padded_translation,arc-gen,234,"dr=-2,dc=0",0,0,0,0,0,translation would clip foreground or target-3 cells
safe_zero_padded_translation,arc-gen,234,"dr=2,dc=0",0,0,0,0,0,translation would clip foreground or target-3 cells
safe_zero_padded_translation,arc-gen,234,"dr=0,dc=-2",0,0,0,0,0,translation would clip foreground or target-3 cells
safe_zero_padded_translation,arc-gen,234,"dr=0,dc=2",0,0,0,0,0,translation would clip foreground or target-3 cells
safe_zero_padded_translation,arc-gen,235,"dr=-1,dc=0",0,0,0,0,0,translation would clip foreground or target-3 cells
safe_zero_padded_translation,arc-gen,235,"dr=1,dc=0",0,0,0,0,0,translation would clip foreground or target-3 cells
safe_zero_padded_translation,arc-gen,235,"dr=0,dc=-1",0,0,0,0,0,translation would clip foreground or target-3 cells
safe_zero_padded_translation,arc-gen,235,"dr=0,dc=1",0,0,0,0,0,translation would clip foreground or target-3 cells
safe_zero_padded_translation,arc-gen,235,"dr=-2,dc=0",0,0,0,0,0,translation would clip foreground or target-3 cells
safe_zero_padded_translation,arc-gen,235,"dr=2,dc=0",0,0,0,0,0,translation would clip foreground or target-3 cells
safe_zero_padded_translation,arc-gen,235,"dr=0,dc=-2",0,0,0,0,0,translation would clip foreground or target-3 cells
safe_zero_padded_translation,arc-gen,235,"dr=0,dc=2",0,0,0,0,0,translation would clip foreground or target-3 cells
safe_zero_padded_translation,arc-gen,236,"dr=-1,dc=0",0,0,0,0,0,translation would clip foreground or target-3 cells
safe_zero_padded_translation,arc-gen,236,"dr=1,dc=0",0,0,0,0,0,translation would clip foreground or target-3 cells
safe_zero_padded_translation,arc-gen,236,"dr=0,dc=-1",0,0,0,0,0,translation would clip foreground or target-3 cells
safe_zero_padded_translation,arc-gen,236,"dr=0,dc=1",0,0,0,0,0,translation would clip foreground or target-3 cells
safe_zero_padded_translation,arc-gen,236,"dr=-2,dc=0",0,0,0,0,0,translation would clip foreground or target-3 cells
safe_zero_padded_translation,arc-gen,236,"dr=2,dc=0",0,0,0,0,0,translation would clip foreground or target-3 cells
safe_zero_padded_translation,arc-gen,236,"dr=0,dc=-2",0,0,0,0,0,translation would clip foreground or target-3 cells
safe_zero_padded_translation,arc-gen,236,"dr=0,dc=2",0,0,0,0,0,translation would clip foreground or target-3 cells
safe_zero_padded_translation,arc-gen,237,"dr=-1,dc=0",0,0,0,0,0,translation would clip foreground or target-3 cells
safe_zero_padded_translation,arc-gen,237,"dr=1,dc=0",0,0,0,0,0,translation would clip foreground or target-3 cells
safe_zero_padded_translation,arc-gen,237,"dr=0,dc=-1",0,0,0,0,0,translation would clip foreground or target-3 cells
safe_zero_padded_translation,arc-gen,237,"dr=0,dc=1",0,0,0,0,0,translation would clip foreground or target-3 cells
safe_zero_padded_translation,arc-gen,237,"dr=-2,dc=0",0,0,0,0,0,translation would clip foreground or target-3 cells
safe_zero_padded_translation,arc-gen,237,"dr=2,dc=0",0,0,0,0,0,translation would clip foreground or target-3 cells
safe_zero_padded_translation,arc-gen,237,"dr=0,dc=-2",0,0,0,0,0,translation would clip foreground or target-3 cells
safe_zero_padded_translation,arc-gen,237,"dr=0,dc=2",0,0,0,0,0,translation would clip foreground or target-3 cells
safe_zero_padded_translation,arc-gen,238,"dr=-1,dc=0",0,0,0,0,0,translation would clip foreground or target-3 cells
safe_zero_padded_translation,arc-gen,238,"dr=1,dc=0",0,0,0,0,0,translation would clip foreground or target-3 cells
safe_zero_padded_translation,arc-gen,238,"dr=0,dc=-1",0,0,0,0,0,translation would clip foreground or target-3 cells
safe_zero_padded_translation,arc-gen,238,"dr=0,dc=1",0,0,0,0,0,translation would clip foreground or target-3 cells
safe_zero_padded_translation,arc-gen,238,"dr=-2,dc=0",0,0,0,0,0,translation would clip foreground or target-3 cells
safe_zero_padded_translation,arc-gen,238,"dr=2,dc=0",0,0,0,0,0,translation would clip foreground or target-3 cells
safe_zero_padded_translation,arc-gen,238,"dr=0,dc=-2",0,0,0,0,0,translation would clip foreground or target-3 cells
safe_zero_padded_translation,arc-gen,238,"dr=0,dc=2",0,0,0,0,0,translation would clip foreground or target-3 cells
safe_zero_padded_translation,arc-gen,239,"dr=-1,dc=0",0,0,0,0,0,translation would clip foreground or target-3 cells
safe_zero_padded_translation,arc-gen,239,"dr=1,dc=0",0,0,0,0,0,translation would clip foreground or target-3 cells
safe_zero_padded_translation,arc-gen,239,"dr=0,dc=-1",0,0,0,0,0,translation would clip foreground or target-3 cells
safe_zero_padded_translation,arc-gen,239,"dr=0,dc=1",0,0,0,0,0,translation would clip foreground or target-3 cells
safe_zero_padded_translation,arc-gen,239,"dr=-2,dc=0",0,0,0,0,0,translation would clip foreground or target-3 cells
safe_zero_padded_translation,arc-gen,239,"dr=2,dc=0",0,0,0,0,0,translation would clip foreground or target-3 cells
safe_zero_padded_translation,arc-gen,239,"dr=0,dc=-2",0,0,0,0,0,translation would clip foreground or target-3 cells
safe_zero_padded_translation,arc-gen,239,"dr=0,dc=2",0,0,0,0,0,translation would clip foreground or target-3 cells
safe_zero_padded_translation,arc-gen,240,"dr=-1,dc=0",0,0,0,0,0,translation would clip foreground or target-3 cells
safe_zero_padded_translation,arc-gen,240,"dr=1,dc=0",0,0,0,0,0,translation would clip foreground or target-3 cells
safe_zero_padded_translation,arc-gen,240,"dr=0,dc=-1",0,0,0,0,0,translation would clip foreground or target-3 cells
safe_zero_padded_translation,arc-gen,240,"dr=0,dc=1",0,0,0,0,0,translation would clip foreground or target-3 cells
safe_zero_padded_translation,arc-gen,240,"dr=-2,dc=0",0,0,0,0,0,translation would clip foreground or target-3 cells
safe_zero_padded_translation,arc-gen,240,"dr=2,dc=0",0,0,0,0,0,translation would clip foreground or target-3 cells
safe_zero_padded_translation,arc-gen,240,"dr=0,dc=-2",0,0,0,0,0,translation would clip foreground or target-3 cells
safe_zero_padded_translation,arc-gen,240,"dr=0,dc=2",0,0,0,0,0,translation would clip foreground or target-3 cells
safe_zero_padded_translation,arc-gen,241,"dr=-1,dc=0",0,0,0,0,0,translation would clip foreground or target-3 cells
safe_zero_padded_translation,arc-gen,241,"dr=1,dc=0",0,0,0,0,0,translation would clip foreground or target-3 cells
safe_zero_padded_translation,arc-gen,241,"dr=0,dc=-1",0,0,0,0,0,translation would clip foreground or target-3 cells
safe_zero_padded_translation,arc-gen,241,"dr=0,dc=1",0,0,0,0,0,translation would clip foreground or target-3 cells
safe_zero_padded_translation,arc-gen,241,"dr=-2,dc=0",0,0,0,0,0,translation would clip foreground or target-3 cells
safe_zero_padded_translation,arc-gen,241,"dr=2,dc=0",0,0,0,0,0,translation would clip foreground or target-3 cells
safe_zero_padded_translation,arc-gen,241,"dr=0,dc=-2",0,0,0,0,0,translation would clip foreground or target-3 cells
safe_zero_padded_translation,arc-gen,241,"dr=0,dc=2",0,0,0,0,0,translation would clip foreground or target-3 cells
safe_zero_padded_translation,arc-gen,242,"dr=-1,dc=0",0,0,0,0,0,translation would clip foreground or target-3 cells
safe_zero_padded_translation,arc-gen,242,"dr=1,dc=0",0,0,0,0,0,translation would clip foreground or target-3 cells
safe_zero_padded_translation,arc-gen,242,"dr=0,dc=-1",0,0,0,0,0,translation would clip foreground or target-3 cells
safe_zero_padded_translation,arc-gen,242,"dr=0,dc=1",0,0,0,0,0,translation would clip foreground or target-3 cells
safe_zero_padded_translation,arc-gen,242,"dr=-2,dc=0",0,0,0,0,0,translation would clip foreground or target-3 cells
safe_zero_padded_translation,arc-gen,242,"dr=2,dc=0",0,0,0,0,0,translation would clip foreground or target-3 cells
safe_zero_padded_translation,arc-gen,242,"dr=0,dc=-2",0,0,0,0,0,translation would clip foreground or target-3 cells
safe_zero_padded_translation,arc-gen,242,"dr=0,dc=2",0,0,0,0,0,translation would clip foreground or target-3 cells
safe_zero_padded_translation,arc-gen,243,"dr=-1,dc=0",0,0,0,0,0,translation would clip foreground or target-3 cells
safe_zero_padded_translation,arc-gen,243,"dr=1,dc=0",0,0,0,0,0,translation would clip foreground or target-3 cells
safe_zero_padded_translation,arc-gen,243,"dr=0,dc=-1",0,0,0,0,0,translation would clip foreground or target-3 cells
safe_zero_padded_translation,arc-gen,243,"dr=0,dc=1",0,0,0,0,0,translation would clip foreground or target-3 cells
safe_zero_padded_translation,arc-gen,243,"dr=-2,dc=0",0,0,0,0,0,translation would clip foreground or target-3 cells
safe_zero_padded_translation,arc-gen,243,"dr=2,dc=0",0,0,0,0,0,translation would clip foreground or target-3 cells
safe_zero_padded_translation,arc-gen,243,"dr=0,dc=-2",0,0,0,0,0,translation would clip foreground or target-3 cells
safe_zero_padded_translation,arc-gen,243,"dr=0,dc=2",0,0,0,0,0,translation would clip foreground or target-3 cells
safe_zero_padded_translation,arc-gen,244,"dr=-1,dc=0",0,0,0,0,0,translation would clip foreground or target-3 cells
safe_zero_padded_translation,arc-gen,244,"dr=1,dc=0",0,0,0,0,0,translation would clip foreground or target-3 cells
safe_zero_padded_translation,arc-gen,244,"dr=0,dc=-1",0,0,0,0,0,translation would clip foreground or target-3 cells
safe_zero_padded_translation,arc-gen,244,"dr=0,dc=1",0,0,0,0,0,translation would clip foreground or target-3 cells
safe_zero_padded_translation,arc-gen,244,"dr=-2,dc=0",0,0,0,0,0,translation would clip foreground or target-3 cells
safe_zero_padded_translation,arc-gen,244,"dr=2,dc=0",0,0,0,0,0,translation would clip foreground or target-3 cells
safe_zero_padded_translation,arc-gen,244,"dr=0,dc=-2",0,0,0,0,0,translation would clip foreground or target-3 cells
safe_zero_padded_translation,arc-gen,244,"dr=0,dc=2",0,0,0,0,0,translation would clip foreground or target-3 cells
safe_zero_padded_translation,arc-gen,245,"dr=-1,dc=0",0,0,0,0,0,translation would clip foreground or target-3 cells
safe_zero_padded_translation,arc-gen,245,"dr=1,dc=0",0,0,0,0,0,translation would clip foreground or target-3 cells
safe_zero_padded_translation,arc-gen,245,"dr=0,dc=-1",0,0,0,0,0,translation would clip foreground or target-3 cells
safe_zero_padded_translation,arc-gen,245,"dr=0,dc=1",0,0,0,0,0,translation would clip foreground or target-3 cells
safe_zero_padded_translation,arc-gen,245,"dr=-2,dc=0",0,0,0,0,0,translation would clip foreground or target-3 cells
safe_zero_padded_translation,arc-gen,245,"dr=2,dc=0",0,0,0,0,0,translation would clip foreground or target-3 cells
safe_zero_padded_translation,arc-gen,245,"dr=0,dc=-2",0,0,0,0,0,translation would clip foreground or target-3 cells
safe_zero_padded_translation,arc-gen,245,"dr=0,dc=2",0,0,0,0,0,translation would clip foreground or target-3 cells
safe_zero_padded_translation,arc-gen,246,"dr=-1,dc=0",0,0,0,0,0,translation would clip foreground or target-3 cells
safe_zero_padded_translation,arc-gen,246,"dr=1,dc=0",0,0,0,0,0,translation would clip foreground or target-3 cells
safe_zero_padded_translation,arc-gen,246,"dr=0,dc=-1",0,0,0,0,0,translation would clip foreground or target-3 cells
safe_zero_padded_translation,arc-gen,246,"dr=0,dc=1",0,0,0,0,0,translation would clip foreground or target-3 cells
safe_zero_padded_translation,arc-gen,246,"dr=-2,dc=0",0,0,0,0,0,translation would clip foreground or target-3 cells
safe_zero_padded_translation,arc-gen,246,"dr=2,dc=0",0,0,0,0,0,translation would clip foreground or target-3 cells
safe_zero_padded_translation,arc-gen,246,"dr=0,dc=-2",0,0,0,0,0,translation would clip foreground or target-3 cells
safe_zero_padded_translation,arc-gen,246,"dr=0,dc=2",0,0,0,0,0,translation would clip foreground or target-3 cells
safe_zero_padded_translation,arc-gen,247,"dr=-1,dc=0",0,0,0,0,0,translation would clip foreground or target-3 cells
safe_zero_padded_translation,arc-gen,247,"dr=1,dc=0",0,0,0,0,0,translation would clip foreground or target-3 cells
safe_zero_padded_translation,arc-gen,247,"dr=0,dc=-1",0,0,0,0,0,translation would clip foreground or target-3 cells
safe_zero_padded_translation,arc-gen,247,"dr=0,dc=1",0,0,0,0,0,translation would clip foreground or target-3 cells
safe_zero_padded_translation,arc-gen,247,"dr=-2,dc=0",0,0,0,0,0,translation would clip foreground or target-3 cells
safe_zero_padded_translation,arc-gen,247,"dr=2,dc=0",0,0,0,0,0,translation would clip foreground or target-3 cells
safe_zero_padded_translation,arc-gen,247,"dr=0,dc=-2",0,0,0,0,0,translation would clip foreground or target-3 cells
safe_zero_padded_translation,arc-gen,247,"dr=0,dc=2",0,0,0,0,0,translation would clip foreground or target-3 cells
safe_zero_padded_translation,arc-gen,248,"dr=-1,dc=0",0,0,0,0,0,translation would clip foreground or target-3 cells
safe_zero_padded_translation,arc-gen,248,"dr=1,dc=0",0,0,0,0,0,translation would clip foreground or target-3 cells
safe_zero_padded_translation,arc-gen,248,"dr=0,dc=-1",0,0,0,0,0,translation would clip foreground or target-3 cells
safe_zero_padded_translation,arc-gen,248,"dr=0,dc=1",0,0,0,0,0,translation would clip foreground or target-3 cells
safe_zero_padded_translation,arc-gen,248,"dr=-2,dc=0",0,0,0,0,0,translation would clip foreground or target-3 cells
safe_zero_padded_translation,arc-gen,248,"dr=2,dc=0",0,0,0,0,0,translation would clip foreground or target-3 cells
safe_zero_padded_translation,arc-gen,248,"dr=0,dc=-2",0,0,0,0,0,translation would clip foreground or target-3 cells
safe_zero_padded_translation,arc-gen,248,"dr=0,dc=2",0,0,0,0,0,translation would clip foreground or target-3 cells
safe_zero_padded_translation,arc-gen,249,"dr=-1,dc=0",0,0,0,0,0,translation would clip foreground or target-3 cells
safe_zero_padded_translation,arc-gen,249,"dr=1,dc=0",0,0,0,0,0,translation would clip foreground or target-3 cells
safe_zero_padded_translation,arc-gen,249,"dr=0,dc=-1",0,0,0,0,0,translation would clip foreground or target-3 cells
safe_zero_padded_translation,arc-gen,249,"dr=0,dc=1",0,0,0,0,0,translation would clip foreground or target-3 cells
safe_zero_padded_translation,arc-gen,249,"dr=-2,dc=0",0,0,0,0,0,translation would clip foreground or target-3 cells
safe_zero_padded_translation,arc-gen,249,"dr=2,dc=0",0,0,0,0,0,translation would clip foreground or target-3 cells
safe_zero_padded_translation,arc-gen,249,"dr=0,dc=-2",0,0,0,0,0,translation would clip foreground or target-3 cells
safe_zero_padded_translation,arc-gen,249,"dr=0,dc=2",0,0,0,0,0,translation would clip foreground or target-3 cells
safe_zero_padded_translation,arc-gen,250,"dr=-1,dc=0",0,0,0,0,0,translation would clip foreground or target-3 cells
safe_zero_padded_translation,arc-gen,250,"dr=1,dc=0",0,0,0,0,0,translation would clip foreground or target-3 cells
safe_zero_padded_translation,arc-gen,250,"dr=0,dc=-1",0,0,0,0,0,translation would clip foreground or target-3 cells
safe_zero_padded_translation,arc-gen,250,"dr=0,dc=1",0,0,0,0,0,translation would clip foreground or target-3 cells
safe_zero_padded_translation,arc-gen,250,"dr=-2,dc=0",0,0,0,0,0,translation would clip foreground or target-3 cells
safe_zero_padded_translation,arc-gen,250,"dr=2,dc=0",0,0,0,0,0,translation would clip foreground or target-3 cells
safe_zero_padded_translation,arc-gen,250,"dr=0,dc=-2",0,0,0,0,0,translation would clip foreground or target-3 cells
safe_zero_padded_translation,arc-gen,250,"dr=0,dc=2",0,0,0,0,0,translation would clip foreground or target-3 cells
safe_zero_padded_translation,arc-gen,251,"dr=-1,dc=0",0,0,0,0,0,translation would clip foreground or target-3 cells
safe_zero_padded_translation,arc-gen,251,"dr=1,dc=0",0,0,0,0,0,translation would clip foreground or target-3 cells
safe_zero_padded_translation,arc-gen,251,"dr=0,dc=-1",0,0,0,0,0,translation would clip foreground or target-3 cells
safe_zero_padded_translation,arc-gen,251,"dr=0,dc=1",0,0,0,0,0,translation would clip foreground or target-3 cells
safe_zero_padded_translation,arc-gen,251,"dr=-2,dc=0",0,0,0,0,0,translation would clip foreground or target-3 cells
safe_zero_padded_translation,arc-gen,251,"dr=2,dc=0",0,0,0,0,0,translation would clip foreground or target-3 cells
safe_zero_padded_translation,arc-gen,251,"dr=0,dc=-2",0,0,0,0,0,translation would clip foreground or target-3 cells
safe_zero_padded_translation,arc-gen,251,"dr=0,dc=2",0,0,0,0,0,translation would clip foreground or target-3 cells
safe_zero_padded_translation,arc-gen,252,"dr=-1,dc=0",0,0,0,0,0,translation would clip foreground or target-3 cells
safe_zero_padded_translation,arc-gen,252,"dr=1,dc=0",0,0,0,0,0,translation would clip foreground or target-3 cells
safe_zero_padded_translation,arc-gen,252,"dr=0,dc=-1",0,0,0,0,0,translation would clip foreground or target-3 cells
safe_zero_padded_translation,arc-gen,252,"dr=0,dc=1",0,0,0,0,0,translation would clip foreground or target-3 cells
safe_zero_padded_translation,arc-gen,252,"dr=-2,dc=0",0,0,0,0,0,translation would clip foreground or target-3 cells
safe_zero_padded_translation,arc-gen,252,"dr=2,dc=0",0,0,0,0,0,translation would clip foreground or target-3 cells
safe_zero_padded_translation,arc-gen,252,"dr=0,dc=-2",0,0,0,0,0,translation would clip foreground or target-3 cells
safe_zero_padded_translation,arc-gen,252,"dr=0,dc=2",0,0,0,0,0,translation would clip foreground or target-3 cells
safe_zero_padded_translation,arc-gen,253,"dr=-1,dc=0",0,0,0,0,0,translation would clip foreground or target-3 cells
safe_zero_padded_translation,arc-gen,253,"dr=1,dc=0",0,0,0,0,0,translation would clip foreground or target-3 cells
safe_zero_padded_translation,arc-gen,253,"dr=0,dc=-1",0,0,0,0,0,translation would clip foreground or target-3 cells
safe_zero_padded_translation,arc-gen,253,"dr=0,dc=1",0,0,0,0,0,translation would clip foreground or target-3 cells
safe_zero_padded_translation,arc-gen,253,"dr=-2,dc=0",0,0,0,0,0,translation would clip foreground or target-3 cells
safe_zero_padded_translation,arc-gen,253,"dr=2,dc=0",0,0,0,0,0,translation would clip foreground or target-3 cells
safe_zero_padded_translation,arc-gen,253,"dr=0,dc=-2",0,0,0,0,0,translation would clip foreground or target-3 cells
safe_zero_padded_translation,arc-gen,253,"dr=0,dc=2",0,0,0,0,0,translation would clip foreground or target-3 cells
safe_zero_padded_translation,arc-gen,254,"dr=-1,dc=0",0,0,0,0,0,translation would clip foreground or target-3 cells
safe_zero_padded_translation,arc-gen,254,"dr=1,dc=0",0,0,0,0,0,translation would clip foreground or target-3 cells
safe_zero_padded_translation,arc-gen,254,"dr=0,dc=-1",0,0,0,0,0,translation would clip foreground or target-3 cells
safe_zero_padded_translation,arc-gen,254,"dr=0,dc=1",0,0,0,0,0,translation would clip foreground or target-3 cells
safe_zero_padded_translation,arc-gen,254,"dr=-2,dc=0",0,0,0,0,0,translation would clip foreground or target-3 cells
safe_zero_padded_translation,arc-gen,254,"dr=2,dc=0",0,0,0,0,0,translation would clip foreground or target-3 cells
safe_zero_padded_translation,arc-gen,254,"dr=0,dc=-2",0,0,0,0,0,translation would clip foreground or target-3 cells
safe_zero_padded_translation,arc-gen,254,"dr=0,dc=2",0,0,0,0,0,translation would clip foreground or target-3 cells
safe_zero_padded_translation,arc-gen,255,"dr=-1,dc=0",0,0,0,0,0,translation would clip foreground or target-3 cells
safe_zero_padded_translation,arc-gen,255,"dr=1,dc=0",0,0,0,0,0,translation would clip foreground or target-3 cells
safe_zero_padded_translation,arc-gen,255,"dr=0,dc=-1",0,0,0,0,0,translation would clip foreground or target-3 cells
safe_zero_padded_translation,arc-gen,255,"dr=0,dc=1",0,0,0,0,0,translation would clip foreground or target-3 cells
safe_zero_padded_translation,arc-gen,255,"dr=-2,dc=0",0,0,0,0,0,translation would clip foreground or target-3 cells
safe_zero_padded_translation,arc-gen,255,"dr=2,dc=0",0,0,0,0,0,translation would clip foreground or target-3 cells
safe_zero_padded_translation,arc-gen,255,"dr=0,dc=-2",0,0,0,0,0,translation would clip foreground or target-3 cells
safe_zero_padded_translation,arc-gen,255,"dr=0,dc=2",0,0,0,0,0,translation would clip foreground or target-3 cells
safe_zero_padded_translation,arc-gen,256,"dr=-1,dc=0",0,0,0,0,0,translation would clip foreground or target-3 cells
safe_zero_padded_translation,arc-gen,256,"dr=1,dc=0",0,0,0,0,0,translation would clip foreground or target-3 cells
safe_zero_padded_translation,arc-gen,256,"dr=0,dc=-1",0,0,0,0,0,translation would clip foreground or target-3 cells
safe_zero_padded_translation,arc-gen,256,"dr=0,dc=1",0,0,0,0,0,translation would clip foreground or target-3 cells
safe_zero_padded_translation,arc-gen,256,"dr=-2,dc=0",0,0,0,0,0,translation would clip foreground or target-3 cells
safe_zero_padded_translation,arc-gen,256,"dr=2,dc=0",0,0,0,0,0,translation would clip foreground or target-3 cells
safe_zero_padded_translation,arc-gen,256,"dr=0,dc=-2",0,0,0,0,0,translation would clip foreground or target-3 cells
safe_zero_padded_translation,arc-gen,256,"dr=0,dc=2",0,0,0,0,0,translation would clip foreground or target-3 cells
safe_zero_padded_translation,arc-gen,257,"dr=-1,dc=0",0,0,0,0,0,translation would clip foreground or target-3 cells
safe_zero_padded_translation,arc-gen,257,"dr=1,dc=0",0,0,0,0,0,translation would clip foreground or target-3 cells
safe_zero_padded_translation,arc-gen,257,"dr=0,dc=-1",0,0,0,0,0,translation would clip foreground or target-3 cells
safe_zero_padded_translation,arc-gen,257,"dr=0,dc=1",0,0,0,0,0,translation would clip foreground or target-3 cells
safe_zero_padded_translation,arc-gen,257,"dr=-2,dc=0",0,0,0,0,0,translation would clip foreground or target-3 cells
safe_zero_padded_translation,arc-gen,257,"dr=2,dc=0",0,0,0,0,0,translation would clip foreground or target-3 cells
safe_zero_padded_translation,arc-gen,257,"dr=0,dc=-2",0,0,0,0,0,translation would clip foreground or target-3 cells
safe_zero_padded_translation,arc-gen,257,"dr=0,dc=2",0,0,0,0,0,translation would clip foreground or target-3 cells
safe_zero_padded_translation,arc-gen,258,"dr=-1,dc=0",0,0,0,0,0,translation would clip foreground or target-3 cells
safe_zero_padded_translation,arc-gen,258,"dr=1,dc=0",0,0,0,0,0,translation would clip foreground or target-3 cells
safe_zero_padded_translation,arc-gen,258,"dr=0,dc=-1",0,0,0,0,0,translation would clip foreground or target-3 cells
safe_zero_padded_translation,arc-gen,258,"dr=0,dc=1",0,0,0,0,0,translation would clip foreground or target-3 cells
safe_zero_padded_translation,arc-gen,258,"dr=-2,dc=0",0,0,0,0,0,translation would clip foreground or target-3 cells
safe_zero_padded_translation,arc-gen,258,"dr=2,dc=0",0,0,0,0,0,translation would clip foreground or target-3 cells
safe_zero_padded_translation,arc-gen,258,"dr=0,dc=-2",0,0,0,0,0,translation would clip foreground or target-3 cells
safe_zero_padded_translation,arc-gen,258,"dr=0,dc=2",0,0,0,0,0,translation would clip foreground or target-3 cells
safe_zero_padded_translation,arc-gen,259,"dr=-1,dc=0",0,0,0,0,0,translation would clip foreground or target-3 cells
safe_zero_padded_translation,arc-gen,259,"dr=1,dc=0",0,0,0,0,0,translation would clip foreground or target-3 cells
safe_zero_padded_translation,arc-gen,259,"dr=0,dc=-1",0,0,0,0,0,translation would clip foreground or target-3 cells
safe_zero_padded_translation,arc-gen,259,"dr=0,dc=1",0,0,0,0,0,translation would clip foreground or target-3 cells
safe_zero_padded_translation,arc-gen,259,"dr=-2,dc=0",0,0,0,0,0,translation would clip foreground or target-3 cells
safe_zero_padded_translation,arc-gen,259,"dr=2,dc=0",0,0,0,0,0,translation would clip foreground or target-3 cells
safe_zero_padded_translation,arc-gen,259,"dr=0,dc=-2",0,0,0,0,0,translation would clip foreground or target-3 cells
safe_zero_padded_translation,arc-gen,259,"dr=0,dc=2",0,0,0,0,0,translation would clip foreground or target-3 cells
safe_zero_padded_translation,arc-gen,260,"dr=-1,dc=0",0,0,0,0,0,translation would clip foreground or target-3 cells
safe_zero_padded_translation,arc-gen,260,"dr=1,dc=0",0,0,0,0,0,translation would clip foreground or target-3 cells
safe_zero_padded_translation,arc-gen,260,"dr=0,dc=-1",0,0,0,0,0,translation would clip foreground or target-3 cells
safe_zero_padded_translation,arc-gen,260,"dr=0,dc=1",0,0,0,0,0,translation would clip foreground or target-3 cells
safe_zero_padded_translation,arc-gen,260,"dr=-2,dc=0",0,0,0,0,0,translation would clip foreground or target-3 cells
safe_zero_padded_translation,arc-gen,260,"dr=2,dc=0",0,0,0,0,0,translation would clip foreground or target-3 cells
safe_zero_padded_translation,arc-gen,260,"dr=0,dc=-2",0,0,0,0,0,translation would clip foreground or target-3 cells
safe_zero_padded_translation,arc-gen,260,"dr=0,dc=2",0,0,0,0,0,translation would clip foreground or target-3 cells
clipped_zero_padded_translation,train,0,"dr=-1,dc=0",1,0,7,7,0,"input and expected output shifted together, cells outside 30x30 clipped"
clipped_zero_padded_translation,train,0,"dr=1,dc=0",1,1,0,0,0,"input and expected output shifted together, cells outside 30x30 clipped"
clipped_zero_padded_translation,train,0,"dr=0,dc=-1",1,0,2,2,0,"input and expected output shifted together, cells outside 30x30 clipped"
clipped_zero_padded_translation,train,0,"dr=0,dc=1",1,0,2,2,0,"input and expected output shifted together, cells outside 30x30 clipped"
clipped_zero_padded_translation,train,0,"dr=-2,dc=0",1,0,37,37,0,"input and expected output shifted together, cells outside 30x30 clipped"
clipped_zero_padded_translation,train,0,"dr=2,dc=0",1,0,30,30,0,"input and expected output shifted together, cells outside 30x30 clipped"
clipped_zero_padded_translation,train,0,"dr=0,dc=-2",1,0,32,32,0,"input and expected output shifted together, cells outside 30x30 clipped"
clipped_zero_padded_translation,train,0,"dr=0,dc=2",1,0,32,32,0,"input and expected output shifted together, cells outside 30x30 clipped"
clipped_zero_padded_translation,train,1,"dr=-1,dc=0",1,0,7,7,0,"input and expected output shifted together, cells outside 30x30 clipped"
clipped_zero_padded_translation,train,1,"dr=1,dc=0",1,0,7,7,0,"input and expected output shifted together, cells outside 30x30 clipped"
clipped_zero_padded_translation,train,1,"dr=0,dc=-1",1,0,3,3,0,"input and expected output shifted together, cells outside 30x30 clipped"
clipped_zero_padded_translation,train,1,"dr=0,dc=1",1,1,0,0,0,"input and expected output shifted together, cells outside 30x30 clipped"
clipped_zero_padded_translation,train,1,"dr=-2,dc=0",1,0,37,37,0,"input and expected output shifted together, cells outside 30x30 clipped"
clipped_zero_padded_translation,train,1,"dr=2,dc=0",1,0,37,37,0,"input and expected output shifted together, cells outside 30x30 clipped"
clipped_zero_padded_translation,train,1,"dr=0,dc=-2",1,0,33,33,0,"input and expected output shifted together, cells outside 30x30 clipped"
clipped_zero_padded_translation,train,1,"dr=0,dc=2",1,0,30,30,0,"input and expected output shifted together, cells outside 30x30 clipped"
clipped_zero_padded_translation,train,2,"dr=-1,dc=0",1,0,8,8,0,"input and expected output shifted together, cells outside 30x30 clipped"
clipped_zero_padded_translation,train,2,"dr=1,dc=0",1,0,8,8,0,"input and expected output shifted together, cells outside 30x30 clipped"
clipped_zero_padded_translation,train,2,"dr=0,dc=-1",1,1,0,0,0,"input and expected output shifted together, cells outside 30x30 clipped"
clipped_zero_padded_translation,train,2,"dr=0,dc=1",1,0,14,14,0,"input and expected output shifted together, cells outside 30x30 clipped"
clipped_zero_padded_translation,train,2,"dr=-2,dc=0",1,0,38,38,0,"input and expected output shifted together, cells outside 30x30 clipped"
clipped_zero_padded_translation,train,2,"dr=2,dc=0",1,0,38,38,0,"input and expected output shifted together, cells outside 30x30 clipped"
clipped_zero_padded_translation,train,2,"dr=0,dc=-2",1,0,30,30,0,"input and expected output shifted together, cells outside 30x30 clipped"
clipped_zero_padded_translation,train,2,"dr=0,dc=2",1,0,28,28,0,"input and expected output shifted together, cells outside 30x30 clipped"
clipped_zero_padded_translation,test,0,"dr=-1,dc=0",1,0,2,2,0,"input and expected output shifted together, cells outside 30x30 clipped"
clipped_zero_padded_translation,test,0,"dr=1,dc=0",1,0,3,3,0,"input and expected output shifted together, cells outside 30x30 clipped"
clipped_zero_padded_translation,test,0,"dr=0,dc=-1",1,0,5,5,0,"input and expected output shifted together, cells outside 30x30 clipped"
clipped_zero_padded_translation,test,0,"dr=0,dc=1",1,0,5,5,0,"input and expected output shifted together, cells outside 30x30 clipped"
clipped_zero_padded_translation,test,0,"dr=-2,dc=0",1,0,32,32,0,"input and expected output shifted together, cells outside 30x30 clipped"
clipped_zero_padded_translation,test,0,"dr=2,dc=0",1,0,33,33,0,"input and expected output shifted together, cells outside 30x30 clipped"
clipped_zero_padded_translation,test,0,"dr=0,dc=-2",1,0,35,35,0,"input and expected output shifted together, cells outside 30x30 clipped"
clipped_zero_padded_translation,test,0,"dr=0,dc=2",1,0,35,35,0,"input and expected output shifted together, cells outside 30x30 clipped"
clipped_zero_padded_translation,arc-gen,0,"dr=-1,dc=0",1,0,10,10,0,"input and expected output shifted together, cells outside 30x30 clipped"
clipped_zero_padded_translation,arc-gen,0,"dr=1,dc=0",1,0,10,10,0,"input and expected output shifted together, cells outside 30x30 clipped"
clipped_zero_padded_translation,arc-gen,0,"dr=0,dc=-1",1,1,0,0,0,"input and expected output shifted together, cells outside 30x30 clipped"
clipped_zero_padded_translation,arc-gen,0,"dr=0,dc=1",1,0,14,14,0,"input and expected output shifted together, cells outside 30x30 clipped"
clipped_zero_padded_translation,arc-gen,0,"dr=-2,dc=0",1,0,40,40,0,"input and expected output shifted together, cells outside 30x30 clipped"
clipped_zero_padded_translation,arc-gen,0,"dr=2,dc=0",1,0,40,40,0,"input and expected output shifted together, cells outside 30x30 clipped"
clipped_zero_padded_translation,arc-gen,0,"dr=0,dc=-2",1,0,30,30,0,"input and expected output shifted together, cells outside 30x30 clipped"
clipped_zero_padded_translation,arc-gen,0,"dr=0,dc=2",1,0,28,28,0,"input and expected output shifted together, cells outside 30x30 clipped"
clipped_zero_padded_translation,arc-gen,1,"dr=-1,dc=0",1,0,8,8,0,"input and expected output shifted together, cells outside 30x30 clipped"
clipped_zero_padded_translation,arc-gen,1,"dr=1,dc=0",1,0,8,8,0,"input and expected output shifted together, cells outside 30x30 clipped"
clipped_zero_padded_translation,arc-gen,1,"dr=0,dc=-1",1,1,0,0,0,"input and expected output shifted together, cells outside 30x30 clipped"
clipped_zero_padded_translation,arc-gen,1,"dr=0,dc=1",1,1,0,0,0,"input and expected output shifted together, cells outside 30x30 clipped"
clipped_zero_padded_translation,arc-gen,1,"dr=-2,dc=0",1,0,38,38,0,"input and expected output shifted together, cells outside 30x30 clipped"
clipped_zero_padded_translation,arc-gen,1,"dr=2,dc=0",1,0,38,38,0,"input and expected output shifted together, cells outside 30x30 clipped"
clipped_zero_padded_translation,arc-gen,1,"dr=0,dc=-2",1,0,30,30,0,"input and expected output shifted together, cells outside 30x30 clipped"
clipped_zero_padded_translation,arc-gen,1,"dr=0,dc=2",1,0,30,30,0,"input and expected output shifted together, cells outside 30x30 clipped"
clipped_zero_padded_translation,arc-gen,2,"dr=-1,dc=0",1,0,7,7,0,"input and expected output shifted together, cells outside 30x30 clipped"
clipped_zero_padded_translation,arc-gen,2,"dr=1,dc=0",1,0,7,7,0,"input and expected output shifted together, cells outside 30x30 clipped"
clipped_zero_padded_translation,arc-gen,2,"dr=0,dc=-1",1,0,2,2,0,"input and expected output shifted together, cells outside 30x30 clipped"
clipped_zero_padded_translation,arc-gen,2,"dr=0,dc=1",1,1,0,0,0,"input and expected output shifted together, cells outside 30x30 clipped"
clipped_zero_padded_translation,arc-gen,2,"dr=-2,dc=0",1,0,37,37,0,"input and expected output shifted together, cells outside 30x30 clipped"
clipped_zero_padded_translation,arc-gen,2,"dr=2,dc=0",1,0,37,37,0,"input and expected output shifted together, cells outside 30x30 clipped"
clipped_zero_padded_translation,arc-gen,2,"dr=0,dc=-2",1,0,32,32,0,"input and expected output shifted together, cells outside 30x30 clipped"
clipped_zero_padded_translation,arc-gen,2,"dr=0,dc=2",1,0,30,30,0,"input and expected output shifted together, cells outside 30x30 clipped"
clipped_zero_padded_translation,arc-gen,3,"dr=-1,dc=0",1,1,0,0,0,"input and expected output shifted together, cells outside 30x30 clipped"
clipped_zero_padded_translation,arc-gen,3,"dr=1,dc=0",1,0,4,4,0,"input and expected output shifted together, cells outside 30x30 clipped"
clipped_zero_padded_translation,arc-gen,3,"dr=0,dc=-1",1,0,1,1,0,"input and expected output shifted together, cells outside 30x30 clipped"
clipped_zero_padded_translation,arc-gen,3,"dr=0,dc=1",1,1,0,0,0,"input and expected output shifted together, cells outside 30x30 clipped"
clipped_zero_padded_translation,arc-gen,3,"dr=-2,dc=0",1,0,30,30,0,"input and expected output shifted together, cells outside 30x30 clipped"
clipped_zero_padded_translation,arc-gen,3,"dr=2,dc=0",1,0,34,34,0,"input and expected output shifted together, cells outside 30x30 clipped"
clipped_zero_padded_translation,arc-gen,3,"dr=0,dc=-2",1,0,31,31,0,"input and expected output shifted together, cells outside 30x30 clipped"
clipped_zero_padded_translation,arc-gen,3,"dr=0,dc=2",1,0,30,30,0,"input and expected output shifted together, cells outside 30x30 clipped"
clipped_zero_padded_translation,arc-gen,4,"dr=-1,dc=0",1,0,7,7,0,"input and expected output shifted together, cells outside 30x30 clipped"
clipped_zero_padded_translation,arc-gen,4,"dr=1,dc=0",1,0,7,7,0,"input and expected output shifted together, cells outside 30x30 clipped"
clipped_zero_padded_translation,arc-gen,4,"dr=0,dc=-1",1,0,1,1,0,"input and expected output shifted together, cells outside 30x30 clipped"
clipped_zero_padded_translation,arc-gen,4,"dr=0,dc=1",1,1,0,0,0,"input and expected output shifted together, cells outside 30x30 clipped"
clipped_zero_padded_translation,arc-gen,4,"dr=-2,dc=0",1,0,37,37,0,"input and expected output shifted together, cells outside 30x30 clipped"
clipped_zero_padded_translation,arc-gen,4,"dr=2,dc=0",1,0,37,37,0,"input and expected output shifted together, cells outside 30x30 clipped"
clipped_zero_padded_translation,arc-gen,4,"dr=0,dc=-2",1,0,31,31,0,"input and expected output shifted together, cells outside 30x30 clipped"
clipped_zero_padded_translation,arc-gen,4,"dr=0,dc=2",1,0,30,30,0,"input and expected output shifted together, cells outside 30x30 clipped"
clipped_zero_padded_translation,arc-gen,5,"dr=-1,dc=0",1,1,0,0,0,"input and expected output shifted together, cells outside 30x30 clipped"
clipped_zero_padded_translation,arc-gen,5,"dr=1,dc=0",1,0,3,3,0,"input and expected output shifted together, cells outside 30x30 clipped"
clipped_zero_padded_translation,arc-gen,5,"dr=0,dc=-1",1,0,4,4,0,"input and expected output shifted together, cells outside 30x30 clipped"
clipped_zero_padded_translation,arc-gen,5,"dr=0,dc=1",1,0,4,4,0,"input and expected output shifted together, cells outside 30x30 clipped"
clipped_zero_padded_translation,arc-gen,5,"dr=-2,dc=0",1,0,30,30,0,"input and expected output shifted together, cells outside 30x30 clipped"
clipped_zero_padded_translation,arc-gen,5,"dr=2,dc=0",1,0,33,33,0,"input and expected output shifted together, cells outside 30x30 clipped"
clipped_zero_padded_translation,arc-gen,5,"dr=0,dc=-2",1,0,34,34,0,"input and expected output shifted together, cells outside 30x30 clipped"
clipped_zero_padded_translation,arc-gen,5,"dr=0,dc=2",1,0,34,34,0,"input and expected output shifted together, cells outside 30x30 clipped"
clipped_zero_padded_translation,arc-gen,6,"dr=-1,dc=0",1,0,4,4,0,"input and expected output shifted together, cells outside 30x30 clipped"
clipped_zero_padded_translation,arc-gen,6,"dr=1,dc=0",1,0,30,2,28,"input and expected output shifted together, cells outside 30x30 clipped"
clipped_zero_padded_translation,arc-gen,6,"dr=0,dc=-1",1,0,6,6,0,"input and expected output shifted together, cells outside 30x30 clipped"
clipped_zero_padded_translation,arc-gen,6,"dr=0,dc=1",1,0,6,6,0,"input and expected output shifted together, cells outside 30x30 clipped"
clipped_zero_padded_translation,arc-gen,6,"dr=-2,dc=0",1,0,34,34,0,"input and expected output shifted together, cells outside 30x30 clipped"
clipped_zero_padded_translation,arc-gen,6,"dr=2,dc=0",1,0,56,32,24,"input and expected output shifted together, cells outside 30x30 clipped"
clipped_zero_padded_translation,arc-gen,6,"dr=0,dc=-2",1,0,36,36,0,"input and expected output shifted together, cells outside 30x30 clipped"
clipped_zero_padded_translation,arc-gen,6,"dr=0,dc=2",1,0,36,36,0,"input and expected output shifted together, cells outside 30x30 clipped"
clipped_zero_padded_translation,arc-gen,7,"dr=-1,dc=0",1,0,9,9,0,"input and expected output shifted together, cells outside 30x30 clipped"
clipped_zero_padded_translation,arc-gen,7,"dr=1,dc=0",1,0,9,9,0,"input and expected output shifted together, cells outside 30x30 clipped"
clipped_zero_padded_translation,arc-gen,7,"dr=0,dc=-1",1,1,0,0,0,"input and expected output shifted together, cells outside 30x30 clipped"
clipped_zero_padded_translation,arc-gen,7,"dr=0,dc=1",1,1,0,0,0,"input and expected output shifted together, cells outside 30x30 clipped"
clipped_zero_padded_translation,arc-gen,7,"dr=-2,dc=0",1,0,39,39,0,"input and expected output shifted together, cells outside 30x30 clipped"
clipped_zero_padded_translation,arc-gen,7,"dr=2,dc=0",1,0,39,39,0,"input and expected output shifted together, cells outside 30x30 clipped"
clipped_zero_padded_translation,arc-gen,7,"dr=0,dc=-2",1,0,30,30,0,"input and expected output shifted together, cells outside 30x30 clipped"
clipped_zero_padded_translation,arc-gen,7,"dr=0,dc=2",1,0,30,30,0,"input and expected output shifted together, cells outside 30x30 clipped"
clipped_zero_padded_translation,arc-gen,8,"dr=-1,dc=0",1,0,1,1,0,"input and expected output shifted together, cells outside 30x30 clipped"
clipped_zero_padded_translation,arc-gen,8,"dr=1,dc=0",1,1,0,0,0,"input and expected output shifted together, cells outside 30x30 clipped"
clipped_zero_padded_translation,arc-gen,8,"dr=0,dc=-1",1,0,6,6,0,"input and expected output shifted together, cells outside 30x30 clipped"
clipped_zero_padded_translation,arc-gen,8,"dr=0,dc=1",1,0,6,6,0,"input and expected output shifted together, cells outside 30x30 clipped"
clipped_zero_padded_translation,arc-gen,8,"dr=-2,dc=0",1,0,31,31,0,"input and expected output shifted together, cells outside 30x30 clipped"
clipped_zero_padded_translation,arc-gen,8,"dr=2,dc=0",1,0,30,30,0,"input and expected output shifted together, cells outside 30x30 clipped"
clipped_zero_padded_translation,arc-gen,8,"dr=0,dc=-2",1,0,36,36,0,"input and expected output shifted together, cells outside 30x30 clipped"
clipped_zero_padded_translation,arc-gen,8,"dr=0,dc=2",1,0,36,36,0,"input and expected output shifted together, cells outside 30x30 clipped"
clipped_zero_padded_translation,arc-gen,9,"dr=-1,dc=0",1,0,30,6,24,"input and expected output shifted together, cells outside 30x30 clipped"
clipped_zero_padded_translation,arc-gen,9,"dr=1,dc=0",1,0,30,6,24,"input and expected output shifted together, cells outside 30x30 clipped"
clipped_zero_padded_translation,arc-gen,9,"dr=0,dc=-1",1,0,20,0,20,"input and expected output shifted together, cells outside 30x30 clipped"
clipped_zero_padded_translation,arc-gen,9,"dr=0,dc=1",1,0,24,0,24,"input and expected output shifted together, cells outside 30x30 clipped"
clipped_zero_padded_translation,arc-gen,9,"dr=-2,dc=0",1,0,60,36,24,"input and expected output shifted together, cells outside 30x30 clipped"
clipped_zero_padded_translation,arc-gen,9,"dr=2,dc=0",1,0,60,36,24,"input and expected output shifted together, cells outside 30x30 clipped"
clipped_zero_padded_translation,arc-gen,9,"dr=0,dc=-2",1,0,46,30,16,"input and expected output shifted together, cells outside 30x30 clipped"
clipped_zero_padded_translation,arc-gen,9,"dr=0,dc=2",1,0,34,34,0,"input and expected output shifted together, cells outside 30x30 clipped"
clipped_zero_padded_translation,arc-gen,10,"dr=-1,dc=0",1,0,7,7,0,"input and expected output shifted together, cells outside 30x30 clipped"
clipped_zero_padded_translation,arc-gen,10,"dr=1,dc=0",1,0,7,7,0,"input and expected output shifted together, cells outside 30x30 clipped"
clipped_zero_padded_translation,arc-gen,10,"dr=0,dc=-1",1,0,1,1,0,"input and expected output shifted together, cells outside 30x30 clipped"
clipped_zero_padded_translation,arc-gen,10,"dr=0,dc=1",1,1,0,0,0,"input and expected output shifted together, cells outside 30x30 clipped"
clipped_zero_padded_translation,arc-gen,10,"dr=-2,dc=0",1,0,37,37,0,"input and expected output shifted together, cells outside 30x30 clipped"
clipped_zero_padded_translation,arc-gen,10,"dr=2,dc=0",1,0,37,37,0,"input and expected output shifted together, cells outside 30x30 clipped"
clipped_zero_padded_translation,arc-gen,10,"dr=0,dc=-2",1,0,31,31,0,"input and expected output shifted together, cells outside 30x30 clipped"
clipped_zero_padded_translation,arc-gen,10,"dr=0,dc=2",1,0,30,30,0,"input and expected output shifted together, cells outside 30x30 clipped"
clipped_zero_padded_translation,arc-gen,11,"dr=-1,dc=0",1,1,0,0,0,"input and expected output shifted together, cells outside 30x30 clipped"
clipped_zero_padded_translation,arc-gen,11,"dr=1,dc=0",1,1,0,0,0,"input and expected output shifted together, cells outside 30x30 clipped"
clipped_zero_padded_translation,arc-gen,11,"dr=0,dc=-1",1,0,8,8,0,"input and expected output shifted together, cells outside 30x30 clipped"
clipped_zero_padded_translation,arc-gen,11,"dr=0,dc=1",1,0,8,8,0,"input and expected output shifted together, cells outside 30x30 clipped"
clipped_zero_padded_translation,arc-gen,11,"dr=-2,dc=0",1,0,30,30,0,"input and expected output shifted together, cells outside 30x30 clipped"
clipped_zero_padded_translation,arc-gen,11,"dr=2,dc=0",1,0,30,30,0,"input and expected output shifted together, cells outside 30x30 clipped"
clipped_zero_padded_translation,arc-gen,11,"dr=0,dc=-2",1,0,38,38,0,"input and expected output shifted together, cells outside 30x30 clipped"
clipped_zero_padded_translation,arc-gen,11,"dr=0,dc=2",1,0,38,38,0,"input and expected output shifted together, cells outside 30x30 clipped"
clipped_zero_padded_translation,arc-gen,12,"dr=-1,dc=0",1,1,0,0,0,"input and expected output shifted together, cells outside 30x30 clipped"
clipped_zero_padded_translation,arc-gen,12,"dr=1,dc=0",1,0,1,1,0,"input and expected output shifted together, cells outside 30x30 clipped"
clipped_zero_padded_translation,arc-gen,12,"dr=0,dc=-1",1,0,4,4,0,"input and expected output shifted together, cells outside 30x30 clipped"
clipped_zero_padded_translation,arc-gen,12,"dr=0,dc=1",1,0,4,4,0,"input and expected output shifted together, cells outside 30x30 clipped"
clipped_zero_padded_translation,arc-gen,12,"dr=-2,dc=0",1,0,30,30,0,"input and expected output shifted together, cells outside 30x30 clipped"
clipped_zero_padded_translation,arc-gen,12,"dr=2,dc=0",1,0,31,31,0,"input and expected output shifted together, cells outside 30x30 clipped"
clipped_zero_padded_translation,arc-gen,12,"dr=0,dc=-2",1,0,34,34,0,"input and expected output shifted together, cells outside 30x30 clipped"
clipped_zero_padded_translation,arc-gen,12,"dr=0,dc=2",1,0,34,34,0,"input and expected output shifted together, cells outside 30x30 clipped"
clipped_zero_padded_translation,arc-gen,13,"dr=-1,dc=0",1,1,0,0,0,"input and expected output shifted together, cells outside 30x30 clipped"
clipped_zero_padded_translation,arc-gen,13,"dr=1,dc=0",1,1,0,0,0,"input and expected output shifted together, cells outside 30x30 clipped"
clipped_zero_padded_translation,arc-gen,13,"dr=0,dc=-1",1,0,8,8,0,"input and expected output shifted together, cells outside 30x30 clipped"
clipped_zero_padded_translation,arc-gen,13,"dr=0,dc=1",1,0,15,15,0,"input and expected output shifted together, cells outside 30x30 clipped"
clipped_zero_padded_translation,arc-gen,13,"dr=-2,dc=0",1,0,30,30,0,"input and expected output shifted together, cells outside 30x30 clipped"
clipped_zero_padded_translation,arc-gen,13,"dr=2,dc=0",1,0,30,30,0,"input and expected output shifted together, cells outside 30x30 clipped"
clipped_zero_padded_translation,arc-gen,13,"dr=0,dc=-2",1,0,38,38,0,"input and expected output shifted together, cells outside 30x30 clipped"
clipped_zero_padded_translation,arc-gen,13,"dr=0,dc=2",1,0,30,30,0,"input and expected output shifted together, cells outside 30x30 clipped"
clipped_zero_padded_translation,arc-gen,14,"dr=-1,dc=0",1,0,18,0,18,"input and expected output shifted together, cells outside 30x30 clipped"
clipped_zero_padded_translation,arc-gen,14,"dr=1,dc=0",1,0,16,1,15,"input and expected output shifted together, cells outside 30x30 clipped"
clipped_zero_padded_translation,arc-gen,14,"dr=0,dc=-1",1,0,24,6,18,"input and expected output shifted together, cells outside 30x30 clipped"
clipped_zero_padded_translation,arc-gen,14,"dr=0,dc=1",1,0,24,6,18,"input and expected output shifted together, cells outside 30x30 clipped"
clipped_zero_padded_translation,arc-gen,14,"dr=-2,dc=0",1,0,33,33,0,"input and expected output shifted together, cells outside 30x30 clipped"
clipped_zero_padded_translation,arc-gen,14,"dr=2,dc=0",1,0,43,31,12,"input and expected output shifted together, cells outside 30x30 clipped"
clipped_zero_padded_translation,arc-gen,14,"dr=0,dc=-2",1,0,54,36,18,"input and expected output shifted together, cells outside 30x30 clipped"
clipped_zero_padded_translation,arc-gen,14,"dr=0,dc=2",1,0,54,36,18,"input and expected output shifted together, cells outside 30x30 clipped"
clipped_zero_padded_translation,arc-gen,15,"dr=-1,dc=0",1,0,20,2,18,"input and expected output shifted together, cells outside 30x30 clipped"
clipped_zero_padded_translation,arc-gen,15,"dr=1,dc=0",1,0,3,3,0,"input and expected output shifted together, cells outside 30x30 clipped"
clipped_zero_padded_translation,arc-gen,15,"dr=0,dc=-1",1,0,4,4,0,"input and expected output shifted together, cells outside 30x30 clipped"
clipped_zero_padded_translation,arc-gen,15,"dr=0,dc=1",1,0,4,4,0,"input and expected output shifted together, cells outside 30x30 clipped"
clipped_zero_padded_translation,arc-gen,15,"dr=-2,dc=0",1,0,56,32,24,"input and expected output shifted together, cells outside 30x30 clipped"
clipped_zero_padded_translation,arc-gen,15,"dr=2,dc=0",1,0,33,33,0,"input and expected output shifted together, cells outside 30x30 clipped"
clipped_zero_padded_translation,arc-gen,15,"dr=0,dc=-2",1,0,34,34,0,"input and expected output shifted together, cells outside 30x30 clipped"
clipped_zero_padded_translation,arc-gen,15,"dr=0,dc=2",1,0,34,34,0,"input and expected output shifted together, cells outside 30x30 clipped"
clipped_zero_padded_translation,arc-gen,16,"dr=-1,dc=0",1,1,0,0,0,"input and expected output shifted together, cells outside 30x30 clipped"
clipped_zero_padded_translation,arc-gen,16,"dr=1,dc=0",1,0,1,1,0,"input and expected output shifted together, cells outside 30x30 clipped"
clipped_zero_padded_translation,arc-gen,16,"dr=0,dc=-1",1,0,4,4,0,"input and expected output shifted together, cells outside 30x30 clipped"
clipped_zero_padded_translation,arc-gen,16,"dr=0,dc=1",1,0,4,4,0,"input and expected output shifted together, cells outside 30x30 clipped"
clipped_zero_padded_translation,arc-gen,16,"dr=-2,dc=0",1,0,30,30,0,"input and expected output shifted together, cells outside 30x30 clipped"
clipped_zero_padded_translation,arc-gen,16,"dr=2,dc=0",1,0,31,31,0,"input and expected output shifted together, cells outside 30x30 clipped"
clipped_zero_padded_translation,arc-gen,16,"dr=0,dc=-2",1,0,34,34,0,"input and expected output shifted together, cells outside 30x30 clipped"
clipped_zero_padded_translation,arc-gen,16,"dr=0,dc=2",1,0,34,34,0,"input and expected output shifted together, cells outside 30x30 clipped"
clipped_zero_padded_translation,arc-gen,17,"dr=-1,dc=0",1,0,10,10,0,"input and expected output shifted together, cells outside 30x30 clipped"
clipped_zero_padded_translation,arc-gen,17,"dr=1,dc=0",1,0,10,10,0,"input and expected output shifted together, cells outside 30x30 clipped"
clipped_zero_padded_translation,arc-gen,17,"dr=0,dc=-1",1,0,2,2,0,"input and expected output shifted together, cells outside 30x30 clipped"
clipped_zero_padded_translation,arc-gen,17,"dr=0,dc=1",1,1,0,0,0,"input and expected output shifted together, cells outside 30x30 clipped"
clipped_zero_padded_translation,arc-gen,17,"dr=-2,dc=0",1,0,40,40,0,"input and expected output shifted together, cells outside 30x30 clipped"
clipped_zero_padded_translation,arc-gen,17,"dr=2,dc=0",1,0,40,40,0,"input and expected output shifted together, cells outside 30x30 clipped"
clipped_zero_padded_translation,arc-gen,17,"dr=0,dc=-2",1,0,32,32,0,"input and expected output shifted together, cells outside 30x30 clipped"
clipped_zero_padded_translation,arc-gen,17,"dr=0,dc=2",1,0,30,30,0,"input and expected output shifted together, cells outside 30x30 clipped"
clipped_zero_padded_translation,arc-gen,18,"dr=-1,dc=0",1,1,0,0,0,"input and expected output shifted together, cells outside 30x30 clipped"
clipped_zero_padded_translation,arc-gen,18,"dr=1,dc=0",1,0,2,2,0,"input and expected output shifted together, cells outside 30x30 clipped"
clipped_zero_padded_translation,arc-gen,18,"dr=0,dc=-1",1,0,4,4,0,"input and expected output shifted together, cells outside 30x30 clipped"
clipped_zero_padded_translation,arc-gen,18,"dr=0,dc=1",1,0,4,4,0,"input and expected output shifted together, cells outside 30x30 clipped"
clipped_zero_padded_translation,arc-gen,18,"dr=-2,dc=0",1,0,30,30,0,"input and expected output shifted together, cells outside 30x30 clipped"
clipped_zero_padded_translation,arc-gen,18,"dr=2,dc=0",1,0,32,32,0,"input and expected output shifted together, cells outside 30x30 clipped"
clipped_zero_padded_translation,arc-gen,18,"dr=0,dc=-2",1,0,34,34,0,"input and expected output shifted together, cells outside 30x30 clipped"
clipped_zero_padded_translation,arc-gen,18,"dr=0,dc=2",1,0,34,34,0,"input and expected output shifted together, cells outside 30x30 clipped"
clipped_zero_padded_translation,arc-gen,19,"dr=-1,dc=0",1,0,4,4,0,"input and expected output shifted together, cells outside 30x30 clipped"
clipped_zero_padded_translation,arc-gen,19,"dr=1,dc=0",1,0,4,4,0,"input and expected output shifted together, cells outside 30x30 clipped"
clipped_zero_padded_translation,arc-gen,19,"dr=0,dc=-1",1,0,29,2,27,"input and expected output shifted together, cells outside 30x30 clipped"
clipped_zero_padded_translation,arc-gen,19,"dr=0,dc=1",1,0,3,3,0,"input and expected output shifted together, cells outside 30x30 clipped"
clipped_zero_padded_translation,arc-gen,19,"dr=-2,dc=0",1,0,34,34,0,"input and expected output shifted together, cells outside 30x30 clipped"
clipped_zero_padded_translation,arc-gen,19,"dr=2,dc=0",1,0,34,34,0,"input and expected output shifted together, cells outside 30x30 clipped"
clipped_zero_padded_translation,arc-gen,19,"dr=0,dc=-2",1,0,56,32,24,"input and expected output shifted together, cells outside 30x30 clipped"
clipped_zero_padded_translation,arc-gen,19,"dr=0,dc=2",1,0,33,33,0,"input and expected output shifted together, cells outside 30x30 clipped"
clipped_zero_padded_translation,arc-gen,20,"dr=-1,dc=0",1,0,15,15,0,"input and expected output shifted together, cells outside 30x30 clipped"
clipped_zero_padded_translation,arc-gen,20,"dr=1,dc=0",1,1,0,0,0,"input and expected output shifted together, cells outside 30x30 clipped"
clipped_zero_padded_translation,arc-gen,20,"dr=0,dc=-1",1,0,2,2,0,"input and expected output shifted together, cells outside 30x30 clipped"
clipped_zero_padded_translation,arc-gen,20,"dr=0,dc=1",1,1,0,0,0,"input and expected output shifted together, cells outside 30x30 clipped"
clipped_zero_padded_translation,arc-gen,20,"dr=-2,dc=0",1,0,30,30,0,"input and expected output shifted together, cells outside 30x30 clipped"
clipped_zero_padded_translation,arc-gen,20,"dr=2,dc=0",1,0,30,30,0,"input and expected output shifted together, cells outside 30x30 clipped"
clipped_zero_padded_translation,arc-gen,20,"dr=0,dc=-2",1,0,32,32,0,"input and expected output shifted together, cells outside 30x30 clipped"
clipped_zero_padded_translation,arc-gen,20,"dr=0,dc=2",1,0,30,30,0,"input and expected output shifted together, cells outside 30x30 clipped"
clipped_zero_padded_translation,arc-gen,21,"dr=-1,dc=0",1,0,5,5,0,"input and expected output shifted together, cells outside 30x30 clipped"
clipped_zero_padded_translation,arc-gen,21,"dr=1,dc=0",1,0,5,5,0,"input and expected output shifted together, cells outside 30x30 clipped"
clipped_zero_padded_translation,arc-gen,21,"dr=0,dc=-1",1,1,0,0,0,"input and expected output shifted together, cells outside 30x30 clipped"
clipped_zero_padded_translation,arc-gen,21,"dr=0,dc=1",1,1,0,0,0,"input and expected output shifted together, cells outside 30x30 clipped"
clipped_zero_padded_translation,arc-gen,21,"dr=-2,dc=0",1,0,35,35,0,"input and expected output shifted together, cells outside 30x30 clipped"
clipped_zero_padded_translation,arc-gen,21,"dr=2,dc=0",1,0,35,35,0,"input and expected output shifted together, cells outside 30x30 clipped"
clipped_zero_padded_translation,arc-gen,21,"dr=0,dc=-2",1,0,30,30,0,"input and expected output shifted together, cells outside 30x30 clipped"
clipped_zero_padded_translation,arc-gen,21,"dr=0,dc=2",1,0,30,30,0,"input and expected output shifted together, cells outside 30x30 clipped"
clipped_zero_padded_translation,arc-gen,22,"dr=-1,dc=0",1,0,30,8,22,"input and expected output shifted together, cells outside 30x30 clipped"
clipped_zero_padded_translation,arc-gen,22,"dr=1,dc=0",1,0,30,8,22,"input and expected output shifted together, cells outside 30x30 clipped"
clipped_zero_padded_translation,arc-gen,22,"dr=0,dc=-1",1,0,21,0,21,"input and expected output shifted together, cells outside 30x30 clipped"
clipped_zero_padded_translation,arc-gen,22,"dr=0,dc=1",1,0,22,1,21,"input and expected output shifted together, cells outside 30x30 clipped"
clipped_zero_padded_translation,arc-gen,22,"dr=-2,dc=0",1,0,60,38,22,"input and expected output shifted together, cells outside 30x30 clipped"
clipped_zero_padded_translation,arc-gen,22,"dr=2,dc=0",1,0,60,38,22,"input and expected output shifted together, cells outside 30x30 clipped"
clipped_zero_padded_translation,arc-gen,22,"dr=0,dc=-2",1,0,50,30,20,"input and expected output shifted together, cells outside 30x30 clipped"
clipped_zero_padded_translation,arc-gen,22,"dr=0,dc=2",1,0,51,31,20,"input and expected output shifted together, cells outside 30x30 clipped"
clipped_zero_padded_translation,arc-gen,23,"dr=-1,dc=0",1,0,15,0,15,"input and expected output shifted together, cells outside 30x30 clipped"
clipped_zero_padded_translation,arc-gen,23,"dr=1,dc=0",1,0,3,3,0,"input and expected output shifted together, cells outside 30x30 clipped"
clipped_zero_padded_translation,arc-gen,23,"dr=0,dc=-1",1,0,8,8,0,"input and expected output shifted together, cells outside 30x30 clipped"
clipped_zero_padded_translation,arc-gen,23,"dr=0,dc=1",1,0,8,8,0,"input and expected output shifted together, cells outside 30x30 clipped"
clipped_zero_padded_translation,arc-gen,23,"dr=-2,dc=0",1,0,42,30,12,"input and expected output shifted together, cells outside 30x30 clipped"
clipped_zero_padded_translation,arc-gen,23,"dr=2,dc=0",1,0,33,33,0,"input and expected output shifted together, cells outside 30x30 clipped"
clipped_zero_padded_translation,arc-gen,23,"dr=0,dc=-2",1,0,38,38,0,"input and expected output shifted together, cells outside 30x30 clipped"
clipped_zero_padded_translation,arc-gen,23,"dr=0,dc=2",1,0,38,38,0,"input and expected output shifted together, cells outside 30x30 clipped"
clipped_zero_padded_translation,arc-gen,24,"dr=-1,dc=0",1,1,0,0,0,"input and expected output shifted together, cells outside 30x30 clipped"
clipped_zero_padded_translation,arc-gen,24,"dr=1,dc=0",1,1,0,0,0,"input and expected output shifted together, cells outside 30x30 clipped"
clipped_zero_padded_translation,arc-gen,24,"dr=0,dc=-1",1,0,14,14,0,"input and expected output shifted together, cells outside 30x30 clipped"
clipped_zero_padded_translation,arc-gen,24,"dr=0,dc=1",1,1,0,0,0,"input and expected output shifted together, cells outside 30x30 clipped"
clipped_zero_padded_translation,arc-gen,24,"dr=-2,dc=0",1,0,30,30,0,"input and expected output shifted together, cells outside 30x30 clipped"
clipped_zero_padded_translation,arc-gen,24,"dr=2,dc=0",1,0,30,30,0,"input and expected output shifted together, cells outside 30x30 clipped"
clipped_zero_padded_translation,arc-gen,24,"dr=0,dc=-2",1,0,28,28,0,"input and expected output shifted together, cells outside 30x30 clipped"
clipped_zero_padded_translation,arc-gen,24,"dr=0,dc=2",1,0,30,30,0,"input and expected output shifted together, cells outside 30x30 clipped"
clipped_zero_padded_translation,arc-gen,25,"dr=-1,dc=0",1,0,1,1,0,"input and expected output shifted together, cells outside 30x30 clipped"
clipped_zero_padded_translation,arc-gen,25,"dr=1,dc=0",1,1,0,0,0,"input and expected output shifted together, cells outside 30x30 clipped"
clipped_zero_padded_translation,arc-gen,25,"dr=0,dc=-1",1,0,5,5,0,"input and expected output shifted together, cells outside 30x30 clipped"
clipped_zero_padded_translation,arc-gen,25,"dr=0,dc=1",1,0,5,5,0,"input and expected output shifted together, cells outside 30x30 clipped"
clipped_zero_padded_translation,arc-gen,25,"dr=-2,dc=0",1,0,31,31,0,"input and expected output shifted together, cells outside 30x30 clipped"
clipped_zero_padded_translation,arc-gen,25,"dr=2,dc=0",1,0,30,30,0,"input and expected output shifted together, cells outside 30x30 clipped"
clipped_zero_padded_translation,arc-gen,25,"dr=0,dc=-2",1,0,35,35,0,"input and expected output shifted together, cells outside 30x30 clipped"
clipped_zero_padded_translation,arc-gen,25,"dr=0,dc=2",1,0,35,35,0,"input and expected output shifted together, cells outside 30x30 clipped"
clipped_zero_padded_translation,arc-gen,26,"dr=-1,dc=0",1,1,0,0,0,"input and expected output shifted together, cells outside 30x30 clipped"
clipped_zero_padded_translation,arc-gen,26,"dr=1,dc=0",1,0,3,3,0,"input and expected output shifted together, cells outside 30x30 clipped"
clipped_zero_padded_translation,arc-gen,26,"dr=0,dc=-1",1,0,23,23,0,"input and expected output shifted together, cells outside 30x30 clipped"
clipped_zero_padded_translation,arc-gen,26,"dr=0,dc=1",1,1,0,0,0,"input and expected output shifted together, cells outside 30x30 clipped"
clipped_zero_padded_translation,arc-gen,26,"dr=-2,dc=0",1,0,30,30,0,"input and expected output shifted together, cells outside 30x30 clipped"
clipped_zero_padded_translation,arc-gen,26,"dr=2,dc=0",1,0,33,33,0,"input and expected output shifted together, cells outside 30x30 clipped"
clipped_zero_padded_translation,arc-gen,26,"dr=0,dc=-2",1,0,46,46,0,"input and expected output shifted together, cells outside 30x30 clipped"
clipped_zero_padded_translation,arc-gen,26,"dr=0,dc=2",1,0,30,30,0,"input and expected output shifted together, cells outside 30x30 clipped"
clipped_zero_padded_translation,arc-gen,27,"dr=-1,dc=0",1,0,2,2,0,"input and expected output shifted together, cells outside 30x30 clipped"
clipped_zero_padded_translation,arc-gen,27,"dr=1,dc=0",1,1,0,0,0,"input and expected output shifted together, cells outside 30x30 clipped"
clipped_zero_padded_translation,arc-gen,27,"dr=0,dc=-1",1,0,4,4,0,"input and expected output shifted together, cells outside 30x30 clipped"
clipped_zero_padded_translation,arc-gen,27,"dr=0,dc=1",1,1,0,0,0,"input and expected output shifted together, cells outside 30x30 clipped"
clipped_zero_padded_translation,arc-gen,27,"dr=-2,dc=0",1,0,32,32,0,"input and expected output shifted together, cells outside 30x30 clipped"
clipped_zero_padded_translation,arc-gen,27,"dr=2,dc=0",1,0,30,30,0,"input and expected output shifted together, cells outside 30x30 clipped"
clipped_zero_padded_translation,arc-gen,27,"dr=0,dc=-2",1,0,34,34,0,"input and expected output shifted together, cells outside 30x30 clipped"
clipped_zero_padded_translation,arc-gen,27,"dr=0,dc=2",1,0,30,30,0,"input and expected output shifted together, cells outside 30x30 clipped"
clipped_zero_padded_translation,arc-gen,28,"dr=-1,dc=0",1,0,1,1,0,"input and expected output shifted together, cells outside 30x30 clipped"
clipped_zero_padded_translation,arc-gen,28,"dr=1,dc=0",1,1,0,0,0,"input and expected output shifted together, cells outside 30x30 clipped"
clipped_zero_padded_translation,arc-gen,28,"dr=0,dc=-1",1,0,7,7,0,"input and expected output shifted together, cells outside 30x30 clipped"
clipped_zero_padded_translation,arc-gen,28,"dr=0,dc=1",1,0,7,7,0,"input and expected output shifted together, cells outside 30x30 clipped"
clipped_zero_padded_translation,arc-gen,28,"dr=-2,dc=0",1,0,31,31,0,"input and expected output shifted together, cells outside 30x30 clipped"
clipped_zero_padded_translation,arc-gen,28,"dr=2,dc=0",1,0,30,30,0,"input and expected output shifted together, cells outside 30x30 clipped"
clipped_zero_padded_translation,arc-gen,28,"dr=0,dc=-2",1,0,37,37,0,"input and expected output shifted together, cells outside 30x30 clipped"
clipped_zero_padded_translation,arc-gen,28,"dr=0,dc=2",1,0,37,37,0,"input and expected output shifted together, cells outside 30x30 clipped"
clipped_zero_padded_translation,arc-gen,29,"dr=-1,dc=0",1,0,3,3,0,"input and expected output shifted together, cells outside 30x30 clipped"
clipped_zero_padded_translation,arc-gen,29,"dr=1,dc=0",1,0,23,2,21,"input and expected output shifted together, cells outside 30x30 clipped"
clipped_zero_padded_translation,arc-gen,29,"dr=0,dc=-1",1,0,29,5,24,"input and expected output shifted together, cells outside 30x30 clipped"
clipped_zero_padded_translation,arc-gen,29,"dr=0,dc=1",1,0,29,5,24,"input and expected output shifted together, cells outside 30x30 clipped"
clipped_zero_padded_translation,arc-gen,29,"dr=-2,dc=0",1,0,33,33,0,"input and expected output shifted together, cells outside 30x30 clipped"
clipped_zero_padded_translation,arc-gen,29,"dr=2,dc=0",1,0,50,32,18,"input and expected output shifted together, cells outside 30x30 clipped"
clipped_zero_padded_translation,arc-gen,29,"dr=0,dc=-2",1,0,59,35,24,"input and expected output shifted together, cells outside 30x30 clipped"
clipped_zero_padded_translation,arc-gen,29,"dr=0,dc=2",1,0,59,35,24,"input and expected output shifted together, cells outside 30x30 clipped"
clipped_zero_padded_translation,arc-gen,30,"dr=-1,dc=0",1,0,1,1,0,"input and expected output shifted together, cells outside 30x30 clipped"
clipped_zero_padded_translation,arc-gen,30,"dr=1,dc=0",1,1,0,0,0,"input and expected output shifted together, cells outside 30x30 clipped"
clipped_zero_padded_translation,arc-gen,30,"dr=0,dc=-1",1,0,6,6,0,"input and expected output shifted together, cells outside 30x30 clipped"
clipped_zero_padded_translation,arc-gen,30,"dr=0,dc=1",1,0,6,6,0,"input and expected output shifted together, cells outside 30x30 clipped"
clipped_zero_padded_translation,arc-gen,30,"dr=-2,dc=0",1,0,31,31,0,"input and expected output shifted together, cells outside 30x30 clipped"
clipped_zero_padded_translation,arc-gen,30,"dr=2,dc=0",1,0,30,30,0,"input and expected output shifted together, cells outside 30x30 clipped"
clipped_zero_padded_translation,arc-gen,30,"dr=0,dc=-2",1,0,36,36,0,"input and expected output shifted together, cells outside 30x30 clipped"
clipped_zero_padded_translation,arc-gen,30,"dr=0,dc=2",1,0,36,36,0,"input and expected output shifted together, cells outside 30x30 clipped"
clipped_zero_padded_translation,arc-gen,31,"dr=-1,dc=0",1,0,6,6,0,"input and expected output shifted together, cells outside 30x30 clipped"
clipped_zero_padded_translation,arc-gen,31,"dr=1,dc=0",1,0,6,6,0,"input and expected output shifted together, cells outside 30x30 clipped"
clipped_zero_padded_translation,arc-gen,31,"dr=0,dc=-1",1,0,3,3,0,"input and expected output shifted together, cells outside 30x30 clipped"
clipped_zero_padded_translation,arc-gen,31,"dr=0,dc=1",1,1,0,0,0,"input and expected output shifted together, cells outside 30x30 clipped"
clipped_zero_padded_translation,arc-gen,31,"dr=-2,dc=0",1,0,36,36,0,"input and expected output shifted together, cells outside 30x30 clipped"
clipped_zero_padded_translation,arc-gen,31,"dr=2,dc=0",1,0,36,36,0,"input and expected output shifted together, cells outside 30x30 clipped"
clipped_zero_padded_translation,arc-gen,31,"dr=0,dc=-2",1,0,33,33,0,"input and expected output shifted together, cells outside 30x30 clipped"
clipped_zero_padded_translation,arc-gen,31,"dr=0,dc=2",1,0,30,30,0,"input and expected output shifted together, cells outside 30x30 clipped"
clipped_zero_padded_translation,arc-gen,32,"dr=-1,dc=0",1,0,4,4,0,"input and expected output shifted together, cells outside 30x30 clipped"
clipped_zero_padded_translation,arc-gen,32,"dr=1,dc=0",1,0,4,4,0,"input and expected output shifted together, cells outside 30x30 clipped"
clipped_zero_padded_translation,arc-gen,32,"dr=0,dc=-1",1,0,1,1,0,"input and expected output shifted together, cells outside 30x30 clipped"
clipped_zero_padded_translation,arc-gen,32,"dr=0,dc=1",1,0,3,3,0,"input and expected output shifted together, cells outside 30x30 clipped"
clipped_zero_padded_translation,arc-gen,32,"dr=-2,dc=0",1,0,34,34,0,"input and expected output shifted together, cells outside 30x30 clipped"
clipped_zero_padded_translation,arc-gen,32,"dr=2,dc=0",1,0,34,34,0,"input and expected output shifted together, cells outside 30x30 clipped"
clipped_zero_padded_translation,arc-gen,32,"dr=0,dc=-2",1,0,49,31,18,"input and expected output shifted together, cells outside 30x30 clipped"
clipped_zero_padded_translation,arc-gen,32,"dr=0,dc=2",1,0,33,33,0,"input and expected output shifted together, cells outside 30x30 clipped"
clipped_zero_padded_translation,arc-gen,33,"dr=-1,dc=0",1,1,0,0,0,"input and expected output shifted together, cells outside 30x30 clipped"
clipped_zero_padded_translation,arc-gen,33,"dr=1,dc=0",1,0,2,2,0,"input and expected output shifted together, cells outside 30x30 clipped"
clipped_zero_padded_translation,arc-gen,33,"dr=0,dc=-1",1,0,7,7,0,"input and expected output shifted together, cells outside 30x30 clipped"
clipped_zero_padded_translation,arc-gen,33,"dr=0,dc=1",1,0,7,7,0,"input and expected output shifted together, cells outside 30x30 clipped"
clipped_zero_padded_translation,arc-gen,33,"dr=-2,dc=0",1,0,30,30,0,"input and expected output shifted together, cells outside 30x30 clipped"
clipped_zero_padded_translation,arc-gen,33,"dr=2,dc=0",1,0,32,32,0,"input and expected output shifted together, cells outside 30x30 clipped"
clipped_zero_padded_translation,arc-gen,33,"dr=0,dc=-2",1,0,37,37,0,"input and expected output shifted together, cells outside 30x30 clipped"
clipped_zero_padded_translation,arc-gen,33,"dr=0,dc=2",1,0,37,37,0,"input and expected output shifted together, cells outside 30x30 clipped"
clipped_zero_padded_translation,arc-gen,34,"dr=-1,dc=0",1,0,8,8,0,"input and expected output shifted together, cells outside 30x30 clipped"
clipped_zero_padded_translation,arc-gen,34,"dr=1,dc=0",1,0,8,8,0,"input and expected output shifted together, cells outside 30x30 clipped"
clipped_zero_padded_translation,arc-gen,34,"dr=0,dc=-1",1,0,4,4,0,"input and expected output shifted together, cells outside 30x30 clipped"
clipped_zero_padded_translation,arc-gen,34,"dr=0,dc=1",1,0,3,3,0,"input and expected output shifted together, cells outside 30x30 clipped"
clipped_zero_padded_translation,arc-gen,34,"dr=-2,dc=0",1,0,38,38,0,"input and expected output shifted together, cells outside 30x30 clipped"
clipped_zero_padded_translation,arc-gen,34,"dr=2,dc=0",1,0,38,38,0,"input and expected output shifted together, cells outside 30x30 clipped"
clipped_zero_padded_translation,arc-gen,34,"dr=0,dc=-2",1,0,38,34,4,"input and expected output shifted together, cells outside 30x30 clipped"
clipped_zero_padded_translation,arc-gen,34,"dr=0,dc=2",1,0,33,33,0,"input and expected output shifted together, cells outside 30x30 clipped"
clipped_zero_padded_translation,arc-gen,35,"dr=-1,dc=0",1,0,2,2,0,"input and expected output shifted together, cells outside 30x30 clipped"
clipped_zero_padded_translation,arc-gen,35,"dr=1,dc=0",1,1,0,0,0,"input and expected output shifted together, cells outside 30x30 clipped"
clipped_zero_padded_translation,arc-gen,35,"dr=0,dc=-1",1,0,8,8,0,"input and expected output shifted together, cells outside 30x30 clipped"
clipped_zero_padded_translation,arc-gen,35,"dr=0,dc=1",1,1,0,0,0,"input and expected output shifted together, cells outside 30x30 clipped"
clipped_zero_padded_translation,arc-gen,35,"dr=-2,dc=0",1,0,32,32,0,"input and expected output shifted together, cells outside 30x30 clipped"
clipped_zero_padded_translation,arc-gen,35,"dr=2,dc=0",1,0,30,30,0,"input and expected output shifted together, cells outside 30x30 clipped"
clipped_zero_padded_translation,arc-gen,35,"dr=0,dc=-2",1,0,38,38,0,"input and expected output shifted together, cells outside 30x30 clipped"
clipped_zero_padded_translation,arc-gen,35,"dr=0,dc=2",1,0,30,30,0,"input and expected output shifted together, cells outside 30x30 clipped"
clipped_zero_padded_translation,arc-gen,36,"dr=-1,dc=0",1,0,5,5,0,"input and expected output shifted together, cells outside 30x30 clipped"
clipped_zero_padded_translation,arc-gen,36,"dr=1,dc=0",1,0,5,5,0,"input and expected output shifted together, cells outside 30x30 clipped"
clipped_zero_padded_translation,arc-gen,36,"dr=0,dc=-1",1,0,2,2,0,"input and expected output shifted together, cells outside 30x30 clipped"
clipped_zero_padded_translation,arc-gen,36,"dr=0,dc=1",1,1,0,0,0,"input and expected output shifted together, cells outside 30x30 clipped"
clipped_zero_padded_translation,arc-gen,36,"dr=-2,dc=0",1,0,35,35,0,"input and expected output shifted together, cells outside 30x30 clipped"
clipped_zero_padded_translation,arc-gen,36,"dr=2,dc=0",1,0,35,35,0,"input and expected output shifted together, cells outside 30x30 clipped"
clipped_zero_padded_translation,arc-gen,36,"dr=0,dc=-2",1,0,32,32,0,"input and expected output shifted together, cells outside 30x30 clipped"
clipped_zero_padded_translation,arc-gen,36,"dr=0,dc=2",1,0,30,30,0,"input and expected output shifted together, cells outside 30x30 clipped"
clipped_zero_padded_translation,arc-gen,37,"dr=-1,dc=0",1,0,64,1,63,"input and expected output shifted together, cells outside 30x30 clipped"
clipped_zero_padded_translation,arc-gen,37,"dr=1,dc=0",1,0,87,15,72,"input and expected output shifted together, cells outside 30x30 clipped"
clipped_zero_padded_translation,arc-gen,37,"dr=0,dc=-1",1,0,76,4,72,"input and expected output shifted together, cells outside 30x30 clipped"
clipped_zero_padded_translation,arc-gen,37,"dr=0,dc=1",1,0,72,0,72,"input and expected output shifted together, cells outside 30x30 clipped"
clipped_zero_padded_translation,arc-gen,37,"dr=-2,dc=0",1,0,85,31,54,"input and expected output shifted together, cells outside 30x30 clipped"
clipped_zero_padded_translation,arc-gen,37,"dr=2,dc=0",1,0,30,30,0,"input and expected output shifted together, cells outside 30x30 clipped"
clipped_zero_padded_translation,arc-gen,37,"dr=0,dc=-2",1,0,106,34,72,"input and expected output shifted together, cells outside 30x30 clipped"
clipped_zero_padded_translation,arc-gen,37,"dr=0,dc=2",1,0,102,30,72,"input and expected output shifted together, cells outside 30x30 clipped"
clipped_zero_padded_translation,arc-gen,38,"dr=-1,dc=0",1,0,1,1,0,"input and expected output shifted together, cells outside 30x30 clipped"
clipped_zero_padded_translation,arc-gen,38,"dr=1,dc=0",1,1,0,0,0,"input and expected output shifted together, cells outside 30x30 clipped"
clipped_zero_padded_translation,arc-gen,38,"dr=0,dc=-1",1,0,6,6,0,"input and expected output shifted together, cells outside 30x30 clipped"
clipped_zero_padded_translation,arc-gen,38,"dr=0,dc=1",1,0,6,6,0,"input and expected output shifted together, cells outside 30x30 clipped"
clipped_zero_padded_translation,arc-gen,38,"dr=-2,dc=0",1,0,31,31,0,"input and expected output shifted together, cells outside 30x30 clipped"
clipped_zero_padded_translation,arc-gen,38,"dr=2,dc=0",1,0,30,30,0,"input and expected output shifted together, cells outside 30x30 clipped"
clipped_zero_padded_translation,arc-gen,38,"dr=0,dc=-2",1,0,36,36,0,"input and expected output shifted together, cells outside 30x30 clipped"
clipped_zero_padded_translation,arc-gen,38,"dr=0,dc=2",1,0,36,36,0,"input and expected output shifted together, cells outside 30x30 clipped"
clipped_zero_padded_translation,arc-gen,39,"dr=-1,dc=0",1,0,6,6,0,"input and expected output shifted together, cells outside 30x30 clipped"
clipped_zero_padded_translation,arc-gen,39,"dr=1,dc=0",1,0,6,6,0,"input and expected output shifted together, cells outside 30x30 clipped"
clipped_zero_padded_translation,arc-gen,39,"dr=0,dc=-1",1,0,29,1,28,"input and expected output shifted together, cells outside 30x30 clipped"
clipped_zero_padded_translation,arc-gen,39,"dr=0,dc=1",1,0,4,4,0,"input and expected output shifted together, cells outside 30x30 clipped"
clipped_zero_padded_translation,arc-gen,39,"dr=-2,dc=0",1,0,36,36,0,"input and expected output shifted together, cells outside 30x30 clipped"
clipped_zero_padded_translation,arc-gen,39,"dr=2,dc=0",1,0,36,36,0,"input and expected output shifted together, cells outside 30x30 clipped"
clipped_zero_padded_translation,arc-gen,39,"dr=0,dc=-2",1,0,55,31,24,"input and expected output shifted together, cells outside 30x30 clipped"
clipped_zero_padded_translation,arc-gen,39,"dr=0,dc=2",1,0,34,34,0,"input and expected output shifted together, cells outside 30x30 clipped"
clipped_zero_padded_translation,arc-gen,40,"dr=-1,dc=0",1,0,7,7,0,"input and expected output shifted together, cells outside 30x30 clipped"
clipped_zero_padded_translation,arc-gen,40,"dr=1,dc=0",1,0,7,7,0,"input and expected output shifted together, cells outside 30x30 clipped"
clipped_zero_padded_translation,arc-gen,40,"dr=0,dc=-1",1,1,0,0,0,"input and expected output shifted together, cells outside 30x30 clipped"
clipped_zero_padded_translation,arc-gen,40,"dr=0,dc=1",1,1,0,0,0,"input and expected output shifted together, cells outside 30x30 clipped"
clipped_zero_padded_translation,arc-gen,40,"dr=-2,dc=0",1,0,37,37,0,"input and expected output shifted together, cells outside 30x30 clipped"
clipped_zero_padded_translation,arc-gen,40,"dr=2,dc=0",1,0,37,37,0,"input and expected output shifted together, cells outside 30x30 clipped"
clipped_zero_padded_translation,arc-gen,40,"dr=0,dc=-2",1,0,30,30,0,"input and expected output shifted together, cells outside 30x30 clipped"
clipped_zero_padded_translation,arc-gen,40,"dr=0,dc=2",1,0,30,30,0,"input and expected output shifted together, cells outside 30x30 clipped"
clipped_zero_padded_translation,arc-gen,41,"dr=-1,dc=0",1,0,8,8,0,"input and expected output shifted together, cells outside 30x30 clipped"
clipped_zero_padded_translation,arc-gen,41,"dr=1,dc=0",1,1,0,0,0,"input and expected output shifted together, cells outside 30x30 clipped"
clipped_zero_padded_translation,arc-gen,41,"dr=0,dc=-1",1,0,8,8,0,"input and expected output shifted together, cells outside 30x30 clipped"
clipped_zero_padded_translation,arc-gen,41,"dr=0,dc=1",1,1,0,0,0,"input and expected output shifted together, cells outside 30x30 clipped"
clipped_zero_padded_translation,arc-gen,41,"dr=-2,dc=0",1,0,38,38,0,"input and expected output shifted together, cells outside 30x30 clipped"
clipped_zero_padded_translation,arc-gen,41,"dr=2,dc=0",1,0,30,30,0,"input and expected output shifted together, cells outside 30x30 clipped"
clipped_zero_padded_translation,arc-gen,41,"dr=0,dc=-2",1,0,38,38,0,"input and expected output shifted together, cells outside 30x30 clipped"
clipped_zero_padded_translation,arc-gen,41,"dr=0,dc=2",1,0,30,30,0,"input and expected output shifted together, cells outside 30x30 clipped"
clipped_zero_padded_translation,arc-gen,42,"dr=-1,dc=0",1,1,0,0,0,"input and expected output shifted together, cells outside 30x30 clipped"
clipped_zero_padded_translation,arc-gen,42,"dr=1,dc=0",1,0,1,1,0,"input and expected output shifted together, cells outside 30x30 clipped"
clipped_zero_padded_translation,arc-gen,42,"dr=0,dc=-1",1,0,6,6,0,"input and expected output shifted together, cells outside 30x30 clipped"
clipped_zero_padded_translation,arc-gen,42,"dr=0,dc=1",1,1,0,0,0,"input and expected output shifted together, cells outside 30x30 clipped"
clipped_zero_padded_translation,arc-gen,42,"dr=-2,dc=0",1,0,30,30,0,"input and expected output shifted together, cells outside 30x30 clipped"
clipped_zero_padded_translation,arc-gen,42,"dr=2,dc=0",1,0,31,31,0,"input and expected output shifted together, cells outside 30x30 clipped"
clipped_zero_padded_translation,arc-gen,42,"dr=0,dc=-2",1,0,36,36,0,"input and expected output shifted together, cells outside 30x30 clipped"
clipped_zero_padded_translation,arc-gen,42,"dr=0,dc=2",1,0,30,30,0,"input and expected output shifted together, cells outside 30x30 clipped"
clipped_zero_padded_translation,arc-gen,43,"dr=-1,dc=0",1,0,75,5,70,"input and expected output shifted together, cells outside 30x30 clipped"
clipped_zero_padded_translation,arc-gen,43,"dr=1,dc=0",1,0,75,5,70,"input and expected output shifted together, cells outside 30x30 clipped"
clipped_zero_padded_translation,arc-gen,43,"dr=0,dc=-1",1,0,62,2,60,"input and expected output shifted together, cells outside 30x30 clipped"
clipped_zero_padded_translation,arc-gen,43,"dr=0,dc=1",1,0,60,4,56,"input and expected output shifted together, cells outside 30x30 clipped"
clipped_zero_padded_translation,arc-gen,43,"dr=-2,dc=0",1,0,105,35,70,"input and expected output shifted together, cells outside 30x30 clipped"
clipped_zero_padded_translation,arc-gen,43,"dr=2,dc=0",1,0,105,35,70,"input and expected output shifted together, cells outside 30x30 clipped"
clipped_zero_padded_translation,arc-gen,43,"dr=0,dc=-2",1,0,82,32,50,"input and expected output shifted together, cells outside 30x30 clipped"
clipped_zero_padded_translation,arc-gen,43,"dr=0,dc=2",1,0,40,40,0,"input and expected output shifted together, cells outside 30x30 clipped"
clipped_zero_padded_translation,arc-gen,44,"dr=-1,dc=0",1,0,9,9,0,"input and expected output shifted together, cells outside 30x30 clipped"
clipped_zero_padded_translation,arc-gen,44,"dr=1,dc=0",1,0,14,14,0,"input and expected output shifted together, cells outside 30x30 clipped"
clipped_zero_padded_translation,arc-gen,44,"dr=0,dc=-1",1,0,2,2,0,"input and expected output shifted together, cells outside 30x30 clipped"
clipped_zero_padded_translation,arc-gen,44,"dr=0,dc=1",1,0,8,8,0,"input and expected output shifted together, cells outside 30x30 clipped"
clipped_zero_padded_translation,arc-gen,44,"dr=-2,dc=0",1,0,39,39,0,"input and expected output shifted together, cells outside 30x30 clipped"
clipped_zero_padded_translation,arc-gen,44,"dr=2,dc=0",1,0,28,28,0,"input and expected output shifted together, cells outside 30x30 clipped"
clipped_zero_padded_translation,arc-gen,44,"dr=0,dc=-2",1,0,32,32,0,"input and expected output shifted together, cells outside 30x30 clipped"
clipped_zero_padded_translation,arc-gen,44,"dr=0,dc=2",1,0,38,38,0,"input and expected output shifted together, cells outside 30x30 clipped"
clipped_zero_padded_translation,arc-gen,45,"dr=-1,dc=0",1,0,5,5,0,"input and expected output shifted together, cells outside 30x30 clipped"
clipped_zero_padded_translation,arc-gen,45,"dr=1,dc=0",1,0,5,5,0,"input and expected output shifted together, cells outside 30x30 clipped"
clipped_zero_padded_translation,arc-gen,45,"dr=0,dc=-1",1,0,1,1,0,"input and expected output shifted together, cells outside 30x30 clipped"
clipped_zero_padded_translation,arc-gen,45,"dr=0,dc=1",1,1,0,0,0,"input and expected output shifted together, cells outside 30x30 clipped"
clipped_zero_padded_translation,arc-gen,45,"dr=-2,dc=0",1,0,35,35,0,"input and expected output shifted together, cells outside 30x30 clipped"
clipped_zero_padded_translation,arc-gen,45,"dr=2,dc=0",1,0,35,35,0,"input and expected output shifted together, cells outside 30x30 clipped"
clipped_zero_padded_translation,arc-gen,45,"dr=0,dc=-2",1,0,31,31,0,"input and expected output shifted together, cells outside 30x30 clipped"
clipped_zero_padded_translation,arc-gen,45,"dr=0,dc=2",1,0,30,30,0,"input and expected output shifted together, cells outside 30x30 clipped"
clipped_zero_padded_translation,arc-gen,46,"dr=-1,dc=0",1,0,7,7,0,"input and expected output shifted together, cells outside 30x30 clipped"
clipped_zero_padded_translation,arc-gen,46,"dr=1,dc=0",1,1,0,0,0,"input and expected output shifted together, cells outside 30x30 clipped"
clipped_zero_padded_translation,arc-gen,46,"dr=0,dc=-1",1,1,0,0,0,"input and expected output shifted together, cells outside 30x30 clipped"
clipped_zero_padded_translation,arc-gen,46,"dr=0,dc=1",1,0,9,9,0,"input and expected output shifted together, cells outside 30x30 clipped"
clipped_zero_padded_translation,arc-gen,46,"dr=-2,dc=0",1,0,37,37,0,"input and expected output shifted together, cells outside 30x30 clipped"
clipped_zero_padded_translation,arc-gen,46,"dr=2,dc=0",1,0,30,30,0,"input and expected output shifted together, cells outside 30x30 clipped"
clipped_zero_padded_translation,arc-gen,46,"dr=0,dc=-2",1,0,84,30,54,"input and expected output shifted together, cells outside 30x30 clipped"
clipped_zero_padded_translation,arc-gen,46,"dr=0,dc=2",1,0,39,39,0,"input and expected output shifted together, cells outside 30x30 clipped"
clipped_zero_padded_translation,arc-gen,47,"dr=-1,dc=0",1,0,8,8,0,"input and expected output shifted together, cells outside 30x30 clipped"
clipped_zero_padded_translation,arc-gen,47,"dr=1,dc=0",1,0,8,8,0,"input and expected output shifted together, cells outside 30x30 clipped"
clipped_zero_padded_translation,arc-gen,47,"dr=0,dc=-1",1,0,2,2,0,"input and expected output shifted together, cells outside 30x30 clipped"
clipped_zero_padded_translation,arc-gen,47,"dr=0,dc=1",1,0,14,14,0,"input and expected output shifted together, cells outside 30x30 clipped"
clipped_zero_padded_translation,arc-gen,47,"dr=-2,dc=0",1,0,38,38,0,"input and expected output shifted together, cells outside 30x30 clipped"
clipped_zero_padded_translation,arc-gen,47,"dr=2,dc=0",1,0,38,38,0,"input and expected output shifted together, cells outside 30x30 clipped"
clipped_zero_padded_translation,arc-gen,47,"dr=0,dc=-2",1,0,32,32,0,"input and expected output shifted together, cells outside 30x30 clipped"
clipped_zero_padded_translation,arc-gen,47,"dr=0,dc=2",1,0,28,28,0,"input and expected output shifted together, cells outside 30x30 clipped"
clipped_zero_padded_translation,arc-gen,48,"dr=-1,dc=0",1,0,19,19,0,"input and expected output shifted together, cells outside 30x30 clipped"
clipped_zero_padded_translation,arc-gen,48,"dr=1,dc=0",1,0,4,4,0,"input and expected output shifted together, cells outside 30x30 clipped"
clipped_zero_padded_translation,arc-gen,48,"dr=0,dc=-1",1,0,2,2,0,"input and expected output shifted together, cells outside 30x30 clipped"
clipped_zero_padded_translation,arc-gen,48,"dr=0,dc=1",1,1,0,0,0,"input and expected output shifted together, cells outside 30x30 clipped"
clipped_zero_padded_translation,arc-gen,48,"dr=-2,dc=0",1,0,30,30,0,"input and expected output shifted together, cells outside 30x30 clipped"
clipped_zero_padded_translation,arc-gen,48,"dr=2,dc=0",1,0,34,34,0,"input and expected output shifted together, cells outside 30x30 clipped"
clipped_zero_padded_translation,arc-gen,48,"dr=0,dc=-2",1,0,32,32,0,"input and expected output shifted together, cells outside 30x30 clipped"
clipped_zero_padded_translation,arc-gen,48,"dr=0,dc=2",1,0,30,30,0,"input and expected output shifted together, cells outside 30x30 clipped"
clipped_zero_padded_translation,arc-gen,49,"dr=-1,dc=0",1,0,2,2,0,"input and expected output shifted together, cells outside 30x30 clipped"
clipped_zero_padded_translation,arc-gen,49,"dr=1,dc=0",1,1,0,0,0,"input and expected output shifted together, cells outside 30x30 clipped"
clipped_zero_padded_translation,arc-gen,49,"dr=0,dc=-1",1,0,4,4,0,"input and expected output shifted together, cells outside 30x30 clipped"
clipped_zero_padded_translation,arc-gen,49,"dr=0,dc=1",1,0,4,4,0,"input and expected output shifted together, cells outside 30x30 clipped"
clipped_zero_padded_translation,arc-gen,49,"dr=-2,dc=0",1,0,32,32,0,"input and expected output shifted together, cells outside 30x30 clipped"
clipped_zero_padded_translation,arc-gen,49,"dr=2,dc=0",1,0,30,30,0,"input and expected output shifted together, cells outside 30x30 clipped"
clipped_zero_padded_translation,arc-gen,49,"dr=0,dc=-2",1,0,34,34,0,"input and expected output shifted together, cells outside 30x30 clipped"
clipped_zero_padded_translation,arc-gen,49,"dr=0,dc=2",1,0,34,34,0,"input and expected output shifted together, cells outside 30x30 clipped"
clipped_zero_padded_translation,arc-gen,50,"dr=-1,dc=0",1,0,5,5,0,"input and expected output shifted together, cells outside 30x30 clipped"
clipped_zero_padded_translation,arc-gen,50,"dr=1,dc=0",1,0,5,5,0,"input and expected output shifted together, cells outside 30x30 clipped"
clipped_zero_padded_translation,arc-gen,50,"dr=0,dc=-1",1,0,2,2,0,"input and expected output shifted together, cells outside 30x30 clipped"
clipped_zero_padded_translation,arc-gen,50,"dr=0,dc=1",1,0,14,14,0,"input and expected output shifted together, cells outside 30x30 clipped"
clipped_zero_padded_translation,arc-gen,50,"dr=-2,dc=0",1,0,35,35,0,"input and expected output shifted together, cells outside 30x30 clipped"
clipped_zero_padded_translation,arc-gen,50,"dr=2,dc=0",1,0,35,35,0,"input and expected output shifted together, cells outside 30x30 clipped"
clipped_zero_padded_translation,arc-gen,50,"dr=0,dc=-2",1,0,32,32,0,"input and expected output shifted together, cells outside 30x30 clipped"
clipped_zero_padded_translation,arc-gen,50,"dr=0,dc=2",1,0,28,28,0,"input and expected output shifted together, cells outside 30x30 clipped"
clipped_zero_padded_translation,arc-gen,51,"dr=-1,dc=0",1,0,14,14,0,"input and expected output shifted together, cells outside 30x30 clipped"
clipped_zero_padded_translation,arc-gen,51,"dr=1,dc=0",1,0,78,6,72,"input and expected output shifted together, cells outside 30x30 clipped"
clipped_zero_padded_translation,arc-gen,51,"dr=0,dc=-1",1,0,6,6,0,"input and expected output shifted together, cells outside 30x30 clipped"
clipped_zero_padded_translation,arc-gen,51,"dr=0,dc=1",1,0,6,6,0,"input and expected output shifted together, cells outside 30x30 clipped"
clipped_zero_padded_translation,arc-gen,51,"dr=-2,dc=0",1,0,28,28,0,"input and expected output shifted together, cells outside 30x30 clipped"
clipped_zero_padded_translation,arc-gen,51,"dr=2,dc=0",1,0,106,34,72,"input and expected output shifted together, cells outside 30x30 clipped"
clipped_zero_padded_translation,arc-gen,51,"dr=0,dc=-2",1,0,36,36,0,"input and expected output shifted together, cells outside 30x30 clipped"
clipped_zero_padded_translation,arc-gen,51,"dr=0,dc=2",1,0,36,36,0,"input and expected output shifted together, cells outside 30x30 clipped"
clipped_zero_padded_translation,arc-gen,52,"dr=-1,dc=0",1,0,4,4,0,"input and expected output shifted together, cells outside 30x30 clipped"
clipped_zero_padded_translation,arc-gen,52,"dr=1,dc=0",1,0,4,4,0,"input and expected output shifted together, cells outside 30x30 clipped"
clipped_zero_padded_translation,arc-gen,52,"dr=0,dc=-1",1,1,0,0,0,"input and expected output shifted together, cells outside 30x30 clipped"
clipped_zero_padded_translation,arc-gen,52,"dr=0,dc=1",1,0,2,2,0,"input and expected output shifted together, cells outside 30x30 clipped"
clipped_zero_padded_translation,arc-gen,52,"dr=-2,dc=0",1,0,34,34,0,"input and expected output shifted together, cells outside 30x30 clipped"
clipped_zero_padded_translation,arc-gen,52,"dr=2,dc=0",1,0,34,34,0,"input and expected output shifted together, cells outside 30x30 clipped"
clipped_zero_padded_translation,arc-gen,52,"dr=0,dc=-2",1,0,48,30,18,"input and expected output shifted together, cells outside 30x30 clipped"
clipped_zero_padded_translation,arc-gen,52,"dr=0,dc=2",1,0,32,32,0,"input and expected output shifted together, cells outside 30x30 clipped"
clipped_zero_padded_translation,arc-gen,53,"dr=-1,dc=0",1,0,8,3,5,"input and expected output shifted together, cells outside 30x30 clipped"
clipped_zero_padded_translation,arc-gen,53,"dr=1,dc=0",1,0,2,2,0,"input and expected output shifted together, cells outside 30x30 clipped"
clipped_zero_padded_translation,arc-gen,53,"dr=0,dc=-1",1,0,12,6,6,"input and expected output shifted together, cells outside 30x30 clipped"
clipped_zero_padded_translation,arc-gen,53,"dr=0,dc=1",1,0,12,6,6,"input and expected output shifted together, cells outside 30x30 clipped"
clipped_zero_padded_translation,arc-gen,53,"dr=-2,dc=0",1,0,37,33,4,"input and expected output shifted together, cells outside 30x30 clipped"
clipped_zero_padded_translation,arc-gen,53,"dr=2,dc=0",1,0,32,32,0,"input and expected output shifted together, cells outside 30x30 clipped"
clipped_zero_padded_translation,arc-gen,53,"dr=0,dc=-2",1,0,42,36,6,"input and expected output shifted together, cells outside 30x30 clipped"
clipped_zero_padded_translation,arc-gen,53,"dr=0,dc=2",1,0,42,36,6,"input and expected output shifted together, cells outside 30x30 clipped"
clipped_zero_padded_translation,arc-gen,54,"dr=-1,dc=0",1,0,2,2,0,"input and expected output shifted together, cells outside 30x30 clipped"
clipped_zero_padded_translation,arc-gen,54,"dr=1,dc=0",1,0,10,0,10,"input and expected output shifted together, cells outside 30x30 clipped"
clipped_zero_padded_translation,arc-gen,54,"dr=0,dc=-1",1,0,8,8,0,"input and expected output shifted together, cells outside 30x30 clipped"
clipped_zero_padded_translation,arc-gen,54,"dr=0,dc=1",1,1,0,0,0,"input and expected output shifted together, cells outside 30x30 clipped"
clipped_zero_padded_translation,arc-gen,54,"dr=-2,dc=0",1,0,32,32,0,"input and expected output shifted together, cells outside 30x30 clipped"
clipped_zero_padded_translation,arc-gen,54,"dr=2,dc=0",1,0,38,30,8,"input and expected output shifted together, cells outside 30x30 clipped"
clipped_zero_padded_translation,arc-gen,54,"dr=0,dc=-2",1,0,38,38,0,"input and expected output shifted together, cells outside 30x30 clipped"
clipped_zero_padded_translation,arc-gen,54,"dr=0,dc=2",1,0,30,30,0,"input and expected output shifted together, cells outside 30x30 clipped"
clipped_zero_padded_translation,arc-gen,55,"dr=-1,dc=0",1,0,67,1,66,"input and expected output shifted together, cells outside 30x30 clipped"
clipped_zero_padded_translation,arc-gen,55,"dr=1,dc=0",1,0,60,0,60,"input and expected output shifted together, cells outside 30x30 clipped"
clipped_zero_padded_translation,arc-gen,55,"dr=0,dc=-1",1,0,78,6,72,"input and expected output shifted together, cells outside 30x30 clipped"
clipped_zero_padded_translation,arc-gen,55,"dr=0,dc=1",1,0,78,6,72,"input and expected output shifted together, cells outside 30x30 clipped"
clipped_zero_padded_translation,arc-gen,55,"dr=-2,dc=0",1,0,42,42,0,"input and expected output shifted together, cells outside 30x30 clipped"
clipped_zero_padded_translation,arc-gen,55,"dr=2,dc=0",1,0,73,37,36,"input and expected output shifted together, cells outside 30x30 clipped"
clipped_zero_padded_translation,arc-gen,55,"dr=0,dc=-2",1,0,108,36,72,"input and expected output shifted together, cells outside 30x30 clipped"
clipped_zero_padded_translation,arc-gen,55,"dr=0,dc=2",1,0,108,36,72,"input and expected output shifted together, cells outside 30x30 clipped"
clipped_zero_padded_translation,arc-gen,56,"dr=-1,dc=0",1,0,14,6,8,"input and expected output shifted together, cells outside 30x30 clipped"
clipped_zero_padded_translation,arc-gen,56,"dr=1,dc=0",1,0,14,6,8,"input and expected output shifted together, cells outside 30x30 clipped"
clipped_zero_padded_translation,arc-gen,56,"dr=0,dc=-1",1,0,23,2,21,"input and expected output shifted together, cells outside 30x30 clipped"
clipped_zero_padded_translation,arc-gen,56,"dr=0,dc=1",1,0,10,2,8,"input and expected output shifted together, cells outside 30x30 clipped"
clipped_zero_padded_translation,arc-gen,56,"dr=-2,dc=0",1,0,44,36,8,"input and expected output shifted together, cells outside 30x30 clipped"
clipped_zero_padded_translation,arc-gen,56,"dr=2,dc=0",1,0,44,36,8,"input and expected output shifted together, cells outside 30x30 clipped"
clipped_zero_padded_translation,arc-gen,56,"dr=0,dc=-2",1,0,50,32,18,"input and expected output shifted together, cells outside 30x30 clipped"
clipped_zero_padded_translation,arc-gen,56,"dr=0,dc=2",1,0,40,32,8,"input and expected output shifted together, cells outside 30x30 clipped"
clipped_zero_padded_translation,arc-gen,57,"dr=-1,dc=0",1,0,8,8,0,"input and expected output shifted together, cells outside 30x30 clipped"
clipped_zero_padded_translation,arc-gen,57,"dr=1,dc=0",1,0,8,8,0,"input and expected output shifted together, cells outside 30x30 clipped"
clipped_zero_padded_translation,arc-gen,57,"dr=0,dc=-1",1,1,0,0,0,"input and expected output shifted together, cells outside 30x30 clipped"
clipped_zero_padded_translation,arc-gen,57,"dr=0,dc=1",1,1,0,0,0,"input and expected output shifted together, cells outside 30x30 clipped"
clipped_zero_padded_translation,arc-gen,57,"dr=-2,dc=0",1,0,38,38,0,"input and expected output shifted together, cells outside 30x30 clipped"
clipped_zero_padded_translation,arc-gen,57,"dr=2,dc=0",1,0,38,38,0,"input and expected output shifted together, cells outside 30x30 clipped"
clipped_zero_padded_translation,arc-gen,57,"dr=0,dc=-2",1,0,30,30,0,"input and expected output shifted together, cells outside 30x30 clipped"
clipped_zero_padded_translation,arc-gen,57,"dr=0,dc=2",1,0,30,30,0,"input and expected output shifted together, cells outside 30x30 clipped"
clipped_zero_padded_translation,arc-gen,58,"dr=-1,dc=0",1,0,4,4,0,"input and expected output shifted together, cells outside 30x30 clipped"
clipped_zero_padded_translation,arc-gen,58,"dr=1,dc=0",1,0,4,4,0,"input and expected output shifted together, cells outside 30x30 clipped"
clipped_zero_padded_translation,arc-gen,58,"dr=0,dc=-1",1,0,4,4,0,"input and expected output shifted together, cells outside 30x30 clipped"
clipped_zero_padded_translation,arc-gen,58,"dr=0,dc=1",1,1,0,0,0,"input and expected output shifted together, cells outside 30x30 clipped"
clipped_zero_padded_translation,arc-gen,58,"dr=-2,dc=0",1,0,34,34,0,"input and expected output shifted together, cells outside 30x30 clipped"
clipped_zero_padded_translation,arc-gen,58,"dr=2,dc=0",1,0,34,34,0,"input and expected output shifted together, cells outside 30x30 clipped"
clipped_zero_padded_translation,arc-gen,58,"dr=0,dc=-2",1,0,34,34,0,"input and expected output shifted together, cells outside 30x30 clipped"
clipped_zero_padded_translation,arc-gen,58,"dr=0,dc=2",1,0,30,30,0,"input and expected output shifted together, cells outside 30x30 clipped"
clipped_zero_padded_translation,arc-gen,59,"dr=-1,dc=0",1,0,6,6,0,"input and expected output shifted together, cells outside 30x30 clipped"
clipped_zero_padded_translation,arc-gen,59,"dr=1,dc=0",1,0,6,6,0,"input and expected output shifted together, cells outside 30x30 clipped"
clipped_zero_padded_translation,arc-gen,59,"dr=0,dc=-1",1,1,0,0,0,"input and expected output shifted together, cells outside 30x30 clipped"
clipped_zero_padded_translation,arc-gen,59,"dr=0,dc=1",1,0,2,2,0,"input and expected output shifted together, cells outside 30x30 clipped"
clipped_zero_padded_translation,arc-gen,59,"dr=-2,dc=0",1,0,36,36,0,"input and expected output shifted together, cells outside 30x30 clipped"
clipped_zero_padded_translation,arc-gen,59,"dr=2,dc=0",1,0,36,36,0,"input and expected output shifted together, cells outside 30x30 clipped"
clipped_zero_padded_translation,arc-gen,59,"dr=0,dc=-2",1,0,30,30,0,"input and expected output shifted together, cells outside 30x30 clipped"
clipped_zero_padded_translation,arc-gen,59,"dr=0,dc=2",1,0,32,32,0,"input and expected output shifted together, cells outside 30x30 clipped"
clipped_zero_padded_translation,arc-gen,60,"dr=-1,dc=0",1,0,10,10,0,"input and expected output shifted together, cells outside 30x30 clipped"
clipped_zero_padded_translation,arc-gen,60,"dr=1,dc=0",1,0,10,10,0,"input and expected output shifted together, cells outside 30x30 clipped"
clipped_zero_padded_translation,arc-gen,60,"dr=0,dc=-1",1,0,1,1,0,"input and expected output shifted together, cells outside 30x30 clipped"
clipped_zero_padded_translation,arc-gen,60,"dr=0,dc=1",1,1,0,0,0,"input and expected output shifted together, cells outside 30x30 clipped"
clipped_zero_padded_translation,arc-gen,60,"dr=-2,dc=0",1,0,40,40,0,"input and expected output shifted together, cells outside 30x30 clipped"
clipped_zero_padded_translation,arc-gen,60,"dr=2,dc=0",1,0,40,40,0,"input and expected output shifted together, cells outside 30x30 clipped"
clipped_zero_padded_translation,arc-gen,60,"dr=0,dc=-2",1,0,31,31,0,"input and expected output shifted together, cells outside 30x30 clipped"
clipped_zero_padded_translation,arc-gen,60,"dr=0,dc=2",1,0,30,30,0,"input and expected output shifted together, cells outside 30x30 clipped"
clipped_zero_padded_translation,arc-gen,61,"dr=-1,dc=0",1,1,0,0,0,"input and expected output shifted together, cells outside 30x30 clipped"
clipped_zero_padded_translation,arc-gen,61,"dr=1,dc=0",1,0,2,2,0,"input and expected output shifted together, cells outside 30x30 clipped"
clipped_zero_padded_translation,arc-gen,61,"dr=0,dc=-1",1,0,5,5,0,"input and expected output shifted together, cells outside 30x30 clipped"
clipped_zero_padded_translation,arc-gen,61,"dr=0,dc=1",1,0,5,5,0,"input and expected output shifted together, cells outside 30x30 clipped"
clipped_zero_padded_translation,arc-gen,61,"dr=-2,dc=0",1,0,30,30,0,"input and expected output shifted together, cells outside 30x30 clipped"
clipped_zero_padded_translation,arc-gen,61,"dr=2,dc=0",1,0,32,32,0,"input and expected output shifted together, cells outside 30x30 clipped"
clipped_zero_padded_translation,arc-gen,61,"dr=0,dc=-2",1,0,35,35,0,"input and expected output shifted together, cells outside 30x30 clipped"
clipped_zero_padded_translation,arc-gen,61,"dr=0,dc=2",1,0,35,35,0,"input and expected output shifted together, cells outside 30x30 clipped"
clipped_zero_padded_translation,arc-gen,62,"dr=-1,dc=0",1,0,10,10,0,"input and expected output shifted together, cells outside 30x30 clipped"
clipped_zero_padded_translation,arc-gen,62,"dr=1,dc=0",1,1,0,0,0,"input and expected output shifted together, cells outside 30x30 clipped"
clipped_zero_padded_translation,arc-gen,62,"dr=0,dc=-1",1,0,9,9,0,"input and expected output shifted together, cells outside 30x30 clipped"
clipped_zero_padded_translation,arc-gen,62,"dr=0,dc=1",1,0,16,16,0,"input and expected output shifted together, cells outside 30x30 clipped"
clipped_zero_padded_translation,arc-gen,62,"dr=-2,dc=0",1,0,40,40,0,"input and expected output shifted together, cells outside 30x30 clipped"
clipped_zero_padded_translation,arc-gen,62,"dr=2,dc=0",1,0,30,30,0,"input and expected output shifted together, cells outside 30x30 clipped"
clipped_zero_padded_translation,arc-gen,62,"dr=0,dc=-2",1,0,39,39,0,"input and expected output shifted together, cells outside 30x30 clipped"
clipped_zero_padded_translation,arc-gen,62,"dr=0,dc=2",1,0,32,32,0,"input and expected output shifted together, cells outside 30x30 clipped"
clipped_zero_padded_translation,arc-gen,63,"dr=-1,dc=0",1,0,2,2,0,"input and expected output shifted together, cells outside 30x30 clipped"
clipped_zero_padded_translation,arc-gen,63,"dr=1,dc=0",1,0,8,2,6,"input and expected output shifted together, cells outside 30x30 clipped"
clipped_zero_padded_translation,arc-gen,63,"dr=0,dc=-1",1,0,13,6,7,"input and expected output shifted together, cells outside 30x30 clipped"
clipped_zero_padded_translation,arc-gen,63,"dr=0,dc=1",1,0,13,6,7,"input and expected output shifted together, cells outside 30x30 clipped"
clipped_zero_padded_translation,arc-gen,63,"dr=-2,dc=0",1,0,32,32,0,"input and expected output shifted together, cells outside 30x30 clipped"
clipped_zero_padded_translation,arc-gen,63,"dr=2,dc=0",1,0,37,32,5,"input and expected output shifted together, cells outside 30x30 clipped"
clipped_zero_padded_translation,arc-gen,63,"dr=0,dc=-2",1,0,43,36,7,"input and expected output shifted together, cells outside 30x30 clipped"
clipped_zero_padded_translation,arc-gen,63,"dr=0,dc=2",1,0,43,36,7,"input and expected output shifted together, cells outside 30x30 clipped"
clipped_zero_padded_translation,arc-gen,64,"dr=-1,dc=0",1,1,0,0,0,"input and expected output shifted together, cells outside 30x30 clipped"
clipped_zero_padded_translation,arc-gen,64,"dr=1,dc=0",1,1,0,0,0,"input and expected output shifted together, cells outside 30x30 clipped"
clipped_zero_padded_translation,arc-gen,64,"dr=0,dc=-1",1,0,4,4,0,"input and expected output shifted together, cells outside 30x30 clipped"
clipped_zero_padded_translation,arc-gen,64,"dr=0,dc=1",1,0,4,4,0,"input and expected output shifted together, cells outside 30x30 clipped"
clipped_zero_padded_translation,arc-gen,64,"dr=-2,dc=0",1,0,30,30,0,"input and expected output shifted together, cells outside 30x30 clipped"
clipped_zero_padded_translation,arc-gen,64,"dr=2,dc=0",1,0,30,30,0,"input and expected output shifted together, cells outside 30x30 clipped"
clipped_zero_padded_translation,arc-gen,64,"dr=0,dc=-2",1,0,34,34,0,"input and expected output shifted together, cells outside 30x30 clipped"
clipped_zero_padded_translation,arc-gen,64,"dr=0,dc=2",1,0,34,34,0,"input and expected output shifted together, cells outside 30x30 clipped"
clipped_zero_padded_translation,arc-gen,65,"dr=-1,dc=0",1,0,3,3,0,"input and expected output shifted together, cells outside 30x30 clipped"
clipped_zero_padded_translation,arc-gen,65,"dr=1,dc=0",1,1,0,0,0,"input and expected output shifted together, cells outside 30x30 clipped"
clipped_zero_padded_translation,arc-gen,65,"dr=0,dc=-1",1,0,9,9,0,"input and expected output shifted together, cells outside 30x30 clipped"
clipped_zero_padded_translation,arc-gen,65,"dr=0,dc=1",1,0,9,9,0,"input and expected output shifted together, cells outside 30x30 clipped"
clipped_zero_padded_translation,arc-gen,65,"dr=-2,dc=0",1,0,33,33,0,"input and expected output shifted together, cells outside 30x30 clipped"
clipped_zero_padded_translation,arc-gen,65,"dr=2,dc=0",1,0,30,30,0,"input and expected output shifted together, cells outside 30x30 clipped"
clipped_zero_padded_translation,arc-gen,65,"dr=0,dc=-2",1,0,39,39,0,"input and expected output shifted together, cells outside 30x30 clipped"
clipped_zero_padded_translation,arc-gen,65,"dr=0,dc=2",1,0,39,39,0,"input and expected output shifted together, cells outside 30x30 clipped"
clipped_zero_padded_translation,arc-gen,66,"dr=-1,dc=0",1,0,8,8,0,"input and expected output shifted together, cells outside 30x30 clipped"
clipped_zero_padded_translation,arc-gen,66,"dr=1,dc=0",1,1,0,0,0,"input and expected output shifted together, cells outside 30x30 clipped"
clipped_zero_padded_translation,arc-gen,66,"dr=0,dc=-1",1,0,5,5,0,"input and expected output shifted together, cells outside 30x30 clipped"
clipped_zero_padded_translation,arc-gen,66,"dr=0,dc=1",1,0,5,5,0,"input and expected output shifted together, cells outside 30x30 clipped"
clipped_zero_padded_translation,arc-gen,66,"dr=-2,dc=0",1,0,38,38,0,"input and expected output shifted together, cells outside 30x30 clipped"
clipped_zero_padded_translation,arc-gen,66,"dr=2,dc=0",1,0,94,30,64,"input and expected output shifted together, cells outside 30x30 clipped"
clipped_zero_padded_translation,arc-gen,66,"dr=0,dc=-2",1,0,35,35,0,"input and expected output shifted together, cells outside 30x30 clipped"
clipped_zero_padded_translation,arc-gen,66,"dr=0,dc=2",1,0,35,35,0,"input and expected output shifted together, cells outside 30x30 clipped"
clipped_zero_padded_translation,arc-gen,67,"dr=-1,dc=0",1,0,68,5,63,"input and expected output shifted together, cells outside 30x30 clipped"
clipped_zero_padded_translation,arc-gen,67,"dr=1,dc=0",1,0,68,5,63,"input and expected output shifted together, cells outside 30x30 clipped"
clipped_zero_padded_translation,arc-gen,67,"dr=0,dc=-1",1,0,56,2,54,"input and expected output shifted together, cells outside 30x30 clipped"
clipped_zero_padded_translation,arc-gen,67,"dr=0,dc=1",1,0,57,1,56,"input and expected output shifted together, cells outside 30x30 clipped"
clipped_zero_padded_translation,arc-gen,67,"dr=-2,dc=0",1,0,98,35,63,"input and expected output shifted together, cells outside 30x30 clipped"
clipped_zero_padded_translation,arc-gen,67,"dr=2,dc=0",1,0,98,35,63,"input and expected output shifted together, cells outside 30x30 clipped"
clipped_zero_padded_translation,arc-gen,67,"dr=0,dc=-2",1,0,77,32,45,"input and expected output shifted together, cells outside 30x30 clipped"
clipped_zero_padded_translation,arc-gen,67,"dr=0,dc=2",1,0,125,30,95,"input and expected output shifted together, cells outside 30x30 clipped"
clipped_zero_padded_translation,arc-gen,68,"dr=-1,dc=0",1,0,3,3,0,"input and expected output shifted together, cells outside 30x30 clipped"
clipped_zero_padded_translation,arc-gen,68,"dr=1,dc=0",1,1,0,0,0,"input and expected output shifted together, cells outside 30x30 clipped"
clipped_zero_padded_translation,arc-gen,68,"dr=0,dc=-1",1,0,4,4,0,"input and expected output shifted together, cells outside 30x30 clipped"
clipped_zero_padded_translation,arc-gen,68,"dr=0,dc=1",1,0,4,4,0,"input and expected output shifted together, cells outside 30x30 clipped"
clipped_zero_padded_translation,arc-gen,68,"dr=-2,dc=0",1,0,33,33,0,"input and expected output shifted together, cells outside 30x30 clipped"
clipped_zero_padded_translation,arc-gen,68,"dr=2,dc=0",1,0,30,30,0,"input and expected output shifted together, cells outside 30x30 clipped"
clipped_zero_padded_translation,arc-gen,68,"dr=0,dc=-2",1,0,34,34,0,"input and expected output shifted together, cells outside 30x30 clipped"
clipped_zero_padded_translation,arc-gen,68,"dr=0,dc=2",1,0,34,34,0,"input and expected output shifted together, cells outside 30x30 clipped"
clipped_zero_padded_translation,arc-gen,69,"dr=-1,dc=0",1,0,9,9,0,"input and expected output shifted together, cells outside 30x30 clipped"
clipped_zero_padded_translation,arc-gen,69,"dr=1,dc=0",1,0,9,9,0,"input and expected output shifted together, cells outside 30x30 clipped"
clipped_zero_padded_translation,arc-gen,69,"dr=0,dc=-1",1,0,2,2,0,"input and expected output shifted together, cells outside 30x30 clipped"
clipped_zero_padded_translation,arc-gen,69,"dr=0,dc=1",1,0,3,3,0,"input and expected output shifted together, cells outside 30x30 clipped"
clipped_zero_padded_translation,arc-gen,69,"dr=-2,dc=0",1,0,39,39,0,"input and expected output shifted together, cells outside 30x30 clipped"
clipped_zero_padded_translation,arc-gen,69,"dr=2,dc=0",1,0,39,39,0,"input and expected output shifted together, cells outside 30x30 clipped"
clipped_zero_padded_translation,arc-gen,69,"dr=0,dc=-2",1,0,32,32,0,"input and expected output shifted together, cells outside 30x30 clipped"
clipped_zero_padded_translation,arc-gen,69,"dr=0,dc=2",1,0,33,33,0,"input and expected output shifted together, cells outside 30x30 clipped"
clipped_zero_padded_translation,arc-gen,70,"dr=-1,dc=0",1,1,0,0,0,"input and expected output shifted together, cells outside 30x30 clipped"
clipped_zero_padded_translation,arc-gen,70,"dr=1,dc=0",1,0,7,7,0,"input and expected output shifted together, cells outside 30x30 clipped"
clipped_zero_padded_translation,arc-gen,70,"dr=0,dc=-1",1,0,2,2,0,"input and expected output shifted together, cells outside 30x30 clipped"
clipped_zero_padded_translation,arc-gen,70,"dr=0,dc=1",1,1,0,0,0,"input and expected output shifted together, cells outside 30x30 clipped"
clipped_zero_padded_translation,arc-gen,70,"dr=-2,dc=0",1,0,30,30,0,"input and expected output shifted together, cells outside 30x30 clipped"
clipped_zero_padded_translation,arc-gen,70,"dr=2,dc=0",1,0,37,37,0,"input and expected output shifted together, cells outside 30x30 clipped"
clipped_zero_padded_translation,arc-gen,70,"dr=0,dc=-2",1,0,32,32,0,"input and expected output shifted together, cells outside 30x30 clipped"
clipped_zero_padded_translation,arc-gen,70,"dr=0,dc=2",1,0,30,30,0,"input and expected output shifted together, cells outside 30x30 clipped"
clipped_zero_padded_translation,arc-gen,71,"dr=-1,dc=0",1,0,56,0,56,"input and expected output shifted together, cells outside 30x30 clipped"
clipped_zero_padded_translation,arc-gen,71,"dr=1,dc=0",1,0,8,8,0,"input and expected output shifted together, cells outside 30x30 clipped"
clipped_zero_padded_translation,arc-gen,71,"dr=0,dc=-1",1,0,69,5,64,"input and expected output shifted together, cells outside 30x30 clipped"
clipped_zero_padded_translation,arc-gen,71,"dr=0,dc=1",1,0,69,5,64,"input and expected output shifted together, cells outside 30x30 clipped"
clipped_zero_padded_translation,arc-gen,71,"dr=-2,dc=0",1,0,78,30,48,"input and expected output shifted together, cells outside 30x30 clipped"
clipped_zero_padded_translation,arc-gen,71,"dr=2,dc=0",1,0,38,38,0,"input and expected output shifted together, cells outside 30x30 clipped"
clipped_zero_padded_translation,arc-gen,71,"dr=0,dc=-2",1,0,99,35,64,"input and expected output shifted together, cells outside 30x30 clipped"
clipped_zero_padded_translation,arc-gen,71,"dr=0,dc=2",1,0,99,35,64,"input and expected output shifted together, cells outside 30x30 clipped"
clipped_zero_padded_translation,arc-gen,72,"dr=-1,dc=0",1,1,0,0,0,"input and expected output shifted together, cells outside 30x30 clipped"
clipped_zero_padded_translation,arc-gen,72,"dr=1,dc=0",1,0,7,7,0,"input and expected output shifted together, cells outside 30x30 clipped"
clipped_zero_padded_translation,arc-gen,72,"dr=0,dc=-1",1,0,2,2,0,"input and expected output shifted together, cells outside 30x30 clipped"
clipped_zero_padded_translation,arc-gen,72,"dr=0,dc=1",1,1,0,0,0,"input and expected output shifted together, cells outside 30x30 clipped"
clipped_zero_padded_translation,arc-gen,72,"dr=-2,dc=0",1,0,30,30,0,"input and expected output shifted together, cells outside 30x30 clipped"
clipped_zero_padded_translation,arc-gen,72,"dr=2,dc=0",1,0,37,37,0,"input and expected output shifted together, cells outside 30x30 clipped"
clipped_zero_padded_translation,arc-gen,72,"dr=0,dc=-2",1,0,32,32,0,"input and expected output shifted together, cells outside 30x30 clipped"
clipped_zero_padded_translation,arc-gen,72,"dr=0,dc=2",1,0,30,30,0,"input and expected output shifted together, cells outside 30x30 clipped"
clipped_zero_padded_translation,arc-gen,73,"dr=-1,dc=0",1,0,7,7,0,"input and expected output shifted together, cells outside 30x30 clipped"
clipped_zero_padded_translation,arc-gen,73,"dr=1,dc=0",1,0,7,7,0,"input and expected output shifted together, cells outside 30x30 clipped"
clipped_zero_padded_translation,arc-gen,73,"dr=0,dc=-1",1,1,0,0,0,"input and expected output shifted together, cells outside 30x30 clipped"
clipped_zero_padded_translation,arc-gen,73,"dr=0,dc=1",1,0,8,8,0,"input and expected output shifted together, cells outside 30x30 clipped"
clipped_zero_padded_translation,arc-gen,73,"dr=-2,dc=0",1,0,37,37,0,"input and expected output shifted together, cells outside 30x30 clipped"
clipped_zero_padded_translation,arc-gen,73,"dr=2,dc=0",1,0,37,37,0,"input and expected output shifted together, cells outside 30x30 clipped"
clipped_zero_padded_translation,arc-gen,73,"dr=0,dc=-2",1,0,30,30,0,"input and expected output shifted together, cells outside 30x30 clipped"
clipped_zero_padded_translation,arc-gen,73,"dr=0,dc=2",1,0,38,38,0,"input and expected output shifted together, cells outside 30x30 clipped"
clipped_zero_padded_translation,arc-gen,74,"dr=-1,dc=0",1,0,2,2,0,"input and expected output shifted together, cells outside 30x30 clipped"
clipped_zero_padded_translation,arc-gen,74,"dr=1,dc=0",1,0,9,9,0,"input and expected output shifted together, cells outside 30x30 clipped"
clipped_zero_padded_translation,arc-gen,74,"dr=0,dc=-1",1,0,21,21,0,"input and expected output shifted together, cells outside 30x30 clipped"
clipped_zero_padded_translation,arc-gen,74,"dr=0,dc=1",1,1,0,0,0,"input and expected output shifted together, cells outside 30x30 clipped"
clipped_zero_padded_translation,arc-gen,74,"dr=-2,dc=0",1,0,32,32,0,"input and expected output shifted together, cells outside 30x30 clipped"
clipped_zero_padded_translation,arc-gen,74,"dr=2,dc=0",1,0,39,39,0,"input and expected output shifted together, cells outside 30x30 clipped"
clipped_zero_padded_translation,arc-gen,74,"dr=0,dc=-2",1,0,42,42,0,"input and expected output shifted together, cells outside 30x30 clipped"
clipped_zero_padded_translation,arc-gen,74,"dr=0,dc=2",1,0,30,30,0,"input and expected output shifted together, cells outside 30x30 clipped"
clipped_zero_padded_translation,arc-gen,75,"dr=-1,dc=0",1,1,0,0,0,"input and expected output shifted together, cells outside 30x30 clipped"
clipped_zero_padded_translation,arc-gen,75,"dr=1,dc=0",1,0,4,4,0,"input and expected output shifted together, cells outside 30x30 clipped"
clipped_zero_padded_translation,arc-gen,75,"dr=0,dc=-1",1,0,2,2,0,"input and expected output shifted together, cells outside 30x30 clipped"
clipped_zero_padded_translation,arc-gen,75,"dr=0,dc=1",1,1,0,0,0,"input and expected output shifted together, cells outside 30x30 clipped"
clipped_zero_padded_translation,arc-gen,75,"dr=-2,dc=0",1,0,30,30,0,"input and expected output shifted together, cells outside 30x30 clipped"
clipped_zero_padded_translation,arc-gen,75,"dr=2,dc=0",1,0,34,34,0,"input and expected output shifted together, cells outside 30x30 clipped"
clipped_zero_padded_translation,arc-gen,75,"dr=0,dc=-2",1,0,32,32,0,"input and expected output shifted together, cells outside 30x30 clipped"
clipped_zero_padded_translation,arc-gen,75,"dr=0,dc=2",1,0,30,30,0,"input and expected output shifted together, cells outside 30x30 clipped"
clipped_zero_padded_translation,arc-gen,76,"dr=-1,dc=0",1,0,9,9,0,"input and expected output shifted together, cells outside 30x30 clipped"
clipped_zero_padded_translation,arc-gen,76,"dr=1,dc=0",1,0,63,0,63,"input and expected output shifted together, cells outside 30x30 clipped"
clipped_zero_padded_translation,arc-gen,76,"dr=0,dc=-1",1,0,69,5,64,"input and expected output shifted together, cells outside 30x30 clipped"
clipped_zero_padded_translation,arc-gen,76,"dr=0,dc=1",1,0,69,5,64,"input and expected output shifted together, cells outside 30x30 clipped"
clipped_zero_padded_translation,arc-gen,76,"dr=-2,dc=0",1,0,39,39,0,"input and expected output shifted together, cells outside 30x30 clipped"
clipped_zero_padded_translation,arc-gen,76,"dr=2,dc=0",1,0,84,30,54,"input and expected output shifted together, cells outside 30x30 clipped"
clipped_zero_padded_translation,arc-gen,76,"dr=0,dc=-2",1,0,99,35,64,"input and expected output shifted together, cells outside 30x30 clipped"
clipped_zero_padded_translation,arc-gen,76,"dr=0,dc=2",1,0,99,35,64,"input and expected output shifted together, cells outside 30x30 clipped"
clipped_zero_padded_translation,arc-gen,77,"dr=-1,dc=0",1,1,0,0,0,"input and expected output shifted together, cells outside 30x30 clipped"
clipped_zero_padded_translation,arc-gen,77,"dr=1,dc=0",1,1,0,0,0,"input and expected output shifted together, cells outside 30x30 clipped"
clipped_zero_padded_translation,arc-gen,77,"dr=0,dc=-1",1,0,7,7,0,"input and expected output shifted together, cells outside 30x30 clipped"
clipped_zero_padded_translation,arc-gen,77,"dr=0,dc=1",1,0,7,7,0,"input and expected output shifted together, cells outside 30x30 clipped"
clipped_zero_padded_translation,arc-gen,77,"dr=-2,dc=0",1,0,30,30,0,"input and expected output shifted together, cells outside 30x30 clipped"
clipped_zero_padded_translation,arc-gen,77,"dr=2,dc=0",1,0,30,30,0,"input and expected output shifted together, cells outside 30x30 clipped"
clipped_zero_padded_translation,arc-gen,77,"dr=0,dc=-2",1,0,37,37,0,"input and expected output shifted together, cells outside 30x30 clipped"
clipped_zero_padded_translation,arc-gen,77,"dr=0,dc=2",1,0,37,37,0,"input and expected output shifted together, cells outside 30x30 clipped"
clipped_zero_padded_translation,arc-gen,78,"dr=-1,dc=0",1,0,16,8,8,"input and expected output shifted together, cells outside 30x30 clipped"
clipped_zero_padded_translation,arc-gen,78,"dr=1,dc=0",1,0,16,8,8,"input and expected output shifted together, cells outside 30x30 clipped"
clipped_zero_padded_translation,arc-gen,78,"dr=0,dc=-1",1,0,20,6,14,"input and expected output shifted together, cells outside 30x30 clipped"
clipped_zero_padded_translation,arc-gen,78,"dr=0,dc=1",1,0,11,3,8,"input and expected output shifted together, cells outside 30x30 clipped"
clipped_zero_padded_translation,arc-gen,78,"dr=-2,dc=0",1,0,46,38,8,"input and expected output shifted together, cells outside 30x30 clipped"
clipped_zero_padded_translation,arc-gen,78,"dr=2,dc=0",1,0,46,38,8,"input and expected output shifted together, cells outside 30x30 clipped"
clipped_zero_padded_translation,arc-gen,78,"dr=0,dc=-2",1,0,48,36,12,"input and expected output shifted together, cells outside 30x30 clipped"
clipped_zero_padded_translation,arc-gen,78,"dr=0,dc=2",1,0,41,33,8,"input and expected output shifted together, cells outside 30x30 clipped"
clipped_zero_padded_translation,arc-gen,79,"dr=-1,dc=0",1,0,14,14,0,"input and expected output shifted together, cells outside 30x30 clipped"
clipped_zero_padded_translation,arc-gen,79,"dr=1,dc=0",1,1,0,0,0,"input and expected output shifted together, cells outside 30x30 clipped"
clipped_zero_padded_translation,arc-gen,79,"dr=0,dc=-1",1,0,6,6,0,"input and expected output shifted together, cells outside 30x30 clipped"
clipped_zero_padded_translation,arc-gen,79,"dr=0,dc=1",1,0,6,6,0,"input and expected output shifted together, cells outside 30x30 clipped"
clipped_zero_padded_translation,arc-gen,79,"dr=-2,dc=0",1,0,28,28,0,"input and expected output shifted together, cells outside 30x30 clipped"
clipped_zero_padded_translation,arc-gen,79,"dr=2,dc=0",1,0,30,30,0,"input and expected output shifted together, cells outside 30x30 clipped"
clipped_zero_padded_translation,arc-gen,79,"dr=0,dc=-2",1,0,36,36,0,"input and expected output shifted together, cells outside 30x30 clipped"
clipped_zero_padded_translation,arc-gen,79,"dr=0,dc=2",1,0,36,36,0,"input and expected output shifted together, cells outside 30x30 clipped"
clipped_zero_padded_translation,arc-gen,80,"dr=-1,dc=0",1,1,0,0,0,"input and expected output shifted together, cells outside 30x30 clipped"
clipped_zero_padded_translation,arc-gen,80,"dr=1,dc=0",1,1,0,0,0,"input and expected output shifted together, cells outside 30x30 clipped"
clipped_zero_padded_translation,arc-gen,80,"dr=0,dc=-1",1,0,8,8,0,"input and expected output shifted together, cells outside 30x30 clipped"
clipped_zero_padded_translation,arc-gen,80,"dr=0,dc=1",1,0,15,15,0,"input and expected output shifted together, cells outside 30x30 clipped"
clipped_zero_padded_translation,arc-gen,80,"dr=-2,dc=0",1,0,30,30,0,"input and expected output shifted together, cells outside 30x30 clipped"
clipped_zero_padded_translation,arc-gen,80,"dr=2,dc=0",1,0,30,30,0,"input and expected output shifted together, cells outside 30x30 clipped"
clipped_zero_padded_translation,arc-gen,80,"dr=0,dc=-2",1,0,38,38,0,"input and expected output shifted together, cells outside 30x30 clipped"
clipped_zero_padded_translation,arc-gen,80,"dr=0,dc=2",1,0,30,30,0,"input and expected output shifted together, cells outside 30x30 clipped"
clipped_zero_padded_translation,arc-gen,81,"dr=-1,dc=0",1,0,55,7,48,"input and expected output shifted together, cells outside 30x30 clipped"
clipped_zero_padded_translation,arc-gen,81,"dr=1,dc=0",1,0,55,7,48,"input and expected output shifted together, cells outside 30x30 clipped"
clipped_zero_padded_translation,arc-gen,81,"dr=0,dc=-1",1,0,43,3,40,"input and expected output shifted together, cells outside 30x30 clipped"
clipped_zero_padded_translation,arc-gen,81,"dr=0,dc=1",1,0,8,8,0,"input and expected output shifted together, cells outside 30x30 clipped"
clipped_zero_padded_translation,arc-gen,81,"dr=-2,dc=0",1,0,85,37,48,"input and expected output shifted together, cells outside 30x30 clipped"
clipped_zero_padded_translation,arc-gen,81,"dr=2,dc=0",1,0,85,37,48,"input and expected output shifted together, cells outside 30x30 clipped"
clipped_zero_padded_translation,arc-gen,81,"dr=0,dc=-2",1,0,65,33,32,"input and expected output shifted together, cells outside 30x30 clipped"
clipped_zero_padded_translation,arc-gen,81,"dr=0,dc=2",1,0,38,38,0,"input and expected output shifted together, cells outside 30x30 clipped"
clipped_zero_padded_translation,arc-gen,82,"dr=-1,dc=0",1,1,0,0,0,"input and expected output shifted together, cells outside 30x30 clipped"
clipped_zero_padded_translation,arc-gen,82,"dr=1,dc=0",1,0,5,5,0,"input and expected output shifted together, cells outside 30x30 clipped"
clipped_zero_padded_translation,arc-gen,82,"dr=0,dc=-1",1,0,2,2,0,"input and expected output shifted together, cells outside 30x30 clipped"
clipped_zero_padded_translation,arc-gen,82,"dr=0,dc=1",1,1,0,0,0,"input and expected output shifted together, cells outside 30x30 clipped"
clipped_zero_padded_translation,arc-gen,82,"dr=-2,dc=0",1,0,30,30,0,"input and expected output shifted together, cells outside 30x30 clipped"
clipped_zero_padded_translation,arc-gen,82,"dr=2,dc=0",1,0,35,35,0,"input and expected output shifted together, cells outside 30x30 clipped"
clipped_zero_padded_translation,arc-gen,82,"dr=0,dc=-2",1,0,32,32,0,"input and expected output shifted together, cells outside 30x30 clipped"
clipped_zero_padded_translation,arc-gen,82,"dr=0,dc=2",1,0,30,30,0,"input and expected output shifted together, cells outside 30x30 clipped"
clipped_zero_padded_translation,arc-gen,83,"dr=-1,dc=0",1,0,63,0,63,"input and expected output shifted together, cells outside 30x30 clipped"
clipped_zero_padded_translation,arc-gen,83,"dr=1,dc=0",1,0,72,0,72,"input and expected output shifted together, cells outside 30x30 clipped"
clipped_zero_padded_translation,arc-gen,83,"dr=0,dc=-1",1,0,76,4,72,"input and expected output shifted together, cells outside 30x30 clipped"
clipped_zero_padded_translation,arc-gen,83,"dr=0,dc=1",1,0,72,0,72,"input and expected output shifted together, cells outside 30x30 clipped"
clipped_zero_padded_translation,arc-gen,83,"dr=-2,dc=0",1,0,84,30,54,"input and expected output shifted together, cells outside 30x30 clipped"
clipped_zero_padded_translation,arc-gen,83,"dr=2,dc=0",1,0,39,39,0,"input and expected output shifted together, cells outside 30x30 clipped"
clipped_zero_padded_translation,arc-gen,83,"dr=0,dc=-2",1,0,106,34,72,"input and expected output shifted together, cells outside 30x30 clipped"
clipped_zero_padded_translation,arc-gen,83,"dr=0,dc=2",1,0,102,30,72,"input and expected output shifted together, cells outside 30x30 clipped"
clipped_zero_padded_translation,arc-gen,84,"dr=-1,dc=0",1,0,3,3,0,"input and expected output shifted together, cells outside 30x30 clipped"
clipped_zero_padded_translation,arc-gen,84,"dr=1,dc=0",1,0,16,4,12,"input and expected output shifted together, cells outside 30x30 clipped"
clipped_zero_padded_translation,arc-gen,84,"dr=0,dc=-1",1,0,7,7,0,"input and expected output shifted together, cells outside 30x30 clipped"
clipped_zero_padded_translation,arc-gen,84,"dr=0,dc=1",1,1,0,0,0,"input and expected output shifted together, cells outside 30x30 clipped"
clipped_zero_padded_translation,arc-gen,84,"dr=-2,dc=0",1,0,33,33,0,"input and expected output shifted together, cells outside 30x30 clipped"
clipped_zero_padded_translation,arc-gen,84,"dr=2,dc=0",1,0,44,34,10,"input and expected output shifted together, cells outside 30x30 clipped"
clipped_zero_padded_translation,arc-gen,84,"dr=0,dc=-2",1,0,37,37,0,"input and expected output shifted together, cells outside 30x30 clipped"
clipped_zero_padded_translation,arc-gen,84,"dr=0,dc=2",1,0,30,30,0,"input and expected output shifted together, cells outside 30x30 clipped"
clipped_zero_padded_translation,arc-gen,85,"dr=-1,dc=0",1,1,0,0,0,"input and expected output shifted together, cells outside 30x30 clipped"
clipped_zero_padded_translation,arc-gen,85,"dr=1,dc=0",1,1,0,0,0,"input and expected output shifted together, cells outside 30x30 clipped"
clipped_zero_padded_translation,arc-gen,85,"dr=0,dc=-1",1,0,15,15,0,"input and expected output shifted together, cells outside 30x30 clipped"
clipped_zero_padded_translation,arc-gen,85,"dr=0,dc=1",1,0,8,8,0,"input and expected output shifted together, cells outside 30x30 clipped"
clipped_zero_padded_translation,arc-gen,85,"dr=-2,dc=0",1,0,30,30,0,"input and expected output shifted together, cells outside 30x30 clipped"
clipped_zero_padded_translation,arc-gen,85,"dr=2,dc=0",1,0,30,30,0,"input and expected output shifted together, cells outside 30x30 clipped"
clipped_zero_padded_translation,arc-gen,85,"dr=0,dc=-2",1,0,30,30,0,"input and expected output shifted together, cells outside 30x30 clipped"
clipped_zero_padded_translation,arc-gen,85,"dr=0,dc=2",1,0,38,38,0,"input and expected output shifted together, cells outside 30x30 clipped"
clipped_zero_padded_translation,arc-gen,86,"dr=-1,dc=0",1,0,11,11,0,"input and expected output shifted together, cells outside 30x30 clipped"
clipped_zero_padded_translation,arc-gen,86,"dr=1,dc=0",1,1,0,0,0,"input and expected output shifted together, cells outside 30x30 clipped"
clipped_zero_padded_translation,arc-gen,86,"dr=0,dc=-1",1,0,9,9,0,"input and expected output shifted together, cells outside 30x30 clipped"
clipped_zero_padded_translation,arc-gen,86,"dr=0,dc=1",1,0,9,9,0,"input and expected output shifted together, cells outside 30x30 clipped"
clipped_zero_padded_translation,arc-gen,86,"dr=-2,dc=0",1,0,41,41,0,"input and expected output shifted together, cells outside 30x30 clipped"
clipped_zero_padded_translation,arc-gen,86,"dr=2,dc=0",1,0,70,30,40,"input and expected output shifted together, cells outside 30x30 clipped"
clipped_zero_padded_translation,arc-gen,86,"dr=0,dc=-2",1,0,39,39,0,"input and expected output shifted together, cells outside 30x30 clipped"
clipped_zero_padded_translation,arc-gen,86,"dr=0,dc=2",1,0,39,39,0,"input and expected output shifted together, cells outside 30x30 clipped"
clipped_zero_padded_translation,arc-gen,87,"dr=-1,dc=0",1,0,3,3,0,"input and expected output shifted together, cells outside 30x30 clipped"
clipped_zero_padded_translation,arc-gen,87,"dr=1,dc=0",1,0,21,0,21,"input and expected output shifted together, cells outside 30x30 clipped"
clipped_zero_padded_translation,arc-gen,87,"dr=0,dc=-1",1,0,6,6,0,"input and expected output shifted together, cells outside 30x30 clipped"
clipped_zero_padded_translation,arc-gen,87,"dr=0,dc=1",1,1,0,0,0,"input and expected output shifted together, cells outside 30x30 clipped"
clipped_zero_padded_translation,arc-gen,87,"dr=-2,dc=0",1,0,33,33,0,"input and expected output shifted together, cells outside 30x30 clipped"
clipped_zero_padded_translation,arc-gen,87,"dr=2,dc=0",1,0,48,30,18,"input and expected output shifted together, cells outside 30x30 clipped"
clipped_zero_padded_translation,arc-gen,87,"dr=0,dc=-2",1,0,36,36,0,"input and expected output shifted together, cells outside 30x30 clipped"
clipped_zero_padded_translation,arc-gen,87,"dr=0,dc=2",1,0,30,30,0,"input and expected output shifted together, cells outside 30x30 clipped"
clipped_zero_padded_translation,arc-gen,88,"dr=-1,dc=0",1,1,0,0,0,"input and expected output shifted together, cells outside 30x30 clipped"
clipped_zero_padded_translation,arc-gen,88,"dr=1,dc=0",1,0,2,2,0,"input and expected output shifted together, cells outside 30x30 clipped"
clipped_zero_padded_translation,arc-gen,88,"dr=0,dc=-1",1,0,6,6,0,"input and expected output shifted together, cells outside 30x30 clipped"
clipped_zero_padded_translation,arc-gen,88,"dr=0,dc=1",1,0,6,6,0,"input and expected output shifted together, cells outside 30x30 clipped"
clipped_zero_padded_translation,arc-gen,88,"dr=-2,dc=0",1,0,30,30,0,"input and expected output shifted together, cells outside 30x30 clipped"
clipped_zero_padded_translation,arc-gen,88,"dr=2,dc=0",1,0,32,32,0,"input and expected output shifted together, cells outside 30x30 clipped"
clipped_zero_padded_translation,arc-gen,88,"dr=0,dc=-2",1,0,36,36,0,"input and expected output shifted together, cells outside 30x30 clipped"
clipped_zero_padded_translation,arc-gen,88,"dr=0,dc=2",1,0,36,36,0,"input and expected output shifted together, cells outside 30x30 clipped"
clipped_zero_padded_translation,arc-gen,89,"dr=-1,dc=0",1,0,20,20,0,"input and expected output shifted together, cells outside 30x30 clipped"
clipped_zero_padded_translation,arc-gen,89,"dr=1,dc=0",1,1,0,0,0,"input and expected output shifted together, cells outside 30x30 clipped"
clipped_zero_padded_translation,arc-gen,89,"dr=0,dc=-1",1,0,2,2,0,"input and expected output shifted together, cells outside 30x30 clipped"
clipped_zero_padded_translation,arc-gen,89,"dr=0,dc=1",1,0,8,8,0,"input and expected output shifted together, cells outside 30x30 clipped"
clipped_zero_padded_translation,arc-gen,89,"dr=-2,dc=0",1,0,40,40,0,"input and expected output shifted together, cells outside 30x30 clipped"
clipped_zero_padded_translation,arc-gen,89,"dr=2,dc=0",1,0,30,30,0,"input and expected output shifted together, cells outside 30x30 clipped"
clipped_zero_padded_translation,arc-gen,89,"dr=0,dc=-2",1,0,96,32,64,"input and expected output shifted together, cells outside 30x30 clipped"
clipped_zero_padded_translation,arc-gen,89,"dr=0,dc=2",1,0,38,38,0,"input and expected output shifted together, cells outside 30x30 clipped"
clipped_zero_padded_translation,arc-gen,90,"dr=-1,dc=0",1,0,15,0,15,"input and expected output shifted together, cells outside 30x30 clipped"
clipped_zero_padded_translation,arc-gen,90,"dr=1,dc=0",1,0,3,3,0,"input and expected output shifted together, cells outside 30x30 clipped"
clipped_zero_padded_translation,arc-gen,90,"dr=0,dc=-1",1,0,8,8,0,"input and expected output shifted together, cells outside 30x30 clipped"
clipped_zero_padded_translation,arc-gen,90,"dr=0,dc=1",1,0,8,8,0,"input and expected output shifted together, cells outside 30x30 clipped"
clipped_zero_padded_translation,arc-gen,90,"dr=-2,dc=0",1,0,42,30,12,"input and expected output shifted together, cells outside 30x30 clipped"
clipped_zero_padded_translation,arc-gen,90,"dr=2,dc=0",1,0,33,33,0,"input and expected output shifted together, cells outside 30x30 clipped"
clipped_zero_padded_translation,arc-gen,90,"dr=0,dc=-2",1,0,38,38,0,"input and expected output shifted together, cells outside 30x30 clipped"
clipped_zero_padded_translation,arc-gen,90,"dr=0,dc=2",1,0,38,38,0,"input and expected output shifted together, cells outside 30x30 clipped"
clipped_zero_padded_translation,arc-gen,91,"dr=-1,dc=0",1,0,5,5,0,"input and expected output shifted together, cells outside 30x30 clipped"
clipped_zero_padded_translation,arc-gen,91,"dr=1,dc=0",1,0,5,5,0,"input and expected output shifted together, cells outside 30x30 clipped"
clipped_zero_padded_translation,arc-gen,91,"dr=0,dc=-1",1,0,2,2,0,"input and expected output shifted together, cells outside 30x30 clipped"
clipped_zero_padded_translation,arc-gen,91,"dr=0,dc=1",1,1,0,0,0,"input and expected output shifted together, cells outside 30x30 clipped"
clipped_zero_padded_translation,arc-gen,91,"dr=-2,dc=0",1,0,35,35,0,"input and expected output shifted together, cells outside 30x30 clipped"
clipped_zero_padded_translation,arc-gen,91,"dr=2,dc=0",1,0,35,35,0,"input and expected output shifted together, cells outside 30x30 clipped"
clipped_zero_padded_translation,arc-gen,91,"dr=0,dc=-2",1,0,32,32,0,"input and expected output shifted together, cells outside 30x30 clipped"
clipped_zero_padded_translation,arc-gen,91,"dr=0,dc=2",1,0,30,30,0,"input and expected output shifted together, cells outside 30x30 clipped"
clipped_zero_padded_translation,arc-gen,92,"dr=-1,dc=0",1,1,0,0,0,"input and expected output shifted together, cells outside 30x30 clipped"
clipped_zero_padded_translation,arc-gen,92,"dr=1,dc=0",1,1,0,0,0,"input and expected output shifted together, cells outside 30x30 clipped"
clipped_zero_padded_translation,arc-gen,92,"dr=0,dc=-1",1,0,7,7,0,"input and expected output shifted together, cells outside 30x30 clipped"
clipped_zero_padded_translation,arc-gen,92,"dr=0,dc=1",1,1,0,0,0,"input and expected output shifted together, cells outside 30x30 clipped"
clipped_zero_padded_translation,arc-gen,92,"dr=-2,dc=0",1,0,30,30,0,"input and expected output shifted together, cells outside 30x30 clipped"
clipped_zero_padded_translation,arc-gen,92,"dr=2,dc=0",1,0,30,30,0,"input and expected output shifted together, cells outside 30x30 clipped"
clipped_zero_padded_translation,arc-gen,92,"dr=0,dc=-2",1,0,37,37,0,"input and expected output shifted together, cells outside 30x30 clipped"
clipped_zero_padded_translation,arc-gen,92,"dr=0,dc=2",1,0,30,30,0,"input and expected output shifted together, cells outside 30x30 clipped"
clipped_zero_padded_translation,arc-gen,93,"dr=-1,dc=0",1,1,0,0,0,"input and expected output shifted together, cells outside 30x30 clipped"
clipped_zero_padded_translation,arc-gen,93,"dr=1,dc=0",1,1,0,0,0,"input and expected output shifted together, cells outside 30x30 clipped"
clipped_zero_padded_translation,arc-gen,93,"dr=0,dc=-1",1,0,7,7,0,"input and expected output shifted together, cells outside 30x30 clipped"
clipped_zero_padded_translation,arc-gen,93,"dr=0,dc=1",1,0,14,14,0,"input and expected output shifted together, cells outside 30x30 clipped"
clipped_zero_padded_translation,arc-gen,93,"dr=-2,dc=0",1,0,30,30,0,"input and expected output shifted together, cells outside 30x30 clipped"
clipped_zero_padded_translation,arc-gen,93,"dr=2,dc=0",1,0,30,30,0,"input and expected output shifted together, cells outside 30x30 clipped"
clipped_zero_padded_translation,arc-gen,93,"dr=0,dc=-2",1,0,37,37,0,"input and expected output shifted together, cells outside 30x30 clipped"
clipped_zero_padded_translation,arc-gen,93,"dr=0,dc=2",1,0,30,30,0,"input and expected output shifted together, cells outside 30x30 clipped"
clipped_zero_padded_translation,arc-gen,94,"dr=-1,dc=0",1,0,17,17,0,"input and expected output shifted together, cells outside 30x30 clipped"
clipped_zero_padded_translation,arc-gen,94,"dr=1,dc=0",1,0,9,9,0,"input and expected output shifted together, cells outside 30x30 clipped"
clipped_zero_padded_translation,arc-gen,94,"dr=0,dc=-1",1,0,2,2,0,"input and expected output shifted together, cells outside 30x30 clipped"
clipped_zero_padded_translation,arc-gen,94,"dr=0,dc=1",1,0,3,3,0,"input and expected output shifted together, cells outside 30x30 clipped"
clipped_zero_padded_translation,arc-gen,94,"dr=-2,dc=0",1,0,34,34,0,"input and expected output shifted together, cells outside 30x30 clipped"
clipped_zero_padded_translation,arc-gen,94,"dr=2,dc=0",1,0,39,39,0,"input and expected output shifted together, cells outside 30x30 clipped"
clipped_zero_padded_translation,arc-gen,94,"dr=0,dc=-2",1,0,32,32,0,"input and expected output shifted together, cells outside 30x30 clipped"
clipped_zero_padded_translation,arc-gen,94,"dr=0,dc=2",1,0,33,33,0,"input and expected output shifted together, cells outside 30x30 clipped"
clipped_zero_padded_translation,arc-gen,95,"dr=-1,dc=0",1,0,4,4,0,"input and expected output shifted together, cells outside 30x30 clipped"
clipped_zero_padded_translation,arc-gen,95,"dr=1,dc=0",1,0,4,4,0,"input and expected output shifted together, cells outside 30x30 clipped"
clipped_zero_padded_translation,arc-gen,95,"dr=0,dc=-1",1,1,0,0,0,"input and expected output shifted together, cells outside 30x30 clipped"
clipped_zero_padded_translation,arc-gen,95,"dr=0,dc=1",1,1,0,0,0,"input and expected output shifted together, cells outside 30x30 clipped"
clipped_zero_padded_translation,arc-gen,95,"dr=-2,dc=0",1,0,34,34,0,"input and expected output shifted together, cells outside 30x30 clipped"
clipped_zero_padded_translation,arc-gen,95,"dr=2,dc=0",1,0,34,34,0,"input and expected output shifted together, cells outside 30x30 clipped"
clipped_zero_padded_translation,arc-gen,95,"dr=0,dc=-2",1,0,30,30,0,"input and expected output shifted together, cells outside 30x30 clipped"
clipped_zero_padded_translation,arc-gen,95,"dr=0,dc=2",1,0,30,30,0,"input and expected output shifted together, cells outside 30x30 clipped"
clipped_zero_padded_translation,arc-gen,96,"dr=-1,dc=0",1,0,8,8,0,"input and expected output shifted together, cells outside 30x30 clipped"
clipped_zero_padded_translation,arc-gen,96,"dr=1,dc=0",1,0,8,8,0,"input and expected output shifted together, cells outside 30x30 clipped"
clipped_zero_padded_translation,arc-gen,96,"dr=0,dc=-1",1,0,2,2,0,"input and expected output shifted together, cells outside 30x30 clipped"
clipped_zero_padded_translation,arc-gen,96,"dr=0,dc=1",1,1,0,0,0,"input and expected output shifted together, cells outside 30x30 clipped"
clipped_zero_padded_translation,arc-gen,96,"dr=-2,dc=0",1,0,38,38,0,"input and expected output shifted together, cells outside 30x30 clipped"
clipped_zero_padded_translation,arc-gen,96,"dr=2,dc=0",1,0,38,38,0,"input and expected output shifted together, cells outside 30x30 clipped"
clipped_zero_padded_translation,arc-gen,96,"dr=0,dc=-2",1,0,32,32,0,"input and expected output shifted together, cells outside 30x30 clipped"
clipped_zero_padded_translation,arc-gen,96,"dr=0,dc=2",1,0,30,30,0,"input and expected output shifted together, cells outside 30x30 clipped"
clipped_zero_padded_translation,arc-gen,97,"dr=-1,dc=0",1,0,4,4,0,"input and expected output shifted together, cells outside 30x30 clipped"
clipped_zero_padded_translation,arc-gen,97,"dr=1,dc=0",1,0,2,2,0,"input and expected output shifted together, cells outside 30x30 clipped"
clipped_zero_padded_translation,arc-gen,97,"dr=0,dc=-1",1,0,4,4,0,"input and expected output shifted together, cells outside 30x30 clipped"
clipped_zero_padded_translation,arc-gen,97,"dr=0,dc=1",1,0,4,4,0,"input and expected output shifted together, cells outside 30x30 clipped"
clipped_zero_padded_translation,arc-gen,97,"dr=-2,dc=0",1,0,34,34,0,"input and expected output shifted together, cells outside 30x30 clipped"
clipped_zero_padded_translation,arc-gen,97,"dr=2,dc=0",1,0,59,32,27,"input and expected output shifted together, cells outside 30x30 clipped"
clipped_zero_padded_translation,arc-gen,97,"dr=0,dc=-2",1,0,34,34,0,"input and expected output shifted together, cells outside 30x30 clipped"
clipped_zero_padded_translation,arc-gen,97,"dr=0,dc=2",1,0,34,34,0,"input and expected output shifted together, cells outside 30x30 clipped"
clipped_zero_padded_translation,arc-gen,98,"dr=-1,dc=0",1,0,7,7,0,"input and expected output shifted together, cells outside 30x30 clipped"
clipped_zero_padded_translation,arc-gen,98,"dr=1,dc=0",1,0,7,7,0,"input and expected output shifted together, cells outside 30x30 clipped"
clipped_zero_padded_translation,arc-gen,98,"dr=0,dc=-1",1,1,0,0,0,"input and expected output shifted together, cells outside 30x30 clipped"
clipped_zero_padded_translation,arc-gen,98,"dr=0,dc=1",1,0,8,8,0,"input and expected output shifted together, cells outside 30x30 clipped"
clipped_zero_padded_translation,arc-gen,98,"dr=-2,dc=0",1,0,37,37,0,"input and expected output shifted together, cells outside 30x30 clipped"
clipped_zero_padded_translation,arc-gen,98,"dr=2,dc=0",1,0,37,37,0,"input and expected output shifted together, cells outside 30x30 clipped"
clipped_zero_padded_translation,arc-gen,98,"dr=0,dc=-2",1,0,30,30,0,"input and expected output shifted together, cells outside 30x30 clipped"
clipped_zero_padded_translation,arc-gen,98,"dr=0,dc=2",1,0,38,38,0,"input and expected output shifted together, cells outside 30x30 clipped"
clipped_zero_padded_translation,arc-gen,99,"dr=-1,dc=0",1,0,5,5,0,"input and expected output shifted together, cells outside 30x30 clipped"
clipped_zero_padded_translation,arc-gen,99,"dr=1,dc=0",1,0,5,5,0,"input and expected output shifted together, cells outside 30x30 clipped"
clipped_zero_padded_translation,arc-gen,99,"dr=0,dc=-1",1,0,2,2,0,"input and expected output shifted together, cells outside 30x30 clipped"
clipped_zero_padded_translation,arc-gen,99,"dr=0,dc=1",1,1,0,0,0,"input and expected output shifted together, cells outside 30x30 clipped"
clipped_zero_padded_translation,arc-gen,99,"dr=-2,dc=0",1,0,35,35,0,"input and expected output shifted together, cells outside 30x30 clipped"
clipped_zero_padded_translation,arc-gen,99,"dr=2,dc=0",1,0,35,35,0,"input and expected output shifted together, cells outside 30x30 clipped"
clipped_zero_padded_translation,arc-gen,99,"dr=0,dc=-2",1,0,32,32,0,"input and expected output shifted together, cells outside 30x30 clipped"
clipped_zero_padded_translation,arc-gen,99,"dr=0,dc=2",1,0,30,30,0,"input and expected output shifted together, cells outside 30x30 clipped"
clipped_zero_padded_translation,arc-gen,100,"dr=-1,dc=0",1,0,2,2,0,"input and expected output shifted together, cells outside 30x30 clipped"
clipped_zero_padded_translation,arc-gen,100,"dr=1,dc=0",1,1,0,0,0,"input and expected output shifted together, cells outside 30x30 clipped"
clipped_zero_padded_translation,arc-gen,100,"dr=0,dc=-1",1,0,6,6,0,"input and expected output shifted together, cells outside 30x30 clipped"
clipped_zero_padded_translation,arc-gen,100,"dr=0,dc=1",1,0,6,6,0,"input and expected output shifted together, cells outside 30x30 clipped"
clipped_zero_padded_translation,arc-gen,100,"dr=-2,dc=0",1,0,32,32,0,"input and expected output shifted together, cells outside 30x30 clipped"
clipped_zero_padded_translation,arc-gen,100,"dr=2,dc=0",1,0,30,30,0,"input and expected output shifted together, cells outside 30x30 clipped"
clipped_zero_padded_translation,arc-gen,100,"dr=0,dc=-2",1,0,36,36,0,"input and expected output shifted together, cells outside 30x30 clipped"
clipped_zero_padded_translation,arc-gen,100,"dr=0,dc=2",1,0,36,36,0,"input and expected output shifted together, cells outside 30x30 clipped"
clipped_zero_padded_translation,arc-gen,101,"dr=-1,dc=0",1,0,15,1,14,"input and expected output shifted together, cells outside 30x30 clipped"
clipped_zero_padded_translation,arc-gen,101,"dr=1,dc=0",1,0,3,3,0,"input and expected output shifted together, cells outside 30x30 clipped"
clipped_zero_padded_translation,arc-gen,101,"dr=0,dc=-1",1,0,6,6,0,"input and expected output shifted together, cells outside 30x30 clipped"
clipped_zero_padded_translation,arc-gen,101,"dr=0,dc=1",1,0,6,6,0,"input and expected output shifted together, cells outside 30x30 clipped"
clipped_zero_padded_translation,arc-gen,101,"dr=-2,dc=0",1,0,49,31,18,"input and expected output shifted together, cells outside 30x30 clipped"
clipped_zero_padded_translation,arc-gen,101,"dr=2,dc=0",1,0,33,33,0,"input and expected output shifted together, cells outside 30x30 clipped"
clipped_zero_padded_translation,arc-gen,101,"dr=0,dc=-2",1,0,36,36,0,"input and expected output shifted together, cells outside 30x30 clipped"
clipped_zero_padded_translation,arc-gen,101,"dr=0,dc=2",1,0,36,36,0,"input and expected output shifted together, cells outside 30x30 clipped"
clipped_zero_padded_translation,arc-gen,102,"dr=-1,dc=0",1,0,3,3,0,"input and expected output shifted together, cells outside 30x30 clipped"
clipped_zero_padded_translation,arc-gen,102,"dr=1,dc=0",1,1,0,0,0,"input and expected output shifted together, cells outside 30x30 clipped"
clipped_zero_padded_translation,arc-gen,102,"dr=0,dc=-1",1,0,5,5,0,"input and expected output shifted together, cells outside 30x30 clipped"
clipped_zero_padded_translation,arc-gen,102,"dr=0,dc=1",1,1,0,0,0,"input and expected output shifted together, cells outside 30x30 clipped"
clipped_zero_padded_translation,arc-gen,102,"dr=-2,dc=0",1,0,33,33,0,"input and expected output shifted together, cells outside 30x30 clipped"
clipped_zero_padded_translation,arc-gen,102,"dr=2,dc=0",1,0,30,30,0,"input and expected output shifted together, cells outside 30x30 clipped"
clipped_zero_padded_translation,arc-gen,102,"dr=0,dc=-2",1,0,35,35,0,"input and expected output shifted together, cells outside 30x30 clipped"
clipped_zero_padded_translation,arc-gen,102,"dr=0,dc=2",1,0,30,30,0,"input and expected output shifted together, cells outside 30x30 clipped"
clipped_zero_padded_translation,arc-gen,103,"dr=-1,dc=0",1,0,49,1,48,"input and expected output shifted together, cells outside 30x30 clipped"
clipped_zero_padded_translation,arc-gen,103,"dr=1,dc=0",1,0,24,9,15,"input and expected output shifted together, cells outside 30x30 clipped"
clipped_zero_padded_translation,arc-gen,103,"dr=0,dc=-1",1,0,23,7,16,"input and expected output shifted together, cells outside 30x30 clipped"
clipped_zero_padded_translation,arc-gen,103,"dr=0,dc=1",1,0,23,7,16,"input and expected output shifted together, cells outside 30x30 clipped"
clipped_zero_padded_translation,arc-gen,103,"dr=-2,dc=0",1,0,71,31,40,"input and expected output shifted together, cells outside 30x30 clipped"
clipped_zero_padded_translation,arc-gen,103,"dr=2,dc=0",1,0,53,39,14,"input and expected output shifted together, cells outside 30x30 clipped"
clipped_zero_padded_translation,arc-gen,103,"dr=0,dc=-2",1,0,53,37,16,"input and expected output shifted together, cells outside 30x30 clipped"
clipped_zero_padded_translation,arc-gen,103,"dr=0,dc=2",1,0,53,37,16,"input and expected output shifted together, cells outside 30x30 clipped"
clipped_zero_padded_translation,arc-gen,104,"dr=-1,dc=0",1,0,7,7,0,"input and expected output shifted together, cells outside 30x30 clipped"
clipped_zero_padded_translation,arc-gen,104,"dr=1,dc=0",1,0,7,7,0,"input and expected output shifted together, cells outside 30x30 clipped"
clipped_zero_padded_translation,arc-gen,104,"dr=0,dc=-1",1,0,2,2,0,"input and expected output shifted together, cells outside 30x30 clipped"
clipped_zero_padded_translation,arc-gen,104,"dr=0,dc=1",1,1,0,0,0,"input and expected output shifted together, cells outside 30x30 clipped"
clipped_zero_padded_translation,arc-gen,104,"dr=-2,dc=0",1,0,37,37,0,"input and expected output shifted together, cells outside 30x30 clipped"
clipped_zero_padded_translation,arc-gen,104,"dr=2,dc=0",1,0,37,37,0,"input and expected output shifted together, cells outside 30x30 clipped"
clipped_zero_padded_translation,arc-gen,104,"dr=0,dc=-2",1,0,32,32,0,"input and expected output shifted together, cells outside 30x30 clipped"
clipped_zero_padded_translation,arc-gen,104,"dr=0,dc=2",1,0,30,30,0,"input and expected output shifted together, cells outside 30x30 clipped"
clipped_zero_padded_translation,arc-gen,105,"dr=-1,dc=0",1,0,4,4,0,"input and expected output shifted together, cells outside 30x30 clipped"
clipped_zero_padded_translation,arc-gen,105,"dr=1,dc=0",1,0,4,4,0,"input and expected output shifted together, cells outside 30x30 clipped"
clipped_zero_padded_translation,arc-gen,105,"dr=0,dc=-1",1,1,0,0,0,"input and expected output shifted together, cells outside 30x30 clipped"
clipped_zero_padded_translation,arc-gen,105,"dr=0,dc=1",1,1,0,0,0,"input and expected output shifted together, cells outside 30x30 clipped"
clipped_zero_padded_translation,arc-gen,105,"dr=-2,dc=0",1,0,34,34,0,"input and expected output shifted together, cells outside 30x30 clipped"
clipped_zero_padded_translation,arc-gen,105,"dr=2,dc=0",1,0,34,34,0,"input and expected output shifted together, cells outside 30x30 clipped"
clipped_zero_padded_translation,arc-gen,105,"dr=0,dc=-2",1,0,30,30,0,"input and expected output shifted together, cells outside 30x30 clipped"
clipped_zero_padded_translation,arc-gen,105,"dr=0,dc=2",1,0,30,30,0,"input and expected output shifted together, cells outside 30x30 clipped"
clipped_zero_padded_translation,arc-gen,106,"dr=-1,dc=0",1,0,9,9,0,"input and expected output shifted together, cells outside 30x30 clipped"
clipped_zero_padded_translation,arc-gen,106,"dr=1,dc=0",1,0,9,9,0,"input and expected output shifted together, cells outside 30x30 clipped"
clipped_zero_padded_translation,arc-gen,106,"dr=0,dc=-1",1,1,0,0,0,"input and expected output shifted together, cells outside 30x30 clipped"
clipped_zero_padded_translation,arc-gen,106,"dr=0,dc=1",1,1,0,0,0,"input and expected output shifted together, cells outside 30x30 clipped"
clipped_zero_padded_translation,arc-gen,106,"dr=-2,dc=0",1,0,39,39,0,"input and expected output shifted together, cells outside 30x30 clipped"
clipped_zero_padded_translation,arc-gen,106,"dr=2,dc=0",1,0,39,39,0,"input and expected output shifted together, cells outside 30x30 clipped"
clipped_zero_padded_translation,arc-gen,106,"dr=0,dc=-2",1,0,30,30,0,"input and expected output shifted together, cells outside 30x30 clipped"
clipped_zero_padded_translation,arc-gen,106,"dr=0,dc=2",1,0,30,30,0,"input and expected output shifted together, cells outside 30x30 clipped"
clipped_zero_padded_translation,arc-gen,107,"dr=-1,dc=0",1,0,4,4,0,"input and expected output shifted together, cells outside 30x30 clipped"
clipped_zero_padded_translation,arc-gen,107,"dr=1,dc=0",1,0,4,4,0,"input and expected output shifted together, cells outside 30x30 clipped"
clipped_zero_padded_translation,arc-gen,107,"dr=0,dc=-1",1,0,2,2,0,"input and expected output shifted together, cells outside 30x30 clipped"
clipped_zero_padded_translation,arc-gen,107,"dr=0,dc=1",1,1,0,0,0,"input and expected output shifted together, cells outside 30x30 clipped"
clipped_zero_padded_translation,arc-gen,107,"dr=-2,dc=0",1,0,34,34,0,"input and expected output shifted together, cells outside 30x30 clipped"
clipped_zero_padded_translation,arc-gen,107,"dr=2,dc=0",1,0,34,34,0,"input and expected output shifted together, cells outside 30x30 clipped"
clipped_zero_padded_translation,arc-gen,107,"dr=0,dc=-2",1,0,32,32,0,"input and expected output shifted together, cells outside 30x30 clipped"
clipped_zero_padded_translation,arc-gen,107,"dr=0,dc=2",1,0,30,30,0,"input and expected output shifted together, cells outside 30x30 clipped"
clipped_zero_padded_translation,arc-gen,108,"dr=-1,dc=0",1,1,0,0,0,"input and expected output shifted together, cells outside 30x30 clipped"
clipped_zero_padded_translation,arc-gen,108,"dr=1,dc=0",1,0,1,1,0,"input and expected output shifted together, cells outside 30x30 clipped"
clipped_zero_padded_translation,arc-gen,108,"dr=0,dc=-1",1,0,4,4,0,"input and expected output shifted together, cells outside 30x30 clipped"
clipped_zero_padded_translation,arc-gen,108,"dr=0,dc=1",1,0,4,4,0,"input and expected output shifted together, cells outside 30x30 clipped"
clipped_zero_padded_translation,arc-gen,108,"dr=-2,dc=0",1,0,30,30,0,"input and expected output shifted together, cells outside 30x30 clipped"
clipped_zero_padded_translation,arc-gen,108,"dr=2,dc=0",1,0,31,31,0,"input and expected output shifted together, cells outside 30x30 clipped"
clipped_zero_padded_translation,arc-gen,108,"dr=0,dc=-2",1,0,34,34,0,"input and expected output shifted together, cells outside 30x30 clipped"
clipped_zero_padded_translation,arc-gen,108,"dr=0,dc=2",1,0,34,34,0,"input and expected output shifted together, cells outside 30x30 clipped"
clipped_zero_padded_translation,arc-gen,109,"dr=-1,dc=0",1,0,10,10,0,"input and expected output shifted together, cells outside 30x30 clipped"
clipped_zero_padded_translation,arc-gen,109,"dr=1,dc=0",1,0,10,10,0,"input and expected output shifted together, cells outside 30x30 clipped"
clipped_zero_padded_translation,arc-gen,109,"dr=0,dc=-1",1,0,2,2,0,"input and expected output shifted together, cells outside 30x30 clipped"
clipped_zero_padded_translation,arc-gen,109,"dr=0,dc=1",1,0,14,14,0,"input and expected output shifted together, cells outside 30x30 clipped"
clipped_zero_padded_translation,arc-gen,109,"dr=-2,dc=0",1,0,40,40,0,"input and expected output shifted together, cells outside 30x30 clipped"
clipped_zero_padded_translation,arc-gen,109,"dr=2,dc=0",1,0,40,40,0,"input and expected output shifted together, cells outside 30x30 clipped"
clipped_zero_padded_translation,arc-gen,109,"dr=0,dc=-2",1,0,32,32,0,"input and expected output shifted together, cells outside 30x30 clipped"
clipped_zero_padded_translation,arc-gen,109,"dr=0,dc=2",1,0,28,28,0,"input and expected output shifted together, cells outside 30x30 clipped"
clipped_zero_padded_translation,arc-gen,110,"dr=-1,dc=0",1,1,0,0,0,"input and expected output shifted together, cells outside 30x30 clipped"
clipped_zero_padded_translation,arc-gen,110,"dr=1,dc=0",1,0,23,23,0,"input and expected output shifted together, cells outside 30x30 clipped"
clipped_zero_padded_translation,arc-gen,110,"dr=0,dc=-1",1,0,3,3,0,"input and expected output shifted together, cells outside 30x30 clipped"
clipped_zero_padded_translation,arc-gen,110,"dr=0,dc=1",1,1,0,0,0,"input and expected output shifted together, cells outside 30x30 clipped"
clipped_zero_padded_translation,arc-gen,110,"dr=-2,dc=0",1,0,30,30,0,"input and expected output shifted together, cells outside 30x30 clipped"
clipped_zero_padded_translation,arc-gen,110,"dr=2,dc=0",1,0,46,46,0,"input and expected output shifted together, cells outside 30x30 clipped"
clipped_zero_padded_translation,arc-gen,110,"dr=0,dc=-2",1,0,33,33,0,"input and expected output shifted together, cells outside 30x30 clipped"
clipped_zero_padded_translation,arc-gen,110,"dr=0,dc=2",1,0,30,30,0,"input and expected output shifted together, cells outside 30x30 clipped"
clipped_zero_padded_translation,arc-gen,111,"dr=-1,dc=0",1,0,5,5,0,"input and expected output shifted together, cells outside 30x30 clipped"
clipped_zero_padded_translation,arc-gen,111,"dr=1,dc=0",1,0,5,5,0,"input and expected output shifted together, cells outside 30x30 clipped"
clipped_zero_padded_translation,arc-gen,111,"dr=0,dc=-1",1,0,58,2,56,"input and expected output shifted together, cells outside 30x30 clipped"
clipped_zero_padded_translation,arc-gen,111,"dr=0,dc=1",1,0,8,8,0,"input and expected output shifted together, cells outside 30x30 clipped"
clipped_zero_padded_translation,arc-gen,111,"dr=-2,dc=0",1,0,35,35,0,"input and expected output shifted together, cells outside 30x30 clipped"
clipped_zero_padded_translation,arc-gen,111,"dr=2,dc=0",1,0,35,35,0,"input and expected output shifted together, cells outside 30x30 clipped"
clipped_zero_padded_translation,arc-gen,111,"dr=0,dc=-2",1,0,81,32,49,"input and expected output shifted together, cells outside 30x30 clipped"
clipped_zero_padded_translation,arc-gen,111,"dr=0,dc=2",1,0,38,38,0,"input and expected output shifted together, cells outside 30x30 clipped"
clipped_zero_padded_translation,arc-gen,112,"dr=-1,dc=0",1,0,2,2,0,"input and expected output shifted together, cells outside 30x30 clipped"
clipped_zero_padded_translation,arc-gen,112,"dr=1,dc=0",1,0,2,2,0,"input and expected output shifted together, cells outside 30x30 clipped"
clipped_zero_padded_translation,arc-gen,112,"dr=0,dc=-1",1,0,4,4,0,"input and expected output shifted together, cells outside 30x30 clipped"
clipped_zero_padded_translation,arc-gen,112,"dr=0,dc=1",1,0,4,4,0,"input and expected output shifted together, cells outside 30x30 clipped"
clipped_zero_padded_translation,arc-gen,112,"dr=-2,dc=0",1,0,32,32,0,"input and expected output shifted together, cells outside 30x30 clipped"
clipped_zero_padded_translation,arc-gen,112,"dr=2,dc=0",1,0,50,32,18,"input and expected output shifted together, cells outside 30x30 clipped"
clipped_zero_padded_translation,arc-gen,112,"dr=0,dc=-2",1,0,34,34,0,"input and expected output shifted together, cells outside 30x30 clipped"
clipped_zero_padded_translation,arc-gen,112,"dr=0,dc=2",1,0,34,34,0,"input and expected output shifted together, cells outside 30x30 clipped"
clipped_zero_padded_translation,arc-gen,113,"dr=-1,dc=0",1,0,16,1,15,"input and expected output shifted together, cells outside 30x30 clipped"
clipped_zero_padded_translation,arc-gen,113,"dr=1,dc=0",1,0,18,0,18,"input and expected output shifted together, cells outside 30x30 clipped"
clipped_zero_padded_translation,arc-gen,113,"dr=0,dc=-1",1,0,24,6,18,"input and expected output shifted together, cells outside 30x30 clipped"
clipped_zero_padded_translation,arc-gen,113,"dr=0,dc=1",1,0,24,6,18,"input and expected output shifted together, cells outside 30x30 clipped"
clipped_zero_padded_translation,arc-gen,113,"dr=-2,dc=0",1,0,43,31,12,"input and expected output shifted together, cells outside 30x30 clipped"
clipped_zero_padded_translation,arc-gen,113,"dr=2,dc=0",1,0,33,33,0,"input and expected output shifted together, cells outside 30x30 clipped"
clipped_zero_padded_translation,arc-gen,113,"dr=0,dc=-2",1,0,54,36,18,"input and expected output shifted together, cells outside 30x30 clipped"
clipped_zero_padded_translation,arc-gen,113,"dr=0,dc=2",1,0,54,36,18,"input and expected output shifted together, cells outside 30x30 clipped"
clipped_zero_padded_translation,arc-gen,114,"dr=-1,dc=0",1,0,72,0,72,"input and expected output shifted together, cells outside 30x30 clipped"
clipped_zero_padded_translation,arc-gen,114,"dr=1,dc=0",1,0,61,1,60,"input and expected output shifted together, cells outside 30x30 clipped"
clipped_zero_padded_translation,arc-gen,114,"dr=0,dc=-1",1,0,76,4,72,"input and expected output shifted together, cells outside 30x30 clipped"
clipped_zero_padded_translation,arc-gen,114,"dr=0,dc=1",1,0,76,4,72,"input and expected output shifted together, cells outside 30x30 clipped"
clipped_zero_padded_translation,arc-gen,114,"dr=-2,dc=0",1,0,102,30,72,"input and expected output shifted together, cells outside 30x30 clipped"
clipped_zero_padded_translation,arc-gen,114,"dr=2,dc=0",1,0,79,31,48,"input and expected output shifted together, cells outside 30x30 clipped"
clipped_zero_padded_translation,arc-gen,114,"dr=0,dc=-2",1,0,106,34,72,"input and expected output shifted together, cells outside 30x30 clipped"
clipped_zero_padded_translation,arc-gen,114,"dr=0,dc=2",1,0,106,34,72,"input and expected output shifted together, cells outside 30x30 clipped"
clipped_zero_padded_translation,arc-gen,115,"dr=-1,dc=0",1,0,5,5,0,"input and expected output shifted together, cells outside 30x30 clipped"
clipped_zero_padded_translation,arc-gen,115,"dr=1,dc=0",1,0,5,5,0,"input and expected output shifted together, cells outside 30x30 clipped"
clipped_zero_padded_translation,arc-gen,115,"dr=0,dc=-1",1,0,1,1,0,"input and expected output shifted together, cells outside 30x30 clipped"
clipped_zero_padded_translation,arc-gen,115,"dr=0,dc=1",1,1,0,0,0,"input and expected output shifted together, cells outside 30x30 clipped"
clipped_zero_padded_translation,arc-gen,115,"dr=-2,dc=0",1,0,35,35,0,"input and expected output shifted together, cells outside 30x30 clipped"
clipped_zero_padded_translation,arc-gen,115,"dr=2,dc=0",1,0,35,35,0,"input and expected output shifted together, cells outside 30x30 clipped"
clipped_zero_padded_translation,arc-gen,115,"dr=0,dc=-2",1,0,31,31,0,"input and expected output shifted together, cells outside 30x30 clipped"
clipped_zero_padded_translation,arc-gen,115,"dr=0,dc=2",1,0,30,30,0,"input and expected output shifted together, cells outside 30x30 clipped"
clipped_zero_padded_translation,arc-gen,116,"dr=-1,dc=0",1,0,8,8,0,"input and expected output shifted together, cells outside 30x30 clipped"
clipped_zero_padded_translation,arc-gen,116,"dr=1,dc=0",1,0,10,10,0,"input and expected output shifted together, cells outside 30x30 clipped"
clipped_zero_padded_translation,arc-gen,116,"dr=0,dc=-1",1,0,20,20,0,"input and expected output shifted together, cells outside 30x30 clipped"
clipped_zero_padded_translation,arc-gen,116,"dr=0,dc=1",1,0,2,2,0,"input and expected output shifted together, cells outside 30x30 clipped"
clipped_zero_padded_translation,arc-gen,116,"dr=-2,dc=0",1,0,104,32,72,"input and expected output shifted together, cells outside 30x30 clipped"
clipped_zero_padded_translation,arc-gen,116,"dr=2,dc=0",1,0,40,40,0,"input and expected output shifted together, cells outside 30x30 clipped"
clipped_zero_padded_translation,arc-gen,116,"dr=0,dc=-2",1,0,40,40,0,"input and expected output shifted together, cells outside 30x30 clipped"
clipped_zero_padded_translation,arc-gen,116,"dr=0,dc=2",1,0,40,40,0,"input and expected output shifted together, cells outside 30x30 clipped"
clipped_zero_padded_translation,arc-gen,117,"dr=-1,dc=0",1,0,2,2,0,"input and expected output shifted together, cells outside 30x30 clipped"
clipped_zero_padded_translation,arc-gen,117,"dr=1,dc=0",1,0,4,4,0,"input and expected output shifted together, cells outside 30x30 clipped"
clipped_zero_padded_translation,arc-gen,117,"dr=0,dc=-1",1,0,20,20,0,"input and expected output shifted together, cells outside 30x30 clipped"
clipped_zero_padded_translation,arc-gen,117,"dr=0,dc=1",1,1,0,0,0,"input and expected output shifted together, cells outside 30x30 clipped"
clipped_zero_padded_translation,arc-gen,117,"dr=-2,dc=0",1,0,64,32,32,"input and expected output shifted together, cells outside 30x30 clipped"
clipped_zero_padded_translation,arc-gen,117,"dr=2,dc=0",1,0,34,34,0,"input and expected output shifted together, cells outside 30x30 clipped"
clipped_zero_padded_translation,arc-gen,117,"dr=0,dc=-2",1,0,40,40,0,"input and expected output shifted together, cells outside 30x30 clipped"
clipped_zero_padded_translation,arc-gen,117,"dr=0,dc=2",1,0,30,30,0,"input and expected output shifted together, cells outside 30x30 clipped"
clipped_zero_padded_translation,arc-gen,118,"dr=-1,dc=0",1,0,5,5,0,"input and expected output shifted together, cells outside 30x30 clipped"
clipped_zero_padded_translation,arc-gen,118,"dr=1,dc=0",1,0,5,5,0,"input and expected output shifted together, cells outside 30x30 clipped"
clipped_zero_padded_translation,arc-gen,118,"dr=0,dc=-1",1,0,2,2,0,"input and expected output shifted together, cells outside 30x30 clipped"
clipped_zero_padded_translation,arc-gen,118,"dr=0,dc=1",1,1,0,0,0,"input and expected output shifted together, cells outside 30x30 clipped"
clipped_zero_padded_translation,arc-gen,118,"dr=-2,dc=0",1,0,35,35,0,"input and expected output shifted together, cells outside 30x30 clipped"
clipped_zero_padded_translation,arc-gen,118,"dr=2,dc=0",1,0,35,35,0,"input and expected output shifted together, cells outside 30x30 clipped"
clipped_zero_padded_translation,arc-gen,118,"dr=0,dc=-2",1,0,32,32,0,"input and expected output shifted together, cells outside 30x30 clipped"
clipped_zero_padded_translation,arc-gen,118,"dr=0,dc=2",1,0,30,30,0,"input and expected output shifted together, cells outside 30x30 clipped"
clipped_zero_padded_translation,arc-gen,119,"dr=-1,dc=0",1,0,6,6,0,"input and expected output shifted together, cells outside 30x30 clipped"
clipped_zero_padded_translation,arc-gen,119,"dr=1,dc=0",1,0,6,6,0,"input and expected output shifted together, cells outside 30x30 clipped"
clipped_zero_padded_translation,arc-gen,119,"dr=0,dc=-1",1,1,0,0,0,"input and expected output shifted together, cells outside 30x30 clipped"
clipped_zero_padded_translation,arc-gen,119,"dr=0,dc=1",1,1,0,0,0,"input and expected output shifted together, cells outside 30x30 clipped"
clipped_zero_padded_translation,arc-gen,119,"dr=-2,dc=0",1,0,36,36,0,"input and expected output shifted together, cells outside 30x30 clipped"
clipped_zero_padded_translation,arc-gen,119,"dr=2,dc=0",1,0,36,36,0,"input and expected output shifted together, cells outside 30x30 clipped"
clipped_zero_padded_translation,arc-gen,119,"dr=0,dc=-2",1,0,30,30,0,"input and expected output shifted together, cells outside 30x30 clipped"
clipped_zero_padded_translation,arc-gen,119,"dr=0,dc=2",1,0,30,30,0,"input and expected output shifted together, cells outside 30x30 clipped"
clipped_zero_padded_translation,arc-gen,120,"dr=-1,dc=0",1,0,8,8,0,"input and expected output shifted together, cells outside 30x30 clipped"
clipped_zero_padded_translation,arc-gen,120,"dr=1,dc=0",1,0,8,8,0,"input and expected output shifted together, cells outside 30x30 clipped"
clipped_zero_padded_translation,arc-gen,120,"dr=0,dc=-1",1,1,0,0,0,"input and expected output shifted together, cells outside 30x30 clipped"
clipped_zero_padded_translation,arc-gen,120,"dr=0,dc=1",1,0,2,2,0,"input and expected output shifted together, cells outside 30x30 clipped"
clipped_zero_padded_translation,arc-gen,120,"dr=-2,dc=0",1,0,38,38,0,"input and expected output shifted together, cells outside 30x30 clipped"
clipped_zero_padded_translation,arc-gen,120,"dr=2,dc=0",1,0,38,38,0,"input and expected output shifted together, cells outside 30x30 clipped"
clipped_zero_padded_translation,arc-gen,120,"dr=0,dc=-2",1,0,40,30,10,"input and expected output shifted together, cells outside 30x30 clipped"
clipped_zero_padded_translation,arc-gen,120,"dr=0,dc=2",1,0,32,32,0,"input and expected output shifted together, cells outside 30x30 clipped"
clipped_zero_padded_translation,arc-gen,121,"dr=-1,dc=0",1,1,0,0,0,"input and expected output shifted together, cells outside 30x30 clipped"
clipped_zero_padded_translation,arc-gen,121,"dr=1,dc=0",1,0,8,8,0,"input and expected output shifted together, cells outside 30x30 clipped"
clipped_zero_padded_translation,arc-gen,121,"dr=0,dc=-1",1,0,7,7,0,"input and expected output shifted together, cells outside 30x30 clipped"
clipped_zero_padded_translation,arc-gen,121,"dr=0,dc=1",1,1,0,0,0,"input and expected output shifted together, cells outside 30x30 clipped"
clipped_zero_padded_translation,arc-gen,121,"dr=-2,dc=0",1,0,30,30,0,"input and expected output shifted together, cells outside 30x30 clipped"
clipped_zero_padded_translation,arc-gen,121,"dr=2,dc=0",1,0,38,38,0,"input and expected output shifted together, cells outside 30x30 clipped"
clipped_zero_padded_translation,arc-gen,121,"dr=0,dc=-2",1,0,37,37,0,"input and expected output shifted together, cells outside 30x30 clipped"
clipped_zero_padded_translation,arc-gen,121,"dr=0,dc=2",1,0,30,30,0,"input and expected output shifted together, cells outside 30x30 clipped"
clipped_zero_padded_translation,arc-gen,122,"dr=-1,dc=0",1,0,107,2,105,"input and expected output shifted together, cells outside 30x30 clipped"
clipped_zero_padded_translation,arc-gen,122,"dr=1,dc=0",1,0,114,0,114,"input and expected output shifted together, cells outside 30x30 clipped"
clipped_zero_padded_translation,arc-gen,122,"dr=0,dc=-1",1,0,124,8,116,"input and expected output shifted together, cells outside 30x30 clipped"
clipped_zero_padded_translation,arc-gen,122,"dr=0,dc=1",1,0,124,8,116,"input and expected output shifted together, cells outside 30x30 clipped"
clipped_zero_padded_translation,arc-gen,122,"dr=-2,dc=0",1,0,126,32,94,"input and expected output shifted together, cells outside 30x30 clipped"
clipped_zero_padded_translation,arc-gen,122,"dr=2,dc=0",1,0,142,30,112,"input and expected output shifted together, cells outside 30x30 clipped"
clipped_zero_padded_translation,arc-gen,122,"dr=0,dc=-2",1,0,154,38,116,"input and expected output shifted together, cells outside 30x30 clipped"
clipped_zero_padded_translation,arc-gen,122,"dr=0,dc=2",1,0,154,38,116,"input and expected output shifted together, cells outside 30x30 clipped"
clipped_zero_padded_translation,arc-gen,123,"dr=-1,dc=0",1,0,4,4,0,"input and expected output shifted together, cells outside 30x30 clipped"
clipped_zero_padded_translation,arc-gen,123,"dr=1,dc=0",1,0,4,4,0,"input and expected output shifted together, cells outside 30x30 clipped"
clipped_zero_padded_translation,arc-gen,123,"dr=0,dc=-1",1,0,3,3,0,"input and expected output shifted together, cells outside 30x30 clipped"
clipped_zero_padded_translation,arc-gen,123,"dr=0,dc=1",1,1,0,0,0,"input and expected output shifted together, cells outside 30x30 clipped"
clipped_zero_padded_translation,arc-gen,123,"dr=-2,dc=0",1,0,34,34,0,"input and expected output shifted together, cells outside 30x30 clipped"
clipped_zero_padded_translation,arc-gen,123,"dr=2,dc=0",1,0,34,34,0,"input and expected output shifted together, cells outside 30x30 clipped"
clipped_zero_padded_translation,arc-gen,123,"dr=0,dc=-2",1,0,33,33,0,"input and expected output shifted together, cells outside 30x30 clipped"
clipped_zero_padded_translation,arc-gen,123,"dr=0,dc=2",1,0,30,30,0,"input and expected output shifted together, cells outside 30x30 clipped"
clipped_zero_padded_translation,arc-gen,124,"dr=-1,dc=0",1,0,5,5,0,"input and expected output shifted together, cells outside 30x30 clipped"
clipped_zero_padded_translation,arc-gen,124,"dr=1,dc=0",1,0,5,5,0,"input and expected output shifted together, cells outside 30x30 clipped"
clipped_zero_padded_translation,arc-gen,124,"dr=0,dc=-1",1,1,0,0,0,"input and expected output shifted together, cells outside 30x30 clipped"
clipped_zero_padded_translation,arc-gen,124,"dr=0,dc=1",1,0,8,8,0,"input and expected output shifted together, cells outside 30x30 clipped"
clipped_zero_padded_translation,arc-gen,124,"dr=-2,dc=0",1,0,35,35,0,"input and expected output shifted together, cells outside 30x30 clipped"
clipped_zero_padded_translation,arc-gen,124,"dr=2,dc=0",1,0,35,35,0,"input and expected output shifted together, cells outside 30x30 clipped"
clipped_zero_padded_translation,arc-gen,124,"dr=0,dc=-2",1,0,30,30,0,"input and expected output shifted together, cells outside 30x30 clipped"
clipped_zero_padded_translation,arc-gen,124,"dr=0,dc=2",1,0,38,38,0,"input and expected output shifted together, cells outside 30x30 clipped"
clipped_zero_padded_translation,arc-gen,125,"dr=-1,dc=0",1,0,26,2,24,"input and expected output shifted together, cells outside 30x30 clipped"
clipped_zero_padded_translation,arc-gen,125,"dr=1,dc=0",1,0,38,16,22,"input and expected output shifted together, cells outside 30x30 clipped"
clipped_zero_padded_translation,arc-gen,125,"dr=0,dc=-1",1,0,33,9,24,"input and expected output shifted together, cells outside 30x30 clipped"
clipped_zero_padded_translation,arc-gen,125,"dr=0,dc=1",1,0,33,9,24,"input and expected output shifted together, cells outside 30x30 clipped"
clipped_zero_padded_translation,arc-gen,125,"dr=-2,dc=0",1,0,56,32,24,"input and expected output shifted together, cells outside 30x30 clipped"
clipped_zero_padded_translation,arc-gen,125,"dr=2,dc=0",1,0,52,32,20,"input and expected output shifted together, cells outside 30x30 clipped"
clipped_zero_padded_translation,arc-gen,125,"dr=0,dc=-2",1,0,63,39,24,"input and expected output shifted together, cells outside 30x30 clipped"
clipped_zero_padded_translation,arc-gen,125,"dr=0,dc=2",1,0,63,39,24,"input and expected output shifted together, cells outside 30x30 clipped"
clipped_zero_padded_translation,arc-gen,126,"dr=-1,dc=0",1,0,1,1,0,"input and expected output shifted together, cells outside 30x30 clipped"
clipped_zero_padded_translation,arc-gen,126,"dr=1,dc=0",1,1,0,0,0,"input and expected output shifted together, cells outside 30x30 clipped"
clipped_zero_padded_translation,arc-gen,126,"dr=0,dc=-1",1,0,9,9,0,"input and expected output shifted together, cells outside 30x30 clipped"
clipped_zero_padded_translation,arc-gen,126,"dr=0,dc=1",1,0,9,9,0,"input and expected output shifted together, cells outside 30x30 clipped"
clipped_zero_padded_translation,arc-gen,126,"dr=-2,dc=0",1,0,31,31,0,"input and expected output shifted together, cells outside 30x30 clipped"
clipped_zero_padded_translation,arc-gen,126,"dr=2,dc=0",1,0,30,30,0,"input and expected output shifted together, cells outside 30x30 clipped"
clipped_zero_padded_translation,arc-gen,126,"dr=0,dc=-2",1,0,39,39,0,"input and expected output shifted together, cells outside 30x30 clipped"
clipped_zero_padded_translation,arc-gen,126,"dr=0,dc=2",1,0,39,39,0,"input and expected output shifted together, cells outside 30x30 clipped"
clipped_zero_padded_translation,arc-gen,127,"dr=-1,dc=0",1,0,65,17,48,"input and expected output shifted together, cells outside 30x30 clipped"
clipped_zero_padded_translation,arc-gen,127,"dr=1,dc=0",1,0,55,7,48,"input and expected output shifted together, cells outside 30x30 clipped"
clipped_zero_padded_translation,arc-gen,127,"dr=0,dc=-1",1,0,44,4,40,"input and expected output shifted together, cells outside 30x30 clipped"
clipped_zero_padded_translation,arc-gen,127,"dr=0,dc=1",1,0,8,8,0,"input and expected output shifted together, cells outside 30x30 clipped"
clipped_zero_padded_translation,arc-gen,127,"dr=-2,dc=0",1,0,78,30,48,"input and expected output shifted together, cells outside 30x30 clipped"
clipped_zero_padded_translation,arc-gen,127,"dr=2,dc=0",1,0,85,37,48,"input and expected output shifted together, cells outside 30x30 clipped"
clipped_zero_padded_translation,arc-gen,127,"dr=0,dc=-2",1,0,66,34,32,"input and expected output shifted together, cells outside 30x30 clipped"
clipped_zero_padded_translation,arc-gen,127,"dr=0,dc=2",1,0,38,38,0,"input and expected output shifted together, cells outside 30x30 clipped"
clipped_zero_padded_translation,arc-gen,128,"dr=-1,dc=0",1,1,0,0,0,"input and expected output shifted together, cells outside 30x30 clipped"
clipped_zero_padded_translation,arc-gen,128,"dr=1,dc=0",1,1,0,0,0,"input and expected output shifted together, cells outside 30x30 clipped"
clipped_zero_padded_translation,arc-gen,128,"dr=0,dc=-1",1,0,7,7,0,"input and expected output shifted together, cells outside 30x30 clipped"
clipped_zero_padded_translation,arc-gen,128,"dr=0,dc=1",1,0,7,7,0,"input and expected output shifted together, cells outside 30x30 clipped"
clipped_zero_padded_translation,arc-gen,128,"dr=-2,dc=0",1,0,30,30,0,"input and expected output shifted together, cells outside 30x30 clipped"
clipped_zero_padded_translation,arc-gen,128,"dr=2,dc=0",1,0,30,30,0,"input and expected output shifted together, cells outside 30x30 clipped"
clipped_zero_padded_translation,arc-gen,128,"dr=0,dc=-2",1,0,37,37,0,"input and expected output shifted together, cells outside 30x30 clipped"
clipped_zero_padded_translation,arc-gen,128,"dr=0,dc=2",1,0,37,37,0,"input and expected output shifted together, cells outside 30x30 clipped"
clipped_zero_padded_translation,arc-gen,129,"dr=-1,dc=0",1,0,16,2,14,"input and expected output shifted together, cells outside 30x30 clipped"
clipped_zero_padded_translation,arc-gen,129,"dr=1,dc=0",1,0,3,3,0,"input and expected output shifted together, cells outside 30x30 clipped"
clipped_zero_padded_translation,arc-gen,129,"dr=0,dc=-1",1,0,6,6,0,"input and expected output shifted together, cells outside 30x30 clipped"
clipped_zero_padded_translation,arc-gen,129,"dr=0,dc=1",1,0,6,6,0,"input and expected output shifted together, cells outside 30x30 clipped"
clipped_zero_padded_translation,arc-gen,129,"dr=-2,dc=0",1,0,50,32,18,"input and expected output shifted together, cells outside 30x30 clipped"
clipped_zero_padded_translation,arc-gen,129,"dr=2,dc=0",1,0,33,33,0,"input and expected output shifted together, cells outside 30x30 clipped"
clipped_zero_padded_translation,arc-gen,129,"dr=0,dc=-2",1,0,36,36,0,"input and expected output shifted together, cells outside 30x30 clipped"
clipped_zero_padded_translation,arc-gen,129,"dr=0,dc=2",1,0,36,36,0,"input and expected output shifted together, cells outside 30x30 clipped"
clipped_zero_padded_translation,arc-gen,130,"dr=-1,dc=0",1,0,146,4,142,"input and expected output shifted together, cells outside 30x30 clipped"
clipped_zero_padded_translation,arc-gen,130,"dr=1,dc=0",1,0,146,4,142,"input and expected output shifted together, cells outside 30x30 clipped"
clipped_zero_padded_translation,arc-gen,130,"dr=0,dc=-1",1,0,85,4,81,"input and expected output shifted together, cells outside 30x30 clipped"
clipped_zero_padded_translation,arc-gen,130,"dr=0,dc=1",1,0,156,16,140,"input and expected output shifted together, cells outside 30x30 clipped"
clipped_zero_padded_translation,arc-gen,130,"dr=-2,dc=0",1,0,176,34,142,"input and expected output shifted together, cells outside 30x30 clipped"
clipped_zero_padded_translation,arc-gen,130,"dr=2,dc=0",1,0,176,34,142,"input and expected output shifted together, cells outside 30x30 clipped"
clipped_zero_padded_translation,arc-gen,130,"dr=0,dc=-2",1,0,120,32,88,"input and expected output shifted together, cells outside 30x30 clipped"
clipped_zero_padded_translation,arc-gen,130,"dr=0,dc=2",1,0,170,32,138,"input and expected output shifted together, cells outside 30x30 clipped"
clipped_zero_padded_translation,arc-gen,131,"dr=-1,dc=0",1,0,64,1,63,"input and expected output shifted together, cells outside 30x30 clipped"
clipped_zero_padded_translation,arc-gen,131,"dr=1,dc=0",1,0,72,0,72,"input and expected output shifted together, cells outside 30x30 clipped"
clipped_zero_padded_translation,arc-gen,131,"dr=0,dc=-1",1,0,76,4,72,"input and expected output shifted together, cells outside 30x30 clipped"
clipped_zero_padded_translation,arc-gen,131,"dr=0,dc=1",1,0,76,4,72,"input and expected output shifted together, cells outside 30x30 clipped"
clipped_zero_padded_translation,arc-gen,131,"dr=-2,dc=0",1,0,85,31,54,"input and expected output shifted together, cells outside 30x30 clipped"
clipped_zero_padded_translation,arc-gen,131,"dr=2,dc=0",1,0,118,30,88,"input and expected output shifted together, cells outside 30x30 clipped"
clipped_zero_padded_translation,arc-gen,131,"dr=0,dc=-2",1,0,106,34,72,"input and expected output shifted together, cells outside 30x30 clipped"
clipped_zero_padded_translation,arc-gen,131,"dr=0,dc=2",1,0,106,34,72,"input and expected output shifted together, cells outside 30x30 clipped"
clipped_zero_padded_translation,arc-gen,132,"dr=-1,dc=0",1,0,3,3,0,"input and expected output shifted together, cells outside 30x30 clipped"
clipped_zero_padded_translation,arc-gen,132,"dr=1,dc=0",1,1,0,0,0,"input and expected output shifted together, cells outside 30x30 clipped"
clipped_zero_padded_translation,arc-gen,132,"dr=0,dc=-1",1,0,5,5,0,"input and expected output shifted together, cells outside 30x30 clipped"
clipped_zero_padded_translation,arc-gen,132,"dr=0,dc=1",1,1,0,0,0,"input and expected output shifted together, cells outside 30x30 clipped"
clipped_zero_padded_translation,arc-gen,132,"dr=-2,dc=0",1,0,33,33,0,"input and expected output shifted together, cells outside 30x30 clipped"
clipped_zero_padded_translation,arc-gen,132,"dr=2,dc=0",1,0,30,30,0,"input and expected output shifted together, cells outside 30x30 clipped"
clipped_zero_padded_translation,arc-gen,132,"dr=0,dc=-2",1,0,35,35,0,"input and expected output shifted together, cells outside 30x30 clipped"
clipped_zero_padded_translation,arc-gen,132,"dr=0,dc=2",1,0,30,30,0,"input and expected output shifted together, cells outside 30x30 clipped"
clipped_zero_padded_translation,arc-gen,133,"dr=-1,dc=0",1,1,0,0,0,"input and expected output shifted together, cells outside 30x30 clipped"
clipped_zero_padded_translation,arc-gen,133,"dr=1,dc=0",1,0,6,6,0,"input and expected output shifted together, cells outside 30x30 clipped"
clipped_zero_padded_translation,arc-gen,133,"dr=0,dc=-1",1,1,0,0,0,"input and expected output shifted together, cells outside 30x30 clipped"
clipped_zero_padded_translation,arc-gen,133,"dr=0,dc=1",1,0,10,10,0,"input and expected output shifted together, cells outside 30x30 clipped"
clipped_zero_padded_translation,arc-gen,133,"dr=-2,dc=0",1,0,30,30,0,"input and expected output shifted together, cells outside 30x30 clipped"
clipped_zero_padded_translation,arc-gen,133,"dr=2,dc=0",1,0,36,36,0,"input and expected output shifted together, cells outside 30x30 clipped"
clipped_zero_padded_translation,arc-gen,133,"dr=0,dc=-2",1,0,100,30,70,"input and expected output shifted together, cells outside 30x30 clipped"
clipped_zero_padded_translation,arc-gen,133,"dr=0,dc=2",1,0,40,40,0,"input and expected output shifted together, cells outside 30x30 clipped"
clipped_zero_padded_translation,arc-gen,134,"dr=-1,dc=0",1,0,8,8,0,"input and expected output shifted together, cells outside 30x30 clipped"
clipped_zero_padded_translation,arc-gen,134,"dr=1,dc=0",1,0,8,8,0,"input and expected output shifted together, cells outside 30x30 clipped"
clipped_zero_padded_translation,arc-gen,134,"dr=0,dc=-1",1,0,2,2,0,"input and expected output shifted together, cells outside 30x30 clipped"
clipped_zero_padded_translation,arc-gen,134,"dr=0,dc=1",1,1,0,0,0,"input and expected output shifted together, cells outside 30x30 clipped"
clipped_zero_padded_translation,arc-gen,134,"dr=-2,dc=0",1,0,38,38,0,"input and expected output shifted together, cells outside 30x30 clipped"
clipped_zero_padded_translation,arc-gen,134,"dr=2,dc=0",1,0,38,38,0,"input and expected output shifted together, cells outside 30x30 clipped"
clipped_zero_padded_translation,arc-gen,134,"dr=0,dc=-2",1,0,32,32,0,"input and expected output shifted together, cells outside 30x30 clipped"
clipped_zero_padded_translation,arc-gen,134,"dr=0,dc=2",1,0,30,30,0,"input and expected output shifted together, cells outside 30x30 clipped"
clipped_zero_padded_translation,arc-gen,135,"dr=-1,dc=0",1,0,2,2,0,"input and expected output shifted together, cells outside 30x30 clipped"
clipped_zero_padded_translation,arc-gen,135,"dr=1,dc=0",1,1,0,0,0,"input and expected output shifted together, cells outside 30x30 clipped"
clipped_zero_padded_translation,arc-gen,135,"dr=0,dc=-1",1,0,7,7,0,"input and expected output shifted together, cells outside 30x30 clipped"
clipped_zero_padded_translation,arc-gen,135,"dr=0,dc=1",1,0,7,7,0,"input and expected output shifted together, cells outside 30x30 clipped"
clipped_zero_padded_translation,arc-gen,135,"dr=-2,dc=0",1,0,32,32,0,"input and expected output shifted together, cells outside 30x30 clipped"
clipped_zero_padded_translation,arc-gen,135,"dr=2,dc=0",1,0,30,30,0,"input and expected output shifted together, cells outside 30x30 clipped"
clipped_zero_padded_translation,arc-gen,135,"dr=0,dc=-2",1,0,37,37,0,"input and expected output shifted together, cells outside 30x30 clipped"
clipped_zero_padded_translation,arc-gen,135,"dr=0,dc=2",1,0,37,37,0,"input and expected output shifted together, cells outside 30x30 clipped"
clipped_zero_padded_translation,arc-gen,136,"dr=-1,dc=0",1,0,6,6,0,"input and expected output shifted together, cells outside 30x30 clipped"
clipped_zero_padded_translation,arc-gen,136,"dr=1,dc=0",1,1,0,0,0,"input and expected output shifted together, cells outside 30x30 clipped"
clipped_zero_padded_translation,arc-gen,136,"dr=0,dc=-1",1,1,0,0,0,"input and expected output shifted together, cells outside 30x30 clipped"
clipped_zero_padded_translation,arc-gen,136,"dr=0,dc=1",1,0,8,8,0,"input and expected output shifted together, cells outside 30x30 clipped"
clipped_zero_padded_translation,arc-gen,136,"dr=-2,dc=0",1,0,36,36,0,"input and expected output shifted together, cells outside 30x30 clipped"
clipped_zero_padded_translation,arc-gen,136,"dr=2,dc=0",1,0,30,30,0,"input and expected output shifted together, cells outside 30x30 clipped"
clipped_zero_padded_translation,arc-gen,136,"dr=0,dc=-2",1,0,30,30,0,"input and expected output shifted together, cells outside 30x30 clipped"
clipped_zero_padded_translation,arc-gen,136,"dr=0,dc=2",1,0,38,38,0,"input and expected output shifted together, cells outside 30x30 clipped"
clipped_zero_padded_translation,arc-gen,137,"dr=-1,dc=0",1,0,4,4,0,"input and expected output shifted together, cells outside 30x30 clipped"
clipped_zero_padded_translation,arc-gen,137,"dr=1,dc=0",1,0,24,0,24,"input and expected output shifted together, cells outside 30x30 clipped"
clipped_zero_padded_translation,arc-gen,137,"dr=0,dc=-1",1,0,27,6,21,"input and expected output shifted together, cells outside 30x30 clipped"
clipped_zero_padded_translation,arc-gen,137,"dr=0,dc=1",1,0,27,6,21,"input and expected output shifted together, cells outside 30x30 clipped"
clipped_zero_padded_translation,arc-gen,137,"dr=-2,dc=0",1,0,34,34,0,"input and expected output shifted together, cells outside 30x30 clipped"
clipped_zero_padded_translation,arc-gen,137,"dr=2,dc=0",1,0,50,30,20,"input and expected output shifted together, cells outside 30x30 clipped"
clipped_zero_padded_translation,arc-gen,137,"dr=0,dc=-2",1,0,57,36,21,"input and expected output shifted together, cells outside 30x30 clipped"
clipped_zero_padded_translation,arc-gen,137,"dr=0,dc=2",1,0,57,36,21,"input and expected output shifted together, cells outside 30x30 clipped"
clipped_zero_padded_translation,arc-gen,138,"dr=-1,dc=0",1,0,8,8,0,"input and expected output shifted together, cells outside 30x30 clipped"
clipped_zero_padded_translation,arc-gen,138,"dr=1,dc=0",1,1,0,0,0,"input and expected output shifted together, cells outside 30x30 clipped"
clipped_zero_padded_translation,arc-gen,138,"dr=0,dc=-1",1,0,7,7,0,"input and expected output shifted together, cells outside 30x30 clipped"
clipped_zero_padded_translation,arc-gen,138,"dr=0,dc=1",1,0,15,15,0,"input and expected output shifted together, cells outside 30x30 clipped"
clipped_zero_padded_translation,arc-gen,138,"dr=-2,dc=0",1,0,38,38,0,"input and expected output shifted together, cells outside 30x30 clipped"
clipped_zero_padded_translation,arc-gen,138,"dr=2,dc=0",1,0,30,30,0,"input and expected output shifted together, cells outside 30x30 clipped"
clipped_zero_padded_translation,arc-gen,138,"dr=0,dc=-2",1,0,37,37,0,"input and expected output shifted together, cells outside 30x30 clipped"
clipped_zero_padded_translation,arc-gen,138,"dr=0,dc=2",1,0,30,30,0,"input and expected output shifted together, cells outside 30x30 clipped"
clipped_zero_padded_translation,arc-gen,139,"dr=-1,dc=0",1,0,2,2,0,"input and expected output shifted together, cells outside 30x30 clipped"
clipped_zero_padded_translation,arc-gen,139,"dr=1,dc=0",1,0,2,2,0,"input and expected output shifted together, cells outside 30x30 clipped"
clipped_zero_padded_translation,arc-gen,139,"dr=0,dc=-1",1,0,6,6,0,"input and expected output shifted together, cells outside 30x30 clipped"
clipped_zero_padded_translation,arc-gen,139,"dr=0,dc=1",1,0,6,6,0,"input and expected output shifted together, cells outside 30x30 clipped"
clipped_zero_padded_translation,arc-gen,139,"dr=-2,dc=0",1,0,46,32,14,"input and expected output shifted together, cells outside 30x30 clipped"
clipped_zero_padded_translation,arc-gen,139,"dr=2,dc=0",1,0,32,32,0,"input and expected output shifted together, cells outside 30x30 clipped"
clipped_zero_padded_translation,arc-gen,139,"dr=0,dc=-2",1,0,36,36,0,"input and expected output shifted together, cells outside 30x30 clipped"
clipped_zero_padded_translation,arc-gen,139,"dr=0,dc=2",1,0,36,36,0,"input and expected output shifted together, cells outside 30x30 clipped"
clipped_zero_padded_translation,arc-gen,140,"dr=-1,dc=0",1,0,6,6,0,"input and expected output shifted together, cells outside 30x30 clipped"
clipped_zero_padded_translation,arc-gen,140,"dr=1,dc=0",1,0,6,6,0,"input and expected output shifted together, cells outside 30x30 clipped"
clipped_zero_padded_translation,arc-gen,140,"dr=0,dc=-1",1,0,2,2,0,"input and expected output shifted together, cells outside 30x30 clipped"
clipped_zero_padded_translation,arc-gen,140,"dr=0,dc=1",1,0,3,3,0,"input and expected output shifted together, cells outside 30x30 clipped"
clipped_zero_padded_translation,arc-gen,140,"dr=-2,dc=0",1,0,36,36,0,"input and expected output shifted together, cells outside 30x30 clipped"
clipped_zero_padded_translation,arc-gen,140,"dr=2,dc=0",1,0,36,36,0,"input and expected output shifted together, cells outside 30x30 clipped"
clipped_zero_padded_translation,arc-gen,140,"dr=0,dc=-2",1,0,53,32,21,"input and expected output shifted together, cells outside 30x30 clipped"
clipped_zero_padded_translation,arc-gen,140,"dr=0,dc=2",1,0,33,33,0,"input and expected output shifted together, cells outside 30x30 clipped"
clipped_zero_padded_translation,arc-gen,141,"dr=-1,dc=0",1,0,3,3,0,"input and expected output shifted together, cells outside 30x30 clipped"
clipped_zero_padded_translation,arc-gen,141,"dr=1,dc=0",1,0,24,0,24,"input and expected output shifted together, cells outside 30x30 clipped"
clipped_zero_padded_translation,arc-gen,141,"dr=0,dc=-1",1,0,31,4,27,"input and expected output shifted together, cells outside 30x30 clipped"
clipped_zero_padded_translation,arc-gen,141,"dr=0,dc=1",1,0,27,0,27,"input and expected output shifted together, cells outside 30x30 clipped"
clipped_zero_padded_translation,arc-gen,141,"dr=-2,dc=0",1,0,33,33,0,"input and expected output shifted together, cells outside 30x30 clipped"
clipped_zero_padded_translation,arc-gen,141,"dr=2,dc=0",1,0,51,30,21,"input and expected output shifted together, cells outside 30x30 clipped"
clipped_zero_padded_translation,arc-gen,141,"dr=0,dc=-2",1,0,61,34,27,"input and expected output shifted together, cells outside 30x30 clipped"
clipped_zero_padded_translation,arc-gen,141,"dr=0,dc=2",1,0,57,30,27,"input and expected output shifted together, cells outside 30x30 clipped"
clipped_zero_padded_translation,arc-gen,142,"dr=-1,dc=0",1,0,2,2,0,"input and expected output shifted together, cells outside 30x30 clipped"
clipped_zero_padded_translation,arc-gen,142,"dr=1,dc=0",1,1,0,0,0,"input and expected output shifted together, cells outside 30x30 clipped"
clipped_zero_padded_translation,arc-gen,142,"dr=0,dc=-1",1,0,4,4,0,"input and expected output shifted together, cells outside 30x30 clipped"
clipped_zero_padded_translation,arc-gen,142,"dr=0,dc=1",1,0,4,4,0,"input and expected output shifted together, cells outside 30x30 clipped"
clipped_zero_padded_translation,arc-gen,142,"dr=-2,dc=0",1,0,32,32,0,"input and expected output shifted together, cells outside 30x30 clipped"
clipped_zero_padded_translation,arc-gen,142,"dr=2,dc=0",1,0,30,30,0,"input and expected output shifted together, cells outside 30x30 clipped"
clipped_zero_padded_translation,arc-gen,142,"dr=0,dc=-2",1,0,34,34,0,"input and expected output shifted together, cells outside 30x30 clipped"
clipped_zero_padded_translation,arc-gen,142,"dr=0,dc=2",1,0,34,34,0,"input and expected output shifted together, cells outside 30x30 clipped"
clipped_zero_padded_translation,arc-gen,143,"dr=-1,dc=0",1,0,4,4,0,"input and expected output shifted together, cells outside 30x30 clipped"
clipped_zero_padded_translation,arc-gen,143,"dr=1,dc=0",1,0,2,2,0,"input and expected output shifted together, cells outside 30x30 clipped"
clipped_zero_padded_translation,arc-gen,143,"dr=0,dc=-1",1,0,9,9,0,"input and expected output shifted together, cells outside 30x30 clipped"
clipped_zero_padded_translation,arc-gen,143,"dr=0,dc=1",1,0,17,17,0,"input and expected output shifted together, cells outside 30x30 clipped"
clipped_zero_padded_translation,arc-gen,143,"dr=-2,dc=0",1,0,34,34,0,"input and expected output shifted together, cells outside 30x30 clipped"
clipped_zero_padded_translation,arc-gen,143,"dr=2,dc=0",1,0,32,32,0,"input and expected output shifted together, cells outside 30x30 clipped"
clipped_zero_padded_translation,arc-gen,143,"dr=0,dc=-2",1,0,39,39,0,"input and expected output shifted together, cells outside 30x30 clipped"
clipped_zero_padded_translation,arc-gen,143,"dr=0,dc=2",1,0,34,34,0,"input and expected output shifted together, cells outside 30x30 clipped"
clipped_zero_padded_translation,arc-gen,144,"dr=-1,dc=0",1,1,0,0,0,"input and expected output shifted together, cells outside 30x30 clipped"
clipped_zero_padded_translation,arc-gen,144,"dr=1,dc=0",1,0,2,2,0,"input and expected output shifted together, cells outside 30x30 clipped"
clipped_zero_padded_translation,arc-gen,144,"dr=0,dc=-1",1,0,4,4,0,"input and expected output shifted together, cells outside 30x30 clipped"
clipped_zero_padded_translation,arc-gen,144,"dr=0,dc=1",1,0,4,4,0,"input and expected output shifted together, cells outside 30x30 clipped"
clipped_zero_padded_translation,arc-gen,144,"dr=-2,dc=0",1,0,30,30,0,"input and expected output shifted together, cells outside 30x30 clipped"
clipped_zero_padded_translation,arc-gen,144,"dr=2,dc=0",1,0,32,32,0,"input and expected output shifted together, cells outside 30x30 clipped"
clipped_zero_padded_translation,arc-gen,144,"dr=0,dc=-2",1,0,34,34,0,"input and expected output shifted together, cells outside 30x30 clipped"
clipped_zero_padded_translation,arc-gen,144,"dr=0,dc=2",1,0,34,34,0,"input and expected output shifted together, cells outside 30x30 clipped"
clipped_zero_padded_translation,arc-gen,145,"dr=-1,dc=0",1,0,8,8,0,"input and expected output shifted together, cells outside 30x30 clipped"
clipped_zero_padded_translation,arc-gen,145,"dr=1,dc=0",1,1,0,0,0,"input and expected output shifted together, cells outside 30x30 clipped"
clipped_zero_padded_translation,arc-gen,145,"dr=0,dc=-1",1,1,0,0,0,"input and expected output shifted together, cells outside 30x30 clipped"
clipped_zero_padded_translation,arc-gen,145,"dr=0,dc=1",1,0,8,8,0,"input and expected output shifted together, cells outside 30x30 clipped"
clipped_zero_padded_translation,arc-gen,145,"dr=-2,dc=0",1,0,38,38,0,"input and expected output shifted together, cells outside 30x30 clipped"
clipped_zero_padded_translation,arc-gen,145,"dr=2,dc=0",1,0,30,30,0,"input and expected output shifted together, cells outside 30x30 clipped"
clipped_zero_padded_translation,arc-gen,145,"dr=0,dc=-2",1,0,30,30,0,"input and expected output shifted together, cells outside 30x30 clipped"
clipped_zero_padded_translation,arc-gen,145,"dr=0,dc=2",1,0,38,38,0,"input and expected output shifted together, cells outside 30x30 clipped"
clipped_zero_padded_translation,arc-gen,146,"dr=-1,dc=0",1,0,5,5,0,"input and expected output shifted together, cells outside 30x30 clipped"
clipped_zero_padded_translation,arc-gen,146,"dr=1,dc=0",1,0,5,5,0,"input and expected output shifted together, cells outside 30x30 clipped"
clipped_zero_padded_translation,arc-gen,146,"dr=0,dc=-1",1,0,1,1,0,"input and expected output shifted together, cells outside 30x30 clipped"
clipped_zero_padded_translation,arc-gen,146,"dr=0,dc=1",1,1,0,0,0,"input and expected output shifted together, cells outside 30x30 clipped"
clipped_zero_padded_translation,arc-gen,146,"dr=-2,dc=0",1,0,35,35,0,"input and expected output shifted together, cells outside 30x30 clipped"
clipped_zero_padded_translation,arc-gen,146,"dr=2,dc=0",1,0,35,35,0,"input and expected output shifted together, cells outside 30x30 clipped"
clipped_zero_padded_translation,arc-gen,146,"dr=0,dc=-2",1,0,31,31,0,"input and expected output shifted together, cells outside 30x30 clipped"
clipped_zero_padded_translation,arc-gen,146,"dr=0,dc=2",1,0,30,30,0,"input and expected output shifted together, cells outside 30x30 clipped"
clipped_zero_padded_translation,arc-gen,147,"dr=-1,dc=0",1,1,0,0,0,"input and expected output shifted together, cells outside 30x30 clipped"
clipped_zero_padded_translation,arc-gen,147,"dr=1,dc=0",1,0,6,6,0,"input and expected output shifted together, cells outside 30x30 clipped"
clipped_zero_padded_translation,arc-gen,147,"dr=0,dc=-1",1,0,3,3,0,"input and expected output shifted together, cells outside 30x30 clipped"
clipped_zero_padded_translation,arc-gen,147,"dr=0,dc=1",1,1,0,0,0,"input and expected output shifted together, cells outside 30x30 clipped"
clipped_zero_padded_translation,arc-gen,147,"dr=-2,dc=0",1,0,44,44,0,"input and expected output shifted together, cells outside 30x30 clipped"
clipped_zero_padded_translation,arc-gen,147,"dr=2,dc=0",1,0,36,36,0,"input and expected output shifted together, cells outside 30x30 clipped"
clipped_zero_padded_translation,arc-gen,147,"dr=0,dc=-2",1,0,33,33,0,"input and expected output shifted together, cells outside 30x30 clipped"
clipped_zero_padded_translation,arc-gen,147,"dr=0,dc=2",1,0,30,30,0,"input and expected output shifted together, cells outside 30x30 clipped"
clipped_zero_padded_translation,arc-gen,148,"dr=-1,dc=0",1,1,0,0,0,"input and expected output shifted together, cells outside 30x30 clipped"
clipped_zero_padded_translation,arc-gen,148,"dr=1,dc=0",1,0,9,9,0,"input and expected output shifted together, cells outside 30x30 clipped"
clipped_zero_padded_translation,arc-gen,148,"dr=0,dc=-1",1,0,6,6,0,"input and expected output shifted together, cells outside 30x30 clipped"
clipped_zero_padded_translation,arc-gen,148,"dr=0,dc=1",1,1,0,0,0,"input and expected output shifted together, cells outside 30x30 clipped"
clipped_zero_padded_translation,arc-gen,148,"dr=-2,dc=0",1,0,93,30,63,"input and expected output shifted together, cells outside 30x30 clipped"
clipped_zero_padded_translation,arc-gen,148,"dr=2,dc=0",1,0,39,39,0,"input and expected output shifted together, cells outside 30x30 clipped"
clipped_zero_padded_translation,arc-gen,148,"dr=0,dc=-2",1,0,36,36,0,"input and expected output shifted together, cells outside 30x30 clipped"
clipped_zero_padded_translation,arc-gen,148,"dr=0,dc=2",1,0,30,30,0,"input and expected output shifted together, cells outside 30x30 clipped"
clipped_zero_padded_translation,arc-gen,149,"dr=-1,dc=0",1,1,0,0,0,"input and expected output shifted together, cells outside 30x30 clipped"
clipped_zero_padded_translation,arc-gen,149,"dr=1,dc=0",1,1,0,0,0,"input and expected output shifted together, cells outside 30x30 clipped"
clipped_zero_padded_translation,arc-gen,149,"dr=0,dc=-1",1,0,5,5,0,"input and expected output shifted together, cells outside 30x30 clipped"
clipped_zero_padded_translation,arc-gen,149,"dr=0,dc=1",1,0,5,5,0,"input and expected output shifted together, cells outside 30x30 clipped"
clipped_zero_padded_translation,arc-gen,149,"dr=-2,dc=0",1,0,30,30,0,"input and expected output shifted together, cells outside 30x30 clipped"
clipped_zero_padded_translation,arc-gen,149,"dr=2,dc=0",1,0,30,30,0,"input and expected output shifted together, cells outside 30x30 clipped"
clipped_zero_padded_translation,arc-gen,149,"dr=0,dc=-2",1,0,35,35,0,"input and expected output shifted together, cells outside 30x30 clipped"
clipped_zero_padded_translation,arc-gen,149,"dr=0,dc=2",1,0,35,35,0,"input and expected output shifted together, cells outside 30x30 clipped"
clipped_zero_padded_translation,arc-gen,150,"dr=-1,dc=0",1,0,10,10,0,"input and expected output shifted together, cells outside 30x30 clipped"
clipped_zero_padded_translation,arc-gen,150,"dr=1,dc=0",1,0,13,13,0,"input and expected output shifted together, cells outside 30x30 clipped"
clipped_zero_padded_translation,arc-gen,150,"dr=0,dc=-1",1,1,0,0,0,"input and expected output shifted together, cells outside 30x30 clipped"
clipped_zero_padded_translation,arc-gen,150,"dr=0,dc=1",1,1,0,0,0,"input and expected output shifted together, cells outside 30x30 clipped"
clipped_zero_padded_translation,arc-gen,150,"dr=-2,dc=0",1,0,40,40,0,"input and expected output shifted together, cells outside 30x30 clipped"
clipped_zero_padded_translation,arc-gen,150,"dr=2,dc=0",1,0,40,40,0,"input and expected output shifted together, cells outside 30x30 clipped"
clipped_zero_padded_translation,arc-gen,150,"dr=0,dc=-2",1,0,30,30,0,"input and expected output shifted together, cells outside 30x30 clipped"
clipped_zero_padded_translation,arc-gen,150,"dr=0,dc=2",1,0,30,30,0,"input and expected output shifted together, cells outside 30x30 clipped"
clipped_zero_padded_translation,arc-gen,151,"dr=-1,dc=0",1,0,12,12,0,"input and expected output shifted together, cells outside 30x30 clipped"
clipped_zero_padded_translation,arc-gen,151,"dr=1,dc=0",1,0,1,1,0,"input and expected output shifted together, cells outside 30x30 clipped"
clipped_zero_padded_translation,arc-gen,151,"dr=0,dc=-1",1,0,9,9,0,"input and expected output shifted together, cells outside 30x30 clipped"
clipped_zero_padded_translation,arc-gen,151,"dr=0,dc=1",1,0,9,9,0,"input and expected output shifted together, cells outside 30x30 clipped"
clipped_zero_padded_translation,arc-gen,151,"dr=-2,dc=0",1,0,42,42,0,"input and expected output shifted together, cells outside 30x30 clipped"
clipped_zero_padded_translation,arc-gen,151,"dr=2,dc=0",1,0,31,31,0,"input and expected output shifted together, cells outside 30x30 clipped"
clipped_zero_padded_translation,arc-gen,151,"dr=0,dc=-2",1,0,39,39,0,"input and expected output shifted together, cells outside 30x30 clipped"
clipped_zero_padded_translation,arc-gen,151,"dr=0,dc=2",1,0,39,39,0,"input and expected output shifted together, cells outside 30x30 clipped"
clipped_zero_padded_translation,arc-gen,152,"dr=-1,dc=0",1,1,0,0,0,"input and expected output shifted together, cells outside 30x30 clipped"
clipped_zero_padded_translation,arc-gen,152,"dr=1,dc=0",1,0,2,2,0,"input and expected output shifted together, cells outside 30x30 clipped"
clipped_zero_padded_translation,arc-gen,152,"dr=0,dc=-1",1,0,7,7,0,"input and expected output shifted together, cells outside 30x30 clipped"
clipped_zero_padded_translation,arc-gen,152,"dr=0,dc=1",1,0,7,7,0,"input and expected output shifted together, cells outside 30x30 clipped"
clipped_zero_padded_translation,arc-gen,152,"dr=-2,dc=0",1,0,30,30,0,"input and expected output shifted together, cells outside 30x30 clipped"
clipped_zero_padded_translation,arc-gen,152,"dr=2,dc=0",1,0,32,32,0,"input and expected output shifted together, cells outside 30x30 clipped"
clipped_zero_padded_translation,arc-gen,152,"dr=0,dc=-2",1,0,37,37,0,"input and expected output shifted together, cells outside 30x30 clipped"
clipped_zero_padded_translation,arc-gen,152,"dr=0,dc=2",1,0,37,37,0,"input and expected output shifted together, cells outside 30x30 clipped"
clipped_zero_padded_translation,arc-gen,153,"dr=-1,dc=0",1,1,0,0,0,"input and expected output shifted together, cells outside 30x30 clipped"
clipped_zero_padded_translation,arc-gen,153,"dr=1,dc=0",1,1,0,0,0,"input and expected output shifted together, cells outside 30x30 clipped"
clipped_zero_padded_translation,arc-gen,153,"dr=0,dc=-1",1,0,4,4,0,"input and expected output shifted together, cells outside 30x30 clipped"
clipped_zero_padded_translation,arc-gen,153,"dr=0,dc=1",1,0,4,4,0,"input and expected output shifted together, cells outside 30x30 clipped"
clipped_zero_padded_translation,arc-gen,153,"dr=-2,dc=0",1,0,30,30,0,"input and expected output shifted together, cells outside 30x30 clipped"
clipped_zero_padded_translation,arc-gen,153,"dr=2,dc=0",1,0,30,30,0,"input and expected output shifted together, cells outside 30x30 clipped"
clipped_zero_padded_translation,arc-gen,153,"dr=0,dc=-2",1,0,34,34,0,"input and expected output shifted together, cells outside 30x30 clipped"
clipped_zero_padded_translation,arc-gen,153,"dr=0,dc=2",1,0,34,34,0,"input and expected output shifted together, cells outside 30x30 clipped"
clipped_zero_padded_translation,arc-gen,154,"dr=-1,dc=0",1,1,0,0,0,"input and expected output shifted together, cells outside 30x30 clipped"
clipped_zero_padded_translation,arc-gen,154,"dr=1,dc=0",1,1,0,0,0,"input and expected output shifted together, cells outside 30x30 clipped"
clipped_zero_padded_translation,arc-gen,154,"dr=0,dc=-1",1,0,9,9,0,"input and expected output shifted together, cells outside 30x30 clipped"
clipped_zero_padded_translation,arc-gen,154,"dr=0,dc=1",1,0,9,9,0,"input and expected output shifted together, cells outside 30x30 clipped"
clipped_zero_padded_translation,arc-gen,154,"dr=-2,dc=0",1,0,30,30,0,"input and expected output shifted together, cells outside 30x30 clipped"
clipped_zero_padded_translation,arc-gen,154,"dr=2,dc=0",1,0,30,30,0,"input and expected output shifted together, cells outside 30x30 clipped"
clipped_zero_padded_translation,arc-gen,154,"dr=0,dc=-2",1,0,39,39,0,"input and expected output shifted together, cells outside 30x30 clipped"
clipped_zero_padded_translation,arc-gen,154,"dr=0,dc=2",1,0,39,39,0,"input and expected output shifted together, cells outside 30x30 clipped"
clipped_zero_padded_translation,arc-gen,155,"dr=-1,dc=0",1,0,1,1,0,"input and expected output shifted together, cells outside 30x30 clipped"
clipped_zero_padded_translation,arc-gen,155,"dr=1,dc=0",1,0,2,2,0,"input and expected output shifted together, cells outside 30x30 clipped"
clipped_zero_padded_translation,arc-gen,155,"dr=0,dc=-1",1,0,4,4,0,"input and expected output shifted together, cells outside 30x30 clipped"
clipped_zero_padded_translation,arc-gen,155,"dr=0,dc=1",1,0,15,15,0,"input and expected output shifted together, cells outside 30x30 clipped"
clipped_zero_padded_translation,arc-gen,155,"dr=-2,dc=0",1,0,49,31,18,"input and expected output shifted together, cells outside 30x30 clipped"
clipped_zero_padded_translation,arc-gen,155,"dr=2,dc=0",1,0,32,32,0,"input and expected output shifted together, cells outside 30x30 clipped"
clipped_zero_padded_translation,arc-gen,155,"dr=0,dc=-2",1,0,34,34,0,"input and expected output shifted together, cells outside 30x30 clipped"
clipped_zero_padded_translation,arc-gen,155,"dr=0,dc=2",1,0,30,30,0,"input and expected output shifted together, cells outside 30x30 clipped"
clipped_zero_padded_translation,arc-gen,156,"dr=-1,dc=0",1,0,6,6,0,"input and expected output shifted together, cells outside 30x30 clipped"
clipped_zero_padded_translation,arc-gen,156,"dr=1,dc=0",1,0,6,6,0,"input and expected output shifted together, cells outside 30x30 clipped"
clipped_zero_padded_translation,arc-gen,156,"dr=0,dc=-1",1,0,1,1,0,"input and expected output shifted together, cells outside 30x30 clipped"
clipped_zero_padded_translation,arc-gen,156,"dr=0,dc=1",1,1,0,0,0,"input and expected output shifted together, cells outside 30x30 clipped"
clipped_zero_padded_translation,arc-gen,156,"dr=-2,dc=0",1,0,36,36,0,"input and expected output shifted together, cells outside 30x30 clipped"
clipped_zero_padded_translation,arc-gen,156,"dr=2,dc=0",1,0,36,36,0,"input and expected output shifted together, cells outside 30x30 clipped"
clipped_zero_padded_translation,arc-gen,156,"dr=0,dc=-2",1,0,31,31,0,"input and expected output shifted together, cells outside 30x30 clipped"
clipped_zero_padded_translation,arc-gen,156,"dr=0,dc=2",1,0,30,30,0,"input and expected output shifted together, cells outside 30x30 clipped"
clipped_zero_padded_translation,arc-gen,157,"dr=-1,dc=0",1,0,61,7,54,"input and expected output shifted together, cells outside 30x30 clipped"
clipped_zero_padded_translation,arc-gen,157,"dr=1,dc=0",1,0,61,7,54,"input and expected output shifted together, cells outside 30x30 clipped"
clipped_zero_padded_translation,arc-gen,157,"dr=0,dc=-1",1,0,45,0,45,"input and expected output shifted together, cells outside 30x30 clipped"
clipped_zero_padded_translation,arc-gen,157,"dr=0,dc=1",1,0,9,9,0,"input and expected output shifted together, cells outside 30x30 clipped"
clipped_zero_padded_translation,arc-gen,157,"dr=-2,dc=0",1,0,91,37,54,"input and expected output shifted together, cells outside 30x30 clipped"
clipped_zero_padded_translation,arc-gen,157,"dr=2,dc=0",1,0,91,37,54,"input and expected output shifted together, cells outside 30x30 clipped"
clipped_zero_padded_translation,arc-gen,157,"dr=0,dc=-2",1,0,66,30,36,"input and expected output shifted together, cells outside 30x30 clipped"
clipped_zero_padded_translation,arc-gen,157,"dr=0,dc=2",1,0,39,39,0,"input and expected output shifted together, cells outside 30x30 clipped"
clipped_zero_padded_translation,arc-gen,158,"dr=-1,dc=0",1,0,25,4,21,"input and expected output shifted together, cells outside 30x30 clipped"
clipped_zero_padded_translation,arc-gen,158,"dr=1,dc=0",1,0,3,3,0,"input and expected output shifted together, cells outside 30x30 clipped"
clipped_zero_padded_translation,arc-gen,158,"dr=0,dc=-1",1,0,29,5,24,"input and expected output shifted together, cells outside 30x30 clipped"
clipped_zero_padded_translation,arc-gen,158,"dr=0,dc=1",1,0,29,5,24,"input and expected output shifted together, cells outside 30x30 clipped"
clipped_zero_padded_translation,arc-gen,158,"dr=-2,dc=0",1,0,52,34,18,"input and expected output shifted together, cells outside 30x30 clipped"
clipped_zero_padded_translation,arc-gen,158,"dr=2,dc=0",1,0,33,33,0,"input and expected output shifted together, cells outside 30x30 clipped"
clipped_zero_padded_translation,arc-gen,158,"dr=0,dc=-2",1,0,59,35,24,"input and expected output shifted together, cells outside 30x30 clipped"
clipped_zero_padded_translation,arc-gen,158,"dr=0,dc=2",1,0,59,35,24,"input and expected output shifted together, cells outside 30x30 clipped"
clipped_zero_padded_translation,arc-gen,159,"dr=-1,dc=0",1,0,8,8,0,"input and expected output shifted together, cells outside 30x30 clipped"
clipped_zero_padded_translation,arc-gen,159,"dr=1,dc=0",1,0,8,8,0,"input and expected output shifted together, cells outside 30x30 clipped"
clipped_zero_padded_translation,arc-gen,159,"dr=0,dc=-1",1,0,2,2,0,"input and expected output shifted together, cells outside 30x30 clipped"
clipped_zero_padded_translation,arc-gen,159,"dr=0,dc=1",1,0,8,8,0,"input and expected output shifted together, cells outside 30x30 clipped"
clipped_zero_padded_translation,arc-gen,159,"dr=-2,dc=0",1,0,38,38,0,"input and expected output shifted together, cells outside 30x30 clipped"
clipped_zero_padded_translation,arc-gen,159,"dr=2,dc=0",1,0,38,38,0,"input and expected output shifted together, cells outside 30x30 clipped"
clipped_zero_padded_translation,arc-gen,159,"dr=0,dc=-2",1,0,32,32,0,"input and expected output shifted together, cells outside 30x30 clipped"
clipped_zero_padded_translation,arc-gen,159,"dr=0,dc=2",1,0,38,38,0,"input and expected output shifted together, cells outside 30x30 clipped"
clipped_zero_padded_translation,arc-gen,160,"dr=-1,dc=0",1,0,2,2,0,"input and expected output shifted together, cells outside 30x30 clipped"
clipped_zero_padded_translation,arc-gen,160,"dr=1,dc=0",1,0,2,2,0,"input and expected output shifted together, cells outside 30x30 clipped"
clipped_zero_padded_translation,arc-gen,160,"dr=0,dc=-1",1,0,8,8,0,"input and expected output shifted together, cells outside 30x30 clipped"
clipped_zero_padded_translation,arc-gen,160,"dr=0,dc=1",1,0,8,8,0,"input and expected output shifted together, cells outside 30x30 clipped"
clipped_zero_padded_translation,arc-gen,160,"dr=-2,dc=0",1,0,32,32,0,"input and expected output shifted together, cells outside 30x30 clipped"
clipped_zero_padded_translation,arc-gen,160,"dr=2,dc=0",1,0,32,32,0,"input and expected output shifted together, cells outside 30x30 clipped"
clipped_zero_padded_translation,arc-gen,160,"dr=0,dc=-2",1,0,38,38,0,"input and expected output shifted together, cells outside 30x30 clipped"
clipped_zero_padded_translation,arc-gen,160,"dr=0,dc=2",1,0,38,38,0,"input and expected output shifted together, cells outside 30x30 clipped"
clipped_zero_padded_translation,arc-gen,161,"dr=-1,dc=0",1,1,0,0,0,"input and expected output shifted together, cells outside 30x30 clipped"
clipped_zero_padded_translation,arc-gen,161,"dr=1,dc=0",1,0,15,15,0,"input and expected output shifted together, cells outside 30x30 clipped"
clipped_zero_padded_translation,arc-gen,161,"dr=0,dc=-1",1,0,9,9,0,"input and expected output shifted together, cells outside 30x30 clipped"
clipped_zero_padded_translation,arc-gen,161,"dr=0,dc=1",1,0,9,9,0,"input and expected output shifted together, cells outside 30x30 clipped"
clipped_zero_padded_translation,arc-gen,161,"dr=-2,dc=0",1,0,30,30,0,"input and expected output shifted together, cells outside 30x30 clipped"
clipped_zero_padded_translation,arc-gen,161,"dr=2,dc=0",1,0,30,30,0,"input and expected output shifted together, cells outside 30x30 clipped"
clipped_zero_padded_translation,arc-gen,161,"dr=0,dc=-2",1,0,39,39,0,"input and expected output shifted together, cells outside 30x30 clipped"
clipped_zero_padded_translation,arc-gen,161,"dr=0,dc=2",1,0,39,39,0,"input and expected output shifted together, cells outside 30x30 clipped"
clipped_zero_padded_translation,arc-gen,162,"dr=-1,dc=0",1,1,0,0,0,"input and expected output shifted together, cells outside 30x30 clipped"
clipped_zero_padded_translation,arc-gen,162,"dr=1,dc=0",1,0,2,2,0,"input and expected output shifted together, cells outside 30x30 clipped"
clipped_zero_padded_translation,arc-gen,162,"dr=0,dc=-1",1,0,6,6,0,"input and expected output shifted together, cells outside 30x30 clipped"
clipped_zero_padded_translation,arc-gen,162,"dr=0,dc=1",1,0,6,6,0,"input and expected output shifted together, cells outside 30x30 clipped"
clipped_zero_padded_translation,arc-gen,162,"dr=-2,dc=0",1,0,30,30,0,"input and expected output shifted together, cells outside 30x30 clipped"
clipped_zero_padded_translation,arc-gen,162,"dr=2,dc=0",1,0,32,32,0,"input and expected output shifted together, cells outside 30x30 clipped"
clipped_zero_padded_translation,arc-gen,162,"dr=0,dc=-2",1,0,36,36,0,"input and expected output shifted together, cells outside 30x30 clipped"
clipped_zero_padded_translation,arc-gen,162,"dr=0,dc=2",1,0,36,36,0,"input and expected output shifted together, cells outside 30x30 clipped"
clipped_zero_padded_translation,arc-gen,163,"dr=-1,dc=0",1,0,15,1,14,"input and expected output shifted together, cells outside 30x30 clipped"
clipped_zero_padded_translation,arc-gen,163,"dr=1,dc=0",1,0,2,2,0,"input and expected output shifted together, cells outside 30x30 clipped"
clipped_zero_padded_translation,arc-gen,163,"dr=0,dc=-1",1,0,21,5,16,"input and expected output shifted together, cells outside 30x30 clipped"
clipped_zero_padded_translation,arc-gen,163,"dr=0,dc=1",1,0,21,5,16,"input and expected output shifted together, cells outside 30x30 clipped"
clipped_zero_padded_translation,arc-gen,163,"dr=-2,dc=0",1,0,43,31,12,"input and expected output shifted together, cells outside 30x30 clipped"
clipped_zero_padded_translation,arc-gen,163,"dr=2,dc=0",1,0,32,32,0,"input and expected output shifted together, cells outside 30x30 clipped"
clipped_zero_padded_translation,arc-gen,163,"dr=0,dc=-2",1,0,51,35,16,"input and expected output shifted together, cells outside 30x30 clipped"
clipped_zero_padded_translation,arc-gen,163,"dr=0,dc=2",1,0,51,35,16,"input and expected output shifted together, cells outside 30x30 clipped"
clipped_zero_padded_translation,arc-gen,164,"dr=-1,dc=0",1,0,10,10,0,"input and expected output shifted together, cells outside 30x30 clipped"
clipped_zero_padded_translation,arc-gen,164,"dr=1,dc=0",1,0,10,10,0,"input and expected output shifted together, cells outside 30x30 clipped"
clipped_zero_padded_translation,arc-gen,164,"dr=0,dc=-1",1,0,3,3,0,"input and expected output shifted together, cells outside 30x30 clipped"
clipped_zero_padded_translation,arc-gen,164,"dr=0,dc=1",1,1,0,0,0,"input and expected output shifted together, cells outside 30x30 clipped"
clipped_zero_padded_translation,arc-gen,164,"dr=-2,dc=0",1,0,40,40,0,"input and expected output shifted together, cells outside 30x30 clipped"
clipped_zero_padded_translation,arc-gen,164,"dr=2,dc=0",1,0,40,40,0,"input and expected output shifted together, cells outside 30x30 clipped"
clipped_zero_padded_translation,arc-gen,164,"dr=0,dc=-2",1,0,33,33,0,"input and expected output shifted together, cells outside 30x30 clipped"
clipped_zero_padded_translation,arc-gen,164,"dr=0,dc=2",1,0,30,30,0,"input and expected output shifted together, cells outside 30x30 clipped"
clipped_zero_padded_translation,arc-gen,165,"dr=-1,dc=0",1,0,55,6,49,"input and expected output shifted together, cells outside 30x30 clipped"
clipped_zero_padded_translation,arc-gen,165,"dr=1,dc=0",1,0,49,0,49,"input and expected output shifted together, cells outside 30x30 clipped"
clipped_zero_padded_translation,arc-gen,165,"dr=0,dc=-1",1,0,45,3,42,"input and expected output shifted together, cells outside 30x30 clipped"
clipped_zero_padded_translation,arc-gen,165,"dr=0,dc=1",1,0,46,14,32,"input and expected output shifted together, cells outside 30x30 clipped"
clipped_zero_padded_translation,arc-gen,165,"dr=-2,dc=0",1,0,85,36,49,"input and expected output shifted together, cells outside 30x30 clipped"
clipped_zero_padded_translation,arc-gen,165,"dr=2,dc=0",1,0,79,30,49,"input and expected output shifted together, cells outside 30x30 clipped"
clipped_zero_padded_translation,arc-gen,165,"dr=0,dc=-2",1,0,68,33,35,"input and expected output shifted together, cells outside 30x30 clipped"
clipped_zero_padded_translation,arc-gen,165,"dr=0,dc=2",1,0,60,30,30,"input and expected output shifted together, cells outside 30x30 clipped"
clipped_zero_padded_translation,arc-gen,166,"dr=-1,dc=0",1,0,8,8,0,"input and expected output shifted together, cells outside 30x30 clipped"
clipped_zero_padded_translation,arc-gen,166,"dr=1,dc=0",1,1,0,0,0,"input and expected output shifted together, cells outside 30x30 clipped"
clipped_zero_padded_translation,arc-gen,166,"dr=0,dc=-1",1,0,8,8,0,"input and expected output shifted together, cells outside 30x30 clipped"
clipped_zero_padded_translation,arc-gen,166,"dr=0,dc=1",1,0,8,8,0,"input and expected output shifted together, cells outside 30x30 clipped"
clipped_zero_padded_translation,arc-gen,166,"dr=-2,dc=0",1,0,38,38,0,"input and expected output shifted together, cells outside 30x30 clipped"
clipped_zero_padded_translation,arc-gen,166,"dr=2,dc=0",1,0,30,30,0,"input and expected output shifted together, cells outside 30x30 clipped"
clipped_zero_padded_translation,arc-gen,166,"dr=0,dc=-2",1,0,38,38,0,"input and expected output shifted together, cells outside 30x30 clipped"
clipped_zero_padded_translation,arc-gen,166,"dr=0,dc=2",1,0,38,38,0,"input and expected output shifted together, cells outside 30x30 clipped"
clipped_zero_padded_translation,arc-gen,167,"dr=-1,dc=0",1,0,2,2,0,"input and expected output shifted together, cells outside 30x30 clipped"
clipped_zero_padded_translation,arc-gen,167,"dr=1,dc=0",1,0,2,2,0,"input and expected output shifted together, cells outside 30x30 clipped"
clipped_zero_padded_translation,arc-gen,167,"dr=0,dc=-1",1,0,9,9,0,"input and expected output shifted together, cells outside 30x30 clipped"
clipped_zero_padded_translation,arc-gen,167,"dr=0,dc=1",1,0,9,9,0,"input and expected output shifted together, cells outside 30x30 clipped"
clipped_zero_padded_translation,arc-gen,167,"dr=-2,dc=0",1,0,40,32,8,"input and expected output shifted together, cells outside 30x30 clipped"
clipped_zero_padded_translation,arc-gen,167,"dr=2,dc=0",1,0,32,32,0,"input and expected output shifted together, cells outside 30x30 clipped"
clipped_zero_padded_translation,arc-gen,167,"dr=0,dc=-2",1,0,39,39,0,"input and expected output shifted together, cells outside 30x30 clipped"
clipped_zero_padded_translation,arc-gen,167,"dr=0,dc=2",1,0,39,39,0,"input and expected output shifted together, cells outside 30x30 clipped"
clipped_zero_padded_translation,arc-gen,168,"dr=-1,dc=0",1,1,0,0,0,"input and expected output shifted together, cells outside 30x30 clipped"
clipped_zero_padded_translation,arc-gen,168,"dr=1,dc=0",1,0,9,9,0,"input and expected output shifted together, cells outside 30x30 clipped"
clipped_zero_padded_translation,arc-gen,168,"dr=0,dc=-1",1,1,0,0,0,"input and expected output shifted together, cells outside 30x30 clipped"
clipped_zero_padded_translation,arc-gen,168,"dr=0,dc=1",1,0,11,11,0,"input and expected output shifted together, cells outside 30x30 clipped"
clipped_zero_padded_translation,arc-gen,168,"dr=-2,dc=0",1,0,30,30,0,"input and expected output shifted together, cells outside 30x30 clipped"
clipped_zero_padded_translation,arc-gen,168,"dr=2,dc=0",1,0,39,39,0,"input and expected output shifted together, cells outside 30x30 clipped"
clipped_zero_padded_translation,arc-gen,168,"dr=0,dc=-2",1,0,30,30,0,"input and expected output shifted together, cells outside 30x30 clipped"
clipped_zero_padded_translation,arc-gen,168,"dr=0,dc=2",1,0,41,41,0,"input and expected output shifted together, cells outside 30x30 clipped"
clipped_zero_padded_translation,arc-gen,169,"dr=-1,dc=0",1,1,0,0,0,"input and expected output shifted together, cells outside 30x30 clipped"
clipped_zero_padded_translation,arc-gen,169,"dr=1,dc=0",1,0,1,1,0,"input and expected output shifted together, cells outside 30x30 clipped"
clipped_zero_padded_translation,arc-gen,169,"dr=0,dc=-1",1,0,7,7,0,"input and expected output shifted together, cells outside 30x30 clipped"
clipped_zero_padded_translation,arc-gen,169,"dr=0,dc=1",1,0,15,15,0,"input and expected output shifted together, cells outside 30x30 clipped"
clipped_zero_padded_translation,arc-gen,169,"dr=-2,dc=0",1,0,30,30,0,"input and expected output shifted together, cells outside 30x30 clipped"
clipped_zero_padded_translation,arc-gen,169,"dr=2,dc=0",1,0,31,31,0,"input and expected output shifted together, cells outside 30x30 clipped"
clipped_zero_padded_translation,arc-gen,169,"dr=0,dc=-2",1,0,37,37,0,"input and expected output shifted together, cells outside 30x30 clipped"
clipped_zero_padded_translation,arc-gen,169,"dr=0,dc=2",1,0,30,30,0,"input and expected output shifted together, cells outside 30x30 clipped"
clipped_zero_padded_translation,arc-gen,170,"dr=-1,dc=0",1,1,0,0,0,"input and expected output shifted together, cells outside 30x30 clipped"
clipped_zero_padded_translation,arc-gen,170,"dr=1,dc=0",1,1,0,0,0,"input and expected output shifted together, cells outside 30x30 clipped"
clipped_zero_padded_translation,arc-gen,170,"dr=0,dc=-1",1,0,5,5,0,"input and expected output shifted together, cells outside 30x30 clipped"
clipped_zero_padded_translation,arc-gen,170,"dr=0,dc=1",1,0,5,5,0,"input and expected output shifted together, cells outside 30x30 clipped"
clipped_zero_padded_translation,arc-gen,170,"dr=-2,dc=0",1,0,30,30,0,"input and expected output shifted together, cells outside 30x30 clipped"
clipped_zero_padded_translation,arc-gen,170,"dr=2,dc=0",1,0,30,30,0,"input and expected output shifted together, cells outside 30x30 clipped"
clipped_zero_padded_translation,arc-gen,170,"dr=0,dc=-2",1,0,35,35,0,"input and expected output shifted together, cells outside 30x30 clipped"
clipped_zero_padded_translation,arc-gen,170,"dr=0,dc=2",1,0,35,35,0,"input and expected output shifted together, cells outside 30x30 clipped"
clipped_zero_padded_translation,arc-gen,171,"dr=-1,dc=0",1,0,8,8,0,"input and expected output shifted together, cells outside 30x30 clipped"
clipped_zero_padded_translation,arc-gen,171,"dr=1,dc=0",1,1,0,0,0,"input and expected output shifted together, cells outside 30x30 clipped"
clipped_zero_padded_translation,arc-gen,171,"dr=0,dc=-1",1,0,5,5,0,"input and expected output shifted together, cells outside 30x30 clipped"
clipped_zero_padded_translation,arc-gen,171,"dr=0,dc=1",1,1,0,0,0,"input and expected output shifted together, cells outside 30x30 clipped"
clipped_zero_padded_translation,arc-gen,171,"dr=-2,dc=0",1,0,38,38,0,"input and expected output shifted together, cells outside 30x30 clipped"
clipped_zero_padded_translation,arc-gen,171,"dr=2,dc=0",1,0,94,30,64,"input and expected output shifted together, cells outside 30x30 clipped"
clipped_zero_padded_translation,arc-gen,171,"dr=0,dc=-2",1,0,35,35,0,"input and expected output shifted together, cells outside 30x30 clipped"
clipped_zero_padded_translation,arc-gen,171,"dr=0,dc=2",1,0,30,30,0,"input and expected output shifted together, cells outside 30x30 clipped"
clipped_zero_padded_translation,arc-gen,172,"dr=-1,dc=0",1,0,5,5,0,"input and expected output shifted together, cells outside 30x30 clipped"
clipped_zero_padded_translation,arc-gen,172,"dr=1,dc=0",1,0,5,5,0,"input and expected output shifted together, cells outside 30x30 clipped"
clipped_zero_padded_translation,arc-gen,172,"dr=0,dc=-1",1,1,0,0,0,"input and expected output shifted together, cells outside 30x30 clipped"
clipped_zero_padded_translation,arc-gen,172,"dr=0,dc=1",1,0,2,2,0,"input and expected output shifted together, cells outside 30x30 clipped"
clipped_zero_padded_translation,arc-gen,172,"dr=-2,dc=0",1,0,35,35,0,"input and expected output shifted together, cells outside 30x30 clipped"
clipped_zero_padded_translation,arc-gen,172,"dr=2,dc=0",1,0,35,35,0,"input and expected output shifted together, cells outside 30x30 clipped"
clipped_zero_padded_translation,arc-gen,172,"dr=0,dc=-2",1,0,30,30,0,"input and expected output shifted together, cells outside 30x30 clipped"
clipped_zero_padded_translation,arc-gen,172,"dr=0,dc=2",1,0,32,32,0,"input and expected output shifted together, cells outside 30x30 clipped"
clipped_zero_padded_translation,arc-gen,173,"dr=-1,dc=0",1,0,67,19,48,"input and expected output shifted together, cells outside 30x30 clipped"
clipped_zero_padded_translation,arc-gen,173,"dr=1,dc=0",1,0,57,9,48,"input and expected output shifted together, cells outside 30x30 clipped"
clipped_zero_padded_translation,arc-gen,173,"dr=0,dc=-1",1,0,52,2,50,"input and expected output shifted together, cells outside 30x30 clipped"
clipped_zero_padded_translation,arc-gen,173,"dr=0,dc=1",1,0,10,10,0,"input and expected output shifted together, cells outside 30x30 clipped"
clipped_zero_padded_translation,arc-gen,173,"dr=-2,dc=0",1,0,80,32,48,"input and expected output shifted together, cells outside 30x30 clipped"
clipped_zero_padded_translation,arc-gen,173,"dr=2,dc=0",1,0,87,39,48,"input and expected output shifted together, cells outside 30x30 clipped"
clipped_zero_padded_translation,arc-gen,173,"dr=0,dc=-2",1,0,72,32,40,"input and expected output shifted together, cells outside 30x30 clipped"
clipped_zero_padded_translation,arc-gen,173,"dr=0,dc=2",1,0,40,40,0,"input and expected output shifted together, cells outside 30x30 clipped"
clipped_zero_padded_translation,arc-gen,174,"dr=-1,dc=0",1,0,7,7,0,"input and expected output shifted together, cells outside 30x30 clipped"
clipped_zero_padded_translation,arc-gen,174,"dr=1,dc=0",1,0,7,7,0,"input and expected output shifted together, cells outside 30x30 clipped"
clipped_zero_padded_translation,arc-gen,174,"dr=0,dc=-1",1,0,4,4,0,"input and expected output shifted together, cells outside 30x30 clipped"
clipped_zero_padded_translation,arc-gen,174,"dr=0,dc=1",1,0,2,2,0,"input and expected output shifted together, cells outside 30x30 clipped"
clipped_zero_padded_translation,arc-gen,174,"dr=-2,dc=0",1,0,37,37,0,"input and expected output shifted together, cells outside 30x30 clipped"
clipped_zero_padded_translation,arc-gen,174,"dr=2,dc=0",1,0,37,37,0,"input and expected output shifted together, cells outside 30x30 clipped"
clipped_zero_padded_translation,arc-gen,174,"dr=0,dc=-2",1,0,34,34,0,"input and expected output shifted together, cells outside 30x30 clipped"
clipped_zero_padded_translation,arc-gen,174,"dr=0,dc=2",1,0,32,32,0,"input and expected output shifted together, cells outside 30x30 clipped"
clipped_zero_padded_translation,arc-gen,175,"dr=-1,dc=0",1,1,0,0,0,"input and expected output shifted together, cells outside 30x30 clipped"
clipped_zero_padded_translation,arc-gen,175,"dr=1,dc=0",1,1,0,0,0,"input and expected output shifted together, cells outside 30x30 clipped"
clipped_zero_padded_translation,arc-gen,175,"dr=0,dc=-1",1,0,6,6,0,"input and expected output shifted together, cells outside 30x30 clipped"
clipped_zero_padded_translation,arc-gen,175,"dr=0,dc=1",1,0,14,14,0,"input and expected output shifted together, cells outside 30x30 clipped"
clipped_zero_padded_translation,arc-gen,175,"dr=-2,dc=0",1,0,30,30,0,"input and expected output shifted together, cells outside 30x30 clipped"
clipped_zero_padded_translation,arc-gen,175,"dr=2,dc=0",1,0,30,30,0,"input and expected output shifted together, cells outside 30x30 clipped"
clipped_zero_padded_translation,arc-gen,175,"dr=0,dc=-2",1,0,36,36,0,"input and expected output shifted together, cells outside 30x30 clipped"
clipped_zero_padded_translation,arc-gen,175,"dr=0,dc=2",1,0,28,28,0,"input and expected output shifted together, cells outside 30x30 clipped"
clipped_zero_padded_translation,arc-gen,176,"dr=-1,dc=0",1,0,9,9,0,"input and expected output shifted together, cells outside 30x30 clipped"
clipped_zero_padded_translation,arc-gen,176,"dr=1,dc=0",1,0,9,9,0,"input and expected output shifted together, cells outside 30x30 clipped"
clipped_zero_padded_translation,arc-gen,176,"dr=0,dc=-1",1,1,0,0,0,"input and expected output shifted together, cells outside 30x30 clipped"
clipped_zero_padded_translation,arc-gen,176,"dr=0,dc=1",1,0,3,3,0,"input and expected output shifted together, cells outside 30x30 clipped"
clipped_zero_padded_translation,arc-gen,176,"dr=-2,dc=0",1,0,39,39,0,"input and expected output shifted together, cells outside 30x30 clipped"
clipped_zero_padded_translation,arc-gen,176,"dr=2,dc=0",1,0,39,39,0,"input and expected output shifted together, cells outside 30x30 clipped"
clipped_zero_padded_translation,arc-gen,176,"dr=0,dc=-2",1,0,30,30,0,"input and expected output shifted together, cells outside 30x30 clipped"
clipped_zero_padded_translation,arc-gen,176,"dr=0,dc=2",1,0,33,33,0,"input and expected output shifted together, cells outside 30x30 clipped"
clipped_zero_padded_translation,arc-gen,177,"dr=-1,dc=0",1,0,10,10,0,"input and expected output shifted together, cells outside 30x30 clipped"
clipped_zero_padded_translation,arc-gen,177,"dr=1,dc=0",1,0,82,2,80,"input and expected output shifted together, cells outside 30x30 clipped"
clipped_zero_padded_translation,arc-gen,177,"dr=0,dc=-1",1,0,94,4,90,"input and expected output shifted together, cells outside 30x30 clipped"
clipped_zero_padded_translation,arc-gen,177,"dr=0,dc=1",1,0,94,4,90,"input and expected output shifted together, cells outside 30x30 clipped"
clipped_zero_padded_translation,arc-gen,177,"dr=-2,dc=0",1,0,40,40,0,"input and expected output shifted together, cells outside 30x30 clipped"
clipped_zero_padded_translation,arc-gen,177,"dr=2,dc=0",1,0,102,32,70,"input and expected output shifted together, cells outside 30x30 clipped"
clipped_zero_padded_translation,arc-gen,177,"dr=0,dc=-2",1,0,124,34,90,"input and expected output shifted together, cells outside 30x30 clipped"
clipped_zero_padded_translation,arc-gen,177,"dr=0,dc=2",1,0,124,34,90,"input and expected output shifted together, cells outside 30x30 clipped"
clipped_zero_padded_translation,arc-gen,178,"dr=-1,dc=0",1,0,7,7,0,"input and expected output shifted together, cells outside 30x30 clipped"
clipped_zero_padded_translation,arc-gen,178,"dr=1,dc=0",1,0,7,7,0,"input and expected output shifted together, cells outside 30x30 clipped"
clipped_zero_padded_translation,arc-gen,178,"dr=0,dc=-1",1,0,4,4,0,"input and expected output shifted together, cells outside 30x30 clipped"
clipped_zero_padded_translation,arc-gen,178,"dr=0,dc=1",1,1,0,0,0,"input and expected output shifted together, cells outside 30x30 clipped"
clipped_zero_padded_translation,arc-gen,178,"dr=-2,dc=0",1,0,37,37,0,"input and expected output shifted together, cells outside 30x30 clipped"
clipped_zero_padded_translation,arc-gen,178,"dr=2,dc=0",1,0,37,37,0,"input and expected output shifted together, cells outside 30x30 clipped"
clipped_zero_padded_translation,arc-gen,178,"dr=0,dc=-2",1,0,34,34,0,"input and expected output shifted together, cells outside 30x30 clipped"
clipped_zero_padded_translation,arc-gen,178,"dr=0,dc=2",1,0,30,30,0,"input and expected output shifted together, cells outside 30x30 clipped"
clipped_zero_padded_translation,arc-gen,179,"dr=-1,dc=0",1,1,0,0,0,"input and expected output shifted together, cells outside 30x30 clipped"
clipped_zero_padded_translation,arc-gen,179,"dr=1,dc=0",1,0,2,2,0,"input and expected output shifted together, cells outside 30x30 clipped"
clipped_zero_padded_translation,arc-gen,179,"dr=0,dc=-1",1,0,8,8,0,"input and expected output shifted together, cells outside 30x30 clipped"
clipped_zero_padded_translation,arc-gen,179,"dr=0,dc=1",1,0,8,8,0,"input and expected output shifted together, cells outside 30x30 clipped"
clipped_zero_padded_translation,arc-gen,179,"dr=-2,dc=0",1,0,30,30,0,"input and expected output shifted together, cells outside 30x30 clipped"
clipped_zero_padded_translation,arc-gen,179,"dr=2,dc=0",1,0,32,32,0,"input and expected output shifted together, cells outside 30x30 clipped"
clipped_zero_padded_translation,arc-gen,179,"dr=0,dc=-2",1,0,38,38,0,"input and expected output shifted together, cells outside 30x30 clipped"
clipped_zero_padded_translation,arc-gen,179,"dr=0,dc=2",1,0,38,38,0,"input and expected output shifted together, cells outside 30x30 clipped"
clipped_zero_padded_translation,arc-gen,180,"dr=-1,dc=0",1,0,24,0,24,"input and expected output shifted together, cells outside 30x30 clipped"
clipped_zero_padded_translation,arc-gen,180,"dr=1,dc=0",1,0,30,8,22,"input and expected output shifted together, cells outside 30x30 clipped"
clipped_zero_padded_translation,arc-gen,180,"dr=0,dc=-1",1,0,37,13,24,"input and expected output shifted together, cells outside 30x30 clipped"
clipped_zero_padded_translation,arc-gen,180,"dr=0,dc=1",1,0,34,10,24,"input and expected output shifted together, cells outside 30x30 clipped"
clipped_zero_padded_translation,arc-gen,180,"dr=-2,dc=0",1,0,54,30,24,"input and expected output shifted together, cells outside 30x30 clipped"
clipped_zero_padded_translation,arc-gen,180,"dr=2,dc=0",1,0,58,38,20,"input and expected output shifted together, cells outside 30x30 clipped"
clipped_zero_padded_translation,arc-gen,180,"dr=0,dc=-2",1,0,52,28,24,"input and expected output shifted together, cells outside 30x30 clipped"
clipped_zero_padded_translation,arc-gen,180,"dr=0,dc=2",1,0,64,40,24,"input and expected output shifted together, cells outside 30x30 clipped"
clipped_zero_padded_translation,arc-gen,181,"dr=-1,dc=0",1,0,8,8,0,"input and expected output shifted together, cells outside 30x30 clipped"
clipped_zero_padded_translation,arc-gen,181,"dr=1,dc=0",1,1,0,0,0,"input and expected output shifted together, cells outside 30x30 clipped"
clipped_zero_padded_translation,arc-gen,181,"dr=0,dc=-1",1,0,1,1,0,"input and expected output shifted together, cells outside 30x30 clipped"
clipped_zero_padded_translation,arc-gen,181,"dr=0,dc=1",1,0,2,2,0,"input and expected output shifted together, cells outside 30x30 clipped"
clipped_zero_padded_translation,arc-gen,181,"dr=-2,dc=0",1,0,38,38,0,"input and expected output shifted together, cells outside 30x30 clipped"
clipped_zero_padded_translation,arc-gen,181,"dr=2,dc=0",1,0,30,30,0,"input and expected output shifted together, cells outside 30x30 clipped"
clipped_zero_padded_translation,arc-gen,181,"dr=0,dc=-2",1,0,31,31,0,"input and expected output shifted together, cells outside 30x30 clipped"
clipped_zero_padded_translation,arc-gen,181,"dr=0,dc=2",1,0,32,32,0,"input and expected output shifted together, cells outside 30x30 clipped"
clipped_zero_padded_translation,arc-gen,182,"dr=-1,dc=0",1,0,3,3,0,"input and expected output shifted together, cells outside 30x30 clipped"
clipped_zero_padded_translation,arc-gen,182,"dr=1,dc=0",1,1,0,0,0,"input and expected output shifted together, cells outside 30x30 clipped"
clipped_zero_padded_translation,arc-gen,182,"dr=0,dc=-1",1,0,6,6,0,"input and expected output shifted together, cells outside 30x30 clipped"
clipped_zero_padded_translation,arc-gen,182,"dr=0,dc=1",1,0,6,6,0,"input and expected output shifted together, cells outside 30x30 clipped"
clipped_zero_padded_translation,arc-gen,182,"dr=-2,dc=0",1,0,33,33,0,"input and expected output shifted together, cells outside 30x30 clipped"
clipped_zero_padded_translation,arc-gen,182,"dr=2,dc=0",1,0,30,30,0,"input and expected output shifted together, cells outside 30x30 clipped"
clipped_zero_padded_translation,arc-gen,182,"dr=0,dc=-2",1,0,36,36,0,"input and expected output shifted together, cells outside 30x30 clipped"
clipped_zero_padded_translation,arc-gen,182,"dr=0,dc=2",1,0,36,36,0,"input and expected output shifted together, cells outside 30x30 clipped"
clipped_zero_padded_translation,arc-gen,183,"dr=-1,dc=0",1,0,24,0,24,"input and expected output shifted together, cells outside 30x30 clipped"
clipped_zero_padded_translation,arc-gen,183,"dr=1,dc=0",1,0,28,4,24,"input and expected output shifted together, cells outside 30x30 clipped"
clipped_zero_padded_translation,arc-gen,183,"dr=0,dc=-1",1,0,21,0,21,"input and expected output shifted together, cells outside 30x30 clipped"
clipped_zero_padded_translation,arc-gen,183,"dr=0,dc=1",1,0,24,0,24,"input and expected output shifted together, cells outside 30x30 clipped"
clipped_zero_padded_translation,arc-gen,183,"dr=-2,dc=0",1,0,54,30,24,"input and expected output shifted together, cells outside 30x30 clipped"
clipped_zero_padded_translation,arc-gen,183,"dr=2,dc=0",1,0,58,34,24,"input and expected output shifted together, cells outside 30x30 clipped"
clipped_zero_padded_translation,arc-gen,183,"dr=0,dc=-2",1,0,48,30,18,"input and expected output shifted together, cells outside 30x30 clipped"
clipped_zero_padded_translation,arc-gen,183,"dr=0,dc=2",1,0,33,33,0,"input and expected output shifted together, cells outside 30x30 clipped"
clipped_zero_padded_translation,arc-gen,184,"dr=-1,dc=0",1,0,6,6,0,"input and expected output shifted together, cells outside 30x30 clipped"
clipped_zero_padded_translation,arc-gen,184,"dr=1,dc=0",1,0,6,6,0,"input and expected output shifted together, cells outside 30x30 clipped"
clipped_zero_padded_translation,arc-gen,184,"dr=0,dc=-1",1,0,2,2,0,"input and expected output shifted together, cells outside 30x30 clipped"
clipped_zero_padded_translation,arc-gen,184,"dr=0,dc=1",1,0,3,3,0,"input and expected output shifted together, cells outside 30x30 clipped"
clipped_zero_padded_translation,arc-gen,184,"dr=-2,dc=0",1,0,36,36,0,"input and expected output shifted together, cells outside 30x30 clipped"
clipped_zero_padded_translation,arc-gen,184,"dr=2,dc=0",1,0,36,36,0,"input and expected output shifted together, cells outside 30x30 clipped"
clipped_zero_padded_translation,arc-gen,184,"dr=0,dc=-2",1,0,32,32,0,"input and expected output shifted together, cells outside 30x30 clipped"
clipped_zero_padded_translation,arc-gen,184,"dr=0,dc=2",1,0,33,33,0,"input and expected output shifted together, cells outside 30x30 clipped"
clipped_zero_padded_translation,arc-gen,185,"dr=-1,dc=0",1,0,9,9,0,"input and expected output shifted together, cells outside 30x30 clipped"
clipped_zero_padded_translation,arc-gen,185,"dr=1,dc=0",1,0,9,9,0,"input and expected output shifted together, cells outside 30x30 clipped"
clipped_zero_padded_translation,arc-gen,185,"dr=0,dc=-1",1,0,2,2,0,"input and expected output shifted together, cells outside 30x30 clipped"
clipped_zero_padded_translation,arc-gen,185,"dr=0,dc=1",1,1,0,0,0,"input and expected output shifted together, cells outside 30x30 clipped"
clipped_zero_padded_translation,arc-gen,185,"dr=-2,dc=0",1,0,39,39,0,"input and expected output shifted together, cells outside 30x30 clipped"
clipped_zero_padded_translation,arc-gen,185,"dr=2,dc=0",1,0,39,39,0,"input and expected output shifted together, cells outside 30x30 clipped"
clipped_zero_padded_translation,arc-gen,185,"dr=0,dc=-2",1,0,32,32,0,"input and expected output shifted together, cells outside 30x30 clipped"
clipped_zero_padded_translation,arc-gen,185,"dr=0,dc=2",1,0,30,30,0,"input and expected output shifted together, cells outside 30x30 clipped"
clipped_zero_padded_translation,arc-gen,186,"dr=-1,dc=0",1,0,3,3,0,"input and expected output shifted together, cells outside 30x30 clipped"
clipped_zero_padded_translation,arc-gen,186,"dr=1,dc=0",1,0,10,10,0,"input and expected output shifted together, cells outside 30x30 clipped"
clipped_zero_padded_translation,arc-gen,186,"dr=0,dc=-1",1,0,9,9,0,"input and expected output shifted together, cells outside 30x30 clipped"
clipped_zero_padded_translation,arc-gen,186,"dr=0,dc=1",1,0,16,16,0,"input and expected output shifted together, cells outside 30x30 clipped"
clipped_zero_padded_translation,arc-gen,186,"dr=-2,dc=0",1,0,33,33,0,"input and expected output shifted together, cells outside 30x30 clipped"
clipped_zero_padded_translation,arc-gen,186,"dr=2,dc=0",1,0,40,40,0,"input and expected output shifted together, cells outside 30x30 clipped"
clipped_zero_padded_translation,arc-gen,186,"dr=0,dc=-2",1,0,39,39,0,"input and expected output shifted together, cells outside 30x30 clipped"
clipped_zero_padded_translation,arc-gen,186,"dr=0,dc=2",1,0,32,32,0,"input and expected output shifted together, cells outside 30x30 clipped"
clipped_zero_padded_translation,arc-gen,187,"dr=-1,dc=0",1,0,61,5,56,"input and expected output shifted together, cells outside 30x30 clipped"
clipped_zero_padded_translation,arc-gen,187,"dr=1,dc=0",1,0,61,5,56,"input and expected output shifted together, cells outside 30x30 clipped"
clipped_zero_padded_translation,arc-gen,187,"dr=0,dc=-1",1,0,57,1,56,"input and expected output shifted together, cells outside 30x30 clipped"
clipped_zero_padded_translation,arc-gen,187,"dr=0,dc=1",1,0,14,14,0,"input and expected output shifted together, cells outside 30x30 clipped"
clipped_zero_padded_translation,arc-gen,187,"dr=-2,dc=0",1,0,91,35,56,"input and expected output shifted together, cells outside 30x30 clipped"
clipped_zero_padded_translation,arc-gen,187,"dr=2,dc=0",1,0,91,35,56,"input and expected output shifted together, cells outside 30x30 clipped"
clipped_zero_padded_translation,arc-gen,187,"dr=0,dc=-2",1,0,79,31,48,"input and expected output shifted together, cells outside 30x30 clipped"
clipped_zero_padded_translation,arc-gen,187,"dr=0,dc=2",1,0,30,30,0,"input and expected output shifted together, cells outside 30x30 clipped"
clipped_zero_padded_translation,arc-gen,188,"dr=-1,dc=0",1,0,2,2,0,"input and expected output shifted together, cells outside 30x30 clipped"
clipped_zero_padded_translation,arc-gen,188,"dr=1,dc=0",1,1,0,0,0,"input and expected output shifted together, cells outside 30x30 clipped"
clipped_zero_padded_translation,arc-gen,188,"dr=0,dc=-1",1,0,6,6,0,"input and expected output shifted together, cells outside 30x30 clipped"
clipped_zero_padded_translation,arc-gen,188,"dr=0,dc=1",1,0,6,6,0,"input and expected output shifted together, cells outside 30x30 clipped"
clipped_zero_padded_translation,arc-gen,188,"dr=-2,dc=0",1,0,32,32,0,"input and expected output shifted together, cells outside 30x30 clipped"
clipped_zero_padded_translation,arc-gen,188,"dr=2,dc=0",1,0,30,30,0,"input and expected output shifted together, cells outside 30x30 clipped"
clipped_zero_padded_translation,arc-gen,188,"dr=0,dc=-2",1,0,36,36,0,"input and expected output shifted together, cells outside 30x30 clipped"
clipped_zero_padded_translation,arc-gen,188,"dr=0,dc=2",1,0,36,36,0,"input and expected output shifted together, cells outside 30x30 clipped"
clipped_zero_padded_translation,arc-gen,189,"dr=-1,dc=0",1,0,41,6,35,"input and expected output shifted together, cells outside 30x30 clipped"
clipped_zero_padded_translation,arc-gen,189,"dr=1,dc=0",1,0,41,6,35,"input and expected output shifted together, cells outside 30x30 clipped"
clipped_zero_padded_translation,arc-gen,189,"dr=0,dc=-1",1,0,35,2,33,"input and expected output shifted together, cells outside 30x30 clipped"
clipped_zero_padded_translation,arc-gen,189,"dr=0,dc=1",1,0,36,2,34,"input and expected output shifted together, cells outside 30x30 clipped"
clipped_zero_padded_translation,arc-gen,189,"dr=-2,dc=0",1,0,71,36,35,"input and expected output shifted together, cells outside 30x30 clipped"
clipped_zero_padded_translation,arc-gen,189,"dr=2,dc=0",1,0,71,36,35,"input and expected output shifted together, cells outside 30x30 clipped"
clipped_zero_padded_translation,arc-gen,189,"dr=0,dc=-2",1,0,63,32,31,"input and expected output shifted together, cells outside 30x30 clipped"
clipped_zero_padded_translation,arc-gen,189,"dr=0,dc=2",1,0,65,32,33,"input and expected output shifted together, cells outside 30x30 clipped"
clipped_zero_padded_translation,arc-gen,190,"dr=-1,dc=0",1,0,4,4,0,"input and expected output shifted together, cells outside 30x30 clipped"
clipped_zero_padded_translation,arc-gen,190,"dr=1,dc=0",1,0,4,4,0,"input and expected output shifted together, cells outside 30x30 clipped"
clipped_zero_padded_translation,arc-gen,190,"dr=0,dc=-1",1,1,0,0,0,"input and expected output shifted together, cells outside 30x30 clipped"
clipped_zero_padded_translation,arc-gen,190,"dr=0,dc=1",1,1,0,0,0,"input and expected output shifted together, cells outside 30x30 clipped"
clipped_zero_padded_translation,arc-gen,190,"dr=-2,dc=0",1,0,34,34,0,"input and expected output shifted together, cells outside 30x30 clipped"
clipped_zero_padded_translation,arc-gen,190,"dr=2,dc=0",1,0,34,34,0,"input and expected output shifted together, cells outside 30x30 clipped"
clipped_zero_padded_translation,arc-gen,190,"dr=0,dc=-2",1,0,30,30,0,"input and expected output shifted together, cells outside 30x30 clipped"
clipped_zero_padded_translation,arc-gen,190,"dr=0,dc=2",1,0,30,30,0,"input and expected output shifted together, cells outside 30x30 clipped"
clipped_zero_padded_translation,arc-gen,191,"dr=-1,dc=0",1,0,4,4,0,"input and expected output shifted together, cells outside 30x30 clipped"
clipped_zero_padded_translation,arc-gen,191,"dr=1,dc=0",1,0,4,4,0,"input and expected output shifted together, cells outside 30x30 clipped"
clipped_zero_padded_translation,arc-gen,191,"dr=0,dc=-1",1,1,0,0,0,"input and expected output shifted together, cells outside 30x30 clipped"
clipped_zero_padded_translation,arc-gen,191,"dr=0,dc=1",1,1,0,0,0,"input and expected output shifted together, cells outside 30x30 clipped"
clipped_zero_padded_translation,arc-gen,191,"dr=-2,dc=0",1,0,34,34,0,"input and expected output shifted together, cells outside 30x30 clipped"
clipped_zero_padded_translation,arc-gen,191,"dr=2,dc=0",1,0,34,34,0,"input and expected output shifted together, cells outside 30x30 clipped"
clipped_zero_padded_translation,arc-gen,191,"dr=0,dc=-2",1,0,30,30,0,"input and expected output shifted together, cells outside 30x30 clipped"
clipped_zero_padded_translation,arc-gen,191,"dr=0,dc=2",1,0,30,30,0,"input and expected output shifted together, cells outside 30x30 clipped"
clipped_zero_padded_translation,arc-gen,192,"dr=-1,dc=0",1,0,6,6,0,"input and expected output shifted together, cells outside 30x30 clipped"
clipped_zero_padded_translation,arc-gen,192,"dr=1,dc=0",1,0,6,6,0,"input and expected output shifted together, cells outside 30x30 clipped"
clipped_zero_padded_translation,arc-gen,192,"dr=0,dc=-1",1,1,0,0,0,"input and expected output shifted together, cells outside 30x30 clipped"
clipped_zero_padded_translation,arc-gen,192,"dr=0,dc=1",1,1,0,0,0,"input and expected output shifted together, cells outside 30x30 clipped"
clipped_zero_padded_translation,arc-gen,192,"dr=-2,dc=0",1,0,36,36,0,"input and expected output shifted together, cells outside 30x30 clipped"
clipped_zero_padded_translation,arc-gen,192,"dr=2,dc=0",1,0,36,36,0,"input and expected output shifted together, cells outside 30x30 clipped"
clipped_zero_padded_translation,arc-gen,192,"dr=0,dc=-2",1,0,30,30,0,"input and expected output shifted together, cells outside 30x30 clipped"
clipped_zero_padded_translation,arc-gen,192,"dr=0,dc=2",1,0,30,30,0,"input and expected output shifted together, cells outside 30x30 clipped"
clipped_zero_padded_translation,arc-gen,193,"dr=-1,dc=0",1,0,7,7,0,"input and expected output shifted together, cells outside 30x30 clipped"
clipped_zero_padded_translation,arc-gen,193,"dr=1,dc=0",1,0,7,7,0,"input and expected output shifted together, cells outside 30x30 clipped"
clipped_zero_padded_translation,arc-gen,193,"dr=0,dc=-1",1,0,2,2,0,"input and expected output shifted together, cells outside 30x30 clipped"
clipped_zero_padded_translation,arc-gen,193,"dr=0,dc=1",1,1,0,0,0,"input and expected output shifted together, cells outside 30x30 clipped"
clipped_zero_padded_translation,arc-gen,193,"dr=-2,dc=0",1,0,37,37,0,"input and expected output shifted together, cells outside 30x30 clipped"
clipped_zero_padded_translation,arc-gen,193,"dr=2,dc=0",1,0,37,37,0,"input and expected output shifted together, cells outside 30x30 clipped"
clipped_zero_padded_translation,arc-gen,193,"dr=0,dc=-2",1,0,32,32,0,"input and expected output shifted together, cells outside 30x30 clipped"
clipped_zero_padded_translation,arc-gen,193,"dr=0,dc=2",1,0,30,30,0,"input and expected output shifted together, cells outside 30x30 clipped"
clipped_zero_padded_translation,arc-gen,194,"dr=-1,dc=0",1,1,0,0,0,"input and expected output shifted together, cells outside 30x30 clipped"
clipped_zero_padded_translation,arc-gen,194,"dr=1,dc=0",1,1,0,0,0,"input and expected output shifted together, cells outside 30x30 clipped"
clipped_zero_padded_translation,arc-gen,194,"dr=0,dc=-1",1,0,6,6,0,"input and expected output shifted together, cells outside 30x30 clipped"
clipped_zero_padded_translation,arc-gen,194,"dr=0,dc=1",1,0,6,6,0,"input and expected output shifted together, cells outside 30x30 clipped"
clipped_zero_padded_translation,arc-gen,194,"dr=-2,dc=0",1,0,30,30,0,"input and expected output shifted together, cells outside 30x30 clipped"
clipped_zero_padded_translation,arc-gen,194,"dr=2,dc=0",1,0,30,30,0,"input and expected output shifted together, cells outside 30x30 clipped"
clipped_zero_padded_translation,arc-gen,194,"dr=0,dc=-2",1,0,36,36,0,"input and expected output shifted together, cells outside 30x30 clipped"
clipped_zero_padded_translation,arc-gen,194,"dr=0,dc=2",1,0,36,36,0,"input and expected output shifted together, cells outside 30x30 clipped"
clipped_zero_padded_translation,arc-gen,195,"dr=-1,dc=0",1,0,8,8,0,"input and expected output shifted together, cells outside 30x30 clipped"
clipped_zero_padded_translation,arc-gen,195,"dr=1,dc=0",1,0,8,8,0,"input and expected output shifted together, cells outside 30x30 clipped"
clipped_zero_padded_translation,arc-gen,195,"dr=0,dc=-1",1,1,0,0,0,"input and expected output shifted together, cells outside 30x30 clipped"
clipped_zero_padded_translation,arc-gen,195,"dr=0,dc=1",1,1,0,0,0,"input and expected output shifted together, cells outside 30x30 clipped"
clipped_zero_padded_translation,arc-gen,195,"dr=-2,dc=0",1,0,38,38,0,"input and expected output shifted together, cells outside 30x30 clipped"
clipped_zero_padded_translation,arc-gen,195,"dr=2,dc=0",1,0,38,38,0,"input and expected output shifted together, cells outside 30x30 clipped"
clipped_zero_padded_translation,arc-gen,195,"dr=0,dc=-2",1,0,30,30,0,"input and expected output shifted together, cells outside 30x30 clipped"
clipped_zero_padded_translation,arc-gen,195,"dr=0,dc=2",1,0,30,30,0,"input and expected output shifted together, cells outside 30x30 clipped"
clipped_zero_padded_translation,arc-gen,196,"dr=-1,dc=0",1,1,0,0,0,"input and expected output shifted together, cells outside 30x30 clipped"
clipped_zero_padded_translation,arc-gen,196,"dr=1,dc=0",1,1,0,0,0,"input and expected output shifted together, cells outside 30x30 clipped"
clipped_zero_padded_translation,arc-gen,196,"dr=0,dc=-1",1,0,13,13,0,"input and expected output shifted together, cells outside 30x30 clipped"
clipped_zero_padded_translation,arc-gen,196,"dr=0,dc=1",1,0,7,7,0,"input and expected output shifted together, cells outside 30x30 clipped"
clipped_zero_padded_translation,arc-gen,196,"dr=-2,dc=0",1,0,30,30,0,"input and expected output shifted together, cells outside 30x30 clipped"
clipped_zero_padded_translation,arc-gen,196,"dr=2,dc=0",1,0,30,30,0,"input and expected output shifted together, cells outside 30x30 clipped"
clipped_zero_padded_translation,arc-gen,196,"dr=0,dc=-2",1,0,28,28,0,"input and expected output shifted together, cells outside 30x30 clipped"
clipped_zero_padded_translation,arc-gen,196,"dr=0,dc=2",1,0,37,37,0,"input and expected output shifted together, cells outside 30x30 clipped"
clipped_zero_padded_translation,arc-gen,197,"dr=-1,dc=0",1,0,20,5,15,"input and expected output shifted together, cells outside 30x30 clipped"
clipped_zero_padded_translation,arc-gen,197,"dr=1,dc=0",1,0,20,5,15,"input and expected output shifted together, cells outside 30x30 clipped"
clipped_zero_padded_translation,arc-gen,197,"dr=0,dc=-1",1,0,15,0,15,"input and expected output shifted together, cells outside 30x30 clipped"
clipped_zero_padded_translation,arc-gen,197,"dr=0,dc=1",1,0,23,9,14,"input and expected output shifted together, cells outside 30x30 clipped"
clipped_zero_padded_translation,arc-gen,197,"dr=-2,dc=0",1,0,50,35,15,"input and expected output shifted together, cells outside 30x30 clipped"
clipped_zero_padded_translation,arc-gen,197,"dr=2,dc=0",1,0,50,35,15,"input and expected output shifted together, cells outside 30x30 clipped"
clipped_zero_padded_translation,arc-gen,197,"dr=0,dc=-2",1,0,87,31,56,"input and expected output shifted together, cells outside 30x30 clipped"
clipped_zero_padded_translation,arc-gen,197,"dr=0,dc=2",1,0,52,39,13,"input and expected output shifted together, cells outside 30x30 clipped"
clipped_zero_padded_translation,arc-gen,198,"dr=-1,dc=0",1,0,7,7,0,"input and expected output shifted together, cells outside 30x30 clipped"
clipped_zero_padded_translation,arc-gen,198,"dr=1,dc=0",1,0,7,7,0,"input and expected output shifted together, cells outside 30x30 clipped"
clipped_zero_padded_translation,arc-gen,198,"dr=0,dc=-1",1,1,0,0,0,"input and expected output shifted together, cells outside 30x30 clipped"
clipped_zero_padded_translation,arc-gen,198,"dr=0,dc=1",1,1,0,0,0,"input and expected output shifted together, cells outside 30x30 clipped"
clipped_zero_padded_translation,arc-gen,198,"dr=-2,dc=0",1,0,37,37,0,"input and expected output shifted together, cells outside 30x30 clipped"
clipped_zero_padded_translation,arc-gen,198,"dr=2,dc=0",1,0,37,37,0,"input and expected output shifted together, cells outside 30x30 clipped"
clipped_zero_padded_translation,arc-gen,198,"dr=0,dc=-2",1,0,30,30,0,"input and expected output shifted together, cells outside 30x30 clipped"
clipped_zero_padded_translation,arc-gen,198,"dr=0,dc=2",1,0,30,30,0,"input and expected output shifted together, cells outside 30x30 clipped"
clipped_zero_padded_translation,arc-gen,199,"dr=-1,dc=0",1,0,19,7,12,"input and expected output shifted together, cells outside 30x30 clipped"
clipped_zero_padded_translation,arc-gen,199,"dr=1,dc=0",1,0,12,0,12,"input and expected output shifted together, cells outside 30x30 clipped"
clipped_zero_padded_translation,arc-gen,199,"dr=0,dc=-1",1,0,15,0,15,"input and expected output shifted together, cells outside 30x30 clipped"
clipped_zero_padded_translation,arc-gen,199,"dr=0,dc=1",1,0,3,3,0,"input and expected output shifted together, cells outside 30x30 clipped"
clipped_zero_padded_translation,arc-gen,199,"dr=-2,dc=0",1,0,49,37,12,"input and expected output shifted together, cells outside 30x30 clipped"
clipped_zero_padded_translation,arc-gen,199,"dr=2,dc=0",1,0,42,30,12,"input and expected output shifted together, cells outside 30x30 clipped"
clipped_zero_padded_translation,arc-gen,199,"dr=0,dc=-2",1,0,42,30,12,"input and expected output shifted together, cells outside 30x30 clipped"
clipped_zero_padded_translation,arc-gen,199,"dr=0,dc=2",1,0,33,33,0,"input and expected output shifted together, cells outside 30x30 clipped"
clipped_zero_padded_translation,arc-gen,200,"dr=-1,dc=0",1,0,48,0,48,"input and expected output shifted together, cells outside 30x30 clipped"
clipped_zero_padded_translation,arc-gen,200,"dr=1,dc=0",1,0,40,0,40,"input and expected output shifted together, cells outside 30x30 clipped"
clipped_zero_padded_translation,arc-gen,200,"dr=0,dc=-1",1,0,54,6,48,"input and expected output shifted together, cells outside 30x30 clipped"
clipped_zero_padded_translation,arc-gen,200,"dr=0,dc=1",1,0,54,6,48,"input and expected output shifted together, cells outside 30x30 clipped"
clipped_zero_padded_translation,arc-gen,200,"dr=-2,dc=0",1,0,38,38,0,"input and expected output shifted together, cells outside 30x30 clipped"
clipped_zero_padded_translation,arc-gen,200,"dr=2,dc=0",1,0,62,30,32,"input and expected output shifted together, cells outside 30x30 clipped"
clipped_zero_padded_translation,arc-gen,200,"dr=0,dc=-2",1,0,84,36,48,"input and expected output shifted together, cells outside 30x30 clipped"
clipped_zero_padded_translation,arc-gen,200,"dr=0,dc=2",1,0,84,36,48,"input and expected output shifted together, cells outside 30x30 clipped"
clipped_zero_padded_translation,arc-gen,201,"dr=-1,dc=0",1,0,2,2,0,"input and expected output shifted together, cells outside 30x30 clipped"
clipped_zero_padded_translation,arc-gen,201,"dr=1,dc=0",1,1,0,0,0,"input and expected output shifted together, cells outside 30x30 clipped"
clipped_zero_padded_translation,arc-gen,201,"dr=0,dc=-1",1,0,4,4,0,"input and expected output shifted together, cells outside 30x30 clipped"
clipped_zero_padded_translation,arc-gen,201,"dr=0,dc=1",1,0,4,4,0,"input and expected output shifted together, cells outside 30x30 clipped"
clipped_zero_padded_translation,arc-gen,201,"dr=-2,dc=0",1,0,32,32,0,"input and expected output shifted together, cells outside 30x30 clipped"
clipped_zero_padded_translation,arc-gen,201,"dr=2,dc=0",1,0,30,30,0,"input and expected output shifted together, cells outside 30x30 clipped"
clipped_zero_padded_translation,arc-gen,201,"dr=0,dc=-2",1,0,34,34,0,"input and expected output shifted together, cells outside 30x30 clipped"
clipped_zero_padded_translation,arc-gen,201,"dr=0,dc=2",1,0,34,34,0,"input and expected output shifted together, cells outside 30x30 clipped"
clipped_zero_padded_translation,arc-gen,202,"dr=-1,dc=0",1,0,10,10,0,"input and expected output shifted together, cells outside 30x30 clipped"
clipped_zero_padded_translation,arc-gen,202,"dr=1,dc=0",1,0,10,10,0,"input and expected output shifted together, cells outside 30x30 clipped"
clipped_zero_padded_translation,arc-gen,202,"dr=0,dc=-1",1,1,0,0,0,"input and expected output shifted together, cells outside 30x30 clipped"
clipped_zero_padded_translation,arc-gen,202,"dr=0,dc=1",1,0,3,3,0,"input and expected output shifted together, cells outside 30x30 clipped"
clipped_zero_padded_translation,arc-gen,202,"dr=-2,dc=0",1,0,40,40,0,"input and expected output shifted together, cells outside 30x30 clipped"
clipped_zero_padded_translation,arc-gen,202,"dr=2,dc=0",1,0,40,40,0,"input and expected output shifted together, cells outside 30x30 clipped"
clipped_zero_padded_translation,arc-gen,202,"dr=0,dc=-2",1,0,30,30,0,"input and expected output shifted together, cells outside 30x30 clipped"
clipped_zero_padded_translation,arc-gen,202,"dr=0,dc=2",1,0,33,33,0,"input and expected output shifted together, cells outside 30x30 clipped"
clipped_zero_padded_translation,arc-gen,203,"dr=-1,dc=0",1,1,0,0,0,"input and expected output shifted together, cells outside 30x30 clipped"
clipped_zero_padded_translation,arc-gen,203,"dr=1,dc=0",1,0,5,5,0,"input and expected output shifted together, cells outside 30x30 clipped"
clipped_zero_padded_translation,arc-gen,203,"dr=0,dc=-1",1,1,0,0,0,"input and expected output shifted together, cells outside 30x30 clipped"
clipped_zero_padded_translation,arc-gen,203,"dr=0,dc=1",1,1,0,0,0,"input and expected output shifted together, cells outside 30x30 clipped"
clipped_zero_padded_translation,arc-gen,203,"dr=-2,dc=0",1,0,30,30,0,"input and expected output shifted together, cells outside 30x30 clipped"
clipped_zero_padded_translation,arc-gen,203,"dr=2,dc=0",1,0,35,35,0,"input and expected output shifted together, cells outside 30x30 clipped"
clipped_zero_padded_translation,arc-gen,203,"dr=0,dc=-2",1,0,30,30,0,"input and expected output shifted together, cells outside 30x30 clipped"
clipped_zero_padded_translation,arc-gen,203,"dr=0,dc=2",1,0,30,30,0,"input and expected output shifted together, cells outside 30x30 clipped"
clipped_zero_padded_translation,arc-gen,204,"dr=-1,dc=0",1,0,2,2,0,"input and expected output shifted together, cells outside 30x30 clipped"
clipped_zero_padded_translation,arc-gen,204,"dr=1,dc=0",1,1,0,0,0,"input and expected output shifted together, cells outside 30x30 clipped"
clipped_zero_padded_translation,arc-gen,204,"dr=0,dc=-1",1,0,9,9,0,"input and expected output shifted together, cells outside 30x30 clipped"
clipped_zero_padded_translation,arc-gen,204,"dr=0,dc=1",1,0,9,9,0,"input and expected output shifted together, cells outside 30x30 clipped"
clipped_zero_padded_translation,arc-gen,204,"dr=-2,dc=0",1,0,32,32,0,"input and expected output shifted together, cells outside 30x30 clipped"
clipped_zero_padded_translation,arc-gen,204,"dr=2,dc=0",1,0,30,30,0,"input and expected output shifted together, cells outside 30x30 clipped"
clipped_zero_padded_translation,arc-gen,204,"dr=0,dc=-2",1,0,39,39,0,"input and expected output shifted together, cells outside 30x30 clipped"
clipped_zero_padded_translation,arc-gen,204,"dr=0,dc=2",1,0,39,39,0,"input and expected output shifted together, cells outside 30x30 clipped"
clipped_zero_padded_translation,arc-gen,205,"dr=-1,dc=0",1,1,0,0,0,"input and expected output shifted together, cells outside 30x30 clipped"
clipped_zero_padded_translation,arc-gen,205,"dr=1,dc=0",1,0,9,9,0,"input and expected output shifted together, cells outside 30x30 clipped"
clipped_zero_padded_translation,arc-gen,205,"dr=0,dc=-1",1,0,1,1,0,"input and expected output shifted together, cells outside 30x30 clipped"
clipped_zero_padded_translation,arc-gen,205,"dr=0,dc=1",1,0,9,9,0,"input and expected output shifted together, cells outside 30x30 clipped"
clipped_zero_padded_translation,arc-gen,205,"dr=-2,dc=0",1,0,30,30,0,"input and expected output shifted together, cells outside 30x30 clipped"
clipped_zero_padded_translation,arc-gen,205,"dr=2,dc=0",1,0,39,39,0,"input and expected output shifted together, cells outside 30x30 clipped"
clipped_zero_padded_translation,arc-gen,205,"dr=0,dc=-2",1,0,31,31,0,"input and expected output shifted together, cells outside 30x30 clipped"
clipped_zero_padded_translation,arc-gen,205,"dr=0,dc=2",1,0,39,39,0,"input and expected output shifted together, cells outside 30x30 clipped"
clipped_zero_padded_translation,arc-gen,206,"dr=-1,dc=0",1,0,9,9,0,"input and expected output shifted together, cells outside 30x30 clipped"
clipped_zero_padded_translation,arc-gen,206,"dr=1,dc=0",1,0,3,3,0,"input and expected output shifted together, cells outside 30x30 clipped"
clipped_zero_padded_translation,arc-gen,206,"dr=0,dc=-1",1,0,8,8,0,"input and expected output shifted together, cells outside 30x30 clipped"
clipped_zero_padded_translation,arc-gen,206,"dr=0,dc=1",1,0,8,8,0,"input and expected output shifted together, cells outside 30x30 clipped"
clipped_zero_padded_translation,arc-gen,206,"dr=-2,dc=0",1,0,39,39,0,"input and expected output shifted together, cells outside 30x30 clipped"
clipped_zero_padded_translation,arc-gen,206,"dr=2,dc=0",1,0,33,33,0,"input and expected output shifted together, cells outside 30x30 clipped"
clipped_zero_padded_translation,arc-gen,206,"dr=0,dc=-2",1,0,38,38,0,"input and expected output shifted together, cells outside 30x30 clipped"
clipped_zero_padded_translation,arc-gen,206,"dr=0,dc=2",1,0,38,38,0,"input and expected output shifted together, cells outside 30x30 clipped"
clipped_zero_padded_translation,arc-gen,207,"dr=-1,dc=0",1,0,2,2,0,"input and expected output shifted together, cells outside 30x30 clipped"
clipped_zero_padded_translation,arc-gen,207,"dr=1,dc=0",1,0,4,4,0,"input and expected output shifted together, cells outside 30x30 clipped"
clipped_zero_padded_translation,arc-gen,207,"dr=0,dc=-1",1,0,7,7,0,"input and expected output shifted together, cells outside 30x30 clipped"
clipped_zero_padded_translation,arc-gen,207,"dr=0,dc=1",1,0,7,7,0,"input and expected output shifted together, cells outside 30x30 clipped"
clipped_zero_padded_translation,arc-gen,207,"dr=-2,dc=0",1,0,32,32,0,"input and expected output shifted together, cells outside 30x30 clipped"
clipped_zero_padded_translation,arc-gen,207,"dr=2,dc=0",1,0,34,34,0,"input and expected output shifted together, cells outside 30x30 clipped"
clipped_zero_padded_translation,arc-gen,207,"dr=0,dc=-2",1,0,37,37,0,"input and expected output shifted together, cells outside 30x30 clipped"
clipped_zero_padded_translation,arc-gen,207,"dr=0,dc=2",1,0,37,37,0,"input and expected output shifted together, cells outside 30x30 clipped"
clipped_zero_padded_translation,arc-gen,208,"dr=-1,dc=0",1,0,19,19,0,"input and expected output shifted together, cells outside 30x30 clipped"
clipped_zero_padded_translation,arc-gen,208,"dr=1,dc=0",1,1,0,0,0,"input and expected output shifted together, cells outside 30x30 clipped"
clipped_zero_padded_translation,arc-gen,208,"dr=0,dc=-1",1,0,16,16,0,"input and expected output shifted together, cells outside 30x30 clipped"
clipped_zero_padded_translation,arc-gen,208,"dr=0,dc=1",1,1,0,0,0,"input and expected output shifted together, cells outside 30x30 clipped"
clipped_zero_padded_translation,arc-gen,208,"dr=-2,dc=0",1,0,38,38,0,"input and expected output shifted together, cells outside 30x30 clipped"
clipped_zero_padded_translation,arc-gen,208,"dr=2,dc=0",1,0,30,30,0,"input and expected output shifted together, cells outside 30x30 clipped"
clipped_zero_padded_translation,arc-gen,208,"dr=0,dc=-2",1,0,32,32,0,"input and expected output shifted together, cells outside 30x30 clipped"
clipped_zero_padded_translation,arc-gen,208,"dr=0,dc=2",1,0,30,30,0,"input and expected output shifted together, cells outside 30x30 clipped"
clipped_zero_padded_translation,arc-gen,209,"dr=-1,dc=0",1,0,7,7,0,"input and expected output shifted together, cells outside 30x30 clipped"
clipped_zero_padded_translation,arc-gen,209,"dr=1,dc=0",1,0,14,14,0,"input and expected output shifted together, cells outside 30x30 clipped"
clipped_zero_padded_translation,arc-gen,209,"dr=0,dc=-1",1,0,1,1,0,"input and expected output shifted together, cells outside 30x30 clipped"
clipped_zero_padded_translation,arc-gen,209,"dr=0,dc=1",1,1,0,0,0,"input and expected output shifted together, cells outside 30x30 clipped"
clipped_zero_padded_translation,arc-gen,209,"dr=-2,dc=0",1,0,37,37,0,"input and expected output shifted together, cells outside 30x30 clipped"
clipped_zero_padded_translation,arc-gen,209,"dr=2,dc=0",1,0,28,28,0,"input and expected output shifted together, cells outside 30x30 clipped"
clipped_zero_padded_translation,arc-gen,209,"dr=0,dc=-2",1,0,31,31,0,"input and expected output shifted together, cells outside 30x30 clipped"
clipped_zero_padded_translation,arc-gen,209,"dr=0,dc=2",1,0,30,30,0,"input and expected output shifted together, cells outside 30x30 clipped"
clipped_zero_padded_translation,arc-gen,210,"dr=-1,dc=0",1,1,0,0,0,"input and expected output shifted together, cells outside 30x30 clipped"
clipped_zero_padded_translation,arc-gen,210,"dr=1,dc=0",1,1,0,0,0,"input and expected output shifted together, cells outside 30x30 clipped"
clipped_zero_padded_translation,arc-gen,210,"dr=0,dc=-1",1,0,4,4,0,"input and expected output shifted together, cells outside 30x30 clipped"
clipped_zero_padded_translation,arc-gen,210,"dr=0,dc=1",1,0,4,4,0,"input and expected output shifted together, cells outside 30x30 clipped"
clipped_zero_padded_translation,arc-gen,210,"dr=-2,dc=0",1,0,30,30,0,"input and expected output shifted together, cells outside 30x30 clipped"
clipped_zero_padded_translation,arc-gen,210,"dr=2,dc=0",1,0,30,30,0,"input and expected output shifted together, cells outside 30x30 clipped"
clipped_zero_padded_translation,arc-gen,210,"dr=0,dc=-2",1,0,34,34,0,"input and expected output shifted together, cells outside 30x30 clipped"
clipped_zero_padded_translation,arc-gen,210,"dr=0,dc=2",1,0,34,34,0,"input and expected output shifted together, cells outside 30x30 clipped"
clipped_zero_padded_translation,arc-gen,211,"dr=-1,dc=0",1,0,4,4,0,"input and expected output shifted together, cells outside 30x30 clipped"
clipped_zero_padded_translation,arc-gen,211,"dr=1,dc=0",1,0,4,4,0,"input and expected output shifted together, cells outside 30x30 clipped"
clipped_zero_padded_translation,arc-gen,211,"dr=0,dc=-1",1,0,1,1,0,"input and expected output shifted together, cells outside 30x30 clipped"
clipped_zero_padded_translation,arc-gen,211,"dr=0,dc=1",1,1,0,0,0,"input and expected output shifted together, cells outside 30x30 clipped"
clipped_zero_padded_translation,arc-gen,211,"dr=-2,dc=0",1,0,34,34,0,"input and expected output shifted together, cells outside 30x30 clipped"
clipped_zero_padded_translation,arc-gen,211,"dr=2,dc=0",1,0,34,34,0,"input and expected output shifted together, cells outside 30x30 clipped"
clipped_zero_padded_translation,arc-gen,211,"dr=0,dc=-2",1,0,31,31,0,"input and expected output shifted together, cells outside 30x30 clipped"
clipped_zero_padded_translation,arc-gen,211,"dr=0,dc=2",1,0,30,30,0,"input and expected output shifted together, cells outside 30x30 clipped"
clipped_zero_padded_translation,arc-gen,212,"dr=-1,dc=0",1,0,8,8,0,"input and expected output shifted together, cells outside 30x30 clipped"
clipped_zero_padded_translation,arc-gen,212,"dr=1,dc=0",1,0,8,8,0,"input and expected output shifted together, cells outside 30x30 clipped"
clipped_zero_padded_translation,arc-gen,212,"dr=0,dc=-1",1,1,0,0,0,"input and expected output shifted together, cells outside 30x30 clipped"
clipped_zero_padded_translation,arc-gen,212,"dr=0,dc=1",1,0,4,4,0,"input and expected output shifted together, cells outside 30x30 clipped"
clipped_zero_padded_translation,arc-gen,212,"dr=-2,dc=0",1,0,38,38,0,"input and expected output shifted together, cells outside 30x30 clipped"
clipped_zero_padded_translation,arc-gen,212,"dr=2,dc=0",1,0,38,38,0,"input and expected output shifted together, cells outside 30x30 clipped"
clipped_zero_padded_translation,arc-gen,212,"dr=0,dc=-2",1,0,50,30,20,"input and expected output shifted together, cells outside 30x30 clipped"
clipped_zero_padded_translation,arc-gen,212,"dr=0,dc=2",1,0,34,34,0,"input and expected output shifted together, cells outside 30x30 clipped"
clipped_zero_padded_translation,arc-gen,213,"dr=-1,dc=0",1,0,3,3,0,"input and expected output shifted together, cells outside 30x30 clipped"
clipped_zero_padded_translation,arc-gen,213,"dr=1,dc=0",1,1,0,0,0,"input and expected output shifted together, cells outside 30x30 clipped"
clipped_zero_padded_translation,arc-gen,213,"dr=0,dc=-1",1,0,10,10,0,"input and expected output shifted together, cells outside 30x30 clipped"
clipped_zero_padded_translation,arc-gen,213,"dr=0,dc=1",1,0,10,10,0,"input and expected output shifted together, cells outside 30x30 clipped"
clipped_zero_padded_translation,arc-gen,213,"dr=-2,dc=0",1,0,33,33,0,"input and expected output shifted together, cells outside 30x30 clipped"
clipped_zero_padded_translation,arc-gen,213,"dr=2,dc=0",1,0,30,30,0,"input and expected output shifted together, cells outside 30x30 clipped"
clipped_zero_padded_translation,arc-gen,213,"dr=0,dc=-2",1,0,40,40,0,"input and expected output shifted together, cells outside 30x30 clipped"
clipped_zero_padded_translation,arc-gen,213,"dr=0,dc=2",1,0,40,40,0,"input and expected output shifted together, cells outside 30x30 clipped"
clipped_zero_padded_translation,arc-gen,214,"dr=-1,dc=0",1,0,1,1,0,"input and expected output shifted together, cells outside 30x30 clipped"
clipped_zero_padded_translation,arc-gen,214,"dr=1,dc=0",1,1,0,0,0,"input and expected output shifted together, cells outside 30x30 clipped"
clipped_zero_padded_translation,arc-gen,214,"dr=0,dc=-1",1,0,7,7,0,"input and expected output shifted together, cells outside 30x30 clipped"
clipped_zero_padded_translation,arc-gen,214,"dr=0,dc=1",1,0,7,7,0,"input and expected output shifted together, cells outside 30x30 clipped"
clipped_zero_padded_translation,arc-gen,214,"dr=-2,dc=0",1,0,31,31,0,"input and expected output shifted together, cells outside 30x30 clipped"
clipped_zero_padded_translation,arc-gen,214,"dr=2,dc=0",1,0,30,30,0,"input and expected output shifted together, cells outside 30x30 clipped"
clipped_zero_padded_translation,arc-gen,214,"dr=0,dc=-2",1,0,37,37,0,"input and expected output shifted together, cells outside 30x30 clipped"
clipped_zero_padded_translation,arc-gen,214,"dr=0,dc=2",1,0,37,37,0,"input and expected output shifted together, cells outside 30x30 clipped"
clipped_zero_padded_translation,arc-gen,215,"dr=-1,dc=0",1,1,0,0,0,"input and expected output shifted together, cells outside 30x30 clipped"
clipped_zero_padded_translation,arc-gen,215,"dr=1,dc=0",1,1,0,0,0,"input and expected output shifted together, cells outside 30x30 clipped"
clipped_zero_padded_translation,arc-gen,215,"dr=0,dc=-1",1,0,10,10,0,"input and expected output shifted together, cells outside 30x30 clipped"
clipped_zero_padded_translation,arc-gen,215,"dr=0,dc=1",1,1,0,0,0,"input and expected output shifted together, cells outside 30x30 clipped"
clipped_zero_padded_translation,arc-gen,215,"dr=-2,dc=0",1,0,30,30,0,"input and expected output shifted together, cells outside 30x30 clipped"
clipped_zero_padded_translation,arc-gen,215,"dr=2,dc=0",1,0,30,30,0,"input and expected output shifted together, cells outside 30x30 clipped"
clipped_zero_padded_translation,arc-gen,215,"dr=0,dc=-2",1,0,40,40,0,"input and expected output shifted together, cells outside 30x30 clipped"
clipped_zero_padded_translation,arc-gen,215,"dr=0,dc=2",1,0,30,30,0,"input and expected output shifted together, cells outside 30x30 clipped"
clipped_zero_padded_translation,arc-gen,216,"dr=-1,dc=0",1,0,12,12,0,"input and expected output shifted together, cells outside 30x30 clipped"
clipped_zero_padded_translation,arc-gen,216,"dr=1,dc=0",1,0,48,4,44,"input and expected output shifted together, cells outside 30x30 clipped"
clipped_zero_padded_translation,arc-gen,216,"dr=0,dc=-1",1,0,8,8,0,"input and expected output shifted together, cells outside 30x30 clipped"
clipped_zero_padded_translation,arc-gen,216,"dr=0,dc=1",1,0,8,8,0,"input and expected output shifted together, cells outside 30x30 clipped"
clipped_zero_padded_translation,arc-gen,216,"dr=-2,dc=0",1,0,42,42,0,"input and expected output shifted together, cells outside 30x30 clipped"
clipped_zero_padded_translation,arc-gen,216,"dr=2,dc=0",1,0,79,31,48,"input and expected output shifted together, cells outside 30x30 clipped"
clipped_zero_padded_translation,arc-gen,216,"dr=0,dc=-2",1,0,38,38,0,"input and expected output shifted together, cells outside 30x30 clipped"
clipped_zero_padded_translation,arc-gen,216,"dr=0,dc=2",1,0,38,38,0,"input and expected output shifted together, cells outside 30x30 clipped"
clipped_zero_padded_translation,arc-gen,217,"dr=-1,dc=0",1,0,5,5,0,"input and expected output shifted together, cells outside 30x30 clipped"
clipped_zero_padded_translation,arc-gen,217,"dr=1,dc=0",1,1,0,0,0,"input and expected output shifted together, cells outside 30x30 clipped"
clipped_zero_padded_translation,arc-gen,217,"dr=0,dc=-1",1,1,0,0,0,"input and expected output shifted together, cells outside 30x30 clipped"
clipped_zero_padded_translation,arc-gen,217,"dr=0,dc=1",1,1,0,0,0,"input and expected output shifted together, cells outside 30x30 clipped"
clipped_zero_padded_translation,arc-gen,217,"dr=-2,dc=0",1,0,35,35,0,"input and expected output shifted together, cells outside 30x30 clipped"
clipped_zero_padded_translation,arc-gen,217,"dr=2,dc=0",1,0,30,30,0,"input and expected output shifted together, cells outside 30x30 clipped"
clipped_zero_padded_translation,arc-gen,217,"dr=0,dc=-2",1,0,30,30,0,"input and expected output shifted together, cells outside 30x30 clipped"
clipped_zero_padded_translation,arc-gen,217,"dr=0,dc=2",1,0,30,30,0,"input and expected output shifted together, cells outside 30x30 clipped"
clipped_zero_padded_translation,arc-gen,218,"dr=-1,dc=0",1,0,10,10,0,"input and expected output shifted together, cells outside 30x30 clipped"
clipped_zero_padded_translation,arc-gen,218,"dr=1,dc=0",1,0,2,2,0,"input and expected output shifted together, cells outside 30x30 clipped"
clipped_zero_padded_translation,arc-gen,218,"dr=0,dc=-1",1,0,4,4,0,"input and expected output shifted together, cells outside 30x30 clipped"
clipped_zero_padded_translation,arc-gen,218,"dr=0,dc=1",1,1,0,0,0,"input and expected output shifted together, cells outside 30x30 clipped"
clipped_zero_padded_translation,arc-gen,218,"dr=-2,dc=0",1,0,40,40,0,"input and expected output shifted together, cells outside 30x30 clipped"
clipped_zero_padded_translation,arc-gen,218,"dr=2,dc=0",1,0,122,32,90,"input and expected output shifted together, cells outside 30x30 clipped"
clipped_zero_padded_translation,arc-gen,218,"dr=0,dc=-2",1,0,34,34,0,"input and expected output shifted together, cells outside 30x30 clipped"
clipped_zero_padded_translation,arc-gen,218,"dr=0,dc=2",1,0,30,30,0,"input and expected output shifted together, cells outside 30x30 clipped"
clipped_zero_padded_translation,arc-gen,219,"dr=-1,dc=0",1,1,0,0,0,"input and expected output shifted together, cells outside 30x30 clipped"
clipped_zero_padded_translation,arc-gen,219,"dr=1,dc=0",1,0,4,4,0,"input and expected output shifted together, cells outside 30x30 clipped"
clipped_zero_padded_translation,arc-gen,219,"dr=0,dc=-1",1,0,8,8,0,"input and expected output shifted together, cells outside 30x30 clipped"
clipped_zero_padded_translation,arc-gen,219,"dr=0,dc=1",1,0,8,8,0,"input and expected output shifted together, cells outside 30x30 clipped"
clipped_zero_padded_translation,arc-gen,219,"dr=-2,dc=0",1,0,30,30,0,"input and expected output shifted together, cells outside 30x30 clipped"
clipped_zero_padded_translation,arc-gen,219,"dr=2,dc=0",1,0,34,34,0,"input and expected output shifted together, cells outside 30x30 clipped"
clipped_zero_padded_translation,arc-gen,219,"dr=0,dc=-2",1,0,38,38,0,"input and expected output shifted together, cells outside 30x30 clipped"
clipped_zero_padded_translation,arc-gen,219,"dr=0,dc=2",1,0,38,38,0,"input and expected output shifted together, cells outside 30x30 clipped"
clipped_zero_padded_translation,arc-gen,220,"dr=-1,dc=0",1,0,4,4,0,"input and expected output shifted together, cells outside 30x30 clipped"
clipped_zero_padded_translation,arc-gen,220,"dr=1,dc=0",1,0,4,4,0,"input and expected output shifted together, cells outside 30x30 clipped"
clipped_zero_padded_translation,arc-gen,220,"dr=0,dc=-1",1,0,2,2,0,"input and expected output shifted together, cells outside 30x30 clipped"
clipped_zero_padded_translation,arc-gen,220,"dr=0,dc=1",1,1,0,0,0,"input and expected output shifted together, cells outside 30x30 clipped"
clipped_zero_padded_translation,arc-gen,220,"dr=-2,dc=0",1,0,34,34,0,"input and expected output shifted together, cells outside 30x30 clipped"
clipped_zero_padded_translation,arc-gen,220,"dr=2,dc=0",1,0,34,34,0,"input and expected output shifted together, cells outside 30x30 clipped"
clipped_zero_padded_translation,arc-gen,220,"dr=0,dc=-2",1,0,32,32,0,"input and expected output shifted together, cells outside 30x30 clipped"
clipped_zero_padded_translation,arc-gen,220,"dr=0,dc=2",1,0,30,30,0,"input and expected output shifted together, cells outside 30x30 clipped"
clipped_zero_padded_translation,arc-gen,221,"dr=-1,dc=0",1,0,5,5,0,"input and expected output shifted together, cells outside 30x30 clipped"
clipped_zero_padded_translation,arc-gen,221,"dr=1,dc=0",1,0,5,5,0,"input and expected output shifted together, cells outside 30x30 clipped"
clipped_zero_padded_translation,arc-gen,221,"dr=0,dc=-1",1,0,2,2,0,"input and expected output shifted together, cells outside 30x30 clipped"
clipped_zero_padded_translation,arc-gen,221,"dr=0,dc=1",1,1,0,0,0,"input and expected output shifted together, cells outside 30x30 clipped"
clipped_zero_padded_translation,arc-gen,221,"dr=-2,dc=0",1,0,35,35,0,"input and expected output shifted together, cells outside 30x30 clipped"
clipped_zero_padded_translation,arc-gen,221,"dr=2,dc=0",1,0,35,35,0,"input and expected output shifted together, cells outside 30x30 clipped"
clipped_zero_padded_translation,arc-gen,221,"dr=0,dc=-2",1,0,32,32,0,"input and expected output shifted together, cells outside 30x30 clipped"
clipped_zero_padded_translation,arc-gen,221,"dr=0,dc=2",1,0,30,30,0,"input and expected output shifted together, cells outside 30x30 clipped"
clipped_zero_padded_translation,arc-gen,222,"dr=-1,dc=0",1,0,8,8,0,"input and expected output shifted together, cells outside 30x30 clipped"
clipped_zero_padded_translation,arc-gen,222,"dr=1,dc=0",1,0,8,8,0,"input and expected output shifted together, cells outside 30x30 clipped"
clipped_zero_padded_translation,arc-gen,222,"dr=0,dc=-1",1,0,3,3,0,"input and expected output shifted together, cells outside 30x30 clipped"
clipped_zero_padded_translation,arc-gen,222,"dr=0,dc=1",1,1,0,0,0,"input and expected output shifted together, cells outside 30x30 clipped"
clipped_zero_padded_translation,arc-gen,222,"dr=-2,dc=0",1,0,38,38,0,"input and expected output shifted together, cells outside 30x30 clipped"
clipped_zero_padded_translation,arc-gen,222,"dr=2,dc=0",1,0,38,38,0,"input and expected output shifted together, cells outside 30x30 clipped"
clipped_zero_padded_translation,arc-gen,222,"dr=0,dc=-2",1,0,33,33,0,"input and expected output shifted together, cells outside 30x30 clipped"
clipped_zero_padded_translation,arc-gen,222,"dr=0,dc=2",1,0,30,30,0,"input and expected output shifted together, cells outside 30x30 clipped"
clipped_zero_padded_translation,arc-gen,223,"dr=-1,dc=0",1,0,22,8,14,"input and expected output shifted together, cells outside 30x30 clipped"
clipped_zero_padded_translation,arc-gen,223,"dr=1,dc=0",1,0,22,8,14,"input and expected output shifted together, cells outside 30x30 clipped"
clipped_zero_padded_translation,arc-gen,223,"dr=0,dc=-1",1,0,14,0,14,"input and expected output shifted together, cells outside 30x30 clipped"
clipped_zero_padded_translation,arc-gen,223,"dr=0,dc=1",1,0,21,8,13,"input and expected output shifted together, cells outside 30x30 clipped"
clipped_zero_padded_translation,arc-gen,223,"dr=-2,dc=0",1,0,52,38,14,"input and expected output shifted together, cells outside 30x30 clipped"
clipped_zero_padded_translation,arc-gen,223,"dr=2,dc=0",1,0,52,38,14,"input and expected output shifted together, cells outside 30x30 clipped"
clipped_zero_padded_translation,arc-gen,223,"dr=0,dc=-2",1,0,44,30,14,"input and expected output shifted together, cells outside 30x30 clipped"
clipped_zero_padded_translation,arc-gen,223,"dr=0,dc=2",1,0,50,38,12,"input and expected output shifted together, cells outside 30x30 clipped"
clipped_zero_padded_translation,arc-gen,224,"dr=-1,dc=0",1,0,114,6,108,"input and expected output shifted together, cells outside 30x30 clipped"
clipped_zero_padded_translation,arc-gen,224,"dr=1,dc=0",1,0,114,6,108,"input and expected output shifted together, cells outside 30x30 clipped"
clipped_zero_padded_translation,arc-gen,224,"dr=0,dc=-1",1,0,102,2,100,"input and expected output shifted together, cells outside 30x30 clipped"
clipped_zero_padded_translation,arc-gen,224,"dr=0,dc=1",1,0,106,0,106,"input and expected output shifted together, cells outside 30x30 clipped"
clipped_zero_padded_translation,arc-gen,224,"dr=-2,dc=0",1,0,144,36,108,"input and expected output shifted together, cells outside 30x30 clipped"
clipped_zero_padded_translation,arc-gen,224,"dr=2,dc=0",1,0,144,36,108,"input and expected output shifted together, cells outside 30x30 clipped"
clipped_zero_padded_translation,arc-gen,224,"dr=0,dc=-2",1,0,124,32,92,"input and expected output shifted together, cells outside 30x30 clipped"
clipped_zero_padded_translation,arc-gen,224,"dr=0,dc=2",1,0,134,30,104,"input and expected output shifted together, cells outside 30x30 clipped"
clipped_zero_padded_translation,arc-gen,225,"dr=-1,dc=0",1,0,1,1,0,"input and expected output shifted together, cells outside 30x30 clipped"
clipped_zero_padded_translation,arc-gen,225,"dr=1,dc=0",1,0,3,3,0,"input and expected output shifted together, cells outside 30x30 clipped"
clipped_zero_padded_translation,arc-gen,225,"dr=0,dc=-1",1,0,5,5,0,"input and expected output shifted together, cells outside 30x30 clipped"
clipped_zero_padded_translation,arc-gen,225,"dr=0,dc=1",1,0,5,5,0,"input and expected output shifted together, cells outside 30x30 clipped"
clipped_zero_padded_translation,arc-gen,225,"dr=-2,dc=0",1,0,55,31,24,"input and expected output shifted together, cells outside 30x30 clipped"
clipped_zero_padded_translation,arc-gen,225,"dr=2,dc=0",1,0,33,33,0,"input and expected output shifted together, cells outside 30x30 clipped"
clipped_zero_padded_translation,arc-gen,225,"dr=0,dc=-2",1,0,35,35,0,"input and expected output shifted together, cells outside 30x30 clipped"
clipped_zero_padded_translation,arc-gen,225,"dr=0,dc=2",1,0,35,35,0,"input and expected output shifted together, cells outside 30x30 clipped"
clipped_zero_padded_translation,arc-gen,226,"dr=-1,dc=0",1,0,19,1,18,"input and expected output shifted together, cells outside 30x30 clipped"
clipped_zero_padded_translation,arc-gen,226,"dr=1,dc=0",1,0,3,3,0,"input and expected output shifted together, cells outside 30x30 clipped"
clipped_zero_padded_translation,arc-gen,226,"dr=0,dc=-1",1,0,7,7,0,"input and expected output shifted together, cells outside 30x30 clipped"
clipped_zero_padded_translation,arc-gen,226,"dr=0,dc=1",1,0,7,7,0,"input and expected output shifted together, cells outside 30x30 clipped"
clipped_zero_padded_translation,arc-gen,226,"dr=-2,dc=0",1,0,46,31,15,"input and expected output shifted together, cells outside 30x30 clipped"
clipped_zero_padded_translation,arc-gen,226,"dr=2,dc=0",1,0,33,33,0,"input and expected output shifted together, cells outside 30x30 clipped"
clipped_zero_padded_translation,arc-gen,226,"dr=0,dc=-2",1,0,37,37,0,"input and expected output shifted together, cells outside 30x30 clipped"
clipped_zero_padded_translation,arc-gen,226,"dr=0,dc=2",1,0,37,37,0,"input and expected output shifted together, cells outside 30x30 clipped"
clipped_zero_padded_translation,arc-gen,227,"dr=-1,dc=0",1,1,0,0,0,"input and expected output shifted together, cells outside 30x30 clipped"
clipped_zero_padded_translation,arc-gen,227,"dr=1,dc=0",1,1,0,0,0,"input and expected output shifted together, cells outside 30x30 clipped"
clipped_zero_padded_translation,arc-gen,227,"dr=0,dc=-1",1,0,8,8,0,"input and expected output shifted together, cells outside 30x30 clipped"
clipped_zero_padded_translation,arc-gen,227,"dr=0,dc=1",1,0,8,8,0,"input and expected output shifted together, cells outside 30x30 clipped"
clipped_zero_padded_translation,arc-gen,227,"dr=-2,dc=0",1,0,30,30,0,"input and expected output shifted together, cells outside 30x30 clipped"
clipped_zero_padded_translation,arc-gen,227,"dr=2,dc=0",1,0,30,30,0,"input and expected output shifted together, cells outside 30x30 clipped"
clipped_zero_padded_translation,arc-gen,227,"dr=0,dc=-2",1,0,38,38,0,"input and expected output shifted together, cells outside 30x30 clipped"
clipped_zero_padded_translation,arc-gen,227,"dr=0,dc=2",1,0,38,38,0,"input and expected output shifted together, cells outside 30x30 clipped"
clipped_zero_padded_translation,arc-gen,228,"dr=-1,dc=0",1,0,7,7,0,"input and expected output shifted together, cells outside 30x30 clipped"
clipped_zero_padded_translation,arc-gen,228,"dr=1,dc=0",1,1,0,0,0,"input and expected output shifted together, cells outside 30x30 clipped"
clipped_zero_padded_translation,arc-gen,228,"dr=0,dc=-1",1,0,2,2,0,"input and expected output shifted together, cells outside 30x30 clipped"
clipped_zero_padded_translation,arc-gen,228,"dr=0,dc=1",1,0,3,3,0,"input and expected output shifted together, cells outside 30x30 clipped"
clipped_zero_padded_translation,arc-gen,228,"dr=-2,dc=0",1,0,37,37,0,"input and expected output shifted together, cells outside 30x30 clipped"
clipped_zero_padded_translation,arc-gen,228,"dr=2,dc=0",1,0,30,30,0,"input and expected output shifted together, cells outside 30x30 clipped"
clipped_zero_padded_translation,arc-gen,228,"dr=0,dc=-2",1,0,32,32,0,"input and expected output shifted together, cells outside 30x30 clipped"
clipped_zero_padded_translation,arc-gen,228,"dr=0,dc=2",1,0,33,33,0,"input and expected output shifted together, cells outside 30x30 clipped"
clipped_zero_padded_translation,arc-gen,229,"dr=-1,dc=0",1,0,18,6,12,"input and expected output shifted together, cells outside 30x30 clipped"
clipped_zero_padded_translation,arc-gen,229,"dr=1,dc=0",1,0,18,6,12,"input and expected output shifted together, cells outside 30x30 clipped"
clipped_zero_padded_translation,arc-gen,229,"dr=0,dc=-1",1,0,12,2,10,"input and expected output shifted together, cells outside 30x30 clipped"
clipped_zero_padded_translation,arc-gen,229,"dr=0,dc=1",1,0,12,0,12,"input and expected output shifted together, cells outside 30x30 clipped"
clipped_zero_padded_translation,arc-gen,229,"dr=-2,dc=0",1,0,48,36,12,"input and expected output shifted together, cells outside 30x30 clipped"
clipped_zero_padded_translation,arc-gen,229,"dr=2,dc=0",1,0,48,36,12,"input and expected output shifted together, cells outside 30x30 clipped"
clipped_zero_padded_translation,arc-gen,229,"dr=0,dc=-2",1,0,40,32,8,"input and expected output shifted together, cells outside 30x30 clipped"
clipped_zero_padded_translation,arc-gen,229,"dr=0,dc=2",1,0,32,32,0,"input and expected output shifted together, cells outside 30x30 clipped"
clipped_zero_padded_translation,arc-gen,230,"dr=-1,dc=0",1,1,0,0,0,"input and expected output shifted together, cells outside 30x30 clipped"
clipped_zero_padded_translation,arc-gen,230,"dr=1,dc=0",1,0,2,2,0,"input and expected output shifted together, cells outside 30x30 clipped"
clipped_zero_padded_translation,arc-gen,230,"dr=0,dc=-1",1,0,9,9,0,"input and expected output shifted together, cells outside 30x30 clipped"
clipped_zero_padded_translation,arc-gen,230,"dr=0,dc=1",1,0,9,9,0,"input and expected output shifted together, cells outside 30x30 clipped"
clipped_zero_padded_translation,arc-gen,230,"dr=-2,dc=0",1,0,30,30,0,"input and expected output shifted together, cells outside 30x30 clipped"
clipped_zero_padded_translation,arc-gen,230,"dr=2,dc=0",1,0,32,32,0,"input and expected output shifted together, cells outside 30x30 clipped"
clipped_zero_padded_translation,arc-gen,230,"dr=0,dc=-2",1,0,39,39,0,"input and expected output shifted together, cells outside 30x30 clipped"
clipped_zero_padded_translation,arc-gen,230,"dr=0,dc=2",1,0,39,39,0,"input and expected output shifted together, cells outside 30x30 clipped"
clipped_zero_padded_translation,arc-gen,231,"dr=-1,dc=0",1,0,21,0,21,"input and expected output shifted together, cells outside 30x30 clipped"
clipped_zero_padded_translation,arc-gen,231,"dr=1,dc=0",1,0,21,3,18,"input and expected output shifted together, cells outside 30x30 clipped"
clipped_zero_padded_translation,arc-gen,231,"dr=0,dc=-1",1,0,26,5,21,"input and expected output shifted together, cells outside 30x30 clipped"
clipped_zero_padded_translation,arc-gen,231,"dr=0,dc=1",1,0,26,5,21,"input and expected output shifted together, cells outside 30x30 clipped"
clipped_zero_padded_translation,arc-gen,231,"dr=-2,dc=0",1,0,33,33,0,"input and expected output shifted together, cells outside 30x30 clipped"
clipped_zero_padded_translation,arc-gen,231,"dr=2,dc=0",1,0,48,33,15,"input and expected output shifted together, cells outside 30x30 clipped"
clipped_zero_padded_translation,arc-gen,231,"dr=0,dc=-2",1,0,56,35,21,"input and expected output shifted together, cells outside 30x30 clipped"
clipped_zero_padded_translation,arc-gen,231,"dr=0,dc=2",1,0,56,35,21,"input and expected output shifted together, cells outside 30x30 clipped"
clipped_zero_padded_translation,arc-gen,232,"dr=-1,dc=0",1,0,9,9,0,"input and expected output shifted together, cells outside 30x30 clipped"
clipped_zero_padded_translation,arc-gen,232,"dr=1,dc=0",1,1,0,0,0,"input and expected output shifted together, cells outside 30x30 clipped"
clipped_zero_padded_translation,arc-gen,232,"dr=0,dc=-1",1,1,0,0,0,"input and expected output shifted together, cells outside 30x30 clipped"
clipped_zero_padded_translation,arc-gen,232,"dr=0,dc=1",1,0,9,9,0,"input and expected output shifted together, cells outside 30x30 clipped"
clipped_zero_padded_translation,arc-gen,232,"dr=-2,dc=0",1,0,39,39,0,"input and expected output shifted together, cells outside 30x30 clipped"
clipped_zero_padded_translation,arc-gen,232,"dr=2,dc=0",1,0,30,30,0,"input and expected output shifted together, cells outside 30x30 clipped"
clipped_zero_padded_translation,arc-gen,232,"dr=0,dc=-2",1,0,30,30,0,"input and expected output shifted together, cells outside 30x30 clipped"
clipped_zero_padded_translation,arc-gen,232,"dr=0,dc=2",1,0,39,39,0,"input and expected output shifted together, cells outside 30x30 clipped"
clipped_zero_padded_translation,arc-gen,233,"dr=-1,dc=0",1,1,0,0,0,"input and expected output shifted together, cells outside 30x30 clipped"
clipped_zero_padded_translation,arc-gen,233,"dr=1,dc=0",1,0,2,2,0,"input and expected output shifted together, cells outside 30x30 clipped"
clipped_zero_padded_translation,arc-gen,233,"dr=0,dc=-1",1,0,14,14,0,"input and expected output shifted together, cells outside 30x30 clipped"
clipped_zero_padded_translation,arc-gen,233,"dr=0,dc=1",1,0,10,10,0,"input and expected output shifted together, cells outside 30x30 clipped"
clipped_zero_padded_translation,arc-gen,233,"dr=-2,dc=0",1,0,30,30,0,"input and expected output shifted together, cells outside 30x30 clipped"
clipped_zero_padded_translation,arc-gen,233,"dr=2,dc=0",1,0,32,32,0,"input and expected output shifted together, cells outside 30x30 clipped"
clipped_zero_padded_translation,arc-gen,233,"dr=0,dc=-2",1,0,28,28,0,"input and expected output shifted together, cells outside 30x30 clipped"
clipped_zero_padded_translation,arc-gen,233,"dr=0,dc=2",1,0,40,40,0,"input and expected output shifted together, cells outside 30x30 clipped"
clipped_zero_padded_translation,arc-gen,234,"dr=-1,dc=0",1,0,7,7,0,"input and expected output shifted together, cells outside 30x30 clipped"
clipped_zero_padded_translation,arc-gen,234,"dr=1,dc=0",1,0,7,7,0,"input and expected output shifted together, cells outside 30x30 clipped"
clipped_zero_padded_translation,arc-gen,234,"dr=0,dc=-1",1,0,18,0,18,"input and expected output shifted together, cells outside 30x30 clipped"
clipped_zero_padded_translation,arc-gen,234,"dr=0,dc=1",1,0,3,3,0,"input and expected output shifted together, cells outside 30x30 clipped"
clipped_zero_padded_translation,arc-gen,234,"dr=-2,dc=0",1,0,37,37,0,"input and expected output shifted together, cells outside 30x30 clipped"
clipped_zero_padded_translation,arc-gen,234,"dr=2,dc=0",1,0,37,37,0,"input and expected output shifted together, cells outside 30x30 clipped"
clipped_zero_padded_translation,arc-gen,234,"dr=0,dc=-2",1,0,45,30,15,"input and expected output shifted together, cells outside 30x30 clipped"
clipped_zero_padded_translation,arc-gen,234,"dr=0,dc=2",1,0,33,33,0,"input and expected output shifted together, cells outside 30x30 clipped"
clipped_zero_padded_translation,arc-gen,235,"dr=-1,dc=0",1,0,4,4,0,"input and expected output shifted together, cells outside 30x30 clipped"
clipped_zero_padded_translation,arc-gen,235,"dr=1,dc=0",1,1,0,0,0,"input and expected output shifted together, cells outside 30x30 clipped"
clipped_zero_padded_translation,arc-gen,235,"dr=0,dc=-1",1,0,8,8,0,"input and expected output shifted together, cells outside 30x30 clipped"
clipped_zero_padded_translation,arc-gen,235,"dr=0,dc=1",1,0,8,8,0,"input and expected output shifted together, cells outside 30x30 clipped"
clipped_zero_padded_translation,arc-gen,235,"dr=-2,dc=0",1,0,34,34,0,"input and expected output shifted together, cells outside 30x30 clipped"
clipped_zero_padded_translation,arc-gen,235,"dr=2,dc=0",1,0,30,30,0,"input and expected output shifted together, cells outside 30x30 clipped"
clipped_zero_padded_translation,arc-gen,235,"dr=0,dc=-2",1,0,38,38,0,"input and expected output shifted together, cells outside 30x30 clipped"
clipped_zero_padded_translation,arc-gen,235,"dr=0,dc=2",1,0,38,38,0,"input and expected output shifted together, cells outside 30x30 clipped"
clipped_zero_padded_translation,arc-gen,236,"dr=-1,dc=0",1,1,0,0,0,"input and expected output shifted together, cells outside 30x30 clipped"
clipped_zero_padded_translation,arc-gen,236,"dr=1,dc=0",1,0,9,9,0,"input and expected output shifted together, cells outside 30x30 clipped"
clipped_zero_padded_translation,arc-gen,236,"dr=0,dc=-1",1,0,3,3,0,"input and expected output shifted together, cells outside 30x30 clipped"
clipped_zero_padded_translation,arc-gen,236,"dr=0,dc=1",1,1,0,0,0,"input and expected output shifted together, cells outside 30x30 clipped"
clipped_zero_padded_translation,arc-gen,236,"dr=-2,dc=0",1,0,30,30,0,"input and expected output shifted together, cells outside 30x30 clipped"
clipped_zero_padded_translation,arc-gen,236,"dr=2,dc=0",1,0,39,39,0,"input and expected output shifted together, cells outside 30x30 clipped"
clipped_zero_padded_translation,arc-gen,236,"dr=0,dc=-2",1,0,33,33,0,"input and expected output shifted together, cells outside 30x30 clipped"
clipped_zero_padded_translation,arc-gen,236,"dr=0,dc=2",1,0,30,30,0,"input and expected output shifted together, cells outside 30x30 clipped"
clipped_zero_padded_translation,arc-gen,237,"dr=-1,dc=0",1,0,65,2,63,"input and expected output shifted together, cells outside 30x30 clipped"
clipped_zero_padded_translation,arc-gen,237,"dr=1,dc=0",1,0,9,9,0,"input and expected output shifted together, cells outside 30x30 clipped"
clipped_zero_padded_translation,arc-gen,237,"dr=0,dc=-1",1,0,77,5,72,"input and expected output shifted together, cells outside 30x30 clipped"
clipped_zero_padded_translation,arc-gen,237,"dr=0,dc=1",1,0,72,0,72,"input and expected output shifted together, cells outside 30x30 clipped"
clipped_zero_padded_translation,arc-gen,237,"dr=-2,dc=0",1,0,86,32,54,"input and expected output shifted together, cells outside 30x30 clipped"
clipped_zero_padded_translation,arc-gen,237,"dr=2,dc=0",1,0,39,39,0,"input and expected output shifted together, cells outside 30x30 clipped"
clipped_zero_padded_translation,arc-gen,237,"dr=0,dc=-2",1,0,107,35,72,"input and expected output shifted together, cells outside 30x30 clipped"
clipped_zero_padded_translation,arc-gen,237,"dr=0,dc=2",1,0,102,30,72,"input and expected output shifted together, cells outside 30x30 clipped"
clipped_zero_padded_translation,arc-gen,238,"dr=-1,dc=0",1,0,8,8,0,"input and expected output shifted together, cells outside 30x30 clipped"
clipped_zero_padded_translation,arc-gen,238,"dr=1,dc=0",1,0,40,0,40,"input and expected output shifted together, cells outside 30x30 clipped"
clipped_zero_padded_translation,arc-gen,238,"dr=0,dc=-1",1,0,45,9,36,"input and expected output shifted together, cells outside 30x30 clipped"
clipped_zero_padded_translation,arc-gen,238,"dr=0,dc=1",1,0,45,9,36,"input and expected output shifted together, cells outside 30x30 clipped"
clipped_zero_padded_translation,arc-gen,238,"dr=-2,dc=0",1,0,38,38,0,"input and expected output shifted together, cells outside 30x30 clipped"
clipped_zero_padded_translation,arc-gen,238,"dr=2,dc=0",1,0,62,30,32,"input and expected output shifted together, cells outside 30x30 clipped"
clipped_zero_padded_translation,arc-gen,238,"dr=0,dc=-2",1,0,75,39,36,"input and expected output shifted together, cells outside 30x30 clipped"
clipped_zero_padded_translation,arc-gen,238,"dr=0,dc=2",1,0,75,39,36,"input and expected output shifted together, cells outside 30x30 clipped"
clipped_zero_padded_translation,arc-gen,239,"dr=-1,dc=0",1,0,9,9,0,"input and expected output shifted together, cells outside 30x30 clipped"
clipped_zero_padded_translation,arc-gen,239,"dr=1,dc=0",1,0,56,2,54,"input and expected output shifted together, cells outside 30x30 clipped"
clipped_zero_padded_translation,arc-gen,239,"dr=0,dc=-1",1,0,7,7,0,"input and expected output shifted together, cells outside 30x30 clipped"
clipped_zero_padded_translation,arc-gen,239,"dr=0,dc=1",1,0,7,7,0,"input and expected output shifted together, cells outside 30x30 clipped"
clipped_zero_padded_translation,arc-gen,239,"dr=-2,dc=0",1,0,39,39,0,"input and expected output shifted together, cells outside 30x30 clipped"
clipped_zero_padded_translation,arc-gen,239,"dr=2,dc=0",1,0,77,32,45,"input and expected output shifted together, cells outside 30x30 clipped"
clipped_zero_padded_translation,arc-gen,239,"dr=0,dc=-2",1,0,37,37,0,"input and expected output shifted together, cells outside 30x30 clipped"
clipped_zero_padded_translation,arc-gen,239,"dr=0,dc=2",1,0,37,37,0,"input and expected output shifted together, cells outside 30x30 clipped"
clipped_zero_padded_translation,arc-gen,240,"dr=-1,dc=0",1,0,3,3,0,"input and expected output shifted together, cells outside 30x30 clipped"
clipped_zero_padded_translation,arc-gen,240,"dr=1,dc=0",1,1,0,0,0,"input and expected output shifted together, cells outside 30x30 clipped"
clipped_zero_padded_translation,arc-gen,240,"dr=0,dc=-1",1,0,8,8,0,"input and expected output shifted together, cells outside 30x30 clipped"
clipped_zero_padded_translation,arc-gen,240,"dr=0,dc=1",1,0,8,8,0,"input and expected output shifted together, cells outside 30x30 clipped"
clipped_zero_padded_translation,arc-gen,240,"dr=-2,dc=0",1,0,33,33,0,"input and expected output shifted together, cells outside 30x30 clipped"
clipped_zero_padded_translation,arc-gen,240,"dr=2,dc=0",1,0,30,30,0,"input and expected output shifted together, cells outside 30x30 clipped"
clipped_zero_padded_translation,arc-gen,240,"dr=0,dc=-2",1,0,38,38,0,"input and expected output shifted together, cells outside 30x30 clipped"
clipped_zero_padded_translation,arc-gen,240,"dr=0,dc=2",1,0,38,38,0,"input and expected output shifted together, cells outside 30x30 clipped"
clipped_zero_padded_translation,arc-gen,241,"dr=-1,dc=0",1,1,0,0,0,"input and expected output shifted together, cells outside 30x30 clipped"
clipped_zero_padded_translation,arc-gen,241,"dr=1,dc=0",1,0,1,1,0,"input and expected output shifted together, cells outside 30x30 clipped"
clipped_zero_padded_translation,arc-gen,241,"dr=0,dc=-1",1,0,7,7,0,"input and expected output shifted together, cells outside 30x30 clipped"
clipped_zero_padded_translation,arc-gen,241,"dr=0,dc=1",1,0,7,7,0,"input and expected output shifted together, cells outside 30x30 clipped"
clipped_zero_padded_translation,arc-gen,241,"dr=-2,dc=0",1,0,30,30,0,"input and expected output shifted together, cells outside 30x30 clipped"
clipped_zero_padded_translation,arc-gen,241,"dr=2,dc=0",1,0,31,31,0,"input and expected output shifted together, cells outside 30x30 clipped"
clipped_zero_padded_translation,arc-gen,241,"dr=0,dc=-2",1,0,37,37,0,"input and expected output shifted together, cells outside 30x30 clipped"
clipped_zero_padded_translation,arc-gen,241,"dr=0,dc=2",1,0,37,37,0,"input and expected output shifted together, cells outside 30x30 clipped"
clipped_zero_padded_translation,arc-gen,242,"dr=-1,dc=0",1,0,73,3,70,"input and expected output shifted together, cells outside 30x30 clipped"
clipped_zero_padded_translation,arc-gen,242,"dr=1,dc=0",1,0,12,12,0,"input and expected output shifted together, cells outside 30x30 clipped"
clipped_zero_padded_translation,arc-gen,242,"dr=0,dc=-1",1,0,79,7,72,"input and expected output shifted together, cells outside 30x30 clipped"
clipped_zero_padded_translation,arc-gen,242,"dr=0,dc=1",1,0,79,7,72,"input and expected output shifted together, cells outside 30x30 clipped"
clipped_zero_padded_translation,arc-gen,242,"dr=-2,dc=0",1,0,93,33,60,"input and expected output shifted together, cells outside 30x30 clipped"
clipped_zero_padded_translation,arc-gen,242,"dr=2,dc=0",1,0,42,42,0,"input and expected output shifted together, cells outside 30x30 clipped"
clipped_zero_padded_translation,arc-gen,242,"dr=0,dc=-2",1,0,109,37,72,"input and expected output shifted together, cells outside 30x30 clipped"
clipped_zero_padded_translation,arc-gen,242,"dr=0,dc=2",1,0,109,37,72,"input and expected output shifted together, cells outside 30x30 clipped"
clipped_zero_padded_translation,arc-gen,243,"dr=-1,dc=0",1,0,4,4,0,"input and expected output shifted together, cells outside 30x30 clipped"
clipped_zero_padded_translation,arc-gen,243,"dr=1,dc=0",1,0,1,1,0,"input and expected output shifted together, cells outside 30x30 clipped"
clipped_zero_padded_translation,arc-gen,243,"dr=0,dc=-1",1,0,4,4,0,"input and expected output shifted together, cells outside 30x30 clipped"
clipped_zero_padded_translation,arc-gen,243,"dr=0,dc=1",1,1,0,0,0,"input and expected output shifted together, cells outside 30x30 clipped"
clipped_zero_padded_translation,arc-gen,243,"dr=-2,dc=0",1,0,34,34,0,"input and expected output shifted together, cells outside 30x30 clipped"
clipped_zero_padded_translation,arc-gen,243,"dr=2,dc=0",1,0,67,31,36,"input and expected output shifted together, cells outside 30x30 clipped"
clipped_zero_padded_translation,arc-gen,243,"dr=0,dc=-2",1,0,34,34,0,"input and expected output shifted together, cells outside 30x30 clipped"
clipped_zero_padded_translation,arc-gen,243,"dr=0,dc=2",1,0,30,30,0,"input and expected output shifted together, cells outside 30x30 clipped"
clipped_zero_padded_translation,arc-gen,244,"dr=-1,dc=0",1,0,19,7,12,"input and expected output shifted together, cells outside 30x30 clipped"
clipped_zero_padded_translation,arc-gen,244,"dr=1,dc=0",1,0,19,7,12,"input and expected output shifted together, cells outside 30x30 clipped"
clipped_zero_padded_translation,arc-gen,244,"dr=0,dc=-1",1,0,19,4,15,"input and expected output shifted together, cells outside 30x30 clipped"
clipped_zero_padded_translation,arc-gen,244,"dr=0,dc=1",1,0,3,3,0,"input and expected output shifted together, cells outside 30x30 clipped"
clipped_zero_padded_translation,arc-gen,244,"dr=-2,dc=0",1,0,49,37,12,"input and expected output shifted together, cells outside 30x30 clipped"
clipped_zero_padded_translation,arc-gen,244,"dr=2,dc=0",1,0,49,37,12,"input and expected output shifted together, cells outside 30x30 clipped"
clipped_zero_padded_translation,arc-gen,244,"dr=0,dc=-2",1,0,46,34,12,"input and expected output shifted together, cells outside 30x30 clipped"
clipped_zero_padded_translation,arc-gen,244,"dr=0,dc=2",1,0,33,33,0,"input and expected output shifted together, cells outside 30x30 clipped"
clipped_zero_padded_translation,arc-gen,245,"dr=-1,dc=0",1,0,5,5,0,"input and expected output shifted together, cells outside 30x30 clipped"
clipped_zero_padded_translation,arc-gen,245,"dr=1,dc=0",1,0,4,4,0,"input and expected output shifted together, cells outside 30x30 clipped"
clipped_zero_padded_translation,arc-gen,245,"dr=0,dc=-1",1,0,10,10,0,"input and expected output shifted together, cells outside 30x30 clipped"
clipped_zero_padded_translation,arc-gen,245,"dr=0,dc=1",1,0,10,10,0,"input and expected output shifted together, cells outside 30x30 clipped"
clipped_zero_padded_translation,arc-gen,245,"dr=-2,dc=0",1,0,35,35,0,"input and expected output shifted together, cells outside 30x30 clipped"
clipped_zero_padded_translation,arc-gen,245,"dr=2,dc=0",1,0,34,34,0,"input and expected output shifted together, cells outside 30x30 clipped"
clipped_zero_padded_translation,arc-gen,245,"dr=0,dc=-2",1,0,40,40,0,"input and expected output shifted together, cells outside 30x30 clipped"
clipped_zero_padded_translation,arc-gen,245,"dr=0,dc=2",1,0,40,40,0,"input and expected output shifted together, cells outside 30x30 clipped"
clipped_zero_padded_translation,arc-gen,246,"dr=-1,dc=0",1,0,115,5,110,"input and expected output shifted together, cells outside 30x30 clipped"
clipped_zero_padded_translation,arc-gen,246,"dr=1,dc=0",1,0,115,5,110,"input and expected output shifted together, cells outside 30x30 clipped"
clipped_zero_padded_translation,arc-gen,246,"dr=0,dc=-1",1,0,104,2,102,"input and expected output shifted together, cells outside 30x30 clipped"
clipped_zero_padded_translation,arc-gen,246,"dr=0,dc=1",1,0,108,0,108,"input and expected output shifted together, cells outside 30x30 clipped"
clipped_zero_padded_translation,arc-gen,246,"dr=-2,dc=0",1,0,145,35,110,"input and expected output shifted together, cells outside 30x30 clipped"
clipped_zero_padded_translation,arc-gen,246,"dr=2,dc=0",1,0,145,35,110,"input and expected output shifted together, cells outside 30x30 clipped"
clipped_zero_padded_translation,arc-gen,246,"dr=0,dc=-2",1,0,90,34,56,"input and expected output shifted together, cells outside 30x30 clipped"
clipped_zero_padded_translation,arc-gen,246,"dr=0,dc=2",1,0,136,30,106,"input and expected output shifted together, cells outside 30x30 clipped"
clipped_zero_padded_translation,arc-gen,247,"dr=-1,dc=0",1,0,7,7,0,"input and expected output shifted together, cells outside 30x30 clipped"
clipped_zero_padded_translation,arc-gen,247,"dr=1,dc=0",1,0,16,16,0,"input and expected output shifted together, cells outside 30x30 clipped"
clipped_zero_padded_translation,arc-gen,247,"dr=0,dc=-1",1,1,0,0,0,"input and expected output shifted together, cells outside 30x30 clipped"
clipped_zero_padded_translation,arc-gen,247,"dr=0,dc=1",1,1,0,0,0,"input and expected output shifted together, cells outside 30x30 clipped"
clipped_zero_padded_translation,arc-gen,247,"dr=-2,dc=0",1,0,37,37,0,"input and expected output shifted together, cells outside 30x30 clipped"
clipped_zero_padded_translation,arc-gen,247,"dr=2,dc=0",1,0,34,34,0,"input and expected output shifted together, cells outside 30x30 clipped"
clipped_zero_padded_translation,arc-gen,247,"dr=0,dc=-2",1,0,30,30,0,"input and expected output shifted together, cells outside 30x30 clipped"
clipped_zero_padded_translation,arc-gen,247,"dr=0,dc=2",1,0,30,30,0,"input and expected output shifted together, cells outside 30x30 clipped"
clipped_zero_padded_translation,arc-gen,248,"dr=-1,dc=0",1,0,4,4,0,"input and expected output shifted together, cells outside 30x30 clipped"
clipped_zero_padded_translation,arc-gen,248,"dr=1,dc=0",1,1,0,0,0,"input and expected output shifted together, cells outside 30x30 clipped"
clipped_zero_padded_translation,arc-gen,248,"dr=0,dc=-1",1,0,10,10,0,"input and expected output shifted together, cells outside 30x30 clipped"
clipped_zero_padded_translation,arc-gen,248,"dr=0,dc=1",1,0,10,10,0,"input and expected output shifted together, cells outside 30x30 clipped"
clipped_zero_padded_translation,arc-gen,248,"dr=-2,dc=0",1,0,34,34,0,"input and expected output shifted together, cells outside 30x30 clipped"
clipped_zero_padded_translation,arc-gen,248,"dr=2,dc=0",1,0,30,30,0,"input and expected output shifted together, cells outside 30x30 clipped"
clipped_zero_padded_translation,arc-gen,248,"dr=0,dc=-2",1,0,40,40,0,"input and expected output shifted together, cells outside 30x30 clipped"
clipped_zero_padded_translation,arc-gen,248,"dr=0,dc=2",1,0,40,40,0,"input and expected output shifted together, cells outside 30x30 clipped"
clipped_zero_padded_translation,arc-gen,249,"dr=-1,dc=0",1,0,6,6,0,"input and expected output shifted together, cells outside 30x30 clipped"
clipped_zero_padded_translation,arc-gen,249,"dr=1,dc=0",1,0,6,6,0,"input and expected output shifted together, cells outside 30x30 clipped"
clipped_zero_padded_translation,arc-gen,249,"dr=0,dc=-1",1,0,15,1,14,"input and expected output shifted together, cells outside 30x30 clipped"
clipped_zero_padded_translation,arc-gen,249,"dr=0,dc=1",1,0,2,2,0,"input and expected output shifted together, cells outside 30x30 clipped"
clipped_zero_padded_translation,arc-gen,249,"dr=-2,dc=0",1,0,36,36,0,"input and expected output shifted together, cells outside 30x30 clipped"
clipped_zero_padded_translation,arc-gen,249,"dr=2,dc=0",1,0,36,36,0,"input and expected output shifted together, cells outside 30x30 clipped"
clipped_zero_padded_translation,arc-gen,249,"dr=0,dc=-2",1,0,43,31,12,"input and expected output shifted together, cells outside 30x30 clipped"
clipped_zero_padded_translation,arc-gen,249,"dr=0,dc=2",1,0,32,32,0,"input and expected output shifted together, cells outside 30x30 clipped"
clipped_zero_padded_translation,arc-gen,250,"dr=-1,dc=0",1,1,0,0,0,"input and expected output shifted together, cells outside 30x30 clipped"
clipped_zero_padded_translation,arc-gen,250,"dr=1,dc=0",1,0,2,2,0,"input and expected output shifted together, cells outside 30x30 clipped"
clipped_zero_padded_translation,arc-gen,250,"dr=0,dc=-1",1,0,5,5,0,"input and expected output shifted together, cells outside 30x30 clipped"
clipped_zero_padded_translation,arc-gen,250,"dr=0,dc=1",1,0,5,5,0,"input and expected output shifted together, cells outside 30x30 clipped"
clipped_zero_padded_translation,arc-gen,250,"dr=-2,dc=0",1,0,30,30,0,"input and expected output shifted together, cells outside 30x30 clipped"
clipped_zero_padded_translation,arc-gen,250,"dr=2,dc=0",1,0,32,32,0,"input and expected output shifted together, cells outside 30x30 clipped"
clipped_zero_padded_translation,arc-gen,250,"dr=0,dc=-2",1,0,35,35,0,"input and expected output shifted together, cells outside 30x30 clipped"
clipped_zero_padded_translation,arc-gen,250,"dr=0,dc=2",1,0,35,35,0,"input and expected output shifted together, cells outside 30x30 clipped"
clipped_zero_padded_translation,arc-gen,251,"dr=-1,dc=0",1,0,2,2,0,"input and expected output shifted together, cells outside 30x30 clipped"
clipped_zero_padded_translation,arc-gen,251,"dr=1,dc=0",1,1,0,0,0,"input and expected output shifted together, cells outside 30x30 clipped"
clipped_zero_padded_translation,arc-gen,251,"dr=0,dc=-1",1,0,9,9,0,"input and expected output shifted together, cells outside 30x30 clipped"
clipped_zero_padded_translation,arc-gen,251,"dr=0,dc=1",1,0,9,9,0,"input and expected output shifted together, cells outside 30x30 clipped"
clipped_zero_padded_translation,arc-gen,251,"dr=-2,dc=0",1,0,32,32,0,"input and expected output shifted together, cells outside 30x30 clipped"
clipped_zero_padded_translation,arc-gen,251,"dr=2,dc=0",1,0,30,30,0,"input and expected output shifted together, cells outside 30x30 clipped"
clipped_zero_padded_translation,arc-gen,251,"dr=0,dc=-2",1,0,39,39,0,"input and expected output shifted together, cells outside 30x30 clipped"
clipped_zero_padded_translation,arc-gen,251,"dr=0,dc=2",1,0,39,39,0,"input and expected output shifted together, cells outside 30x30 clipped"
clipped_zero_padded_translation,arc-gen,252,"dr=-1,dc=0",1,0,8,8,0,"input and expected output shifted together, cells outside 30x30 clipped"
clipped_zero_padded_translation,arc-gen,252,"dr=1,dc=0",1,0,8,8,0,"input and expected output shifted together, cells outside 30x30 clipped"
clipped_zero_padded_translation,arc-gen,252,"dr=0,dc=-1",1,0,1,1,0,"input and expected output shifted together, cells outside 30x30 clipped"
clipped_zero_padded_translation,arc-gen,252,"dr=0,dc=1",1,1,0,0,0,"input and expected output shifted together, cells outside 30x30 clipped"
clipped_zero_padded_translation,arc-gen,252,"dr=-2,dc=0",1,0,38,38,0,"input and expected output shifted together, cells outside 30x30 clipped"
clipped_zero_padded_translation,arc-gen,252,"dr=2,dc=0",1,0,38,38,0,"input and expected output shifted together, cells outside 30x30 clipped"
clipped_zero_padded_translation,arc-gen,252,"dr=0,dc=-2",1,0,31,31,0,"input and expected output shifted together, cells outside 30x30 clipped"
clipped_zero_padded_translation,arc-gen,252,"dr=0,dc=2",1,0,30,30,0,"input and expected output shifted together, cells outside 30x30 clipped"
clipped_zero_padded_translation,arc-gen,253,"dr=-1,dc=0",1,0,6,6,0,"input and expected output shifted together, cells outside 30x30 clipped"
clipped_zero_padded_translation,arc-gen,253,"dr=1,dc=0",1,0,6,6,0,"input and expected output shifted together, cells outside 30x30 clipped"
clipped_zero_padded_translation,arc-gen,253,"dr=0,dc=-1",1,1,0,0,0,"input and expected output shifted together, cells outside 30x30 clipped"
clipped_zero_padded_translation,arc-gen,253,"dr=0,dc=1",1,1,0,0,0,"input and expected output shifted together, cells outside 30x30 clipped"
clipped_zero_padded_translation,arc-gen,253,"dr=-2,dc=0",1,0,36,36,0,"input and expected output shifted together, cells outside 30x30 clipped"
clipped_zero_padded_translation,arc-gen,253,"dr=2,dc=0",1,0,36,36,0,"input and expected output shifted together, cells outside 30x30 clipped"
clipped_zero_padded_translation,arc-gen,253,"dr=0,dc=-2",1,0,30,30,0,"input and expected output shifted together, cells outside 30x30 clipped"
clipped_zero_padded_translation,arc-gen,253,"dr=0,dc=2",1,0,30,30,0,"input and expected output shifted together, cells outside 30x30 clipped"
clipped_zero_padded_translation,arc-gen,254,"dr=-1,dc=0",1,0,15,15,0,"input and expected output shifted together, cells outside 30x30 clipped"
clipped_zero_padded_translation,arc-gen,254,"dr=1,dc=0",1,0,9,9,0,"input and expected output shifted together, cells outside 30x30 clipped"
clipped_zero_padded_translation,arc-gen,254,"dr=0,dc=-1",1,1,0,0,0,"input and expected output shifted together, cells outside 30x30 clipped"
clipped_zero_padded_translation,arc-gen,254,"dr=0,dc=1",1,1,0,0,0,"input and expected output shifted together, cells outside 30x30 clipped"
clipped_zero_padded_translation,arc-gen,254,"dr=-2,dc=0",1,0,30,30,0,"input and expected output shifted together, cells outside 30x30 clipped"
clipped_zero_padded_translation,arc-gen,254,"dr=2,dc=0",1,0,39,39,0,"input and expected output shifted together, cells outside 30x30 clipped"
clipped_zero_padded_translation,arc-gen,254,"dr=0,dc=-2",1,0,30,30,0,"input and expected output shifted together, cells outside 30x30 clipped"
clipped_zero_padded_translation,arc-gen,254,"dr=0,dc=2",1,0,30,30,0,"input and expected output shifted together, cells outside 30x30 clipped"
clipped_zero_padded_translation,arc-gen,255,"dr=-1,dc=0",1,1,0,0,0,"input and expected output shifted together, cells outside 30x30 clipped"
clipped_zero_padded_translation,arc-gen,255,"dr=1,dc=0",1,0,8,8,0,"input and expected output shifted together, cells outside 30x30 clipped"
clipped_zero_padded_translation,arc-gen,255,"dr=0,dc=-1",1,1,0,0,0,"input and expected output shifted together, cells outside 30x30 clipped"
clipped_zero_padded_translation,arc-gen,255,"dr=0,dc=1",1,1,0,0,0,"input and expected output shifted together, cells outside 30x30 clipped"
clipped_zero_padded_translation,arc-gen,255,"dr=-2,dc=0",1,0,30,30,0,"input and expected output shifted together, cells outside 30x30 clipped"
clipped_zero_padded_translation,arc-gen,255,"dr=2,dc=0",1,0,38,38,0,"input and expected output shifted together, cells outside 30x30 clipped"
clipped_zero_padded_translation,arc-gen,255,"dr=0,dc=-2",1,0,30,30,0,"input and expected output shifted together, cells outside 30x30 clipped"
clipped_zero_padded_translation,arc-gen,255,"dr=0,dc=2",1,0,30,30,0,"input and expected output shifted together, cells outside 30x30 clipped"
clipped_zero_padded_translation,arc-gen,256,"dr=-1,dc=0",1,0,54,6,48,"input and expected output shifted together, cells outside 30x30 clipped"
clipped_zero_padded_translation,arc-gen,256,"dr=1,dc=0",1,0,54,6,48,"input and expected output shifted together, cells outside 30x30 clipped"
clipped_zero_padded_translation,arc-gen,256,"dr=0,dc=-1",1,0,42,2,40,"input and expected output shifted together, cells outside 30x30 clipped"
clipped_zero_padded_translation,arc-gen,256,"dr=0,dc=1",1,0,48,0,48,"input and expected output shifted together, cells outside 30x30 clipped"
clipped_zero_padded_translation,arc-gen,256,"dr=-2,dc=0",1,0,84,36,48,"input and expected output shifted together, cells outside 30x30 clipped"
clipped_zero_padded_translation,arc-gen,256,"dr=2,dc=0",1,0,84,36,48,"input and expected output shifted together, cells outside 30x30 clipped"
clipped_zero_padded_translation,arc-gen,256,"dr=0,dc=-2",1,0,64,32,32,"input and expected output shifted together, cells outside 30x30 clipped"
clipped_zero_padded_translation,arc-gen,256,"dr=0,dc=2",1,0,38,38,0,"input and expected output shifted together, cells outside 30x30 clipped"
clipped_zero_padded_translation,arc-gen,257,"dr=-1,dc=0",1,0,5,5,0,"input and expected output shifted together, cells outside 30x30 clipped"
clipped_zero_padded_translation,arc-gen,257,"dr=1,dc=0",1,0,5,5,0,"input and expected output shifted together, cells outside 30x30 clipped"
clipped_zero_padded_translation,arc-gen,257,"dr=0,dc=-1",1,0,2,2,0,"input and expected output shifted together, cells outside 30x30 clipped"
clipped_zero_padded_translation,arc-gen,257,"dr=0,dc=1",1,1,0,0,0,"input and expected output shifted together, cells outside 30x30 clipped"
clipped_zero_padded_translation,arc-gen,257,"dr=-2,dc=0",1,0,35,35,0,"input and expected output shifted together, cells outside 30x30 clipped"
clipped_zero_padded_translation,arc-gen,257,"dr=2,dc=0",1,0,35,35,0,"input and expected output shifted together, cells outside 30x30 clipped"
clipped_zero_padded_translation,arc-gen,257,"dr=0,dc=-2",1,0,32,32,0,"input and expected output shifted together, cells outside 30x30 clipped"
clipped_zero_padded_translation,arc-gen,257,"dr=0,dc=2",1,0,30,30,0,"input and expected output shifted together, cells outside 30x30 clipped"
clipped_zero_padded_translation,arc-gen,258,"dr=-1,dc=0",1,1,0,0,0,"input and expected output shifted together, cells outside 30x30 clipped"
clipped_zero_padded_translation,arc-gen,258,"dr=1,dc=0",1,0,1,1,0,"input and expected output shifted together, cells outside 30x30 clipped"
clipped_zero_padded_translation,arc-gen,258,"dr=0,dc=-1",1,0,4,4,0,"input and expected output shifted together, cells outside 30x30 clipped"
clipped_zero_padded_translation,arc-gen,258,"dr=0,dc=1",1,1,0,0,0,"input and expected output shifted together, cells outside 30x30 clipped"
clipped_zero_padded_translation,arc-gen,258,"dr=-2,dc=0",1,0,30,30,0,"input and expected output shifted together, cells outside 30x30 clipped"
clipped_zero_padded_translation,arc-gen,258,"dr=2,dc=0",1,0,31,31,0,"input and expected output shifted together, cells outside 30x30 clipped"
clipped_zero_padded_translation,arc-gen,258,"dr=0,dc=-2",1,0,34,34,0,"input and expected output shifted together, cells outside 30x30 clipped"
clipped_zero_padded_translation,arc-gen,258,"dr=0,dc=2",1,0,30,30,0,"input and expected output shifted together, cells outside 30x30 clipped"
clipped_zero_padded_translation,arc-gen,259,"dr=-1,dc=0",1,0,6,6,0,"input and expected output shifted together, cells outside 30x30 clipped"
clipped_zero_padded_translation,arc-gen,259,"dr=1,dc=0",1,0,6,6,0,"input and expected output shifted together, cells outside 30x30 clipped"
clipped_zero_padded_translation,arc-gen,259,"dr=0,dc=-1",1,0,2,2,0,"input and expected output shifted together, cells outside 30x30 clipped"
clipped_zero_padded_translation,arc-gen,259,"dr=0,dc=1",1,1,0,0,0,"input and expected output shifted together, cells outside 30x30 clipped"
clipped_zero_padded_translation,arc-gen,259,"dr=-2,dc=0",1,0,36,36,0,"input and expected output shifted together, cells outside 30x30 clipped"
clipped_zero_padded_translation,arc-gen,259,"dr=2,dc=0",1,0,36,36,0,"input and expected output shifted together, cells outside 30x30 clipped"
clipped_zero_padded_translation,arc-gen,259,"dr=0,dc=-2",1,0,32,32,0,"input and expected output shifted together, cells outside 30x30 clipped"
clipped_zero_padded_translation,arc-gen,259,"dr=0,dc=2",1,0,30,30,0,"input and expected output shifted together, cells outside 30x30 clipped"
clipped_zero_padded_translation,arc-gen,260,"dr=-1,dc=0",1,0,2,2,0,"input and expected output shifted together, cells outside 30x30 clipped"
clipped_zero_padded_translation,arc-gen,260,"dr=1,dc=0",1,1,0,0,0,"input and expected output shifted together, cells outside 30x30 clipped"
clipped_zero_padded_translation,arc-gen,260,"dr=0,dc=-1",1,0,9,9,0,"input and expected output shifted together, cells outside 30x30 clipped"
clipped_zero_padded_translation,arc-gen,260,"dr=0,dc=1",1,0,9,9,0,"input and expected output shifted together, cells outside 30x30 clipped"
clipped_zero_padded_translation,arc-gen,260,"dr=-2,dc=0",1,0,32,32,0,"input and expected output shifted together, cells outside 30x30 clipped"
clipped_zero_padded_translation,arc-gen,260,"dr=2,dc=0",1,0,30,30,0,"input and expected output shifted together, cells outside 30x30 clipped"
clipped_zero_padded_translation,arc-gen,260,"dr=0,dc=-2",1,0,39,39,0,"input and expected output shifted together, cells outside 30x30 clipped"
clipped_zero_padded_translation,arc-gen,260,"dr=0,dc=2",1,0,39,39,0,"input and expected output shifted together, cells outside 30x30 clipped"
far_additive_foreground_noise,train,0,n=1,1,1,0,0,0,
far_additive_foreground_noise,train,0,n=2,1,1,0,0,0,
far_additive_foreground_noise,train,0,n=3,0,0,0,0,0,not enough far-background cells
far_additive_foreground_noise,train,1,n=1,1,1,0,0,0,
far_additive_foreground_noise,train,1,n=2,1,1,0,0,0,
far_additive_foreground_noise,train,1,n=3,1,1,0,0,0,
far_additive_foreground_noise,train,2,n=1,1,1,0,0,0,
far_additive_foreground_noise,train,2,n=2,1,1,0,0,0,
far_additive_foreground_noise,train,2,n=3,1,1,0,0,0,
far_additive_foreground_noise,test,0,n=1,1,1,0,0,0,
far_additive_foreground_noise,test,0,n=2,1,1,0,0,0,
far_additive_foreground_noise,test,0,n=3,1,1,0,0,0,
far_additive_foreground_noise,arc-gen,0,n=1,1,1,0,0,0,
far_additive_foreground_noise,arc-gen,0,n=2,1,1,0,0,0,
far_additive_foreground_noise,arc-gen,0,n=3,1,1,0,0,0,
far_additive_foreground_noise,arc-gen,1,n=1,1,1,0,0,0,
far_additive_foreground_noise,arc-gen,1,n=2,1,1,0,0,0,
far_additive_foreground_noise,arc-gen,1,n=3,1,1,0,0,0,
far_additive_foreground_noise,arc-gen,2,n=1,1,1,0,0,0,
far_additive_foreground_noise,arc-gen,2,n=2,1,1,0,0,0,
far_additive_foreground_noise,arc-gen,2,n=3,1,1,0,0,0,
far_additive_foreground_noise,arc-gen,3,n=1,1,1,0,0,0,
far_additive_foreground_noise,arc-gen,3,n=2,1,1,0,0,0,
far_additive_foreground_noise,arc-gen,3,n=3,1,1,0,0,0,
far_additive_foreground_noise,arc-gen,4,n=1,1,1,0,0,0,
far_additive_foreground_noise,arc-gen,4,n=2,0,0,0,0,0,not enough far-background cells
far_additive_foreground_noise,arc-gen,4,n=3,0,0,0,0,0,not enough far-background cells
far_additive_foreground_noise,arc-gen,5,n=1,1,1,0,0,0,
far_additive_foreground_noise,arc-gen,5,n=2,1,1,0,0,0,
far_additive_foreground_noise,arc-gen,5,n=3,1,1,0,0,0,
far_additive_foreground_noise,arc-gen,6,n=1,1,1,0,0,0,
far_additive_foreground_noise,arc-gen,6,n=2,1,1,0,0,0,
far_additive_foreground_noise,arc-gen,6,n=3,0,0,0,0,0,not enough far-background cells
far_additive_foreground_noise,arc-gen,7,n=1,1,1,0,0,0,
far_additive_foreground_noise,arc-gen,7,n=2,1,1,0,0,0,
far_additive_foreground_noise,arc-gen,7,n=3,1,1,0,0,0,
far_additive_foreground_noise,arc-gen,8,n=1,1,1,0,0,0,
far_additive_foreground_noise,arc-gen,8,n=2,0,0,0,0,0,not enough far-background cells
far_additive_foreground_noise,arc-gen,8,n=3,0,0,0,0,0,not enough far-background cells
far_additive_foreground_noise,arc-gen,9,n=1,1,0,24,0,24,
far_additive_foreground_noise,arc-gen,9,n=2,1,0,24,0,24,
far_additive_foreground_noise,arc-gen,9,n=3,1,0,24,0,24,
far_additive_foreground_noise,arc-gen,10,n=1,1,1,0,0,0,
far_additive_foreground_noise,arc-gen,10,n=2,1,1,0,0,0,
far_additive_foreground_noise,arc-gen,10,n=3,1,1,0,0,0,
far_additive_foreground_noise,arc-gen,11,n=1,1,1,0,0,0,
far_additive_foreground_noise,arc-gen,11,n=2,1,1,0,0,0,
far_additive_foreground_noise,arc-gen,11,n=3,1,1,0,0,0,
far_additive_foreground_noise,arc-gen,12,n=1,1,1,0,0,0,
far_additive_foreground_noise,arc-gen,12,n=2,1,1,0,0,0,
far_additive_foreground_noise,arc-gen,12,n=3,1,1,0,0,0,
far_additive_foreground_noise,arc-gen,13,n=1,1,1,0,0,0,
far_additive_foreground_noise,arc-gen,13,n=2,1,1,0,0,0,
far_additive_foreground_noise,arc-gen,13,n=3,1,1,0,0,0,
far_additive_foreground_noise,arc-gen,14,n=1,1,0,18,0,18,
far_additive_foreground_noise,arc-gen,14,n=2,1,0,18,0,18,
far_additive_foreground_noise,arc-gen,14,n=3,1,0,18,0,18,
far_additive_foreground_noise,arc-gen,15,n=1,1,1,0,0,0,
far_additive_foreground_noise,arc-gen,15,n=2,1,1,0,0,0,
far_additive_foreground_noise,arc-gen,15,n=3,1,1,0,0,0,
far_additive_foreground_noise,arc-gen,16,n=1,1,1,0,0,0,
far_additive_foreground_noise,arc-gen,16,n=2,1,1,0,0,0,
far_additive_foreground_noise,arc-gen,16,n=3,1,1,0,0,0,
far_additive_foreground_noise,arc-gen,17,n=1,1,1,0,0,0,
far_additive_foreground_noise,arc-gen,17,n=2,1,1,0,0,0,
far_additive_foreground_noise,arc-gen,17,n=3,1,1,0,0,0,
far_additive_foreground_noise,arc-gen,18,n=1,1,1,0,0,0,
far_additive_foreground_noise,arc-gen,18,n=2,1,1,0,0,0,
far_additive_foreground_noise,arc-gen,18,n=3,1,1,0,0,0,
far_additive_foreground_noise,arc-gen,19,n=1,1,1,0,0,0,
far_additive_foreground_noise,arc-gen,19,n=2,1,1,0,0,0,
far_additive_foreground_noise,arc-gen,19,n=3,1,1,0,0,0,
far_additive_foreground_noise,arc-gen,20,n=1,1,1,0,0,0,
far_additive_foreground_noise,arc-gen,20,n=2,0,0,0,0,0,not enough far-background cells
far_additive_foreground_noise,arc-gen,20,n=3,0,0,0,0,0,not enough far-background cells
far_additive_foreground_noise,arc-gen,21,n=1,1,1,0,0,0,
far_additive_foreground_noise,arc-gen,21,n=2,1,1,0,0,0,
far_additive_foreground_noise,arc-gen,21,n=3,1,1,0,0,0,
far_additive_foreground_noise,arc-gen,22,n=1,1,0,22,0,22,
far_additive_foreground_noise,arc-gen,22,n=2,1,0,22,0,22,
far_additive_foreground_noise,arc-gen,22,n=3,1,0,22,0,22,
far_additive_foreground_noise,arc-gen,23,n=1,1,1,0,0,0,
far_additive_foreground_noise,arc-gen,23,n=2,1,1,0,0,0,
far_additive_foreground_noise,arc-gen,23,n=3,1,1,0,0,0,
far_additive_foreground_noise,arc-gen,24,n=1,1,1,0,0,0,
far_additive_foreground_noise,arc-gen,24,n=2,1,1,0,0,0,
far_additive_foreground_noise,arc-gen,24,n=3,1,1,0,0,0,
far_additive_foreground_noise,arc-gen,25,n=1,1,1,0,0,0,
far_additive_foreground_noise,arc-gen,25,n=2,1,1,0,0,0,
far_additive_foreground_noise,arc-gen,25,n=3,1,1,0,0,0,
far_additive_foreground_noise,arc-gen,26,n=1,1,1,0,0,0,
far_additive_foreground_noise,arc-gen,26,n=2,1,1,0,0,0,
far_additive_foreground_noise,arc-gen,26,n=3,1,1,0,0,0,
far_additive_foreground_noise,arc-gen,27,n=1,1,1,0,0,0,
far_additive_foreground_noise,arc-gen,27,n=2,1,1,0,0,0,
far_additive_foreground_noise,arc-gen,27,n=3,1,1,0,0,0,
far_additive_foreground_noise,arc-gen,28,n=1,1,1,0,0,0,
far_additive_foreground_noise,arc-gen,28,n=2,1,1,0,0,0,
far_additive_foreground_noise,arc-gen,28,n=3,1,1,0,0,0,
far_additive_foreground_noise,arc-gen,29,n=1,1,0,24,0,24,
far_additive_foreground_noise,arc-gen,29,n=2,1,0,24,0,24,
far_additive_foreground_noise,arc-gen,29,n=3,1,0,24,0,24,
far_additive_foreground_noise,arc-gen,30,n=1,1,1,0,0,0,
far_additive_foreground_noise,arc-gen,30,n=2,1,1,0,0,0,
far_additive_foreground_noise,arc-gen,30,n=3,1,1,0,0,0,
far_additive_foreground_noise,arc-gen,31,n=1,1,1,0,0,0,
far_additive_foreground_noise,arc-gen,31,n=2,1,1,0,0,0,
far_additive_foreground_noise,arc-gen,31,n=3,1,1,0,0,0,
far_additive_foreground_noise,arc-gen,32,n=1,1,1,0,0,0,
far_additive_foreground_noise,arc-gen,32,n=2,0,0,0,0,0,not enough far-background cells
far_additive_foreground_noise,arc-gen,32,n=3,0,0,0,0,0,not enough far-background cells
far_additive_foreground_noise,arc-gen,33,n=1,1,1,0,0,0,
far_additive_foreground_noise,arc-gen,33,n=2,1,1,0,0,0,
far_additive_foreground_noise,arc-gen,33,n=3,1,1,0,0,0,
far_additive_foreground_noise,arc-gen,34,n=1,1,1,0,0,0,
far_additive_foreground_noise,arc-gen,34,n=2,0,0,0,0,0,not enough far-background cells
far_additive_foreground_noise,arc-gen,34,n=3,0,0,0,0,0,not enough far-background cells
far_additive_foreground_noise,arc-gen,35,n=1,1,1,0,0,0,
far_additive_foreground_noise,arc-gen,35,n=2,1,1,0,0,0,
far_additive_foreground_noise,arc-gen,35,n=3,0,0,0,0,0,not enough far-background cells
far_additive_foreground_noise,arc-gen,36,n=1,1,1,0,0,0,
far_additive_foreground_noise,arc-gen,36,n=2,1,1,0,0,0,
far_additive_foreground_noise,arc-gen,36,n=3,1,1,0,0,0,
far_additive_foreground_noise,arc-gen,37,n=1,1,0,72,0,72,
far_additive_foreground_noise,arc-gen,37,n=2,1,0,72,0,72,
far_additive_foreground_noise,arc-gen,37,n=3,1,0,72,0,72,
far_additive_foreground_noise,arc-gen,38,n=1,1,1,0,0,0,
far_additive_foreground_noise,arc-gen,38,n=2,1,1,0,0,0,
far_additive_foreground_noise,arc-gen,38,n=3,1,1,0,0,0,
far_additive_foreground_noise,arc-gen,39,n=1,1,1,0,0,0,
far_additive_foreground_noise,arc-gen,39,n=2,1,1,0,0,0,
far_additive_foreground_noise,arc-gen,39,n=3,0,0,0,0,0,not enough far-background cells
far_additive_foreground_noise,arc-gen,40,n=1,1,1,0,0,0,
far_additive_foreground_noise,arc-gen,40,n=2,1,1,0,0,0,
far_additive_foreground_noise,arc-gen,40,n=3,1,1,0,0,0,
far_additive_foreground_noise,arc-gen,41,n=1,1,1,0,0,0,
far_additive_foreground_noise,arc-gen,41,n=2,1,1,0,0,0,
far_additive_foreground_noise,arc-gen,41,n=3,0,0,0,0,0,not enough far-background cells
far_additive_foreground_noise,arc-gen,42,n=1,1,1,0,0,0,
far_additive_foreground_noise,arc-gen,42,n=2,0,0,0,0,0,not enough far-background cells
far_additive_foreground_noise,arc-gen,42,n=3,0,0,0,0,0,not enough far-background cells
far_additive_foreground_noise,arc-gen,43,n=1,1,0,70,0,70,
far_additive_foreground_noise,arc-gen,43,n=2,1,0,70,0,70,
far_additive_foreground_noise,arc-gen,43,n=3,0,0,0,0,0,not enough far-background cells
far_additive_foreground_noise,arc-gen,44,n=1,1,1,0,0,0,
far_additive_foreground_noise,arc-gen,44,n=2,1,1,0,0,0,
far_additive_foreground_noise,arc-gen,44,n=3,1,1,0,0,0,
far_additive_foreground_noise,arc-gen,45,n=1,1,1,0,0,0,
far_additive_foreground_noise,arc-gen,45,n=2,1,1,0,0,0,
far_additive_foreground_noise,arc-gen,45,n=3,1,1,0,0,0,
far_additive_foreground_noise,arc-gen,46,n=1,1,1,0,0,0,
far_additive_foreground_noise,arc-gen,46,n=2,0,0,0,0,0,not enough far-background cells
far_additive_foreground_noise,arc-gen,46,n=3,0,0,0,0,0,not enough far-background cells
far_additive_foreground_noise,arc-gen,47,n=1,1,1,0,0,0,
far_additive_foreground_noise,arc-gen,47,n=2,1,1,0,0,0,
far_additive_foreground_noise,arc-gen,47,n=3,0,0,0,0,0,not enough far-background cells
far_additive_foreground_noise,arc-gen,48,n=1,1,1,0,0,0,
far_additive_foreground_noise,arc-gen,48,n=2,1,1,0,0,0,
far_additive_foreground_noise,arc-gen,48,n=3,1,1,0,0,0,
far_additive_foreground_noise,arc-gen,49,n=1,1,1,0,0,0,
far_additive_foreground_noise,arc-gen,49,n=2,0,0,0,0,0,not enough far-background cells
far_additive_foreground_noise,arc-gen,49,n=3,0,0,0,0,0,not enough far-background cells
far_additive_foreground_noise,arc-gen,50,n=1,1,1,0,0,0,
far_additive_foreground_noise,arc-gen,50,n=2,1,1,0,0,0,
far_additive_foreground_noise,arc-gen,50,n=3,1,1,0,0,0,
far_additive_foreground_noise,arc-gen,51,n=1,0,0,0,0,0,not enough far-background cells
far_additive_foreground_noise,arc-gen,51,n=2,0,0,0,0,0,not enough far-background cells
far_additive_foreground_noise,arc-gen,51,n=3,0,0,0,0,0,not enough far-background cells
far_additive_foreground_noise,arc-gen,52,n=1,1,1,0,0,0,
far_additive_foreground_noise,arc-gen,52,n=2,1,1,0,0,0,
far_additive_foreground_noise,arc-gen,52,n=3,1,1,0,0,0,
far_additive_foreground_noise,arc-gen,53,n=1,1,0,6,0,6,
far_additive_foreground_noise,arc-gen,53,n=2,1,0,6,0,6,
far_additive_foreground_noise,arc-gen,53,n=3,1,0,6,0,6,
far_additive_foreground_noise,arc-gen,54,n=1,1,1,0,0,0,
far_additive_foreground_noise,arc-gen,54,n=2,1,1,0,0,0,
far_additive_foreground_noise,arc-gen,54,n=3,1,1,0,0,0,
far_additive_foreground_noise,arc-gen,55,n=1,1,0,72,0,72,
far_additive_foreground_noise,arc-gen,55,n=2,1,0,72,0,72,
far_additive_foreground_noise,arc-gen,55,n=3,1,0,72,0,72,
far_additive_foreground_noise,arc-gen,56,n=1,0,0,0,0,0,not enough far-background cells
far_additive_foreground_noise,arc-gen,56,n=2,0,0,0,0,0,not enough far-background cells
far_additive_foreground_noise,arc-gen,56,n=3,0,0,0,0,0,not enough far-background cells
far_additive_foreground_noise,arc-gen,57,n=1,1,1,0,0,0,
far_additive_foreground_noise,arc-gen,57,n=2,1,1,0,0,0,
far_additive_foreground_noise,arc-gen,57,n=3,0,0,0,0,0,not enough far-background cells
far_additive_foreground_noise,arc-gen,58,n=1,1,1,0,0,0,
far_additive_foreground_noise,arc-gen,58,n=2,1,1,0,0,0,
far_additive_foreground_noise,arc-gen,58,n=3,0,0,0,0,0,not enough far-background cells
far_additive_foreground_noise,arc-gen,59,n=1,1,1,0,0,0,
far_additive_foreground_noise,arc-gen,59,n=2,0,0,0,0,0,not enough far-background cells
far_additive_foreground_noise,arc-gen,59,n=3,0,0,0,0,0,not enough far-background cells
far_additive_foreground_noise,arc-gen,60,n=1,1,1,0,0,0,
far_additive_foreground_noise,arc-gen,60,n=2,0,0,0,0,0,not enough far-background cells
far_additive_foreground_noise,arc-gen,60,n=3,0,0,0,0,0,not enough far-background cells
far_additive_foreground_noise,arc-gen,61,n=1,1,1,0,0,0,
far_additive_foreground_noise,arc-gen,61,n=2,1,1,0,0,0,
far_additive_foreground_noise,arc-gen,61,n=3,1,1,0,0,0,
far_additive_foreground_noise,arc-gen,62,n=1,1,1,0,0,0,
far_additive_foreground_noise,arc-gen,62,n=2,1,1,0,0,0,
far_additive_foreground_noise,arc-gen,62,n=3,1,1,0,0,0,
far_additive_foreground_noise,arc-gen,63,n=1,1,0,7,0,7,
far_additive_foreground_noise,arc-gen,63,n=2,1,0,7,0,7,
far_additive_foreground_noise,arc-gen,63,n=3,1,0,7,0,7,
far_additive_foreground_noise,arc-gen,64,n=1,1,1,0,0,0,
far_additive_foreground_noise,arc-gen,64,n=2,0,0,0,0,0,not enough far-background cells
far_additive_foreground_noise,arc-gen,64,n=3,0,0,0,0,0,not enough far-background cells
far_additive_foreground_noise,arc-gen,65,n=1,1,1,0,0,0,
far_additive_foreground_noise,arc-gen,65,n=2,1,1,0,0,0,
far_additive_foreground_noise,arc-gen,65,n=3,1,1,0,0,0,
far_additive_foreground_noise,arc-gen,66,n=1,1,1,0,0,0,
far_additive_foreground_noise,arc-gen,66,n=2,1,1,0,0,0,
far_additive_foreground_noise,arc-gen,66,n=3,0,0,0,0,0,not enough far-background cells
far_additive_foreground_noise,arc-gen,67,n=1,1,0,63,0,63,
far_additive_foreground_noise,arc-gen,67,n=2,1,0,63,0,63,
far_additive_foreground_noise,arc-gen,67,n=3,0,0,0,0,0,not enough far-background cells
far_additive_foreground_noise,arc-gen,68,n=1,1,1,0,0,0,
far_additive_foreground_noise,arc-gen,68,n=2,1,1,0,0,0,
far_additive_foreground_noise,arc-gen,68,n=3,0,0,0,0,0,not enough far-background cells
far_additive_foreground_noise,arc-gen,69,n=1,1,1,0,0,0,
far_additive_foreground_noise,arc-gen,69,n=2,1,1,0,0,0,
far_additive_foreground_noise,arc-gen,69,n=3,1,1,0,0,0,
far_additive_foreground_noise,arc-gen,70,n=1,1,1,0,0,0,
far_additive_foreground_noise,arc-gen,70,n=2,0,0,0,0,0,not enough far-background cells
far_additive_foreground_noise,arc-gen,70,n=3,0,0,0,0,0,not enough far-background cells
far_additive_foreground_noise,arc-gen,71,n=1,1,0,64,0,64,
far_additive_foreground_noise,arc-gen,71,n=2,1,0,64,0,64,
far_additive_foreground_noise,arc-gen,71,n=3,1,0,64,0,64,
far_additive_foreground_noise,arc-gen,72,n=1,1,1,0,0,0,
far_additive_foreground_noise,arc-gen,72,n=2,1,1,0,0,0,
far_additive_foreground_noise,arc-gen,72,n=3,1,1,0,0,0,
far_additive_foreground_noise,arc-gen,73,n=1,1,1,0,0,0,
far_additive_foreground_noise,arc-gen,73,n=2,1,1,0,0,0,
far_additive_foreground_noise,arc-gen,73,n=3,1,1,0,0,0,
far_additive_foreground_noise,arc-gen,74,n=1,0,0,0,0,0,not enough far-background cells
far_additive_foreground_noise,arc-gen,74,n=2,0,0,0,0,0,not enough far-background cells
far_additive_foreground_noise,arc-gen,74,n=3,0,0,0,0,0,not enough far-background cells
far_additive_foreground_noise,arc-gen,75,n=1,1,1,0,0,0,
far_additive_foreground_noise,arc-gen,75,n=2,0,0,0,0,0,not enough far-background cells
far_additive_foreground_noise,arc-gen,75,n=3,0,0,0,0,0,not enough far-background cells
far_additive_foreground_noise,arc-gen,76,n=1,0,0,0,0,0,not enough far-background cells
far_additive_foreground_noise,arc-gen,76,n=2,0,0,0,0,0,not enough far-background cells
far_additive_foreground_noise,arc-gen,76,n=3,0,0,0,0,0,not enough far-background cells
far_additive_foreground_noise,arc-gen,77,n=1,0,0,0,0,0,not enough far-background cells
far_additive_foreground_noise,arc-gen,77,n=2,0,0,0,0,0,not enough far-background cells
far_additive_foreground_noise,arc-gen,77,n=3,0,0,0,0,0,not enough far-background cells
far_additive_foreground_noise,arc-gen,78,n=1,1,0,10,2,8,
far_additive_foreground_noise,arc-gen,78,n=2,1,0,10,2,8,
far_additive_foreground_noise,arc-gen,78,n=3,1,0,10,2,8,
far_additive_foreground_noise,arc-gen,79,n=1,1,1,0,0,0,
far_additive_foreground_noise,arc-gen,79,n=2,1,1,0,0,0,
far_additive_foreground_noise,arc-gen,79,n=3,1,1,0,0,0,
far_additive_foreground_noise,arc-gen,80,n=1,1,1,0,0,0,
far_additive_foreground_noise,arc-gen,80,n=2,1,1,0,0,0,
far_additive_foreground_noise,arc-gen,80,n=3,1,1,0,0,0,
far_additive_foreground_noise,arc-gen,81,n=1,1,0,48,0,48,
far_additive_foreground_noise,arc-gen,81,n=2,1,0,48,0,48,
far_additive_foreground_noise,arc-gen,81,n=3,1,0,48,0,48,
far_additive_foreground_noise,arc-gen,82,n=1,1,1,0,0,0,
far_additive_foreground_noise,arc-gen,82,n=2,1,1,0,0,0,
far_additive_foreground_noise,arc-gen,82,n=3,1,1,0,0,0,
far_additive_foreground_noise,arc-gen,83,n=1,1,0,72,0,72,
far_additive_foreground_noise,arc-gen,83,n=2,1,0,72,0,72,
far_additive_foreground_noise,arc-gen,83,n=3,0,0,0,0,0,not enough far-background cells
far_additive_foreground_noise,arc-gen,84,n=1,1,1,0,0,0,
far_additive_foreground_noise,arc-gen,84,n=2,1,1,0,0,0,
far_additive_foreground_noise,arc-gen,84,n=3,1,1,0,0,0,
far_additive_foreground_noise,arc-gen,85,n=1,1,1,0,0,0,
far_additive_foreground_noise,arc-gen,85,n=2,1,1,0,0,0,
far_additive_foreground_noise,arc-gen,85,n=3,1,1,0,0,0,
far_additive_foreground_noise,arc-gen,86,n=1,1,1,0,0,0,
far_additive_foreground_noise,arc-gen,86,n=2,1,1,0,0,0,
far_additive_foreground_noise,arc-gen,86,n=3,1,1,0,0,0,
far_additive_foreground_noise,arc-gen,87,n=1,1,1,0,0,0,
far_additive_foreground_noise,arc-gen,87,n=2,1,1,0,0,0,
far_additive_foreground_noise,arc-gen,87,n=3,1,1,0,0,0,
far_additive_foreground_noise,arc-gen,88,n=1,1,1,0,0,0,
far_additive_foreground_noise,arc-gen,88,n=2,1,1,0,0,0,
far_additive_foreground_noise,arc-gen,88,n=3,1,1,0,0,0,
far_additive_foreground_noise,arc-gen,89,n=1,1,1,0,0,0,
far_additive_foreground_noise,arc-gen,89,n=2,1,1,0,0,0,
far_additive_foreground_noise,arc-gen,89,n=3,1,1,0,0,0,
far_additive_foreground_noise,arc-gen,90,n=1,1,1,0,0,0,
far_additive_foreground_noise,arc-gen,90,n=2,1,1,0,0,0,
far_additive_foreground_noise,arc-gen,90,n=3,1,1,0,0,0,
far_additive_foreground_noise,arc-gen,91,n=1,1,1,0,0,0,
far_additive_foreground_noise,arc-gen,91,n=2,0,0,0,0,0,not enough far-background cells
far_additive_foreground_noise,arc-gen,91,n=3,0,0,0,0,0,not enough far-background cells
far_additive_foreground_noise,arc-gen,92,n=1,0,0,0,0,0,not enough far-background cells
far_additive_foreground_noise,arc-gen,92,n=2,0,0,0,0,0,not enough far-background cells
far_additive_foreground_noise,arc-gen,92,n=3,0,0,0,0,0,not enough far-background cells
far_additive_foreground_noise,arc-gen,93,n=1,1,1,0,0,0,
far_additive_foreground_noise,arc-gen,93,n=2,1,1,0,0,0,
far_additive_foreground_noise,arc-gen,93,n=3,1,1,0,0,0,
far_additive_foreground_noise,arc-gen,94,n=1,1,1,0,0,0,
far_additive_foreground_noise,arc-gen,94,n=2,1,1,0,0,0,
far_additive_foreground_noise,arc-gen,94,n=3,1,1,0,0,0,
far_additive_foreground_noise,arc-gen,95,n=1,1,1,0,0,0,
far_additive_foreground_noise,arc-gen,95,n=2,1,1,0,0,0,
far_additive_foreground_noise,arc-gen,95,n=3,1,1,0,0,0,
far_additive_foreground_noise,arc-gen,96,n=1,1,1,0,0,0,
far_additive_foreground_noise,arc-gen,96,n=2,1,1,0,0,0,
far_additive_foreground_noise,arc-gen,96,n=3,1,1,0,0,0,
far_additive_foreground_noise,arc-gen,97,n=1,1,1,0,0,0,
far_additive_foreground_noise,arc-gen,97,n=2,0,0,0,0,0,not enough far-background cells
far_additive_foreground_noise,arc-gen,97,n=3,0,0,0,0,0,not enough far-background cells
far_additive_foreground_noise,arc-gen,98,n=1,1,1,0,0,0,
far_additive_foreground_noise,arc-gen,98,n=2,1,1,0,0,0,
far_additive_foreground_noise,arc-gen,98,n=3,0,0,0,0,0,not enough far-background cells
far_additive_foreground_noise,arc-gen,99,n=1,1,1,0,0,0,
far_additive_foreground_noise,arc-gen,99,n=2,1,1,0,0,0,
far_additive_foreground_noise,arc-gen,99,n=3,1,1,0,0,0,
far_additive_foreground_noise,arc-gen,100,n=1,1,1,0,0,0,
far_additive_foreground_noise,arc-gen,100,n=2,1,1,0,0,0,
far_additive_foreground_noise,arc-gen,100,n=3,1,1,0,0,0,
far_additive_foreground_noise,arc-gen,101,n=1,1,1,0,0,0,
far_additive_foreground_noise,arc-gen,101,n=2,1,1,0,0,0,
far_additive_foreground_noise,arc-gen,101,n=3,1,1,0,0,0,
far_additive_foreground_noise,arc-gen,102,n=1,1,1,0,0,0,
far_additive_foreground_noise,arc-gen,102,n=2,1,1,0,0,0,
far_additive_foreground_noise,arc-gen,102,n=3,1,1,0,0,0,
far_additive_foreground_noise,arc-gen,103,n=1,1,0,16,0,16,
far_additive_foreground_noise,arc-gen,103,n=2,1,0,16,0,16,
far_additive_foreground_noise,arc-gen,103,n=3,0,0,0,0,0,not enough far-background cells
far_additive_foreground_noise,arc-gen,104,n=1,0,0,0,0,0,not enough far-background cells
far_additive_foreground_noise,arc-gen,104,n=2,0,0,0,0,0,not enough far-background cells
far_additive_foreground_noise,arc-gen,104,n=3,0,0,0,0,0,not enough far-background cells
far_additive_foreground_noise,arc-gen,105,n=1,1,1,0,0,0,
far_additive_foreground_noise,arc-gen,105,n=2,1,1,0,0,0,
far_additive_foreground_noise,arc-gen,105,n=3,1,1,0,0,0,
far_additive_foreground_noise,arc-gen,106,n=1,1,1,0,0,0,
far_additive_foreground_noise,arc-gen,106,n=2,1,1,0,0,0,
far_additive_foreground_noise,arc-gen,106,n=3,1,1,0,0,0,
far_additive_foreground_noise,arc-gen,107,n=1,1,1,0,0,0,
far_additive_foreground_noise,arc-gen,107,n=2,1,1,0,0,0,
far_additive_foreground_noise,arc-gen,107,n=3,1,1,0,0,0,
far_additive_foreground_noise,arc-gen,108,n=1,1,1,0,0,0,
far_additive_foreground_noise,arc-gen,108,n=2,1,1,0,0,0,
far_additive_foreground_noise,arc-gen,108,n=3,0,0,0,0,0,not enough far-background cells
far_additive_foreground_noise,arc-gen,109,n=1,1,1,0,0,0,
far_additive_foreground_noise,arc-gen,109,n=2,1,1,0,0,0,
far_additive_foreground_noise,arc-gen,109,n=3,1,1,0,0,0,
far_additive_foreground_noise,arc-gen,110,n=1,1,1,0,0,0,
far_additive_foreground_noise,arc-gen,110,n=2,1,1,0,0,0,
far_additive_foreground_noise,arc-gen,110,n=3,1,1,0,0,0,
far_additive_foreground_noise,arc-gen,111,n=1,1,1,0,0,0,
far_additive_foreground_noise,arc-gen,111,n=2,1,1,0,0,0,
far_additive_foreground_noise,arc-gen,111,n=3,0,0,0,0,0,not enough far-background cells
far_additive_foreground_noise,arc-gen,112,n=1,0,0,0,0,0,not enough far-background cells
far_additive_foreground_noise,arc-gen,112,n=2,0,0,0,0,0,not enough far-background cells
far_additive_foreground_noise,arc-gen,112,n=3,0,0,0,0,0,not enough far-background cells
far_additive_foreground_noise,arc-gen,113,n=1,1,0,18,0,18,
far_additive_foreground_noise,arc-gen,113,n=2,1,0,18,0,18,
far_additive_foreground_noise,arc-gen,113,n=3,1,0,18,0,18,
far_additive_foreground_noise,arc-gen,114,n=1,1,0,72,0,72,
far_additive_foreground_noise,arc-gen,114,n=2,1,0,72,0,72,
far_additive_foreground_noise,arc-gen,114,n=3,1,0,72,0,72,
far_additive_foreground_noise,arc-gen,115,n=1,1,1,0,0,0,
far_additive_foreground_noise,arc-gen,115,n=2,1,1,0,0,0,
far_additive_foreground_noise,arc-gen,115,n=3,1,1,0,0,0,
far_additive_foreground_noise,arc-gen,116,n=1,1,1,0,0,0,
far_additive_foreground_noise,arc-gen,116,n=2,1,1,0,0,0,
far_additive_foreground_noise,arc-gen,116,n=3,1,1,0,0,0,
far_additive_foreground_noise,arc-gen,117,n=1,1,1,0,0,0,
far_additive_foreground_noise,arc-gen,117,n=2,1,1,0,0,0,
far_additive_foreground_noise,arc-gen,117,n=3,1,1,0,0,0,
far_additive_foreground_noise,arc-gen,118,n=1,1,1,0,0,0,
far_additive_foreground_noise,arc-gen,118,n=2,1,1,0,0,0,
far_additive_foreground_noise,arc-gen,118,n=3,1,1,0,0,0,
far_additive_foreground_noise,arc-gen,119,n=1,1,1,0,0,0,
far_additive_foreground_noise,arc-gen,119,n=2,1,1,0,0,0,
far_additive_foreground_noise,arc-gen,119,n=3,0,0,0,0,0,not enough far-background cells
far_additive_foreground_noise,arc-gen,120,n=1,1,1,0,0,0,
far_additive_foreground_noise,arc-gen,120,n=2,1,1,0,0,0,
far_additive_foreground_noise,arc-gen,120,n=3,1,1,0,0,0,
far_additive_foreground_noise,arc-gen,121,n=1,1,1,0,0,0,
far_additive_foreground_noise,arc-gen,121,n=2,0,0,0,0,0,not enough far-background cells
far_additive_foreground_noise,arc-gen,121,n=3,0,0,0,0,0,not enough far-background cells
far_additive_foreground_noise,arc-gen,122,n=1,1,0,116,0,116,
far_additive_foreground_noise,arc-gen,122,n=2,1,0,116,0,116,
far_additive_foreground_noise,arc-gen,122,n=3,1,0,116,0,116,
far_additive_foreground_noise,arc-gen,123,n=1,1,1,0,0,0,
far_additive_foreground_noise,arc-gen,123,n=2,1,1,0,0,0,
far_additive_foreground_noise,arc-gen,123,n=3,1,1,0,0,0,
far_additive_foreground_noise,arc-gen,124,n=1,1,1,0,0,0,
far_additive_foreground_noise,arc-gen,124,n=2,1,1,0,0,0,
far_additive_foreground_noise,arc-gen,124,n=3,1,1,0,0,0,
far_additive_foreground_noise,arc-gen,125,n=1,1,0,24,0,24,
far_additive_foreground_noise,arc-gen,125,n=2,1,0,24,0,24,
far_additive_foreground_noise,arc-gen,125,n=3,0,0,0,0,0,not enough far-background cells
far_additive_foreground_noise,arc-gen,126,n=1,1,1,0,0,0,
far_additive_foreground_noise,arc-gen,126,n=2,1,1,0,0,0,
far_additive_foreground_noise,arc-gen,126,n=3,1,1,0,0,0,
far_additive_foreground_noise,arc-gen,127,n=1,1,0,48,0,48,
far_additive_foreground_noise,arc-gen,127,n=2,1,0,48,0,48,
far_additive_foreground_noise,arc-gen,127,n=3,1,0,48,0,48,
far_additive_foreground_noise,arc-gen,128,n=1,1,1,0,0,0,
far_additive_foreground_noise,arc-gen,128,n=2,0,0,0,0,0,not enough far-background cells
far_additive_foreground_noise,arc-gen,128,n=3,0,0,0,0,0,not enough far-background cells
far_additive_foreground_noise,arc-gen,129,n=1,1,1,0,0,0,
far_additive_foreground_noise,arc-gen,129,n=2,1,1,0,0,0,
far_additive_foreground_noise,arc-gen,129,n=3,0,0,0,0,0,not enough far-background cells
far_additive_foreground_noise,arc-gen,130,n=1,1,0,142,0,142,
far_additive_foreground_noise,arc-gen,130,n=2,1,0,142,0,142,
far_additive_foreground_noise,arc-gen,130,n=3,1,0,142,0,142,
far_additive_foreground_noise,arc-gen,131,n=1,1,0,72,0,72,
far_additive_foreground_noise,arc-gen,131,n=2,0,0,0,0,0,not enough far-background cells
far_additive_foreground_noise,arc-gen,131,n=3,0,0,0,0,0,not enough far-background cells
far_additive_foreground_noise,arc-gen,132,n=1,1,1,0,0,0,
far_additive_foreground_noise,arc-gen,132,n=2,0,0,0,0,0,not enough far-background cells
far_additive_foreground_noise,arc-gen,132,n=3,0,0,0,0,0,not enough far-background cells
far_additive_foreground_noise,arc-gen,133,n=1,1,1,0,0,0,
far_additive_foreground_noise,arc-gen,133,n=2,1,1,0,0,0,
far_additive_foreground_noise,arc-gen,133,n=3,1,1,0,0,0,
far_additive_foreground_noise,arc-gen,134,n=1,1,1,0,0,0,
far_additive_foreground_noise,arc-gen,134,n=2,1,1,0,0,0,
far_additive_foreground_noise,arc-gen,134,n=3,1,1,0,0,0,
far_additive_foreground_noise,arc-gen,135,n=1,1,1,0,0,0,
far_additive_foreground_noise,arc-gen,135,n=2,1,1,0,0,0,
far_additive_foreground_noise,arc-gen,135,n=3,0,0,0,0,0,not enough far-background cells
far_additive_foreground_noise,arc-gen,136,n=1,1,1,0,0,0,
far_additive_foreground_noise,arc-gen,136,n=2,1,1,0,0,0,
far_additive_foreground_noise,arc-gen,136,n=3,1,1,0,0,0,
far_additive_foreground_noise,arc-gen,137,n=1,1,0,21,0,21,
far_additive_foreground_noise,arc-gen,137,n=2,1,0,21,0,21,
far_additive_foreground_noise,arc-gen,137,n=3,1,0,21,0,21,
far_additive_foreground_noise,arc-gen,138,n=1,0,0,0,0,0,not enough far-background cells
far_additive_foreground_noise,arc-gen,138,n=2,0,0,0,0,0,not enough far-background cells
far_additive_foreground_noise,arc-gen,138,n=3,0,0,0,0,0,not enough far-background cells
far_additive_foreground_noise,arc-gen,139,n=1,0,0,0,0,0,not enough far-background cells
far_additive_foreground_noise,arc-gen,139,n=2,0,0,0,0,0,not enough far-background cells
far_additive_foreground_noise,arc-gen,139,n=3,0,0,0,0,0,not enough far-background cells
far_additive_foreground_noise,arc-gen,140,n=1,1,1,0,0,0,
far_additive_foreground_noise,arc-gen,140,n=2,0,0,0,0,0,not enough far-background cells
far_additive_foreground_noise,arc-gen,140,n=3,0,0,0,0,0,not enough far-background cells
far_additive_foreground_noise,arc-gen,141,n=1,1,0,27,0,27,
far_additive_foreground_noise,arc-gen,141,n=2,1,0,27,0,27,
far_additive_foreground_noise,arc-gen,141,n=3,0,0,0,0,0,not enough far-background cells
far_additive_foreground_noise,arc-gen,142,n=1,1,1,0,0,0,
far_additive_foreground_noise,arc-gen,142,n=2,1,1,0,0,0,
far_additive_foreground_noise,arc-gen,142,n=3,0,0,0,0,0,not enough far-background cells
far_additive_foreground_noise,arc-gen,143,n=1,1,1,0,0,0,
far_additive_foreground_noise,arc-gen,143,n=2,1,1,0,0,0,
far_additive_foreground_noise,arc-gen,143,n=3,0,0,0,0,0,not enough far-background cells
far_additive_foreground_noise,arc-gen,144,n=1,1,1,0,0,0,
far_additive_foreground_noise,arc-gen,144,n=2,1,1,0,0,0,
far_additive_foreground_noise,arc-gen,144,n=3,1,1,0,0,0,
far_additive_foreground_noise,arc-gen,145,n=1,1,1,0,0,0,
far_additive_foreground_noise,arc-gen,145,n=2,1,1,0,0,0,
far_additive_foreground_noise,arc-gen,145,n=3,0,0,0,0,0,not enough far-background cells
far_additive_foreground_noise,arc-gen,146,n=1,1,1,0,0,0,
far_additive_foreground_noise,arc-gen,146,n=2,1,1,0,0,0,
far_additive_foreground_noise,arc-gen,146,n=3,1,1,0,0,0,
far_additive_foreground_noise,arc-gen,147,n=1,1,1,0,0,0,
far_additive_foreground_noise,arc-gen,147,n=2,1,1,0,0,0,
far_additive_foreground_noise,arc-gen,147,n=3,1,1,0,0,0,
far_additive_foreground_noise,arc-gen,148,n=1,1,1,0,0,0,
far_additive_foreground_noise,arc-gen,148,n=2,1,1,0,0,0,
far_additive_foreground_noise,arc-gen,148,n=3,1,1,0,0,0,
far_additive_foreground_noise,arc-gen,149,n=1,1,1,0,0,0,
far_additive_foreground_noise,arc-gen,149,n=2,1,1,0,0,0,
far_additive_foreground_noise,arc-gen,149,n=3,1,1,0,0,0,
far_additive_foreground_noise,arc-gen,150,n=1,1,1,0,0,0,
far_additive_foreground_noise,arc-gen,150,n=2,1,1,0,0,0,
far_additive_foreground_noise,arc-gen,150,n=3,1,1,0,0,0,
far_additive_foreground_noise,arc-gen,151,n=1,1,1,0,0,0,
far_additive_foreground_noise,arc-gen,151,n=2,1,1,0,0,0,
far_additive_foreground_noise,arc-gen,151,n=3,1,1,0,0,0,
far_additive_foreground_noise,arc-gen,152,n=1,1,1,0,0,0,
far_additive_foreground_noise,arc-gen,152,n=2,0,0,0,0,0,not enough far-background cells
far_additive_foreground_noise,arc-gen,152,n=3,0,0,0,0,0,not enough far-background cells
far_additive_foreground_noise,arc-gen,153,n=1,1,1,0,0,0,
far_additive_foreground_noise,arc-gen,153,n=2,1,1,0,0,0,
far_additive_foreground_noise,arc-gen,153,n=3,0,0,0,0,0,not enough far-background cells
far_additive_foreground_noise,arc-gen,154,n=1,1,1,0,0,0,
far_additive_foreground_noise,arc-gen,154,n=2,1,1,0,0,0,
far_additive_foreground_noise,arc-gen,154,n=3,1,1,0,0,0,
far_additive_foreground_noise,arc-gen,155,n=1,1,1,0,0,0,
far_additive_foreground_noise,arc-gen,155,n=2,1,1,0,0,0,
far_additive_foreground_noise,arc-gen,155,n=3,1,1,0,0,0,
far_additive_foreground_noise,arc-gen,156,n=1,1,1,0,0,0,
far_additive_foreground_noise,arc-gen,156,n=2,1,1,0,0,0,
far_additive_foreground_noise,arc-gen,156,n=3,0,0,0,0,0,not enough far-background cells
far_additive_foreground_noise,arc-gen,157,n=1,1,0,54,0,54,
far_additive_foreground_noise,arc-gen,157,n=2,1,0,54,0,54,
far_additive_foreground_noise,arc-gen,157,n=3,1,0,54,0,54,
far_additive_foreground_noise,arc-gen,158,n=1,1,0,24,0,24,
far_additive_foreground_noise,arc-gen,158,n=2,1,0,24,0,24,
far_additive_foreground_noise,arc-gen,158,n=3,1,0,24,0,24,
far_additive_foreground_noise,arc-gen,159,n=1,1,1,0,0,0,
far_additive_foreground_noise,arc-gen,159,n=2,0,0,0,0,0,not enough far-background cells
far_additive_foreground_noise,arc-gen,159,n=3,0,0,0,0,0,not enough far-background cells
far_additive_foreground_noise,arc-gen,160,n=1,1,1,0,0,0,
far_additive_foreground_noise,arc-gen,160,n=2,1,1,0,0,0,
far_additive_foreground_noise,arc-gen,160,n=3,0,0,0,0,0,not enough far-background cells
far_additive_foreground_noise,arc-gen,161,n=1,1,1,0,0,0,
far_additive_foreground_noise,arc-gen,161,n=2,1,1,0,0,0,
far_additive_foreground_noise,arc-gen,161,n=3,1,1,0,0,0,
far_additive_foreground_noise,arc-gen,162,n=1,1,1,0,0,0,
far_additive_foreground_noise,arc-gen,162,n=2,1,1,0,0,0,
far_additive_foreground_noise,arc-gen,162,n=3,1,1,0,0,0,
far_additive_foreground_noise,arc-gen,163,n=1,1,0,16,0,16,
far_additive_foreground_noise,arc-gen,163,n=2,1,0,16,0,16,
far_additive_foreground_noise,arc-gen,163,n=3,0,0,0,0,0,not enough far-background cells
far_additive_foreground_noise,arc-gen,164,n=1,1,1,0,0,0,
far_additive_foreground_noise,arc-gen,164,n=2,1,1,0,0,0,
far_additive_foreground_noise,arc-gen,164,n=3,1,1,0,0,0,
far_additive_foreground_noise,arc-gen,165,n=1,1,0,49,0,49,
far_additive_foreground_noise,arc-gen,165,n=2,0,0,0,0,0,not enough far-background cells
far_additive_foreground_noise,arc-gen,165,n=3,0,0,0,0,0,not enough far-background cells
far_additive_foreground_noise,arc-gen,166,n=1,1,1,0,0,0,
far_additive_foreground_noise,arc-gen,166,n=2,0,0,0,0,0,not enough far-background cells
far_additive_foreground_noise,arc-gen,166,n=3,0,0,0,0,0,not enough far-background cells
far_additive_foreground_noise,arc-gen,167,n=1,1,1,0,0,0,
far_additive_foreground_noise,arc-gen,167,n=2,1,1,0,0,0,
far_additive_foreground_noise,arc-gen,167,n=3,0,0,0,0,0,not enough far-background cells
far_additive_foreground_noise,arc-gen,168,n=1,1,1,0,0,0,
far_additive_foreground_noise,arc-gen,168,n=2,0,0,0,0,0,not enough far-background cells
far_additive_foreground_noise,arc-gen,168,n=3,0,0,0,0,0,not enough far-background cells
far_additive_foreground_noise,arc-gen,169,n=1,0,0,0,0,0,not enough far-background cells
far_additive_foreground_noise,arc-gen,169,n=2,0,0,0,0,0,not enough far-background cells
far_additive_foreground_noise,arc-gen,169,n=3,0,0,0,0,0,not enough far-background cells
far_additive_foreground_noise,arc-gen,170,n=1,1,1,0,0,0,
far_additive_foreground_noise,arc-gen,170,n=2,1,1,0,0,0,
far_additive_foreground_noise,arc-gen,170,n=3,1,1,0,0,0,
far_additive_foreground_noise,arc-gen,171,n=1,1,1,0,0,0,
far_additive_foreground_noise,arc-gen,171,n=2,0,0,0,0,0,not enough far-background cells
far_additive_foreground_noise,arc-gen,171,n=3,0,0,0,0,0,not enough far-background cells
far_additive_foreground_noise,arc-gen,172,n=1,1,1,0,0,0,
far_additive_foreground_noise,arc-gen,172,n=2,1,1,0,0,0,
far_additive_foreground_noise,arc-gen,172,n=3,1,1,0,0,0,
far_additive_foreground_noise,arc-gen,173,n=1,1,0,50,2,48,
far_additive_foreground_noise,arc-gen,173,n=2,1,0,50,2,48,
far_additive_foreground_noise,arc-gen,173,n=3,1,0,50,2,48,
far_additive_foreground_noise,arc-gen,174,n=1,1,0,2,2,0,
far_additive_foreground_noise,arc-gen,174,n=2,1,0,2,2,0,
far_additive_foreground_noise,arc-gen,174,n=3,1,0,2,2,0,
far_additive_foreground_noise,arc-gen,175,n=1,1,1,0,0,0,
far_additive_foreground_noise,arc-gen,175,n=2,1,1,0,0,0,
far_additive_foreground_noise,arc-gen,175,n=3,1,1,0,0,0,
far_additive_foreground_noise,arc-gen,176,n=1,1,1,0,0,0,
far_additive_foreground_noise,arc-gen,176,n=2,1,1,0,0,0,
far_additive_foreground_noise,arc-gen,176,n=3,1,1,0,0,0,
far_additive_foreground_noise,arc-gen,177,n=1,1,0,90,0,90,
far_additive_foreground_noise,arc-gen,177,n=2,0,0,0,0,0,not enough far-background cells
far_additive_foreground_noise,arc-gen,177,n=3,0,0,0,0,0,not enough far-background cells
far_additive_foreground_noise,arc-gen,178,n=1,1,1,0,0,0,
far_additive_foreground_noise,arc-gen,178,n=2,1,1,0,0,0,
far_additive_foreground_noise,arc-gen,178,n=3,0,0,0,0,0,not enough far-background cells
far_additive_foreground_noise,arc-gen,179,n=1,1,1,0,0,0,
far_additive_foreground_noise,arc-gen,179,n=2,0,0,0,0,0,not enough far-background cells
far_additive_foreground_noise,arc-gen,179,n=3,0,0,0,0,0,not enough far-background cells
far_additive_foreground_noise,arc-gen,180,n=1,0,0,0,0,0,not enough far-background cells
far_additive_foreground_noise,arc-gen,180,n=2,0,0,0,0,0,not enough far-background cells
far_additive_foreground_noise,arc-gen,180,n=3,0,0,0,0,0,not enough far-background cells
far_additive_foreground_noise,arc-gen,181,n=1,0,0,0,0,0,not enough far-background cells
far_additive_foreground_noise,arc-gen,181,n=2,0,0,0,0,0,not enough far-background cells
far_additive_foreground_noise,arc-gen,181,n=3,0,0,0,0,0,not enough far-background cells
far_additive_foreground_noise,arc-gen,182,n=1,1,1,0,0,0,
far_additive_foreground_noise,arc-gen,182,n=2,1,1,0,0,0,
far_additive_foreground_noise,arc-gen,182,n=3,1,1,0,0,0,
far_additive_foreground_noise,arc-gen,183,n=1,1,0,24,0,24,
far_additive_foreground_noise,arc-gen,183,n=2,1,0,24,0,24,
far_additive_foreground_noise,arc-gen,183,n=3,1,0,24,0,24,
far_additive_foreground_noise,arc-gen,184,n=1,1,1,0,0,0,
far_additive_foreground_noise,arc-gen,184,n=2,1,1,0,0,0,
far_additive_foreground_noise,arc-gen,184,n=3,1,1,0,0,0,
far_additive_foreground_noise,arc-gen,185,n=1,1,1,0,0,0,
far_additive_foreground_noise,arc-gen,185,n=2,1,1,0,0,0,
far_additive_foreground_noise,arc-gen,185,n=3,1,1,0,0,0,
far_additive_foreground_noise,arc-gen,186,n=1,1,1,0,0,0,
far_additive_foreground_noise,arc-gen,186,n=2,1,1,0,0,0,
far_additive_foreground_noise,arc-gen,186,n=3,1,1,0,0,0,
far_additive_foreground_noise,arc-gen,187,n=1,1,0,56,0,56,
far_additive_foreground_noise,arc-gen,187,n=2,1,0,56,0,56,
far_additive_foreground_noise,arc-gen,187,n=3,1,0,56,0,56,
far_additive_foreground_noise,arc-gen,188,n=1,1,1,0,0,0,
far_additive_foreground_noise,arc-gen,188,n=2,1,1,0,0,0,
far_additive_foreground_noise,arc-gen,188,n=3,1,1,0,0,0,
far_additive_foreground_noise,arc-gen,189,n=1,1,0,35,0,35,
far_additive_foreground_noise,arc-gen,189,n=2,1,0,35,0,35,
far_additive_foreground_noise,arc-gen,189,n=3,0,0,0,0,0,not enough far-background cells
far_additive_foreground_noise,arc-gen,190,n=1,1,1,0,0,0,
far_additive_foreground_noise,arc-gen,190,n=2,1,1,0,0,0,
far_additive_foreground_noise,arc-gen,190,n=3,1,1,0,0,0,
far_additive_foreground_noise,arc-gen,191,n=1,1,1,0,0,0,
far_additive_foreground_noise,arc-gen,191,n=2,0,0,0,0,0,not enough far-background cells
far_additive_foreground_noise,arc-gen,191,n=3,0,0,0,0,0,not enough far-background cells
far_additive_foreground_noise,arc-gen,192,n=1,0,0,0,0,0,not enough far-background cells
far_additive_foreground_noise,arc-gen,192,n=2,0,0,0,0,0,not enough far-background cells
far_additive_foreground_noise,arc-gen,192,n=3,0,0,0,0,0,not enough far-background cells
far_additive_foreground_noise,arc-gen,193,n=1,1,1,0,0,0,
far_additive_foreground_noise,arc-gen,193,n=2,0,0,0,0,0,not enough far-background cells
far_additive_foreground_noise,arc-gen,193,n=3,0,0,0,0,0,not enough far-background cells
far_additive_foreground_noise,arc-gen,194,n=1,1,1,0,0,0,
far_additive_foreground_noise,arc-gen,194,n=2,1,1,0,0,0,
far_additive_foreground_noise,arc-gen,194,n=3,0,0,0,0,0,not enough far-background cells
far_additive_foreground_noise,arc-gen,195,n=1,1,1,0,0,0,
far_additive_foreground_noise,arc-gen,195,n=2,1,1,0,0,0,
far_additive_foreground_noise,arc-gen,195,n=3,1,1,0,0,0,
far_additive_foreground_noise,arc-gen,196,n=1,0,0,0,0,0,not enough far-background cells
far_additive_foreground_noise,arc-gen,196,n=2,0,0,0,0,0,not enough far-background cells
far_additive_foreground_noise,arc-gen,196,n=3,0,0,0,0,0,not enough far-background cells
far_additive_foreground_noise,arc-gen,197,n=1,1,0,15,0,15,
far_additive_foreground_noise,arc-gen,197,n=2,1,0,15,0,15,
far_additive_foreground_noise,arc-gen,197,n=3,1,0,15,0,15,
far_additive_foreground_noise,arc-gen,198,n=1,1,1,0,0,0,
far_additive_foreground_noise,arc-gen,198,n=2,1,1,0,0,0,
far_additive_foreground_noise,arc-gen,198,n=3,0,0,0,0,0,not enough far-background cells
far_additive_foreground_noise,arc-gen,199,n=1,0,0,0,0,0,not enough far-background cells
far_additive_foreground_noise,arc-gen,199,n=2,0,0,0,0,0,not enough far-background cells
far_additive_foreground_noise,arc-gen,199,n=3,0,0,0,0,0,not enough far-background cells
far_additive_foreground_noise,arc-gen,200,n=1,1,0,48,0,48,
far_additive_foreground_noise,arc-gen,200,n=2,1,0,48,0,48,
far_additive_foreground_noise,arc-gen,200,n=3,1,0,48,0,48,
far_additive_foreground_noise,arc-gen,201,n=1,1,1,0,0,0,
far_additive_foreground_noise,arc-gen,201,n=2,1,1,0,0,0,
far_additive_foreground_noise,arc-gen,201,n=3,1,1,0,0,0,
far_additive_foreground_noise,arc-gen,202,n=1,1,1,0,0,0,
far_additive_foreground_noise,arc-gen,202,n=2,0,0,0,0,0,not enough far-background cells
far_additive_foreground_noise,arc-gen,202,n=3,0,0,0,0,0,not enough far-background cells
far_additive_foreground_noise,arc-gen,203,n=1,1,1,0,0,0,
far_additive_foreground_noise,arc-gen,203,n=2,1,1,0,0,0,
far_additive_foreground_noise,arc-gen,203,n=3,1,1,0,0,0,
far_additive_foreground_noise,arc-gen,204,n=1,1,1,0,0,0,
far_additive_foreground_noise,arc-gen,204,n=2,0,0,0,0,0,not enough far-background cells
far_additive_foreground_noise,arc-gen,204,n=3,0,0,0,0,0,not enough far-background cells
far_additive_foreground_noise,arc-gen,205,n=1,1,1,0,0,0,
far_additive_foreground_noise,arc-gen,205,n=2,1,1,0,0,0,
far_additive_foreground_noise,arc-gen,205,n=3,0,0,0,0,0,not enough far-background cells
far_additive_foreground_noise,arc-gen,206,n=1,1,1,0,0,0,
far_additive_foreground_noise,arc-gen,206,n=2,1,1,0,0,0,
far_additive_foreground_noise,arc-gen,206,n=3,1,1,0,0,0,
far_additive_foreground_noise,arc-gen,207,n=1,1,0,2,2,0,
far_additive_foreground_noise,arc-gen,207,n=2,1,0,2,2,0,
far_additive_foreground_noise,arc-gen,207,n=3,1,0,2,2,0,
far_additive_foreground_noise,arc-gen,208,n=1,1,1,0,0,0,
far_additive_foreground_noise,arc-gen,208,n=2,1,1,0,0,0,
far_additive_foreground_noise,arc-gen,208,n=3,1,1,0,0,0,
far_additive_foreground_noise,arc-gen,209,n=1,1,1,0,0,0,
far_additive_foreground_noise,arc-gen,209,n=2,0,0,0,0,0,not enough far-background cells
far_additive_foreground_noise,arc-gen,209,n=3,0,0,0,0,0,not enough far-background cells
far_additive_foreground_noise,arc-gen,210,n=1,1,1,0,0,0,
far_additive_foreground_noise,arc-gen,210,n=2,1,1,0,0,0,
far_additive_foreground_noise,arc-gen,210,n=3,1,1,0,0,0,
far_additive_foreground_noise,arc-gen,211,n=1,1,1,0,0,0,
far_additive_foreground_noise,arc-gen,211,n=2,1,1,0,0,0,
far_additive_foreground_noise,arc-gen,211,n=3,1,1,0,0,0,
far_additive_foreground_noise,arc-gen,212,n=1,0,0,0,0,0,not enough far-background cells
far_additive_foreground_noise,arc-gen,212,n=2,0,0,0,0,0,not enough far-background cells
far_additive_foreground_noise,arc-gen,212,n=3,0,0,0,0,0,not enough far-background cells
far_additive_foreground_noise,arc-gen,213,n=1,1,1,0,0,0,
far_additive_foreground_noise,arc-gen,213,n=2,1,1,0,0,0,
far_additive_foreground_noise,arc-gen,213,n=3,1,1,0,0,0,
far_additive_foreground_noise,arc-gen,214,n=1,1,1,0,0,0,
far_additive_foreground_noise,arc-gen,214,n=2,1,1,0,0,0,
far_additive_foreground_noise,arc-gen,214,n=3,1,1,0,0,0,
far_additive_foreground_noise,arc-gen,215,n=1,1,1,0,0,0,
far_additive_foreground_noise,arc-gen,215,n=2,1,1,0,0,0,
far_additive_foreground_noise,arc-gen,215,n=3,0,0,0,0,0,not enough far-background cells
far_additive_foreground_noise,arc-gen,216,n=1,1,1,0,0,0,
far_additive_foreground_noise,arc-gen,216,n=2,1,1,0,0,0,
far_additive_foreground_noise,arc-gen,216,n=3,0,0,0,0,0,not enough far-background cells
far_additive_foreground_noise,arc-gen,217,n=1,1,1,0,0,0,
far_additive_foreground_noise,arc-gen,217,n=2,1,1,0,0,0,
far_additive_foreground_noise,arc-gen,217,n=3,0,0,0,0,0,not enough far-background cells
far_additive_foreground_noise,arc-gen,218,n=1,0,0,0,0,0,not enough far-background cells
far_additive_foreground_noise,arc-gen,218,n=2,0,0,0,0,0,not enough far-background cells
far_additive_foreground_noise,arc-gen,218,n=3,0,0,0,0,0,not enough far-background cells
far_additive_foreground_noise,arc-gen,219,n=1,1,1,0,0,0,
far_additive_foreground_noise,arc-gen,219,n=2,1,1,0,0,0,
far_additive_foreground_noise,arc-gen,219,n=3,1,1,0,0,0,
far_additive_foreground_noise,arc-gen,220,n=1,1,1,0,0,0,
far_additive_foreground_noise,arc-gen,220,n=2,1,1,0,0,0,
far_additive_foreground_noise,arc-gen,220,n=3,1,1,0,0,0,
far_additive_foreground_noise,arc-gen,221,n=1,1,1,0,0,0,
far_additive_foreground_noise,arc-gen,221,n=2,0,0,0,0,0,not enough far-background cells
far_additive_foreground_noise,arc-gen,221,n=3,0,0,0,0,0,not enough far-background cells
far_additive_foreground_noise,arc-gen,222,n=1,1,1,0,0,0,
far_additive_foreground_noise,arc-gen,222,n=2,1,1,0,0,0,
far_additive_foreground_noise,arc-gen,222,n=3,0,0,0,0,0,not enough far-background cells
far_additive_foreground_noise,arc-gen,223,n=1,1,0,14,0,14,
far_additive_foreground_noise,arc-gen,223,n=2,1,0,14,0,14,
far_additive_foreground_noise,arc-gen,223,n=3,1,0,14,0,14,
far_additive_foreground_noise,arc-gen,224,n=1,1,0,108,0,108,
far_additive_foreground_noise,arc-gen,224,n=2,1,0,108,0,108,
far_additive_foreground_noise,arc-gen,224,n=3,1,0,108,0,108,
far_additive_foreground_noise,arc-gen,225,n=1,1,1,0,0,0,
far_additive_foreground_noise,arc-gen,225,n=2,1,1,0,0,0,
far_additive_foreground_noise,arc-gen,225,n=3,1,1,0,0,0,
far_additive_foreground_noise,arc-gen,226,n=1,1,1,0,0,0,
far_additive_foreground_noise,arc-gen,226,n=2,1,1,0,0,0,
far_additive_foreground_noise,arc-gen,226,n=3,1,1,0,0,0,
far_additive_foreground_noise,arc-gen,227,n=1,1,1,0,0,0,
far_additive_foreground_noise,arc-gen,227,n=2,1,1,0,0,0,
far_additive_foreground_noise,arc-gen,227,n=3,1,1,0,0,0,
far_additive_foreground_noise,arc-gen,228,n=1,1,1,0,0,0,
far_additive_foreground_noise,arc-gen,228,n=2,1,1,0,0,0,
far_additive_foreground_noise,arc-gen,228,n=3,0,0,0,0,0,not enough far-background cells
far_additive_foreground_noise,arc-gen,229,n=1,1,0,12,0,12,
far_additive_foreground_noise,arc-gen,229,n=2,1,0,12,0,12,
far_additive_foreground_noise,arc-gen,229,n=3,1,0,12,0,12,
far_additive_foreground_noise,arc-gen,230,n=1,1,1,0,0,0,
far_additive_foreground_noise,arc-gen,230,n=2,1,1,0,0,0,
far_additive_foreground_noise,arc-gen,230,n=3,1,1,0,0,0,
far_additive_foreground_noise,arc-gen,231,n=1,1,0,21,0,21,
far_additive_foreground_noise,arc-gen,231,n=2,1,0,21,0,21,
far_additive_foreground_noise,arc-gen,231,n=3,1,0,21,0,21,
far_additive_foreground_noise,arc-gen,232,n=1,1,1,0,0,0,
far_additive_foreground_noise,arc-gen,232,n=2,1,1,0,0,0,
far_additive_foreground_noise,arc-gen,232,n=3,1,1,0,0,0,
far_additive_foreground_noise,arc-gen,233,n=1,0,0,0,0,0,not enough far-background cells
far_additive_foreground_noise,arc-gen,233,n=2,0,0,0,0,0,not enough far-background cells
far_additive_foreground_noise,arc-gen,233,n=3,0,0,0,0,0,not enough far-background cells
far_additive_foreground_noise,arc-gen,234,n=1,1,1,0,0,0,
far_additive_foreground_noise,arc-gen,234,n=2,1,1,0,0,0,
far_additive_foreground_noise,arc-gen,234,n=3,1,1,0,0,0,
far_additive_foreground_noise,arc-gen,235,n=1,1,1,0,0,0,
far_additive_foreground_noise,arc-gen,235,n=2,0,0,0,0,0,not enough far-background cells
far_additive_foreground_noise,arc-gen,235,n=3,0,0,0,0,0,not enough far-background cells
far_additive_foreground_noise,arc-gen,236,n=1,0,0,0,0,0,not enough far-background cells
far_additive_foreground_noise,arc-gen,236,n=2,0,0,0,0,0,not enough far-background cells
far_additive_foreground_noise,arc-gen,236,n=3,0,0,0,0,0,not enough far-background cells
far_additive_foreground_noise,arc-gen,237,n=1,1,0,72,0,72,
far_additive_foreground_noise,arc-gen,237,n=2,1,0,72,0,72,
far_additive_foreground_noise,arc-gen,237,n=3,1,0,72,0,72,
far_additive_foreground_noise,arc-gen,238,n=1,1,0,38,2,36,
far_additive_foreground_noise,arc-gen,238,n=2,1,0,38,2,36,
far_additive_foreground_noise,arc-gen,238,n=3,1,0,38,2,36,
far_additive_foreground_noise,arc-gen,239,n=1,0,0,0,0,0,not enough far-background cells
far_additive_foreground_noise,arc-gen,239,n=2,0,0,0,0,0,not enough far-background cells
far_additive_foreground_noise,arc-gen,239,n=3,0,0,0,0,0,not enough far-background cells
far_additive_foreground_noise,arc-gen,240,n=1,0,0,0,0,0,not enough far-background cells
far_additive_foreground_noise,arc-gen,240,n=2,0,0,0,0,0,not enough far-background cells
far_additive_foreground_noise,arc-gen,240,n=3,0,0,0,0,0,not enough far-background cells
far_additive_foreground_noise,arc-gen,241,n=1,1,1,0,0,0,
far_additive_foreground_noise,arc-gen,241,n=2,1,1,0,0,0,
far_additive_foreground_noise,arc-gen,241,n=3,1,1,0,0,0,
far_additive_foreground_noise,arc-gen,242,n=1,1,0,72,0,72,
far_additive_foreground_noise,arc-gen,242,n=2,1,0,72,0,72,
far_additive_foreground_noise,arc-gen,242,n=3,0,0,0,0,0,not enough far-background cells
far_additive_foreground_noise,arc-gen,243,n=1,1,1,0,0,0,
far_additive_foreground_noise,arc-gen,243,n=2,1,1,0,0,0,
far_additive_foreground_noise,arc-gen,243,n=3,1,1,0,0,0,
far_additive_foreground_noise,arc-gen,244,n=1,1,0,12,0,12,
far_additive_foreground_noise,arc-gen,244,n=2,1,0,12,0,12,
far_additive_foreground_noise,arc-gen,244,n=3,1,0,12,0,12,
far_additive_foreground_noise,arc-gen,245,n=1,1,0,2,2,0,
far_additive_foreground_noise,arc-gen,245,n=2,1,0,2,2,0,
far_additive_foreground_noise,arc-gen,245,n=3,1,1,0,0,0,
far_additive_foreground_noise,arc-gen,246,n=1,1,0,110,0,110,
far_additive_foreground_noise,arc-gen,246,n=2,1,0,110,0,110,
far_additive_foreground_noise,arc-gen,246,n=3,1,0,110,0,110,
far_additive_foreground_noise,arc-gen,247,n=1,1,1,0,0,0,
far_additive_foreground_noise,arc-gen,247,n=2,1,1,0,0,0,
far_additive_foreground_noise,arc-gen,247,n=3,1,1,0,0,0,
far_additive_foreground_noise,arc-gen,248,n=1,1,1,0,0,0,
far_additive_foreground_noise,arc-gen,248,n=2,1,1,0,0,0,
far_additive_foreground_noise,arc-gen,248,n=3,0,0,0,0,0,not enough far-background cells
far_additive_foreground_noise,arc-gen,249,n=1,1,1,0,0,0,
far_additive_foreground_noise,arc-gen,249,n=2,1,1,0,0,0,
far_additive_foreground_noise,arc-gen,249,n=3,1,1,0,0,0,
far_additive_foreground_noise,arc-gen,250,n=1,1,1,0,0,0,
far_additive_foreground_noise,arc-gen,250,n=2,1,1,0,0,0,
far_additive_foreground_noise,arc-gen,250,n=3,1,1,0,0,0,
far_additive_foreground_noise,arc-gen,251,n=1,0,0,0,0,0,not enough far-background cells
far_additive_foreground_noise,arc-gen,251,n=2,0,0,0,0,0,not enough far-background cells
far_additive_foreground_noise,arc-gen,251,n=3,0,0,0,0,0,not enough far-background cells
far_additive_foreground_noise,arc-gen,252,n=1,1,1,0,0,0,
far_additive_foreground_noise,arc-gen,252,n=2,1,1,0,0,0,
far_additive_foreground_noise,arc-gen,252,n=3,1,1,0,0,0,
far_additive_foreground_noise,arc-gen,253,n=1,1,1,0,0,0,
far_additive_foreground_noise,arc-gen,253,n=2,1,1,0,0,0,
far_additive_foreground_noise,arc-gen,253,n=3,1,1,0,0,0,
far_additive_foreground_noise,arc-gen,254,n=1,1,1,0,0,0,
far_additive_foreground_noise,arc-gen,254,n=2,1,1,0,0,0,
far_additive_foreground_noise,arc-gen,254,n=3,1,1,0,0,0,
far_additive_foreground_noise,arc-gen,255,n=1,1,1,0,0,0,
far_additive_foreground_noise,arc-gen,255,n=2,1,1,0,0,0,
far_additive_foreground_noise,arc-gen,255,n=3,1,1,0,0,0,
far_additive_foreground_noise,arc-gen,256,n=1,1,0,48,0,48,
far_additive_foreground_noise,arc-gen,256,n=2,1,0,48,0,48,
far_additive_foreground_noise,arc-gen,256,n=3,1,0,48,0,48,
far_additive_foreground_noise,arc-gen,257,n=1,1,1,0,0,0,
far_additive_foreground_noise,arc-gen,257,n=2,1,1,0,0,0,
far_additive_foreground_noise,arc-gen,257,n=3,1,1,0,0,0,
far_additive_foreground_noise,arc-gen,258,n=1,1,1,0,0,0,
far_additive_foreground_noise,arc-gen,258,n=2,0,0,0,0,0,not enough far-background cells
far_additive_foreground_noise,arc-gen,258,n=3,0,0,0,0,0,not enough far-background cells
far_additive_foreground_noise,arc-gen,259,n=1,1,1,0,0,0,
far_additive_foreground_noise,arc-gen,259,n=2,1,1,0,0,0,
far_additive_foreground_noise,arc-gen,259,n=3,1,1,0,0,0,
far_additive_foreground_noise,arc-gen,260,n=1,1,1,0,0,0,
far_additive_foreground_noise,arc-gen,260,n=2,1,1,0,0,0,
far_additive_foreground_noise,arc-gen,260,n=3,1,1,0,0,0,
