source,risk_label,task_id,sha256,file_size,nodes,local_score
current_best_6122,lb-verified-current-best,task001,e797ed891931604093a242891035430eac3d4815502c982c3a516c6f7db1b462,1137,14,17.041074
current_best_6122,lb-verified-current-best,task002,4c3205c0141934e8750b205f87c8622ebfd80d2fce3c665797e3b1dd39c1d0b5,15506,95,13.510415
current_best_6122,lb-verified-current-best,task003,155de80550da61e01bc0f6cc5de93f980b0473d08c29baf3bb04a2529f532c86,3120,44,15.883531
current_best_6122,lb-verified-current-best,task004,fc9ef5d39847fe678249f3dd2ef4701d2d49b2afb4c27c424b79b6f9967ca118,2522,4,14.084548
current_best_6122,lb-verified-current-best,task005,c989d743986f147d63585c2e22e752e367106ddc6985982b435a33567b89a2b6,10910,106,13.328150
current_best_6122,lb-verified-current-best,task006,17e048671c7f056a80feba6875cdbb34da1521c36887cfdb399f371d8d5e163c,1124,12,17.603051
current_best_6122,lb-verified-current-best,task007,f428fcccaa7c166df8066ea715126ddcc5f75122c86a8b1c5c59c3e14f1a973b,1320,14,15.981910
current_best_6122,lb-verified-current-best,task008,9f554244f259a2a22a65b8388f8589f19cb9a1db25ad57eeb687660e73a541ba,7667,78,14.944264
current_best_6122,lb-verified-current-best,task009,2043f559e1ee947e2533c1ca00c25a699daed5b516d1bb4bf3515822ea52518d,30956,22,13.694825
current_best_6122,lb-verified-current-best,task010,92d798f28d116dabbd7bef3a2e3f10f312184eb43390d09a00b3fe6c22a61b58,4038,60,16.479612
current_best_6122,lb-verified-current-best,task011,3f64ad20a9feacc16ad2ce2296652dbc2fb5438e444a47af1f885a374cd43046,10170,52,13.898855
current_best_6122,lb-verified-current-best,task012,cf80b1fc317b51dbd8efa9eca069b2dccd1d58066ce1eb61dabe815a96124043,1406,16,15.468881
current_best_6122,lb-verified-current-best,task013,98f0942c7dbfaf541df9396cfbf3af4d1699a7f8bae9f96b9c4541f220eea98f,18384,91,13.331080
current_best_6122,lb-verified-current-best,task014,5fbc51089f8ec3347417fc7cc5564199ca02dc5fc6d7cc2a2125273477ae3139,10787,44,13.776812
current_best_6122,lb-verified-current-best,task015,1bdf0a59883c98795d2d54262adc099a55470837e426c2ad60d49f27b069db45,3798,1,18.197605
current_best_6122,lb-verified-current-best,task016,fb83a8e988f586009bf17279b7aedb194e3492a8e6f357be6d5e9ed903615733,158,1,22.697415
current_best_6122,lb-verified-current-best,task017,4a7ffedcf19a4dc495a515c79b88ca30b9399af74abb9a375da3c3a778336340,8620,67,14.414477
current_best_6122,lb-verified-current-best,task018,c2e8e82b394406b4127ebd3b4e74460e0d34b69c8604a6ff6239f9a1608dd4f6,32157,219,11.323875
current_best_6122,lb-verified-current-best,task019,15ee9befb0ab0154e0ac7dbc754f11dd9fcc91ffded719e14d6f91fec78b8a84,10686,35,13.165948
current_best_6122,lb-verified-current-best,task020,4abb72f71f86d299893dcb1ee3be5937bc57ae169a6d1c33af77157df2be6f0d,31378,245,13.590958
current_best_6122,lb-verified-current-best,task021,1b68c55bab642f08a63f4b489c5fbaddf29c9d0eda2dd143baf3ab2374a8277c,30917,215,13.985181
current_best_6122,lb-verified-current-best,task022,fbbcf7777e1f706b0899071564e37bdb5c8b7d7908efc4f47c971a3953e03d07,43895,363,14.287072
current_best_6122,lb-verified-current-best,task023,a7f8f34470a152e1d59c320dca69d0423f7b1759ba43c87af64d876ca672639a,19054,372,11.685827
current_best_6122,lb-verified-current-best,task024,f8a1d671c3118abe56700d79b82cd03b36acad2b03a5453a7790ca311b792d5d,3233,27,15.886171
current_best_6122,lb-verified-current-best,task025,61637f1ba51bdbc6a16b348788d0f829aab5b00661463f42988ae9ca71bf2320,4825,69,12.261055
current_best_6122,lb-verified-current-best,task026,7b1677f67eb3a42b35d9d881fb5afa91618d944fae08e6ae12d4aeff0faa3601,1345,13,18.396056
current_best_6122,lb-verified-current-best,task027,63da1fe45860bc98d31a806aeabad3d8d81890198997b6d66fe5343ab004d658,16205,25,14.486991
current_best_6122,lb-verified-current-best,task028,5882fa43bf7f98d605e8098fc72437800e43705b6484f0675c3c72fae26e9e30,1867,13,15.896132
current_best_6122,lb-verified-current-best,task029,25fd930dd65d6c39e3db30c12b581ca4e5dd8c8aea1ce2a272e893b8ea92fac5,13589,88,13.503438
current_best_6122,lb-verified-current-best,task030,3c0e56b430670edbf27698b2638f07570f41d70dc753545c9a0da49b2c3e6532,5857,57,14.250923
current_best_6122,lb-verified-current-best,task031,b90c3fc6af40739352e474797fcd60c161bf6ecf6e4312dd7060ba0ff8383f7a,3417,26,15.164363
current_best_6122,lb-verified-current-best,task032,64d66eeaba95588367af53102ecf4fb2ceb4c93327b677f80f1a9591b342f6a5,2347,19,16.867000
current_best_6122,lb-verified-current-best,task033,60ab4cceeab38a8952d0157e862ec2f374a51c7d70c00bdecdf9833a703455b5,1510,16,14.081989
current_best_6122,lb-verified-current-best,task034,7400b12dcb940f16d35589b5657e932c80b9aa92e8aed8c1f41a38cdff070b08,11293,87,13.421324
current_best_6122,lb-verified-current-best,task035,ebbd6ac458b533db76701bd30483191c1369774d3a067899638cbc9aafdadd91,8818,107,14.846026
current_best_6122,lb-verified-current-best,task036,76facc8f1d2b1b6691dc621f3160abfd35d151bfaf74961ef3d21abebefdb575,5866,56,13.710331
current_best_6122,lb-verified-current-best,task037,e19669c0dec2c6b73986d1bd07ec5c19bb0bc452edb6cf3d006f85657ae46d12,20424,27,13.937652
current_best_6122,lb-verified-current-best,task038,a83d43302a9ef7e5b284cc1e38fc4ce8deedb152481de569220ea69b94855018,2357,16,17.306974
current_best_6122,lb-verified-current-best,task039,3bac77b4053405c006f1695572c1a8853909392131b90cc60df799a75bef2677,1913,14,16.034027
current_best_6122,lb-verified-current-best,task040,a759237736d4acc76d05d0cffac6e4cafc4e202ff4fdeb0d137356dafd1fe9cf,2791,37,15.777929
current_best_6122,lb-verified-current-best,task041,b84ce39398538ef8f1ecee3d2e64c3e0d80db902edf7e23098fcb22c816e3c8d,2228,18,15.299425
current_best_6122,lb-verified-current-best,task042,8b8a9ad58a540a15e4c7e3feeeeff5772adc9728f3dcdef4b6570033c8a0a84f,6156,55,15.255098
current_best_6122,lb-verified-current-best,task043,16b05e98645b4d8da6cf555ed59cb2165317fe07248f91dd11f6747c0b38c22b,1966,9,16.129477
current_best_6122,lb-verified-current-best,task044,d7be538649eb0e8a61367a01fdbdf5446c5aa4d1cbb20ee5b0fd67c3b5abc7c9,148684,1054,10.317262
current_best_6122,lb-verified-current-best,task045,43dc4b647f1683ea779fb39571b0cdbbad8fdcfd27c8713aaa44314281d7c131,1438,11,16.040431
current_best_6122,lb-verified-current-best,task046,776e40c71ae05f511e59e234f5f52931c7f966c95b139fed312451a249a5f138,5299,73,14.582911
current_best_6122,lb-verified-current-best,task047,4d3bd9f3b89f4cbffbaa53b514aaf33d6a74318b8a86531c4f5d13411ed2546c,2151,33,16.492857
current_best_6122,lb-verified-current-best,task048,5acf8ce760fa9bf51285e7e58505b654e9443d4a70ff885dbf5ecb5fcf8e2723,5917,52,16.368586
current_best_6122,lb-verified-current-best,task049,a37e8cb1f6134fded24f6bb205efbdfe9c4b4f96f2b9195d9db3108653eadb0c,3516,29,14.613685
current_best_6122,lb-verified-current-best,task050,a43a64896f788cffb0e83ee188a7680ae80f27578b1bb607a36e32c9a39258ab,2006,21,15.843588
current_best_6122,lb-verified-current-best,task051,1fccc900903384492e825dfc74d6952195755b48411dd42c988cf3bb64ea878c,3372,58,13.866331
current_best_6122,lb-verified-current-best,task052,195c01dfdaae84b9a7a585295b8d44c1c3741ab522a7e9d472753ad121d8014d,986,11,17.886858
current_best_6122,lb-verified-current-best,task053,11d2a84ba10862f37e4dae8a206314fd4226f70b6f751eed23e52ba32ebde353,175,1,21.598803
current_best_6122,lb-verified-current-best,task054,a2e77f3a92ad3273e4de5710e47222a0da5f4948d3fcf9860f0675f88f35a8c6,9728,118,12.887930
current_best_6122,lb-verified-current-best,task055,92d4ce9193151139ddee430dfbe552e5a2aa41d1172f6842569d1e37ca664ded,13497,166,14.815477
current_best_6122,lb-verified-current-best,task056,2306a2e7b1dd27af9e0ec17099ee8ed0568f6696623537f2599419319f7dd8cd,1515,7,18.672063
current_best_6122,lb-verified-current-best,task057,fe71c735896585cb2e65fe6bfc6479a0d1ef8b1f8f2c7b7a1fe27b318ca72304,1880,18,14.246041
current_best_6122,lb-verified-current-best,task058,7a4b47e465104bb5b576167d51d642e539c3f9d5bafef55faac8d1987475593b,14221,16,15.313115
current_best_6122,lb-verified-current-best,task059,75ad1518669f36600bb72e0eeb074051895d744f7075f6835c090dcbb2a58abe,7062,21,15.076171
current_best_6122,lb-verified-current-best,task060,03687375b7e8938e4f841fe856da30c83884468ff07c648d7021c6b6748784bd,2458,20,16.372877
current_best_6122,lb-verified-current-best,task061,27289ea0d11a669fe413e1b05826321af3d079ce8a5555fa2610a93704612c2e,17030,9,15.152342
current_best_6122,lb-verified-current-best,task062,0a2e640c0671d137a38ff13794cbaaf44ed872742a534c52771f99d309757432,14479,217,14.670951
current_best_6122,lb-verified-current-best,task063,5c8811b2da8473750953376c6dbdd913b50bc29b96f9a16a09cf201df9a483ce,3709,34,14.666940
current_best_6122,lb-verified-current-best,task064,58b449d06ee31558e5b72e234bafcedd075ca374d90de0e17b116281716fafd3,5809,48,13.210838
current_best_6122,lb-verified-current-best,task065,4275daec8a235c2656d266c872c9928cf33288d784e4904be2564aa68306a857,2835,37,14.543288
current_best_6122,lb-verified-current-best,task066,b61c747510a726482b9e94d6a1f12568b4252800f11145d34630404f68048d3c,180173,1642,11.878567
current_best_6122,lb-verified-current-best,task067,e823d84640b258f8322dde914f6bd992553a53aadd84d4685cd18da5f1be35e9,892,7,19.247427
current_best_6122,lb-verified-current-best,task068,e490818d91a162474f9a9ed4c4d7a03517788fb18760e2fe6ca209f592660a82,1602,24,15.559421
current_best_6122,lb-verified-current-best,task069,48f4ac80c4fd4fbacb51a6cd3b29947a20f487279392bbdfe639d73b61770e69,32543,380,13.657033
current_best_6122,lb-verified-current-best,task070,c09e95105072fd97b2106ecebc5fdb42c86bd41e9994b310781aa321351ec9d5,11844,71,13.900501
current_best_6122,lb-verified-current-best,task071,2d696d39af281a3a0ca1582e413672e8ef38ef9f06d584f19844a45a6e2aa4a2,12082,49,13.226404
current_best_6122,lb-verified-current-best,task072,579e7a8a616faf51a4ee64994c8709f2e15ca52f63c805a39b48ac05fe546a76,1347,11,17.801069
current_best_6122,lb-verified-current-best,task073,c974fda7fe3001de4bd2200b9065826ac44cf359fcb1949954b82f28411b5b63,3825,1,18.186555
current_best_6122,lb-verified-current-best,task074,8194b1eba8a395566d686766b74869219cdfdaec5105dbad5f36b6ef32435be8,1824,18,15.009189
current_best_6122,lb-verified-current-best,task075,211a2ab0ea4cb67b9b8714d411d361e7eab6ec1192f0f74155bd9bd9c043c7d1,6812,57,14.742797
current_best_6122,lb-verified-current-best,task076,f80cf3e5cc515063e98ab15b4fcd3ab835f11aa80878c3372e929e24eb485b7d,490164,221,10.834875
current_best_6122,lb-verified-current-best,task077,e9ba6003d604dc8eabe4c1293832b222739a2738c2838b1512ae380d87d398bb,9860,72,12.832912
current_best_6122,lb-verified-current-best,task078,c33e2e8bb8525ee7c4bfa0aca9ec69955cdd9a97837985fb38efdb309903089a,1974,25,15.650246
current_best_6122,lb-verified-current-best,task079,60ad44e5b208b22c2d4a93f322baf5362bf4a0b2cec7283e9db31f1de40a9346,2695,20,14.875251
current_best_6122,lb-verified-current-best,task080,da97f63843845f687d92854fc2b1b0498fc0cb2543e1e41022a77c4b3933deab,18484,93,13.047885
current_best_6122,lb-verified-current-best,task081,118dc8373587509f07d12aec64778af91edff7253f80e273a30e5863c7b8c91b,3749,35,17.256297
current_best_6122,lb-verified-current-best,task082,5f994c35d189c6fc8c7c8733202150cd5bd5bb9aa686ef9497ce5a384641de47,1645,20,14.936138
current_best_6122,lb-verified-current-best,task083,3526144719574eafa02b2d1fa33a4be836ec96c267520ddd982697e447b8bc98,7454,1,17.504458
current_best_6122,lb-verified-current-best,task084,5bd28bac4f427d16b03dfcb9d4ae68237ccb4bb720b534e0e14b2768658ee6a0,2820,23,15.121164
current_best_6122,lb-verified-current-best,task085,0cf2b40dcd4fe9bb85de2e251fdca74496734e7c804425012cb1c1110d27505c,2547,20,13.363283
current_best_6122,lb-verified-current-best,task086,fb8e2c6895c9222d8bc4c7bef5d953312ac8807d49bf81aae502dff77d8f755a,4384,42,14.885239
current_best_6122,lb-verified-current-best,task087,4e9d18bfbd60be2b9135e2cc459588db6a40bb878e5e16dd89651e3c3eb1cfea,474,2,19.070411
current_best_6122,lb-verified-current-best,task088,0b8e895b148a2193ebb4c90f6d192b95554293da3acba9a736fc15dcfd962282,10372,58,13.468547
current_best_6122,lb-verified-current-best,task089,0a479a40d999937f174a12134d5f78bb97ea8a6c108f09e8f44398fe6cbbcd40,17792,181,14.179382
current_best_6122,lb-verified-current-best,task090,8032717a5846db3d60ae06a4fa0ff8af92327fd6b6102d39eff9ae246e44816a,19660,246,13.943507
current_best_6122,lb-verified-current-best,task091,6c44a2a529dcac845b02796c463d82b35c8cc360fc72fc096564f3beeef63a30,4627,43,14.150760
current_best_6122,lb-verified-current-best,task092,31e6aa2df4e75b2376481ad479c8d107cebe1f6701ab925ab0272b482eb2f1a1,4299,42,13.071487
current_best_6122,lb-verified-current-best,task093,c109085a37c8fbad05ab65bf485c0cff1a2488c3b4146cc863d6e3a1015dcaed,3727,52,14.579417
current_best_6122,lb-verified-current-best,task094,f4a0261b33da907cf60f16202319faaa6ee9409a0727231c6ee49a260fc773c7,2954,41,14.351722
current_best_6122,lb-verified-current-best,task095,eca4d38cd8606a930a722084789b856626fff5d4938c02546296c7f3cca109cf,3950,1,18.186555
current_best_6122,lb-verified-current-best,task096,4ec21c61456f9c3f3be6c0b20aeec14ab1cdcad237426c7c44fb256d35d77703,64252,480,11.918302
current_best_6122,lb-verified-current-best,task097,f0d0ab9a04954377879cace70b48610fc891b8e6d5d68ee0d372dd78fe3f2268,2494,11,13.853482
current_best_6122,lb-verified-current-best,task098,8fff41bf99869a80261fa1ec8461431ffa90e7a616d10c1582642af88b241cde,3836,1,18.186555
current_best_6122,lb-verified-current-best,task099,1e320d88cf0eac19c3c20b9c005a4be28ac50d4bf0a39015404f9deb22a0c31e,19839,1,16.500971
current_best_6122,lb-verified-current-best,task100,c815d3a42090024e57143982ac6320779019d7524c630a2c9f175975e6254567,4954,28,16.135536
current_best_6122,lb-verified-current-best,task101,5add58b8bc1d0b54e19ac2a7ba0dbc9eea3fd8d8e3f32405ad36b69f8c376d87,39301,206,10.951880
current_best_6122,lb-verified-current-best,task102,dd69f7cd8bc2d432b0b3d6b3b203acc186d9c66e559fc13f5bb370ada17acede,22167,149,14.292473
current_best_6122,lb-verified-current-best,task103,2a39294d09b90ef9b18c45cfe1e70b48b0689d5fb9f0a00d564162a10a0e7289,1447,13,19.454823
current_best_6122,lb-verified-current-best,task104,9fe39c7d53c73444d4dcdde3b3e423ec71943f7133c2fb675ca3e111a67794bc,3667,21,16.767294
current_best_6122,lb-verified-current-best,task105,59f8fd1ff45ba79e9a46fbc1a64499901637d50581b1bedd691122bf65782406,18785,52,14.495481
current_best_6122,lb-verified-current-best,task106,9b54191da37371effdb80aaca05a4cddbabc19d25cbc1ebceae1d85a897c6698,2939,13,17.940382
current_best_6122,lb-verified-current-best,task107,b14df708a1620b804424d2ad11a6012e77c9895355e84c3f999e7c37360e23bc,31694,52,13.806578
current_best_6122,lb-verified-current-best,task108,825c078fdd5cf248ddfcf1d91c57c125e6e2213304022e67810f2d3aaee2922c,7454,1,17.504458
current_best_6122,lb-verified-current-best,task109,7839c13870891f0086bab84db435e1ad5532c6e87f69d2ce0c9b98114d796077,5237,39,13.542048
current_best_6122,lb-verified-current-best,task110,3c6a969967d00d5933bfc76224740332ab35c72aaf1647b7a2ff532e3c71cf91,21494,163,13.329165
current_best_6122,lb-verified-current-best,task111,c01911e7f5493ba19bcc496b439eb2106bd44f79305daefd94e102a96691a8ca,1499,15,18.319145
current_best_6122,lb-verified-current-best,task112,c9d107e03bcc1559d05367b27fca4117a92b4a4e65d2103d0e57fd16eebe58ca,3987,44,14.010141
current_best_6122,lb-verified-current-best,task113,356a5f1e2200cf2560f6c836ce7d21eca6b6cad9e68015c2ae31639613ef9b09,499,1,21.598803
current_best_6122,lb-verified-current-best,task114,7d1973d605273db25b979fc20a63bacd338098bf8f239bc90618b4b89dd1baa4,4719,26,17.865906
current_best_6122,lb-verified-current-best,task115,fef642f35c49927e9440865ae0761f3f9ecb7d9bb8a03f2a5109e91a82deb620,5069,34,16.675906
current_best_6122,lb-verified-current-best,task116,3f87aab73b8c538752ffb070a34dd07ef95ccba2d299bd7526da67fcf956e1e5,479,1,21.598803
current_best_6122,lb-verified-current-best,task117,f0db9d777864eb09eb86826b56a8d871d28a0394c52cc42c8241426f1cfb47e4,10734,74,15.193795
current_best_6122,lb-verified-current-best,task118,1aaef29cf60045a9f72946d576d30f34d853fb2752c2ec6f613013baf6ebea34,160396,1163,10.416339
current_best_6122,lb-verified-current-best,task119,afa30c6fc964d8a93392c6b8b9865d1ca2f73c682e977c50e35e0e3d800e9ab1,25915,165,14.224215
current_best_6122,lb-verified-current-best,task120,13dafeb021b56dac928f38d32b4a0b841fcf481296ab752c9ac203fa425e1acc,3836,1,18.186555
current_best_6122,lb-verified-current-best,task121,03880dc2a72d6781722a53ffad4b506867ebd9f9c0a7faae3760807eabe67856,3339,24,16.215838
current_best_6122,lb-verified-current-best,task122,d932a3ac54fb54cc09d9cdbaab21ba4e9165ed9a6a8e01b9e0c49fb972269b75,10236,1,17.171962
current_best_6122,lb-verified-current-best,task123,984533b7a16d9c9d396feb3804602dd6044b4573d05d14964f3f23d179764af2,8805,17,16.680283
current_best_6122,lb-verified-current-best,task124,25adeb7f2d7dd711adf8af305ce943ada2ad39c8f0f5e699e9ff722f2f4a60ad,5397,52,15.705962
current_best_6122,lb-verified-current-best,task125,20f2c3e90cfb5afe5ac7e795a1cf906ce67453cb55deb5cbcc51275aea5fc7e8,3032,28,15.495722
current_best_6122,lb-verified-current-best,task126,b86dafbc68af0e5b698f0241dd534874e44ffd9dfca8bac7b89280a3534f3824,2765,29,13.636840
current_best_6122,lb-verified-current-best,task127,81f551a5b779e861ce371fdc4697595db753242954a60c50a3ac8e3108937d97,3772,1,18.197605
current_best_6122,lb-verified-current-best,task128,5224331b88562c8c5864a82ed28442ed1a8c17321e5852eb0c193b0a8eabe7e5,3365,28,13.537926
current_best_6122,lb-verified-current-best,task129,cb3d815a7dac0fa6cbceaf9fac975e8d8bf1ae6af4987a5c11478325fb8b6a6f,1048,8,18.293138
current_best_6122,lb-verified-current-best,task130,129e8e94901df68286dc85134b4be5ba1daa1437df26f1eb430b9272e7f77471,1293,10,15.322911
current_best_6122,lb-verified-current-best,task131,aef2df6731cdd0168ed41a7637a2b939bb42ff5efe498e6732b1bc4fa4aa2d64,7860,103,14.295633
current_best_6122,lb-verified-current-best,task132,02558813adda79590927fa1e3d0be80af0e44475a6abbd69beb0d87da57bfdbb,2585,38,14.709279
current_best_6122,lb-verified-current-best,task133,68e935d47ff7110c296807cc69b18b2efbc09be9b69b5f9ed14c010b2ea21c94,783434,368,8.949686
current_best_6122,lb-verified-current-best,task134,d2d0cfea388f5f59b5c0ed3e15c26ceb745abfdb2537457be6932faef6736343,7220,68,15.259208
current_best_6122,lb-verified-current-best,task135,a5ba0a9dc839a73fc24585aab0bb1e97cccd5531fb28b98b77e91a17e7701ecc,381,2,19.097367
current_best_6122,lb-verified-current-best,task136,6719c0f34b735f8968b63c25277b18aa2eefbe6fd1267c5d7e90914180c5437b,4284,33,15.571890
current_best_6122,lb-verified-current-best,task137,7b50205804b2162040e107d11052d9190932c44a4cfc55aeb4c026422b7af614,3852,36,14.031216
current_best_6122,lb-verified-current-best,task138,955dbb96bc55cace778678f56c5bd88133614ec7110a51346c1a0dc4a1db6f1b,11562,143,12.804160
current_best_6122,lb-verified-current-best,task139,e3e6133e136fc342560390d22bb08861dc290ef6c9f64e8854070984d4a5946f,3865,33,16.803012
current_best_6122,lb-verified-current-best,task140,4e9d18bfbd60be2b9135e2cc459588db6a40bb878e5e16dd89651e3c3eb1cfea,474,2,19.070411
current_best_6122,lb-verified-current-best,task141,419409ee1ef9989b22aaba718cfe107b9d915bb476e1f4edee982507a294cede,2345,21,15.331033
current_best_6122,lb-verified-current-best,task142,b525fbe662a950ccba343052e36da4678bbd57b9039d4f6c5a15f3c0a16fd54a,7454,1,17.504458
current_best_6122,lb-verified-current-best,task143,545186fc1e5605ade4d666e87702a09678e9c34c1449945e1a0fdef567cea868,2144,24,15.124860
current_best_6122,lb-verified-current-best,task144,9ccdbc162d23747b26bd043d8488ba2aebe080e2a693304f16ff65bd3b7d6a0e,1358,13,18.333043
current_best_6122,lb-verified-current-best,task145,22681d1e38fd9b4a50619a4900134ac568081a0007d313598a2d4a001a12a65b,31434,325,13.796907
current_best_6122,lb-verified-current-best,task146,773d61ca46def6d1e9fdb7916c51a9f5e99a5d39640f394231b2b05a400c4a31,1894,29,17.278651
current_best_6122,lb-verified-current-best,task147,e65dc2d49c2dd32775575699e73cb1ad0aca1fcca0a87fcec26127b52f631670,3825,1,18.186555
current_best_6122,lb-verified-current-best,task148,977766efe15f7fabde643b68e24ea47cc5d9069210a295f8ba0c7ab3a2f5b9de,6750,110,14.999885
current_best_6122,lb-verified-current-best,task149,3137da6fb944a3bb6e03884efc695345a045254de6a366510505b2221d175600,1404,13,16.455386
current_best_6122,lb-verified-current-best,task150,3713f1d83dec814704bf447a95675df2a099ed0116a1be5d03b609fc83e50b42,1031,11,18.018994
current_best_6122,lb-verified-current-best,task151,265a8eb2b997ae3dae68af150413ae0c0301bc004251e92a8beb0dc79bd2e36b,3880,1,18.186555
current_best_6122,lb-verified-current-best,task152,b525fbe662a950ccba343052e36da4678bbd57b9039d4f6c5a15f3c0a16fd54a,7454,1,17.504458
current_best_6122,lb-verified-current-best,task153,ae107f844041596194423716f31ec91a162bd490cdb0e290285bf27f3ac842d4,753294,13700,11.464788
current_best_6122,lb-verified-current-best,task154,cb1b44256a2cbc4a2286c2ea98a32d67fb122549489318ecf711e775d1138c17,5741,44,14.071941
current_best_6122,lb-verified-current-best,task155,9b6ad9025b9983cfb5b2e6d5ca817b0bca8bc489a2732e0124c593e0cded9133,1031,11,18.018994
current_best_6122,lb-verified-current-best,task156,a2199d5eb0ddac7b8e6a9033237344fd4a49b753468f540a858bc71477d10422,7856,65,14.012980
current_best_6122,lb-verified-current-best,task157,bf7312beac1c46e93a9f538bab3cc989082f7aa9adae2536fc02b39689a9e06d,837536,415,9.811307
current_best_6122,lb-verified-current-best,task158,e49f982049f645832b4b5921475427b7bb055e2d5f8430329f390ffb5ffa3b83,94356,823,9.971217
current_best_6122,lb-verified-current-best,task159,93239bd39db8bb07ffc4f354ca7b43656c78ca03e18c9ca72a30ccb093e2eb5a,12966,57,13.597995
current_best_6122,lb-verified-current-best,task160,5395ca933d4016406d6256408f8400e48279e5bc870b46c5a08c6d4cd29837f9,1758,19,15.676777
current_best_6122,lb-verified-current-best,task161,33351d8f1ca150a9d7b225d7ab8e9e8f60171b01fac54fdcb143882ed0fec502,6008,51,13.174397
current_best_6122,lb-verified-current-best,task162,29467827e023a09da29f2c6bcf10d77d7bff035e613d5615f27d623e6f2f3224,2268,19,13.944502
current_best_6122,lb-verified-current-best,task163,20509dabff21d45373372e5d29ac896fe8dfe5643c42473470e08c9c1165f945,10270,68,14.916318
current_best_6122,lb-verified-current-best,task164,250771b94d3db4658d4ac04e3bd9a0740f2af0f3aba0bb9b5df4d6181bb470d4,479,1,21.598803
current_best_6122,lb-verified-current-best,task165,84191da6721ff334125fd7fa8616eb9122ba801b8e467d4f0bac42cdd367fab2,4910,25,13.879762
current_best_6122,lb-verified-current-best,task166,635ac35cdaf739d7549ee8cd70b4042ae832ff18d2798a37fb1e315bb0990a02,1318,11,14.881845
current_best_6122,lb-verified-current-best,task167,71960feaa6f01d141e2e847cf629191d99e40b6ceb0199f2c3f955b43a84d6d9,1673,9,18.470581
current_best_6122,lb-verified-current-best,task168,2205bf940f52b8c30a0c4ed0a64d1a137e71404a8af99f96a01447ae4386c250,5052,45,15.071674
current_best_6122,lb-verified-current-best,task169,15013f2f662007d5f03c081dbaca20d6c6a6082de5edb344a8cea0e3fa48d26e,16353,180,14.551604
current_best_6122,lb-verified-current-best,task170,9f919ea1d3fae6c43dfb70c30fe5ce04e453a44324f39755cb00850f150578bb,64849,681,13.683941
current_best_6122,lb-verified-current-best,task171,c0dccfce69e87e53b68a617cc0ce6da5c9659180ce2acc2a46007c9915c524cb,3825,1,18.186555
current_best_6122,lb-verified-current-best,task172,aa923630b6479cf1a1f5e7b7bfe2e4947e1c8ba8edba4f31d250b0b2f0c98dde,479,1,21.598803
current_best_6122,lb-verified-current-best,task173,a0299600440d0a79709022f1953af8a56eda11e1855cebe4f865b5a0de0e5a2d,10108,69,12.891033
current_best_6122,lb-verified-current-best,task174,a6f543067be128376f67b828b67c2b02a893fd3d4b5341054c090b91d89ec12d,61839,790,14.120087
current_best_6122,lb-verified-current-best,task175,81360eed1239cc5100375c4c1bd3261ee37f752a50e42166236e158e5ad5ac31,12985,22,13.619235
current_best_6122,lb-verified-current-best,task176,e323248617622d6f3ec11b2d387952fea83ecc2fed3bdb998ca12143a2168c6b,1126,7,16.022854
current_best_6122,lb-verified-current-best,task177,cdcbf832519bece9b4bc7966b23d1dba298385f8a602e49475b595b22b33b001,4180,37,13.778698
current_best_6122,lb-verified-current-best,task178,4da8ed1ed0676bf74ff1db264eee36e5a51569d8bfd9726b145975fb852cb357,6748,126,14.713600
current_best_6122,lb-verified-current-best,task179,bde695a21a93b9e2084a9b7e8a8bee5f2cdc694baa71a12d1c34ae921a89cb87,170,1,25.000000
current_best_6122,lb-verified-current-best,task180,8f6b55aa41b48daa3c5bde2cf091752666c75e5b3b9acd0b61ce5c378a8988a7,2525,6,16.084031
current_best_6122,lb-verified-current-best,task181,d5e423513a6d975dcf970b7fa00306491312801ed8b9c3232bddaa05e5217ae9,3083,21,17.914936
current_best_6122,lb-verified-current-best,task182,dcdd8e87825de820e1c2c5ded8e53bb19ca19fc6e1d104df3c6894630ad00ab4,70465,522,11.452178
current_best_6122,lb-verified-current-best,task183,46ceea84568fb834441d4df8e55844ba3122e38f8a91006e113ea40c89bebb55,4690,55,14.879226
current_best_6122,lb-verified-current-best,task184,b3e368b3f0f6a0d2cdf52adac0b6437a70cf0ab42df9e7b3b51e0d56516b3171,4876,52,14.302435
current_best_6122,lb-verified-current-best,task185,758a09feff24e05f872299153e3728ba75bd0bbd8c3b14ae20c5e6b4faef7df4,18881,242,13.763645
current_best_6122,lb-verified-current-best,task186,94fe96d560f658725a3f96ad680aa6bd8cff60d73c07044ed73117493e6a98d7,1781,7,18.560650
current_best_6122,lb-verified-current-best,task187,0001d793b80773b9c39ca8b5968b8909efd4ef51b115a3a1d0d16e16a3be5c79,5768,88,13.426798
current_best_6122,lb-verified-current-best,task188,b5aedf9a8411d84cd20d8bded8746b6a16044a019d7d5352e049a9c98ef96837,3259,46,15.725371
current_best_6122,lb-verified-current-best,task189,ad40fd32da208b67a234bbace455a8c50984a7075ef19f2a27f1a571ce90a1e6,6774,110,14.886089
current_best_6122,lb-verified-current-best,task190,0a31ba38881a6fc4af83224d1aa59f0a876aea5808f55f95707b8c5975ac4c06,8781,63,15.675974
current_best_6122,lb-verified-current-best,task191,4d77a29082ddd2a87611677908e591e19a445a1b7648b4c5d17e6de5f96acc48,132233,1037,11.527907
current_best_6122,lb-verified-current-best,task192,b33d9d2c7a44e0ccefa26f20c6eb211ff45cdba6b7ca7a38c8fd674ddc5062b7,2511,21,14.093402
current_best_6122,lb-verified-current-best,task193,1184ed012012ee9bc87677fea86382acea9bc6b8979f087a5b3500492d6138dd,1925,14,14.109558
current_best_6122,lb-verified-current-best,task194,5a188032e9933c63bea9816c0846001d769eb356d00653af9e5e766ff62bb53b,7454,1,17.504458
current_best_6122,lb-verified-current-best,task195,ba4b722b42ea9bdbffbe4fcf38c90d387045eee91e245e77f502c246c158e0dd,5381,33,15.436963
current_best_6122,lb-verified-current-best,task196,89719c41cdbc1176e45d78565003ab2f9feb673cd43fcf7fef4c3ff8a4a302e1,2417,31,14.618975
current_best_6122,lb-verified-current-best,task197,d2fb46801935583882f6a460471b563ccee60a53661cb17003fc2b60f17ba1ea,1223,18,14.166556
current_best_6122,lb-verified-current-best,task198,a1cd099e3d965fb4506eded8d4bde77ea202357df70e9212b36911ca002c8cb1,6979,51,13.449576
current_best_6122,lb-verified-current-best,task199,7f8ae82add1995ce631f2596ebf18e50b694cb8ec8d56a776cb6b1f393d891fa,2948,22,15.309891
current_best_6122,lb-verified-current-best,task200,f890763d62cee785030454c8a5a3bc278c67666d29d87dc8297ae23ad08c902b,2444,39,15.739822
current_best_6122,lb-verified-current-best,task201,45f10ca88d12df7175c80895aca63ccdf595c12c3c580a4581c0a70fa6eb8d06,10924,135,13.554497
current_best_6122,lb-verified-current-best,task202,548ea01a96ba723d596f57386963dc208eac1c74ee9c8ad978597704d8065f5d,3582,31,13.258188
current_best_6122,lb-verified-current-best,task203,5e20d646f42a0e37716c52947ac6230d99af86046000ae1df17b6bc17e0f4311,6433,36,13.631707
current_best_6122,lb-verified-current-best,task204,4a172e068b1a633b8caea88c1051f520adeb6c2b0a2c38e228f6f2d270d52430,19610,119,12.985124
current_best_6122,lb-verified-current-best,task205,f351d6346a47face27fde383c24dec88599bd6b7f71ab6967a1a6f6d5363213d,48510,671,12.284592
current_best_6122,lb-verified-current-best,task206,a9a48933d73ab0ca96c39812eaf2d7cc02be75d240f640166a9e5b4a88f1a1ea,20303,224,13.895344
current_best_6122,lb-verified-current-best,task207,eb31b69d46ecc34c73b17ad80493c10002468aa9196475e6c9e12fcf46ff8235,1979,25,17.463636
current_best_6122,lb-verified-current-best,task208,5d341124008dfd310bc5a123793ff6f9beaeead1fd98692f86f798a8f1e3f4a1,15885,196,13.566031
current_best_6122,lb-verified-current-best,task209,0135e8b18ed80881b73fa9865f5dc3deda258b0966c77339ce8b8190c3d569be,329423,2217,10.465043
current_best_6122,lb-verified-current-best,task210,aa923630b6479cf1a1f5e7b7bfe2e4947e1c8ba8edba4f31d250b0b2f0c98dde,479,1,21.598803
current_best_6122,lb-verified-current-best,task211,3c58a51ab06ee25bf3c54539284f6def4bc6e10c364246d45f5533df0905fd17,7454,1,17.504458
current_best_6122,lb-verified-current-best,task212,d6a9a891ea864265da23186675a7542643cc9de869839d9a2d67e387d4c304a7,4712,53,15.782783
current_best_6122,lb-verified-current-best,task213,b7fa6e9947ed72377e9278874ff0f585fedff51fdcfcf07fb07c0b544422ad76,25133,385,14.134083
current_best_6122,lb-verified-current-best,task214,476030b9c3c916862c896b22ae9f1ee46d6bedd703bd39deeb4fe1a9a7cf6c54,7454,1,17.504458
current_best_6122,lb-verified-current-best,task215,7944efd69db01622acc90aec13cbcd6480dfbc192943a608603e8af711bd84a2,2619,39,14.321348
current_best_6122,lb-verified-current-best,task216,8fd3706d25161ac61f40c1adb00c1cdd8f4803d8b4229bc361b0bc2d6efe0000,20396,286,13.443900
current_best_6122,lb-verified-current-best,task217,58f2ed503258d9c007e4e93b086250cd0e66b2871fbc7602a1fa7d6869dadd1e,7268,34,13.747647
current_best_6122,lb-verified-current-best,task218,14bb6c5e5fa3712e4f556142985fa03de40ba2accd475bb596ee538d3c10c60e,9594,137,14.948006
current_best_6122,lb-verified-current-best,task219,f042340d7b269af4b35437a41d3094074b91fd8778477f3b3fcd20966a535f12,87016,532,8.421777
current_best_6122,lb-verified-current-best,task220,924ca3ff6b3c2190ebdd92b73e0c33ac441a7e64b5924bb34b2faa596a40dd55,3798,1,18.197605
current_best_6122,lb-verified-current-best,task221,997f4a5baa3b8c19ac1f9b62918fba1c4d8ade1e9bc43b277d4051f3dc09bc96,13313,28,14.069307
current_best_6122,lb-verified-current-best,task222,f82b35de1de8377a5dd17f94de623872a1021443ff972be6e0765c6d21c5595a,2578,21,14.031198
current_best_6122,lb-verified-current-best,task223,51cd95a032c661ce28fa653ad0e727fb33cf6a709a5747e02a8ab323190ae968,7454,1,17.504458
current_best_6122,lb-verified-current-best,task224,1e4af401b9b3fe63a2cb91cb665445ec3c54bc3c6b116d921d049b210a151c08,4199,55,14.274049
current_best_6122,lb-verified-current-best,task225,0c4d057621e7e3b95688f49c9b82218423a7a2ec18b5359a22474c11804cbba9,3427,33,15.672766
current_best_6122,lb-verified-current-best,task226,5d115fec7e34ea6013b743620d1addba979258bf37902350608a4c3438346438,3203,39,16.376826
current_best_6122,lb-verified-current-best,task227,1c70db9caee31b32d02ae1630c5ef3991ddbf82fedb750d43b515fab048d6dec,1135,14,17.018267
current_best_6122,lb-verified-current-best,task228,a8a923f21fecee5512861159a89a0ecf2a9f276985c45face926d3b953bdb4fe,2649,61,14.869935
current_best_6122,lb-verified-current-best,task229,acbf2dc745d4a717148c274f1e25cdd3fce8e718787f72530d661d60044ad805,1379,14,17.749364
current_best_6122,lb-verified-current-best,task230,1444325f9990947c4e2b6bd66f2ce611d8efc4be97b595c4bf2ad63e9e166ad0,3798,1,18.197605
current_best_6122,lb-verified-current-best,task231,1efb149ef1446460b1cfefffe74d5270b10fdf5ad49235c5056a1df43b7891fe,4473,50,14.448886
current_best_6122,lb-verified-current-best,task232,b416c4b9864f9c0ee3021d3e0d536638459295310003e1612ea60837e5e1fc02,1616,29,14.707956
current_best_6122,lb-verified-current-best,task233,d1684da711c147dbcdccc68d2012ef85b4d8df33e0a76ed404a75894e5d7bc1f,938648,804,9.880798
current_best_6122,lb-verified-current-best,task234,2155e2ff4b0176f096a434be9231dfe06a6833e910cb0adfbc37af07279986b7,8285,96,13.151052
current_best_6122,lb-verified-current-best,task235,145a71990206ef301f3afe77bf333b27bcf2298f5cc1bb3c7340933ef7cf059b,4028,35,17.810078
current_best_6122,lb-verified-current-best,task236,f31f10a231dee6623a8f92097bfe067ab563fa38c8846924b5f2a5ab17a6009d,1291,11,18.417975
current_best_6122,lb-verified-current-best,task237,9d3baf9e04284ace2238abe88eae62477296ee34499efa7b0146d799717804fc,1637,25,15.430308
current_best_6122,lb-verified-current-best,task238,3208dbc8cec5a6a6874fb45bdf74920c0447b6b2745454a2ca76efdd5aa83d45,11927,102,13.927566
current_best_6122,lb-verified-current-best,task239,2abd421624d88b12e8a63904b214d06678543cf0231b040cc10fec704aac503f,4143,33,13.525015
current_best_6122,lb-verified-current-best,task240,517aa226f17f9719f23361c73ac446784b46dcab2e0b0b74e53a330d06a47ed3,3165,32,14.226601
current_best_6122,lb-verified-current-best,task241,bde695a21a93b9e2084a9b7e8a8bee5f2cdc694baa71a12d1c34ae921a89cb87,170,1,25.000000
current_best_6122,lb-verified-current-best,task242,d7384fd7ba8ec4129d2616b9748fc5716d95db369aebf7d01b274b6d16dd0517,2031,16,14.896433
current_best_6122,lb-verified-current-best,task243,d74ec31ed26f80fccabf60ecb1e75ab0098658524a8c73581839e2ddf8a77fd5,22685,149,12.704484
current_best_6122,lb-verified-current-best,task244,b19118733c3a74b2050375aa3363ef545d02e883d803b7e59a64d284296e8904,6790,66,14.607564
current_best_6122,lb-verified-current-best,task245,d04e7eade65728852787ce1f17fd87271f8553f9adab1f0859000bf44a750b54,6141,47,13.600680
current_best_6122,lb-verified-current-best,task246,379b5a73e3dee6f56eedab3ab0bd0ed8414179c6e7ae1edd0a948060d6401309,3824,31,15.497662
current_best_6122,lb-verified-current-best,task247,19562cb18f62167e2ce8c355377d9b1a3136c17fb7116b8c9110b15d4734e4dc,2056,25,14.993279
current_best_6122,lb-verified-current-best,task248,1cc5ba184903e8307ed5ba4d36263e3487d7beec6142f401fc6d0424e70f1e18,2328,23,16.120945
current_best_6122,lb-verified-current-best,task249,e6e58b07a2f88477f9f6bff875df198bf57830236bdd036ac5460ab1c6ccabaf,1990,21,15.740965
current_best_6122,lb-verified-current-best,task250,b29f5ac7d4700ac0a652a345ecbbaae31234a076a653038c6046e5ca010cbec0,8113,129,15.496915
current_best_6122,lb-verified-current-best,task251,054a1310978ea762a181de2ac68b1c10e5d9e706e70a593b68af3d1f26ff74b3,6906,53,13.472393
current_best_6122,lb-verified-current-best,task252,75bafe05db1082ad89ddb5308c4e8add0fc2523e74a1deba0eee73e4ead0d9a3,3651,38,14.447160
current_best_6122,lb-verified-current-best,task253,2538ea53b1aad1e6365055ee14f48dccb49ef632cce416086075b33d42366bad,3510,17,14.215455
current_best_6122,lb-verified-current-best,task254,cce96782d9b4b1065b63ebb4a84c1ba6253724c3cd2a387838d205cf71eaae5f,4960,49,16.018318
current_best_6122,lb-verified-current-best,task255,5171b64f48c359b8cbbd762917742800356c6ac6f991695c30eb03391a690215,92333,648,7.425218
current_best_6122,lb-verified-current-best,task256,37aebb653619bb91ba21ea10374a3288d619e99b3f9bc7709dc4fe7175bbb765,5118,40,15.033960
current_best_6122,lb-verified-current-best,task257,316eaaf4e1a47569341378a8a58e40559f938a7fe5ae659867c0f2117bf8e021,1369,20,18.018065
current_best_6122,lb-verified-current-best,task258,9cf85f5ef87760197eaab665af872adc9c2a38a6b9c2133f506deb1e51402d09,880,1,19.924826
current_best_6122,lb-verified-current-best,task259,27456ae69408af22c00268a792cbad0f23c2f425a2c4e88336920536b67e0cea,3882,30,16.162900
current_best_6122,lb-verified-current-best,task260,a0c625eeabd30f89f6f16ae6be445f721bbc7059d940e63069a03d74b0fc06a4,2263,28,15.568598
current_best_6122,lb-verified-current-best,task261,6104690685d52f02ca149095658b51c2d448d252f763922efdb0fd69749b630f,995,1,19.701683
current_best_6122,lb-verified-current-best,task262,c4714ec84de4fa51ba3751b69dbf34ecf5bdaeb8026531c6a3a6a7fc3e22e9d9,1329,8,16.086315
current_best_6122,lb-verified-current-best,task263,2396bdd0797f69ae5e0281ce27c9964eb2adba67e7d5f2d8286d6cd1ccdc46b3,7427,159,16.005828
current_best_6122,lb-verified-current-best,task264,01ac406f30f0ffced1625ed8050b91086a8967573523be0ac1583a6eef0e4dbb,10074,115,13.154639
current_best_6122,lb-verified-current-best,task265,e44b248f5902d3d38b34e32679474cc70b8ee0d23a58ae93c6e8658e0375fc5d,3110,32,14.408076
current_best_6122,lb-verified-current-best,task266,491258de81aba00b6aa06f223356e30346665751690278693288e858450c8563,3825,1,18.186555
current_best_6122,lb-verified-current-best,task267,410b39084246024b149c984e95489e0660a8825a25ca70475cf339e5914a1074,1306,11,17.865109
current_best_6122,lb-verified-current-best,task268,d6e7655471c32dea89573357bb31df7dc7c23396d2d8a7318ea2e17508b7d609,13356,180,14.983764
current_best_6122,lb-verified-current-best,task269,947f2c17a6b1d44a9f4ad789f9351b4edfb84e0298e879c258d5034b09e12f72,2336,31,15.940250
current_best_6122,lb-verified-current-best,task270,5d11db427de12cca83d4b67950227dfd6115c6345d12b715ca3b1b78fd7068ff,7597,60,14.733781
current_best_6122,lb-verified-current-best,task271,1d303e94d417fc4786c4e80dee5be764e57f981905d0bf8f5e5fdf48595b19ed,1993,22,14.725259
current_best_6122,lb-verified-current-best,task272,bb44a1717b5f9b6f1cd8f6bdd32aa6a40d88b17db3e200a8cb6f7806bb2c658d,3825,1,18.186555
current_best_6122,lb-verified-current-best,task273,ef481d8f02832385edb2ae3838215e1c01c80ebc407639a5d04a17ab09227a4e,2414,22,16.294338
current_best_6122,lb-verified-current-best,task274,16c49e95823e84f06ed23b008793cf2734b79a98dc2eec7948735d763d5ec465,3619,16,15.921935
current_best_6122,lb-verified-current-best,task275,b05c9d902d60b5e03aa3436e187c874a4948bffc12b2ce6c86fd8ed957970680,24193,253,13.662810
current_best_6122,lb-verified-current-best,task276,2a3e881ae92099c36f1955bdf96ca1e9f77a4ef3d1d3eb58c63eccc80a655c7e,217,1,22.697415
current_best_6122,lb-verified-current-best,task277,740a5d7e8cb75171def6e2b0471c61bf8a7abcd72a3dd34551a679ae5d612ea3,5549,58,13.835215
current_best_6122,lb-verified-current-best,task278,0c14b78590ad46420b694424fb879d1c8bdef545b3a92cd9ef5a15278e77cf1e,2285,16,14.554682
current_best_6122,lb-verified-current-best,task279,9da9837f628935b332e77f1f2722fc9a6c24137021584f85bc276e033ed394be,3082,43,14.780899
current_best_6122,lb-verified-current-best,task280,82b670978372ce1c23e03297fac4c9a8b660a0ab794420b6151459faffdbd466,16655,138,13.156003
current_best_6122,lb-verified-current-best,task281,ca2a1537dd3fbe42f2138c372b482af55ba9bacf05230c700a13f8ac7caf45df,7659,64,13.597168
current_best_6122,lb-verified-current-best,task282,3b69ffb73c79f09e8523073931061610e74b3e0d32534378317960c9557acd0d,3798,1,18.197605
current_best_6122,lb-verified-current-best,task283,b0e2a1e5a77dc63e5c2faa69d44120f7fe0e8773160760e68b7f5912591f4c60,3825,1,18.186555
current_best_6122,lb-verified-current-best,task284,a6639b3a490354a06dabea1ba3e40cadff156bc3590372d54d12d7b22cc4b80f,30975,145,13.304486
current_best_6122,lb-verified-current-best,task285,a4c3438becc409b989c601a764f9641829f38ec57997ea743b52fa821dab027f,44221,467,6.583567
current_best_6122,lb-verified-current-best,task286,91641d3dce315529001fbcca26bce7b3be3f885abf2d219b66728a428db1c152,19603,168,13.011269
current_best_6122,lb-verified-current-best,task287,4cdbdb8ebc51362af348b4c6b27acc968618f39eb23639e05932f58cfd196831,1686,22,14.975800
current_best_6122,lb-verified-current-best,task288,0e48931aebec1eb0659c9be80508c8650400244b0f49af19d8698dd8b162a3cb,5948,54,14.632558
current_best_6122,lb-verified-current-best,task289,00049ab3fa944a3759833dc85ccfb83f4f4ae7a1ab800664e74423dfb9c7b6d9,2041,28,14.860176
current_best_6122,lb-verified-current-best,task290,4b741031cf43c0c6b363ab3c98f7017cd73aa098b5e38c15b5799f2fcc7eb008,42089,87,13.384049
current_best_6122,lb-verified-current-best,task291,f97257c9bae5cbdf0614cf4f6d0aeda2c0db164b44f4861fc829c00eae636b67,6009,22,16.627370
current_best_6122,lb-verified-current-best,task292,6c237acbb63e47906509de051f734a3f91dfe624a99e62a94fd65270b5824929,1146,7,16.244578
current_best_6122,lb-verified-current-best,task293,0635eb76d63f84eb0c4adfb236b01eecd8fe17e151fd2de141a64f7a9b38fdf7,8093,52,14.862350
current_best_6122,lb-verified-current-best,task294,247179b0cb2fab9e792e9f91da564f6ee1f8d4059046fabd7bfd7e7d3d010cd9,3825,1,18.186555
current_best_6122,lb-verified-current-best,task295,5a049215df9c118110ba1217eb55447b5d335f09e93a9526e6862ff5b585b365,1956,23,15.588680
current_best_6122,lb-verified-current-best,task296,4306af04547e103c395a41f15f7829592897a368a36d02047b54c256c5e54b13,2843,10,16.677606
current_best_6122,lb-verified-current-best,task297,db7d97a9582310373a729c8000a103e95f37faa41ffa93e6531fe37de21047d7,3400,26,15.840111
current_best_6122,lb-verified-current-best,task298,e0f93c454b454560cd1f5607a2e7c137c10f6257ed0016ef5d0ffc0de801e652,4436,35,15.390078
current_best_6122,lb-verified-current-best,task299,1e9708846864c2782d5c9d4b378034e7f20bd2a610abbcfb0712b83b3179cd2a,1405,21,17.510029
current_best_6122,lb-verified-current-best,task300,e81ff2bf51d9621b8df8ff754c0d4ff4270d17f336e625bedb5fba417a57b7e6,4688,43,13.741000
current_best_6122,lb-verified-current-best,task301,5304dca46705e3c99a37b5c322191fd1a492167c657228d67e0b8e4ce9022c7a,17629,49,13.766696
current_best_6122,lb-verified-current-best,task302,471e2a01c1e679ddbe830f667d30f05ed231550742027b941e27dce515ed0b2c,2639,36,15.031615
current_best_6122,lb-verified-current-best,task303,f1388ccd300d0326ef77e32e80a1bdcb15c39bd24649153f5208eb8cc0962cc6,2084,8,13.701382
current_best_6122,lb-verified-current-best,task304,da36b408e1af537d161fbb14dbba577380417c72233e4a1458970d507c43ae7d,2136,17,15.413006
current_best_6122,lb-verified-current-best,task305,9f735899c445d2de0753685201dbbaa448ff1306c5f52d568270b4588d8e242d,1865,6,16.718023
current_best_6122,lb-verified-current-best,task306,167860d984489081ce2d5fe041b2166c0d1b46fdc8bb78c001fd69fcf3640d5a,2983,34,13.596410
current_best_6122,lb-verified-current-best,task307,badc5326d1acd892c77212fc876a3f3192e5b67a9806ab111d1e9589eff70706,7454,1,17.504458
current_best_6122,lb-verified-current-best,task308,dff450a12d955541a809eb6cbb82eb2e80d9604bc2e300085c58cdad9055dc3f,4088,60,14.199976
current_best_6122,lb-verified-current-best,task309,c47b834e65872a11ec0cda3c8246948b8365f81f916610b49ed07267815733d9,217,1,22.697415
current_best_6122,lb-verified-current-best,task310,8ba42d4bf0a654f913a7bee8772a22258fedd188475ce77c77e8bba0fee69bdb,5449,44,14.016845
current_best_6122,lb-verified-current-best,task311,250771b94d3db4658d4ac04e3bd9a0740f2af0f3aba0bb9b5df4d6181bb470d4,479,1,21.598803
current_best_6122,lb-verified-current-best,task312,5f8662413159b881c8dff97e5c51ca63270ea3b1609d0f333539af73166348ff,1202,8,15.791762
current_best_6122,lb-verified-current-best,task313,c14057973f9e425bfce0e5c4fcba390d7e2468949cc8cf0f53d31343d354042e,21754,34,13.760196
current_best_6122,lb-verified-current-best,task314,6de48aa8380bfa9f60145881280cb81f0649f178f1a74456c5c40334004417b4,24532,282,15.941180
current_best_6122,lb-verified-current-best,task315,1bf0b18c996602619e9fd51d9c5b13d00e57feaab87cc78fd43463a38ba05c04,1520,10,15.469099
current_best_6122,lb-verified-current-best,task316,0b697272db5461192d00f8168c702d2dde635fe5bebc4fe3b7506a820ca9150f,5537,49,14.150469
current_best_6122,lb-verified-current-best,task317,54ad9bc9831f0f3a781e65116809c2c60f3246bbdc84fc6c0fa8064fecb5d8c5,3798,1,18.197605
current_best_6122,lb-verified-current-best,task318,4a45c25db81ca4e037be544f7e0cab0a5bb1910d2f6325fc83e02af3a79282b9,1319,12,18.374608
current_best_6122,lb-verified-current-best,task319,5e513c829c097b3336602667fdbe0f1734a5163dc941277cdcf61f87439d2dab,270216,2696,7.913957
current_best_6122,lb-verified-current-best,task320,b5f9d264034aafc2780289baeb60a45e338fd6478233a720f13b79faa2d6b39f,2183,19,16.445511
current_best_6122,lb-verified-current-best,task321,2e36977fc386c76ebb921b21626cb0733b08b8f40969cc3ff8635f327f718f5e,1733,22,16.385499
current_best_6122,lb-verified-current-best,task322,70c7baa8d1fe542431688ec733cdaba2e65799d4882bf71a9be96acb4f6247bf,892,9,18.046316
current_best_6122,lb-verified-current-best,task323,846d79d827817db063434b8edf70edf61bd5aa72535d264191f4b7d9354ca2b7,7913,59,14.688617
current_best_6122,lb-verified-current-best,task324,38bf16cd83fe24c0c4538eb7a662789a3af82738d824f528ba968af6bda9ca2e,34875,241,11.668315
current_best_6122,lb-verified-current-best,task325,703958452270456b7d0aa9d4685a3bb4279c1a189050c3b1c4c5c0ef26767373,5072,39,14.330533
current_best_6122,lb-verified-current-best,task326,b95776b4618ae80d707674425b68a1b903cfc9925a01d24b03b330ce97a9c421,388,2,19.888012
current_best_6122,lb-verified-current-best,task327,28e407c04689606a975670fd8f7da26d5ce7a9a10400265cc54eca46e5504bed,1638,18,16.070962
current_best_6122,lb-verified-current-best,task328,8b59da6bec33268828441211f57cf70afff81536073372c30cb9394b8010d3c9,16275,121,13.884006
current_best_6122,lb-verified-current-best,task329,b3983c3bd8c099ce71cb48e09938e0328cc29853d73d956c35e125db9bcd43ef,1652,21,15.763992
current_best_6122,lb-verified-current-best,task330,defa06f30b9df97f6bcb5baef57d32ff1bcfc724125eac4cab4951c3b54ed3e8,12033,21,14.014301
current_best_6122,lb-verified-current-best,task331,159b7db4377d2a7d75a15aa8f84344e6d919741566944220da8f361aa1da572a,3836,1,18.186555
current_best_6122,lb-verified-current-best,task332,ff9ef4a3514237bbffcf3d8e6f5c881bc68b8ae01f73f3abb8a70a57d0fe7f4a,3735,30,15.952179
current_best_6122,lb-verified-current-best,task333,056322558aa8fa4149af6ce9821d3273f0b403e4408e461963db3d70864f1adc,4379,55,14.877658
current_best_6122,lb-verified-current-best,task334,70f0ea7b8d62bc086c535d3fec97140ed99ccf9500dd74492434de15cb2667ee,1456,6,18.157317
current_best_6122,lb-verified-current-best,task335,1dc73a90b7f058004deb256266a6a937b56b19f79ba111241bd796f73aa8f333,2757,38,14.193064
current_best_6122,lb-verified-current-best,task336,66605e39204e06dd97980e812e93d14e7dab3eb0d815b075ac29202827cc6a4e,5276,54,16.294503
current_best_6122,lb-verified-current-best,task337,c276f5799bf0f2f77bbc0c31f5ed97472afbff9a946326286e229929029e2484,159,1,22.697415
current_best_6122,lb-verified-current-best,task338,a0c8f68a0deeb8adc76de9646ca2fe36bf64b97ca0e5998a3f2a7d67abe70ca6,5846,38,14.244248
current_best_6122,lb-verified-current-best,task339,23c555a9d5193597ba509db3b965cb39be9f02febeded3f074acb8768e013f1b,1588,13,18.215543
current_best_6122,lb-verified-current-best,task340,1b13c5518a579f9d9b93f9db0c46aaf5bb1cc3caef23e4e322ac6aebd1d2a111,6409,72,13.885435
current_best_6122,lb-verified-current-best,task341,564fae20dee0f5a54330c3170bfad5824556165d5a206e82a19c9264faaaaf05,8743,101,15.154936
current_best_6122,lb-verified-current-best,task342,cd69f1c3c3bd5d7c51afa7008425c54e8c0a232fd18449de9a9bff304cea90ec,3200,40,15.594669
current_best_6122,lb-verified-current-best,task343,7d9fd50c151181852757e8561c8433d9c675826ceb14e650adf7d42e3fdacc5a,8142,86,14.741254
current_best_6122,lb-verified-current-best,task344,a23999c886c62393d115371628fbee6b6043de7a35bed72285639240d6def4fd,10236,1,17.171962
current_best_6122,lb-verified-current-best,task345,98b96547906b58a5b407869397241ead9df4912bc616a99f5e7fbcc2cd6a0aa8,3896,31,14.282144
current_best_6122,lb-verified-current-best,task346,11e08c307d334e0429612fd7a8873ecf53260f716ca9da99b6693e6d9b369548,2236,13,15.875435
current_best_6122,lb-verified-current-best,task347,7fe7a34b9a1ba2444eaaef7509f3c0395bca3ad15a45d122dfb79aa3e546d899,1129,12,17.603051
current_best_6122,lb-verified-current-best,task348,a6dd8eb329ee1c4b5ee60a6985610b6685bad770c76a14d12eb9e9665303821e,3000,29,16.103412
current_best_6122,lb-verified-current-best,task349,b57e802ae6c73cfabf1d34ffdd1313911001cb6a901862ec9c9346352bea0033,8755,89,13.103296
current_best_6122,lb-verified-current-best,task350,0ca24c325e540a593cb73c128715599c58a4d7bdd9134503c6991423b2840001,2670,19,14.734338
current_best_6122,lb-verified-current-best,task351,c17c4a24fd333fa82a77f43e4a5127d7eb81187a15ad4b7f8a1bb21664a5d49d,3049,25,14.532506
current_best_6122,lb-verified-current-best,task352,f3b9bb985cfb0478df981c689aab9f22dc5bb177e02b6f3b6a3b330669eef601,1398,11,16.201243
current_best_6122,lb-verified-current-best,task353,1639de1c1d4d3ee61a8454a02d3b5af4d359f13f2fb1c963687d4cd76b280a8b,3244,31,16.403811
current_best_6122,lb-verified-current-best,task354,58e322ea24b6a28e7b5da4cf5bdaf0e17e5b805ebb5cbd8874b00e0c36ff78bb,2948,42,14.653398
current_best_6122,lb-verified-current-best,task355,addfb7be1303c63d90f0a8826be7ab0eef88a10daab34df423f95eaec7e77059,4506,45,15.185781
current_best_6122,lb-verified-current-best,task356,551900e26ac21ba20631069f1a4268e5b9992eabbfd9cde50643affea19fc2f0,2344,21,16.482407
current_best_6122,lb-verified-current-best,task357,3d4c5d3ef46e8c9f15401243e101a1f27b9981a0b79e63fc1ea26fda02c8ea43,2328,23,16.120945
current_best_6122,lb-verified-current-best,task358,9150c328b815fc4fdfb7dbb9d9a3a8aae7cc94ffdcb8870e090ffc3fb390b90b,10971,132,13.370706
current_best_6122,lb-verified-current-best,task359,5402e526d36f56006e6fe3438c6875e02057cade74e68784d892dc9c4510bdb1,3909,32,14.156974
current_best_6122,lb-verified-current-best,task360,288d8ec599a9f336ad8b8ece878231f6009143fcb0788f52136b48e7bdc42237,1271,13,15.680267
current_best_6122,lb-verified-current-best,task361,e22f16c894791d9c50d81d63b0840f76adcbd44c6f90208ed5046c1ee9e42ebc,6086,61,15.289309
current_best_6122,lb-verified-current-best,task362,1a6d4abda7902dcaff9fa7f35113d583d959eedff71779c783ed651a5c496833,1896,28,15.604176
current_best_6122,lb-verified-current-best,task363,e5a72aca5cf0672a23407cf755b747f4dbb27101ab799c6511bec02d2e722f24,176806,240,11.852415
current_best_6122,lb-verified-current-best,task364,f26d4289c8e1773f447bb3991891a51c9c71153848c2e3df08311e5bd1d4a246,16744,62,13.075939
current_best_6122,lb-verified-current-best,task365,4b59416c3b2d144a96e2612d2d0f8683f7cc3d3e0e8bae9a32ded28375a3e128,17605,242,14.014639
current_best_6122,lb-verified-current-best,task366,3ceed79a721b18d41f7b224878d93f72766facc57ab428fc4eab4fa5f234d7c7,1247277,12414,7.088759
current_best_6122,lb-verified-current-best,task367,37635f3b301f8f3f0e723b736b66dc1a1c04def30e2571aaf83371d0f1cccb04,120773,654,11.263948
current_best_6122,lb-verified-current-best,task368,fb13ef89494b35d91e797f4295a7a89ef8111ed8b5d8f62974f2ce5be08e16a8,8950,186,14.615971
current_best_6122,lb-verified-current-best,task369,41510d5508f7ee00bea219692bf4efbbac40ae5b20300daa5ec4f01d4b6816a5,2940,26,16.047265
current_best_6122,lb-verified-current-best,task370,350d83a92295168476c4549cdc5d986b6bafb902180c4c7b2078a89d74f81774,25060,319,12.221756
current_best_6122,lb-verified-current-best,task371,55f3e4edea862a77001eaa66f9ce4cd37bbc3eaaaad9315a16360ce4d1d01bfe,1810,23,15.039140
current_best_6122,lb-verified-current-best,task372,422d94f798102349b81b669a5bd447b6e246aec065b6916c8b6efd14a7a0fc7f,1214,14,15.633511
current_best_6122,lb-verified-current-best,task373,b38778eb8fe20593e514665f61bdfe17367d56aa45d220c2cc5a0bd298889d2d,960,8,18.559053
current_best_6122,lb-verified-current-best,task374,29c99ccb14d1600e97d7b8c3c292672fed67326cc713432a0fd26edcbd5c2182,16450,144,14.140290
current_best_6122,lb-verified-current-best,task375,509686d607b3126316a284357799deb369829fe56865a1b05609fa3447c4c5d7,2214,19,15.372793
current_best_6122,lb-verified-current-best,task376,c6d0a7cc285a13cadc484b6b8141c32ce0d151a546e3b234dc4aeff58e321480,1741,27,14.388895
current_best_6122,lb-verified-current-best,task377,9634d0c4c5f2d3616c292399129487757b13a675d7e4d66ee409a56adffdec77,19220,208,13.919690
current_best_6122,lb-verified-current-best,task378,e1719f9950e83dc1889743f4737d7c5c8a2606c75b8f2f2f0d26dee49079c766,6343,96,14.378673
current_best_6122,lb-verified-current-best,task379,b5d2b20c584301f7abc010c463188b248a1cf46e8115c8d81cb5f0e30db38e33,9996,107,13.808672
current_best_6122,lb-verified-current-best,task380,b23f227e055e494818df0587e34418a5054807bd258a80e00f9170bcedfd819c,531,3,18.397412
current_best_6122,lb-verified-current-best,task381,341af617bc4d485ea4ad62bf29883b80668b268876d8d3da0b0f97e24a69fb21,3435,24,14.349422
current_best_6122,lb-verified-current-best,task382,a854e19de4998088d40ffb514299ba374a6c1c2589c8c85260793ad004ce80dd,34556,325,12.824253
current_best_6122,lb-verified-current-best,task383,19da36427e6ee74fe0cf46bc86c98b873576bc8e0c1302e4d8b61c04ded4f8d8,6805,57,13.224964
current_best_6122,lb-verified-current-best,task384,57089beccc7a95bb03cb7bd0a9d6841faa06a32f84b126df9802e34c8b175e3b,4542,39,13.778082
current_best_6122,lb-verified-current-best,task385,629a5673b6a8e745a4c5b1b5afcf3c5e7214f2fd7c54d7f5da27eb3e788ea5d1,175,1,21.598803
current_best_6122,lb-verified-current-best,task386,89f80a62cefd32ddc113e1e3222977816d8c9e651c9e7efab94922c5878b22c3,1171,14,17.300611
current_best_6122,lb-verified-current-best,task387,6eb11493bbe430089494bef2364bc88d01d840b45f6c3a58d7cb0bb2201a542b,15072,137,11.734519
current_best_6122,lb-verified-current-best,task388,44364f7ea2f283e136db441edd3d838104f1d83f14247c0cfd0c1182c45e55ea,4820,50,15.714645
current_best_6122,lb-verified-current-best,task389,5d19a4d137ddfa5d5e278378f5210bdd9ffd9225b6b7ca3cfb0a823a86ca0be9,1421,13,17.451444
current_best_6122,lb-verified-current-best,task390,23a81cb475e4cd1231db06a0e09440eaa13dc4353f3891aaf53c86700efbfa91,4970,43,14.884592
current_best_6122,lb-verified-current-best,task391,1582c8e52095b42ea4800ff8753f6e9fcb62f2e7b65b1642a469835c6548bf80,2841,26,15.787562
current_best_6122,lb-verified-current-best,task392,286bbe96e893d8985bbc76084a277ad5864297316cf38f4ba6edf4007112e4c5,8330,51,14.662460
current_best_6122,lb-verified-current-best,task393,2f236f0f741468312b3933de81bd4f1f7d36a96e624a1545d1986160d95c466a,2433,22,16.321879
current_best_6122,lb-verified-current-best,task394,6f9e76b487f97c594199199e75fc55402957e97ede7b3c08c5059ae6412a4a45,3787,80,16.533469
current_best_6122,lb-verified-current-best,task395,19fd478858c781c596e2ca2f7e34d4e1bcfa8798379225afbe1efd44d2841ac0,1179,14,17.581219
current_best_6122,lb-verified-current-best,task396,deecb12bf534491a8adbe29e9b1927ba002fffacc6253071aeeb6bef2ef188a4,148123,407,12.967995
current_best_6122,lb-verified-current-best,task397,40a07e43eaab28f00e2efce4e35f677137cf30f25356c227f7d64147e7ba8340,7345,86,15.036311
current_best_6122,lb-verified-current-best,task398,5e22b113b5a8af360aa7e552fdd71f3ec955ca68744a8b5c21726a900f34e263,7459,44,13.658254
current_best_6122,lb-verified-current-best,task399,f8e72c2228ae91a54d38c5a7f101356edc42d906cda234321b13bfc87a5ff38f,1907,8,17.483023
current_best_6122,lb-verified-current-best,task400,85a9828beec5f14034326e3d758cb7a93f61e66437df97f60e5b4a304af62110,3021,25,14.532535
nadeem_6252,public-anchor-candidate,task001,e797ed891931604093a242891035430eac3d4815502c982c3a516c6f7db1b462,1137,14,17.041074
nadeem_6252,public-anchor-candidate,task002,061d2e2653a43e3b6ab1a7b4546a48b6ffa65b23790106ab1742676020c96040,14560,95,13.514518
nadeem_6252,public-anchor-candidate,task003,f7b1e9c321fcb23c216feb2476ddc69b220eb381e49e0edca3208bd9a8373693,4167,39,15.786066
nadeem_6252,public-anchor-candidate,task004,fc9ef5d39847fe678249f3dd2ef4701d2d49b2afb4c27c424b79b6f9967ca118,2522,4,14.084548
nadeem_6252,public-anchor-candidate,task005,c989d743986f147d63585c2e22e752e367106ddc6985982b435a33567b89a2b6,10910,106,13.328150
nadeem_6252,public-anchor-candidate,task006,730e2188defecad529681f66c74dcbe4bc3ea104d8fa752a6f1e719e3bf622bb,1364,10,17.440441
nadeem_6252,public-anchor-candidate,task007,6df9108f0aec1564c4fd08e1e738288d4247e6be0f49919ed6a106278d0c3981,1258,13,16.108351
nadeem_6252,public-anchor-candidate,task008,9f554244f259a2a22a65b8388f8589f19cb9a1db25ad57eeb687660e73a541ba,7667,78,14.944264
nadeem_6252,public-anchor-candidate,task009,2043f559e1ee947e2533c1ca00c25a699daed5b516d1bb4bf3515822ea52518d,30956,22,13.694825
nadeem_6252,public-anchor-candidate,task010,92d798f28d116dabbd7bef3a2e3f10f312184eb43390d09a00b3fe6c22a61b58,4038,60,16.479612
nadeem_6252,public-anchor-candidate,task011,3f64ad20a9feacc16ad2ce2296652dbc2fb5438e444a47af1f885a374cd43046,10170,52,13.898855
nadeem_6252,public-anchor-candidate,task012,6565dbdc01b75cf0fd11dff727c2312655bcb5fb9e59a8020020ef04a7b5a80c,1951,15,15.555457
nadeem_6252,public-anchor-candidate,task013,98f0942c7dbfaf541df9396cfbf3af4d1699a7f8bae9f96b9c4541f220eea98f,18384,91,13.331080
nadeem_6252,public-anchor-candidate,task014,33aac8a1b4845a677ce6e8d07d81f5483ca78d158e8f09368fccba9384f7b28f,5317,42,14.427427
nadeem_6252,public-anchor-candidate,task015,1ab641692d1424be973ca0ca5d26e88172d7be86363973c99ffda1b0d2dfd046,3774,1,18.197605
nadeem_6252,public-anchor-candidate,task016,fb83a8e988f586009bf17279b7aedb194e3492a8e6f357be6d5e9ed903615733,158,1,22.697415
nadeem_6252,public-anchor-candidate,task017,fb2137630963bd757e3fa76d251d504d01fbf7b1b6106c0e123e2b4b6247e574,8855,71,14.527541
nadeem_6252,public-anchor-candidate,task018,5f2d48dfb685523b95f6728e7537afda1089560ef90a4040dd4d493d426b24fc,29359,192,11.926438
nadeem_6252,public-anchor-candidate,task019,b9e7bc0ecebe4cce72ea9df2a550b91561dfd30ed40820c398a63d11402f785a,2566,32,13.693533
nadeem_6252,public-anchor-candidate,task020,4abb72f71f86d299893dcb1ee3be5937bc57ae169a6d1c33af77157df2be6f0d,31378,245,13.590958
nadeem_6252,public-anchor-candidate,task021,334b1a23352e02c2ecd25acbcdf05ebb267e56bd92a775c4a47191882da99ecc,38267,214,14.156056
nadeem_6252,public-anchor-candidate,task022,c97568f12ccd4cd1ba279f87d1c748542785951464273c2ab4a544bd8be6a451,5021,67,14.542024
nadeem_6252,public-anchor-candidate,task023,381d1261e875c1cddec3fdc4fdca4eff331d3edad2677ad6ba7a97a0d16be814,33067,374,13.807115
nadeem_6252,public-anchor-candidate,task024,f8a1d671c3118abe56700d79b82cd03b36acad2b03a5453a7790ca311b792d5d,3233,27,15.886171
nadeem_6252,public-anchor-candidate,task025,8af5c50b49f5d98f1afc1df69981e7ab0394291ee5227dd01d45f4380208bd61,13460,127,13.149938
nadeem_6252,public-anchor-candidate,task026,7b1677f67eb3a42b35d9d881fb5afa91618d944fae08e6ae12d4aeff0faa3601,1345,13,18.396056
nadeem_6252,public-anchor-candidate,task027,63da1fe45860bc98d31a806aeabad3d8d81890198997b6d66fe5343ab004d658,16205,25,14.486991
nadeem_6252,public-anchor-candidate,task028,5882fa43bf7f98d605e8098fc72437800e43705b6484f0675c3c72fae26e9e30,1867,13,15.896132
nadeem_6252,public-anchor-candidate,task029,67b2f5bba2a2aea6aec1a4bebfab5e828d34965219f8f312739337d2e77a59ce,13589,88,13.516328
nadeem_6252,public-anchor-candidate,task030,4b0ea4d8a95bcc8bebb70823b35c19ca796ec33edf66cb97a3421c6e43ad143c,4901,64,15.607505
nadeem_6252,public-anchor-candidate,task031,827e7229dd650485407f1ae7c8a511d8abc13716486a76f29cabbe46f1b02945,3417,26,15.168223
nadeem_6252,public-anchor-candidate,task032,64d66eeaba95588367af53102ecf4fb2ceb4c93327b677f80f1a9591b342f6a5,2347,19,16.867000
nadeem_6252,public-anchor-candidate,task033,60ab4cceeab38a8952d0157e862ec2f374a51c7d70c00bdecdf9833a703455b5,1510,16,14.081989
nadeem_6252,public-anchor-candidate,task034,7400b12dcb940f16d35589b5657e932c80b9aa92e8aed8c1f41a38cdff070b08,11293,87,13.421324
nadeem_6252,public-anchor-candidate,task035,15a9c474e70c83253daaa3ff80387d3b29feadebd4ec8018b87fc277cf69f62a,3707,38,15.360283
nadeem_6252,public-anchor-candidate,task036,8ad069570318576344e7e26773ca8c93f34a12bc4d8ac98bb1e9cefbccb0c819,5632,56,13.710693
nadeem_6252,public-anchor-candidate,task037,e19669c0dec2c6b73986d1bd07ec5c19bb0bc452edb6cf3d006f85657ae46d12,20424,27,13.937652
nadeem_6252,public-anchor-candidate,task038,a83d43302a9ef7e5b284cc1e38fc4ce8deedb152481de569220ea69b94855018,2357,16,17.306974
nadeem_6252,public-anchor-candidate,task039,4e9c2db4798edb627e65601fb59b0b194a91b536746f1a97fab3a7317054d3be,1913,14,16.041717
nadeem_6252,public-anchor-candidate,task040,f75c35724647ee41a691e8449bf8b38434ce9912519b1b33845a1eeb08cebff5,4167,36,16.029441
nadeem_6252,public-anchor-candidate,task041,2ae5ccde56d9118ad549ef2a4383dfc5a74e4b8fcbbd3b3dc4d09c92209444a6,2110,20,15.626776
nadeem_6252,public-anchor-candidate,task042,ef03e8f8fc1c3d00a4fb8e89f1dc70bc68cf2c46e4d75b1cf83777750aacf344,8543,52,15.950063
nadeem_6252,public-anchor-candidate,task043,16b05e98645b4d8da6cf555ed59cb2165317fe07248f91dd11f6747c0b38c22b,1966,9,16.129477
nadeem_6252,public-anchor-candidate,task044,03106f9bd502a04c7aa0acade34deaefdba103fbb21dcfc6ce3d362f74afc6fc,22434,311,14.251782
nadeem_6252,public-anchor-candidate,task045,c2c9b466ef5bb57994383690491a94770ade65cb13d59fd093064984d2ca44b4,1041,14,16.086988
nadeem_6252,public-anchor-candidate,task046,776e40c71ae05f511e59e234f5f52931c7f966c95b139fed312451a249a5f138,5299,73,14.582911
nadeem_6252,public-anchor-candidate,task047,51caa99fe3ce9cb3e122d3a78119ede0e5beb0d8940d7959bece25bbe098d26a,3091,30,16.985664
nadeem_6252,public-anchor-candidate,task048,9423c02033058a1188fae998353c04f6fbf4e48361dbee5461896ddd5d49ac28,4058,52,16.367872
nadeem_6252,public-anchor-candidate,task049,d742f5db9437894536afe2db2b87d8b3899117c92daf69927ab3854301d03698,3516,29,14.674879
nadeem_6252,public-anchor-candidate,task050,817ceed6eed8f8639a03c7d8fc0b41ca1fc3ca5ef6ff87cb970dba5a510cd4be,2540,19,15.752846
nadeem_6252,public-anchor-candidate,task051,1fccc900903384492e825dfc74d6952195755b48411dd42c988cf3bb64ea878c,3372,58,13.866331
nadeem_6252,public-anchor-candidate,task052,195c01dfdaae84b9a7a585295b8d44c1c3741ab522a7e9d472753ad121d8014d,986,11,17.886858
nadeem_6252,public-anchor-candidate,task053,11d2a84ba10862f37e4dae8a206314fd4226f70b6f751eed23e52ba32ebde353,175,1,21.598803
nadeem_6252,public-anchor-candidate,task054,da0ea9c4a4e7de7d20e8867f669de546f57874c7e6fa83c850aad07683855ecc,5551,107,13.077963
nadeem_6252,public-anchor-candidate,task055,92d4ce9193151139ddee430dfbe552e5a2aa41d1172f6842569d1e37ca664ded,13497,166,14.815477
nadeem_6252,public-anchor-candidate,task056,9d687659145a785dd2d111cccd06fc2b802bcaaae0c2926b7d39a51406e1254b,815,9,19.638708
nadeem_6252,public-anchor-candidate,task057,c1e43aa7b8f024cb83ec8144fb50cf67b6ffe8126f4e6abf15f467ecf685b4ba,1616,16,14.714521
nadeem_6252,public-anchor-candidate,task058,4e55a6bf22945253193de151ca9e08970485d28911fd21ae67ea20e7e71ece72,27439,15,15.310387
nadeem_6252,public-anchor-candidate,task059,75ad1518669f36600bb72e0eeb074051895d744f7075f6835c090dcbb2a58abe,7062,21,15.076171
nadeem_6252,public-anchor-candidate,task060,03687375b7e8938e4f841fe856da30c83884468ff07c648d7021c6b6748784bd,2458,20,16.372877
nadeem_6252,public-anchor-candidate,task061,27289ea0d11a669fe413e1b05826321af3d079ce8a5555fa2610a93704612c2e,17030,9,15.152342
nadeem_6252,public-anchor-candidate,task062,0a2e640c0671d137a38ff13794cbaaf44ed872742a534c52771f99d309757432,14479,217,14.670951
nadeem_6252,public-anchor-candidate,task063,5c8811b2da8473750953376c6dbdd913b50bc29b96f9a16a09cf201df9a483ce,3709,34,14.666940
nadeem_6252,public-anchor-candidate,task064,e218f014e0f41fbf58f0a21d6c18ab365d24b6b93f7c8bb533378039b355a02c,7151,68,13.354705
nadeem_6252,public-anchor-candidate,task065,6c2ce6ffae5840d17998c36ee6a5eb3f43eb8f79699c9bfb3b25a07562742370,1862,37,14.533787
nadeem_6252,public-anchor-candidate,task066,528e107ac7c8644aeb3a04cb1079719bfeeb25486d89be5e08a4e0b391fd4387,18653,326,13.455004
nadeem_6252,public-anchor-candidate,task067,e823d84640b258f8322dde914f6bd992553a53aadd84d4685cd18da5f1be35e9,892,7,19.247427
nadeem_6252,public-anchor-candidate,task068,e490818d91a162474f9a9ed4c4d7a03517788fb18760e2fe6ca209f592660a82,1602,24,15.559421
nadeem_6252,public-anchor-candidate,task069,bfa11e10a1b7754b93ff268324f4bdacfe5ca600d6eaecd3d7ecc21b94d2e194,30432,380,13.658456
nadeem_6252,public-anchor-candidate,task070,c09e95105072fd97b2106ecebc5fdb42c86bd41e9994b310781aa321351ec9d5,11844,71,13.900501
nadeem_6252,public-anchor-candidate,task071,2d696d39af281a3a0ca1582e413672e8ef38ef9f06d584f19844a45a6e2aa4a2,12082,49,13.226404
nadeem_6252,public-anchor-candidate,task072,ce9138206dc060641e07a1ee45e8b332b0e4bcdfe0a06d625d8668c10d6d33e5,1289,11,17.822981
nadeem_6252,public-anchor-candidate,task073,c974fda7fe3001de4bd2200b9065826ac44cf359fcb1949954b82f28411b5b63,3825,1,18.186555
nadeem_6252,public-anchor-candidate,task074,8194b1eba8a395566d686766b74869219cdfdaec5105dbad5f36b6ef32435be8,1824,18,15.009189
nadeem_6252,public-anchor-candidate,task075,211a2ab0ea4cb67b9b8714d411d361e7eab6ec1192f0f74155bd9bd9c043c7d1,6812,57,14.742797
nadeem_6252,public-anchor-candidate,task076,419bbf22d94034edf9dc1d2eed86480945abad297d08dbdaaaaf87ef5d7e2ef5,24619,377,12.292867
nadeem_6252,public-anchor-candidate,task077,17691436bc7996bb9aa5b6b77bf34cfcc7674700abc8e4d69f7ec65ff4351709,7690,68,13.030200
nadeem_6252,public-anchor-candidate,task078,c33e2e8bb8525ee7c4bfa0aca9ec69955cdd9a97837985fb38efdb309903089a,1974,25,15.650246
nadeem_6252,public-anchor-candidate,task079,4a4f6c8381af1ed692a1d279af1ebacd591befb7b825933520d08519653c1d13,2695,20,15.029649
nadeem_6252,public-anchor-candidate,task080,4b1cd7ffeaf85f936d62097216c4e457e14af1917b41aa32e4ee223cee3ff670,10636,123,14.352625
nadeem_6252,public-anchor-candidate,task081,118dc8373587509f07d12aec64778af91edff7253f80e273a30e5863c7b8c91b,3749,35,17.256297
nadeem_6252,public-anchor-candidate,task082,5f994c35d189c6fc8c7c8733202150cd5bd5bb9aa686ef9497ce5a384641de47,1645,20,14.936138
nadeem_6252,public-anchor-candidate,task083,3526144719574eafa02b2d1fa33a4be836ec96c267520ddd982697e447b8bc98,7454,1,17.504458
nadeem_6252,public-anchor-candidate,task084,5bd28bac4f427d16b03dfcb9d4ae68237ccb4bb720b534e0e14b2768658ee6a0,2820,23,15.121164
nadeem_6252,public-anchor-candidate,task085,0cf2b40dcd4fe9bb85de2e251fdca74496734e7c804425012cb1c1110d27505c,2547,20,13.363283
nadeem_6252,public-anchor-candidate,task086,a786a589e429892c1114751b2e5d6b83669038bb955a0fd41d08d037fc8dc020,3099,42,14.839663
nadeem_6252,public-anchor-candidate,task087,fd8bb9f6e85cbfcd68c2edb1cfd2b2968f4ef9066816b2763110e0086381148b,394,2,19.091917
nadeem_6252,public-anchor-candidate,task088,9e7ea13b994ebe4fc0cc8c2f4bfd462d7dea74b364500cdd005ee3c8f75db494,4099,48,13.804996
nadeem_6252,public-anchor-candidate,task089,0a479a40d999937f174a12134d5f78bb97ea8a6c108f09e8f44398fe6cbbcd40,17792,181,14.179382
nadeem_6252,public-anchor-candidate,task090,8032717a5846db3d60ae06a4fa0ff8af92327fd6b6102d39eff9ae246e44816a,19660,246,13.943507
nadeem_6252,public-anchor-candidate,task091,54b4f81da947fe9e1062238aea5766f1b3401479292e90556a2fac1107b7a72c,4393,43,14.151323
nadeem_6252,public-anchor-candidate,task092,f9932c64932cec343083563f2de6ba761604c06277a135415b9112af60d43ec7,2312,30,14.257319
nadeem_6252,public-anchor-candidate,task093,cd70e073d1fdbf93b6402aa5356e8c8f09529cd3e6048fc5501c4e44bda9d3e5,6234,56,15.354118
nadeem_6252,public-anchor-candidate,task094,9877a08be2f356fe67653342ee102820efd26cbf7f80ad6490bd10011209d2ed,2950,25,15.745356
nadeem_6252,public-anchor-candidate,task095,eca4d38cd8606a930a722084789b856626fff5d4938c02546296c7f3cca109cf,3950,1,18.186555
nadeem_6252,public-anchor-candidate,task096,ce8db8caf6b5f6cc84108a5efe1947880da7d802796c33483bbc8132e48c4f3a,59457,457,12.825227
nadeem_6252,public-anchor-candidate,task097,d3ac24b8f1ef82f43e7f57498baccf1d83880a6fe0266ba9484ac6eba27b8599,904,14,14.070256
nadeem_6252,public-anchor-candidate,task098,8fff41bf99869a80261fa1ec8461431ffa90e7a616d10c1582642af88b241cde,3836,1,18.186555
nadeem_6252,public-anchor-candidate,task099,1e320d88cf0eac19c3c20b9c005a4be28ac50d4bf0a39015404f9deb22a0c31e,19839,1,16.500971
nadeem_6252,public-anchor-candidate,task100,dceade053a44b3cc0ee481a2b109060da44f7e12dc34d583c301f1c9d6f84691,4954,28,16.214919
nadeem_6252,public-anchor-candidate,task101,edd7e165314a501462e02577d29022d3eb27078c4eb090009d5f19a5f0c2fbf1,19538,125,12.166837
nadeem_6252,public-anchor-candidate,task102,96828587e72bb4a7f3af9bce80fa95d9431a6740d99b3f93d32e3c48096cea60,6500,48,15.557993
nadeem_6252,public-anchor-candidate,task103,b3c052cdc64fa19a71396b9bc19a9017a70fae4e77cf764756b4e7eac2a36d4f,979,11,19.737310
nadeem_6252,public-anchor-candidate,task104,2a9e28757c576c2248ca53c517bd98d43633ab65ecfa9542bebc9fc050ad2b0a,3505,21,16.788789
nadeem_6252,public-anchor-candidate,task105,c98b3f63a51b63155aeb92f922cbf3f241f84285f5f1705a033e4773d25b47ea,8053,63,16.138508
nadeem_6252,public-anchor-candidate,task106,9b54191da37371effdb80aaca05a4cddbabc19d25cbc1ebceae1d85a897c6698,2939,13,17.940382
nadeem_6252,public-anchor-candidate,task107,486d43b947a10c096cd5abb2121faf5664c1d92f9d0196957cff677676caa5cf,31191,52,13.799992
nadeem_6252,public-anchor-candidate,task108,825c078fdd5cf248ddfcf1d91c57c125e6e2213304022e67810f2d3aaee2922c,7454,1,17.504458
nadeem_6252,public-anchor-candidate,task109,d2ade70f5e497c980bfbb088e8cc977d66bc76830c18c7e11004e7eddfa1f726,5257,39,13.539653
nadeem_6252,public-anchor-candidate,task110,8c575949ac1a58e11b8b5888698200d932d67b0d0871c15aaa6a78816c46c929,22233,176,13.399055
nadeem_6252,public-anchor-candidate,task111,c01911e7f5493ba19bcc496b439eb2106bd44f79305daefd94e102a96691a8ca,1499,15,18.319145
nadeem_6252,public-anchor-candidate,task112,c9d107e03bcc1559d05367b27fca4117a92b4a4e65d2103d0e57fd16eebe58ca,3987,44,14.010141
nadeem_6252,public-anchor-candidate,task113,356a5f1e2200cf2560f6c836ce7d21eca6b6cad9e68015c2ae31639613ef9b09,499,1,21.598803
nadeem_6252,public-anchor-candidate,task114,7d1973d605273db25b979fc20a63bacd338098bf8f239bc90618b4b89dd1baa4,4719,26,17.865906
nadeem_6252,public-anchor-candidate,task115,fef642f35c49927e9440865ae0761f3f9ecb7d9bb8a03f2a5109e91a82deb620,5069,34,16.675906
nadeem_6252,public-anchor-candidate,task116,3f87aab73b8c538752ffb070a34dd07ef95ccba2d299bd7526da67fcf956e1e5,479,1,21.598803
nadeem_6252,public-anchor-candidate,task117,201415cfba7ab07e31fa5ce17b5bb5c673022cb2154a084d4d12920e4344b297,10774,74,15.176964
nadeem_6252,public-anchor-candidate,task118,97438b5c21bb19e585d3fceec251469c7b374cd4a076c5688816618e34f13133,4432,67,13.336192
nadeem_6252,public-anchor-candidate,task119,07ddefaae6173ac59e2d58892773e2f6363645aa9845b7b8ea9e13e54e6e3283,8400,140,15.280435
nadeem_6252,public-anchor-candidate,task120,13dafeb021b56dac928f38d32b4a0b841fcf481296ab752c9ac203fa425e1acc,3836,1,18.186555
nadeem_6252,public-anchor-candidate,task121,03880dc2a72d6781722a53ffad4b506867ebd9f9c0a7faae3760807eabe67856,3339,24,16.215838
nadeem_6252,public-anchor-candidate,task122,d932a3ac54fb54cc09d9cdbaab21ba4e9165ed9a6a8e01b9e0c49fb972269b75,10236,1,17.171962
nadeem_6252,public-anchor-candidate,task123,7a75e42172279efb638134db39ee0339cb6fe0d99590c0e86c1ad8f17ad3f8ab,8997,13,16.630379
nadeem_6252,public-anchor-candidate,task124,da414abc8e11d3e2038a3d6606b2781ef28d37a402428e1d219ee350a98f9bf4,2840,52,15.634966
nadeem_6252,public-anchor-candidate,task125,20f2c3e90cfb5afe5ac7e795a1cf906ce67453cb55deb5cbcc51275aea5fc7e8,3032,28,15.495722
nadeem_6252,public-anchor-candidate,task126,b86dafbc68af0e5b698f0241dd534874e44ffd9dfca8bac7b89280a3534f3824,2765,29,13.636840
nadeem_6252,public-anchor-candidate,task127,81f551a5b779e861ce371fdc4697595db753242954a60c50a3ac8e3108937d97,3772,1,18.197605
nadeem_6252,public-anchor-candidate,task128,5224331b88562c8c5864a82ed28442ed1a8c17321e5852eb0c193b0a8eabe7e5,3365,28,13.537926
nadeem_6252,public-anchor-candidate,task129,bc11e9e80b9128561b6e14a4908c76853c1496104b6103d675d166b25e9f3a67,726,7,18.258299
nadeem_6252,public-anchor-candidate,task130,129e8e94901df68286dc85134b4be5ba1daa1437df26f1eb430b9272e7f77471,1293,10,15.322911
nadeem_6252,public-anchor-candidate,task131,aef2df6731cdd0168ed41a7637a2b939bb42ff5efe498e6732b1bc4fa4aa2d64,7860,103,14.295633
nadeem_6252,public-anchor-candidate,task132,02558813adda79590927fa1e3d0be80af0e44475a6abbd69beb0d87da57bfdbb,2585,38,14.709279
nadeem_6252,public-anchor-candidate,task133,98c9e52b494fb0f930f72b2508e749c34f95ede21d3da8d2ed929d596b33efb9,10596,122,12.810072
nadeem_6252,public-anchor-candidate,task134,b8c97031d4dd9d04cdd7ec5e6e43525899b583f45e8266ddaa88aa4340ea596a,7061,75,15.575516
nadeem_6252,public-anchor-candidate,task135,a6eca6896b1dbbcd1bf944fb6c9538e2c5fc2cf15786dac3b683be3574fcd543,251,2,19.113896
nadeem_6252,public-anchor-candidate,task136,54b79d7f792cfe272130aa8daf7784f6ff46db39d5419da2bf1152175cc472fe,2845,25,16.515950
nadeem_6252,public-anchor-candidate,task137,1933adc61bb37aa8289a0a8b5aa4bf16be59d72316649981a3f196e76d12aebf,3864,36,13.809044
nadeem_6252,public-anchor-candidate,task138,32972f740b91df81d7495e7bc824df592594382f7f2edab0ef5b07c14f00a0c5,6654,99,14.209445
nadeem_6252,public-anchor-candidate,task139,e3e6133e136fc342560390d22bb08861dc290ef6c9f64e8854070984d4a5946f,3865,33,16.803012
nadeem_6252,public-anchor-candidate,task140,35298d837506c049f25a80c79e44804bf5b76de02a18f7c2e3bf35a0e4b535c9,394,2,19.091917
nadeem_6252,public-anchor-candidate,task141,419409ee1ef9989b22aaba718cfe107b9d915bb476e1f4edee982507a294cede,2345,21,15.331033
nadeem_6252,public-anchor-candidate,task142,b525fbe662a950ccba343052e36da4678bbd57b9039d4f6c5a15f3c0a16fd54a,7454,1,17.504458
nadeem_6252,public-anchor-candidate,task143,545186fc1e5605ade4d666e87702a09678e9c34c1449945e1a0fdef567cea868,2144,24,15.124860
nadeem_6252,public-anchor-candidate,task144,9ccdbc162d23747b26bd043d8488ba2aebe080e2a693304f16ff65bd3b7d6a0e,1358,13,18.333043
nadeem_6252,public-anchor-candidate,task145,22681d1e38fd9b4a50619a4900134ac568081a0007d313598a2d4a001a12a65b,31434,325,13.796907
nadeem_6252,public-anchor-candidate,task146,773d61ca46def6d1e9fdb7916c51a9f5e99a5d39640f394231b2b05a400c4a31,1894,29,17.278651
nadeem_6252,public-anchor-candidate,task147,e65dc2d49c2dd32775575699e73cb1ad0aca1fcca0a87fcec26127b52f631670,3825,1,18.186555
nadeem_6252,public-anchor-candidate,task148,977766efe15f7fabde643b68e24ea47cc5d9069210a295f8ba0c7ab3a2f5b9de,6750,110,14.999885
nadeem_6252,public-anchor-candidate,task149,3137da6fb944a3bb6e03884efc695345a045254de6a366510505b2221d175600,1404,13,16.455386
nadeem_6252,public-anchor-candidate,task150,eef66466514ec7a5328062908ce1f14ca3b8e113c6b1cf7adfe182abcc341de8,1299,11,18.078342
nadeem_6252,public-anchor-candidate,task151,265a8eb2b997ae3dae68af150413ae0c0301bc004251e92a8beb0dc79bd2e36b,3880,1,18.186555
nadeem_6252,public-anchor-candidate,task152,b525fbe662a950ccba343052e36da4678bbd57b9039d4f6c5a15f3c0a16fd54a,7454,1,17.504458
nadeem_6252,public-anchor-candidate,task153,f0f110f71bffda74a8168f2ab942e2b3ff65762c0cb9aa24a0705a53ec03e3fa,8423,108,15.012033
nadeem_6252,public-anchor-candidate,task154,5f1e298db41b5a1f178cc757f413e3eab14e95291dd559a42ff084b616a29b41,8020,44,14.272907
nadeem_6252,public-anchor-candidate,task155,eb14dfb5dced388e02e786c70561a892c539daf1e48ed47cd695642c53b65585,1299,11,18.078342
nadeem_6252,public-anchor-candidate,task156,e365c128127e7c2ba75fc7e0efd5e0d695bb256972b63cf49206bbf65e227349,49215,375,14.813140
nadeem_6252,public-anchor-candidate,task157,54ccca78d90672c897765f456d3c87999218406775f9513916d10c9f994a4e95,154538,3252,13.651336
nadeem_6252,public-anchor-candidate,task158,5f126c6c95b5e9197281b2b0130033f28d88f1c99e7b8717c68508560d5df8da,26673,294,12.827210
nadeem_6252,public-anchor-candidate,task159,93239bd39db8bb07ffc4f354ca7b43656c78ca03e18c9ca72a30ccb093e2eb5a,12966,57,13.597995
nadeem_6252,public-anchor-candidate,task160,9614391ed6a8c961cb2a50b82e22337eab556621bb99de4baaa2f78d0f8b06ad,2189,19,16.569237
nadeem_6252,public-anchor-candidate,task161,aac790a1c2961c5e1042a8a2f49001fa2e554ab4a5bf8990b3490e3ed1658916,4456,39,13.923303
nadeem_6252,public-anchor-candidate,task162,29467827e023a09da29f2c6bcf10d77d7bff035e613d5615f27d623e6f2f3224,2268,19,13.944502
nadeem_6252,public-anchor-candidate,task163,261af5c25f75b8f68293fce15ca95d8473efdd1a3ee6edf45eb5b1981fe6d584,9085,68,14.910655
nadeem_6252,public-anchor-candidate,task164,250771b94d3db4658d4ac04e3bd9a0740f2af0f3aba0bb9b5df4d6181bb470d4,479,1,21.598803
nadeem_6252,public-anchor-candidate,task165,84191da6721ff334125fd7fa8616eb9122ba801b8e467d4f0bac42cdd367fab2,4910,25,13.879762
nadeem_6252,public-anchor-candidate,task166,635ac35cdaf739d7549ee8cd70b4042ae832ff18d2798a37fb1e315bb0990a02,1318,11,14.881845
nadeem_6252,public-anchor-candidate,task167,7205b15363f53274f9987b481f736b594008071406a8a8644556e6d42336b88b,2375,8,18.294361
nadeem_6252,public-anchor-candidate,task168,24e27e72411c8561da75b446c8d7253b7581784b14d9d8063097e06ac83fac71,4620,45,15.076563
nadeem_6252,public-anchor-candidate,task169,dfe553780f6769c9353bcda597ca9fe3629e0ef69cc742c9b3362616e9b716ae,20803,168,14.929770
nadeem_6252,public-anchor-candidate,task170,40c7d62d579c2d8926059eb3c557934286ca2ed2507772f25b157bc0a91d75ba,50577,681,13.728331
nadeem_6252,public-anchor-candidate,task171,c0dccfce69e87e53b68a617cc0ce6da5c9659180ce2acc2a46007c9915c524cb,3825,1,18.186555
nadeem_6252,public-anchor-candidate,task172,aa923630b6479cf1a1f5e7b7bfe2e4947e1c8ba8edba4f31d250b0b2f0c98dde,479,1,21.598803
nadeem_6252,public-anchor-candidate,task173,6422b0cd8c4551cb02c6733546b9d7f1b9130a0e4e58c7132e4791558a968ec7,10061,68,12.926071
nadeem_6252,public-anchor-candidate,task174,4501407339b9e160ae271315971c5baa39151bb8f252ce075fee7e027ffb1686,61839,790,14.140636
nadeem_6252,public-anchor-candidate,task175,0b83fcaee1890aa837935876092644cb56c2acf1f7249d8fb3ae79877ef09f4d,6889,23,13.540264
nadeem_6252,public-anchor-candidate,task176,e323248617622d6f3ec11b2d387952fea83ecc2fed3bdb998ca12143a2168c6b,1126,7,16.022854
nadeem_6252,public-anchor-candidate,task177,cf49f3845c907c5c58bfc44858a09562b29c11f7bc05ec633f96e70552287949,3189,33,13.978196
nadeem_6252,public-anchor-candidate,task178,4da8ed1ed0676bf74ff1db264eee36e5a51569d8bfd9726b145975fb852cb357,6748,126,14.713600
nadeem_6252,public-anchor-candidate,task179,bde695a21a93b9e2084a9b7e8a8bee5f2cdc694baa71a12d1c34ae921a89cb87,170,1,25.000000
nadeem_6252,public-anchor-candidate,task180,2de5119963dd1a2c303ea79c0f562f2040d904a9a254cb3fe450ae080279da87,4414,5,15.910924
nadeem_6252,public-anchor-candidate,task181,d5e423513a6d975dcf970b7fa00306491312801ed8b9c3232bddaa05e5217ae9,3083,21,17.914936
nadeem_6252,public-anchor-candidate,task182,a4c0113b16fd5a5b05d55505920cc5ce2a3f44b02eb252331c82630ae44592ef,12955,168,14.228887
nadeem_6252,public-anchor-candidate,task183,304fd9d6c78ea14e6b21f5a8929aec65dc8582e0ed5300bcfe6c020cd031d4c2,4645,55,14.878261
nadeem_6252,public-anchor-candidate,task184,e2dcc9362cac03db34174d9cfe83b4528b95b776befd30fdd1cdc73bfb758161,43202,71,14.432408
nadeem_6252,public-anchor-candidate,task185,dbc48d1e31979b5114d5df411783ca8989f9ae9c4bd063f24eb529ea5d5b1dae,18881,242,14.004858
nadeem_6252,public-anchor-candidate,task186,5f12ebe1ba6f496ac5712d9d6c43d990aba0f2edfb4474275efbbbce95cef086,924,11,19.102846
nadeem_6252,public-anchor-candidate,task187,a12ff26344d3636a415f318272f96b57a7e6c98ebd9e5bd92bc9465f8ff342d7,5758,87,13.435308
nadeem_6252,public-anchor-candidate,task188,b48429ec56843515f15fb784b0246488517e52cca244ecee0a432bfdacfcdec0,4356,41,15.692533
nadeem_6252,public-anchor-candidate,task189,8feb91f1cc27fca0b315416ca074d36c658d8f9683b58d95609bba625e80b4ad,6704,110,14.887508
nadeem_6252,public-anchor-candidate,task190,0a31ba38881a6fc4af83224d1aa59f0a876aea5808f55f95707b8c5975ac4c06,8781,63,15.675974
nadeem_6252,public-anchor-candidate,task191,bed11bcd1fa6de9d41351306ee799f453ed8ddb089b72f5a421af02ae8d88e8c,8424,212,13.602800
nadeem_6252,public-anchor-candidate,task192,02da2ed1d0363997e45f8c5bfe6fef9b8de614300b6189a91ffc9a8d49a37a05,2089,17,14.141617
nadeem_6252,public-anchor-candidate,task193,1184ed012012ee9bc87677fea86382acea9bc6b8979f087a5b3500492d6138dd,1925,14,14.109558
nadeem_6252,public-anchor-candidate,task194,5a188032e9933c63bea9816c0846001d769eb356d00653af9e5e766ff62bb53b,7454,1,17.504458
nadeem_6252,public-anchor-candidate,task195,ba4b722b42ea9bdbffbe4fcf38c90d387045eee91e245e77f502c246c158e0dd,5381,33,15.436963
nadeem_6252,public-anchor-candidate,task196,89719c41cdbc1176e45d78565003ab2f9feb673cd43fcf7fef4c3ff8a4a302e1,2417,31,14.618975
nadeem_6252,public-anchor-candidate,task197,d2fb46801935583882f6a460471b563ccee60a53661cb17003fc2b60f17ba1ea,1223,18,14.166556
nadeem_6252,public-anchor-candidate,task198,a1cd099e3d965fb4506eded8d4bde77ea202357df70e9212b36911ca002c8cb1,6979,51,13.449576
nadeem_6252,public-anchor-candidate,task199,7f8ae82add1995ce631f2596ebf18e50b694cb8ec8d56a776cb6b1f393d891fa,2948,22,15.309891
nadeem_6252,public-anchor-candidate,task200,3db82e421fb1700c12efd717427c8530ccb8c8b610c32b22b6ae170655c00c8e,3848,38,15.975267
nadeem_6252,public-anchor-candidate,task201,38bd02d717e5ab0a9e14bc97fdda66c68e8a52c2b2686fbb9411671b3abf5da8,9668,135,13.562876
nadeem_6252,public-anchor-candidate,task202,548ea01a96ba723d596f57386963dc208eac1c74ee9c8ad978597704d8065f5d,3582,31,13.258188
nadeem_6252,public-anchor-candidate,task203,5c86587356aef4914bda51c97f89e22464a8270b22c47a7b46fe9a7cfed22036,6437,36,13.610350
nadeem_6252,public-anchor-candidate,task204,ba4ffbc5c9eef0b8cdd6718a27b6cbdd935d550ffba5f90c34d687d2d4595565,7250,73,13.307707
nadeem_6252,public-anchor-candidate,task205,dfd08e391e2f0ca84fc0efe2a0fb96c8914cd0c3f7eefebc8c36de45e2c92553,33601,416,13.370955
nadeem_6252,public-anchor-candidate,task206,1ac8f234abad1624589f9b5ba6a54874c1fa67de670126f5adb9071b1ddb9e55,4032,39,13.975047
nadeem_6252,public-anchor-candidate,task207,eb31b69d46ecc34c73b17ad80493c10002468aa9196475e6c9e12fcf46ff8235,1979,25,17.463636
nadeem_6252,public-anchor-candidate,task208,5d341124008dfd310bc5a123793ff6f9beaeead1fd98692f86f798a8f1e3f4a1,15885,196,13.566031
nadeem_6252,public-anchor-candidate,task209,526096cdb412105c0c63b13deae79e4fe0e8dd534f55f1f79315e19f2b58699c,12442,200,13.285310
nadeem_6252,public-anchor-candidate,task210,aa923630b6479cf1a1f5e7b7bfe2e4947e1c8ba8edba4f31d250b0b2f0c98dde,479,1,21.598803
nadeem_6252,public-anchor-candidate,task211,3c58a51ab06ee25bf3c54539284f6def4bc6e10c364246d45f5533df0905fd17,7454,1,17.504458
nadeem_6252,public-anchor-candidate,task212,e0d35281ab42a5512d94c197cd35136e014ae6e7ed1a41b07e9ee2016119e2fc,4512,53,15.792664
nadeem_6252,public-anchor-candidate,task213,77849bbf09f61adb69146af9461c7912abc314e3cb87e9c103a63f33fd7091cb,26499,392,14.175732
nadeem_6252,public-anchor-candidate,task214,476030b9c3c916862c896b22ae9f1ee46d6bedd703bd39deeb4fe1a9a7cf6c54,7454,1,17.504458
nadeem_6252,public-anchor-candidate,task215,ad1e975b6e82508de2e208bb5877eb3d7a2c9d9a0cebf7b9dd4911a4078af377,1729,21,14.452188
nadeem_6252,public-anchor-candidate,task216,8736d30a18de065d1250ea21affacb0eccba6097e3139d7e8ebfee451365a4d4,11049,276,13.449663
nadeem_6252,public-anchor-candidate,task217,2f029d300d82fefb5d96fa4be293ae596ae1de0026dacc64e63b73ed6b788d33,1350,18,15.206104
nadeem_6252,public-anchor-candidate,task218,14bb6c5e5fa3712e4f556142985fa03de40ba2accd475bb596ee538d3c10c60e,9594,137,14.948006
nadeem_6252,public-anchor-candidate,task219,d57f742eeae01c44819c92cb474062dbcba00db96b32ed99363a677479b2e02f,21947,420,13.647431
nadeem_6252,public-anchor-candidate,task220,924ca3ff6b3c2190ebdd92b73e0c33ac441a7e64b5924bb34b2faa596a40dd55,3798,1,18.197605
nadeem_6252,public-anchor-candidate,task221,fc40a9c864b222aaeab1d16ab69b17f524fd95dc657baa701b144f4288e5bcb5,13333,28,14.069235
nadeem_6252,public-anchor-candidate,task222,f82b35de1de8377a5dd17f94de623872a1021443ff972be6e0765c6d21c5595a,2578,21,14.031198
nadeem_6252,public-anchor-candidate,task223,51cd95a032c661ce28fa653ad0e727fb33cf6a709a5747e02a8ab323190ae968,7454,1,17.504458
nadeem_6252,public-anchor-candidate,task224,1e4af401b9b3fe63a2cb91cb665445ec3c54bc3c6b116d921d049b210a151c08,4199,55,14.274049
nadeem_6252,public-anchor-candidate,task225,29a76e5536c419ef3e3747f899f51614ee6699ad35ad5fb9b073ba5d5f52d257,5688,40,15.687284
nadeem_6252,public-anchor-candidate,task226,5d115fec7e34ea6013b743620d1addba979258bf37902350608a4c3438346438,3203,39,16.376826
nadeem_6252,public-anchor-candidate,task227,1c70db9caee31b32d02ae1630c5ef3991ddbf82fedb750d43b515fab048d6dec,1135,14,17.018267
nadeem_6252,public-anchor-candidate,task228,a8a923f21fecee5512861159a89a0ecf2a9f276985c45face926d3b953bdb4fe,2649,61,14.869935
nadeem_6252,public-anchor-candidate,task229,acbf2dc745d4a717148c274f1e25cdd3fce8e718787f72530d661d60044ad805,1379,14,17.749364
nadeem_6252,public-anchor-candidate,task230,1444325f9990947c4e2b6bd66f2ce611d8efc4be97b595c4bf2ad63e9e166ad0,3798,1,18.197605
nadeem_6252,public-anchor-candidate,task231,da36f042051a327916030f89e33ab2146301e9fa4890884f3df0232d009ca3ce,2605,50,14.445542
nadeem_6252,public-anchor-candidate,task232,b416c4b9864f9c0ee3021d3e0d536638459295310003e1612ea60837e5e1fc02,1616,29,14.707956
nadeem_6252,public-anchor-candidate,task233,d4c2341f9ab79e4277042f6098169402b5c12b4d97c66e4ad11ee38e03404992,321271,2428,10.677923
nadeem_6252,public-anchor-candidate,task234,89328211cfc49e1d6b7788e2c884ed883a744cf19e27a7b8393aa0d1549217b6,4106,58,13.689154
nadeem_6252,public-anchor-candidate,task235,046373c88008b543046f990f0cde3f5c161d21e0835fb8ca9ada066a6fc504d1,3090,35,17.801069
nadeem_6252,public-anchor-candidate,task236,2e59dc4336de1e1fb4014ca0b81f2777c0a9fd808fbee3c5d54770d6ade5bbfe,643,11,18.533855
nadeem_6252,public-anchor-candidate,task237,9d3baf9e04284ace2238abe88eae62477296ee34499efa7b0146d799717804fc,1637,25,15.430308
nadeem_6252,public-anchor-candidate,task238,3208dbc8cec5a6a6874fb45bdf74920c0447b6b2745454a2ca76efdd5aa83d45,11927,102,13.927566
nadeem_6252,public-anchor-candidate,task239,2abd421624d88b12e8a63904b214d06678543cf0231b040cc10fec704aac503f,4143,33,13.525015
nadeem_6252,public-anchor-candidate,task240,bda05f96847ed565be978b76b47136a6bb20b09fc1dd04053bfd1b4222485694,66169,11,14.765519
nadeem_6252,public-anchor-candidate,task241,bde695a21a93b9e2084a9b7e8a8bee5f2cdc694baa71a12d1c34ae921a89cb87,170,1,25.000000
nadeem_6252,public-anchor-candidate,task242,beed8e7a6b84fa7c89b7d5ec9cba5867a87a8ac3b612eee21d427fb75c0223b0,1736,14,15.090580
nadeem_6252,public-anchor-candidate,task243,8c58cc318fa9f59c3692654d50085f7b92b0511a745028cf7bca8bfc694b9ca1,16583,135,13.401200
nadeem_6252,public-anchor-candidate,task244,12974cd83da15658ad0e0fe3b624c0b705d56b763e2925eda0818540265e7af8,6538,66,14.633345
nadeem_6252,public-anchor-candidate,task245,9a7e78ac605c6378be3f47d88a35aae0e1cf73ab864258254dd4987e43d54c37,2843,37,14.724432
nadeem_6252,public-anchor-candidate,task246,379b5a73e3dee6f56eedab3ab0bd0ed8414179c6e7ae1edd0a948060d6401309,3824,31,15.497662
nadeem_6252,public-anchor-candidate,task247,19562cb18f62167e2ce8c355377d9b1a3136c17fb7116b8c9110b15d4734e4dc,2056,25,14.993279
nadeem_6252,public-anchor-candidate,task248,1cc5ba184903e8307ed5ba4d36263e3487d7beec6142f401fc6d0424e70f1e18,2328,23,16.120945
nadeem_6252,public-anchor-candidate,task249,e6e58b07a2f88477f9f6bff875df198bf57830236bdd036ac5460ab1c6ccabaf,1990,21,15.740965
nadeem_6252,public-anchor-candidate,task250,a597d41fb3635cef1fb65c5c4818682efa2468a8b8b38ce1e86c82df9be4df2a,7749,129,15.595657
nadeem_6252,public-anchor-candidate,task251,82d350374d90693c70187cdf979ebb574c69cda11c9c56813abeb372eed8e78f,5106,53,13.481291
nadeem_6252,public-anchor-candidate,task252,f94f1914ddc282177a848c90a7aac926b6095d8fffc5a863c722843121c979c3,3201,38,14.453028
nadeem_6252,public-anchor-candidate,task253,2538ea53b1aad1e6365055ee14f48dccb49ef632cce416086075b33d42366bad,3510,17,14.215455
nadeem_6252,public-anchor-candidate,task254,a723230701ba601d3d39bcceb6c41545ed7dcecec7d640d794a6d298303c6654,6052,39,15.865030
nadeem_6252,public-anchor-candidate,task255,e6ed6b4ff01e155169486c7b822db244629ebc48a8b802870d51af90aa2cb5c6,301761,185,10.661366
nadeem_6252,public-anchor-candidate,task256,c62955c5ac4951f368900ad06f3a5ed4fa9817b2e3f8f0a049b5ef354c21fc4f,4780,40,15.041882
nadeem_6252,public-anchor-candidate,task257,316eaaf4e1a47569341378a8a58e40559f938a7fe5ae659867c0f2117bf8e021,1369,20,18.018065
nadeem_6252,public-anchor-candidate,task258,9cf85f5ef87760197eaab665af872adc9c2a38a6b9c2133f506deb1e51402d09,880,1,19.924826
nadeem_6252,public-anchor-candidate,task259,cd8f2883b4e59672ccd19f5a5b45fc92a1c48a4e736beaa179e62ce6d6dd7a07,3882,30,16.169018
nadeem_6252,public-anchor-candidate,task260,a0c625eeabd30f89f6f16ae6be445f721bbc7059d940e63069a03d74b0fc06a4,2263,28,15.568598
nadeem_6252,public-anchor-candidate,task261,6104690685d52f02ca149095658b51c2d448d252f763922efdb0fd69749b630f,995,1,19.701683
nadeem_6252,public-anchor-candidate,task262,0e242b2a1418fb93332fc01ff90e906403df0499e49baf091447cb02afec05aa,903,8,16.765170
nadeem_6252,public-anchor-candidate,task263,1b8a040360232f6944fa110231b6a00266523ac9e4cb025a05f8dc5fdbd23da1,10867,140,15.981062
nadeem_6252,public-anchor-candidate,task264,8dc8f779e857f2716400935a294a1337f2da1d83711a2b05438eaf5573899ada,7730,47,13.716035
nadeem_6252,public-anchor-candidate,task265,e44b248f5902d3d38b34e32679474cc70b8ee0d23a58ae93c6e8658e0375fc5d,3110,32,14.408076
nadeem_6252,public-anchor-candidate,task266,491258de81aba00b6aa06f223356e30346665751690278693288e858450c8563,3825,1,18.186555
nadeem_6252,public-anchor-candidate,task267,17276c7c2d0b7c809cb83a8d9b53f129c9298e7e35fdf4a22eb07f471368800e,1430,9,17.752207
nadeem_6252,public-anchor-candidate,task268,d6e7655471c32dea89573357bb31df7dc7c23396d2d8a7318ea2e17508b7d609,13356,180,14.983764
nadeem_6252,public-anchor-candidate,task269,947f2c17a6b1d44a9f4ad789f9351b4edfb84e0298e879c258d5034b09e12f72,2336,31,15.940250
nadeem_6252,public-anchor-candidate,task270,b73a12746408a64fc660309ec22c45ab3d2fdb4874d20e70981ac3d877927cba,13845,96,14.785321
nadeem_6252,public-anchor-candidate,task271,1d303e94d417fc4786c4e80dee5be764e57f981905d0bf8f5e5fdf48595b19ed,1993,22,14.725259
nadeem_6252,public-anchor-candidate,task272,bb44a1717b5f9b6f1cd8f6bdd32aa6a40d88b17db3e200a8cb6f7806bb2c658d,3825,1,18.186555
nadeem_6252,public-anchor-candidate,task273,ef481d8f02832385edb2ae3838215e1c01c80ebc407639a5d04a17ab09227a4e,2414,22,16.294338
nadeem_6252,public-anchor-candidate,task274,05e714a8af955d6f5061cbf93ea6964c368b3f5c164831d0bff7c9a31b8986d6,3619,16,15.942694
nadeem_6252,public-anchor-candidate,task275,b05c9d902d60b5e03aa3436e187c874a4948bffc12b2ce6c86fd8ed957970680,24193,253,13.662810
nadeem_6252,public-anchor-candidate,task276,2a3e881ae92099c36f1955bdf96ca1e9f77a4ef3d1d3eb58c63eccc80a655c7e,217,1,22.697415
nadeem_6252,public-anchor-candidate,task277,cdd58c9156822d0c5c668ebff763d57659136b9c3169c7db59aad321bb92dad1,6687,60,15.410059
nadeem_6252,public-anchor-candidate,task278,0c14b78590ad46420b694424fb879d1c8bdef545b3a92cd9ef5a15278e77cf1e,2285,16,14.554682
nadeem_6252,public-anchor-candidate,task279,77ad3d002b2c64888991d763c754fc018247f352e78c562d64fca7db08032314,10314,52,14.821536
nadeem_6252,public-anchor-candidate,task280,0ba0568bbb48a9b051c258201debcd346d773a5d71ba1a149f8fd8b615f4c7a0,10565,144,13.586829
nadeem_6252,public-anchor-candidate,task281,ca2a1537dd3fbe42f2138c372b482af55ba9bacf05230c700a13f8ac7caf45df,7659,64,13.597168
nadeem_6252,public-anchor-candidate,task282,3b69ffb73c79f09e8523073931061610e74b3e0d32534378317960c9557acd0d,3798,1,18.197605
nadeem_6252,public-anchor-candidate,task283,b0e2a1e5a77dc63e5c2faa69d44120f7fe0e8773160760e68b7f5912591f4c60,3825,1,18.186555
nadeem_6252,public-anchor-candidate,task284,fad3c53111b5ac6b7d99756ade0b122be5399f69539b335f8d35bea450647745,23922,125,13.466958
nadeem_6252,public-anchor-candidate,task285,68a4c5526ffd8be62c8459d2280bcbf5dc9adc4d2ee2d3dbb2daa8fc20b2d42d,61968,279,12.087459
nadeem_6252,public-anchor-candidate,task286,4f012dc2e0a2b7b30e956f16edf2b883865d3a35d150e621bde7331b202015d5,19743,169,13.003415
nadeem_6252,public-anchor-candidate,task287,4cdbdb8ebc51362af348b4c6b27acc968618f39eb23639e05932f58cfd196831,1686,22,14.975800
nadeem_6252,public-anchor-candidate,task288,0e48931aebec1eb0659c9be80508c8650400244b0f49af19d8698dd8b162a3cb,5948,54,14.632558
nadeem_6252,public-anchor-candidate,task289,00049ab3fa944a3759833dc85ccfb83f4f4ae7a1ab800664e74423dfb9c7b6d9,2041,28,14.860176
nadeem_6252,public-anchor-candidate,task290,f1086fcddc1287e8f751349bbcc1c1bc72e816011cd787def2fc61971684f688,3323,32,15.631972
nadeem_6252,public-anchor-candidate,task291,f97257c9bae5cbdf0614cf4f6d0aeda2c0db164b44f4861fc829c00eae636b67,6009,22,16.627370
nadeem_6252,public-anchor-candidate,task292,e07b37f22f098e404b58d7607ce39d0fe5eddd0d9460f62732e9ce79fdb66757,1065,7,16.250902
nadeem_6252,public-anchor-candidate,task293,d0d3cadd99d8938cc3977399ed5dee18a032739905995bcf0fbc76a20c04297f,9897,52,14.882571
nadeem_6252,public-anchor-candidate,task294,247179b0cb2fab9e792e9f91da564f6ee1f8d4059046fabd7bfd7e7d3d010cd9,3825,1,18.186555
nadeem_6252,public-anchor-candidate,task295,5a049215df9c118110ba1217eb55447b5d335f09e93a9526e6862ff5b585b365,1956,23,15.588680
nadeem_6252,public-anchor-candidate,task296,4306af04547e103c395a41f15f7829592897a368a36d02047b54c256c5e54b13,2843,10,16.677606
nadeem_6252,public-anchor-candidate,task297,d627eca68b90f28a02781a8682497d5d894ddf8ff7e163243e795361ab962953,2373,24,15.876089
nadeem_6252,public-anchor-candidate,task298,9b77b58a90defa3f7eb249e787dd574f52ad8319b503b79e3dba3b4d5b11eea3,3322,35,15.387667
nadeem_6252,public-anchor-candidate,task299,1e9708846864c2782d5c9d4b378034e7f20bd2a610abbcfb0712b83b3179cd2a,1405,21,17.510029
nadeem_6252,public-anchor-candidate,task300,636b174c4333259b7ef746830a9768013b6f733d02576aeabe427095253be1e8,4454,43,13.741373
nadeem_6252,public-anchor-candidate,task301,a9794e11d05e2a30078d5571b3c25490850073d0966e896233ad9e29ea534801,19261,48,13.918042
nadeem_6252,public-anchor-candidate,task302,fc0c4095ee26f99dfa28593219832fb1744068c9c08b4b65293674194a176ad1,4372,43,16.038634
nadeem_6252,public-anchor-candidate,task303,f1388ccd300d0326ef77e32e80a1bdcb15c39bd24649153f5208eb8cc0962cc6,2084,8,13.701382
nadeem_6252,public-anchor-candidate,task304,06814b3c9e89e0e99a7912ec3975a71e82891a22624fa4ed401a2bdfb2d9560c,1814,17,15.418510
nadeem_6252,public-anchor-candidate,task305,9f735899c445d2de0753685201dbbaa448ff1306c5f52d568270b4588d8e242d,1865,6,16.718023
nadeem_6252,public-anchor-candidate,task306,7b49df67bd4c3733ab36737bab5b236e6f62b7b3928698f735fa95db0f9366f5,4155,33,13.926448
nadeem_6252,public-anchor-candidate,task307,badc5326d1acd892c77212fc876a3f3192e5b67a9806ab111d1e9589eff70706,7454,1,17.504458
nadeem_6252,public-anchor-candidate,task308,a3eaad1dbf74c2dd0e2d63ccdc76857b58fc7cc14f63cf366932995e1ddd78be,3875,59,15.010381
nadeem_6252,public-anchor-candidate,task309,c47b834e65872a11ec0cda3c8246948b8365f81f916610b49ed07267815733d9,217,1,22.697415
nadeem_6252,public-anchor-candidate,task310,9456e21fd271f0a84660fec5554753d105c6ab2d03ef08b086922cf1214f946e,3379,42,14.844237
nadeem_6252,public-anchor-candidate,task311,250771b94d3db4658d4ac04e3bd9a0740f2af0f3aba0bb9b5df4d6181bb470d4,479,1,21.598803
nadeem_6252,public-anchor-candidate,task312,5f8662413159b881c8dff97e5c51ca63270ea3b1609d0f333539af73166348ff,1202,8,15.791762
nadeem_6252,public-anchor-candidate,task313,a53af0418f5de87303fcf7282bd1ed16deca5a31b88b7ebaf2a2f4b6d689a574,39887,34,13.666536
nadeem_6252,public-anchor-candidate,task314,6de48aa8380bfa9f60145881280cb81f0649f178f1a74456c5c40334004417b4,24532,282,15.941180
nadeem_6252,public-anchor-candidate,task315,e90e9fdba6c27023c8aa0b2a5551bb93b6b95f46075245fed650566d7e77cd51,1167,15,15.834971
nadeem_6252,public-anchor-candidate,task316,bc9115e30d7e28bb0acd317cfa1c29169feacfa251035f175a81875f4536fea7,3963,46,16.730499
nadeem_6252,public-anchor-candidate,task317,54ad9bc9831f0f3a781e65116809c2c60f3246bbdc84fc6c0fa8064fecb5d8c5,3798,1,18.197605
nadeem_6252,public-anchor-candidate,task318,01e41dcca08ca7c9bf4611eeaa13b8a96acc912291ce485fab569cc9819787cb,728,14,18.394702
nadeem_6252,public-anchor-candidate,task319,7aa1d78fddf09c815ef6fceff0f357f98b235f69bf1dc39d1217d2e0af60ecbe,5710,66,14.580461
nadeem_6252,public-anchor-candidate,task320,b5f9d264034aafc2780289baeb60a45e338fd6478233a720f13b79faa2d6b39f,2183,19,16.445511
nadeem_6252,public-anchor-candidate,task321,2e36977fc386c76ebb921b21626cb0733b08b8f40969cc3ff8635f327f718f5e,1733,22,16.385499
nadeem_6252,public-anchor-candidate,task322,0027f18a5feebb51f7cf1149c2cb9c9b8ad2d16b656b61189674cab55adad380,539,8,18.234961
nadeem_6252,public-anchor-candidate,task323,730233a73b9e6e98e25c77baf2e139a562e458088de6d66cb6f5a0090c133eb5,2497,10,16.580861
nadeem_6252,public-anchor-candidate,task324,022afd33a6e9b0c37a3e2c3f23437cabe9e10ec07aab1b41f9431b047f33a6c9,6861,52,14.203081
nadeem_6252,public-anchor-candidate,task325,703958452270456b7d0aa9d4685a3bb4279c1a189050c3b1c4c5c0ef26767373,5072,39,14.330533
nadeem_6252,public-anchor-candidate,task326,d8c069fbf425d2fc92a051625cd6ab3ed7942bb3f87ef81c26b098ca464da222,251,2,19.924826
nadeem_6252,public-anchor-candidate,task327,28e407c04689606a975670fd8f7da26d5ce7a9a10400265cc54eca46e5504bed,1638,18,16.070962
nadeem_6252,public-anchor-candidate,task328,23de6b8cd14e063823c82a96e8174490f3e0906e01523668c5c1dc12428bd825,10607,102,13.871958
nadeem_6252,public-anchor-candidate,task329,b3983c3bd8c099ce71cb48e09938e0328cc29853d73d956c35e125db9bcd43ef,1652,21,15.763992
nadeem_6252,public-anchor-candidate,task330,8a424d75b0360b5cdbbeccc47fed205640ea34f892ead97b7780c68a1e453f05,7417,22,13.964707
nadeem_6252,public-anchor-candidate,task331,159b7db4377d2a7d75a15aa8f84344e6d919741566944220da8f361aa1da572a,3836,1,18.186555
nadeem_6252,public-anchor-candidate,task332,7b9311fbf91d7c0760a21f824b62a7b07e127068f266044e6d565ee397b4cdde,4180,29,15.896132
nadeem_6252,public-anchor-candidate,task333,056322558aa8fa4149af6ce9821d3273f0b403e4408e461963db3d70864f1adc,4379,55,14.877658
nadeem_6252,public-anchor-candidate,task334,a5f6ffb6be0ddc49db3ce5998c7cae13bfa5a4f830eb89e47e9f2875f71895c0,889,9,18.588182
nadeem_6252,public-anchor-candidate,task335,df7e9b8596d842b5ccccb92f6dbade8c446c1be3167bc5a0d2345a2a5f0d1e52,3440,36,14.258205
nadeem_6252,public-anchor-candidate,task336,66605e39204e06dd97980e812e93d14e7dab3eb0d815b075ac29202827cc6a4e,5276,54,16.294503
nadeem_6252,public-anchor-candidate,task337,c276f5799bf0f2f77bbc0c31f5ed97472afbff9a946326286e229929029e2484,159,1,22.697415
nadeem_6252,public-anchor-candidate,task338,c4e2d784490156e8a4ba7ee3f80c9706021d7bca46e83c27c2aaab16a43710e1,8884,37,14.285227
nadeem_6252,public-anchor-candidate,task339,e8be4c26edfb079da2c23ae2f0b4d5d89e4dbc9c4ef2dd065ae8f448193eec36,2038,12,18.112447
nadeem_6252,public-anchor-candidate,task340,ae9d3b10081fa4e93487ffe7567852135f45ec4342fdbd9a3ff936ee5f937c52,6593,71,13.836306
nadeem_6252,public-anchor-candidate,task341,564fae20dee0f5a54330c3170bfad5824556165d5a206e82a19c9264faaaaf05,8743,101,15.154936
nadeem_6252,public-anchor-candidate,task342,568532a57f0cc0277edc76b1421770305f1a68dd847468cc0cf3c8d021e03009,4815,38,15.499306
nadeem_6252,public-anchor-candidate,task343,57597157dd7a9a3cfbb8b3d09c4bdb18694accb83e35be82114337eca38b7d35,7088,86,14.704099
nadeem_6252,public-anchor-candidate,task344,a23999c886c62393d115371628fbee6b6043de7a35bed72285639240d6def4fd,10236,1,17.171962
nadeem_6252,public-anchor-candidate,task345,c33a5f6e78916a4a95040832dd427c7877e2b85de975738a8cdcb55dea726ae7,10079,89,15.631289
nadeem_6252,public-anchor-candidate,task346,e127612bc10915231c09b9a410db00be87b798db0d06b4ac227cf3a1d03dbfa9,1580,13,15.875435
nadeem_6252,public-anchor-candidate,task347,380cc99c31599d59d4fcfdf50a35ef62a10dc616d3253ae3afd5dd4749491257,777,13,17.617876
nadeem_6252,public-anchor-candidate,task348,a6dd8eb329ee1c4b5ee60a6985610b6685bad770c76a14d12eb9e9665303821e,3000,29,16.103412
nadeem_6252,public-anchor-candidate,task349,ac90c0e86f99540147c788e64cef5c37a116bd4c884d64eb39b1af5b73c8b320,8082,25,14.190656
nadeem_6252,public-anchor-candidate,task350,0a4953ef042161b10533c2687cf95494f213b8913fe824d49955a6077178c613,1437,17,15.104998
nadeem_6252,public-anchor-candidate,task351,c17c4a24fd333fa82a77f43e4a5127d7eb81187a15ad4b7f8a1bb21664a5d49d,3049,25,14.532506
nadeem_6252,public-anchor-candidate,task352,f3b9bb985cfb0478df981c689aab9f22dc5bb177e02b6f3b6a3b330669eef601,1398,11,16.201243
nadeem_6252,public-anchor-candidate,task353,1639de1c1d4d3ee61a8454a02d3b5af4d359f13f2fb1c963687d4cd76b280a8b,3244,31,16.403811
nadeem_6252,public-anchor-candidate,task354,72097d91360fee677a7cedfcb6a9f81d203f7ed48b510491a32767048d687447,2710,22,15.258620
nadeem_6252,public-anchor-candidate,task355,ad09d6515b0ea120e8214015b5a7dd13fe14644812fd3be9b33471c171932a2f,3971,41,15.624569
nadeem_6252,public-anchor-candidate,task356,551900e26ac21ba20631069f1a4268e5b9992eabbfd9cde50643affea19fc2f0,2344,21,16.482407
nadeem_6252,public-anchor-candidate,task357,3d4c5d3ef46e8c9f15401243e101a1f27b9981a0b79e63fc1ea26fda02c8ea43,2328,23,16.120945
nadeem_6252,public-anchor-candidate,task358,50650df0548143121954ee03c9db4532be39a4a56b686e8bf4987af48b47c2cf,10944,132,13.355862
nadeem_6252,public-anchor-candidate,task359,1c4683356c52e5f1ca1b725734fdf8932a57c9fe9c74559da7a2378c9f86293c,1184,15,14.347150
nadeem_6252,public-anchor-candidate,task360,723ede1fdf46c4e929398bb91683e9f43d5e63a6721e2ec311f654a49995785c,987,10,15.659860
nadeem_6252,public-anchor-candidate,task361,c699920ad2f238fc83e5ce068f9b1840e0bef19a7045709a95c8a20f63ccd62b,6862,60,15.324857
nadeem_6252,public-anchor-candidate,task362,809f348845562e3a2af3412a38f9a7bf492e320a45d1adebf5e278757bb88f21,1696,28,15.612434
nadeem_6252,public-anchor-candidate,task363,8a3cfb5d37774abac99d835a86a8babd5b0b5b962b572c370ff9b245ade595a2,5425,48,13.604823
nadeem_6252,public-anchor-candidate,task364,9f5bdb27f1d3209b0218aec767937d478bbe7db43fdf2be16278461b10f9c75f,8985,63,13.737345
nadeem_6252,public-anchor-candidate,task365,b5433fef2a486e434f677cabc36a073d21f90962bd37a741806cbce8ba33a836,16991,234,14.017865
nadeem_6252,public-anchor-candidate,task366,9c2857c2195d9fb8bc86374d45e688230576cea8a4d8444034e776310f6c0d98,84301,723,11.362564
nadeem_6252,public-anchor-candidate,task367,d714af254dd574b2ee6e4d9a7da38d254cc1cedf344e671171b3198e6677f3e9,9982,135,13.125192
nadeem_6252,public-anchor-candidate,task368,fb13ef89494b35d91e797f4295a7a89ef8111ed8b5d8f62974f2ce5be08e16a8,8950,186,14.615971
nadeem_6252,public-anchor-candidate,task369,41510d5508f7ee00bea219692bf4efbbac40ae5b20300daa5ec4f01d4b6816a5,2940,26,16.047265
nadeem_6252,public-anchor-candidate,task370,35b1354dec9c1b476f5dea4744a96e366bcc30ee32f727907652ee64f46a3f37,10197,155,13.407367
nadeem_6252,public-anchor-candidate,task371,55f3e4edea862a77001eaa66f9ce4cd37bbc3eaaaad9315a16360ce4d1d01bfe,1810,23,15.039140
nadeem_6252,public-anchor-candidate,task372,612684b2e2b88419b0dffb9061ba10832910a5dcbc1dedfb2dc7aba90a0290f7,664,9,16.027917
nadeem_6252,public-anchor-candidate,task373,febd0e663c6704afa5d637e656bb7decaf87e1523de97cd6fac5a3db41f7c234,581,9,18.738508
nadeem_6252,public-anchor-candidate,task374,91c09b1102f4ea3c00148558423d98b8d9e9f04cfcd91d8995187f580364de84,3923,47,15.335912
nadeem_6252,public-anchor-candidate,task375,509686d607b3126316a284357799deb369829fe56865a1b05609fa3447c4c5d7,2214,19,15.372793
nadeem_6252,public-anchor-candidate,task376,a303f886cac43798cffef617b4b9d6b5ef19587a49b8cb5ae3ee2b98fd71e4d6,2664,41,14.938953
nadeem_6252,public-anchor-candidate,task377,9b52b78bd3e2bfa2d9837ed1edc28b7aea7bbfa859063f82428bbf9c175dfa43,18685,197,13.966337
nadeem_6252,public-anchor-candidate,task378,83b85af797290c872bb4445a649a62c3dbb79def4efe2837004cc95fe7d9308f,5481,96,14.428478
nadeem_6252,public-anchor-candidate,task379,b5d2b20c584301f7abc010c463188b248a1cf46e8115c8d81cb5f0e30db38e33,9996,107,13.808672
nadeem_6252,public-anchor-candidate,task380,5738b9a32c4e060390dd4e9616533654a3951ef69af2721854b0ba55a010d39c,396,3,18.409699
nadeem_6252,public-anchor-candidate,task381,a16d4bb356919ad3bf517a438093a449db108057e19f9536dcfb509f93eef5c8,3749,31,16.789060
nadeem_6252,public-anchor-candidate,task382,14b9a8cc2a3b6c3865bf63db9bd731226657d36477d972681299eb6da25e5bff,19986,239,13.416113
nadeem_6252,public-anchor-candidate,task383,76b3c84cc83d22a6e1cfcf3cf631a9ebf979bd96f557b1e644efbe9325f733f6,5005,57,13.231905
nadeem_6252,public-anchor-candidate,task384,f0df167c63399347edeca26b04c3bf18712c68fa26dccbbe266d4e5755d907cf,4308,39,13.778470
nadeem_6252,public-anchor-candidate,task385,629a5673b6a8e745a4c5b1b5afcf3c5e7214f2fd7c54d7f5da27eb3e788ea5d1,175,1,21.598803
nadeem_6252,public-anchor-candidate,task386,323c7f3d8500272e976cba169d5131a6ace38a7ce40b52416fcfa2808138bd41,817,15,17.311545
nadeem_6252,public-anchor-candidate,task387,922ce5bde5319cc313a3bd536efe5ad0870456361b80db7b5e806f0adc4a9188,12388,125,13.940292
nadeem_6252,public-anchor-candidate,task388,8afccfc448cdf82a4975b45c7b556477083e29728ac00da51d92d2da1aefe4cc,6536,52,16.225378
nadeem_6252,public-anchor-candidate,task389,5d19a4d137ddfa5d5e278378f5210bdd9ffd9225b6b7ca3cfb0a823a86ca0be9,1421,13,17.451444
nadeem_6252,public-anchor-candidate,task390,8beebca53dbcb17ddb3257f25febefec6a9f7212108ea7bd3d5155b14ea933c9,4736,43,14.885765
nadeem_6252,public-anchor-candidate,task391,1582c8e52095b42ea4800ff8753f6e9fcb62f2e7b65b1642a469835c6548bf80,2841,26,15.787562
nadeem_6252,public-anchor-candidate,task392,286bbe96e893d8985bbc76084a277ad5864297316cf38f4ba6edf4007112e4c5,8330,51,14.662460
nadeem_6252,public-anchor-candidate,task393,ca611d444767651339521e15512433dff1dccbf80f21572d62cfc02d5924cb48,1538,25,18.870950
nadeem_6252,public-anchor-candidate,task394,abf8dc65cf03456abf25b3a4b32685fe96d6021485788204f3593eae914f7a04,5312,78,16.528851
nadeem_6252,public-anchor-candidate,task395,72a72e6428f843b5c12ac4172aef1eaff9da1ce6a13e6252568aea13233c191e,1479,12,17.403608
nadeem_6252,public-anchor-candidate,task396,a9a8a5c3780c0496286932fc74a4bc5917beceacf116e159df3effbb794bc085,26549,71,13.126684
nadeem_6252,public-anchor-candidate,task397,ec9b058741eaf99344ec4924d5f8477c3c76806ed7bdd2e9f5e72d470c7b0255,7145,86,15.040983
nadeem_6252,public-anchor-candidate,task398,9bc3ab8e8d057ba1d59681824fb89937bcea44d3056731d448f703c55156e86d,8682,44,13.657922
nadeem_6252,public-anchor-candidate,task399,f8e72c2228ae91a54d38c5a7f101356edc42d906cda234321b13bfc87a5ff38f,1907,8,17.483023
nadeem_6252,public-anchor-candidate,task400,85a9828beec5f14034326e3d758cb7a93f61e66437df97f60e5b4a304af62110,3021,25,14.532535
candidate_v2,v2-staging,task001,e797ed891931604093a242891035430eac3d4815502c982c3a516c6f7db1b462,1137,14,17.041074
candidate_v2,v2-staging,task002,061d2e2653a43e3b6ab1a7b4546a48b6ffa65b23790106ab1742676020c96040,14560,95,13.514518
candidate_v2,v2-staging,task003,155de80550da61e01bc0f6cc5de93f980b0473d08c29baf3bb04a2529f532c86,3120,44,15.883531
candidate_v2,v2-staging,task004,fc9ef5d39847fe678249f3dd2ef4701d2d49b2afb4c27c424b79b6f9967ca118,2522,4,14.084548
candidate_v2,v2-staging,task005,c989d743986f147d63585c2e22e752e367106ddc6985982b435a33567b89a2b6,10910,106,13.328150
candidate_v2,v2-staging,task006,17e048671c7f056a80feba6875cdbb34da1521c36887cfdb399f371d8d5e163c,1124,12,17.603051
candidate_v2,v2-staging,task007,6df9108f0aec1564c4fd08e1e738288d4247e6be0f49919ed6a106278d0c3981,1258,13,16.108351
candidate_v2,v2-staging,task008,9f554244f259a2a22a65b8388f8589f19cb9a1db25ad57eeb687660e73a541ba,7667,78,14.944264
candidate_v2,v2-staging,task009,2043f559e1ee947e2533c1ca00c25a699daed5b516d1bb4bf3515822ea52518d,30956,22,13.694825
candidate_v2,v2-staging,task010,92d798f28d116dabbd7bef3a2e3f10f312184eb43390d09a00b3fe6c22a61b58,4038,60,16.479612
candidate_v2,v2-staging,task011,3f64ad20a9feacc16ad2ce2296652dbc2fb5438e444a47af1f885a374cd43046,10170,52,13.898855
candidate_v2,v2-staging,task012,6565dbdc01b75cf0fd11dff727c2312655bcb5fb9e59a8020020ef04a7b5a80c,1951,15,15.555457
candidate_v2,v2-staging,task013,98f0942c7dbfaf541df9396cfbf3af4d1699a7f8bae9f96b9c4541f220eea98f,18384,91,13.331080
candidate_v2,v2-staging,task014,33aac8a1b4845a677ce6e8d07d81f5483ca78d158e8f09368fccba9384f7b28f,5317,42,14.427427
candidate_v2,v2-staging,task015,1ab641692d1424be973ca0ca5d26e88172d7be86363973c99ffda1b0d2dfd046,3774,1,18.197605
candidate_v2,v2-staging,task016,fb83a8e988f586009bf17279b7aedb194e3492a8e6f357be6d5e9ed903615733,158,1,22.697415
candidate_v2,v2-staging,task017,fb2137630963bd757e3fa76d251d504d01fbf7b1b6106c0e123e2b4b6247e574,8855,71,14.527541
candidate_v2,v2-staging,task018,c2e8e82b394406b4127ebd3b4e74460e0d34b69c8604a6ff6239f9a1608dd4f6,32157,219,11.323875
candidate_v2,v2-staging,task019,b9e7bc0ecebe4cce72ea9df2a550b91561dfd30ed40820c398a63d11402f785a,2566,32,13.693533
candidate_v2,v2-staging,task020,4abb72f71f86d299893dcb1ee3be5937bc57ae169a6d1c33af77157df2be6f0d,31378,245,13.590958
candidate_v2,v2-staging,task021,334b1a23352e02c2ecd25acbcdf05ebb267e56bd92a775c4a47191882da99ecc,38267,214,14.156056
candidate_v2,v2-staging,task022,c97568f12ccd4cd1ba279f87d1c748542785951464273c2ab4a544bd8be6a451,5021,67,14.542024
candidate_v2,v2-staging,task023,381d1261e875c1cddec3fdc4fdca4eff331d3edad2677ad6ba7a97a0d16be814,33067,374,13.807115
candidate_v2,v2-staging,task024,f8a1d671c3118abe56700d79b82cd03b36acad2b03a5453a7790ca311b792d5d,3233,27,15.886171
candidate_v2,v2-staging,task025,8af5c50b49f5d98f1afc1df69981e7ab0394291ee5227dd01d45f4380208bd61,13460,127,13.149938
candidate_v2,v2-staging,task026,7b1677f67eb3a42b35d9d881fb5afa91618d944fae08e6ae12d4aeff0faa3601,1345,13,18.396056
candidate_v2,v2-staging,task027,63da1fe45860bc98d31a806aeabad3d8d81890198997b6d66fe5343ab004d658,16205,25,14.486991
candidate_v2,v2-staging,task028,5882fa43bf7f98d605e8098fc72437800e43705b6484f0675c3c72fae26e9e30,1867,13,15.896132
candidate_v2,v2-staging,task029,67b2f5bba2a2aea6aec1a4bebfab5e828d34965219f8f312739337d2e77a59ce,13589,88,13.516328
candidate_v2,v2-staging,task030,4b0ea4d8a95bcc8bebb70823b35c19ca796ec33edf66cb97a3421c6e43ad143c,4901,64,15.607505
candidate_v2,v2-staging,task031,827e7229dd650485407f1ae7c8a511d8abc13716486a76f29cabbe46f1b02945,3417,26,15.168223
candidate_v2,v2-staging,task032,64d66eeaba95588367af53102ecf4fb2ceb4c93327b677f80f1a9591b342f6a5,2347,19,16.867000
candidate_v2,v2-staging,task033,60ab4cceeab38a8952d0157e862ec2f374a51c7d70c00bdecdf9833a703455b5,1510,16,14.081989
candidate_v2,v2-staging,task034,7400b12dcb940f16d35589b5657e932c80b9aa92e8aed8c1f41a38cdff070b08,11293,87,13.421324
candidate_v2,v2-staging,task035,15a9c474e70c83253daaa3ff80387d3b29feadebd4ec8018b87fc277cf69f62a,3707,38,15.360283
candidate_v2,v2-staging,task036,8ad069570318576344e7e26773ca8c93f34a12bc4d8ac98bb1e9cefbccb0c819,5632,56,13.710693
candidate_v2,v2-staging,task037,e19669c0dec2c6b73986d1bd07ec5c19bb0bc452edb6cf3d006f85657ae46d12,20424,27,13.937652
candidate_v2,v2-staging,task038,a83d43302a9ef7e5b284cc1e38fc4ce8deedb152481de569220ea69b94855018,2357,16,17.306974
candidate_v2,v2-staging,task039,4e9c2db4798edb627e65601fb59b0b194a91b536746f1a97fab3a7317054d3be,1913,14,16.041717
candidate_v2,v2-staging,task040,f75c35724647ee41a691e8449bf8b38434ce9912519b1b33845a1eeb08cebff5,4167,36,16.029441
candidate_v2,v2-staging,task041,2ae5ccde56d9118ad549ef2a4383dfc5a74e4b8fcbbd3b3dc4d09c92209444a6,2110,20,15.626776
candidate_v2,v2-staging,task042,ef03e8f8fc1c3d00a4fb8e89f1dc70bc68cf2c46e4d75b1cf83777750aacf344,8543,52,15.950063
candidate_v2,v2-staging,task043,16b05e98645b4d8da6cf555ed59cb2165317fe07248f91dd11f6747c0b38c22b,1966,9,16.129477
candidate_v2,v2-staging,task044,03106f9bd502a04c7aa0acade34deaefdba103fbb21dcfc6ce3d362f74afc6fc,22434,311,14.251782
candidate_v2,v2-staging,task045,c2c9b466ef5bb57994383690491a94770ade65cb13d59fd093064984d2ca44b4,1041,14,16.086988
candidate_v2,v2-staging,task046,776e40c71ae05f511e59e234f5f52931c7f966c95b139fed312451a249a5f138,5299,73,14.582911
candidate_v2,v2-staging,task047,51caa99fe3ce9cb3e122d3a78119ede0e5beb0d8940d7959bece25bbe098d26a,3091,30,16.985664
candidate_v2,v2-staging,task048,5acf8ce760fa9bf51285e7e58505b654e9443d4a70ff885dbf5ecb5fcf8e2723,5917,52,16.368586
candidate_v2,v2-staging,task049,d742f5db9437894536afe2db2b87d8b3899117c92daf69927ab3854301d03698,3516,29,14.674879
candidate_v2,v2-staging,task050,a43a64896f788cffb0e83ee188a7680ae80f27578b1bb607a36e32c9a39258ab,2006,21,15.843588
candidate_v2,v2-staging,task051,1fccc900903384492e825dfc74d6952195755b48411dd42c988cf3bb64ea878c,3372,58,13.866331
candidate_v2,v2-staging,task052,195c01dfdaae84b9a7a585295b8d44c1c3741ab522a7e9d472753ad121d8014d,986,11,17.886858
candidate_v2,v2-staging,task053,11d2a84ba10862f37e4dae8a206314fd4226f70b6f751eed23e52ba32ebde353,175,1,21.598803
candidate_v2,v2-staging,task054,da0ea9c4a4e7de7d20e8867f669de546f57874c7e6fa83c850aad07683855ecc,5551,107,13.077963
candidate_v2,v2-staging,task055,92d4ce9193151139ddee430dfbe552e5a2aa41d1172f6842569d1e37ca664ded,13497,166,14.815477
candidate_v2,v2-staging,task056,9d687659145a785dd2d111cccd06fc2b802bcaaae0c2926b7d39a51406e1254b,815,9,19.638708
candidate_v2,v2-staging,task057,c1e43aa7b8f024cb83ec8144fb50cf67b6ffe8126f4e6abf15f467ecf685b4ba,1616,16,14.714521
candidate_v2,v2-staging,task058,7a4b47e465104bb5b576167d51d642e539c3f9d5bafef55faac8d1987475593b,14221,16,15.313115
candidate_v2,v2-staging,task059,75ad1518669f36600bb72e0eeb074051895d744f7075f6835c090dcbb2a58abe,7062,21,15.076171
candidate_v2,v2-staging,task060,03687375b7e8938e4f841fe856da30c83884468ff07c648d7021c6b6748784bd,2458,20,16.372877
candidate_v2,v2-staging,task061,27289ea0d11a669fe413e1b05826321af3d079ce8a5555fa2610a93704612c2e,17030,9,15.152342
candidate_v2,v2-staging,task062,0a2e640c0671d137a38ff13794cbaaf44ed872742a534c52771f99d309757432,14479,217,14.670951
candidate_v2,v2-staging,task063,5c8811b2da8473750953376c6dbdd913b50bc29b96f9a16a09cf201df9a483ce,3709,34,14.666940
candidate_v2,v2-staging,task064,e218f014e0f41fbf58f0a21d6c18ab365d24b6b93f7c8bb533378039b355a02c,7151,68,13.354705
candidate_v2,v2-staging,task065,4275daec8a235c2656d266c872c9928cf33288d784e4904be2564aa68306a857,2835,37,14.543288
candidate_v2,v2-staging,task066,528e107ac7c8644aeb3a04cb1079719bfeeb25486d89be5e08a4e0b391fd4387,18653,326,13.455004
candidate_v2,v2-staging,task067,e823d84640b258f8322dde914f6bd992553a53aadd84d4685cd18da5f1be35e9,892,7,19.247427
candidate_v2,v2-staging,task068,e490818d91a162474f9a9ed4c4d7a03517788fb18760e2fe6ca209f592660a82,1602,24,15.559421
candidate_v2,v2-staging,task069,bfa11e10a1b7754b93ff268324f4bdacfe5ca600d6eaecd3d7ecc21b94d2e194,30432,380,13.658456
candidate_v2,v2-staging,task070,c09e95105072fd97b2106ecebc5fdb42c86bd41e9994b310781aa321351ec9d5,11844,71,13.900501
candidate_v2,v2-staging,task071,2d696d39af281a3a0ca1582e413672e8ef38ef9f06d584f19844a45a6e2aa4a2,12082,49,13.226404
candidate_v2,v2-staging,task072,ce9138206dc060641e07a1ee45e8b332b0e4bcdfe0a06d625d8668c10d6d33e5,1289,11,17.822981
candidate_v2,v2-staging,task073,c974fda7fe3001de4bd2200b9065826ac44cf359fcb1949954b82f28411b5b63,3825,1,18.186555
candidate_v2,v2-staging,task074,8194b1eba8a395566d686766b74869219cdfdaec5105dbad5f36b6ef32435be8,1824,18,15.009189
candidate_v2,v2-staging,task075,211a2ab0ea4cb67b9b8714d411d361e7eab6ec1192f0f74155bd9bd9c043c7d1,6812,57,14.742797
candidate_v2,v2-staging,task076,419bbf22d94034edf9dc1d2eed86480945abad297d08dbdaaaaf87ef5d7e2ef5,24619,377,12.292867
candidate_v2,v2-staging,task077,17691436bc7996bb9aa5b6b77bf34cfcc7674700abc8e4d69f7ec65ff4351709,7690,68,13.030200
candidate_v2,v2-staging,task078,c33e2e8bb8525ee7c4bfa0aca9ec69955cdd9a97837985fb38efdb309903089a,1974,25,15.650246
candidate_v2,v2-staging,task079,4a4f6c8381af1ed692a1d279af1ebacd591befb7b825933520d08519653c1d13,2695,20,15.029649
candidate_v2,v2-staging,task080,4b1cd7ffeaf85f936d62097216c4e457e14af1917b41aa32e4ee223cee3ff670,10636,123,14.352625
candidate_v2,v2-staging,task081,118dc8373587509f07d12aec64778af91edff7253f80e273a30e5863c7b8c91b,3749,35,17.256297
candidate_v2,v2-staging,task082,5f994c35d189c6fc8c7c8733202150cd5bd5bb9aa686ef9497ce5a384641de47,1645,20,14.936138
candidate_v2,v2-staging,task083,3526144719574eafa02b2d1fa33a4be836ec96c267520ddd982697e447b8bc98,7454,1,17.504458
candidate_v2,v2-staging,task084,5bd28bac4f427d16b03dfcb9d4ae68237ccb4bb720b534e0e14b2768658ee6a0,2820,23,15.121164
candidate_v2,v2-staging,task085,0cf2b40dcd4fe9bb85de2e251fdca74496734e7c804425012cb1c1110d27505c,2547,20,13.363283
candidate_v2,v2-staging,task086,fb8e2c6895c9222d8bc4c7bef5d953312ac8807d49bf81aae502dff77d8f755a,4384,42,14.885239
candidate_v2,v2-staging,task087,fd8bb9f6e85cbfcd68c2edb1cfd2b2968f4ef9066816b2763110e0086381148b,394,2,19.091917
candidate_v2,v2-staging,task088,9e7ea13b994ebe4fc0cc8c2f4bfd462d7dea74b364500cdd005ee3c8f75db494,4099,48,13.804996
candidate_v2,v2-staging,task089,0a479a40d999937f174a12134d5f78bb97ea8a6c108f09e8f44398fe6cbbcd40,17792,181,14.179382
candidate_v2,v2-staging,task090,8032717a5846db3d60ae06a4fa0ff8af92327fd6b6102d39eff9ae246e44816a,19660,246,13.943507
candidate_v2,v2-staging,task091,54b4f81da947fe9e1062238aea5766f1b3401479292e90556a2fac1107b7a72c,4393,43,14.151323
candidate_v2,v2-staging,task092,f9932c64932cec343083563f2de6ba761604c06277a135415b9112af60d43ec7,2312,30,14.257319
candidate_v2,v2-staging,task093,cd70e073d1fdbf93b6402aa5356e8c8f09529cd3e6048fc5501c4e44bda9d3e5,6234,56,15.354118
candidate_v2,v2-staging,task094,9877a08be2f356fe67653342ee102820efd26cbf7f80ad6490bd10011209d2ed,2950,25,15.745356
candidate_v2,v2-staging,task095,eca4d38cd8606a930a722084789b856626fff5d4938c02546296c7f3cca109cf,3950,1,18.186555
candidate_v2,v2-staging,task096,ce8db8caf6b5f6cc84108a5efe1947880da7d802796c33483bbc8132e48c4f3a,59457,457,12.825227
candidate_v2,v2-staging,task097,d3ac24b8f1ef82f43e7f57498baccf1d83880a6fe0266ba9484ac6eba27b8599,904,14,14.070256
candidate_v2,v2-staging,task098,8fff41bf99869a80261fa1ec8461431ffa90e7a616d10c1582642af88b241cde,3836,1,18.186555
candidate_v2,v2-staging,task099,1e320d88cf0eac19c3c20b9c005a4be28ac50d4bf0a39015404f9deb22a0c31e,19839,1,16.500971
candidate_v2,v2-staging,task100,dceade053a44b3cc0ee481a2b109060da44f7e12dc34d583c301f1c9d6f84691,4954,28,16.214919
candidate_v2,v2-staging,task101,edd7e165314a501462e02577d29022d3eb27078c4eb090009d5f19a5f0c2fbf1,19538,125,12.166837
candidate_v2,v2-staging,task102,96828587e72bb4a7f3af9bce80fa95d9431a6740d99b3f93d32e3c48096cea60,6500,48,15.557993
candidate_v2,v2-staging,task103,b3c052cdc64fa19a71396b9bc19a9017a70fae4e77cf764756b4e7eac2a36d4f,979,11,19.737310
candidate_v2,v2-staging,task104,2a9e28757c576c2248ca53c517bd98d43633ab65ecfa9542bebc9fc050ad2b0a,3505,21,16.788789
candidate_v2,v2-staging,task105,c98b3f63a51b63155aeb92f922cbf3f241f84285f5f1705a033e4773d25b47ea,8053,63,16.138508
candidate_v2,v2-staging,task106,9b54191da37371effdb80aaca05a4cddbabc19d25cbc1ebceae1d85a897c6698,2939,13,17.940382
candidate_v2,v2-staging,task107,b14df708a1620b804424d2ad11a6012e77c9895355e84c3f999e7c37360e23bc,31694,52,13.806578
candidate_v2,v2-staging,task108,825c078fdd5cf248ddfcf1d91c57c125e6e2213304022e67810f2d3aaee2922c,7454,1,17.504458
candidate_v2,v2-staging,task109,7839c13870891f0086bab84db435e1ad5532c6e87f69d2ce0c9b98114d796077,5237,39,13.542048
candidate_v2,v2-staging,task110,8c575949ac1a58e11b8b5888698200d932d67b0d0871c15aaa6a78816c46c929,22233,176,13.399055
candidate_v2,v2-staging,task111,c01911e7f5493ba19bcc496b439eb2106bd44f79305daefd94e102a96691a8ca,1499,15,18.319145
candidate_v2,v2-staging,task112,c9d107e03bcc1559d05367b27fca4117a92b4a4e65d2103d0e57fd16eebe58ca,3987,44,14.010141
candidate_v2,v2-staging,task113,356a5f1e2200cf2560f6c836ce7d21eca6b6cad9e68015c2ae31639613ef9b09,499,1,21.598803
candidate_v2,v2-staging,task114,7d1973d605273db25b979fc20a63bacd338098bf8f239bc90618b4b89dd1baa4,4719,26,17.865906
candidate_v2,v2-staging,task115,fef642f35c49927e9440865ae0761f3f9ecb7d9bb8a03f2a5109e91a82deb620,5069,34,16.675906
candidate_v2,v2-staging,task116,3f87aab73b8c538752ffb070a34dd07ef95ccba2d299bd7526da67fcf956e1e5,479,1,21.598803
candidate_v2,v2-staging,task117,f0db9d777864eb09eb86826b56a8d871d28a0394c52cc42c8241426f1cfb47e4,10734,74,15.193795
candidate_v2,v2-staging,task118,97438b5c21bb19e585d3fceec251469c7b374cd4a076c5688816618e34f13133,4432,67,13.336192
candidate_v2,v2-staging,task119,07ddefaae6173ac59e2d58892773e2f6363645aa9845b7b8ea9e13e54e6e3283,8400,140,15.280435
candidate_v2,v2-staging,task120,13dafeb021b56dac928f38d32b4a0b841fcf481296ab752c9ac203fa425e1acc,3836,1,18.186555
candidate_v2,v2-staging,task121,03880dc2a72d6781722a53ffad4b506867ebd9f9c0a7faae3760807eabe67856,3339,24,16.215838
candidate_v2,v2-staging,task122,d932a3ac54fb54cc09d9cdbaab21ba4e9165ed9a6a8e01b9e0c49fb972269b75,10236,1,17.171962
candidate_v2,v2-staging,task123,984533b7a16d9c9d396feb3804602dd6044b4573d05d14964f3f23d179764af2,8805,17,16.680283
candidate_v2,v2-staging,task124,25adeb7f2d7dd711adf8af305ce943ada2ad39c8f0f5e699e9ff722f2f4a60ad,5397,52,15.705962
candidate_v2,v2-staging,task125,20f2c3e90cfb5afe5ac7e795a1cf906ce67453cb55deb5cbcc51275aea5fc7e8,3032,28,15.495722
candidate_v2,v2-staging,task126,b86dafbc68af0e5b698f0241dd534874e44ffd9dfca8bac7b89280a3534f3824,2765,29,13.636840
candidate_v2,v2-staging,task127,81f551a5b779e861ce371fdc4697595db753242954a60c50a3ac8e3108937d97,3772,1,18.197605
candidate_v2,v2-staging,task128,5224331b88562c8c5864a82ed28442ed1a8c17321e5852eb0c193b0a8eabe7e5,3365,28,13.537926
candidate_v2,v2-staging,task129,cb3d815a7dac0fa6cbceaf9fac975e8d8bf1ae6af4987a5c11478325fb8b6a6f,1048,8,18.293138
candidate_v2,v2-staging,task130,129e8e94901df68286dc85134b4be5ba1daa1437df26f1eb430b9272e7f77471,1293,10,15.322911
candidate_v2,v2-staging,task131,aef2df6731cdd0168ed41a7637a2b939bb42ff5efe498e6732b1bc4fa4aa2d64,7860,103,14.295633
candidate_v2,v2-staging,task132,02558813adda79590927fa1e3d0be80af0e44475a6abbd69beb0d87da57bfdbb,2585,38,14.709279
candidate_v2,v2-staging,task133,98c9e52b494fb0f930f72b2508e749c34f95ede21d3da8d2ed929d596b33efb9,10596,122,12.810072
candidate_v2,v2-staging,task134,b8c97031d4dd9d04cdd7ec5e6e43525899b583f45e8266ddaa88aa4340ea596a,7061,75,15.575516
candidate_v2,v2-staging,task135,a6eca6896b1dbbcd1bf944fb6c9538e2c5fc2cf15786dac3b683be3574fcd543,251,2,19.113896
candidate_v2,v2-staging,task136,54b79d7f792cfe272130aa8daf7784f6ff46db39d5419da2bf1152175cc472fe,2845,25,16.515950
candidate_v2,v2-staging,task137,7b50205804b2162040e107d11052d9190932c44a4cfc55aeb4c026422b7af614,3852,36,14.031216
candidate_v2,v2-staging,task138,32972f740b91df81d7495e7bc824df592594382f7f2edab0ef5b07c14f00a0c5,6654,99,14.209445
candidate_v2,v2-staging,task139,e3e6133e136fc342560390d22bb08861dc290ef6c9f64e8854070984d4a5946f,3865,33,16.803012
candidate_v2,v2-staging,task140,35298d837506c049f25a80c79e44804bf5b76de02a18f7c2e3bf35a0e4b535c9,394,2,19.091917
candidate_v2,v2-staging,task141,419409ee1ef9989b22aaba718cfe107b9d915bb476e1f4edee982507a294cede,2345,21,15.331033
candidate_v2,v2-staging,task142,b525fbe662a950ccba343052e36da4678bbd57b9039d4f6c5a15f3c0a16fd54a,7454,1,17.504458
candidate_v2,v2-staging,task143,545186fc1e5605ade4d666e87702a09678e9c34c1449945e1a0fdef567cea868,2144,24,15.124860
candidate_v2,v2-staging,task144,9ccdbc162d23747b26bd043d8488ba2aebe080e2a693304f16ff65bd3b7d6a0e,1358,13,18.333043
candidate_v2,v2-staging,task145,22681d1e38fd9b4a50619a4900134ac568081a0007d313598a2d4a001a12a65b,31434,325,13.796907
candidate_v2,v2-staging,task146,773d61ca46def6d1e9fdb7916c51a9f5e99a5d39640f394231b2b05a400c4a31,1894,29,17.278651
candidate_v2,v2-staging,task147,e65dc2d49c2dd32775575699e73cb1ad0aca1fcca0a87fcec26127b52f631670,3825,1,18.186555
candidate_v2,v2-staging,task148,977766efe15f7fabde643b68e24ea47cc5d9069210a295f8ba0c7ab3a2f5b9de,6750,110,14.999885
candidate_v2,v2-staging,task149,3137da6fb944a3bb6e03884efc695345a045254de6a366510505b2221d175600,1404,13,16.455386
candidate_v2,v2-staging,task150,eef66466514ec7a5328062908ce1f14ca3b8e113c6b1cf7adfe182abcc341de8,1299,11,18.078342
candidate_v2,v2-staging,task151,265a8eb2b997ae3dae68af150413ae0c0301bc004251e92a8beb0dc79bd2e36b,3880,1,18.186555
candidate_v2,v2-staging,task152,b525fbe662a950ccba343052e36da4678bbd57b9039d4f6c5a15f3c0a16fd54a,7454,1,17.504458
candidate_v2,v2-staging,task153,f0f110f71bffda74a8168f2ab942e2b3ff65762c0cb9aa24a0705a53ec03e3fa,8423,108,15.012033
candidate_v2,v2-staging,task154,5f1e298db41b5a1f178cc757f413e3eab14e95291dd559a42ff084b616a29b41,8020,44,14.272907
candidate_v2,v2-staging,task155,eb14dfb5dced388e02e786c70561a892c539daf1e48ed47cd695642c53b65585,1299,11,18.078342
candidate_v2,v2-staging,task156,e365c128127e7c2ba75fc7e0efd5e0d695bb256972b63cf49206bbf65e227349,49215,375,14.813140
candidate_v2,v2-staging,task157,54ccca78d90672c897765f456d3c87999218406775f9513916d10c9f994a4e95,154538,3252,13.651336
candidate_v2,v2-staging,task158,5f126c6c95b5e9197281b2b0130033f28d88f1c99e7b8717c68508560d5df8da,26673,294,12.827210
candidate_v2,v2-staging,task159,93239bd39db8bb07ffc4f354ca7b43656c78ca03e18c9ca72a30ccb093e2eb5a,12966,57,13.597995
candidate_v2,v2-staging,task160,9614391ed6a8c961cb2a50b82e22337eab556621bb99de4baaa2f78d0f8b06ad,2189,19,16.569237
candidate_v2,v2-staging,task161,aac790a1c2961c5e1042a8a2f49001fa2e554ab4a5bf8990b3490e3ed1658916,4456,39,13.923303
candidate_v2,v2-staging,task162,29467827e023a09da29f2c6bcf10d77d7bff035e613d5615f27d623e6f2f3224,2268,19,13.944502
candidate_v2,v2-staging,task163,20509dabff21d45373372e5d29ac896fe8dfe5643c42473470e08c9c1165f945,10270,68,14.916318
candidate_v2,v2-staging,task164,250771b94d3db4658d4ac04e3bd9a0740f2af0f3aba0bb9b5df4d6181bb470d4,479,1,21.598803
candidate_v2,v2-staging,task165,84191da6721ff334125fd7fa8616eb9122ba801b8e467d4f0bac42cdd367fab2,4910,25,13.879762
candidate_v2,v2-staging,task166,635ac35cdaf739d7549ee8cd70b4042ae832ff18d2798a37fb1e315bb0990a02,1318,11,14.881845
candidate_v2,v2-staging,task167,71960feaa6f01d141e2e847cf629191d99e40b6ceb0199f2c3f955b43a84d6d9,1673,9,18.470581
candidate_v2,v2-staging,task168,24e27e72411c8561da75b446c8d7253b7581784b14d9d8063097e06ac83fac71,4620,45,15.076563
candidate_v2,v2-staging,task169,dfe553780f6769c9353bcda597ca9fe3629e0ef69cc742c9b3362616e9b716ae,20803,168,14.929770
candidate_v2,v2-staging,task170,40c7d62d579c2d8926059eb3c557934286ca2ed2507772f25b157bc0a91d75ba,50577,681,13.728331
candidate_v2,v2-staging,task171,c0dccfce69e87e53b68a617cc0ce6da5c9659180ce2acc2a46007c9915c524cb,3825,1,18.186555
candidate_v2,v2-staging,task172,aa923630b6479cf1a1f5e7b7bfe2e4947e1c8ba8edba4f31d250b0b2f0c98dde,479,1,21.598803
candidate_v2,v2-staging,task173,6422b0cd8c4551cb02c6733546b9d7f1b9130a0e4e58c7132e4791558a968ec7,10061,68,12.926071
candidate_v2,v2-staging,task174,4501407339b9e160ae271315971c5baa39151bb8f252ce075fee7e027ffb1686,61839,790,14.140636
candidate_v2,v2-staging,task175,81360eed1239cc5100375c4c1bd3261ee37f752a50e42166236e158e5ad5ac31,12985,22,13.619235
candidate_v2,v2-staging,task176,e323248617622d6f3ec11b2d387952fea83ecc2fed3bdb998ca12143a2168c6b,1126,7,16.022854
candidate_v2,v2-staging,task177,cf49f3845c907c5c58bfc44858a09562b29c11f7bc05ec633f96e70552287949,3189,33,13.978196
candidate_v2,v2-staging,task178,4da8ed1ed0676bf74ff1db264eee36e5a51569d8bfd9726b145975fb852cb357,6748,126,14.713600
candidate_v2,v2-staging,task179,bde695a21a93b9e2084a9b7e8a8bee5f2cdc694baa71a12d1c34ae921a89cb87,170,1,25.000000
candidate_v2,v2-staging,task180,8f6b55aa41b48daa3c5bde2cf091752666c75e5b3b9acd0b61ce5c378a8988a7,2525,6,16.084031
candidate_v2,v2-staging,task181,d5e423513a6d975dcf970b7fa00306491312801ed8b9c3232bddaa05e5217ae9,3083,21,17.914936
candidate_v2,v2-staging,task182,a4c0113b16fd5a5b05d55505920cc5ce2a3f44b02eb252331c82630ae44592ef,12955,168,14.228887
candidate_v2,v2-staging,task183,46ceea84568fb834441d4df8e55844ba3122e38f8a91006e113ea40c89bebb55,4690,55,14.879226
candidate_v2,v2-staging,task184,e2dcc9362cac03db34174d9cfe83b4528b95b776befd30fdd1cdc73bfb758161,43202,71,14.432408
candidate_v2,v2-staging,task185,dbc48d1e31979b5114d5df411783ca8989f9ae9c4bd063f24eb529ea5d5b1dae,18881,242,14.004858
candidate_v2,v2-staging,task186,5f12ebe1ba6f496ac5712d9d6c43d990aba0f2edfb4474275efbbbce95cef086,924,11,19.102846
candidate_v2,v2-staging,task187,a12ff26344d3636a415f318272f96b57a7e6c98ebd9e5bd92bc9465f8ff342d7,5758,87,13.435308
candidate_v2,v2-staging,task188,b5aedf9a8411d84cd20d8bded8746b6a16044a019d7d5352e049a9c98ef96837,3259,46,15.725371
candidate_v2,v2-staging,task189,8feb91f1cc27fca0b315416ca074d36c658d8f9683b58d95609bba625e80b4ad,6704,110,14.887508
candidate_v2,v2-staging,task190,0a31ba38881a6fc4af83224d1aa59f0a876aea5808f55f95707b8c5975ac4c06,8781,63,15.675974
candidate_v2,v2-staging,task191,bed11bcd1fa6de9d41351306ee799f453ed8ddb089b72f5a421af02ae8d88e8c,8424,212,13.602800
candidate_v2,v2-staging,task192,02da2ed1d0363997e45f8c5bfe6fef9b8de614300b6189a91ffc9a8d49a37a05,2089,17,14.141617
candidate_v2,v2-staging,task193,1184ed012012ee9bc87677fea86382acea9bc6b8979f087a5b3500492d6138dd,1925,14,14.109558
candidate_v2,v2-staging,task194,5a188032e9933c63bea9816c0846001d769eb356d00653af9e5e766ff62bb53b,7454,1,17.504458
candidate_v2,v2-staging,task195,ba4b722b42ea9bdbffbe4fcf38c90d387045eee91e245e77f502c246c158e0dd,5381,33,15.436963
candidate_v2,v2-staging,task196,89719c41cdbc1176e45d78565003ab2f9feb673cd43fcf7fef4c3ff8a4a302e1,2417,31,14.618975
candidate_v2,v2-staging,task197,d2fb46801935583882f6a460471b563ccee60a53661cb17003fc2b60f17ba1ea,1223,18,14.166556
candidate_v2,v2-staging,task198,a1cd099e3d965fb4506eded8d4bde77ea202357df70e9212b36911ca002c8cb1,6979,51,13.449576
candidate_v2,v2-staging,task199,7f8ae82add1995ce631f2596ebf18e50b694cb8ec8d56a776cb6b1f393d891fa,2948,22,15.309891
candidate_v2,v2-staging,task200,3db82e421fb1700c12efd717427c8530ccb8c8b610c32b22b6ae170655c00c8e,3848,38,15.975267
candidate_v2,v2-staging,task201,38bd02d717e5ab0a9e14bc97fdda66c68e8a52c2b2686fbb9411671b3abf5da8,9668,135,13.562876
candidate_v2,v2-staging,task202,548ea01a96ba723d596f57386963dc208eac1c74ee9c8ad978597704d8065f5d,3582,31,13.258188
candidate_v2,v2-staging,task203,5e20d646f42a0e37716c52947ac6230d99af86046000ae1df17b6bc17e0f4311,6433,36,13.631707
candidate_v2,v2-staging,task204,ba4ffbc5c9eef0b8cdd6718a27b6cbdd935d550ffba5f90c34d687d2d4595565,7250,73,13.307707
candidate_v2,v2-staging,task205,dfd08e391e2f0ca84fc0efe2a0fb96c8914cd0c3f7eefebc8c36de45e2c92553,33601,416,13.370955
candidate_v2,v2-staging,task206,1ac8f234abad1624589f9b5ba6a54874c1fa67de670126f5adb9071b1ddb9e55,4032,39,13.975047
candidate_v2,v2-staging,task207,eb31b69d46ecc34c73b17ad80493c10002468aa9196475e6c9e12fcf46ff8235,1979,25,17.463636
candidate_v2,v2-staging,task208,5d341124008dfd310bc5a123793ff6f9beaeead1fd98692f86f798a8f1e3f4a1,15885,196,13.566031
candidate_v2,v2-staging,task209,526096cdb412105c0c63b13deae79e4fe0e8dd534f55f1f79315e19f2b58699c,12442,200,13.285310
candidate_v2,v2-staging,task210,aa923630b6479cf1a1f5e7b7bfe2e4947e1c8ba8edba4f31d250b0b2f0c98dde,479,1,21.598803
candidate_v2,v2-staging,task211,3c58a51ab06ee25bf3c54539284f6def4bc6e10c364246d45f5533df0905fd17,7454,1,17.504458
candidate_v2,v2-staging,task212,e0d35281ab42a5512d94c197cd35136e014ae6e7ed1a41b07e9ee2016119e2fc,4512,53,15.792664
candidate_v2,v2-staging,task213,77849bbf09f61adb69146af9461c7912abc314e3cb87e9c103a63f33fd7091cb,26499,392,14.175732
candidate_v2,v2-staging,task214,476030b9c3c916862c896b22ae9f1ee46d6bedd703bd39deeb4fe1a9a7cf6c54,7454,1,17.504458
candidate_v2,v2-staging,task215,ad1e975b6e82508de2e208bb5877eb3d7a2c9d9a0cebf7b9dd4911a4078af377,1729,21,14.452188
candidate_v2,v2-staging,task216,8736d30a18de065d1250ea21affacb0eccba6097e3139d7e8ebfee451365a4d4,11049,276,13.449663
candidate_v2,v2-staging,task217,2f029d300d82fefb5d96fa4be293ae596ae1de0026dacc64e63b73ed6b788d33,1350,18,15.206104
candidate_v2,v2-staging,task218,14bb6c5e5fa3712e4f556142985fa03de40ba2accd475bb596ee538d3c10c60e,9594,137,14.948006
candidate_v2,v2-staging,task219,d57f742eeae01c44819c92cb474062dbcba00db96b32ed99363a677479b2e02f,21947,420,13.647431
candidate_v2,v2-staging,task220,924ca3ff6b3c2190ebdd92b73e0c33ac441a7e64b5924bb34b2faa596a40dd55,3798,1,18.197605
candidate_v2,v2-staging,task221,997f4a5baa3b8c19ac1f9b62918fba1c4d8ade1e9bc43b277d4051f3dc09bc96,13313,28,14.069307
candidate_v2,v2-staging,task222,f82b35de1de8377a5dd17f94de623872a1021443ff972be6e0765c6d21c5595a,2578,21,14.031198
candidate_v2,v2-staging,task223,51cd95a032c661ce28fa653ad0e727fb33cf6a709a5747e02a8ab323190ae968,7454,1,17.504458
candidate_v2,v2-staging,task224,1e4af401b9b3fe63a2cb91cb665445ec3c54bc3c6b116d921d049b210a151c08,4199,55,14.274049
candidate_v2,v2-staging,task225,29a76e5536c419ef3e3747f899f51614ee6699ad35ad5fb9b073ba5d5f52d257,5688,40,15.687284
candidate_v2,v2-staging,task226,5d115fec7e34ea6013b743620d1addba979258bf37902350608a4c3438346438,3203,39,16.376826
candidate_v2,v2-staging,task227,1c70db9caee31b32d02ae1630c5ef3991ddbf82fedb750d43b515fab048d6dec,1135,14,17.018267
candidate_v2,v2-staging,task228,a8a923f21fecee5512861159a89a0ecf2a9f276985c45face926d3b953bdb4fe,2649,61,14.869935
candidate_v2,v2-staging,task229,acbf2dc745d4a717148c274f1e25cdd3fce8e718787f72530d661d60044ad805,1379,14,17.749364
candidate_v2,v2-staging,task230,1444325f9990947c4e2b6bd66f2ce611d8efc4be97b595c4bf2ad63e9e166ad0,3798,1,18.197605
candidate_v2,v2-staging,task231,1efb149ef1446460b1cfefffe74d5270b10fdf5ad49235c5056a1df43b7891fe,4473,50,14.448886
candidate_v2,v2-staging,task232,b416c4b9864f9c0ee3021d3e0d536638459295310003e1612ea60837e5e1fc02,1616,29,14.707956
candidate_v2,v2-staging,task233,d4c2341f9ab79e4277042f6098169402b5c12b4d97c66e4ad11ee38e03404992,321271,2428,10.677923
candidate_v2,v2-staging,task234,89328211cfc49e1d6b7788e2c884ed883a744cf19e27a7b8393aa0d1549217b6,4106,58,13.689154
candidate_v2,v2-staging,task235,145a71990206ef301f3afe77bf333b27bcf2298f5cc1bb3c7340933ef7cf059b,4028,35,17.810078
candidate_v2,v2-staging,task236,2e59dc4336de1e1fb4014ca0b81f2777c0a9fd808fbee3c5d54770d6ade5bbfe,643,11,18.533855
candidate_v2,v2-staging,task237,9d3baf9e04284ace2238abe88eae62477296ee34499efa7b0146d799717804fc,1637,25,15.430308
candidate_v2,v2-staging,task238,3208dbc8cec5a6a6874fb45bdf74920c0447b6b2745454a2ca76efdd5aa83d45,11927,102,13.927566
candidate_v2,v2-staging,task239,2abd421624d88b12e8a63904b214d06678543cf0231b040cc10fec704aac503f,4143,33,13.525015
candidate_v2,v2-staging,task240,bda05f96847ed565be978b76b47136a6bb20b09fc1dd04053bfd1b4222485694,66169,11,14.765519
candidate_v2,v2-staging,task241,bde695a21a93b9e2084a9b7e8a8bee5f2cdc694baa71a12d1c34ae921a89cb87,170,1,25.000000
candidate_v2,v2-staging,task242,beed8e7a6b84fa7c89b7d5ec9cba5867a87a8ac3b612eee21d427fb75c0223b0,1736,14,15.090580
candidate_v2,v2-staging,task243,8c58cc318fa9f59c3692654d50085f7b92b0511a745028cf7bca8bfc694b9ca1,16583,135,13.401200
candidate_v2,v2-staging,task244,12974cd83da15658ad0e0fe3b624c0b705d56b763e2925eda0818540265e7af8,6538,66,14.633345
candidate_v2,v2-staging,task245,9a7e78ac605c6378be3f47d88a35aae0e1cf73ab864258254dd4987e43d54c37,2843,37,14.724432
candidate_v2,v2-staging,task246,379b5a73e3dee6f56eedab3ab0bd0ed8414179c6e7ae1edd0a948060d6401309,3824,31,15.497662
candidate_v2,v2-staging,task247,19562cb18f62167e2ce8c355377d9b1a3136c17fb7116b8c9110b15d4734e4dc,2056,25,14.993279
candidate_v2,v2-staging,task248,1cc5ba184903e8307ed5ba4d36263e3487d7beec6142f401fc6d0424e70f1e18,2328,23,16.120945
candidate_v2,v2-staging,task249,e6e58b07a2f88477f9f6bff875df198bf57830236bdd036ac5460ab1c6ccabaf,1990,21,15.740965
candidate_v2,v2-staging,task250,a597d41fb3635cef1fb65c5c4818682efa2468a8b8b38ce1e86c82df9be4df2a,7749,129,15.595657
candidate_v2,v2-staging,task251,82d350374d90693c70187cdf979ebb574c69cda11c9c56813abeb372eed8e78f,5106,53,13.481291
candidate_v2,v2-staging,task252,f94f1914ddc282177a848c90a7aac926b6095d8fffc5a863c722843121c979c3,3201,38,14.453028
candidate_v2,v2-staging,task253,2538ea53b1aad1e6365055ee14f48dccb49ef632cce416086075b33d42366bad,3510,17,14.215455
candidate_v2,v2-staging,task254,cce96782d9b4b1065b63ebb4a84c1ba6253724c3cd2a387838d205cf71eaae5f,4960,49,16.018318
candidate_v2,v2-staging,task255,e6ed6b4ff01e155169486c7b822db244629ebc48a8b802870d51af90aa2cb5c6,301761,185,10.661366
candidate_v2,v2-staging,task256,c62955c5ac4951f368900ad06f3a5ed4fa9817b2e3f8f0a049b5ef354c21fc4f,4780,40,15.041882
candidate_v2,v2-staging,task257,316eaaf4e1a47569341378a8a58e40559f938a7fe5ae659867c0f2117bf8e021,1369,20,18.018065
candidate_v2,v2-staging,task258,9cf85f5ef87760197eaab665af872adc9c2a38a6b9c2133f506deb1e51402d09,880,1,19.924826
candidate_v2,v2-staging,task259,cd8f2883b4e59672ccd19f5a5b45fc92a1c48a4e736beaa179e62ce6d6dd7a07,3882,30,16.169018
candidate_v2,v2-staging,task260,a0c625eeabd30f89f6f16ae6be445f721bbc7059d940e63069a03d74b0fc06a4,2263,28,15.568598
candidate_v2,v2-staging,task261,6104690685d52f02ca149095658b51c2d448d252f763922efdb0fd69749b630f,995,1,19.701683
candidate_v2,v2-staging,task262,0e242b2a1418fb93332fc01ff90e906403df0499e49baf091447cb02afec05aa,903,8,16.765170
candidate_v2,v2-staging,task263,2396bdd0797f69ae5e0281ce27c9964eb2adba67e7d5f2d8286d6cd1ccdc46b3,7427,159,16.005828
candidate_v2,v2-staging,task264,01ac406f30f0ffced1625ed8050b91086a8967573523be0ac1583a6eef0e4dbb,10074,115,13.154639
candidate_v2,v2-staging,task265,e44b248f5902d3d38b34e32679474cc70b8ee0d23a58ae93c6e8658e0375fc5d,3110,32,14.408076
candidate_v2,v2-staging,task266,491258de81aba00b6aa06f223356e30346665751690278693288e858450c8563,3825,1,18.186555
candidate_v2,v2-staging,task267,410b39084246024b149c984e95489e0660a8825a25ca70475cf339e5914a1074,1306,11,17.865109
candidate_v2,v2-staging,task268,d6e7655471c32dea89573357bb31df7dc7c23396d2d8a7318ea2e17508b7d609,13356,180,14.983764
candidate_v2,v2-staging,task269,947f2c17a6b1d44a9f4ad789f9351b4edfb84e0298e879c258d5034b09e12f72,2336,31,15.940250
candidate_v2,v2-staging,task270,b73a12746408a64fc660309ec22c45ab3d2fdb4874d20e70981ac3d877927cba,13845,96,14.785321
candidate_v2,v2-staging,task271,1d303e94d417fc4786c4e80dee5be764e57f981905d0bf8f5e5fdf48595b19ed,1993,22,14.725259
candidate_v2,v2-staging,task272,bb44a1717b5f9b6f1cd8f6bdd32aa6a40d88b17db3e200a8cb6f7806bb2c658d,3825,1,18.186555
candidate_v2,v2-staging,task273,ef481d8f02832385edb2ae3838215e1c01c80ebc407639a5d04a17ab09227a4e,2414,22,16.294338
candidate_v2,v2-staging,task274,05e714a8af955d6f5061cbf93ea6964c368b3f5c164831d0bff7c9a31b8986d6,3619,16,15.942694
candidate_v2,v2-staging,task275,b05c9d902d60b5e03aa3436e187c874a4948bffc12b2ce6c86fd8ed957970680,24193,253,13.662810
candidate_v2,v2-staging,task276,2a3e881ae92099c36f1955bdf96ca1e9f77a4ef3d1d3eb58c63eccc80a655c7e,217,1,22.697415
candidate_v2,v2-staging,task277,cdd58c9156822d0c5c668ebff763d57659136b9c3169c7db59aad321bb92dad1,6687,60,15.410059
candidate_v2,v2-staging,task278,0c14b78590ad46420b694424fb879d1c8bdef545b3a92cd9ef5a15278e77cf1e,2285,16,14.554682
candidate_v2,v2-staging,task279,77ad3d002b2c64888991d763c754fc018247f352e78c562d64fca7db08032314,10314,52,14.821536
candidate_v2,v2-staging,task280,0ba0568bbb48a9b051c258201debcd346d773a5d71ba1a149f8fd8b615f4c7a0,10565,144,13.586829
candidate_v2,v2-staging,task281,ca2a1537dd3fbe42f2138c372b482af55ba9bacf05230c700a13f8ac7caf45df,7659,64,13.597168
candidate_v2,v2-staging,task282,3b69ffb73c79f09e8523073931061610e74b3e0d32534378317960c9557acd0d,3798,1,18.197605
candidate_v2,v2-staging,task283,b0e2a1e5a77dc63e5c2faa69d44120f7fe0e8773160760e68b7f5912591f4c60,3825,1,18.186555
candidate_v2,v2-staging,task284,fad3c53111b5ac6b7d99756ade0b122be5399f69539b335f8d35bea450647745,23922,125,13.466958
candidate_v2,v2-staging,task285,68a4c5526ffd8be62c8459d2280bcbf5dc9adc4d2ee2d3dbb2daa8fc20b2d42d,61968,279,12.087459
candidate_v2,v2-staging,task286,91641d3dce315529001fbcca26bce7b3be3f885abf2d219b66728a428db1c152,19603,168,13.011269
candidate_v2,v2-staging,task287,4cdbdb8ebc51362af348b4c6b27acc968618f39eb23639e05932f58cfd196831,1686,22,14.975800
candidate_v2,v2-staging,task288,0e48931aebec1eb0659c9be80508c8650400244b0f49af19d8698dd8b162a3cb,5948,54,14.632558
candidate_v2,v2-staging,task289,00049ab3fa944a3759833dc85ccfb83f4f4ae7a1ab800664e74423dfb9c7b6d9,2041,28,14.860176
candidate_v2,v2-staging,task290,f1086fcddc1287e8f751349bbcc1c1bc72e816011cd787def2fc61971684f688,3323,32,15.631972
candidate_v2,v2-staging,task291,f97257c9bae5cbdf0614cf4f6d0aeda2c0db164b44f4861fc829c00eae636b67,6009,22,16.627370
candidate_v2,v2-staging,task292,e07b37f22f098e404b58d7607ce39d0fe5eddd0d9460f62732e9ce79fdb66757,1065,7,16.250902
candidate_v2,v2-staging,task293,d0d3cadd99d8938cc3977399ed5dee18a032739905995bcf0fbc76a20c04297f,9897,52,14.882571
candidate_v2,v2-staging,task294,247179b0cb2fab9e792e9f91da564f6ee1f8d4059046fabd7bfd7e7d3d010cd9,3825,1,18.186555
candidate_v2,v2-staging,task295,5a049215df9c118110ba1217eb55447b5d335f09e93a9526e6862ff5b585b365,1956,23,15.588680
candidate_v2,v2-staging,task296,4306af04547e103c395a41f15f7829592897a368a36d02047b54c256c5e54b13,2843,10,16.677606
candidate_v2,v2-staging,task297,d627eca68b90f28a02781a8682497d5d894ddf8ff7e163243e795361ab962953,2373,24,15.876089
candidate_v2,v2-staging,task298,e0f93c454b454560cd1f5607a2e7c137c10f6257ed0016ef5d0ffc0de801e652,4436,35,15.390078
candidate_v2,v2-staging,task299,1e9708846864c2782d5c9d4b378034e7f20bd2a610abbcfb0712b83b3179cd2a,1405,21,17.510029
candidate_v2,v2-staging,task300,636b174c4333259b7ef746830a9768013b6f733d02576aeabe427095253be1e8,4454,43,13.741373
candidate_v2,v2-staging,task301,a9794e11d05e2a30078d5571b3c25490850073d0966e896233ad9e29ea534801,19261,48,13.918042
candidate_v2,v2-staging,task302,fc0c4095ee26f99dfa28593219832fb1744068c9c08b4b65293674194a176ad1,4372,43,16.038634
candidate_v2,v2-staging,task303,f1388ccd300d0326ef77e32e80a1bdcb15c39bd24649153f5208eb8cc0962cc6,2084,8,13.701382
candidate_v2,v2-staging,task304,06814b3c9e89e0e99a7912ec3975a71e82891a22624fa4ed401a2bdfb2d9560c,1814,17,15.418510
candidate_v2,v2-staging,task305,9f735899c445d2de0753685201dbbaa448ff1306c5f52d568270b4588d8e242d,1865,6,16.718023
candidate_v2,v2-staging,task306,7b49df67bd4c3733ab36737bab5b236e6f62b7b3928698f735fa95db0f9366f5,4155,33,13.926448
candidate_v2,v2-staging,task307,badc5326d1acd892c77212fc876a3f3192e5b67a9806ab111d1e9589eff70706,7454,1,17.504458
candidate_v2,v2-staging,task308,a3eaad1dbf74c2dd0e2d63ccdc76857b58fc7cc14f63cf366932995e1ddd78be,3875,59,15.010381
candidate_v2,v2-staging,task309,c47b834e65872a11ec0cda3c8246948b8365f81f916610b49ed07267815733d9,217,1,22.697415
candidate_v2,v2-staging,task310,9456e21fd271f0a84660fec5554753d105c6ab2d03ef08b086922cf1214f946e,3379,42,14.844237
candidate_v2,v2-staging,task311,250771b94d3db4658d4ac04e3bd9a0740f2af0f3aba0bb9b5df4d6181bb470d4,479,1,21.598803
candidate_v2,v2-staging,task312,5f8662413159b881c8dff97e5c51ca63270ea3b1609d0f333539af73166348ff,1202,8,15.791762
candidate_v2,v2-staging,task313,c14057973f9e425bfce0e5c4fcba390d7e2468949cc8cf0f53d31343d354042e,21754,34,13.760196
candidate_v2,v2-staging,task314,6de48aa8380bfa9f60145881280cb81f0649f178f1a74456c5c40334004417b4,24532,282,15.941180
candidate_v2,v2-staging,task315,e90e9fdba6c27023c8aa0b2a5551bb93b6b95f46075245fed650566d7e77cd51,1167,15,15.834971
candidate_v2,v2-staging,task316,bc9115e30d7e28bb0acd317cfa1c29169feacfa251035f175a81875f4536fea7,3963,46,16.730499
candidate_v2,v2-staging,task317,54ad9bc9831f0f3a781e65116809c2c60f3246bbdc84fc6c0fa8064fecb5d8c5,3798,1,18.197605
candidate_v2,v2-staging,task318,01e41dcca08ca7c9bf4611eeaa13b8a96acc912291ce485fab569cc9819787cb,728,14,18.394702
candidate_v2,v2-staging,task319,7aa1d78fddf09c815ef6fceff0f357f98b235f69bf1dc39d1217d2e0af60ecbe,5710,66,14.580461
candidate_v2,v2-staging,task320,b5f9d264034aafc2780289baeb60a45e338fd6478233a720f13b79faa2d6b39f,2183,19,16.445511
candidate_v2,v2-staging,task321,2e36977fc386c76ebb921b21626cb0733b08b8f40969cc3ff8635f327f718f5e,1733,22,16.385499
candidate_v2,v2-staging,task322,0027f18a5feebb51f7cf1149c2cb9c9b8ad2d16b656b61189674cab55adad380,539,8,18.234961
candidate_v2,v2-staging,task323,730233a73b9e6e98e25c77baf2e139a562e458088de6d66cb6f5a0090c133eb5,2497,10,16.580861
candidate_v2,v2-staging,task324,022afd33a6e9b0c37a3e2c3f23437cabe9e10ec07aab1b41f9431b047f33a6c9,6861,52,14.203081
candidate_v2,v2-staging,task325,703958452270456b7d0aa9d4685a3bb4279c1a189050c3b1c4c5c0ef26767373,5072,39,14.330533
candidate_v2,v2-staging,task326,d8c069fbf425d2fc92a051625cd6ab3ed7942bb3f87ef81c26b098ca464da222,251,2,19.924826
candidate_v2,v2-staging,task327,28e407c04689606a975670fd8f7da26d5ce7a9a10400265cc54eca46e5504bed,1638,18,16.070962
candidate_v2,v2-staging,task328,8b59da6bec33268828441211f57cf70afff81536073372c30cb9394b8010d3c9,16275,121,13.884006
candidate_v2,v2-staging,task329,b3983c3bd8c099ce71cb48e09938e0328cc29853d73d956c35e125db9bcd43ef,1652,21,15.763992
candidate_v2,v2-staging,task330,defa06f30b9df97f6bcb5baef57d32ff1bcfc724125eac4cab4951c3b54ed3e8,12033,21,14.014301
candidate_v2,v2-staging,task331,159b7db4377d2a7d75a15aa8f84344e6d919741566944220da8f361aa1da572a,3836,1,18.186555
candidate_v2,v2-staging,task332,ff9ef4a3514237bbffcf3d8e6f5c881bc68b8ae01f73f3abb8a70a57d0fe7f4a,3735,30,15.952179
candidate_v2,v2-staging,task333,056322558aa8fa4149af6ce9821d3273f0b403e4408e461963db3d70864f1adc,4379,55,14.877658
candidate_v2,v2-staging,task334,a5f6ffb6be0ddc49db3ce5998c7cae13bfa5a4f830eb89e47e9f2875f71895c0,889,9,18.588182
candidate_v2,v2-staging,task335,df7e9b8596d842b5ccccb92f6dbade8c446c1be3167bc5a0d2345a2a5f0d1e52,3440,36,14.258205
candidate_v2,v2-staging,task336,66605e39204e06dd97980e812e93d14e7dab3eb0d815b075ac29202827cc6a4e,5276,54,16.294503
candidate_v2,v2-staging,task337,c276f5799bf0f2f77bbc0c31f5ed97472afbff9a946326286e229929029e2484,159,1,22.697415
candidate_v2,v2-staging,task338,c4e2d784490156e8a4ba7ee3f80c9706021d7bca46e83c27c2aaab16a43710e1,8884,37,14.285227
candidate_v2,v2-staging,task339,23c555a9d5193597ba509db3b965cb39be9f02febeded3f074acb8768e013f1b,1588,13,18.215543
candidate_v2,v2-staging,task340,1b13c5518a579f9d9b93f9db0c46aaf5bb1cc3caef23e4e322ac6aebd1d2a111,6409,72,13.885435
candidate_v2,v2-staging,task341,564fae20dee0f5a54330c3170bfad5824556165d5a206e82a19c9264faaaaf05,8743,101,15.154936
candidate_v2,v2-staging,task342,cd69f1c3c3bd5d7c51afa7008425c54e8c0a232fd18449de9a9bff304cea90ec,3200,40,15.594669
candidate_v2,v2-staging,task343,7d9fd50c151181852757e8561c8433d9c675826ceb14e650adf7d42e3fdacc5a,8142,86,14.741254
candidate_v2,v2-staging,task344,a23999c886c62393d115371628fbee6b6043de7a35bed72285639240d6def4fd,10236,1,17.171962
candidate_v2,v2-staging,task345,c33a5f6e78916a4a95040832dd427c7877e2b85de975738a8cdcb55dea726ae7,10079,89,15.631289
candidate_v2,v2-staging,task346,e127612bc10915231c09b9a410db00be87b798db0d06b4ac227cf3a1d03dbfa9,1580,13,15.875435
candidate_v2,v2-staging,task347,380cc99c31599d59d4fcfdf50a35ef62a10dc616d3253ae3afd5dd4749491257,777,13,17.617876
candidate_v2,v2-staging,task348,a6dd8eb329ee1c4b5ee60a6985610b6685bad770c76a14d12eb9e9665303821e,3000,29,16.103412
candidate_v2,v2-staging,task349,ac90c0e86f99540147c788e64cef5c37a116bd4c884d64eb39b1af5b73c8b320,8082,25,14.190656
candidate_v2,v2-staging,task350,0a4953ef042161b10533c2687cf95494f213b8913fe824d49955a6077178c613,1437,17,15.104998
candidate_v2,v2-staging,task351,c17c4a24fd333fa82a77f43e4a5127d7eb81187a15ad4b7f8a1bb21664a5d49d,3049,25,14.532506
candidate_v2,v2-staging,task352,f3b9bb985cfb0478df981c689aab9f22dc5bb177e02b6f3b6a3b330669eef601,1398,11,16.201243
candidate_v2,v2-staging,task353,1639de1c1d4d3ee61a8454a02d3b5af4d359f13f2fb1c963687d4cd76b280a8b,3244,31,16.403811
candidate_v2,v2-staging,task354,72097d91360fee677a7cedfcb6a9f81d203f7ed48b510491a32767048d687447,2710,22,15.258620
candidate_v2,v2-staging,task355,ad09d6515b0ea120e8214015b5a7dd13fe14644812fd3be9b33471c171932a2f,3971,41,15.624569
candidate_v2,v2-staging,task356,551900e26ac21ba20631069f1a4268e5b9992eabbfd9cde50643affea19fc2f0,2344,21,16.482407
candidate_v2,v2-staging,task357,3d4c5d3ef46e8c9f15401243e101a1f27b9981a0b79e63fc1ea26fda02c8ea43,2328,23,16.120945
candidate_v2,v2-staging,task358,9150c328b815fc4fdfb7dbb9d9a3a8aae7cc94ffdcb8870e090ffc3fb390b90b,10971,132,13.370706
candidate_v2,v2-staging,task359,1c4683356c52e5f1ca1b725734fdf8932a57c9fe9c74559da7a2378c9f86293c,1184,15,14.347150
candidate_v2,v2-staging,task360,288d8ec599a9f336ad8b8ece878231f6009143fcb0788f52136b48e7bdc42237,1271,13,15.680267
candidate_v2,v2-staging,task361,c699920ad2f238fc83e5ce068f9b1840e0bef19a7045709a95c8a20f63ccd62b,6862,60,15.324857
candidate_v2,v2-staging,task362,809f348845562e3a2af3412a38f9a7bf492e320a45d1adebf5e278757bb88f21,1696,28,15.612434
candidate_v2,v2-staging,task363,8a3cfb5d37774abac99d835a86a8babd5b0b5b962b572c370ff9b245ade595a2,5425,48,13.604823
candidate_v2,v2-staging,task364,9f5bdb27f1d3209b0218aec767937d478bbe7db43fdf2be16278461b10f9c75f,8985,63,13.737345
candidate_v2,v2-staging,task365,b5433fef2a486e434f677cabc36a073d21f90962bd37a741806cbce8ba33a836,16991,234,14.017865
candidate_v2,v2-staging,task366,9c2857c2195d9fb8bc86374d45e688230576cea8a4d8444034e776310f6c0d98,84301,723,11.362564
candidate_v2,v2-staging,task367,d714af254dd574b2ee6e4d9a7da38d254cc1cedf344e671171b3198e6677f3e9,9982,135,13.125192
candidate_v2,v2-staging,task368,fb13ef89494b35d91e797f4295a7a89ef8111ed8b5d8f62974f2ce5be08e16a8,8950,186,14.615971
candidate_v2,v2-staging,task369,41510d5508f7ee00bea219692bf4efbbac40ae5b20300daa5ec4f01d4b6816a5,2940,26,16.047265
candidate_v2,v2-staging,task370,35b1354dec9c1b476f5dea4744a96e366bcc30ee32f727907652ee64f46a3f37,10197,155,13.407367
candidate_v2,v2-staging,task371,55f3e4edea862a77001eaa66f9ce4cd37bbc3eaaaad9315a16360ce4d1d01bfe,1810,23,15.039140
candidate_v2,v2-staging,task372,612684b2e2b88419b0dffb9061ba10832910a5dcbc1dedfb2dc7aba90a0290f7,664,9,16.027917
candidate_v2,v2-staging,task373,febd0e663c6704afa5d637e656bb7decaf87e1523de97cd6fac5a3db41f7c234,581,9,18.738508
candidate_v2,v2-staging,task374,91c09b1102f4ea3c00148558423d98b8d9e9f04cfcd91d8995187f580364de84,3923,47,15.335912
candidate_v2,v2-staging,task375,509686d607b3126316a284357799deb369829fe56865a1b05609fa3447c4c5d7,2214,19,15.372793
candidate_v2,v2-staging,task376,a303f886cac43798cffef617b4b9d6b5ef19587a49b8cb5ae3ee2b98fd71e4d6,2664,41,14.938953
candidate_v2,v2-staging,task377,9b52b78bd3e2bfa2d9837ed1edc28b7aea7bbfa859063f82428bbf9c175dfa43,18685,197,13.966337
candidate_v2,v2-staging,task378,83b85af797290c872bb4445a649a62c3dbb79def4efe2837004cc95fe7d9308f,5481,96,14.428478
candidate_v2,v2-staging,task379,b5d2b20c584301f7abc010c463188b248a1cf46e8115c8d81cb5f0e30db38e33,9996,107,13.808672
candidate_v2,v2-staging,task380,5738b9a32c4e060390dd4e9616533654a3951ef69af2721854b0ba55a010d39c,396,3,18.409699
candidate_v2,v2-staging,task381,a16d4bb356919ad3bf517a438093a449db108057e19f9536dcfb509f93eef5c8,3749,31,16.789060
candidate_v2,v2-staging,task382,14b9a8cc2a3b6c3865bf63db9bd731226657d36477d972681299eb6da25e5bff,19986,239,13.416113
candidate_v2,v2-staging,task383,76b3c84cc83d22a6e1cfcf3cf631a9ebf979bd96f557b1e644efbe9325f733f6,5005,57,13.231905
candidate_v2,v2-staging,task384,f0df167c63399347edeca26b04c3bf18712c68fa26dccbbe266d4e5755d907cf,4308,39,13.778470
candidate_v2,v2-staging,task385,629a5673b6a8e745a4c5b1b5afcf3c5e7214f2fd7c54d7f5da27eb3e788ea5d1,175,1,21.598803
candidate_v2,v2-staging,task386,323c7f3d8500272e976cba169d5131a6ace38a7ce40b52416fcfa2808138bd41,817,15,17.311545
candidate_v2,v2-staging,task387,922ce5bde5319cc313a3bd536efe5ad0870456361b80db7b5e806f0adc4a9188,12388,125,13.940292
candidate_v2,v2-staging,task388,8afccfc448cdf82a4975b45c7b556477083e29728ac00da51d92d2da1aefe4cc,6536,52,16.225378
candidate_v2,v2-staging,task389,5d19a4d137ddfa5d5e278378f5210bdd9ffd9225b6b7ca3cfb0a823a86ca0be9,1421,13,17.451444
candidate_v2,v2-staging,task390,8beebca53dbcb17ddb3257f25febefec6a9f7212108ea7bd3d5155b14ea933c9,4736,43,14.885765
candidate_v2,v2-staging,task391,1582c8e52095b42ea4800ff8753f6e9fcb62f2e7b65b1642a469835c6548bf80,2841,26,15.787562
candidate_v2,v2-staging,task392,286bbe96e893d8985bbc76084a277ad5864297316cf38f4ba6edf4007112e4c5,8330,51,14.662460
candidate_v2,v2-staging,task393,ca611d444767651339521e15512433dff1dccbf80f21572d62cfc02d5924cb48,1538,25,18.870950
candidate_v2,v2-staging,task394,6f9e76b487f97c594199199e75fc55402957e97ede7b3c08c5059ae6412a4a45,3787,80,16.533469
candidate_v2,v2-staging,task395,19fd478858c781c596e2ca2f7e34d4e1bcfa8798379225afbe1efd44d2841ac0,1179,14,17.581219
candidate_v2,v2-staging,task396,a9a8a5c3780c0496286932fc74a4bc5917beceacf116e159df3effbb794bc085,26549,71,13.126684
candidate_v2,v2-staging,task397,ec9b058741eaf99344ec4924d5f8477c3c76806ed7bdd2e9f5e72d470c7b0255,7145,86,15.040983
candidate_v2,v2-staging,task398,5e22b113b5a8af360aa7e552fdd71f3ec955ca68744a8b5c21726a900f34e263,7459,44,13.658254
candidate_v2,v2-staging,task399,f8e72c2228ae91a54d38c5a7f101356edc42d906cda234321b13bfc87a5ff38f,1907,8,17.483023
candidate_v2,v2-staging,task400,85a9828beec5f14034326e3d758cb7a93f61e66437df97f60e5b4a304af62110,3021,25,14.532535
candidate_v4,lb-verified-v4-anchor,task001,e797ed891931604093a242891035430eac3d4815502c982c3a516c6f7db1b462,1137,14,17.041074
candidate_v4,lb-verified-v4-anchor,task002,4c3205c0141934e8750b205f87c8622ebfd80d2fce3c665797e3b1dd39c1d0b5,15506,95,13.510415
candidate_v4,lb-verified-v4-anchor,task003,155de80550da61e01bc0f6cc5de93f980b0473d08c29baf3bb04a2529f532c86,3120,44,15.883531
candidate_v4,lb-verified-v4-anchor,task004,fc9ef5d39847fe678249f3dd2ef4701d2d49b2afb4c27c424b79b6f9967ca118,2522,4,14.084548
candidate_v4,lb-verified-v4-anchor,task005,c989d743986f147d63585c2e22e752e367106ddc6985982b435a33567b89a2b6,10910,106,13.328150
candidate_v4,lb-verified-v4-anchor,task006,17e048671c7f056a80feba6875cdbb34da1521c36887cfdb399f371d8d5e163c,1124,12,17.603051
candidate_v4,lb-verified-v4-anchor,task007,6df9108f0aec1564c4fd08e1e738288d4247e6be0f49919ed6a106278d0c3981,1258,13,16.108351
candidate_v4,lb-verified-v4-anchor,task008,9f554244f259a2a22a65b8388f8589f19cb9a1db25ad57eeb687660e73a541ba,7667,78,14.944264
candidate_v4,lb-verified-v4-anchor,task009,2043f559e1ee947e2533c1ca00c25a699daed5b516d1bb4bf3515822ea52518d,30956,22,13.694825
candidate_v4,lb-verified-v4-anchor,task010,92d798f28d116dabbd7bef3a2e3f10f312184eb43390d09a00b3fe6c22a61b58,4038,60,16.479612
candidate_v4,lb-verified-v4-anchor,task011,3f64ad20a9feacc16ad2ce2296652dbc2fb5438e444a47af1f885a374cd43046,10170,52,13.898855
candidate_v4,lb-verified-v4-anchor,task012,cf80b1fc317b51dbd8efa9eca069b2dccd1d58066ce1eb61dabe815a96124043,1406,16,15.468881
candidate_v4,lb-verified-v4-anchor,task013,98f0942c7dbfaf541df9396cfbf3af4d1699a7f8bae9f96b9c4541f220eea98f,18384,91,13.331080
candidate_v4,lb-verified-v4-anchor,task014,33aac8a1b4845a677ce6e8d07d81f5483ca78d158e8f09368fccba9384f7b28f,5317,42,14.427427
candidate_v4,lb-verified-v4-anchor,task015,1bdf0a59883c98795d2d54262adc099a55470837e426c2ad60d49f27b069db45,3798,1,18.197605
candidate_v4,lb-verified-v4-anchor,task016,fb83a8e988f586009bf17279b7aedb194e3492a8e6f357be6d5e9ed903615733,158,1,22.697415
candidate_v4,lb-verified-v4-anchor,task017,b8dab2c7cafac5abd41ffcbbf3179866fe787a76272728d76c672ced0fe7e3ac,8529,66,14.532649
candidate_v4,lb-verified-v4-anchor,task018,c2e8e82b394406b4127ebd3b4e74460e0d34b69c8604a6ff6239f9a1608dd4f6,32157,219,11.323875
candidate_v4,lb-verified-v4-anchor,task019,b9e7bc0ecebe4cce72ea9df2a550b91561dfd30ed40820c398a63d11402f785a,2566,32,13.693533
candidate_v4,lb-verified-v4-anchor,task020,4abb72f71f86d299893dcb1ee3be5937bc57ae169a6d1c33af77157df2be6f0d,31378,245,13.590958
candidate_v4,lb-verified-v4-anchor,task021,d5e8b9b81a83f0b1e5a6f81304b1109485b1c925755846342775c896e62bf53e,30934,214,14.225073
candidate_v4,lb-verified-v4-anchor,task022,c97568f12ccd4cd1ba279f87d1c748542785951464273c2ab4a544bd8be6a451,5021,67,14.542024
candidate_v4,lb-verified-v4-anchor,task023,381d1261e875c1cddec3fdc4fdca4eff331d3edad2677ad6ba7a97a0d16be814,33067,374,13.807115
candidate_v4,lb-verified-v4-anchor,task024,f8a1d671c3118abe56700d79b82cd03b36acad2b03a5453a7790ca311b792d5d,3233,27,15.886171
candidate_v4,lb-verified-v4-anchor,task025,8af5c50b49f5d98f1afc1df69981e7ab0394291ee5227dd01d45f4380208bd61,13460,127,13.149938
candidate_v4,lb-verified-v4-anchor,task026,7b1677f67eb3a42b35d9d881fb5afa91618d944fae08e6ae12d4aeff0faa3601,1345,13,18.396056
candidate_v4,lb-verified-v4-anchor,task027,63da1fe45860bc98d31a806aeabad3d8d81890198997b6d66fe5343ab004d658,16205,25,14.486991
candidate_v4,lb-verified-v4-anchor,task028,5882fa43bf7f98d605e8098fc72437800e43705b6484f0675c3c72fae26e9e30,1867,13,15.896132
candidate_v4,lb-verified-v4-anchor,task029,25fd930dd65d6c39e3db30c12b581ca4e5dd8c8aea1ce2a272e893b8ea92fac5,13589,88,13.503438
candidate_v4,lb-verified-v4-anchor,task030,24c30df3c65fe9519cdd613707486e52f067c179db811879c4c774186aee3ab1,7091,64,15.772409
candidate_v4,lb-verified-v4-anchor,task031,b90c3fc6af40739352e474797fcd60c161bf6ecf6e4312dd7060ba0ff8383f7a,3417,26,15.164363
candidate_v4,lb-verified-v4-anchor,task032,64d66eeaba95588367af53102ecf4fb2ceb4c93327b677f80f1a9591b342f6a5,2347,19,16.867000
candidate_v4,lb-verified-v4-anchor,task033,60ab4cceeab38a8952d0157e862ec2f374a51c7d70c00bdecdf9833a703455b5,1510,16,14.081989
candidate_v4,lb-verified-v4-anchor,task034,7400b12dcb940f16d35589b5657e932c80b9aa92e8aed8c1f41a38cdff070b08,11293,87,13.421324
candidate_v4,lb-verified-v4-anchor,task035,15a9c474e70c83253daaa3ff80387d3b29feadebd4ec8018b87fc277cf69f62a,3707,38,15.360283
candidate_v4,lb-verified-v4-anchor,task036,76facc8f1d2b1b6691dc621f3160abfd35d151bfaf74961ef3d21abebefdb575,5866,56,13.710331
candidate_v4,lb-verified-v4-anchor,task037,e19669c0dec2c6b73986d1bd07ec5c19bb0bc452edb6cf3d006f85657ae46d12,20424,27,13.937652
candidate_v4,lb-verified-v4-anchor,task038,a83d43302a9ef7e5b284cc1e38fc4ce8deedb152481de569220ea69b94855018,2357,16,17.306974
candidate_v4,lb-verified-v4-anchor,task039,3bac77b4053405c006f1695572c1a8853909392131b90cc60df799a75bef2677,1913,14,16.034027
candidate_v4,lb-verified-v4-anchor,task040,f75c35724647ee41a691e8449bf8b38434ce9912519b1b33845a1eeb08cebff5,4167,36,16.029441
candidate_v4,lb-verified-v4-anchor,task041,2ae5ccde56d9118ad549ef2a4383dfc5a74e4b8fcbbd3b3dc4d09c92209444a6,2110,20,15.626776
candidate_v4,lb-verified-v4-anchor,task042,ef03e8f8fc1c3d00a4fb8e89f1dc70bc68cf2c46e4d75b1cf83777750aacf344,8543,52,15.950063
candidate_v4,lb-verified-v4-anchor,task043,16b05e98645b4d8da6cf555ed59cb2165317fe07248f91dd11f6747c0b38c22b,1966,9,16.129477
candidate_v4,lb-verified-v4-anchor,task044,69911a7f65f60c706b526a2866022a0d790308d2228f38db8db339687f5ec060,33172,298,14.309260
candidate_v4,lb-verified-v4-anchor,task045,43dc4b647f1683ea779fb39571b0cdbbad8fdcfd27c8713aaa44314281d7c131,1438,11,16.040431
candidate_v4,lb-verified-v4-anchor,task046,776e40c71ae05f511e59e234f5f52931c7f966c95b139fed312451a249a5f138,5299,73,14.582911
candidate_v4,lb-verified-v4-anchor,task047,51caa99fe3ce9cb3e122d3a78119ede0e5beb0d8940d7959bece25bbe098d26a,3091,30,16.985664
candidate_v4,lb-verified-v4-anchor,task048,5acf8ce760fa9bf51285e7e58505b654e9443d4a70ff885dbf5ecb5fcf8e2723,5917,52,16.368586
candidate_v4,lb-verified-v4-anchor,task049,a37e8cb1f6134fded24f6bb205efbdfe9c4b4f96f2b9195d9db3108653eadb0c,3516,29,14.613685
candidate_v4,lb-verified-v4-anchor,task050,a43a64896f788cffb0e83ee188a7680ae80f27578b1bb607a36e32c9a39258ab,2006,21,15.843588
candidate_v4,lb-verified-v4-anchor,task051,1fccc900903384492e825dfc74d6952195755b48411dd42c988cf3bb64ea878c,3372,58,13.866331
candidate_v4,lb-verified-v4-anchor,task052,195c01dfdaae84b9a7a585295b8d44c1c3741ab522a7e9d472753ad121d8014d,986,11,17.886858
candidate_v4,lb-verified-v4-anchor,task053,11d2a84ba10862f37e4dae8a206314fd4226f70b6f751eed23e52ba32ebde353,175,1,21.598803
candidate_v4,lb-verified-v4-anchor,task054,da0ea9c4a4e7de7d20e8867f669de546f57874c7e6fa83c850aad07683855ecc,5551,107,13.077963
candidate_v4,lb-verified-v4-anchor,task055,92d4ce9193151139ddee430dfbe552e5a2aa41d1172f6842569d1e37ca664ded,13497,166,14.815477
candidate_v4,lb-verified-v4-anchor,task056,9d687659145a785dd2d111cccd06fc2b802bcaaae0c2926b7d39a51406e1254b,815,9,19.638708
candidate_v4,lb-verified-v4-anchor,task057,c1e43aa7b8f024cb83ec8144fb50cf67b6ffe8126f4e6abf15f467ecf685b4ba,1616,16,14.714521
candidate_v4,lb-verified-v4-anchor,task058,7a4b47e465104bb5b576167d51d642e539c3f9d5bafef55faac8d1987475593b,14221,16,15.313115
candidate_v4,lb-verified-v4-anchor,task059,75ad1518669f36600bb72e0eeb074051895d744f7075f6835c090dcbb2a58abe,7062,21,15.076171
candidate_v4,lb-verified-v4-anchor,task060,03687375b7e8938e4f841fe856da30c83884468ff07c648d7021c6b6748784bd,2458,20,16.372877
candidate_v4,lb-verified-v4-anchor,task061,27289ea0d11a669fe413e1b05826321af3d079ce8a5555fa2610a93704612c2e,17030,9,15.152342
candidate_v4,lb-verified-v4-anchor,task062,0a2e640c0671d137a38ff13794cbaaf44ed872742a534c52771f99d309757432,14479,217,14.670951
candidate_v4,lb-verified-v4-anchor,task063,5c8811b2da8473750953376c6dbdd913b50bc29b96f9a16a09cf201df9a483ce,3709,34,14.666940
candidate_v4,lb-verified-v4-anchor,task064,e218f014e0f41fbf58f0a21d6c18ab365d24b6b93f7c8bb533378039b355a02c,7151,68,13.354705
candidate_v4,lb-verified-v4-anchor,task065,4275daec8a235c2656d266c872c9928cf33288d784e4904be2564aa68306a857,2835,37,14.543288
candidate_v4,lb-verified-v4-anchor,task066,31accf9a8946823310fd6e9bf3a65c1cf003db4ea34ddf29373897a880913106,16477,291,13.489738
candidate_v4,lb-verified-v4-anchor,task067,e823d84640b258f8322dde914f6bd992553a53aadd84d4685cd18da5f1be35e9,892,7,19.247427
candidate_v4,lb-verified-v4-anchor,task068,e490818d91a162474f9a9ed4c4d7a03517788fb18760e2fe6ca209f592660a82,1602,24,15.559421
candidate_v4,lb-verified-v4-anchor,task069,48f4ac80c4fd4fbacb51a6cd3b29947a20f487279392bbdfe639d73b61770e69,32543,380,13.657033
candidate_v4,lb-verified-v4-anchor,task070,c09e95105072fd97b2106ecebc5fdb42c86bd41e9994b310781aa321351ec9d5,11844,71,13.900501
candidate_v4,lb-verified-v4-anchor,task071,2d696d39af281a3a0ca1582e413672e8ef38ef9f06d584f19844a45a6e2aa4a2,12082,49,13.226404
candidate_v4,lb-verified-v4-anchor,task072,579e7a8a616faf51a4ee64994c8709f2e15ca52f63c805a39b48ac05fe546a76,1347,11,17.801069
candidate_v4,lb-verified-v4-anchor,task073,c974fda7fe3001de4bd2200b9065826ac44cf359fcb1949954b82f28411b5b63,3825,1,18.186555
candidate_v4,lb-verified-v4-anchor,task074,8194b1eba8a395566d686766b74869219cdfdaec5105dbad5f36b6ef32435be8,1824,18,15.009189
candidate_v4,lb-verified-v4-anchor,task075,211a2ab0ea4cb67b9b8714d411d361e7eab6ec1192f0f74155bd9bd9c043c7d1,6812,57,14.742797
candidate_v4,lb-verified-v4-anchor,task076,797f083071342329512c0741c19c9ebef14ed0aac51c95d70e4c66036c79ab0c,39997,365,12.302159
candidate_v4,lb-verified-v4-anchor,task077,17691436bc7996bb9aa5b6b77bf34cfcc7674700abc8e4d69f7ec65ff4351709,7690,68,13.030200
candidate_v4,lb-verified-v4-anchor,task078,c33e2e8bb8525ee7c4bfa0aca9ec69955cdd9a97837985fb38efdb309903089a,1974,25,15.650246
candidate_v4,lb-verified-v4-anchor,task079,4a4f6c8381af1ed692a1d279af1ebacd591befb7b825933520d08519653c1d13,2695,20,15.029649
candidate_v4,lb-verified-v4-anchor,task080,81bd164e08ba2dde915541b651845b90e52868ce3aad2444210c9895beb20513,10205,123,14.353266
candidate_v4,lb-verified-v4-anchor,task081,118dc8373587509f07d12aec64778af91edff7253f80e273a30e5863c7b8c91b,3749,35,17.256297
candidate_v4,lb-verified-v4-anchor,task082,5f994c35d189c6fc8c7c8733202150cd5bd5bb9aa686ef9497ce5a384641de47,1645,20,14.936138
candidate_v4,lb-verified-v4-anchor,task083,3526144719574eafa02b2d1fa33a4be836ec96c267520ddd982697e447b8bc98,7454,1,17.504458
candidate_v4,lb-verified-v4-anchor,task084,5bd28bac4f427d16b03dfcb9d4ae68237ccb4bb720b534e0e14b2768658ee6a0,2820,23,15.121164
candidate_v4,lb-verified-v4-anchor,task085,0cf2b40dcd4fe9bb85de2e251fdca74496734e7c804425012cb1c1110d27505c,2547,20,13.363283
candidate_v4,lb-verified-v4-anchor,task086,fb8e2c6895c9222d8bc4c7bef5d953312ac8807d49bf81aae502dff77d8f755a,4384,42,14.885239
candidate_v4,lb-verified-v4-anchor,task087,4e9d18bfbd60be2b9135e2cc459588db6a40bb878e5e16dd89651e3c3eb1cfea,474,2,19.070411
candidate_v4,lb-verified-v4-anchor,task088,9e7ea13b994ebe4fc0cc8c2f4bfd462d7dea74b364500cdd005ee3c8f75db494,4099,48,13.804996
candidate_v4,lb-verified-v4-anchor,task089,0a479a40d999937f174a12134d5f78bb97ea8a6c108f09e8f44398fe6cbbcd40,17792,181,14.179382
candidate_v4,lb-verified-v4-anchor,task090,8032717a5846db3d60ae06a4fa0ff8af92327fd6b6102d39eff9ae246e44816a,19660,246,13.943507
candidate_v4,lb-verified-v4-anchor,task091,6c44a2a529dcac845b02796c463d82b35c8cc360fc72fc096564f3beeef63a30,4627,43,14.150760
candidate_v4,lb-verified-v4-anchor,task092,9236d9cc815729ed782d19cdf0b9e8d77faa046e475d2b973949ffce55eb8251,2297,30,14.257340
candidate_v4,lb-verified-v4-anchor,task093,cd70e073d1fdbf93b6402aa5356e8c8f09529cd3e6048fc5501c4e44bda9d3e5,6234,56,15.354118
candidate_v4,lb-verified-v4-anchor,task094,9877a08be2f356fe67653342ee102820efd26cbf7f80ad6490bd10011209d2ed,2950,25,15.745356
candidate_v4,lb-verified-v4-anchor,task095,eca4d38cd8606a930a722084789b856626fff5d4938c02546296c7f3cca109cf,3950,1,18.186555
candidate_v4,lb-verified-v4-anchor,task096,ff738d77570dbd5ab5a22424ac2a07c52c7a0585eb12e8978b42ba3579be0d62,59216,456,12.871846
candidate_v4,lb-verified-v4-anchor,task097,7f6ecd5dfcdf09370d46812f345ea9d0b6eccb18d017665e039876a6d408bb15,880,13,14.070292
candidate_v4,lb-verified-v4-anchor,task098,8fff41bf99869a80261fa1ec8461431ffa90e7a616d10c1582642af88b241cde,3836,1,18.186555
candidate_v4,lb-verified-v4-anchor,task099,1e320d88cf0eac19c3c20b9c005a4be28ac50d4bf0a39015404f9deb22a0c31e,19839,1,16.500971
candidate_v4,lb-verified-v4-anchor,task100,c815d3a42090024e57143982ac6320779019d7524c630a2c9f175975e6254567,4954,28,16.135536
candidate_v4,lb-verified-v4-anchor,task101,edd7e165314a501462e02577d29022d3eb27078c4eb090009d5f19a5f0c2fbf1,19538,125,12.166837
candidate_v4,lb-verified-v4-anchor,task102,96828587e72bb4a7f3af9bce80fa95d9431a6740d99b3f93d32e3c48096cea60,6500,48,15.557993
candidate_v4,lb-verified-v4-anchor,task103,37d93e069d7366fbcaa2584714c04a526bf7b20320872fba5337873dec396be6,1281,11,19.758253
candidate_v4,lb-verified-v4-anchor,task104,9fe39c7d53c73444d4dcdde3b3e423ec71943f7133c2fb675ca3e111a67794bc,3667,21,16.767294
candidate_v4,lb-verified-v4-anchor,task105,c98b3f63a51b63155aeb92f922cbf3f241f84285f5f1705a033e4773d25b47ea,8053,63,16.138508
candidate_v4,lb-verified-v4-anchor,task106,9b54191da37371effdb80aaca05a4cddbabc19d25cbc1ebceae1d85a897c6698,2939,13,17.940382
candidate_v4,lb-verified-v4-anchor,task107,b14df708a1620b804424d2ad11a6012e77c9895355e84c3f999e7c37360e23bc,31694,52,13.806578
candidate_v4,lb-verified-v4-anchor,task108,825c078fdd5cf248ddfcf1d91c57c125e6e2213304022e67810f2d3aaee2922c,7454,1,17.504458
candidate_v4,lb-verified-v4-anchor,task109,7839c13870891f0086bab84db435e1ad5532c6e87f69d2ce0c9b98114d796077,5237,39,13.542048
candidate_v4,lb-verified-v4-anchor,task110,3c6a969967d00d5933bfc76224740332ab35c72aaf1647b7a2ff532e3c71cf91,21494,163,13.329165
candidate_v4,lb-verified-v4-anchor,task111,c01911e7f5493ba19bcc496b439eb2106bd44f79305daefd94e102a96691a8ca,1499,15,18.319145
candidate_v4,lb-verified-v4-anchor,task112,c9d107e03bcc1559d05367b27fca4117a92b4a4e65d2103d0e57fd16eebe58ca,3987,44,14.010141
candidate_v4,lb-verified-v4-anchor,task113,356a5f1e2200cf2560f6c836ce7d21eca6b6cad9e68015c2ae31639613ef9b09,499,1,21.598803
candidate_v4,lb-verified-v4-anchor,task114,7d1973d605273db25b979fc20a63bacd338098bf8f239bc90618b4b89dd1baa4,4719,26,17.865906
candidate_v4,lb-verified-v4-anchor,task115,fef642f35c49927e9440865ae0761f3f9ecb7d9bb8a03f2a5109e91a82deb620,5069,34,16.675906
candidate_v4,lb-verified-v4-anchor,task116,3f87aab73b8c538752ffb070a34dd07ef95ccba2d299bd7526da67fcf956e1e5,479,1,21.598803
candidate_v4,lb-verified-v4-anchor,task117,f0db9d777864eb09eb86826b56a8d871d28a0394c52cc42c8241426f1cfb47e4,10734,74,15.193795
candidate_v4,lb-verified-v4-anchor,task118,d7c43f5837168a847b0a42f775fe0187c49dc231b222c1fc1918900906b429f6,6545,64,13.336553
candidate_v4,lb-verified-v4-anchor,task119,07ddefaae6173ac59e2d58892773e2f6363645aa9845b7b8ea9e13e54e6e3283,8400,140,15.280435
candidate_v4,lb-verified-v4-anchor,task120,13dafeb021b56dac928f38d32b4a0b841fcf481296ab752c9ac203fa425e1acc,3836,1,18.186555
candidate_v4,lb-verified-v4-anchor,task121,03880dc2a72d6781722a53ffad4b506867ebd9f9c0a7faae3760807eabe67856,3339,24,16.215838
candidate_v4,lb-verified-v4-anchor,task122,d932a3ac54fb54cc09d9cdbaab21ba4e9165ed9a6a8e01b9e0c49fb972269b75,10236,1,17.171962
candidate_v4,lb-verified-v4-anchor,task123,984533b7a16d9c9d396feb3804602dd6044b4573d05d14964f3f23d179764af2,8805,17,16.680283
candidate_v4,lb-verified-v4-anchor,task124,25adeb7f2d7dd711adf8af305ce943ada2ad39c8f0f5e699e9ff722f2f4a60ad,5397,52,15.705962
candidate_v4,lb-verified-v4-anchor,task125,20f2c3e90cfb5afe5ac7e795a1cf906ce67453cb55deb5cbcc51275aea5fc7e8,3032,28,15.495722
candidate_v4,lb-verified-v4-anchor,task126,b86dafbc68af0e5b698f0241dd534874e44ffd9dfca8bac7b89280a3534f3824,2765,29,13.636840
candidate_v4,lb-verified-v4-anchor,task127,81f551a5b779e861ce371fdc4697595db753242954a60c50a3ac8e3108937d97,3772,1,18.197605
candidate_v4,lb-verified-v4-anchor,task128,5224331b88562c8c5864a82ed28442ed1a8c17321e5852eb0c193b0a8eabe7e5,3365,28,13.537926
candidate_v4,lb-verified-v4-anchor,task129,cb3d815a7dac0fa6cbceaf9fac975e8d8bf1ae6af4987a5c11478325fb8b6a6f,1048,8,18.293138
candidate_v4,lb-verified-v4-anchor,task130,129e8e94901df68286dc85134b4be5ba1daa1437df26f1eb430b9272e7f77471,1293,10,15.322911
candidate_v4,lb-verified-v4-anchor,task131,aef2df6731cdd0168ed41a7637a2b939bb42ff5efe498e6732b1bc4fa4aa2d64,7860,103,14.295633
candidate_v4,lb-verified-v4-anchor,task132,02558813adda79590927fa1e3d0be80af0e44475a6abbd69beb0d87da57bfdbb,2585,38,14.709279
candidate_v4,lb-verified-v4-anchor,task133,5687c680c3dc47595c1351df2320ec8fd8330dbc41cf1ef38c4547d11c2ee2f4,9860,121,12.810667
candidate_v4,lb-verified-v4-anchor,task134,b8c97031d4dd9d04cdd7ec5e6e43525899b583f45e8266ddaa88aa4340ea596a,7061,75,15.575516
candidate_v4,lb-verified-v4-anchor,task135,a5ba0a9dc839a73fc24585aab0bb1e97cccd5531fb28b98b77e91a17e7701ecc,381,2,19.097367
candidate_v4,lb-verified-v4-anchor,task136,54b79d7f792cfe272130aa8daf7784f6ff46db39d5419da2bf1152175cc472fe,2845,25,16.515950
candidate_v4,lb-verified-v4-anchor,task137,7b50205804b2162040e107d11052d9190932c44a4cfc55aeb4c026422b7af614,3852,36,14.031216
candidate_v4,lb-verified-v4-anchor,task138,6c026ecadb7fd55efc59be79f8ee0bad0683627135c59cc7c90e35835e886d86,5533,94,14.212766
candidate_v4,lb-verified-v4-anchor,task139,e3e6133e136fc342560390d22bb08861dc290ef6c9f64e8854070984d4a5946f,3865,33,16.803012
candidate_v4,lb-verified-v4-anchor,task140,4e9d18bfbd60be2b9135e2cc459588db6a40bb878e5e16dd89651e3c3eb1cfea,474,2,19.070411
candidate_v4,lb-verified-v4-anchor,task141,419409ee1ef9989b22aaba718cfe107b9d915bb476e1f4edee982507a294cede,2345,21,15.331033
candidate_v4,lb-verified-v4-anchor,task142,b525fbe662a950ccba343052e36da4678bbd57b9039d4f6c5a15f3c0a16fd54a,7454,1,17.504458
candidate_v4,lb-verified-v4-anchor,task143,545186fc1e5605ade4d666e87702a09678e9c34c1449945e1a0fdef567cea868,2144,24,15.124860
candidate_v4,lb-verified-v4-anchor,task144,9ccdbc162d23747b26bd043d8488ba2aebe080e2a693304f16ff65bd3b7d6a0e,1358,13,18.333043
candidate_v4,lb-verified-v4-anchor,task145,22681d1e38fd9b4a50619a4900134ac568081a0007d313598a2d4a001a12a65b,31434,325,13.796907
candidate_v4,lb-verified-v4-anchor,task146,773d61ca46def6d1e9fdb7916c51a9f5e99a5d39640f394231b2b05a400c4a31,1894,29,17.278651
candidate_v4,lb-verified-v4-anchor,task147,e65dc2d49c2dd32775575699e73cb1ad0aca1fcca0a87fcec26127b52f631670,3825,1,18.186555
candidate_v4,lb-verified-v4-anchor,task148,977766efe15f7fabde643b68e24ea47cc5d9069210a295f8ba0c7ab3a2f5b9de,6750,110,14.999885
candidate_v4,lb-verified-v4-anchor,task149,3137da6fb944a3bb6e03884efc695345a045254de6a366510505b2221d175600,1404,13,16.455386
candidate_v4,lb-verified-v4-anchor,task150,3713f1d83dec814704bf447a95675df2a099ed0116a1be5d03b609fc83e50b42,1031,11,18.018994
candidate_v4,lb-verified-v4-anchor,task151,265a8eb2b997ae3dae68af150413ae0c0301bc004251e92a8beb0dc79bd2e36b,3880,1,18.186555
candidate_v4,lb-verified-v4-anchor,task152,b525fbe662a950ccba343052e36da4678bbd57b9039d4f6c5a15f3c0a16fd54a,7454,1,17.504458
candidate_v4,lb-verified-v4-anchor,task153,55d4acfcc6a6311ddcf241c263fe00240f6f960d191fd28f3ca1b7e1d7276684,11982,103,15.018718
candidate_v4,lb-verified-v4-anchor,task154,e281e3fe8c1c917c27a10b858fcaf1f4c32f515e141d21ca4b433ced757317f8,7883,44,14.322200
candidate_v4,lb-verified-v4-anchor,task155,9b6ad9025b9983cfb5b2e6d5ca817b0bca8bc489a2732e0124c593e0cded9133,1031,11,18.018994
candidate_v4,lb-verified-v4-anchor,task156,5681c4597dc25b94054a92a845e31191a8c745ac5c6e6023376bbf537e568afa,48854,371,14.820776
candidate_v4,lb-verified-v4-anchor,task157,21a4cccd80c6ef6772ba7d8a997548b833b22cc81d184116625e74670cec9f77,204564,2422,13.773251
candidate_v4,lb-verified-v4-anchor,task158,f168ddfd2be08ebd85d01d24e38466355b7186f35c9506055e961fb96f03e576,21962,253,12.838381
candidate_v4,lb-verified-v4-anchor,task159,93239bd39db8bb07ffc4f354ca7b43656c78ca03e18c9ca72a30ccb093e2eb5a,12966,57,13.597995
candidate_v4,lb-verified-v4-anchor,task160,9614391ed6a8c961cb2a50b82e22337eab556621bb99de4baaa2f78d0f8b06ad,2189,19,16.569237
candidate_v4,lb-verified-v4-anchor,task161,2d7de8e1b4ed2bbcf02e9c30f7161ad0c01bf7c326b6a5608b419596eec5cf5f,4323,39,13.923427
candidate_v4,lb-verified-v4-anchor,task162,29467827e023a09da29f2c6bcf10d77d7bff035e613d5615f27d623e6f2f3224,2268,19,13.944502
candidate_v4,lb-verified-v4-anchor,task163,20509dabff21d45373372e5d29ac896fe8dfe5643c42473470e08c9c1165f945,10270,68,14.916318
candidate_v4,lb-verified-v4-anchor,task164,250771b94d3db4658d4ac04e3bd9a0740f2af0f3aba0bb9b5df4d6181bb470d4,479,1,21.598803
candidate_v4,lb-verified-v4-anchor,task165,84191da6721ff334125fd7fa8616eb9122ba801b8e467d4f0bac42cdd367fab2,4910,25,13.879762
candidate_v4,lb-verified-v4-anchor,task166,635ac35cdaf739d7549ee8cd70b4042ae832ff18d2798a37fb1e315bb0990a02,1318,11,14.881845
candidate_v4,lb-verified-v4-anchor,task167,71960feaa6f01d141e2e847cf629191d99e40b6ceb0199f2c3f955b43a84d6d9,1673,9,18.470581
candidate_v4,lb-verified-v4-anchor,task168,2205bf940f52b8c30a0c4ed0a64d1a137e71404a8af99f96a01447ae4386c250,5052,45,15.071674
candidate_v4,lb-verified-v4-anchor,task169,dfe553780f6769c9353bcda597ca9fe3629e0ef69cc742c9b3362616e9b716ae,20803,168,14.929770
candidate_v4,lb-verified-v4-anchor,task170,9f919ea1d3fae6c43dfb70c30fe5ce04e453a44324f39755cb00850f150578bb,64849,681,13.683941
candidate_v4,lb-verified-v4-anchor,task171,c0dccfce69e87e53b68a617cc0ce6da5c9659180ce2acc2a46007c9915c524cb,3825,1,18.186555
candidate_v4,lb-verified-v4-anchor,task172,aa923630b6479cf1a1f5e7b7bfe2e4947e1c8ba8edba4f31d250b0b2f0c98dde,479,1,21.598803
candidate_v4,lb-verified-v4-anchor,task173,a0299600440d0a79709022f1953af8a56eda11e1855cebe4f865b5a0de0e5a2d,10108,69,12.891033
candidate_v4,lb-verified-v4-anchor,task174,a6f543067be128376f67b828b67c2b02a893fd3d4b5341054c090b91d89ec12d,61839,790,14.120087
candidate_v4,lb-verified-v4-anchor,task175,81360eed1239cc5100375c4c1bd3261ee37f752a50e42166236e158e5ad5ac31,12985,22,13.619235
candidate_v4,lb-verified-v4-anchor,task176,e323248617622d6f3ec11b2d387952fea83ecc2fed3bdb998ca12143a2168c6b,1126,7,16.022854
candidate_v4,lb-verified-v4-anchor,task177,48385e53f6d91b1332b0700d5e72e20e74d11766e273fb7f811394269584c889,3834,33,14.000804
candidate_v4,lb-verified-v4-anchor,task178,4da8ed1ed0676bf74ff1db264eee36e5a51569d8bfd9726b145975fb852cb357,6748,126,14.713600
candidate_v4,lb-verified-v4-anchor,task179,bde695a21a93b9e2084a9b7e8a8bee5f2cdc694baa71a12d1c34ae921a89cb87,170,1,25.000000
candidate_v4,lb-verified-v4-anchor,task180,8f6b55aa41b48daa3c5bde2cf091752666c75e5b3b9acd0b61ce5c378a8988a7,2525,6,16.084031
candidate_v4,lb-verified-v4-anchor,task181,d5e423513a6d975dcf970b7fa00306491312801ed8b9c3232bddaa05e5217ae9,3083,21,17.914936
candidate_v4,lb-verified-v4-anchor,task182,fb75b348e67470b2e2a6c5f3f165fe745ddb156f0b733be45879e713df338413,11272,136,14.229685
candidate_v4,lb-verified-v4-anchor,task183,46ceea84568fb834441d4df8e55844ba3122e38f8a91006e113ea40c89bebb55,4690,55,14.879226
candidate_v4,lb-verified-v4-anchor,task184,b3e368b3f0f6a0d2cdf52adac0b6437a70cf0ab42df9e7b3b51e0d56516b3171,4876,52,14.302435
candidate_v4,lb-verified-v4-anchor,task185,dbc48d1e31979b5114d5df411783ca8989f9ae9c4bd063f24eb529ea5d5b1dae,18881,242,14.004858
candidate_v4,lb-verified-v4-anchor,task186,500e74b13c3bfa38bb19ab519a9d4faeea8ac6f8f8cfb0b10a18dc1cdc422463,1210,11,19.113896
candidate_v4,lb-verified-v4-anchor,task187,0001d793b80773b9c39ca8b5968b8909efd4ef51b115a3a1d0d16e16a3be5c79,5768,88,13.426798
candidate_v4,lb-verified-v4-anchor,task188,b5aedf9a8411d84cd20d8bded8746b6a16044a019d7d5352e049a9c98ef96837,3259,46,15.725371
candidate_v4,lb-verified-v4-anchor,task189,ad40fd32da208b67a234bbace455a8c50984a7075ef19f2a27f1a571ce90a1e6,6774,110,14.886089
candidate_v4,lb-verified-v4-anchor,task190,0a31ba38881a6fc4af83224d1aa59f0a876aea5808f55f95707b8c5975ac4c06,8781,63,15.675974
candidate_v4,lb-verified-v4-anchor,task191,4d77a29082ddd2a87611677908e591e19a445a1b7648b4c5d17e6de5f96acc48,132233,1037,11.527907
candidate_v4,lb-verified-v4-anchor,task192,b33d9d2c7a44e0ccefa26f20c6eb211ff45cdba6b7ca7a38c8fd674ddc5062b7,2511,21,14.093402
candidate_v4,lb-verified-v4-anchor,task193,1184ed012012ee9bc87677fea86382acea9bc6b8979f087a5b3500492d6138dd,1925,14,14.109558
candidate_v4,lb-verified-v4-anchor,task194,5a188032e9933c63bea9816c0846001d769eb356d00653af9e5e766ff62bb53b,7454,1,17.504458
candidate_v4,lb-verified-v4-anchor,task195,ba4b722b42ea9bdbffbe4fcf38c90d387045eee91e245e77f502c246c158e0dd,5381,33,15.436963
candidate_v4,lb-verified-v4-anchor,task196,89719c41cdbc1176e45d78565003ab2f9feb673cd43fcf7fef4c3ff8a4a302e1,2417,31,14.618975
candidate_v4,lb-verified-v4-anchor,task197,d2fb46801935583882f6a460471b563ccee60a53661cb17003fc2b60f17ba1ea,1223,18,14.166556
candidate_v4,lb-verified-v4-anchor,task198,a1cd099e3d965fb4506eded8d4bde77ea202357df70e9212b36911ca002c8cb1,6979,51,13.449576
candidate_v4,lb-verified-v4-anchor,task199,7f8ae82add1995ce631f2596ebf18e50b694cb8ec8d56a776cb6b1f393d891fa,2948,22,15.309891
candidate_v4,lb-verified-v4-anchor,task200,d2fe6f0296052465deb2186c2997c4d7936b47171fb7681a34fb771b1b028a18,3689,36,15.976592
candidate_v4,lb-verified-v4-anchor,task201,45f10ca88d12df7175c80895aca63ccdf595c12c3c580a4581c0a70fa6eb8d06,10924,135,13.554497
candidate_v4,lb-verified-v4-anchor,task202,548ea01a96ba723d596f57386963dc208eac1c74ee9c8ad978597704d8065f5d,3582,31,13.258188
candidate_v4,lb-verified-v4-anchor,task203,5e20d646f42a0e37716c52947ac6230d99af86046000ae1df17b6bc17e0f4311,6433,36,13.631707
candidate_v4,lb-verified-v4-anchor,task204,87a846db4022321bc8e15e64f2e70df56729e9a336b1361e278b89b4260192a8,11457,71,13.314416
candidate_v4,lb-verified-v4-anchor,task205,dfd08e391e2f0ca84fc0efe2a0fb96c8914cd0c3f7eefebc8c36de45e2c92553,33601,416,13.370955
candidate_v4,lb-verified-v4-anchor,task206,a9a48933d73ab0ca96c39812eaf2d7cc02be75d240f640166a9e5b4a88f1a1ea,20303,224,13.895344
candidate_v4,lb-verified-v4-anchor,task207,eb31b69d46ecc34c73b17ad80493c10002468aa9196475e6c9e12fcf46ff8235,1979,25,17.463636
candidate_v4,lb-verified-v4-anchor,task208,5d341124008dfd310bc5a123793ff6f9beaeead1fd98692f86f798a8f1e3f4a1,15885,196,13.566031
candidate_v4,lb-verified-v4-anchor,task209,526096cdb412105c0c63b13deae79e4fe0e8dd534f55f1f79315e19f2b58699c,12442,200,13.285310
candidate_v4,lb-verified-v4-anchor,task210,aa923630b6479cf1a1f5e7b7bfe2e4947e1c8ba8edba4f31d250b0b2f0c98dde,479,1,21.598803
candidate_v4,lb-verified-v4-anchor,task211,3c58a51ab06ee25bf3c54539284f6def4bc6e10c364246d45f5533df0905fd17,7454,1,17.504458
candidate_v4,lb-verified-v4-anchor,task212,d6a9a891ea864265da23186675a7542643cc9de869839d9a2d67e387d4c304a7,4712,53,15.782783
candidate_v4,lb-verified-v4-anchor,task213,b7fa6e9947ed72377e9278874ff0f585fedff51fdcfcf07fb07c0b544422ad76,25133,385,14.134083
candidate_v4,lb-verified-v4-anchor,task214,476030b9c3c916862c896b22ae9f1ee46d6bedd703bd39deeb4fe1a9a7cf6c54,7454,1,17.504458
candidate_v4,lb-verified-v4-anchor,task215,ad1e975b6e82508de2e208bb5877eb3d7a2c9d9a0cebf7b9dd4911a4078af377,1729,21,14.452188
candidate_v4,lb-verified-v4-anchor,task216,8fd3706d25161ac61f40c1adb00c1cdd8f4803d8b4229bc361b0bc2d6efe0000,20396,286,13.443900
candidate_v4,lb-verified-v4-anchor,task217,2f029d300d82fefb5d96fa4be293ae596ae1de0026dacc64e63b73ed6b788d33,1350,18,15.206104
candidate_v4,lb-verified-v4-anchor,task218,14bb6c5e5fa3712e4f556142985fa03de40ba2accd475bb596ee538d3c10c60e,9594,137,14.948006
candidate_v4,lb-verified-v4-anchor,task219,ca6b90fc80fbe315900e7ad27ab3a0b1c8b5e11df2f018aa44637ca0bc92feb1,17812,393,13.680028
candidate_v4,lb-verified-v4-anchor,task220,924ca3ff6b3c2190ebdd92b73e0c33ac441a7e64b5924bb34b2faa596a40dd55,3798,1,18.197605
candidate_v4,lb-verified-v4-anchor,task221,997f4a5baa3b8c19ac1f9b62918fba1c4d8ade1e9bc43b277d4051f3dc09bc96,13313,28,14.069307
candidate_v4,lb-verified-v4-anchor,task222,f82b35de1de8377a5dd17f94de623872a1021443ff972be6e0765c6d21c5595a,2578,21,14.031198
candidate_v4,lb-verified-v4-anchor,task223,51cd95a032c661ce28fa653ad0e727fb33cf6a709a5747e02a8ab323190ae968,7454,1,17.504458
candidate_v4,lb-verified-v4-anchor,task224,1e4af401b9b3fe63a2cb91cb665445ec3c54bc3c6b116d921d049b210a151c08,4199,55,14.274049
candidate_v4,lb-verified-v4-anchor,task225,0c4d057621e7e3b95688f49c9b82218423a7a2ec18b5359a22474c11804cbba9,3427,33,15.672766
candidate_v4,lb-verified-v4-anchor,task226,5d115fec7e34ea6013b743620d1addba979258bf37902350608a4c3438346438,3203,39,16.376826
candidate_v4,lb-verified-v4-anchor,task227,1c70db9caee31b32d02ae1630c5ef3991ddbf82fedb750d43b515fab048d6dec,1135,14,17.018267
candidate_v4,lb-verified-v4-anchor,task228,a8a923f21fecee5512861159a89a0ecf2a9f276985c45face926d3b953bdb4fe,2649,61,14.869935
candidate_v4,lb-verified-v4-anchor,task229,acbf2dc745d4a717148c274f1e25cdd3fce8e718787f72530d661d60044ad805,1379,14,17.749364
candidate_v4,lb-verified-v4-anchor,task230,1444325f9990947c4e2b6bd66f2ce611d8efc4be97b595c4bf2ad63e9e166ad0,3798,1,18.197605
candidate_v4,lb-verified-v4-anchor,task231,1efb149ef1446460b1cfefffe74d5270b10fdf5ad49235c5056a1df43b7891fe,4473,50,14.448886
candidate_v4,lb-verified-v4-anchor,task232,b416c4b9864f9c0ee3021d3e0d536638459295310003e1612ea60837e5e1fc02,1616,29,14.707956
candidate_v4,lb-verified-v4-anchor,task233,ec3448180f9e2b9ba0c7bdccc92d05972193cfcb8b40cd0cf64cb301f79d6b8d,283250,2141,10.808278
candidate_v4,lb-verified-v4-anchor,task234,89328211cfc49e1d6b7788e2c884ed883a744cf19e27a7b8393aa0d1549217b6,4106,58,13.689154
candidate_v4,lb-verified-v4-anchor,task235,145a71990206ef301f3afe77bf333b27bcf2298f5cc1bb3c7340933ef7cf059b,4028,35,17.810078
candidate_v4,lb-verified-v4-anchor,task236,f7be9f78d6bbee169cfe1c08d5bbf556144ffb21d4a4e366e01a172144d7c8ea,619,10,18.536971
candidate_v4,lb-verified-v4-anchor,task237,9d3baf9e04284ace2238abe88eae62477296ee34499efa7b0146d799717804fc,1637,25,15.430308
candidate_v4,lb-verified-v4-anchor,task238,3208dbc8cec5a6a6874fb45bdf74920c0447b6b2745454a2ca76efdd5aa83d45,11927,102,13.927566
candidate_v4,lb-verified-v4-anchor,task239,2abd421624d88b12e8a63904b214d06678543cf0231b040cc10fec704aac503f,4143,33,13.525015
candidate_v4,lb-verified-v4-anchor,task240,517aa226f17f9719f23361c73ac446784b46dcab2e0b0b74e53a330d06a47ed3,3165,32,14.226601
candidate_v4,lb-verified-v4-anchor,task241,bde695a21a93b9e2084a9b7e8a8bee5f2cdc694baa71a12d1c34ae921a89cb87,170,1,25.000000
candidate_v4,lb-verified-v4-anchor,task242,beed8e7a6b84fa7c89b7d5ec9cba5867a87a8ac3b612eee21d427fb75c0223b0,1736,14,15.090580
candidate_v4,lb-verified-v4-anchor,task243,8c58cc318fa9f59c3692654d50085f7b92b0511a745028cf7bca8bfc694b9ca1,16583,135,13.401200
candidate_v4,lb-verified-v4-anchor,task244,b19118733c3a74b2050375aa3363ef545d02e883d803b7e59a64d284296e8904,6790,66,14.607564
candidate_v4,lb-verified-v4-anchor,task245,a168fddef6bf4863dc427e20ddecffe94c7171eec59e1a93a91337cb42250e31,2756,37,14.724535
candidate_v4,lb-verified-v4-anchor,task246,379b5a73e3dee6f56eedab3ab0bd0ed8414179c6e7ae1edd0a948060d6401309,3824,31,15.497662
candidate_v4,lb-verified-v4-anchor,task247,19562cb18f62167e2ce8c355377d9b1a3136c17fb7116b8c9110b15d4734e4dc,2056,25,14.993279
candidate_v4,lb-verified-v4-anchor,task248,1cc5ba184903e8307ed5ba4d36263e3487d7beec6142f401fc6d0424e70f1e18,2328,23,16.120945
candidate_v4,lb-verified-v4-anchor,task249,e6e58b07a2f88477f9f6bff875df198bf57830236bdd036ac5460ab1c6ccabaf,1990,21,15.740965
candidate_v4,lb-verified-v4-anchor,task250,b29f5ac7d4700ac0a652a345ecbbaae31234a076a653038c6046e5ca010cbec0,8113,129,15.496915
candidate_v4,lb-verified-v4-anchor,task251,054a1310978ea762a181de2ac68b1c10e5d9e706e70a593b68af3d1f26ff74b3,6906,53,13.472393
candidate_v4,lb-verified-v4-anchor,task252,75bafe05db1082ad89ddb5308c4e8add0fc2523e74a1deba0eee73e4ead0d9a3,3651,38,14.447160
candidate_v4,lb-verified-v4-anchor,task253,2538ea53b1aad1e6365055ee14f48dccb49ef632cce416086075b33d42366bad,3510,17,14.215455
candidate_v4,lb-verified-v4-anchor,task254,cce96782d9b4b1065b63ebb4a84c1ba6253724c3cd2a387838d205cf71eaae5f,4960,49,16.018318
candidate_v4,lb-verified-v4-anchor,task255,5171b64f48c359b8cbbd762917742800356c6ac6f991695c30eb03391a690215,92333,648,7.425218
candidate_v4,lb-verified-v4-anchor,task256,37aebb653619bb91ba21ea10374a3288d619e99b3f9bc7709dc4fe7175bbb765,5118,40,15.033960
candidate_v4,lb-verified-v4-anchor,task257,316eaaf4e1a47569341378a8a58e40559f938a7fe5ae659867c0f2117bf8e021,1369,20,18.018065
candidate_v4,lb-verified-v4-anchor,task258,9cf85f5ef87760197eaab665af872adc9c2a38a6b9c2133f506deb1e51402d09,880,1,19.924826
candidate_v4,lb-verified-v4-anchor,task259,27456ae69408af22c00268a792cbad0f23c2f425a2c4e88336920536b67e0cea,3882,30,16.162900
candidate_v4,lb-verified-v4-anchor,task260,a0c625eeabd30f89f6f16ae6be445f721bbc7059d940e63069a03d74b0fc06a4,2263,28,15.568598
candidate_v4,lb-verified-v4-anchor,task261,6104690685d52f02ca149095658b51c2d448d252f763922efdb0fd69749b630f,995,1,19.701683
candidate_v4,lb-verified-v4-anchor,task262,0e242b2a1418fb93332fc01ff90e906403df0499e49baf091447cb02afec05aa,903,8,16.765170
candidate_v4,lb-verified-v4-anchor,task263,2396bdd0797f69ae5e0281ce27c9964eb2adba67e7d5f2d8286d6cd1ccdc46b3,7427,159,16.005828
candidate_v4,lb-verified-v4-anchor,task264,01ac406f30f0ffced1625ed8050b91086a8967573523be0ac1583a6eef0e4dbb,10074,115,13.154639
candidate_v4,lb-verified-v4-anchor,task265,e44b248f5902d3d38b34e32679474cc70b8ee0d23a58ae93c6e8658e0375fc5d,3110,32,14.408076
candidate_v4,lb-verified-v4-anchor,task266,491258de81aba00b6aa06f223356e30346665751690278693288e858450c8563,3825,1,18.186555
candidate_v4,lb-verified-v4-anchor,task267,410b39084246024b149c984e95489e0660a8825a25ca70475cf339e5914a1074,1306,11,17.865109
candidate_v4,lb-verified-v4-anchor,task268,d6e7655471c32dea89573357bb31df7dc7c23396d2d8a7318ea2e17508b7d609,13356,180,14.983764
candidate_v4,lb-verified-v4-anchor,task269,947f2c17a6b1d44a9f4ad789f9351b4edfb84e0298e879c258d5034b09e12f72,2336,31,15.940250
candidate_v4,lb-verified-v4-anchor,task270,5d11db427de12cca83d4b67950227dfd6115c6345d12b715ca3b1b78fd7068ff,7597,60,14.733781
candidate_v4,lb-verified-v4-anchor,task271,1d303e94d417fc4786c4e80dee5be764e57f981905d0bf8f5e5fdf48595b19ed,1993,22,14.725259
candidate_v4,lb-verified-v4-anchor,task272,bb44a1717b5f9b6f1cd8f6bdd32aa6a40d88b17db3e200a8cb6f7806bb2c658d,3825,1,18.186555
candidate_v4,lb-verified-v4-anchor,task273,ef481d8f02832385edb2ae3838215e1c01c80ebc407639a5d04a17ab09227a4e,2414,22,16.294338
candidate_v4,lb-verified-v4-anchor,task274,16c49e95823e84f06ed23b008793cf2734b79a98dc2eec7948735d763d5ec465,3619,16,15.921935
candidate_v4,lb-verified-v4-anchor,task275,b05c9d902d60b5e03aa3436e187c874a4948bffc12b2ce6c86fd8ed957970680,24193,253,13.662810
candidate_v4,lb-verified-v4-anchor,task276,2a3e881ae92099c36f1955bdf96ca1e9f77a4ef3d1d3eb58c63eccc80a655c7e,217,1,22.697415
candidate_v4,lb-verified-v4-anchor,task277,cdd58c9156822d0c5c668ebff763d57659136b9c3169c7db59aad321bb92dad1,6687,60,15.410059
candidate_v4,lb-verified-v4-anchor,task278,0c14b78590ad46420b694424fb879d1c8bdef545b3a92cd9ef5a15278e77cf1e,2285,16,14.554682
candidate_v4,lb-verified-v4-anchor,task279,9da9837f628935b332e77f1f2722fc9a6c24137021584f85bc276e033ed394be,3082,43,14.780899
candidate_v4,lb-verified-v4-anchor,task280,0ba0568bbb48a9b051c258201debcd346d773a5d71ba1a149f8fd8b615f4c7a0,10565,144,13.586829
candidate_v4,lb-verified-v4-anchor,task281,ca2a1537dd3fbe42f2138c372b482af55ba9bacf05230c700a13f8ac7caf45df,7659,64,13.597168
candidate_v4,lb-verified-v4-anchor,task282,3b69ffb73c79f09e8523073931061610e74b3e0d32534378317960c9557acd0d,3798,1,18.197605
candidate_v4,lb-verified-v4-anchor,task283,b0e2a1e5a77dc63e5c2faa69d44120f7fe0e8773160760e68b7f5912591f4c60,3825,1,18.186555
candidate_v4,lb-verified-v4-anchor,task284,fad3c53111b5ac6b7d99756ade0b122be5399f69539b335f8d35bea450647745,23922,125,13.466958
candidate_v4,lb-verified-v4-anchor,task285,c816aec4c55b95dc6293fc3d2e1f6791ee2a23c17d27c16ffb2365f0ad65c0e7,50998,279,12.094152
candidate_v4,lb-verified-v4-anchor,task286,91641d3dce315529001fbcca26bce7b3be3f885abf2d219b66728a428db1c152,19603,168,13.011269
candidate_v4,lb-verified-v4-anchor,task287,4cdbdb8ebc51362af348b4c6b27acc968618f39eb23639e05932f58cfd196831,1686,22,14.975800
candidate_v4,lb-verified-v4-anchor,task288,0e48931aebec1eb0659c9be80508c8650400244b0f49af19d8698dd8b162a3cb,5948,54,14.632558
candidate_v4,lb-verified-v4-anchor,task289,00049ab3fa944a3759833dc85ccfb83f4f4ae7a1ab800664e74423dfb9c7b6d9,2041,28,14.860176
candidate_v4,lb-verified-v4-anchor,task290,f1086fcddc1287e8f751349bbcc1c1bc72e816011cd787def2fc61971684f688,3323,32,15.631972
candidate_v4,lb-verified-v4-anchor,task291,f97257c9bae5cbdf0614cf4f6d0aeda2c0db164b44f4861fc829c00eae636b67,6009,22,16.627370
candidate_v4,lb-verified-v4-anchor,task292,6c237acbb63e47906509de051f734a3f91dfe624a99e62a94fd65270b5824929,1146,7,16.244578
candidate_v4,lb-verified-v4-anchor,task293,0635eb76d63f84eb0c4adfb236b01eecd8fe17e151fd2de141a64f7a9b38fdf7,8093,52,14.862350
candidate_v4,lb-verified-v4-anchor,task294,247179b0cb2fab9e792e9f91da564f6ee1f8d4059046fabd7bfd7e7d3d010cd9,3825,1,18.186555
candidate_v4,lb-verified-v4-anchor,task295,5a049215df9c118110ba1217eb55447b5d335f09e93a9526e6862ff5b585b365,1956,23,15.588680
candidate_v4,lb-verified-v4-anchor,task296,4306af04547e103c395a41f15f7829592897a368a36d02047b54c256c5e54b13,2843,10,16.677606
candidate_v4,lb-verified-v4-anchor,task297,db7d97a9582310373a729c8000a103e95f37faa41ffa93e6531fe37de21047d7,3400,26,15.840111
candidate_v4,lb-verified-v4-anchor,task298,e0f93c454b454560cd1f5607a2e7c137c10f6257ed0016ef5d0ffc0de801e652,4436,35,15.390078
candidate_v4,lb-verified-v4-anchor,task299,1e9708846864c2782d5c9d4b378034e7f20bd2a610abbcfb0712b83b3179cd2a,1405,21,17.510029
candidate_v4,lb-verified-v4-anchor,task300,e81ff2bf51d9621b8df8ff754c0d4ff4270d17f336e625bedb5fba417a57b7e6,4688,43,13.741000
candidate_v4,lb-verified-v4-anchor,task301,5304dca46705e3c99a37b5c322191fd1a492167c657228d67e0b8e4ce9022c7a,17629,49,13.766696
candidate_v4,lb-verified-v4-anchor,task302,fc0c4095ee26f99dfa28593219832fb1744068c9c08b4b65293674194a176ad1,4372,43,16.038634
candidate_v4,lb-verified-v4-anchor,task303,f1388ccd300d0326ef77e32e80a1bdcb15c39bd24649153f5208eb8cc0962cc6,2084,8,13.701382
candidate_v4,lb-verified-v4-anchor,task304,da36b408e1af537d161fbb14dbba577380417c72233e4a1458970d507c43ae7d,2136,17,15.413006
candidate_v4,lb-verified-v4-anchor,task305,9f735899c445d2de0753685201dbbaa448ff1306c5f52d568270b4588d8e242d,1865,6,16.718023
candidate_v4,lb-verified-v4-anchor,task306,7b49df67bd4c3733ab36737bab5b236e6f62b7b3928698f735fa95db0f9366f5,4155,33,13.926448
candidate_v4,lb-verified-v4-anchor,task307,badc5326d1acd892c77212fc876a3f3192e5b67a9806ab111d1e9589eff70706,7454,1,17.504458
candidate_v4,lb-verified-v4-anchor,task308,a3eaad1dbf74c2dd0e2d63ccdc76857b58fc7cc14f63cf366932995e1ddd78be,3875,59,15.010381
candidate_v4,lb-verified-v4-anchor,task309,c47b834e65872a11ec0cda3c8246948b8365f81f916610b49ed07267815733d9,217,1,22.697415
candidate_v4,lb-verified-v4-anchor,task310,9456e21fd271f0a84660fec5554753d105c6ab2d03ef08b086922cf1214f946e,3379,42,14.844237
candidate_v4,lb-verified-v4-anchor,task311,250771b94d3db4658d4ac04e3bd9a0740f2af0f3aba0bb9b5df4d6181bb470d4,479,1,21.598803
candidate_v4,lb-verified-v4-anchor,task312,5f8662413159b881c8dff97e5c51ca63270ea3b1609d0f333539af73166348ff,1202,8,15.791762
candidate_v4,lb-verified-v4-anchor,task313,c14057973f9e425bfce0e5c4fcba390d7e2468949cc8cf0f53d31343d354042e,21754,34,13.760196
candidate_v4,lb-verified-v4-anchor,task314,6de48aa8380bfa9f60145881280cb81f0649f178f1a74456c5c40334004417b4,24532,282,15.941180
candidate_v4,lb-verified-v4-anchor,task315,e90e9fdba6c27023c8aa0b2a5551bb93b6b95f46075245fed650566d7e77cd51,1167,15,15.834971
candidate_v4,lb-verified-v4-anchor,task316,bc9115e30d7e28bb0acd317cfa1c29169feacfa251035f175a81875f4536fea7,3963,46,16.730499
candidate_v4,lb-verified-v4-anchor,task317,54ad9bc9831f0f3a781e65116809c2c60f3246bbdc84fc6c0fa8064fecb5d8c5,3798,1,18.197605
candidate_v4,lb-verified-v4-anchor,task318,4a45c25db81ca4e037be544f7e0cab0a5bb1910d2f6325fc83e02af3a79282b9,1319,12,18.374608
candidate_v4,lb-verified-v4-anchor,task319,7aa1d78fddf09c815ef6fceff0f357f98b235f69bf1dc39d1217d2e0af60ecbe,5710,66,14.580461
candidate_v4,lb-verified-v4-anchor,task320,b5f9d264034aafc2780289baeb60a45e338fd6478233a720f13b79faa2d6b39f,2183,19,16.445511
candidate_v4,lb-verified-v4-anchor,task321,2e36977fc386c76ebb921b21626cb0733b08b8f40969cc3ff8635f327f718f5e,1733,22,16.385499
candidate_v4,lb-verified-v4-anchor,task322,fbd58feccde37b1a76b01f690c4e9c77a3893b33f6eff62285b9ddeac2aef02d,515,7,18.237270
candidate_v4,lb-verified-v4-anchor,task323,730233a73b9e6e98e25c77baf2e139a562e458088de6d66cb6f5a0090c133eb5,2497,10,16.580861
candidate_v4,lb-verified-v4-anchor,task324,022afd33a6e9b0c37a3e2c3f23437cabe9e10ec07aab1b41f9431b047f33a6c9,6861,52,14.203081
candidate_v4,lb-verified-v4-anchor,task325,703958452270456b7d0aa9d4685a3bb4279c1a189050c3b1c4c5c0ef26767373,5072,39,14.330533
candidate_v4,lb-verified-v4-anchor,task326,b95776b4618ae80d707674425b68a1b903cfc9925a01d24b03b330ce97a9c421,388,2,19.888012
candidate_v4,lb-verified-v4-anchor,task327,28e407c04689606a975670fd8f7da26d5ce7a9a10400265cc54eca46e5504bed,1638,18,16.070962
candidate_v4,lb-verified-v4-anchor,task328,8b59da6bec33268828441211f57cf70afff81536073372c30cb9394b8010d3c9,16275,121,13.884006
candidate_v4,lb-verified-v4-anchor,task329,b3983c3bd8c099ce71cb48e09938e0328cc29853d73d956c35e125db9bcd43ef,1652,21,15.763992
candidate_v4,lb-verified-v4-anchor,task330,defa06f30b9df97f6bcb5baef57d32ff1bcfc724125eac4cab4951c3b54ed3e8,12033,21,14.014301
candidate_v4,lb-verified-v4-anchor,task331,159b7db4377d2a7d75a15aa8f84344e6d919741566944220da8f361aa1da572a,3836,1,18.186555
candidate_v4,lb-verified-v4-anchor,task332,ff9ef4a3514237bbffcf3d8e6f5c881bc68b8ae01f73f3abb8a70a57d0fe7f4a,3735,30,15.952179
candidate_v4,lb-verified-v4-anchor,task333,056322558aa8fa4149af6ce9821d3273f0b403e4408e461963db3d70864f1adc,4379,55,14.877658
candidate_v4,lb-verified-v4-anchor,task334,a5f6ffb6be0ddc49db3ce5998c7cae13bfa5a4f830eb89e47e9f2875f71895c0,889,9,18.588182
candidate_v4,lb-verified-v4-anchor,task335,1dc73a90b7f058004deb256266a6a937b56b19f79ba111241bd796f73aa8f333,2757,38,14.193064
candidate_v4,lb-verified-v4-anchor,task336,66605e39204e06dd97980e812e93d14e7dab3eb0d815b075ac29202827cc6a4e,5276,54,16.294503
candidate_v4,lb-verified-v4-anchor,task337,c276f5799bf0f2f77bbc0c31f5ed97472afbff9a946326286e229929029e2484,159,1,22.697415
candidate_v4,lb-verified-v4-anchor,task338,a0c8f68a0deeb8adc76de9646ca2fe36bf64b97ca0e5998a3f2a7d67abe70ca6,5846,38,14.244248
candidate_v4,lb-verified-v4-anchor,task339,23c555a9d5193597ba509db3b965cb39be9f02febeded3f074acb8768e013f1b,1588,13,18.215543
candidate_v4,lb-verified-v4-anchor,task340,1b13c5518a579f9d9b93f9db0c46aaf5bb1cc3caef23e4e322ac6aebd1d2a111,6409,72,13.885435
candidate_v4,lb-verified-v4-anchor,task341,564fae20dee0f5a54330c3170bfad5824556165d5a206e82a19c9264faaaaf05,8743,101,15.154936
candidate_v4,lb-verified-v4-anchor,task342,cd69f1c3c3bd5d7c51afa7008425c54e8c0a232fd18449de9a9bff304cea90ec,3200,40,15.594669
candidate_v4,lb-verified-v4-anchor,task343,7d9fd50c151181852757e8561c8433d9c675826ceb14e650adf7d42e3fdacc5a,8142,86,14.741254
candidate_v4,lb-verified-v4-anchor,task344,a23999c886c62393d115371628fbee6b6043de7a35bed72285639240d6def4fd,10236,1,17.171962
candidate_v4,lb-verified-v4-anchor,task345,c33a5f6e78916a4a95040832dd427c7877e2b85de975738a8cdcb55dea726ae7,10079,89,15.631289
candidate_v4,lb-verified-v4-anchor,task346,11e08c307d334e0429612fd7a8873ecf53260f716ca9da99b6693e6d9b369548,2236,13,15.875435
candidate_v4,lb-verified-v4-anchor,task347,7fe7a34b9a1ba2444eaaef7509f3c0395bca3ad15a45d122dfb79aa3e546d899,1129,12,17.603051
candidate_v4,lb-verified-v4-anchor,task348,a6dd8eb329ee1c4b5ee60a6985610b6685bad770c76a14d12eb9e9665303821e,3000,29,16.103412
candidate_v4,lb-verified-v4-anchor,task349,b57e802ae6c73cfabf1d34ffdd1313911001cb6a901862ec9c9346352bea0033,8755,89,13.103296
candidate_v4,lb-verified-v4-anchor,task350,0a4953ef042161b10533c2687cf95494f213b8913fe824d49955a6077178c613,1437,17,15.104998
candidate_v4,lb-verified-v4-anchor,task351,c17c4a24fd333fa82a77f43e4a5127d7eb81187a15ad4b7f8a1bb21664a5d49d,3049,25,14.532506
candidate_v4,lb-verified-v4-anchor,task352,f3b9bb985cfb0478df981c689aab9f22dc5bb177e02b6f3b6a3b330669eef601,1398,11,16.201243
candidate_v4,lb-verified-v4-anchor,task353,1639de1c1d4d3ee61a8454a02d3b5af4d359f13f2fb1c963687d4cd76b280a8b,3244,31,16.403811
candidate_v4,lb-verified-v4-anchor,task354,72097d91360fee677a7cedfcb6a9f81d203f7ed48b510491a32767048d687447,2710,22,15.258620
candidate_v4,lb-verified-v4-anchor,task355,ad09d6515b0ea120e8214015b5a7dd13fe14644812fd3be9b33471c171932a2f,3971,41,15.624569
candidate_v4,lb-verified-v4-anchor,task356,551900e26ac21ba20631069f1a4268e5b9992eabbfd9cde50643affea19fc2f0,2344,21,16.482407
candidate_v4,lb-verified-v4-anchor,task357,3d4c5d3ef46e8c9f15401243e101a1f27b9981a0b79e63fc1ea26fda02c8ea43,2328,23,16.120945
candidate_v4,lb-verified-v4-anchor,task358,9150c328b815fc4fdfb7dbb9d9a3a8aae7cc94ffdcb8870e090ffc3fb390b90b,10971,132,13.370706
candidate_v4,lb-verified-v4-anchor,task359,1c4683356c52e5f1ca1b725734fdf8932a57c9fe9c74559da7a2378c9f86293c,1184,15,14.347150
candidate_v4,lb-verified-v4-anchor,task360,288d8ec599a9f336ad8b8ece878231f6009143fcb0788f52136b48e7bdc42237,1271,13,15.680267
candidate_v4,lb-verified-v4-anchor,task361,e22f16c894791d9c50d81d63b0840f76adcbd44c6f90208ed5046c1ee9e42ebc,6086,61,15.289309
candidate_v4,lb-verified-v4-anchor,task362,1a6d4abda7902dcaff9fa7f35113d583d959eedff71779c783ed651a5c496833,1896,28,15.604176
candidate_v4,lb-verified-v4-anchor,task363,6e60b75eb2a617fb45f2cc1daf935b01cb600c56f3c9339f9b9940b7c3ddfb8b,7690,44,13.625050
candidate_v4,lb-verified-v4-anchor,task364,19c76d070f8150bce68cfff6c1d1904fad351bb30d17d6e0b6a21d04072d261b,10636,62,13.754457
candidate_v4,lb-verified-v4-anchor,task365,4b59416c3b2d144a96e2612d2d0f8683f7cc3d3e0e8bae9a32ded28375a3e128,17605,242,14.014639
candidate_v4,lb-verified-v4-anchor,task366,5ac529bc5ea238922eb6224354f53dba28b9c4b3b6d487ee129eea9cf4f1a3ca,90138,713,11.369952
candidate_v4,lb-verified-v4-anchor,task367,d714af254dd574b2ee6e4d9a7da38d254cc1cedf344e671171b3198e6677f3e9,9982,135,13.125192
candidate_v4,lb-verified-v4-anchor,task368,fb13ef89494b35d91e797f4295a7a89ef8111ed8b5d8f62974f2ce5be08e16a8,8950,186,14.615971
candidate_v4,lb-verified-v4-anchor,task369,41510d5508f7ee00bea219692bf4efbbac40ae5b20300daa5ec4f01d4b6816a5,2940,26,16.047265
candidate_v4,lb-verified-v4-anchor,task370,b1b46a857c98012f3a7a98855a96a142bf2570da5f6bcd408720761359d016df,15228,152,13.417493
candidate_v4,lb-verified-v4-anchor,task371,55f3e4edea862a77001eaa66f9ce4cd37bbc3eaaaad9315a16360ce4d1d01bfe,1810,23,15.039140
candidate_v4,lb-verified-v4-anchor,task372,49debbd524f6003bd2accc773182b09a6122b202f854be799ea472d199ff510b,640,8,16.028171
candidate_v4,lb-verified-v4-anchor,task373,febd0e663c6704afa5d637e656bb7decaf87e1523de97cd6fac5a3db41f7c234,581,9,18.738508
candidate_v4,lb-verified-v4-anchor,task374,895fd1300e49e054b1a5a99e74bf1b48c1ba4e711815a4ad1a9c43f63fc78456,5849,46,15.355218
candidate_v4,lb-verified-v4-anchor,task375,509686d607b3126316a284357799deb369829fe56865a1b05609fa3447c4c5d7,2214,19,15.372793
candidate_v4,lb-verified-v4-anchor,task376,a303f886cac43798cffef617b4b9d6b5ef19587a49b8cb5ae3ee2b98fd71e4d6,2664,41,14.938953
candidate_v4,lb-verified-v4-anchor,task377,9634d0c4c5f2d3616c292399129487757b13a675d7e4d66ee409a56adffdec77,19220,208,13.919690
candidate_v4,lb-verified-v4-anchor,task378,e1719f9950e83dc1889743f4737d7c5c8a2606c75b8f2f2f0d26dee49079c766,6343,96,14.378673
candidate_v4,lb-verified-v4-anchor,task379,b5d2b20c584301f7abc010c463188b248a1cf46e8115c8d81cb5f0e30db38e33,9996,107,13.808672
candidate_v4,lb-verified-v4-anchor,task380,b23f227e055e494818df0587e34418a5054807bd258a80e00f9170bcedfd819c,531,3,18.397412
candidate_v4,lb-verified-v4-anchor,task381,a16d4bb356919ad3bf517a438093a449db108057e19f9536dcfb509f93eef5c8,3749,31,16.789060
candidate_v4,lb-verified-v4-anchor,task382,14b9a8cc2a3b6c3865bf63db9bd731226657d36477d972681299eb6da25e5bff,19986,239,13.416113
candidate_v4,lb-verified-v4-anchor,task383,19da36427e6ee74fe0cf46bc86c98b873576bc8e0c1302e4d8b61c04ded4f8d8,6805,57,13.224964
candidate_v4,lb-verified-v4-anchor,task384,57089beccc7a95bb03cb7bd0a9d6841faa06a32f84b126df9802e34c8b175e3b,4542,39,13.778082
candidate_v4,lb-verified-v4-anchor,task385,629a5673b6a8e745a4c5b1b5afcf3c5e7214f2fd7c54d7f5da27eb3e788ea5d1,175,1,21.598803
candidate_v4,lb-verified-v4-anchor,task386,89f80a62cefd32ddc113e1e3222977816d8c9e651c9e7efab94922c5878b22c3,1171,14,17.300611
candidate_v4,lb-verified-v4-anchor,task387,922ce5bde5319cc313a3bd536efe5ad0870456361b80db7b5e806f0adc4a9188,12388,125,13.940292
candidate_v4,lb-verified-v4-anchor,task388,8afccfc448cdf82a4975b45c7b556477083e29728ac00da51d92d2da1aefe4cc,6536,52,16.225378
candidate_v4,lb-verified-v4-anchor,task389,5d19a4d137ddfa5d5e278378f5210bdd9ffd9225b6b7ca3cfb0a823a86ca0be9,1421,13,17.451444
candidate_v4,lb-verified-v4-anchor,task390,23a81cb475e4cd1231db06a0e09440eaa13dc4353f3891aaf53c86700efbfa91,4970,43,14.884592
candidate_v4,lb-verified-v4-anchor,task391,1582c8e52095b42ea4800ff8753f6e9fcb62f2e7b65b1642a469835c6548bf80,2841,26,15.787562
candidate_v4,lb-verified-v4-anchor,task392,286bbe96e893d8985bbc76084a277ad5864297316cf38f4ba6edf4007112e4c5,8330,51,14.662460
candidate_v4,lb-verified-v4-anchor,task393,ca611d444767651339521e15512433dff1dccbf80f21572d62cfc02d5924cb48,1538,25,18.870950
candidate_v4,lb-verified-v4-anchor,task394,6f9e76b487f97c594199199e75fc55402957e97ede7b3c08c5059ae6412a4a45,3787,80,16.533469
candidate_v4,lb-verified-v4-anchor,task395,19fd478858c781c596e2ca2f7e34d4e1bcfa8798379225afbe1efd44d2841ac0,1179,14,17.581219
candidate_v4,lb-verified-v4-anchor,task396,deecb12bf534491a8adbe29e9b1927ba002fffacc6253071aeeb6bef2ef188a4,148123,407,12.967995
candidate_v4,lb-verified-v4-anchor,task397,40a07e43eaab28f00e2efce4e35f677137cf30f25356c227f7d64147e7ba8340,7345,86,15.036311
candidate_v4,lb-verified-v4-anchor,task398,5e22b113b5a8af360aa7e552fdd71f3ec955ca68744a8b5c21726a900f34e263,7459,44,13.658254
candidate_v4,lb-verified-v4-anchor,task399,f8e72c2228ae91a54d38c5a7f101356edc42d906cda234321b13bfc87a5ff38f,1907,8,17.483023
candidate_v4,lb-verified-v4-anchor,task400,85a9828beec5f14034326e3d758cb7a93f61e66437df97f60e5b4a304af62110,3021,25,14.532535
biohack44_6113,safe-source,task001,e797ed891931604093a242891035430eac3d4815502c982c3a516c6f7db1b462,1137,14,17.041074
biohack44_6113,safe-source,task002,4c3205c0141934e8750b205f87c8622ebfd80d2fce3c665797e3b1dd39c1d0b5,15506,95,13.510415
biohack44_6113,safe-source,task003,155de80550da61e01bc0f6cc5de93f980b0473d08c29baf3bb04a2529f532c86,3120,44,15.883531
biohack44_6113,safe-source,task004,fc9ef5d39847fe678249f3dd2ef4701d2d49b2afb4c27c424b79b6f9967ca118,2522,4,14.084548
biohack44_6113,safe-source,task005,dd5681549124eb6d60c83f24b1bd80499fef4bcd62156e5b133ee6069e17f92e,10910,106,13.313214
biohack44_6113,safe-source,task006,17e048671c7f056a80feba6875cdbb34da1521c36887cfdb399f371d8d5e163c,1124,12,17.603051
biohack44_6113,safe-source,task007,f428fcccaa7c166df8066ea715126ddcc5f75122c86a8b1c5c59c3e14f1a973b,1320,14,15.981910
biohack44_6113,safe-source,task008,662af396ddc9ba7a33d3a0179ae26ef1ac06a69bc0c08ef6be718fa379001d10,7667,78,14.933331
biohack44_6113,safe-source,task009,2043f559e1ee947e2533c1ca00c25a699daed5b516d1bb4bf3515822ea52518d,30956,22,13.694825
biohack44_6113,safe-source,task010,92d798f28d116dabbd7bef3a2e3f10f312184eb43390d09a00b3fe6c22a61b58,4038,60,16.479612
biohack44_6113,safe-source,task011,3f64ad20a9feacc16ad2ce2296652dbc2fb5438e444a47af1f885a374cd43046,10170,52,13.898855
biohack44_6113,safe-source,task012,cf80b1fc317b51dbd8efa9eca069b2dccd1d58066ce1eb61dabe815a96124043,1406,16,15.468881
biohack44_6113,safe-source,task013,98f0942c7dbfaf541df9396cfbf3af4d1699a7f8bae9f96b9c4541f220eea98f,18384,91,13.331080
biohack44_6113,safe-source,task014,e28a3213b620d4176a84df374d4d3e0661472eef73860cc122acdc5cc4491c50,9683,46,13.760459
biohack44_6113,safe-source,task015,1ab641692d1424be973ca0ca5d26e88172d7be86363973c99ffda1b0d2dfd046,3774,1,18.197605
biohack44_6113,safe-source,task016,fb83a8e988f586009bf17279b7aedb194e3492a8e6f357be6d5e9ed903615733,158,1,22.697415
biohack44_6113,safe-source,task017,4a7ffedcf19a4dc495a515c79b88ca30b9399af74abb9a375da3c3a778336340,8620,67,14.414477
biohack44_6113,safe-source,task018,c2e8e82b394406b4127ebd3b4e74460e0d34b69c8604a6ff6239f9a1608dd4f6,32157,219,11.323875
biohack44_6113,safe-source,task019,eecf7625da383cb85e5c0579fb3b8635767d444eff594d0b30dfd79b2d44ffb1,17887,35,13.165832
biohack44_6113,safe-source,task020,4abb72f71f86d299893dcb1ee3be5937bc57ae169a6d1c33af77157df2be6f0d,31378,245,13.590958
biohack44_6113,safe-source,task021,da36c2e6ace2d54bb1b06c242e24907c34d0d06af26950e80fa00f283b42106a,29330,215,13.930491
biohack44_6113,safe-source,task022,fbbcf7777e1f706b0899071564e37bdb5c8b7d7908efc4f47c971a3953e03d07,43895,363,14.287072
biohack44_6113,safe-source,task023,b594ce71efc0edab87f363086ca9d56499b604b8fe3fbb8b2d0947ca29139557,20318,397,11.619711
biohack44_6113,safe-source,task024,f8a1d671c3118abe56700d79b82cd03b36acad2b03a5453a7790ca311b792d5d,3233,27,15.886171
biohack44_6113,safe-source,task025,4ec6b0d0d2fc7a8b9de5d86b1c915e3d659e4ef23fae88709f4fc2153f8d5095,5325,64,12.067261
biohack44_6113,safe-source,task026,7b1677f67eb3a42b35d9d881fb5afa91618d944fae08e6ae12d4aeff0faa3601,1345,13,18.396056
biohack44_6113,safe-source,task027,63da1fe45860bc98d31a806aeabad3d8d81890198997b6d66fe5343ab004d658,16205,25,14.486991
biohack44_6113,safe-source,task028,4720b5f26b0c1d9ecdc73bfa06c77c255d75d3c6386ff96be99232547cee796e,1956,13,15.895687
biohack44_6113,safe-source,task029,25fd930dd65d6c39e3db30c12b581ca4e5dd8c8aea1ce2a272e893b8ea92fac5,13589,88,13.503438
biohack44_6113,safe-source,task030,76e48b2967fe619c83c5b215c89d8aee30008e2d7f263137f5af078b6135d592,9441,56,14.169341
biohack44_6113,safe-source,task031,b90c3fc6af40739352e474797fcd60c161bf6ecf6e4312dd7060ba0ff8383f7a,3417,26,15.164363
biohack44_6113,safe-source,task032,64d66eeaba95588367af53102ecf4fb2ceb4c93327b677f80f1a9591b342f6a5,2347,19,16.867000
biohack44_6113,safe-source,task033,60ab4cceeab38a8952d0157e862ec2f374a51c7d70c00bdecdf9833a703455b5,1510,16,14.081989
biohack44_6113,safe-source,task034,7400b12dcb940f16d35589b5657e932c80b9aa92e8aed8c1f41a38cdff070b08,11293,87,13.421324
biohack44_6113,safe-source,task035,ebbd6ac458b533db76701bd30483191c1369774d3a067899638cbc9aafdadd91,8818,107,14.846026
biohack44_6113,safe-source,task036,76facc8f1d2b1b6691dc621f3160abfd35d151bfaf74961ef3d21abebefdb575,5866,56,13.710331
biohack44_6113,safe-source,task037,e19669c0dec2c6b73986d1bd07ec5c19bb0bc452edb6cf3d006f85657ae46d12,20424,27,13.937652
biohack44_6113,safe-source,task038,a83d43302a9ef7e5b284cc1e38fc4ce8deedb152481de569220ea69b94855018,2357,16,17.306974
biohack44_6113,safe-source,task039,3bac77b4053405c006f1695572c1a8853909392131b90cc60df799a75bef2677,1913,14,16.034027
biohack44_6113,safe-source,task040,a759237736d4acc76d05d0cffac6e4cafc4e202ff4fdeb0d137356dafd1fe9cf,2791,37,15.777929
biohack44_6113,safe-source,task041,b84ce39398538ef8f1ecee3d2e64c3e0d80db902edf7e23098fcb22c816e3c8d,2228,18,15.299425
biohack44_6113,safe-source,task042,61704243d0814f6344a7541e90aec41f9e115f16368a7d57bc896bc807d12eca,8398,54,14.593648
biohack44_6113,safe-source,task043,16b05e98645b4d8da6cf555ed59cb2165317fe07248f91dd11f6747c0b38c22b,1966,9,16.129477
biohack44_6113,safe-source,task044,d7be538649eb0e8a61367a01fdbdf5446c5aa4d1cbb20ee5b0fd67c3b5abc7c9,148684,1054,10.317262
biohack44_6113,safe-source,task045,43dc4b647f1683ea779fb39571b0cdbbad8fdcfd27c8713aaa44314281d7c131,1438,11,16.040431
biohack44_6113,safe-source,task046,776e40c71ae05f511e59e234f5f52931c7f966c95b139fed312451a249a5f138,5299,73,14.582911
biohack44_6113,safe-source,task047,4d3bd9f3b89f4cbffbaa53b514aaf33d6a74318b8a86531c4f5d13411ed2546c,2151,33,16.492857
biohack44_6113,safe-source,task048,9423c02033058a1188fae998353c04f6fbf4e48361dbee5461896ddd5d49ac28,4058,52,16.367872
biohack44_6113,safe-source,task049,a37e8cb1f6134fded24f6bb205efbdfe9c4b4f96f2b9195d9db3108653eadb0c,3516,29,14.613685
biohack44_6113,safe-source,task050,a43a64896f788cffb0e83ee188a7680ae80f27578b1bb607a36e32c9a39258ab,2006,21,15.843588
biohack44_6113,safe-source,task051,86c7a1f4a9e1078f7176aac19c741859d1d72d5c8deeca5cd5fea73bfa951c7c,3365,57,13.587204
biohack44_6113,safe-source,task052,195c01dfdaae84b9a7a585295b8d44c1c3741ab522a7e9d472753ad121d8014d,986,11,17.886858
biohack44_6113,safe-source,task053,11d2a84ba10862f37e4dae8a206314fd4226f70b6f751eed23e52ba32ebde353,175,1,21.598803
biohack44_6113,safe-source,task054,a2e77f3a92ad3273e4de5710e47222a0da5f4948d3fcf9860f0675f88f35a8c6,9728,118,12.887930
biohack44_6113,safe-source,task055,92d4ce9193151139ddee430dfbe552e5a2aa41d1172f6842569d1e37ca664ded,13497,166,14.815477
biohack44_6113,safe-source,task056,2306a2e7b1dd27af9e0ec17099ee8ed0568f6696623537f2599419319f7dd8cd,1515,7,18.672063
biohack44_6113,safe-source,task057,fe71c735896585cb2e65fe6bfc6479a0d1ef8b1f8f2c7b7a1fe27b318ca72304,1880,18,14.246041
biohack44_6113,safe-source,task058,7a4b47e465104bb5b576167d51d642e539c3f9d5bafef55faac8d1987475593b,14221,16,15.313115
biohack44_6113,safe-source,task059,75ad1518669f36600bb72e0eeb074051895d744f7075f6835c090dcbb2a58abe,7062,21,15.076171
biohack44_6113,safe-source,task060,03687375b7e8938e4f841fe856da30c83884468ff07c648d7021c6b6748784bd,2458,20,16.372877
biohack44_6113,safe-source,task061,27289ea0d11a669fe413e1b05826321af3d079ce8a5555fa2610a93704612c2e,17030,9,15.152342
biohack44_6113,safe-source,task062,0a2e640c0671d137a38ff13794cbaaf44ed872742a534c52771f99d309757432,14479,217,14.670951
biohack44_6113,safe-source,task063,5c8811b2da8473750953376c6dbdd913b50bc29b96f9a16a09cf201df9a483ce,3709,34,14.666940
biohack44_6113,safe-source,task064,58b449d06ee31558e5b72e234bafcedd075ca374d90de0e17b116281716fafd3,5809,48,13.210838
biohack44_6113,safe-source,task065,6c2ce6ffae5840d17998c36ee6a5eb3f43eb8f79699c9bfb3b25a07562742370,1862,37,14.533787
biohack44_6113,safe-source,task066,b61c747510a726482b9e94d6a1f12568b4252800f11145d34630404f68048d3c,180173,1642,11.878567
biohack44_6113,safe-source,task067,e823d84640b258f8322dde914f6bd992553a53aadd84d4685cd18da5f1be35e9,892,7,19.247427
biohack44_6113,safe-source,task068,e490818d91a162474f9a9ed4c4d7a03517788fb18760e2fe6ca209f592660a82,1602,24,15.559421
biohack44_6113,safe-source,task069,fb91d90981c4b2168ade67173f5ea1376db182db9350dbdf930d3cb5026325da,32330,380,13.647595
biohack44_6113,safe-source,task070,c09e95105072fd97b2106ecebc5fdb42c86bd41e9994b310781aa321351ec9d5,11844,71,13.900501
biohack44_6113,safe-source,task071,2d696d39af281a3a0ca1582e413672e8ef38ef9f06d584f19844a45a6e2aa4a2,12082,49,13.226404
biohack44_6113,safe-source,task072,579e7a8a616faf51a4ee64994c8709f2e15ca52f63c805a39b48ac05fe546a76,1347,11,17.801069
biohack44_6113,safe-source,task073,c974fda7fe3001de4bd2200b9065826ac44cf359fcb1949954b82f28411b5b63,3825,1,18.186555
biohack44_6113,safe-source,task074,8194b1eba8a395566d686766b74869219cdfdaec5105dbad5f36b6ef32435be8,1824,18,15.009189
biohack44_6113,safe-source,task075,211a2ab0ea4cb67b9b8714d411d361e7eab6ec1192f0f74155bd9bd9c043c7d1,6812,57,14.742797
biohack44_6113,safe-source,task076,b4407303acf9c1e5f20cfa3fd883aeb90b14ae0fb233d68ecbaf4620c0bc88fb,948872,220,10.340899
biohack44_6113,safe-source,task077,e9ba6003d604dc8eabe4c1293832b222739a2738c2838b1512ae380d87d398bb,9860,72,12.832912
biohack44_6113,safe-source,task078,c33e2e8bb8525ee7c4bfa0aca9ec69955cdd9a97837985fb38efdb309903089a,1974,25,15.650246
biohack44_6113,safe-source,task079,60ad44e5b208b22c2d4a93f322baf5362bf4a0b2cec7283e9db31f1de40a9346,2695,20,14.875251
biohack44_6113,safe-source,task080,da97f63843845f687d92854fc2b1b0498fc0cb2543e1e41022a77c4b3933deab,18484,93,13.047885
biohack44_6113,safe-source,task081,118dc8373587509f07d12aec64778af91edff7253f80e273a30e5863c7b8c91b,3749,35,17.256297
biohack44_6113,safe-source,task082,5f994c35d189c6fc8c7c8733202150cd5bd5bb9aa686ef9497ce5a384641de47,1645,20,14.936138
biohack44_6113,safe-source,task083,3526144719574eafa02b2d1fa33a4be836ec96c267520ddd982697e447b8bc98,7454,1,17.504458
biohack44_6113,safe-source,task084,5bd28bac4f427d16b03dfcb9d4ae68237ccb4bb720b534e0e14b2768658ee6a0,2820,23,15.121164
biohack44_6113,safe-source,task085,0cf2b40dcd4fe9bb85de2e251fdca74496734e7c804425012cb1c1110d27505c,2547,20,13.363283
biohack44_6113,safe-source,task086,a786a589e429892c1114751b2e5d6b83669038bb955a0fd41d08d037fc8dc020,3099,42,14.839663
biohack44_6113,safe-source,task087,4e9d18bfbd60be2b9135e2cc459588db6a40bb878e5e16dd89651e3c3eb1cfea,474,2,19.070411
biohack44_6113,safe-source,task088,3d5e5840dfdc9ebffa4cf4bf83a4bfe2d30edac84b88ab71ed3a6686d3987ec3,14980,58,13.468469
biohack44_6113,safe-source,task089,0a479a40d999937f174a12134d5f78bb97ea8a6c108f09e8f44398fe6cbbcd40,17792,181,14.179382
biohack44_6113,safe-source,task090,8032717a5846db3d60ae06a4fa0ff8af92327fd6b6102d39eff9ae246e44816a,19660,246,13.943507
biohack44_6113,safe-source,task091,6c44a2a529dcac845b02796c463d82b35c8cc360fc72fc096564f3beeef63a30,4627,43,14.150760
biohack44_6113,safe-source,task092,31e6aa2df4e75b2376481ad479c8d107cebe1f6701ab925ab0272b482eb2f1a1,4299,42,13.071487
biohack44_6113,safe-source,task093,c109085a37c8fbad05ab65bf485c0cff1a2488c3b4146cc863d6e3a1015dcaed,3727,52,14.579417
biohack44_6113,safe-source,task094,1183a85e05f31b324f96f1ea2bc76659614d9e3e496af6fc026bf70716b2cee9,3767,35,14.217924
biohack44_6113,safe-source,task095,eca4d38cd8606a930a722084789b856626fff5d4938c02546296c7f3cca109cf,3950,1,18.186555
biohack44_6113,safe-source,task096,4ec21c61456f9c3f3be6c0b20aeec14ab1cdcad237426c7c44fb256d35d77703,64252,480,11.918302
biohack44_6113,safe-source,task097,f0d0ab9a04954377879cace70b48610fc891b8e6d5d68ee0d372dd78fe3f2268,2494,11,13.853482
biohack44_6113,safe-source,task098,8fff41bf99869a80261fa1ec8461431ffa90e7a616d10c1582642af88b241cde,3836,1,18.186555
biohack44_6113,safe-source,task099,1e320d88cf0eac19c3c20b9c005a4be28ac50d4bf0a39015404f9deb22a0c31e,19839,1,16.500971
biohack44_6113,safe-source,task100,c815d3a42090024e57143982ac6320779019d7524c630a2c9f175975e6254567,4954,28,16.135536
biohack44_6113,safe-source,task101,5add58b8bc1d0b54e19ac2a7ba0dbc9eea3fd8d8e3f32405ad36b69f8c376d87,39301,206,10.951880
biohack44_6113,safe-source,task102,dd69f7cd8bc2d432b0b3d6b3b203acc186d9c66e559fc13f5bb370ada17acede,22167,149,14.292473
biohack44_6113,safe-source,task103,2a39294d09b90ef9b18c45cfe1e70b48b0689d5fb9f0a00d564162a10a0e7289,1447,13,19.454823
biohack44_6113,safe-source,task104,9fe39c7d53c73444d4dcdde3b3e423ec71943f7133c2fb675ca3e111a67794bc,3667,21,16.767294
biohack44_6113,safe-source,task105,59f8fd1ff45ba79e9a46fbc1a64499901637d50581b1bedd691122bf65782406,18785,52,14.495481
biohack44_6113,safe-source,task106,9b54191da37371effdb80aaca05a4cddbabc19d25cbc1ebceae1d85a897c6698,2939,13,17.940382
biohack44_6113,safe-source,task107,486d43b947a10c096cd5abb2121faf5664c1d92f9d0196957cff677676caa5cf,31191,52,13.799992
biohack44_6113,safe-source,task108,825c078fdd5cf248ddfcf1d91c57c125e6e2213304022e67810f2d3aaee2922c,7454,1,17.504458
biohack44_6113,safe-source,task109,b743a1e192a39c2d75aaf83cb75d56b809c2988910d9340cb23a699063ea121c,5491,39,13.539347
biohack44_6113,safe-source,task110,3c6a969967d00d5933bfc76224740332ab35c72aaf1647b7a2ff532e3c71cf91,21494,163,13.329165
biohack44_6113,safe-source,task111,c01911e7f5493ba19bcc496b439eb2106bd44f79305daefd94e102a96691a8ca,1499,15,18.319145
biohack44_6113,safe-source,task112,1d441249f879b3f5928f749a2a438d0692e24020136550558befd15da00654c1,3987,44,14.002076
biohack44_6113,safe-source,task113,356a5f1e2200cf2560f6c836ce7d21eca6b6cad9e68015c2ae31639613ef9b09,499,1,21.598803
biohack44_6113,safe-source,task114,7d1973d605273db25b979fc20a63bacd338098bf8f239bc90618b4b89dd1baa4,4719,26,17.865906
biohack44_6113,safe-source,task115,fef642f35c49927e9440865ae0761f3f9ecb7d9bb8a03f2a5109e91a82deb620,5069,34,16.675906
biohack44_6113,safe-source,task116,3f87aab73b8c538752ffb070a34dd07ef95ccba2d299bd7526da67fcf956e1e5,479,1,21.598803
biohack44_6113,safe-source,task117,cc092c99c5d1ca90b9c8ad990776d8c91be3fefbca4ecf2e53e7e904602f636f,8262,74,15.169998
biohack44_6113,safe-source,task118,1aaef29cf60045a9f72946d576d30f34d853fb2752c2ec6f613013baf6ebea34,160396,1163,10.416339
biohack44_6113,safe-source,task119,afa30c6fc964d8a93392c6b8b9865d1ca2f73c682e977c50e35e0e3d800e9ab1,25915,165,14.224215
biohack44_6113,safe-source,task120,13dafeb021b56dac928f38d32b4a0b841fcf481296ab752c9ac203fa425e1acc,3836,1,18.186555
biohack44_6113,safe-source,task121,03880dc2a72d6781722a53ffad4b506867ebd9f9c0a7faae3760807eabe67856,3339,24,16.215838
biohack44_6113,safe-source,task122,d932a3ac54fb54cc09d9cdbaab21ba4e9165ed9a6a8e01b9e0c49fb972269b75,10236,1,17.171962
biohack44_6113,safe-source,task123,984533b7a16d9c9d396feb3804602dd6044b4573d05d14964f3f23d179764af2,8805,17,16.680283
biohack44_6113,safe-source,task124,da414abc8e11d3e2038a3d6606b2781ef28d37a402428e1d219ee350a98f9bf4,2840,52,15.634966
biohack44_6113,safe-source,task125,20f2c3e90cfb5afe5ac7e795a1cf906ce67453cb55deb5cbcc51275aea5fc7e8,3032,28,15.495722
biohack44_6113,safe-source,task126,b86dafbc68af0e5b698f0241dd534874e44ffd9dfca8bac7b89280a3534f3824,2765,29,13.636840
biohack44_6113,safe-source,task127,81f551a5b779e861ce371fdc4697595db753242954a60c50a3ac8e3108937d97,3772,1,18.197605
biohack44_6113,safe-source,task128,5224331b88562c8c5864a82ed28442ed1a8c17321e5852eb0c193b0a8eabe7e5,3365,28,13.537926
biohack44_6113,safe-source,task129,728f63fb36979fd5cd4db20aa2b8b128603016a86250a5df2cdbca61d2d2662c,785,8,18.306676
biohack44_6113,safe-source,task130,129e8e94901df68286dc85134b4be5ba1daa1437df26f1eb430b9272e7f77471,1293,10,15.322911
biohack44_6113,safe-source,task131,aef2df6731cdd0168ed41a7637a2b939bb42ff5efe498e6732b1bc4fa4aa2d64,7860,103,14.295633
biohack44_6113,safe-source,task132,02558813adda79590927fa1e3d0be80af0e44475a6abbd69beb0d87da57bfdbb,2585,38,14.709279
biohack44_6113,safe-source,task133,68e935d47ff7110c296807cc69b18b2efbc09be9b69b5f9ed14c010b2ea21c94,783434,368,8.949686
biohack44_6113,safe-source,task134,d2d0cfea388f5f59b5c0ed3e15c26ceb745abfdb2537457be6932faef6736343,7220,68,15.259208
biohack44_6113,safe-source,task135,a5ba0a9dc839a73fc24585aab0bb1e97cccd5531fb28b98b77e91a17e7701ecc,381,2,19.097367
biohack44_6113,safe-source,task136,6719c0f34b735f8968b63c25277b18aa2eefbe6fd1267c5d7e90914180c5437b,4284,33,15.571890
biohack44_6113,safe-source,task137,ef031cef24d9c3cbefd960f1b4194426dfaca31af36b0b1f7efef5d288784706,3864,36,13.808906
biohack44_6113,safe-source,task138,955dbb96bc55cace778678f56c5bd88133614ec7110a51346c1a0dc4a1db6f1b,11562,143,12.804160
biohack44_6113,safe-source,task139,e3e6133e136fc342560390d22bb08861dc290ef6c9f64e8854070984d4a5946f,3865,33,16.803012
biohack44_6113,safe-source,task140,4e9d18bfbd60be2b9135e2cc459588db6a40bb878e5e16dd89651e3c3eb1cfea,474,2,19.070411
biohack44_6113,safe-source,task141,419409ee1ef9989b22aaba718cfe107b9d915bb476e1f4edee982507a294cede,2345,21,15.331033
biohack44_6113,safe-source,task142,b525fbe662a950ccba343052e36da4678bbd57b9039d4f6c5a15f3c0a16fd54a,7454,1,17.504458
biohack44_6113,safe-source,task143,545186fc1e5605ade4d666e87702a09678e9c34c1449945e1a0fdef567cea868,2144,24,15.124860
biohack44_6113,safe-source,task144,9ccdbc162d23747b26bd043d8488ba2aebe080e2a693304f16ff65bd3b7d6a0e,1358,13,18.333043
biohack44_6113,safe-source,task145,22681d1e38fd9b4a50619a4900134ac568081a0007d313598a2d4a001a12a65b,31434,325,13.796907
biohack44_6113,safe-source,task146,e294a9296c290048735ad209f43939c60267c1d6270b6c1484efe91b1a6ca417,1931,29,17.277765
biohack44_6113,safe-source,task147,e65dc2d49c2dd32775575699e73cb1ad0aca1fcca0a87fcec26127b52f631670,3825,1,18.186555
biohack44_6113,safe-source,task148,977766efe15f7fabde643b68e24ea47cc5d9069210a295f8ba0c7ab3a2f5b9de,6750,110,14.999885
biohack44_6113,safe-source,task149,3137da6fb944a3bb6e03884efc695345a045254de6a366510505b2221d175600,1404,13,16.455386
biohack44_6113,safe-source,task150,3713f1d83dec814704bf447a95675df2a099ed0116a1be5d03b609fc83e50b42,1031,11,18.018994
biohack44_6113,safe-source,task151,265a8eb2b997ae3dae68af150413ae0c0301bc004251e92a8beb0dc79bd2e36b,3880,1,18.186555
biohack44_6113,safe-source,task152,b525fbe662a950ccba343052e36da4678bbd57b9039d4f6c5a15f3c0a16fd54a,7454,1,17.504458
biohack44_6113,safe-source,task153,b2307be1bc7eb9a0e15efefc5438f1cda22102d49135eeb5bf029b59db2730bf,862351,14744,10.813646
biohack44_6113,safe-source,task154,c743541dae5cb2088ae5ced18d9079d0facaa32e2e1b8d79510c44e4531fa4bb,4587,44,14.033355
biohack44_6113,safe-source,task155,9b6ad9025b9983cfb5b2e6d5ca817b0bca8bc489a2732e0124c593e0cded9133,1031,11,18.018994
biohack44_6113,safe-source,task156,a2199d5eb0ddac7b8e6a9033237344fd4a49b753468f540a858bc71477d10422,7856,65,14.012980
biohack44_6113,safe-source,task157,94a170b6c4927ceac181b98be002ec3baf09a691488f5d32406155ed850d3fca,830389,436,9.807851
biohack44_6113,safe-source,task158,51250d4659b6adf3ed9033dc91aecebc13a0f64c0c1d3305da4d3955b4bf1d33,95337,822,9.302832
biohack44_6113,safe-source,task159,93239bd39db8bb07ffc4f354ca7b43656c78ca03e18c9ca72a30ccb093e2eb5a,12966,57,13.597995
biohack44_6113,safe-source,task160,5395ca933d4016406d6256408f8400e48279e5bc870b46c5a08c6d4cd29837f9,1758,19,15.676777
biohack44_6113,safe-source,task161,33351d8f1ca150a9d7b225d7ab8e9e8f60171b01fac54fdcb143882ed0fec502,6008,51,13.174397
biohack44_6113,safe-source,task162,29467827e023a09da29f2c6bcf10d77d7bff035e613d5615f27d623e6f2f3224,2268,19,13.944502
biohack44_6113,safe-source,task163,261af5c25f75b8f68293fce15ca95d8473efdd1a3ee6edf45eb5b1981fe6d584,9085,68,14.910655
biohack44_6113,safe-source,task164,250771b94d3db4658d4ac04e3bd9a0740f2af0f3aba0bb9b5df4d6181bb470d4,479,1,21.598803
biohack44_6113,safe-source,task165,84191da6721ff334125fd7fa8616eb9122ba801b8e467d4f0bac42cdd367fab2,4910,25,13.879762
biohack44_6113,safe-source,task166,635ac35cdaf739d7549ee8cd70b4042ae832ff18d2798a37fb1e315bb0990a02,1318,11,14.881845
biohack44_6113,safe-source,task167,71960feaa6f01d141e2e847cf629191d99e40b6ceb0199f2c3f955b43a84d6d9,1673,9,18.470581
biohack44_6113,safe-source,task168,10661d21c26bf5ff68d448b007b0212c34cb45503fb906d999fa4a13c3626ac4,7297,44,14.628981
biohack44_6113,safe-source,task169,15013f2f662007d5f03c081dbaca20d6c6a6082de5edb344a8cea0e3fa48d26e,16353,180,14.551604
biohack44_6113,safe-source,task170,9f919ea1d3fae6c43dfb70c30fe5ce04e453a44324f39755cb00850f150578bb,64849,681,13.683941
biohack44_6113,safe-source,task171,c0dccfce69e87e53b68a617cc0ce6da5c9659180ce2acc2a46007c9915c524cb,3825,1,18.186555
biohack44_6113,safe-source,task172,aa923630b6479cf1a1f5e7b7bfe2e4947e1c8ba8edba4f31d250b0b2f0c98dde,479,1,21.598803
biohack44_6113,safe-source,task173,a0299600440d0a79709022f1953af8a56eda11e1855cebe4f865b5a0de0e5a2d,10108,69,12.891033
biohack44_6113,safe-source,task174,a6f543067be128376f67b828b67c2b02a893fd3d4b5341054c090b91d89ec12d,61839,790,14.120087
biohack44_6113,safe-source,task175,122ea790475d4eff4e80ecb7e852b399bc96924472e212c8019c1c4161c11baa,12412,22,13.348835
biohack44_6113,safe-source,task176,e323248617622d6f3ec11b2d387952fea83ecc2fed3bdb998ca12143a2168c6b,1126,7,16.022854
biohack44_6113,safe-source,task177,cdcbf832519bece9b4bc7966b23d1dba298385f8a602e49475b595b22b33b001,4180,37,13.778698
biohack44_6113,safe-source,task178,4da8ed1ed0676bf74ff1db264eee36e5a51569d8bfd9726b145975fb852cb357,6748,126,14.713600
biohack44_6113,safe-source,task179,bde695a21a93b9e2084a9b7e8a8bee5f2cdc694baa71a12d1c34ae921a89cb87,170,1,25.000000
biohack44_6113,safe-source,task180,8f6b55aa41b48daa3c5bde2cf091752666c75e5b3b9acd0b61ce5c378a8988a7,2525,6,16.084031
biohack44_6113,safe-source,task181,d5e423513a6d975dcf970b7fa00306491312801ed8b9c3232bddaa05e5217ae9,3083,21,17.914936
biohack44_6113,safe-source,task182,dcdd8e87825de820e1c2c5ded8e53bb19ca19fc6e1d104df3c6894630ad00ab4,70465,522,11.452178
biohack44_6113,safe-source,task183,304fd9d6c78ea14e6b21f5a8929aec65dc8582e0ed5300bcfe6c020cd031d4c2,4645,55,14.878261
biohack44_6113,safe-source,task184,d104af166e5c9363a02c3f7e6ed8251c41e1d392701919524a25fceb6aeb384c,6934,51,14.147484
biohack44_6113,safe-source,task185,758a09feff24e05f872299153e3728ba75bd0bbd8c3b14ae20c5e6b4faef7df4,18881,242,13.763645
biohack44_6113,safe-source,task186,4319d403e35394db90c4c67a58bad9ece89975a89250f5093212455c57f88fef,1598,7,18.547951
biohack44_6113,safe-source,task187,2975071ab48a9883483483822c3d24affcd8bb30d824d97f87c1af47cc9bafff,8852,87,13.409993
biohack44_6113,safe-source,task188,b5aedf9a8411d84cd20d8bded8746b6a16044a019d7d5352e049a9c98ef96837,3259,46,15.725371
biohack44_6113,safe-source,task189,ad40fd32da208b67a234bbace455a8c50984a7075ef19f2a27f1a571ce90a1e6,6774,110,14.886089
biohack44_6113,safe-source,task190,0a31ba38881a6fc4af83224d1aa59f0a876aea5808f55f95707b8c5975ac4c06,8781,63,15.675974
biohack44_6113,safe-source,task191,c52afee06de5d459fdd914bc7911c5ee1e78e71527ed079cf6cc6c5dc9c32da8,8764,219,13.332021
biohack44_6113,safe-source,task192,b33d9d2c7a44e0ccefa26f20c6eb211ff45cdba6b7ca7a38c8fd674ddc5062b7,2511,21,14.093402
biohack44_6113,safe-source,task193,1184ed012012ee9bc87677fea86382acea9bc6b8979f087a5b3500492d6138dd,1925,14,14.109558
biohack44_6113,safe-source,task194,5a188032e9933c63bea9816c0846001d769eb356d00653af9e5e766ff62bb53b,7454,1,17.504458
biohack44_6113,safe-source,task195,ba4b722b42ea9bdbffbe4fcf38c90d387045eee91e245e77f502c246c158e0dd,5381,33,15.436963
biohack44_6113,safe-source,task196,89719c41cdbc1176e45d78565003ab2f9feb673cd43fcf7fef4c3ff8a4a302e1,2417,31,14.618975
biohack44_6113,safe-source,task197,d2fb46801935583882f6a460471b563ccee60a53661cb17003fc2b60f17ba1ea,1223,18,14.166556
biohack44_6113,safe-source,task198,a1cd099e3d965fb4506eded8d4bde77ea202357df70e9212b36911ca002c8cb1,6979,51,13.449576
biohack44_6113,safe-source,task199,7f8ae82add1995ce631f2596ebf18e50b694cb8ec8d56a776cb6b1f393d891fa,2948,22,15.309891
biohack44_6113,safe-source,task200,f890763d62cee785030454c8a5a3bc278c67666d29d87dc8297ae23ad08c902b,2444,39,15.739822
biohack44_6113,safe-source,task201,45f10ca88d12df7175c80895aca63ccdf595c12c3c580a4581c0a70fa6eb8d06,10924,135,13.554497
biohack44_6113,safe-source,task202,548ea01a96ba723d596f57386963dc208eac1c74ee9c8ad978597704d8065f5d,3582,31,13.258188
biohack44_6113,safe-source,task203,934167d7108d311321e5ae31de256c5ed18dd19290cc3cea7456337d8f1a1d04,6437,36,13.602194
biohack44_6113,safe-source,task204,dceae9dfb26b83635be9d8ab15b9719395c4ca15e2871a07f9986615c1ed02ff,20456,128,12.815034
biohack44_6113,safe-source,task205,2ae3d15fa32ae7527a877d4a78e84590b2f5eb083cffb480c1bb4e65ec727478,48510,671,12.284352
biohack44_6113,safe-source,task206,a9a48933d73ab0ca96c39812eaf2d7cc02be75d240f640166a9e5b4a88f1a1ea,20303,224,13.895344
biohack44_6113,safe-source,task207,eb31b69d46ecc34c73b17ad80493c10002468aa9196475e6c9e12fcf46ff8235,1979,25,17.463636
biohack44_6113,safe-source,task208,5d341124008dfd310bc5a123793ff6f9beaeead1fd98692f86f798a8f1e3f4a1,15885,196,13.566031
biohack44_6113,safe-source,task209,340e1292efff94ea0798fef8c2d68aea529579aaea63bcf5ee0ed1b6a995152f,1294052,4286,10.110661
biohack44_6113,safe-source,task210,aa923630b6479cf1a1f5e7b7bfe2e4947e1c8ba8edba4f31d250b0b2f0c98dde,479,1,21.598803
biohack44_6113,safe-source,task211,3c58a51ab06ee25bf3c54539284f6def4bc6e10c364246d45f5533df0905fd17,7454,1,17.504458
biohack44_6113,safe-source,task212,d6a9a891ea864265da23186675a7542643cc9de869839d9a2d67e387d4c304a7,4712,53,15.782783
biohack44_6113,safe-source,task213,bea0e13014694681f4277e3fb242b16729cd609cd076e31b8eba6201f2c78841,25091,385,14.132022
biohack44_6113,safe-source,task214,476030b9c3c916862c896b22ae9f1ee46d6bedd703bd39deeb4fe1a9a7cf6c54,7454,1,17.504458
biohack44_6113,safe-source,task215,7944efd69db01622acc90aec13cbcd6480dfbc192943a608603e8af711bd84a2,2619,39,14.321348
biohack44_6113,safe-source,task216,8736d30a18de065d1250ea21affacb0eccba6097e3139d7e8ebfee451365a4d4,11049,276,13.449663
biohack44_6113,safe-source,task217,58f2ed503258d9c007e4e93b086250cd0e66b2871fbc7602a1fa7d6869dadd1e,7268,34,13.747647
biohack44_6113,safe-source,task218,14bb6c5e5fa3712e4f556142985fa03de40ba2accd475bb596ee538d3c10c60e,9594,137,14.948006
biohack44_6113,safe-source,task219,f042340d7b269af4b35437a41d3094074b91fd8778477f3b3fcd20966a535f12,87016,532,8.421777
biohack44_6113,safe-source,task220,924ca3ff6b3c2190ebdd92b73e0c33ac441a7e64b5924bb34b2faa596a40dd55,3798,1,18.197605
biohack44_6113,safe-source,task221,fc40a9c864b222aaeab1d16ab69b17f524fd95dc657baa701b144f4288e5bcb5,13333,28,14.069235
biohack44_6113,safe-source,task222,f82b35de1de8377a5dd17f94de623872a1021443ff972be6e0765c6d21c5595a,2578,21,14.031198
biohack44_6113,safe-source,task223,51cd95a032c661ce28fa653ad0e727fb33cf6a709a5747e02a8ab323190ae968,7454,1,17.504458
biohack44_6113,safe-source,task224,1618c4868a39993d5318e610ce888f4b46394aa114feb2e20618a9034a6e1e50,6314,54,13.843921
biohack44_6113,safe-source,task225,0c4d057621e7e3b95688f49c9b82218423a7a2ec18b5359a22474c11804cbba9,3427,33,15.672766
biohack44_6113,safe-source,task226,5d115fec7e34ea6013b743620d1addba979258bf37902350608a4c3438346438,3203,39,16.376826
biohack44_6113,safe-source,task227,1c70db9caee31b32d02ae1630c5ef3991ddbf82fedb750d43b515fab048d6dec,1135,14,17.018267
biohack44_6113,safe-source,task228,a8a923f21fecee5512861159a89a0ecf2a9f276985c45face926d3b953bdb4fe,2649,61,14.869935
biohack44_6113,safe-source,task229,acbf2dc745d4a717148c274f1e25cdd3fce8e718787f72530d661d60044ad805,1379,14,17.749364
biohack44_6113,safe-source,task230,1444325f9990947c4e2b6bd66f2ce611d8efc4be97b595c4bf2ad63e9e166ad0,3798,1,18.197605
biohack44_6113,safe-source,task231,da36f042051a327916030f89e33ab2146301e9fa4890884f3df0232d009ca3ce,2605,50,14.445542
biohack44_6113,safe-source,task232,b416c4b9864f9c0ee3021d3e0d536638459295310003e1612ea60837e5e1fc02,1616,29,14.707956
biohack44_6113,safe-source,task233,d57b97c53297581dcadf8b70a33772359ac0efb695e59e6ee87fee43f80fb10a,938774,1372,9.595733
biohack44_6113,safe-source,task234,f1bed9c14a107314718a6a2c2d272373b791ed46a99cd3e21b405ee8bee98776,8333,96,13.151045
biohack44_6113,safe-source,task235,046373c88008b543046f990f0cde3f5c161d21e0835fb8ca9ada066a6fc504d1,3090,35,17.801069
biohack44_6113,safe-source,task236,f31f10a231dee6623a8f92097bfe067ab563fa38c8846924b5f2a5ab17a6009d,1291,11,18.417975
biohack44_6113,safe-source,task237,9d3baf9e04284ace2238abe88eae62477296ee34499efa7b0146d799717804fc,1637,25,15.430308
biohack44_6113,safe-source,task238,3208dbc8cec5a6a6874fb45bdf74920c0447b6b2745454a2ca76efdd5aa83d45,11927,102,13.927566
biohack44_6113,safe-source,task239,2abd421624d88b12e8a63904b214d06678543cf0231b040cc10fec704aac503f,4143,33,13.525015
biohack44_6113,safe-source,task240,517aa226f17f9719f23361c73ac446784b46dcab2e0b0b74e53a330d06a47ed3,3165,32,14.226601
biohack44_6113,safe-source,task241,bde695a21a93b9e2084a9b7e8a8bee5f2cdc694baa71a12d1c34ae921a89cb87,170,1,25.000000
biohack44_6113,safe-source,task242,d7384fd7ba8ec4129d2616b9748fc5716d95db369aebf7d01b274b6d16dd0517,2031,16,14.896433
biohack44_6113,safe-source,task243,e789223ce2fed68fd343ba33df67c9ce94107dd803dfd1ca4e368afa0b1eb349,24522,447,11.524262
biohack44_6113,safe-source,task244,c6ea97ebaf15343165f200b1115282ed7736fc6b68fca0f3771d0f67cb4304e5,6538,66,14.607197
biohack44_6113,safe-source,task245,d04e7eade65728852787ce1f17fd87271f8553f9adab1f0859000bf44a750b54,6141,47,13.600680
biohack44_6113,safe-source,task246,379b5a73e3dee6f56eedab3ab0bd0ed8414179c6e7ae1edd0a948060d6401309,3824,31,15.497662
biohack44_6113,safe-source,task247,19562cb18f62167e2ce8c355377d9b1a3136c17fb7116b8c9110b15d4734e4dc,2056,25,14.993279
biohack44_6113,safe-source,task248,1cc5ba184903e8307ed5ba4d36263e3487d7beec6142f401fc6d0424e70f1e18,2328,23,16.120945
biohack44_6113,safe-source,task249,e6e58b07a2f88477f9f6bff875df198bf57830236bdd036ac5460ab1c6ccabaf,1990,21,15.740965
biohack44_6113,safe-source,task250,b29f5ac7d4700ac0a652a345ecbbaae31234a076a653038c6046e5ca010cbec0,8113,129,15.496915
biohack44_6113,safe-source,task251,054a1310978ea762a181de2ac68b1c10e5d9e706e70a593b68af3d1f26ff74b3,6906,53,13.472393
biohack44_6113,safe-source,task252,75bafe05db1082ad89ddb5308c4e8add0fc2523e74a1deba0eee73e4ead0d9a3,3651,38,14.447160
biohack44_6113,safe-source,task253,2538ea53b1aad1e6365055ee14f48dccb49ef632cce416086075b33d42366bad,3510,17,14.215455
biohack44_6113,safe-source,task254,cce96782d9b4b1065b63ebb4a84c1ba6253724c3cd2a387838d205cf71eaae5f,4960,49,16.018318
biohack44_6113,safe-source,task255,58b21c8abf7dcaace19d54b3bde4968ae7c351b29ec0b4cb36b910f03be3a0af,106804,851,7.414992
biohack44_6113,safe-source,task256,37aebb653619bb91ba21ea10374a3288d619e99b3f9bc7709dc4fe7175bbb765,5118,40,15.033960
biohack44_6113,safe-source,task257,316eaaf4e1a47569341378a8a58e40559f938a7fe5ae659867c0f2117bf8e021,1369,20,18.018065
biohack44_6113,safe-source,task258,9cf85f5ef87760197eaab665af872adc9c2a38a6b9c2133f506deb1e51402d09,880,1,19.924826
biohack44_6113,safe-source,task259,27456ae69408af22c00268a792cbad0f23c2f425a2c4e88336920536b67e0cea,3882,30,16.162900
biohack44_6113,safe-source,task260,a0c625eeabd30f89f6f16ae6be445f721bbc7059d940e63069a03d74b0fc06a4,2263,28,15.568598
biohack44_6113,safe-source,task261,6104690685d52f02ca149095658b51c2d448d252f763922efdb0fd69749b630f,995,1,19.701683
biohack44_6113,safe-source,task262,c4714ec84de4fa51ba3751b69dbf34ecf5bdaeb8026531c6a3a6a7fc3e22e9d9,1329,8,16.086315
biohack44_6113,safe-source,task263,2396bdd0797f69ae5e0281ce27c9964eb2adba67e7d5f2d8286d6cd1ccdc46b3,7427,159,16.005828
biohack44_6113,safe-source,task264,01ac406f30f0ffced1625ed8050b91086a8967573523be0ac1583a6eef0e4dbb,10074,115,13.154639
biohack44_6113,safe-source,task265,e44b248f5902d3d38b34e32679474cc70b8ee0d23a58ae93c6e8658e0375fc5d,3110,32,14.408076
biohack44_6113,safe-source,task266,491258de81aba00b6aa06f223356e30346665751690278693288e858450c8563,3825,1,18.186555
biohack44_6113,safe-source,task267,410b39084246024b149c984e95489e0660a8825a25ca70475cf339e5914a1074,1306,11,17.865109
biohack44_6113,safe-source,task268,d6e7655471c32dea89573357bb31df7dc7c23396d2d8a7318ea2e17508b7d609,13356,180,14.983764
biohack44_6113,safe-source,task269,947f2c17a6b1d44a9f4ad789f9351b4edfb84e0298e879c258d5034b09e12f72,2336,31,15.940250
biohack44_6113,safe-source,task270,5d11db427de12cca83d4b67950227dfd6115c6345d12b715ca3b1b78fd7068ff,7597,60,14.733781
biohack44_6113,safe-source,task271,1d303e94d417fc4786c4e80dee5be764e57f981905d0bf8f5e5fdf48595b19ed,1993,22,14.725259
biohack44_6113,safe-source,task272,bb44a1717b5f9b6f1cd8f6bdd32aa6a40d88b17db3e200a8cb6f7806bb2c658d,3825,1,18.186555
biohack44_6113,safe-source,task273,ef481d8f02832385edb2ae3838215e1c01c80ebc407639a5d04a17ab09227a4e,2414,22,16.294338
biohack44_6113,safe-source,task274,16c49e95823e84f06ed23b008793cf2734b79a98dc2eec7948735d763d5ec465,3619,16,15.921935
biohack44_6113,safe-source,task275,b05c9d902d60b5e03aa3436e187c874a4948bffc12b2ce6c86fd8ed957970680,24193,253,13.662810
biohack44_6113,safe-source,task276,2a3e881ae92099c36f1955bdf96ca1e9f77a4ef3d1d3eb58c63eccc80a655c7e,217,1,22.697415
biohack44_6113,safe-source,task277,e51e949cb83acf5fd2f099ef7af5326e8819877fff66f86f7a38933ddbf119c3,5153,58,13.835158
biohack44_6113,safe-source,task278,0c14b78590ad46420b694424fb879d1c8bdef545b3a92cd9ef5a15278e77cf1e,2285,16,14.554682
biohack44_6113,safe-source,task279,9da9837f628935b332e77f1f2722fc9a6c24137021584f85bc276e033ed394be,3082,43,14.780899
biohack44_6113,safe-source,task280,82b670978372ce1c23e03297fac4c9a8b660a0ab794420b6151459faffdbd466,16655,138,13.156003
biohack44_6113,safe-source,task281,ca2a1537dd3fbe42f2138c372b482af55ba9bacf05230c700a13f8ac7caf45df,7659,64,13.597168
biohack44_6113,safe-source,task282,3b69ffb73c79f09e8523073931061610e74b3e0d32534378317960c9557acd0d,3798,1,18.197605
biohack44_6113,safe-source,task283,b0e2a1e5a77dc63e5c2faa69d44120f7fe0e8773160760e68b7f5912591f4c60,3825,1,18.186555
biohack44_6113,safe-source,task284,a6639b3a490354a06dabea1ba3e40cadff156bc3590372d54d12d7b22cc4b80f,30975,145,13.304486
biohack44_6113,safe-source,task285,90fbc6b2e9d3843b953b85f84124c28878c690c56a08a230079512540c1c3591,39015,477,6.580943
biohack44_6113,safe-source,task286,452c89917bd81728f5db1bd4efb133d57ea0ad7603343cb823fc1e7402cf8b6e,13714,168,12.965719
biohack44_6113,safe-source,task287,597d6d8d9fb465183a384f7f4a71596b1a35c46163dc529eadb64646cf3c0ebd,1706,22,14.975756
biohack44_6113,safe-source,task288,2ef01939d8fb465f7d079f337f55c77fe2c332eeb2f01b47e5759981f01b1175,7847,52,14.200567
biohack44_6113,safe-source,task289,00049ab3fa944a3759833dc85ccfb83f4f4ae7a1ab800664e74423dfb9c7b6d9,2041,28,14.860176
biohack44_6113,safe-source,task290,4b741031cf43c0c6b363ab3c98f7017cd73aa098b5e38c15b5799f2fcc7eb008,42089,87,13.384049
biohack44_6113,safe-source,task291,f97257c9bae5cbdf0614cf4f6d0aeda2c0db164b44f4861fc829c00eae636b67,6009,22,16.627370
biohack44_6113,safe-source,task292,6c237acbb63e47906509de051f734a3f91dfe624a99e62a94fd65270b5824929,1146,7,16.244578
biohack44_6113,safe-source,task293,b05ff58c4666c1ec2d35a77dffb3d72b56acaf5e80f36e88f0162019592c30fa,9897,52,14.862033
biohack44_6113,safe-source,task294,247179b0cb2fab9e792e9f91da564f6ee1f8d4059046fabd7bfd7e7d3d010cd9,3825,1,18.186555
biohack44_6113,safe-source,task295,5a049215df9c118110ba1217eb55447b5d335f09e93a9526e6862ff5b585b365,1956,23,15.588680
biohack44_6113,safe-source,task296,4306af04547e103c395a41f15f7829592897a368a36d02047b54c256c5e54b13,2843,10,16.677606
biohack44_6113,safe-source,task297,4ea1e6317293bd62b7cf6ed501f44c52830ca9bcfa92de6a67c86c201e1a9611,2747,32,15.832776
biohack44_6113,safe-source,task298,9b77b58a90defa3f7eb249e787dd574f52ad8319b503b79e3dba3b4d5b11eea3,3322,35,15.387667
biohack44_6113,safe-source,task299,1e9708846864c2782d5c9d4b378034e7f20bd2a610abbcfb0712b83b3179cd2a,1405,21,17.510029
biohack44_6113,safe-source,task300,e81ff2bf51d9621b8df8ff754c0d4ff4270d17f336e625bedb5fba417a57b7e6,4688,43,13.741000
biohack44_6113,safe-source,task301,5304dca46705e3c99a37b5c322191fd1a492167c657228d67e0b8e4ce9022c7a,17629,49,13.766696
biohack44_6113,safe-source,task302,471e2a01c1e679ddbe830f667d30f05ed231550742027b941e27dce515ed0b2c,2639,36,15.031615
biohack44_6113,safe-source,task303,f1388ccd300d0326ef77e32e80a1bdcb15c39bd24649153f5208eb8cc0962cc6,2084,8,13.701382
biohack44_6113,safe-source,task304,da36b408e1af537d161fbb14dbba577380417c72233e4a1458970d507c43ae7d,2136,17,15.413006
biohack44_6113,safe-source,task305,9f735899c445d2de0753685201dbbaa448ff1306c5f52d568270b4588d8e242d,1865,6,16.718023
biohack44_6113,safe-source,task306,c582bc8db47af47753833747cdd64182a67cbb33077caf0099c0feedf81c0b41,4101,33,13.494673
biohack44_6113,safe-source,task307,badc5326d1acd892c77212fc876a3f3192e5b67a9806ab111d1e9589eff70706,7454,1,17.504458
biohack44_6113,safe-source,task308,dff450a12d955541a809eb6cbb82eb2e80d9604bc2e300085c58cdad9055dc3f,4088,60,14.199976
biohack44_6113,safe-source,task309,c47b834e65872a11ec0cda3c8246948b8365f81f916610b49ed07267815733d9,217,1,22.697415
biohack44_6113,safe-source,task310,8ba42d4bf0a654f913a7bee8772a22258fedd188475ce77c77e8bba0fee69bdb,5449,44,14.016845
biohack44_6113,safe-source,task311,250771b94d3db4658d4ac04e3bd9a0740f2af0f3aba0bb9b5df4d6181bb470d4,479,1,21.598803
biohack44_6113,safe-source,task312,5f8662413159b881c8dff97e5c51ca63270ea3b1609d0f333539af73166348ff,1202,8,15.791762
biohack44_6113,safe-source,task313,53e2ab0be4c673d804678ddf2f3818527eef5ba1762619d1b41891c5c71ffc0c,39887,34,13.655115
biohack44_6113,safe-source,task314,6de48aa8380bfa9f60145881280cb81f0649f178f1a74456c5c40334004417b4,24532,282,15.941180
biohack44_6113,safe-source,task315,1bf0b18c996602619e9fd51d9c5b13d00e57feaab87cc78fd43463a38ba05c04,1520,10,15.469099
biohack44_6113,safe-source,task316,0b697272db5461192d00f8168c702d2dde635fe5bebc4fe3b7506a820ca9150f,5537,49,14.150469
biohack44_6113,safe-source,task317,54ad9bc9831f0f3a781e65116809c2c60f3246bbdc84fc6c0fa8064fecb5d8c5,3798,1,18.197605
biohack44_6113,safe-source,task318,4a45c25db81ca4e037be544f7e0cab0a5bb1910d2f6325fc83e02af3a79282b9,1319,12,18.374608
biohack44_6113,safe-source,task319,51ba5eb63c445916889b9fac65b7285e003399d7186631daca6b659f9f3415a5,247340,2709,7.908638
biohack44_6113,safe-source,task320,b5f9d264034aafc2780289baeb60a45e338fd6478233a720f13b79faa2d6b39f,2183,19,16.445511
biohack44_6113,safe-source,task321,2e36977fc386c76ebb921b21626cb0733b08b8f40969cc3ff8635f327f718f5e,1733,22,16.385499
biohack44_6113,safe-source,task322,70c7baa8d1fe542431688ec733cdaba2e65799d4882bf71a9be96acb4f6247bf,892,9,18.046316
biohack44_6113,safe-source,task323,c1feec3982ec1aa05dd411c69740c2d2c751ba3a51d5aa5043b6c147d1ec8bd9,10261,59,14.676717
biohack44_6113,safe-source,task324,7411cc76a9bf780cc62cb92374e5f883c9b70cbd3467b70215a8c5ccb2373346,30635,260,11.567972
biohack44_6113,safe-source,task325,703958452270456b7d0aa9d4685a3bb4279c1a189050c3b1c4c5c0ef26767373,5072,39,14.330533
biohack44_6113,safe-source,task326,b95776b4618ae80d707674425b68a1b903cfc9925a01d24b03b330ce97a9c421,388,2,19.888012
biohack44_6113,safe-source,task327,28e407c04689606a975670fd8f7da26d5ce7a9a10400265cc54eca46e5504bed,1638,18,16.070962
biohack44_6113,safe-source,task328,5e577adeb141a5a522c273f891701d12837320df953707180471e62c0f45f621,16269,121,13.846066
biohack44_6113,safe-source,task329,b3983c3bd8c099ce71cb48e09938e0328cc29853d73d956c35e125db9bcd43ef,1652,21,15.763992
biohack44_6113,safe-source,task330,0c67c61a96e91ab4b8cd0bcc5193fa4edac323b20075f302515e72a2e012d7da,7312,22,13.964530
biohack44_6113,safe-source,task331,159b7db4377d2a7d75a15aa8f84344e6d919741566944220da8f361aa1da572a,3836,1,18.186555
biohack44_6113,safe-source,task332,5301ba6cd8685b2de8c21e01905817ea61a3d8f2054bc6eef7b8e2a201b40b77,3295,30,15.844327
biohack44_6113,safe-source,task333,056322558aa8fa4149af6ce9821d3273f0b403e4408e461963db3d70864f1adc,4379,55,14.877658
biohack44_6113,safe-source,task334,70f0ea7b8d62bc086c535d3fec97140ed99ccf9500dd74492434de15cb2667ee,1456,6,18.157317
biohack44_6113,safe-source,task335,1dc73a90b7f058004deb256266a6a937b56b19f79ba111241bd796f73aa8f333,2757,38,14.193064
biohack44_6113,safe-source,task336,66605e39204e06dd97980e812e93d14e7dab3eb0d815b075ac29202827cc6a4e,5276,54,16.294503
biohack44_6113,safe-source,task337,c276f5799bf0f2f77bbc0c31f5ed97472afbff9a946326286e229929029e2484,159,1,22.697415
biohack44_6113,safe-source,task338,b35b8a9c786b6c618d442f8072720d3dd2ed919de6726b80b6d1801d3cdbafea,4510,37,14.271263
biohack44_6113,safe-source,task339,23c555a9d5193597ba509db3b965cb39be9f02febeded3f074acb8768e013f1b,1588,13,18.215543
biohack44_6113,safe-source,task340,dfa9109342b16654158976e4fa1e98455f0558a083d777ce020f5b60bae308cf,4180,72,13.838861
biohack44_6113,safe-source,task341,564fae20dee0f5a54330c3170bfad5824556165d5a206e82a19c9264faaaaf05,8743,101,15.154936
biohack44_6113,safe-source,task342,cd69f1c3c3bd5d7c51afa7008425c54e8c0a232fd18449de9a9bff304cea90ec,3200,40,15.594669
biohack44_6113,safe-source,task343,df6df42dd51bc8bd68188dba44776eb25926c7dd542729c2dcda48b60fd156bd,7569,86,14.700054
biohack44_6113,safe-source,task344,a23999c886c62393d115371628fbee6b6043de7a35bed72285639240d6def4fd,10236,1,17.171962
biohack44_6113,safe-source,task345,f8ddf76853108e2e27a45961b32397e69f9fb19d2c1909e623b6ae7b651acd60,4062,34,14.164526
biohack44_6113,safe-source,task346,11e08c307d334e0429612fd7a8873ecf53260f716ca9da99b6693e6d9b369548,2236,13,15.875435
biohack44_6113,safe-source,task347,7fe7a34b9a1ba2444eaaef7509f3c0395bca3ad15a45d122dfb79aa3e546d899,1129,12,17.603051
biohack44_6113,safe-source,task348,a6dd8eb329ee1c4b5ee60a6985610b6685bad770c76a14d12eb9e9665303821e,3000,29,16.103412
biohack44_6113,safe-source,task349,b57e802ae6c73cfabf1d34ffdd1313911001cb6a901862ec9c9346352bea0033,8755,89,13.103296
biohack44_6113,safe-source,task350,0ca24c325e540a593cb73c128715599c58a4d7bdd9134503c6991423b2840001,2670,19,14.734338
biohack44_6113,safe-source,task351,c17c4a24fd333fa82a77f43e4a5127d7eb81187a15ad4b7f8a1bb21664a5d49d,3049,25,14.532506
biohack44_6113,safe-source,task352,f3b9bb985cfb0478df981c689aab9f22dc5bb177e02b6f3b6a3b330669eef601,1398,11,16.201243
biohack44_6113,safe-source,task353,1639de1c1d4d3ee61a8454a02d3b5af4d359f13f2fb1c963687d4cd76b280a8b,3244,31,16.403811
biohack44_6113,safe-source,task354,58e322ea24b6a28e7b5da4cf5bdaf0e17e5b805ebb5cbd8874b00e0c36ff78bb,2948,42,14.653398
biohack44_6113,safe-source,task355,addfb7be1303c63d90f0a8826be7ab0eef88a10daab34df423f95eaec7e77059,4506,45,15.185781
biohack44_6113,safe-source,task356,551900e26ac21ba20631069f1a4268e5b9992eabbfd9cde50643affea19fc2f0,2344,21,16.482407
biohack44_6113,safe-source,task357,3d4c5d3ef46e8c9f15401243e101a1f27b9981a0b79e63fc1ea26fda02c8ea43,2328,23,16.120945
biohack44_6113,safe-source,task358,50650df0548143121954ee03c9db4532be39a4a56b686e8bf4987af48b47c2cf,10944,132,13.355862
biohack44_6113,safe-source,task359,5402e526d36f56006e6fe3438c6875e02057cade74e68784d892dc9c4510bdb1,3909,32,14.156974
biohack44_6113,safe-source,task360,288d8ec599a9f336ad8b8ece878231f6009143fcb0788f52136b48e7bdc42237,1271,13,15.680267
biohack44_6113,safe-source,task361,c72dcf2c6af6c480ffa12daaa617478f9be27c60a63ccfe186893b7c68f069ab,6930,61,15.263926
biohack44_6113,safe-source,task362,1a6d4abda7902dcaff9fa7f35113d583d959eedff71779c783ed651a5c496833,1896,28,15.604176
biohack44_6113,safe-source,task363,b8bb005f95baf0f7f1187a369a57d564e14b956a7cd8fefaad5c607a51213fb3,170389,260,11.778800
biohack44_6113,safe-source,task364,4910b50fdd14d2e4b74bc569015b2b2bd81001119618fa3f702a1cc1c82088b8,10174,63,13.056130
biohack44_6113,safe-source,task365,4b59416c3b2d144a96e2612d2d0f8683f7cc3d3e0e8bae9a32ded28375a3e128,17605,242,14.014639
biohack44_6113,safe-source,task366,74e15e2bc6a9640fe229d9bc5648c4733797ba943051baafe2d2fc55d6ac03de,1269927,12512,7.083011
biohack44_6113,safe-source,task367,ea3969fd6929edb7b1ccabe3db2c9f2ffc4b995aae190c1726b93016b6ce2f02,293653,694,10.576071
biohack44_6113,safe-source,task368,fb13ef89494b35d91e797f4295a7a89ef8111ed8b5d8f62974f2ce5be08e16a8,8950,186,14.615971
biohack44_6113,safe-source,task369,41510d5508f7ee00bea219692bf4efbbac40ae5b20300daa5ec4f01d4b6816a5,2940,26,16.047265
biohack44_6113,safe-source,task370,350d83a92295168476c4549cdc5d986b6bafb902180c4c7b2078a89d74f81774,25060,319,12.221756
biohack44_6113,safe-source,task371,55f3e4edea862a77001eaa66f9ce4cd37bbc3eaaaad9315a16360ce4d1d01bfe,1810,23,15.039140
biohack44_6113,safe-source,task372,422d94f798102349b81b669a5bd447b6e246aec065b6916c8b6efd14a7a0fc7f,1214,14,15.633511
biohack44_6113,safe-source,task373,b38778eb8fe20593e514665f61bdfe17367d56aa45d220c2cc5a0bd298889d2d,960,8,18.559053
biohack44_6113,safe-source,task374,29c99ccb14d1600e97d7b8c3c292672fed67326cc713432a0fd26edcbd5c2182,16450,144,14.140290
biohack44_6113,safe-source,task375,509686d607b3126316a284357799deb369829fe56865a1b05609fa3447c4c5d7,2214,19,15.372793
biohack44_6113,safe-source,task376,c6d0a7cc285a13cadc484b6b8141c32ce0d151a546e3b234dc4aeff58e321480,1741,27,14.388895
biohack44_6113,safe-source,task377,9634d0c4c5f2d3616c292399129487757b13a675d7e4d66ee409a56adffdec77,19220,208,13.919690
biohack44_6113,safe-source,task378,e1719f9950e83dc1889743f4737d7c5c8a2606c75b8f2f2f0d26dee49079c766,6343,96,14.378673
biohack44_6113,safe-source,task379,0002ebca2333b2402894d90300cae16c7fa1dcf04c9df3bc98751db32899d9ed,10260,107,13.808644
biohack44_6113,safe-source,task380,b23f227e055e494818df0587e34418a5054807bd258a80e00f9170bcedfd819c,531,3,18.397412
biohack44_6113,safe-source,task381,341af617bc4d485ea4ad62bf29883b80668b268876d8d3da0b0f97e24a69fb21,3435,24,14.349422
biohack44_6113,safe-source,task382,a854e19de4998088d40ffb514299ba374a6c1c2589c8c85260793ad004ce80dd,34556,325,12.824253
biohack44_6113,safe-source,task383,19da36427e6ee74fe0cf46bc86c98b873576bc8e0c1302e4d8b61c04ded4f8d8,6805,57,13.224964
biohack44_6113,safe-source,task384,57089beccc7a95bb03cb7bd0a9d6841faa06a32f84b126df9802e34c8b175e3b,4542,39,13.778082
biohack44_6113,safe-source,task385,629a5673b6a8e745a4c5b1b5afcf3c5e7214f2fd7c54d7f5da27eb3e788ea5d1,175,1,21.598803
biohack44_6113,safe-source,task386,89f80a62cefd32ddc113e1e3222977816d8c9e651c9e7efab94922c5878b22c3,1171,14,17.300611
biohack44_6113,safe-source,task387,dd35e456b2784f2ad0f89d84fff0f05e2498cbab1a1398612b5155b63431845b,89870,875,10.460747
biohack44_6113,safe-source,task388,44364f7ea2f283e136db441edd3d838104f1d83f14247c0cfd0c1182c45e55ea,4820,50,15.714645
biohack44_6113,safe-source,task389,5d19a4d137ddfa5d5e278378f5210bdd9ffd9225b6b7ca3cfb0a823a86ca0be9,1421,13,17.451444
biohack44_6113,safe-source,task390,23a81cb475e4cd1231db06a0e09440eaa13dc4353f3891aaf53c86700efbfa91,4970,43,14.884592
biohack44_6113,safe-source,task391,1582c8e52095b42ea4800ff8753f6e9fcb62f2e7b65b1642a469835c6548bf80,2841,26,15.787562
biohack44_6113,safe-source,task392,286bbe96e893d8985bbc76084a277ad5864297316cf38f4ba6edf4007112e4c5,8330,51,14.662460
biohack44_6113,safe-source,task393,2f236f0f741468312b3933de81bd4f1f7d36a96e624a1545d1986160d95c466a,2433,22,16.321879
biohack44_6113,safe-source,task394,6f9e76b487f97c594199199e75fc55402957e97ede7b3c08c5059ae6412a4a45,3787,80,16.533469
biohack44_6113,safe-source,task395,19fd478858c781c596e2ca2f7e34d4e1bcfa8798379225afbe1efd44d2841ac0,1179,14,17.581219
biohack44_6113,safe-source,task396,deecb12bf534491a8adbe29e9b1927ba002fffacc6253071aeeb6bef2ef188a4,148123,407,12.967995
biohack44_6113,safe-source,task397,40a07e43eaab28f00e2efce4e35f677137cf30f25356c227f7d64147e7ba8340,7345,86,15.036311
biohack44_6113,safe-source,task398,5d6faac9d879be8dcfabbf8a25b82e0c62f0d41eb7d39aea7eb37e1fc447e023,8768,44,13.657827
biohack44_6113,safe-source,task399,f8e72c2228ae91a54d38c5a7f101356edc42d906cda234321b13bfc87a5ff38f,1907,8,17.483023
biohack44_6113,safe-source,task400,a6723aa91f00b4ea42edf81e211bc34d3242e7374c731bc4b42f69d14adc93f5,2165,25,14.532535
biohack44_6067,untested-public,task001,0fa36f41592b9d78fb9dffa6f03ad41663311c7414ee3ee0ca9a0787ee7553aa,1433,12,16.624601
biohack44_6067,untested-public,task002,4c3205c0141934e8750b205f87c8622ebfd80d2fce3c665797e3b1dd39c1d0b5,15506,95,13.510415
biohack44_6067,untested-public,task003,f7b1e9c321fcb23c216feb2476ddc69b220eb381e49e0edca3208bd9a8373693,4167,39,15.786066
biohack44_6067,untested-public,task004,fc9ef5d39847fe678249f3dd2ef4701d2d49b2afb4c27c424b79b6f9967ca118,2522,4,14.084548
biohack44_6067,untested-public,task005,dd5681549124eb6d60c83f24b1bd80499fef4bcd62156e5b133ee6069e17f92e,10910,106,13.313214
biohack44_6067,untested-public,task006,730e2188defecad529681f66c74dcbe4bc3ea104d8fa752a6f1e719e3bf622bb,1364,10,17.440441
biohack44_6067,untested-public,task007,8e0308e58a7da64f203a04e83bc622cfe30b84e06cf914f0feb6c5d4238ced60,1603,13,15.869677
biohack44_6067,untested-public,task008,662af396ddc9ba7a33d3a0179ae26ef1ac06a69bc0c08ef6be718fa379001d10,7667,78,14.933331
biohack44_6067,untested-public,task009,2043f559e1ee947e2533c1ca00c25a699daed5b516d1bb4bf3515822ea52518d,30956,22,13.694825
biohack44_6067,untested-public,task010,a5dd47c7b1bf11a5f9b073d7147d66749b67169969a9eb7befc020d4dc21116f,6061,58,15.983002
biohack44_6067,untested-public,task011,3f64ad20a9feacc16ad2ce2296652dbc2fb5438e444a47af1f885a374cd43046,10170,52,13.898855
biohack44_6067,untested-public,task012,35326b3a2dcb8e024ed7dbf141f6b861694663c1339546fd0adb3ad8e2ff5e77,1948,15,15.448200
biohack44_6067,untested-public,task013,98f0942c7dbfaf541df9396cfbf3af4d1699a7f8bae9f96b9c4541f220eea98f,18384,91,13.331080
biohack44_6067,untested-public,task014,e28a3213b620d4176a84df374d4d3e0661472eef73860cc122acdc5cc4491c50,9683,46,13.760459
biohack44_6067,untested-public,task015,1bdf0a59883c98795d2d54262adc099a55470837e426c2ad60d49f27b069db45,3798,1,18.197605
biohack44_6067,untested-public,task016,fb83a8e988f586009bf17279b7aedb194e3492a8e6f357be6d5e9ed903615733,158,1,22.697415
biohack44_6067,untested-public,task017,4a7ffedcf19a4dc495a515c79b88ca30b9399af74abb9a375da3c3a778336340,8620,67,14.414477
biohack44_6067,untested-public,task018,c2e8e82b394406b4127ebd3b4e74460e0d34b69c8604a6ff6239f9a1608dd4f6,32157,219,11.323875
biohack44_6067,untested-public,task019,eecf7625da383cb85e5c0579fb3b8635767d444eff594d0b30dfd79b2d44ffb1,17887,35,13.165832
biohack44_6067,untested-public,task020,4abb72f71f86d299893dcb1ee3be5937bc57ae169a6d1c33af77157df2be6f0d,31378,245,13.590958
biohack44_6067,untested-public,task021,ad3a9c687f16064647945d87ed6dafabd97fd47d1996f7b05524117c9c9ea6c2,38201,214,13.823947
biohack44_6067,untested-public,task022,fbbcf7777e1f706b0899071564e37bdb5c8b7d7908efc4f47c971a3953e03d07,43895,363,14.287072
biohack44_6067,untested-public,task023,0f6a9c3ad67085ffac0a82c2b4e30d2d36298c7ce4707d57ccce9d4bb9db02f8,19032,373,11.051602
biohack44_6067,untested-public,task024,f8a1d671c3118abe56700d79b82cd03b36acad2b03a5453a7790ca311b792d5d,3233,27,15.886171
biohack44_6067,untested-public,task025,9e4d6da60fa928cc8d4c9096bdcd9cb920e221630bd4f47aae6a336cb6aeb6c8,27832,477,11.682550
biohack44_6067,untested-public,task026,55fef566fec33039e2cd8b0d9c807e31312de241a47ce0510f3f2add6aa3c844,1622,11,17.919974
biohack44_6067,untested-public,task027,cd99565e3aecbf39b54548dda245a23f47f986f704cadf8b4eb1103c2227d324,31135,22,14.063417
biohack44_6067,untested-public,task028,54411158e7a2309911394cbcf02fc6da8f0f7f0698d5b50cfa0c7787a98eea7f,2452,11,15.315291
biohack44_6067,untested-public,task029,25fd930dd65d6c39e3db30c12b581ca4e5dd8c8aea1ce2a272e893b8ea92fac5,13589,88,13.503438
biohack44_6067,untested-public,task030,76e48b2967fe619c83c5b215c89d8aee30008e2d7f263137f5af078b6135d592,9441,56,14.169341
biohack44_6067,untested-public,task031,b90c3fc6af40739352e474797fcd60c161bf6ecf6e4312dd7060ba0ff8383f7a,3417,26,15.164363
biohack44_6067,untested-public,task032,64d66eeaba95588367af53102ecf4fb2ceb4c93327b677f80f1a9591b342f6a5,2347,19,16.867000
biohack44_6067,untested-public,task033,60ab4cceeab38a8952d0157e862ec2f374a51c7d70c00bdecdf9833a703455b5,1510,16,14.081989
biohack44_6067,untested-public,task034,7400b12dcb940f16d35589b5657e932c80b9aa92e8aed8c1f41a38cdff070b08,11293,87,13.421324
biohack44_6067,untested-public,task035,642759a6cd0998d967d7e85356f0cf80fd0c469cf314344c5a9a6ada44a385c9,12869,104,14.410868
biohack44_6067,untested-public,task036,76facc8f1d2b1b6691dc621f3160abfd35d151bfaf74961ef3d21abebefdb575,5866,56,13.710331
biohack44_6067,untested-public,task037,e19669c0dec2c6b73986d1bd07ec5c19bb0bc452edb6cf3d006f85657ae46d12,20424,27,13.937652
biohack44_6067,untested-public,task038,a83d43302a9ef7e5b284cc1e38fc4ce8deedb152481de569220ea69b94855018,2357,16,17.306974
biohack44_6067,untested-public,task039,3bac77b4053405c006f1695572c1a8853909392131b90cc60df799a75bef2677,1913,14,16.034027
biohack44_6067,untested-public,task040,b2981947dbae7b221cfedb86a55a6b82613d48908ff0ba0862ea2e06deb9befb,4104,36,15.688187
biohack44_6067,untested-public,task041,b84ce39398538ef8f1ecee3d2e64c3e0d80db902edf7e23098fcb22c816e3c8d,2228,18,15.299425
biohack44_6067,untested-public,task042,61704243d0814f6344a7541e90aec41f9e115f16368a7d57bc896bc807d12eca,8398,54,14.593648
biohack44_6067,untested-public,task043,16b05e98645b4d8da6cf555ed59cb2165317fe07248f91dd11f6747c0b38c22b,1966,9,16.129477
biohack44_6067,untested-public,task044,d7be538649eb0e8a61367a01fdbdf5446c5aa4d1cbb20ee5b0fd67c3b5abc7c9,148684,1054,10.317262
biohack44_6067,untested-public,task045,43dc4b647f1683ea779fb39571b0cdbbad8fdcfd27c8713aaa44314281d7c131,1438,11,16.040431
biohack44_6067,untested-public,task046,902e4e1129d73fe4576d763127cc56d0574b72b02f96a7f8e1fe84e5f6e0eaf0,8963,70,14.058960
biohack44_6067,untested-public,task047,47a46e508c02fcb38993c9c78919ba4f305ff5f3d9149399dbaf51657f0d10ec,3246,31,16.070697
biohack44_6067,untested-public,task048,d4c7088b8aa6bf4b2b226ce0dacecda44faf247049312f97e6d3e0d87574fa0a,5695,49,15.913976
biohack44_6067,untested-public,task049,a37e8cb1f6134fded24f6bb205efbdfe9c4b4f96f2b9195d9db3108653eadb0c,3516,29,14.613685
biohack44_6067,untested-public,task050,817ceed6eed8f8639a03c7d8fc0b41ca1fc3ca5ef6ff87cb970dba5a510cd4be,2540,19,15.752846
biohack44_6067,untested-public,task051,86c7a1f4a9e1078f7176aac19c741859d1d72d5c8deeca5cd5fea73bfa951c7c,3365,57,13.587204
biohack44_6067,untested-public,task052,a506cc379f43f613ec0879da1737edf134628e2d759c6d40c886ba16e97ef73b,1277,10,17.567516
biohack44_6067,untested-public,task053,11d2a84ba10862f37e4dae8a206314fd4226f70b6f751eed23e52ba32ebde353,175,1,21.598803
biohack44_6067,untested-public,task054,a1deee88360f87a78e08279021fb1a2a3afd6df0f96f60b5624baf5c2760957b,5958,117,12.938624
biohack44_6067,untested-public,task055,194c76a7c1f255cb8d516d9ba1ac658ddc6f99f862956432b21d038cfd5f4c1c,21458,164,14.473627
biohack44_6067,untested-public,task056,2306a2e7b1dd27af9e0ec17099ee8ed0568f6696623537f2599419319f7dd8cd,1515,7,18.672063
biohack44_6067,untested-public,task057,fe71c735896585cb2e65fe6bfc6479a0d1ef8b1f8f2c7b7a1fe27b318ca72304,1880,18,14.246041
biohack44_6067,untested-public,task058,4e55a6bf22945253193de151ca9e08970485d28911fd21ae67ea20e7e71ece72,27439,15,15.310387
biohack44_6067,untested-public,task059,7b3cd67ffb0008721082c7e1497b195b3c91364ade4b206a8aca22caba8fd4c5,12715,20,14.740203
biohack44_6067,untested-public,task060,ea4ad862446e19cbf2b7fecaf9051e6801c47b6c337bfc46e9530eddcebc41e9,3039,16,15.779610
biohack44_6067,untested-public,task061,27289ea0d11a669fe413e1b05826321af3d079ce8a5555fa2610a93704612c2e,17030,9,15.152342
biohack44_6067,untested-public,task062,d57d9a3dc711a3fa8561eb45e9b6fd261c7ab89c7fb30c7fca0080d49013c37c,22124,194,14.231747
biohack44_6067,untested-public,task063,5c8811b2da8473750953376c6dbdd913b50bc29b96f9a16a09cf201df9a483ce,3709,34,14.666940
biohack44_6067,untested-public,task064,58b449d06ee31558e5b72e234bafcedd075ca374d90de0e17b116281716fafd3,5809,48,13.210838
biohack44_6067,untested-public,task065,a191af856b41ba1a6079e9a8dc2ef26069291cfbf182a5623693579f33263b3c,2705,36,14.152315
biohack44_6067,untested-public,task066,b61c747510a726482b9e94d6a1f12568b4252800f11145d34630404f68048d3c,180173,1642,11.878567
biohack44_6067,untested-public,task067,e823d84640b258f8322dde914f6bd992553a53aadd84d4685cd18da5f1be35e9,892,7,19.247427
biohack44_6067,untested-public,task068,fda283a479d2067e6eebc121aa1bc5b50af395b15a844c4a0742f3861f4d58f9,2335,23,15.204599
biohack44_6067,untested-public,task069,fb91d90981c4b2168ade67173f5ea1376db182db9350dbdf930d3cb5026325da,32330,380,13.647595
biohack44_6067,untested-public,task070,c09e95105072fd97b2106ecebc5fdb42c86bd41e9994b310781aa321351ec9d5,11844,71,13.900501
biohack44_6067,untested-public,task071,2d696d39af281a3a0ca1582e413672e8ef38ef9f06d584f19844a45a6e2aa4a2,12082,49,13.226404
biohack44_6067,untested-public,task072,188545c2133e8f311a556d754e465f755bfe94c8c5afb0495df211beb64cec49,1625,9,17.341772
biohack44_6067,untested-public,task073,c974fda7fe3001de4bd2200b9065826ac44cf359fcb1949954b82f28411b5b63,3825,1,18.186555
biohack44_6067,untested-public,task074,8194b1eba8a395566d686766b74869219cdfdaec5105dbad5f36b6ef32435be8,1824,18,15.009189
biohack44_6067,untested-public,task075,e42e990b0d7538c360b7ec46a58a74ddd4c3f1dd5db79365dd85700a10e25015,7736,46,14.128218
biohack44_6067,untested-public,task076,0b9d3cee3bdce3430e4500c3d1c465f9423a7d1e9f4740ae83f38af471cb5b10,38322,262,10.428989
biohack44_6067,untested-public,task077,e9ba6003d604dc8eabe4c1293832b222739a2738c2838b1512ae380d87d398bb,9860,72,12.832912
biohack44_6067,untested-public,task078,1f42d518b8bed0679fb0978abe48fb184ffa7bd3bff6e10ee8bf6312e0d5faba,2588,22,15.335023
biohack44_6067,untested-public,task079,60ad44e5b208b22c2d4a93f322baf5362bf4a0b2cec7283e9db31f1de40a9346,2695,20,14.875251
biohack44_6067,untested-public,task080,da97f63843845f687d92854fc2b1b0498fc0cb2543e1e41022a77c4b3933deab,18484,93,13.047885
biohack44_6067,untested-public,task081,118dc8373587509f07d12aec64778af91edff7253f80e273a30e5863c7b8c91b,3749,35,17.256297
biohack44_6067,untested-public,task082,f5185afcc7d53962b11373341617929555563572d95dba938af0c9e973fee1a1,2282,18,14.347009
biohack44_6067,untested-public,task083,3526144719574eafa02b2d1fa33a4be836ec96c267520ddd982697e447b8bc98,7454,1,17.504458
biohack44_6067,untested-public,task084,5bd28bac4f427d16b03dfcb9d4ae68237ccb4bb720b534e0e14b2768658ee6a0,2820,23,15.121164
biohack44_6067,untested-public,task085,0cf2b40dcd4fe9bb85de2e251fdca74496734e7c804425012cb1c1110d27505c,2547,20,13.363283
biohack44_6067,untested-public,task086,ecd1d0f46753cac80ded0b43582907009763dc5ec56a57e2b0f2f35cb332e53d,4727,41,14.494576
biohack44_6067,untested-public,task087,4e9d18bfbd60be2b9135e2cc459588db6a40bb878e5e16dd89651e3c3eb1cfea,474,2,19.070411
biohack44_6067,untested-public,task088,3d5e5840dfdc9ebffa4cf4bf83a4bfe2d30edac84b88ab71ed3a6686d3987ec3,14980,58,13.468469
biohack44_6067,untested-public,task089,0a479a40d999937f174a12134d5f78bb97ea8a6c108f09e8f44398fe6cbbcd40,17792,181,14.179382
biohack44_6067,untested-public,task090,8032717a5846db3d60ae06a4fa0ff8af92327fd6b6102d39eff9ae246e44816a,19660,246,13.943507
biohack44_6067,untested-public,task091,6c44a2a529dcac845b02796c463d82b35c8cc360fc72fc096564f3beeef63a30,4627,43,14.150760
biohack44_6067,untested-public,task092,31e6aa2df4e75b2376481ad479c8d107cebe1f6701ab925ab0272b482eb2f1a1,4299,42,13.071487
biohack44_6067,untested-public,task093,e59ad71279c74a41dc1674363538a2554d77c37871cae4131daf5319e2a92abf,5415,49,14.234150
biohack44_6067,untested-public,task094,1183a85e05f31b324f96f1ea2bc76659614d9e3e496af6fc026bf70716b2cee9,3767,35,14.217924
biohack44_6067,untested-public,task095,eca4d38cd8606a930a722084789b856626fff5d4938c02546296c7f3cca109cf,3950,1,18.186555
biohack44_6067,untested-public,task096,4ec21c61456f9c3f3be6c0b20aeec14ab1cdcad237426c7c44fb256d35d77703,64252,480,11.918302
biohack44_6067,untested-public,task097,f0d0ab9a04954377879cace70b48610fc891b8e6d5d68ee0d372dd78fe3f2268,2494,11,13.853482
biohack44_6067,untested-public,task098,8fff41bf99869a80261fa1ec8461431ffa90e7a616d10c1582642af88b241cde,3836,1,18.186555
biohack44_6067,untested-public,task099,1e320d88cf0eac19c3c20b9c005a4be28ac50d4bf0a39015404f9deb22a0c31e,19839,1,16.500971
biohack44_6067,untested-public,task100,c815d3a42090024e57143982ac6320779019d7524c630a2c9f175975e6254567,4954,28,16.135536
biohack44_6067,untested-public,task101,5add58b8bc1d0b54e19ac2a7ba0dbc9eea3fd8d8e3f32405ad36b69f8c376d87,39301,206,10.951880
biohack44_6067,untested-public,task102,dd69f7cd8bc2d432b0b3d6b3b203acc186d9c66e559fc13f5bb370ada17acede,22167,149,14.292473
biohack44_6067,untested-public,task103,a435ed4772dd20318e7b75afa8fff92d3767167fc6100cb5e69d673cd782ac5b,1669,11,19.372379
biohack44_6067,untested-public,task104,33a343ec43a261d2e8d551e9e29fea0ff5d46927927aad4c34f9797225cd0556,6350,20,16.238763
biohack44_6067,untested-public,task105,87b8eaf3ff5a294ef03d408dd6cbe46010df8557a3d774b1e98c171c7f5afe4a,35291,50,14.155880
biohack44_6067,untested-public,task106,9b54191da37371effdb80aaca05a4cddbabc19d25cbc1ebceae1d85a897c6698,2939,13,17.940382
biohack44_6067,untested-public,task107,486d43b947a10c096cd5abb2121faf5664c1d92f9d0196957cff677676caa5cf,31191,52,13.799992
biohack44_6067,untested-public,task108,825c078fdd5cf248ddfcf1d91c57c125e6e2213304022e67810f2d3aaee2922c,7454,1,17.504458
biohack44_6067,untested-public,task109,b743a1e192a39c2d75aaf83cb75d56b809c2988910d9340cb23a699063ea121c,5491,39,13.539347
biohack44_6067,untested-public,task110,3c6a969967d00d5933bfc76224740332ab35c72aaf1647b7a2ff532e3c71cf91,21494,163,13.329165
biohack44_6067,untested-public,task111,294fe9b217bc48010d14839504c2d05f18c01b58a15ebe4d22e87994c1923f81,1457,10,16.581081
biohack44_6067,untested-public,task112,1d441249f879b3f5928f749a2a438d0692e24020136550558befd15da00654c1,3987,44,14.002076
biohack44_6067,untested-public,task113,356a5f1e2200cf2560f6c836ce7d21eca6b6cad9e68015c2ae31639613ef9b09,499,1,21.598803
biohack44_6067,untested-public,task114,7d1973d605273db25b979fc20a63bacd338098bf8f239bc90618b4b89dd1baa4,4719,26,17.865906
biohack44_6067,untested-public,task115,fef642f35c49927e9440865ae0761f3f9ecb7d9bb8a03f2a5109e91a82deb620,5069,34,16.675906
biohack44_6067,untested-public,task116,3f87aab73b8c538752ffb070a34dd07ef95ccba2d299bd7526da67fcf956e1e5,479,1,21.598803
biohack44_6067,untested-public,task117,cc092c99c5d1ca90b9c8ad990776d8c91be3fefbca4ecf2e53e7e904602f636f,8262,74,15.169998
biohack44_6067,untested-public,task118,1aaef29cf60045a9f72946d576d30f34d853fb2752c2ec6f613013baf6ebea34,160396,1163,10.416339
biohack44_6067,untested-public,task119,afa30c6fc964d8a93392c6b8b9865d1ca2f73c682e977c50e35e0e3d800e9ab1,25915,165,14.224215
biohack44_6067,untested-public,task120,13dafeb021b56dac928f38d32b4a0b841fcf481296ab752c9ac203fa425e1acc,3836,1,18.186555
biohack44_6067,untested-public,task121,03880dc2a72d6781722a53ffad4b506867ebd9f9c0a7faae3760807eabe67856,3339,24,16.215838
biohack44_6067,untested-public,task122,d932a3ac54fb54cc09d9cdbaab21ba4e9165ed9a6a8e01b9e0c49fb972269b75,10236,1,17.171962
biohack44_6067,untested-public,task123,7a75e42172279efb638134db39ee0339cb6fe0d99590c0e86c1ad8f17ad3f8ab,8997,13,16.630379
biohack44_6067,untested-public,task124,f5ddbec920cb586ce09ab817a1eac51a16a213e64d1c00be161cc1047e74bc63,4339,51,15.358722
biohack44_6067,untested-public,task125,20f2c3e90cfb5afe5ac7e795a1cf906ce67453cb55deb5cbcc51275aea5fc7e8,3032,28,15.495722
biohack44_6067,untested-public,task126,b86dafbc68af0e5b698f0241dd534874e44ffd9dfca8bac7b89280a3534f3824,2765,29,13.636840
biohack44_6067,untested-public,task127,81f551a5b779e861ce371fdc4697595db753242954a60c50a3ac8e3108937d97,3772,1,18.197605
biohack44_6067,untested-public,task128,5224331b88562c8c5864a82ed28442ed1a8c17321e5852eb0c193b0a8eabe7e5,3365,28,13.537926
biohack44_6067,untested-public,task129,bc11e9e80b9128561b6e14a4908c76853c1496104b6103d675d166b25e9f3a67,726,7,18.258299
biohack44_6067,untested-public,task130,129e8e94901df68286dc85134b4be5ba1daa1437df26f1eb430b9272e7f77471,1293,10,15.322911
biohack44_6067,untested-public,task131,d0d26239641dc4c3252e3188ae42690c167800d860ffa9b75d9165a9aec0c31d,12030,100,13.949586
biohack44_6067,untested-public,task132,8e5ad5fe50f8836d322e025383ef96da6495a2be15418b5a9977f057f895f669,3762,36,14.392475
biohack44_6067,untested-public,task133,6ccb57c3810dc0c3b6f064c5e119e90c2385d4820e00ac2839ca00b113ab2b02,193328,369,8.972573
biohack44_6067,untested-public,task134,d2d0cfea388f5f59b5c0ed3e15c26ceb745abfdb2537457be6932faef6736343,7220,68,15.259208
biohack44_6067,untested-public,task135,a5ba0a9dc839a73fc24585aab0bb1e97cccd5531fb28b98b77e91a17e7701ecc,381,2,19.097367
biohack44_6067,untested-public,task136,81a30d213d1a7c144a36c14c0b417c48420d2861e5364eb2971ebf9f1a215ef5,4980,31,15.178102
biohack44_6067,untested-public,task137,ef031cef24d9c3cbefd960f1b4194426dfaca31af36b0b1f7efef5d288784706,3864,36,13.808906
biohack44_6067,untested-public,task138,955dbb96bc55cace778678f56c5bd88133614ec7110a51346c1a0dc4a1db6f1b,11562,143,12.804160
biohack44_6067,untested-public,task139,e3e6133e136fc342560390d22bb08861dc290ef6c9f64e8854070984d4a5946f,3865,33,16.803012
biohack44_6067,untested-public,task140,4e9d18bfbd60be2b9135e2cc459588db6a40bb878e5e16dd89651e3c3eb1cfea,474,2,19.070411
biohack44_6067,untested-public,task141,419409ee1ef9989b22aaba718cfe107b9d915bb476e1f4edee982507a294cede,2345,21,15.331033
biohack44_6067,untested-public,task142,b525fbe662a950ccba343052e36da4678bbd57b9039d4f6c5a15f3c0a16fd54a,7454,1,17.504458
biohack44_6067,untested-public,task143,a7806b205f75c1a19ea4f0096b31a078910e7c8146b42996f8e3107b639d23a4,2690,21,14.960017
biohack44_6067,untested-public,task144,e615d869e7b75b731a1e7c794f3e098932d43c523a514fc2aac85938a76e1624,1639,11,17.856382
biohack44_6067,untested-public,task145,22681d1e38fd9b4a50619a4900134ac568081a0007d313598a2d4a001a12a65b,31434,325,13.796907
biohack44_6067,untested-public,task146,773d61ca46def6d1e9fdb7916c51a9f5e99a5d39640f394231b2b05a400c4a31,1894,29,17.278651
biohack44_6067,untested-public,task147,e65dc2d49c2dd32775575699e73cb1ad0aca1fcca0a87fcec26127b52f631670,3825,1,18.186555
biohack44_6067,untested-public,task148,83bc09dcaea8524df3a4528943965a79d9f6165f72790b1291c63eb4f5449483,10573,107,14.515722
biohack44_6067,untested-public,task149,3137da6fb944a3bb6e03884efc695345a045254de6a366510505b2221d175600,1404,13,16.455386
biohack44_6067,untested-public,task150,3713f1d83dec814704bf447a95675df2a099ed0116a1be5d03b609fc83e50b42,1031,11,18.018994
biohack44_6067,untested-public,task151,5cde735eb19c85dcdb2899bbfbebf957214f3c4a0c1820cb4b3ad058cccdc80e,2352,20,14.951330
biohack44_6067,untested-public,task152,b525fbe662a950ccba343052e36da4678bbd57b9039d4f6c5a15f3c0a16fd54a,7454,1,17.504458
biohack44_6067,untested-public,task153,b2307be1bc7eb9a0e15efefc5438f1cda22102d49135eeb5bf029b59db2730bf,862351,14744,10.813646
biohack44_6067,untested-public,task154,66ed2e989741caccf6050c686c1b3ccead07520b29e41387dd38162f414f88d3,7650,43,13.783461
biohack44_6067,untested-public,task155,9b6ad9025b9983cfb5b2e6d5ca817b0bca8bc489a2732e0124c593e0cded9133,1031,11,18.018994
biohack44_6067,untested-public,task156,a2199d5eb0ddac7b8e6a9033237344fd4a49b753468f540a858bc71477d10422,7856,65,14.012980
biohack44_6067,untested-public,task157,57d3ee8bf81ce7d8c5d1f382d7e1e46e9e587086b75c2017436ebf983c8a3049,836955,433,9.142390
biohack44_6067,untested-public,task158,51250d4659b6adf3ed9033dc91aecebc13a0f64c0c1d3305da4d3955b4bf1d33,95337,822,9.302832
biohack44_6067,untested-public,task159,93239bd39db8bb07ffc4f354ca7b43656c78ca03e18c9ca72a30ccb093e2eb5a,12966,57,13.597995
biohack44_6067,untested-public,task160,9a5ca01cfdb71205d7886901a06b8e606aae15f8772a4704eb269d4e8192dc26,2362,18,15.453545
biohack44_6067,untested-public,task161,33351d8f1ca150a9d7b225d7ab8e9e8f60171b01fac54fdcb143882ed0fec502,6008,51,13.174397
biohack44_6067,untested-public,task162,29467827e023a09da29f2c6bcf10d77d7bff035e613d5615f27d623e6f2f3224,2268,19,13.944502
biohack44_6067,untested-public,task163,3eb225bad21f34daca455495c894a722c9727d52301e14c4051410d35d644a91,13875,66,14.537497
biohack44_6067,untested-public,task164,250771b94d3db4658d4ac04e3bd9a0740f2af0f3aba0bb9b5df4d6181bb470d4,479,1,21.598803
biohack44_6067,untested-public,task165,84191da6721ff334125fd7fa8616eb9122ba801b8e467d4f0bac42cdd367fab2,4910,25,13.879762
biohack44_6067,untested-public,task166,bb71f3b3d956f668ce203feb385d0a702c31c6bd17cc17e213e3889db57d510e,1628,10,14.569981
biohack44_6067,untested-public,task167,7205b15363f53274f9987b481f736b594008071406a8a8644556e6d42336b88b,2375,8,18.294361
biohack44_6067,untested-public,task168,10661d21c26bf5ff68d448b007b0212c34cb45503fb906d999fa4a13c3626ac4,7297,44,14.628981
biohack44_6067,untested-public,task169,5deeade9207e54562ae10adac28158f0049087357abb124dee01d6d54f76463d,23816,179,14.022483
biohack44_6067,untested-public,task170,9f919ea1d3fae6c43dfb70c30fe5ce04e453a44324f39755cb00850f150578bb,64849,681,13.683941
biohack44_6067,untested-public,task171,c0dccfce69e87e53b68a617cc0ce6da5c9659180ce2acc2a46007c9915c524cb,3825,1,18.186555
biohack44_6067,untested-public,task172,aa923630b6479cf1a1f5e7b7bfe2e4947e1c8ba8edba4f31d250b0b2f0c98dde,479,1,21.598803
biohack44_6067,untested-public,task173,a0299600440d0a79709022f1953af8a56eda11e1855cebe4f865b5a0de0e5a2d,10108,69,12.891033
biohack44_6067,untested-public,task174,a6f543067be128376f67b828b67c2b02a893fd3d4b5341054c090b91d89ec12d,61839,790,14.120087
biohack44_6067,untested-public,task175,122ea790475d4eff4e80ecb7e852b399bc96924472e212c8019c1c4161c11baa,12412,22,13.348835
biohack44_6067,untested-public,task176,757c42a63bdd123372b7b8ac3de694e64df328a279914d385e15c5746b274cb9,1420,6,15.818059
biohack44_6067,untested-public,task177,cdcbf832519bece9b4bc7966b23d1dba298385f8a602e49475b595b22b33b001,4180,37,13.778698
biohack44_6067,untested-public,task178,2efa4e0be0f029b9cfc6cd8f58f215c38a5b6839ceed8e44d6c0ee2c39d579ab,11303,123,14.407499
biohack44_6067,untested-public,task179,bde695a21a93b9e2084a9b7e8a8bee5f2cdc694baa71a12d1c34ae921a89cb87,170,1,25.000000
biohack44_6067,untested-public,task180,2de5119963dd1a2c303ea79c0f562f2040d904a9a254cb3fe450ae080279da87,4414,5,15.910924
biohack44_6067,untested-public,task181,d5e423513a6d975dcf970b7fa00306491312801ed8b9c3232bddaa05e5217ae9,3083,21,17.914936
biohack44_6067,untested-public,task182,60cb00d6415f1155bbc14c47d411fb7490e91a2ddb2b03ae8f6c9616cbf0363b,71393,512,11.500371
biohack44_6067,untested-public,task183,304fd9d6c78ea14e6b21f5a8929aec65dc8582e0ed5300bcfe6c020cd031d4c2,4645,55,14.878261
biohack44_6067,untested-public,task184,d104af166e5c9363a02c3f7e6ed8251c41e1d392701919524a25fceb6aeb384c,6934,51,14.147484
biohack44_6067,untested-public,task185,758a09feff24e05f872299153e3728ba75bd0bbd8c3b14ae20c5e6b4faef7df4,18881,242,13.763645
biohack44_6067,untested-public,task186,e08e25bcc7a87cfdcb14c47188efdde385ff6605c966217b934a67aa0589a797,2418,6,18.317891
biohack44_6067,untested-public,task187,2975071ab48a9883483483822c3d24affcd8bb30d824d97f87c1af47cc9bafff,8852,87,13.409993
biohack44_6067,untested-public,task188,b48429ec56843515f15fb784b0246488517e52cca244ecee0a432bfdacfcdec0,4356,41,15.692533
biohack44_6067,untested-public,task189,fc979831b169f556d8d807bbdbd1958adeadff21a63e0ae51d203717a20273ed,8560,86,14.256239
biohack44_6067,untested-public,task190,0a31ba38881a6fc4af83224d1aa59f0a876aea5808f55f95707b8c5975ac4c06,8781,63,15.675974
biohack44_6067,untested-public,task191,722fceefad049740b7a3b638af371d10833bb0b00cb64f67dbf001e897cc69dd,8552,211,13.211141
biohack44_6067,untested-public,task192,b33d9d2c7a44e0ccefa26f20c6eb211ff45cdba6b7ca7a38c8fd674ddc5062b7,2511,21,14.093402
biohack44_6067,untested-public,task193,1184ed012012ee9bc87677fea86382acea9bc6b8979f087a5b3500492d6138dd,1925,14,14.109558
biohack44_6067,untested-public,task194,5a188032e9933c63bea9816c0846001d769eb356d00653af9e5e766ff62bb53b,7454,1,17.504458
biohack44_6067,untested-public,task195,ba4b722b42ea9bdbffbe4fcf38c90d387045eee91e245e77f502c246c158e0dd,5381,33,15.436963
biohack44_6067,untested-public,task196,88e7b78d4c040a3e5555fce0c21fc2f7d85b4493a83e388036fd089f020c5ef3,3457,30,14.299185
biohack44_6067,untested-public,task197,6f310a26322f51f58ad753217ad0cb07be255666584e0b9f608d8c96e911259b,1758,17,13.912793
biohack44_6067,untested-public,task198,a1cd099e3d965fb4506eded8d4bde77ea202357df70e9212b36911ca002c8cb1,6979,51,13.449576
biohack44_6067,untested-public,task199,7f8ae82add1995ce631f2596ebf18e50b694cb8ec8d56a776cb6b1f393d891fa,2948,22,15.309891
biohack44_6067,untested-public,task200,cab24dddfa42b318ed35de813b5b280eac960c41246c83d62e3fc9b5620f0ca0,2480,38,15.648421
biohack44_6067,untested-public,task201,45f10ca88d12df7175c80895aca63ccdf595c12c3c580a4581c0a70fa6eb8d06,10924,135,13.554497
biohack44_6067,untested-public,task202,548ea01a96ba723d596f57386963dc208eac1c74ee9c8ad978597704d8065f5d,3582,31,13.258188
biohack44_6067,untested-public,task203,934167d7108d311321e5ae31de256c5ed18dd19290cc3cea7456337d8f1a1d04,6437,36,13.602194
biohack44_6067,untested-public,task204,cad963a824115329ec273056b603c55f1c9362d1742f9eb11a785ab514697b7e,5801,71,12.359395
biohack44_6067,untested-public,task205,2ae3d15fa32ae7527a877d4a78e84590b2f5eb083cffb480c1bb4e65ec727478,48510,671,12.284352
biohack44_6067,untested-public,task206,a9a48933d73ab0ca96c39812eaf2d7cc02be75d240f640166a9e5b4a88f1a1ea,20303,224,13.895344
biohack44_6067,untested-public,task207,8cb6ddf4039b0c5d6313a9f40608f99cdbba78cd975fd42f6f501a67c8a3c933,2330,21,17.222207
biohack44_6067,untested-public,task208,5d341124008dfd310bc5a123793ff6f9beaeead1fd98692f86f798a8f1e3f4a1,15885,196,13.566031
biohack44_6067,untested-public,task209,7df7f406b135e3c71aa232a8ceaa040a05b80398d71b5a73d3d918b92561e534,349736,4286,10.150520
biohack44_6067,untested-public,task210,aa923630b6479cf1a1f5e7b7bfe2e4947e1c8ba8edba4f31d250b0b2f0c98dde,479,1,21.598803
biohack44_6067,untested-public,task211,3c58a51ab06ee25bf3c54539284f6def4bc6e10c364246d45f5533df0905fd17,7454,1,17.504458
biohack44_6067,untested-public,task212,e0311574c6c6586444723f216d16eb35cfad0522511fec1fda4498c410113b3d,6853,50,15.309025
biohack44_6067,untested-public,task213,bea0e13014694681f4277e3fb242b16729cd609cd076e31b8eba6201f2c78841,25091,385,14.132022
biohack44_6067,untested-public,task214,476030b9c3c916862c896b22ae9f1ee46d6bedd703bd39deeb4fe1a9a7cf6c54,7454,1,17.504458
biohack44_6067,untested-public,task215,a823981941d8f498cb8e0826b2e4700d851544d06b11b1f732d9b1411edcd3de,4015,38,14.181362
biohack44_6067,untested-public,task216,8736d30a18de065d1250ea21affacb0eccba6097e3139d7e8ebfee451365a4d4,11049,276,13.449663
biohack44_6067,untested-public,task217,58f2ed503258d9c007e4e93b086250cd0e66b2871fbc7602a1fa7d6869dadd1e,7268,34,13.747647
biohack44_6067,untested-public,task218,14bb6c5e5fa3712e4f556142985fa03de40ba2accd475bb596ee538d3c10c60e,9594,137,14.948006
biohack44_6067,untested-public,task219,f042340d7b269af4b35437a41d3094074b91fd8778477f3b3fcd20966a535f12,87016,532,8.421777
biohack44_6067,untested-public,task220,924ca3ff6b3c2190ebdd92b73e0c33ac441a7e64b5924bb34b2faa596a40dd55,3798,1,18.197605
biohack44_6067,untested-public,task221,fc40a9c864b222aaeab1d16ab69b17f524fd95dc657baa701b144f4288e5bcb5,13333,28,14.069235
biohack44_6067,untested-public,task222,f82b35de1de8377a5dd17f94de623872a1021443ff972be6e0765c6d21c5595a,2578,21,14.031198
biohack44_6067,untested-public,task223,51cd95a032c661ce28fa653ad0e727fb33cf6a709a5747e02a8ab323190ae968,7454,1,17.504458
biohack44_6067,untested-public,task224,1618c4868a39993d5318e610ce888f4b46394aa114feb2e20618a9034a6e1e50,6314,54,13.843921
biohack44_6067,untested-public,task225,feb56d8f1c720012318ee348511e98aaff19c284a140f7de45fa6c3503d713ae,5386,31,15.148227
biohack44_6067,untested-public,task226,011547c7c4fba33dd6a9bb00f3695fe5d493c03cb376a25175f0e57b4934af4c,4694,37,15.874455
biohack44_6067,untested-public,task227,cf6f7c36c8f667cf326367ed494b71cee047311e9c84a08efac3bd0f846d0363,1435,12,16.838625
biohack44_6067,untested-public,task228,b10ad9d1da09a0132a90affd556d138ae9c203e734709b8b4c64054e52e480c6,4406,59,14.373952
biohack44_6067,untested-public,task229,a3200ca8c2d6a3398ab0c6b8816f2846845377b8b542e3e5ce44e3493e76b6fa,1735,13,17.386675
biohack44_6067,untested-public,task230,1444325f9990947c4e2b6bd66f2ce611d8efc4be97b595c4bf2ad63e9e166ad0,3798,1,18.197605
biohack44_6067,untested-public,task231,6c022eb9496c0144963923d81b389ed748d24bf4115e6d8ce753bd1bb58ea3f9,3468,42,14.347741
biohack44_6067,untested-public,task232,cb69a041f629158a4782d801f36c826d6e76433fe59846f726270dac46923946,2435,27,14.367009
biohack44_6067,untested-public,task233,77e2fe38c06bda64726f6dceaa1a440d860af0382a28d6b6a70c1da005337fe7,924434,1372,9.595888
biohack44_6067,untested-public,task234,f1bed9c14a107314718a6a2c2d272373b791ed46a99cd3e21b405ee8bee98776,8333,96,13.151045
biohack44_6067,untested-public,task235,a1bf6e5bb8b79a4f92a3fc58a545e6df73dbaf0282e6e379a533855766a06f8c,3931,32,17.430588
biohack44_6067,untested-public,task236,7f166f01eb2cf5e98be10a109467f99606fa9e5b533bf2bf8f34a298dad06666,1511,9,17.962972
biohack44_6067,untested-public,task237,6be29b90d62d7a882838b1f290182dcfab7283351c790750f5018e02cda045cc,2237,23,15.003204
biohack44_6067,untested-public,task238,3208dbc8cec5a6a6874fb45bdf74920c0447b6b2745454a2ca76efdd5aa83d45,11927,102,13.927566
biohack44_6067,untested-public,task239,2abd421624d88b12e8a63904b214d06678543cf0231b040cc10fec704aac503f,4143,33,13.525015
biohack44_6067,untested-public,task240,faa91380b9775a3eed48bdcfe401ad8e5d1b5e2dc62a2dcb17feeafe00f6a1ce,3953,28,13.893630
biohack44_6067,untested-public,task241,bde695a21a93b9e2084a9b7e8a8bee5f2cdc694baa71a12d1c34ae921a89cb87,170,1,25.000000
biohack44_6067,untested-public,task242,d7384fd7ba8ec4129d2616b9748fc5716d95db369aebf7d01b274b6d16dd0517,2031,16,14.896433
biohack44_6067,untested-public,task243,2488c352a6479e927453d94fefed4212acac709e240b31742af8b4f4dbcf3299,23604,437,10.967016
biohack44_6067,untested-public,task244,c6ea97ebaf15343165f200b1115282ed7736fc6b68fca0f3771d0f67cb4304e5,6538,66,14.607197
biohack44_6067,untested-public,task245,d04e7eade65728852787ce1f17fd87271f8553f9adab1f0859000bf44a750b54,6141,47,13.600680
biohack44_6067,untested-public,task246,379b5a73e3dee6f56eedab3ab0bd0ed8414179c6e7ae1edd0a948060d6401309,3824,31,15.497662
biohack44_6067,untested-public,task247,19562cb18f62167e2ce8c355377d9b1a3136c17fb7116b8c9110b15d4734e4dc,2056,25,14.993279
biohack44_6067,untested-public,task248,1cc5ba184903e8307ed5ba4d36263e3487d7beec6142f401fc6d0424e70f1e18,2328,23,16.120945
biohack44_6067,untested-public,task249,a59e4c09e5d3e602f7ca21839c22449d6075728887f1641219db927833c1f7e2,2901,17,15.462300
biohack44_6067,untested-public,task250,db7b6112f672f2a70588e91f451c893bc7b1ecec188c8c984be8cff297851bfb,13543,127,15.280375
biohack44_6067,untested-public,task251,054a1310978ea762a181de2ac68b1c10e5d9e706e70a593b68af3d1f26ff74b3,6906,53,13.472393
biohack44_6067,untested-public,task252,20bbdff14100a78ff5ba0ae2d08e7e82af19b2832308a8a739256b3f3416c6a7,4879,27,14.401218
biohack44_6067,untested-public,task253,2538ea53b1aad1e6365055ee14f48dccb49ef632cce416086075b33d42366bad,3510,17,14.215455
biohack44_6067,untested-public,task254,a723230701ba601d3d39bcceb6c41545ed7dcecec7d640d794a6d298303c6654,6052,39,15.865030
biohack44_6067,untested-public,task255,58b21c8abf7dcaace19d54b3bde4968ae7c351b29ec0b4cb36b910f03be3a0af,106804,851,7.414992
biohack44_6067,untested-public,task256,d0cabd95c8b29764920aaddbda780fb79edd4934fd0149ae2f4085d6a62e5025,8793,38,14.816270
biohack44_6067,untested-public,task257,1ba5d2b1f3d209e5deac17cc33773a38e6e8595872daef742a965a2ebd3fb42a,1669,16,17.629140
biohack44_6067,untested-public,task258,e5948973e4d14232b7cb957f26c0487779f6c8b9e06e32151b75a5a21ad5e5db,3836,1,18.186555
biohack44_6067,untested-public,task259,27456ae69408af22c00268a792cbad0f23c2f425a2c4e88336920536b67e0cea,3882,30,16.162900
biohack44_6067,untested-public,task260,21c776e8235ed69d82386e0937fe02a8389a6b09a67bf7b25cd35601008d0ac1,3320,26,15.377285
biohack44_6067,untested-public,task261,6104690685d52f02ca149095658b51c2d448d252f763922efdb0fd69749b630f,995,1,19.701683
biohack44_6067,untested-public,task262,c4714ec84de4fa51ba3751b69dbf34ecf5bdaeb8026531c6a3a6a7fc3e22e9d9,1329,8,16.086315
biohack44_6067,untested-public,task263,1b8a040360232f6944fa110231b6a00266523ac9e4cb025a05f8dc5fdbd23da1,10867,140,15.981062
biohack44_6067,untested-public,task264,01ac406f30f0ffced1625ed8050b91086a8967573523be0ac1583a6eef0e4dbb,10074,115,13.154639
biohack44_6067,untested-public,task265,e44b248f5902d3d38b34e32679474cc70b8ee0d23a58ae93c6e8658e0375fc5d,3110,32,14.408076
biohack44_6067,untested-public,task266,491258de81aba00b6aa06f223356e30346665751690278693288e858450c8563,3825,1,18.186555
biohack44_6067,untested-public,task267,113d59485d86985da7c1868b94bb67ea6a875028052ec201a4caadfae6090112,1624,9,17.718614
biohack44_6067,untested-public,task268,0eaf42695ba70b84bba537b2bdc0424a1e075d68e473c6c823414474dde4258f,19789,169,14.878381
biohack44_6067,untested-public,task269,e4547b23d6bbfd6c875df4ade60468159cc1858d2504b6f84c083df9f49080e5,3349,29,15.407122
biohack44_6067,untested-public,task270,de4452f5ceb78efb5ed81c15ccd96957c4aebe7e91c0419c5f82fd254e1c63f3,10862,56,14.235417
biohack44_6067,untested-public,task271,1d303e94d417fc4786c4e80dee5be764e57f981905d0bf8f5e5fdf48595b19ed,1993,22,14.725259
biohack44_6067,untested-public,task272,bb44a1717b5f9b6f1cd8f6bdd32aa6a40d88b17db3e200a8cb6f7806bb2c658d,3825,1,18.186555
biohack44_6067,untested-public,task273,ef481d8f02832385edb2ae3838215e1c01c80ebc407639a5d04a17ab09227a4e,2414,22,16.294338
biohack44_6067,untested-public,task274,16c49e95823e84f06ed23b008793cf2734b79a98dc2eec7948735d763d5ec465,3619,16,15.921935
biohack44_6067,untested-public,task275,b05c9d902d60b5e03aa3436e187c874a4948bffc12b2ce6c86fd8ed957970680,24193,253,13.662810
biohack44_6067,untested-public,task276,2a3e881ae92099c36f1955bdf96ca1e9f77a4ef3d1d3eb58c63eccc80a655c7e,217,1,22.697415
biohack44_6067,untested-public,task277,4ba10094ab644bd00a43848daa3b3e1e84dcbc3bcdaf9f967e3ab47aa7866295,7325,56,13.300910
biohack44_6067,untested-public,task278,33724e4205ac1b5cd67dff8fb471583b1e478ffda0887f7ddde257b2b5fed045,3294,14,14.414249
biohack44_6067,untested-public,task279,0cc3ec0ebbbf1322a18ede62c2d99f42f05048f3ac7f437ea5234eea0b28c4db,4658,41,14.171024
biohack44_6067,untested-public,task280,82b670978372ce1c23e03297fac4c9a8b660a0ab794420b6151459faffdbd466,16655,138,13.156003
biohack44_6067,untested-public,task281,ca2a1537dd3fbe42f2138c372b482af55ba9bacf05230c700a13f8ac7caf45df,7659,64,13.597168
biohack44_6067,untested-public,task282,3b69ffb73c79f09e8523073931061610e74b3e0d32534378317960c9557acd0d,3798,1,18.197605
biohack44_6067,untested-public,task283,b0e2a1e5a77dc63e5c2faa69d44120f7fe0e8773160760e68b7f5912591f4c60,3825,1,18.186555
biohack44_6067,untested-public,task284,a6639b3a490354a06dabea1ba3e40cadff156bc3590372d54d12d7b22cc4b80f,30975,145,13.304486
biohack44_6067,untested-public,task285,857f981fadd16f6199507201e13d219f30bd50318389d18689b4e439d85ed7e1,42561,473,5.984811
biohack44_6067,untested-public,task286,452c89917bd81728f5db1bd4efb133d57ea0ad7603343cb823fc1e7402cf8b6e,13714,168,12.965719
biohack44_6067,untested-public,task287,597d6d8d9fb465183a384f7f4a71596b1a35c46163dc529eadb64646cf3c0ebd,1706,22,14.975756
biohack44_6067,untested-public,task288,2ef01939d8fb465f7d079f337f55c77fe2c332eeb2f01b47e5759981f01b1175,7847,52,14.200567
biohack44_6067,untested-public,task289,ddcdd8e5f14fe99b7c79bba1087ff0af80515de9b95497fc7d86edae3f7b4dc4,2883,26,14.634856
biohack44_6067,untested-public,task290,4b741031cf43c0c6b363ab3c98f7017cd73aa098b5e38c15b5799f2fcc7eb008,42089,87,13.384049
biohack44_6067,untested-public,task291,f97257c9bae5cbdf0614cf4f6d0aeda2c0db164b44f4861fc829c00eae636b67,6009,22,16.627370
biohack44_6067,untested-public,task292,6c7d97812715e7fabefd85ae7cd7069c242c3fece1fced47e289ef103c53a575,1411,6,16.040046
biohack44_6067,untested-public,task293,b05ff58c4666c1ec2d35a77dffb3d72b56acaf5e80f36e88f0162019592c30fa,9897,52,14.862033
biohack44_6067,untested-public,task294,247179b0cb2fab9e792e9f91da564f6ee1f8d4059046fabd7bfd7e7d3d010cd9,3825,1,18.186555
biohack44_6067,untested-public,task295,18acddbc84d5c34f0a238bc7700ab1ab9a2519dec5529953f3e4eeff4bd2a81a,2771,22,14.967767
biohack44_6067,untested-public,task296,4306af04547e103c395a41f15f7829592897a368a36d02047b54c256c5e54b13,2843,10,16.677606
biohack44_6067,untested-public,task297,84a915b108087e38d36525c2487e726db27d66f1355e7fefc1c86991d8540231,2778,31,15.683859
biohack44_6067,untested-public,task298,5cb2c2997afb77da1e33a268d22b34b95cd5918413cf91668da1aa33f5b411b4,5059,31,14.958143
biohack44_6067,untested-public,task299,dee7954386eec83e61b74e30694b2d391a4dc0610602a58dd1b37dcc92fb028b,1980,19,17.107174
biohack44_6067,untested-public,task300,e81ff2bf51d9621b8df8ff754c0d4ff4270d17f336e625bedb5fba417a57b7e6,4688,43,13.741000
biohack44_6067,untested-public,task301,c357cffb53af50fbb98afd92b23a775df240360879f6b64a5ffd04e72b6f341f,19240,48,13.626900
biohack44_6067,untested-public,task302,fb204bc9f9d25c8f4c397f5e41b193f456dc99771a0ee1c9ece3c7000233bfa7,3609,33,14.730863
biohack44_6067,untested-public,task303,f1388ccd300d0326ef77e32e80a1bdcb15c39bd24649153f5208eb8cc0962cc6,2084,8,13.701382
biohack44_6067,untested-public,task304,da36b408e1af537d161fbb14dbba577380417c72233e4a1458970d507c43ae7d,2136,17,15.413006
biohack44_6067,untested-public,task305,9f735899c445d2de0753685201dbbaa448ff1306c5f52d568270b4588d8e242d,1865,6,16.718023
biohack44_6067,untested-public,task306,c582bc8db47af47753833747cdd64182a67cbb33077caf0099c0feedf81c0b41,4101,33,13.494673
biohack44_6067,untested-public,task307,badc5326d1acd892c77212fc876a3f3192e5b67a9806ab111d1e9589eff70706,7454,1,17.504458
biohack44_6067,untested-public,task308,4e29d8af281a2ed570ccd3f03a786e0e94f4a0cd651cb677e9955d522f712ae1,6118,59,14.148646
biohack44_6067,untested-public,task309,c47b834e65872a11ec0cda3c8246948b8365f81f916610b49ed07267815733d9,217,1,22.697415
biohack44_6067,untested-public,task310,8ba42d4bf0a654f913a7bee8772a22258fedd188475ce77c77e8bba0fee69bdb,5449,44,14.016845
biohack44_6067,untested-public,task311,250771b94d3db4658d4ac04e3bd9a0740f2af0f3aba0bb9b5df4d6181bb470d4,479,1,21.598803
biohack44_6067,untested-public,task312,5f8662413159b881c8dff97e5c51ca63270ea3b1609d0f333539af73166348ff,1202,8,15.791762
biohack44_6067,untested-public,task313,53e2ab0be4c673d804678ddf2f3818527eef5ba1762619d1b41891c5c71ffc0c,39887,34,13.655115
biohack44_6067,untested-public,task314,c5e30ef3e59d2973ed66b4202d3784913f7d6936ce28ce71437eb9d398cfc298,28414,218,15.616547
biohack44_6067,untested-public,task315,1bf0b18c996602619e9fd51d9c5b13d00e57feaab87cc78fd43463a38ba05c04,1520,10,15.469099
biohack44_6067,untested-public,task316,0b697272db5461192d00f8168c702d2dde635fe5bebc4fe3b7506a820ca9150f,5537,49,14.150469
biohack44_6067,untested-public,task317,54ad9bc9831f0f3a781e65116809c2c60f3246bbdc84fc6c0fa8064fecb5d8c5,3798,1,18.197605
biohack44_6067,untested-public,task318,8a6d9a5329cb6796da0fa92ad568b2b6d4486946f9e8ba759321818a4ca8144c,1569,10,17.908258
biohack44_6067,untested-public,task319,042b6e46fdf23ce0560b02c071e50943feafcad2e1a7ee6f3942187ec72f4d5e,169150,2709,7.908858
biohack44_6067,untested-public,task320,b5f9d264034aafc2780289baeb60a45e338fd6478233a720f13b79faa2d6b39f,2183,19,16.445511
biohack44_6067,untested-public,task321,b563dc7797c6347f41ca4931e7495e5bf990351453842b3410e31e0fa5be47a6,2449,19,16.139643
biohack44_6067,untested-public,task322,f43610dda915fbdb99faa2cb6fed4c3214451283dfa94368d29f23b537540211,839,8,17.858755
biohack44_6067,untested-public,task323,92f002adec5933084b386ff5c5883df9c0974a3b9405635e767a5aef4a6db8db,11252,57,14.172750
biohack44_6067,untested-public,task324,7411cc76a9bf780cc62cb92374e5f883c9b70cbd3467b70215a8c5ccb2373346,30635,260,11.567972
biohack44_6067,untested-public,task325,703958452270456b7d0aa9d4685a3bb4279c1a189050c3b1c4c5c0ef26767373,5072,39,14.330533
biohack44_6067,untested-public,task326,b95776b4618ae80d707674425b68a1b903cfc9925a01d24b03b330ce97a9c421,388,2,19.888012
biohack44_6067,untested-public,task327,c1e27b3e2516488d97fe6bc640b49553d912c7e6de9b4b9fadda8d8d305fa039,2235,17,15.428913
biohack44_6067,untested-public,task328,5e577adeb141a5a522c273f891701d12837320df953707180471e62c0f45f621,16269,121,13.846066
biohack44_6067,untested-public,task329,d74a675084da2fb504b608bab4f432a3093fad2bad9e29ecf0c3515cf01d07e3,2361,20,15.453616
biohack44_6067,untested-public,task330,8a424d75b0360b5cdbbeccc47fed205640ea34f892ead97b7780c68a1e453f05,7417,22,13.964707
biohack44_6067,untested-public,task331,159b7db4377d2a7d75a15aa8f84344e6d919741566944220da8f361aa1da572a,3836,1,18.186555
biohack44_6067,untested-public,task332,48cd1db44af7add465a5ff82c5375d6f8cd8e9eb6d035f67f802fb51d24c5fdf,4135,29,15.644867
biohack44_6067,untested-public,task333,056322558aa8fa4149af6ce9821d3273f0b403e4408e461963db3d70864f1adc,4379,55,14.877658
biohack44_6067,untested-public,task334,7cf8e36e93bccf26226adc1d02671e72d48d747bc6fdd93ca0435a1baa2ceb85,2063,5,18.119616
biohack44_6067,untested-public,task335,479e72a28e23e2cd127fc09a2faa9a3effb7be4d31b254cba8c612bfb4c5e640,3914,35,13.996401
biohack44_6067,untested-public,task336,66605e39204e06dd97980e812e93d14e7dab3eb0d815b075ac29202827cc6a4e,5276,54,16.294503
biohack44_6067,untested-public,task337,c276f5799bf0f2f77bbc0c31f5ed97472afbff9a946326286e229929029e2484,159,1,22.697415
biohack44_6067,untested-public,task338,b35b8a9c786b6c618d442f8072720d3dd2ed919de6726b80b6d1801d3cdbafea,4510,37,14.271263
biohack44_6067,untested-public,task339,e8be4c26edfb079da2c23ae2f0b4d5d89e4dbc9c4ef2dd065ae8f448193eec36,2038,12,18.112447
biohack44_6067,untested-public,task340,ae9d3b10081fa4e93487ffe7567852135f45ec4342fdbd9a3ff936ee5f937c52,6593,71,13.836306
biohack44_6067,untested-public,task341,c71ffbf3d469ff1f5ff08e06e8a0e63931c352df9bedb0eab43b2adbea21010c,11979,99,14.990307
biohack44_6067,untested-public,task342,568532a57f0cc0277edc76b1421770305f1a68dd847468cc0cf3c8d021e03009,4815,38,15.499306
biohack44_6067,untested-public,task343,df6df42dd51bc8bd68188dba44776eb25926c7dd542729c2dcda48b60fd156bd,7569,86,14.700054
biohack44_6067,untested-public,task344,a23999c886c62393d115371628fbee6b6043de7a35bed72285639240d6def4fd,10236,1,17.171962
biohack44_6067,untested-public,task345,a2280b92ae787f7017bb1ae28368cc578fe47293edbe98af935f4e7572d6087c,6721,30,14.153989
biohack44_6067,untested-public,task346,11e08c307d334e0429612fd7a8873ecf53260f716ca9da99b6693e6d9b369548,2236,13,15.875435
biohack44_6067,untested-public,task347,fed395462b49017236bd7c8efec1bf01bac6ab9d8aaab79388c4befd346d40cc,1369,10,17.440441
biohack44_6067,untested-public,task348,a6dd8eb329ee1c4b5ee60a6985610b6685bad770c76a14d12eb9e9665303821e,3000,29,16.103412
biohack44_6067,untested-public,task349,b57e802ae6c73cfabf1d34ffdd1313911001cb6a901862ec9c9346352bea0033,8755,89,13.103296
biohack44_6067,untested-public,task350,0ca24c325e540a593cb73c128715599c58a4d7bdd9134503c6991423b2840001,2670,19,14.734338
biohack44_6067,untested-public,task351,c17c4a24fd333fa82a77f43e4a5127d7eb81187a15ad4b7f8a1bb21664a5d49d,3049,25,14.532506
biohack44_6067,untested-public,task352,f3b9bb985cfb0478df981c689aab9f22dc5bb177e02b6f3b6a3b330669eef601,1398,11,16.201243
biohack44_6067,untested-public,task353,1639de1c1d4d3ee61a8454a02d3b5af4d359f13f2fb1c963687d4cd76b280a8b,3244,31,16.403811
biohack44_6067,untested-public,task354,a4fcbcc1ef0fd8b1a7950c768d7a39b706052f1c2c56e6e41edbd73314bc6f98,4335,38,14.253416
biohack44_6067,untested-public,task355,addfb7be1303c63d90f0a8826be7ab0eef88a10daab34df423f95eaec7e77059,4506,45,15.185781
biohack44_6067,untested-public,task356,551900e26ac21ba20631069f1a4268e5b9992eabbfd9cde50643affea19fc2f0,2344,21,16.482407
biohack44_6067,untested-public,task357,3d4c5d3ef46e8c9f15401243e101a1f27b9981a0b79e63fc1ea26fda02c8ea43,2328,23,16.120945
biohack44_6067,untested-public,task358,50650df0548143121954ee03c9db4532be39a4a56b686e8bf4987af48b47c2cf,10944,132,13.355862
biohack44_6067,untested-public,task359,5402e526d36f56006e6fe3438c6875e02057cade74e68784d892dc9c4510bdb1,3909,32,14.156974
biohack44_6067,untested-public,task360,723ede1fdf46c4e929398bb91683e9f43d5e63a6721e2ec311f654a49995785c,987,10,15.659860
biohack44_6067,untested-public,task361,c72dcf2c6af6c480ffa12daaa617478f9be27c60a63ccfe186893b7c68f069ab,6930,61,15.263926
biohack44_6067,untested-public,task362,948c36d60760728278e165c782624303a83fbd0475705cc005aabfeeca71a6d3,2814,26,15.356061
biohack44_6067,untested-public,task363,ddc52c6fc6314991dd163c7bca23994b8a9d1f05ff9f98ccffbe545c58aec827,169031,260,11.778912
biohack44_6067,untested-public,task364,a9d40f4470cce83f3fc46a2673df1729763022fa78cbbc26491a91b2fc0e3e8e,7431,99,13.068443
biohack44_6067,untested-public,task365,4b59416c3b2d144a96e2612d2d0f8683f7cc3d3e0e8bae9a32ded28375a3e128,17605,242,14.014639
biohack44_6067,untested-public,task366,834485d9d2e06a57e2f26ed94bd29db1a171d17f91bc5593c5bc77b4578ab8c8,1256725,12512,7.083023
biohack44_6067,untested-public,task367,fe9695c3b4a2ad729a55cb5a53f48dad0d24396ccd933016ed1b6e89a36dca34,227696,694,10.584442
biohack44_6067,untested-public,task368,adfad0a22cf1d32c9ccbab87c6233078e6282ef114061e9a8d631c80d4ea836a,14770,183,14.104984
biohack44_6067,untested-public,task369,24921a929eecce8ddfb843425f57bf35451669b9f27ff197089bc2e6015e3b8b,4692,24,15.502303
biohack44_6067,untested-public,task370,b4d467fbad3f58374b6befbee260b33db91eeab7315a61842d6c56e5021f8ff8,37248,316,12.186687
biohack44_6067,untested-public,task371,4bc87a58a1a7aa1545317a2b449e5ce6834f7c6ea948bee7bb30d6354847e3b5,2475,21,14.880232
biohack44_6067,untested-public,task372,8287976a56507f8fa1adddb31b7db71a31afc8b1966ef19d1d7f2775c85f696c,1328,10,15.477041
biohack44_6067,untested-public,task373,e3ca2087cc04caad3b005d7dfc630796288768c44b0d1bc85e85f3494ba1be24,988,6,18.027394
biohack44_6067,untested-public,task374,29c99ccb14d1600e97d7b8c3c292672fed67326cc713432a0fd26edcbd5c2182,16450,144,14.140290
biohack44_6067,untested-public,task375,509686d607b3126316a284357799deb369829fe56865a1b05609fa3447c4c5d7,2214,19,15.372793
biohack44_6067,untested-public,task376,4ecd8d4a9a3233fd394536f3d2b6e5e9a733eb4ad81f87a5112f8e0298563296,2344,26,14.339757
biohack44_6067,untested-public,task377,9634d0c4c5f2d3616c292399129487757b13a675d7e4d66ee409a56adffdec77,19220,208,13.919690
biohack44_6067,untested-public,task378,5cfb4ed375b262770e33cd356d40d8b9e1900d6a0a5d4f3575021b742dcefdbc,10496,95,13.926107
biohack44_6067,untested-public,task379,0002ebca2333b2402894d90300cae16c7fa1dcf04c9df3bc98751db32899d9ed,10260,107,13.808644
biohack44_6067,untested-public,task380,b23f227e055e494818df0587e34418a5054807bd258a80e00f9170bcedfd819c,531,3,18.397412
biohack44_6067,untested-public,task381,b8fc48156a5e19d7ae27af2ed7d6954afdb5a598125bad096a3b6d726219de3e,5721,20,14.081699
biohack44_6067,untested-public,task382,37a60fd4ab6d778b472b297a2057aa02fa992e9ba8bc0fa3e76a4bf2a65862ac,65997,322,12.307048
biohack44_6067,untested-public,task383,19da36427e6ee74fe0cf46bc86c98b873576bc8e0c1302e4d8b61c04ded4f8d8,6805,57,13.224964
biohack44_6067,untested-public,task384,57089beccc7a95bb03cb7bd0a9d6841faa06a32f84b126df9802e34c8b175e3b,4542,39,13.778082
biohack44_6067,untested-public,task385,629a5673b6a8e745a4c5b1b5afcf3c5e7214f2fd7c54d7f5da27eb3e788ea5d1,175,1,21.598803
biohack44_6067,untested-public,task386,de138b32b21fe35facfd4995972863055b13d2b794c18dced2522843483f024a,1471,12,17.121845
biohack44_6067,untested-public,task387,8d2da092202f207cfdf119185690fdcbb5ed051475949e7c4759efca2dcb5d95,17641,195,12.616803
biohack44_6067,untested-public,task388,1ff8077147ab57a653e86c4389d3f5f467208ac76bab46c461bda7daf30d5d61,6368,48,15.272594
biohack44_6067,untested-public,task389,5d19a4d137ddfa5d5e278378f5210bdd9ffd9225b6b7ca3cfb0a823a86ca0be9,1421,13,17.451444
biohack44_6067,untested-public,task390,b35cfff252a2d3608ad005f521354f269c257ea36955aef72141d6d75f07f776,7851,41,14.615847
biohack44_6067,untested-public,task391,1582c8e52095b42ea4800ff8753f6e9fcb62f2e7b65b1642a469835c6548bf80,2841,26,15.787562
biohack44_6067,untested-public,task392,99e5d4969210371d7e389a389415ca7c8ecd3939643f90f1b27a3743a9056874,13503,49,14.173087
biohack44_6067,untested-public,task393,2f236f0f741468312b3933de81bd4f1f7d36a96e624a1545d1986160d95c466a,2433,22,16.321879
biohack44_6067,untested-public,task394,abf8dc65cf03456abf25b3a4b32685fe96d6021485788204f3593eae914f7a04,5312,78,16.528851
biohack44_6067,untested-public,task395,72a72e6428f843b5c12ac4172aef1eaff9da1ce6a13e6252568aea13233c191e,1479,12,17.403608
biohack44_6067,untested-public,task396,deecb12bf534491a8adbe29e9b1927ba002fffacc6253071aeeb6bef2ef188a4,148123,407,12.967995
biohack44_6067,untested-public,task397,d6838f43238e0445f2c5c2e513eac4c47739950e777647e7dd7b476270eafd64,7101,77,14.713668
biohack44_6067,untested-public,task398,5d6faac9d879be8dcfabbf8a25b82e0c62f0d41eb7d39aea7eb37e1fc447e023,8768,44,13.657827
biohack44_6067,untested-public,task399,f8e72c2228ae91a54d38c5a7f101356edc42d906cda234321b13bfc87a5ff38f,1907,8,17.483023
biohack44_6067,untested-public,task400,85a9828beec5f14034326e3d758cb7a93f61e66437df97f60e5b4a304af62110,3021,25,14.532535
konbu17_v36,cherrypick-unsafe,task001,3a955671699f7930e47595c940033040fec16ffdd52ccb0d0b0acb7b4c45f656,1001,12,
konbu17_v36,cherrypick-unsafe,task002,7d383afb96531ea0679a41689742fbd566f830712cfdd18b0520a7c29611c9ea,28687,175,
konbu17_v36,cherrypick-unsafe,task003,6ca394376a24ff5343dd8ec179d6a27b4d8f814c8c6c161d819a55cb7caa614c,3904,39,
konbu17_v36,cherrypick-unsafe,task004,1baba706563377cc355ed4711e6a6c85e22b5d95f5bca8b980681dbd50589745,4505,7,
konbu17_v36,cherrypick-unsafe,task005,c7c8a8a5034f65d422d74cd7ee4f896e719411a0028bb04437833c887dadfe9f,14885,180,
konbu17_v36,cherrypick-unsafe,task006,9fe8272f9a0e28df5c6a4d8973fdc6d9d793eccfd26cc21e6c5fbfa459db94d5,1310,10,
konbu17_v36,cherrypick-unsafe,task007,915f9e3a7cc385efdca626a9c69e07c20c36897f2521a260e40161f31a2404b4,1385,13,
konbu17_v36,cherrypick-unsafe,task008,7074b65cf9a4bf3588ea8c8f0b4d34faf7ec323f4aa553c210b3bf7c5c414e1c,4647,85,
konbu17_v36,cherrypick-unsafe,task009,89dcd2a3990559cf8dedc746d54743f130c660c64be7387480f21d7f3da65ecb,30710,21,
konbu17_v36,cherrypick-unsafe,task010,a5dd47c7b1bf11a5f9b073d7147d66749b67169969a9eb7befc020d4dc21116f,6061,58,
konbu17_v36,cherrypick-unsafe,task011,02738e0a9d07633b9e94f2a6894d0fb15d30662c1a910ec05767481ee6067237,10283,53,
konbu17_v36,cherrypick-unsafe,task012,9c3c2cb0eff06bc90f646b1be1efe494d7e5f64452f15991f2a99e6b8c853491,1546,17,
konbu17_v36,cherrypick-unsafe,task013,5c1c83ac40b9ef822e94cec836562b71a9991272e75bb7fab8aea9b0f60ac988,22727,165,
konbu17_v36,cherrypick-unsafe,task014,8dcff75a795bbdb7fdea2215852efe196e7ae1f56140d50fb72c35e47de2b37b,3676,48,
konbu17_v36,cherrypick-unsafe,task015,5298875cb87fee542792b88d56d2688ca1d99744ca73d68a5b42fd3c48f2b511,3834,2,
konbu17_v36,cherrypick-unsafe,task016,fb83a8e988f586009bf17279b7aedb194e3492a8e6f357be6d5e9ed903615733,158,1,
konbu17_v36,cherrypick-unsafe,task017,c883bda5df4250287ea4185f561d19d1439392f317d34c4986bd2dc13ff11be5,10880,64,
konbu17_v36,cherrypick-unsafe,task018,cd0b05d5d292a682d7a66ba9e733987b61b01e15df19286d8ff1467b0820893b,28217,23,
konbu17_v36,cherrypick-unsafe,task019,f09ac3e5b0d3e75b803fd7a9192184dc5f856fb06bcbcda75862644992682cf0,3021,48,
konbu17_v36,cherrypick-unsafe,task020,58711cc5614c3f7311c14e4063e1bbbe18abee07b2a521df4f503c8514712432,14783,192,
konbu17_v36,cherrypick-unsafe,task021,2bbb09d35103ef6bf1895fdfe96bc21eb8fa7b007b0d566f725ec6e80403f02f,29463,214,
konbu17_v36,cherrypick-unsafe,task022,3f4d41d23d1de0128db232344e38920a1a84f6f5a600bf34e9cf6195fa76bdbf,29851,439,
konbu17_v36,cherrypick-unsafe,task023,9cbf359ae4a4c716710628819347ac125c5116c1fc23ec867fd94a819c55572e,2803,15,
konbu17_v36,cherrypick-unsafe,task024,22052d16dac9de6c9e8c4c12a415c3364b437b3c60e55155a930fb97e8da5360,2232,27,
konbu17_v36,cherrypick-unsafe,task025,a0779740048817fb85b6ea49662a2e833055b21b3c01ef2fd208453ec74dfadc,61508,10,
konbu17_v36,cherrypick-unsafe,task026,f0076eada195b9fecaae2df277ed6b92e720afcf73bc8ec95617f016ccd315bd,1613,11,
konbu17_v36,cherrypick-unsafe,task027,fffe3cc208d70a1bb277645cf7bd582ee5f64eda4a6aa75884d20230b1c51fab,31059,23,
konbu17_v36,cherrypick-unsafe,task028,598a11bc49c0aa66874fd12b3d9ef7652093193bf52904fd22a861813dbf9251,2539,12,
konbu17_v36,cherrypick-unsafe,task029,164d1b13496d932436f763de2e94e841f0c74954c72d731ac1b67fda870ea1b8,12469,81,
konbu17_v36,cherrypick-unsafe,task030,6441058699e1e784e2f23701a1f9778635425df7ae25f08cd9ec121c6b55e54d,9573,60,
konbu17_v36,cherrypick-unsafe,task031,e3c24cc7de9d95fe965513ee84156f2bef15ea8990a54e3ad6f6aae01e4e9098,3612,42,
konbu17_v36,cherrypick-unsafe,task032,03403ef9f26c56f0876841b9726f6ce28858ab55b28f9e0f772b880d34f571d3,1654,19,
konbu17_v36,cherrypick-unsafe,task033,8d100859c488a30d9bfbbd7941e3f5a379403d9f050b432aaf8c6d4a7938a65d,1311,15,
konbu17_v36,cherrypick-unsafe,task034,2d7ce15526a6f774575a82318af5c8461d77b9432069e4305af9124fe27f9fa7,13730,90,
konbu17_v36,cherrypick-unsafe,task035,60fe6c944670b29b56ea8e787900d1b12421913f844040cffccf6a38934c71df,9679,113,
konbu17_v36,cherrypick-unsafe,task036,7c99aba5a076a654a3058b57f2912f9da21bc0b9525c4b38f96dc339a4d189ec,4194,59,
konbu17_v36,cherrypick-unsafe,task037,eb6b6882690d864c49b729611d83c91a528ea8eb3ca59f83beb5c2438e6553c5,10137,50,
konbu17_v36,cherrypick-unsafe,task038,6b37b92ae8e61c639cc632461d5bf23ebf80a1cbc81dd1df2b96146777e85804,1812,19,
konbu17_v36,cherrypick-unsafe,task039,1b482ba61dcd57ad5e0048861c3c47a75cf1744fdac3225b5e79491e019f095f,2209,24,
konbu17_v36,cherrypick-unsafe,task040,32f37e27fe1c6dcb64a1aac5d5b2ef052a25681583b34b8295541702ed1bc67f,3111,38,
konbu17_v36,cherrypick-unsafe,task041,c8936aedbfff5d9fafa85c13ec648e01d71add20345341c0a356e5a9d0185df9,1313,18,
konbu17_v36,cherrypick-unsafe,task042,d9d3f8d9557e32d63a3eda53dec371d4c58b3423da801b1b54637d9b6ef65157,9477,73,
konbu17_v36,cherrypick-unsafe,task043,2a88e371c65e541e765dc7b21f5ffa0fa0630f54c8165aabe776170460eac26d,1181,10,
konbu17_v36,cherrypick-unsafe,task044,aa2743d7df9902b0e180f60c29e94e8499f0343960f180f8ddf53d994a3e447a,25407,14,
konbu17_v36,cherrypick-unsafe,task045,c15f169f76c58950e05d2f6ae3ea78d38f1ead7eb5c0e525005656f53bb571e3,955,9,
konbu17_v36,cherrypick-unsafe,task046,49c92dcc3b1ac36cd0bd345e54595f919755a1495a8559763dff1d428fbfa3e8,9068,76,
konbu17_v36,cherrypick-unsafe,task047,3b62377a972e9c5a9c1c26a6a6836d7254c19418b3eda2c1baafe3e877bfe9f6,2117,31,
konbu17_v36,cherrypick-unsafe,task048,5776d1271d480d979454d9d3e80aba5ad41060304cdc1d2731f170987e96912f,5977,49,
konbu17_v36,cherrypick-unsafe,task049,8e964caa5a6c951b7b61bf23b7e2cbb1f126b7b1696ae66470b646daf4ce67fd,2631,28,
konbu17_v36,cherrypick-unsafe,task050,b27bf7930b6dd6abe96140f030ade4227653df032397593711fe4629bb2f6af6,1776,19,
konbu17_v36,cherrypick-unsafe,task051,221ea2b7ff1d1700da9c7c3d6af253ffa9f28cb39f4ab8b6984a1205198d77aa,8106,95,
konbu17_v36,cherrypick-unsafe,task052,30c4411c732eb22432d218c57391cbd67a885f68ce3abe9ed0a65b35dc44c1b0,918,11,
konbu17_v36,cherrypick-unsafe,task053,fbe183eff0657de9d1fc60b1b62780e11bc125c1b40dd7c264f98efca85d8749,183,1,
konbu17_v36,cherrypick-unsafe,task054,792476daea17ee9b5bd55d84f129e9502dacf9fcb9530715703dafdcccd1e79a,8955,112,
konbu17_v36,cherrypick-unsafe,task055,917df127f3a230492813bc44d2c69b60df1ab4b4c294554c9a1fe431906e2169,14976,175,
konbu17_v36,cherrypick-unsafe,task056,0388042d5f344f620ccc4376963538e54adba3858fef8a7da9b6a8206d546553,1471,7,
konbu17_v36,cherrypick-unsafe,task057,1bbc6165f62776985581c51254dda4758c70165cb1909ab36ea7c1f69e380eab,1453,15,
konbu17_v36,cherrypick-unsafe,task058,d902e99f721adff6094305593003a24599ba48b75d39c48b2e181c0a87f51d15,26982,17,
konbu17_v36,cherrypick-unsafe,task059,42f195ecea695805161a045ba9c563b5c3cbe83856eaaad3514c37ef7f1be62c,12046,20,
konbu17_v36,cherrypick-unsafe,task060,4bda1d762aca2acd7db6204b3dbc87458c37b7ed64a750eeadfc0a8283801025,2234,18,
konbu17_v36,cherrypick-unsafe,task061,63e97dbd4379f854f5c705378caaa81e70bc90a67ba8829f9fea1d5b126825cd,16988,9,
konbu17_v36,cherrypick-unsafe,task062,38810ae81614f78eab884f45338a8f7bbbaf28cd703e86246b37fd756429a325,14803,194,
konbu17_v36,cherrypick-unsafe,task063,123552e51923e19a4389ec717edd29361641fd8a46c5e0de597cead76fb5350c,2387,34,
konbu17_v36,cherrypick-unsafe,task064,e1d75c039b5b20eaf258920a48c995898be0e0bfd8294770938d399d5c0fa85d,4579,45,
konbu17_v36,cherrypick-unsafe,task065,225c4dfb8f93d068cb23868cf79691c9137635cd47ee9140358d6cafabca2a27,1908,37,
konbu17_v36,cherrypick-unsafe,task066,5ae18186ef02bcdf01966b3a1ee88c292cf6fc034bd01e1efdfed2ea94acc5ac,22387,70,
konbu17_v36,cherrypick-unsafe,task067,e36e07eb78c4d4f0ea39c3cdd4ecabc221b26b109778e73c1bb13a16f8fb417b,630,8,
konbu17_v36,cherrypick-unsafe,task068,69488394416bdbd0ee6b6bb685ec0a4e825ab44766923200765b3d7960ba1c91,1520,23,
konbu17_v36,cherrypick-unsafe,task069,f30ff853df3fcf5bbe6d59f1bb13a614eb6b168e142c93cbef2ca0912e79223b,36582,398,
konbu17_v36,cherrypick-unsafe,task070,43b3e6787414dcb6b7e53773acd0617da5e6759c840af06c2c33885a89f5384d,6744,72,
konbu17_v36,cherrypick-unsafe,task071,fc1611cbedb0d82a2883d094e1ea8205a7add948bdcf62b42aa059a0a453242a,11757,48,
konbu17_v36,cherrypick-unsafe,task072,188545c2133e8f311a556d754e465f755bfe94c8c5afb0495df211beb64cec49,1625,9,
konbu17_v36,cherrypick-unsafe,task073,5acbcada9ec515fac9252266f3ac86918a1f12459bb189527db45cc214857333,1388,7,
konbu17_v36,cherrypick-unsafe,task074,8a54887a5f8d8edf8e2e16e03d46839cbd53db1317f8b833ff66b1f8916e2a4c,2235,13,
konbu17_v36,cherrypick-unsafe,task075,cd07080fdb36fb2a17b091b1f1e71da22d510641968a31a9bdce41d3f90bdeb3,7717,46,
konbu17_v36,cherrypick-unsafe,task076,487982b76ba84163b0b1540edae375764648bdc826ec40ed848a863644b27656,21727,22,
konbu17_v36,cherrypick-unsafe,task077,ea1e65657a1dbb04830495cb02af67f4375e6aa743930f7df496819eb97e8301,11626,70,
konbu17_v36,cherrypick-unsafe,task078,e96c3682397c655476be57d0a6fddd23efc6bdfd0b09d7185c10580291bd5a66,2575,22,
konbu17_v36,cherrypick-unsafe,task079,bb6b971aabeb43b1a8461a9bd1702d561e85251b4f03be3723e4337909228049,2233,20,
konbu17_v36,cherrypick-unsafe,task080,14bb0dafbf34e1619cd7e6de4e58c91a7e0da11eba089ac5b76d83143abedd92,22186,167,
konbu17_v36,cherrypick-unsafe,task081,0d1de38effabb686b5d0facd63cf32892ffe7c39497aaaa015789a994ec92562,3537,31,
konbu17_v36,cherrypick-unsafe,task082,3e37aab03feddb2cb08f41277055f2397c36fd366b280d7ce7ceac72af5eb8a5,1755,19,
konbu17_v36,cherrypick-unsafe,task083,0ce7b6f1c10382d5604154cbcbe875c06705d3474b16fb404d41c3fba184e9dd,923,13,
konbu17_v36,cherrypick-unsafe,task084,68d48ba9eb39fffa30656fc437e62c1cbfcb492c3d1d016ba58c11f05e16b37b,1945,25,
konbu17_v36,cherrypick-unsafe,task085,7b8b8df6457da13e2fd8b1313b05f7422a4cf4e4e8d7d2c5cf839bfb2b36c8ab,2013,19,
konbu17_v36,cherrypick-unsafe,task086,7e2a741fba165f6c65e7685e0df9b52ae98d3ea0fa8bd4a5096e8899b8cb2d57,3406,43,
konbu17_v36,cherrypick-unsafe,task087,382da0cff01add5ff7afad044b083c1460ed0b90047b0cd385acf2f9be218ae2,435,2,
konbu17_v36,cherrypick-unsafe,task088,c74797473ae1f109fcd527104b7e631cd8ffafca6a87f69d6524c39c2d420bb8,12966,57,
konbu17_v36,cherrypick-unsafe,task089,c9122c27ee076140e696a2ba698df1271709f271ff94fe78987927d38418f07e,110495,1521,
konbu17_v36,cherrypick-unsafe,task090,c222b63862479f5876ea1788fc2ee7b52dd6d1a9015dbb6acc24c026c951040d,19479,245,
konbu17_v36,cherrypick-unsafe,task091,14998452e27b6c73bdc4554cf876159cf4551bd1ef005bdd9e0d3779b2fc9c0a,2988,41,
konbu17_v36,cherrypick-unsafe,task092,e051e7d1edb8b7659f34ca67fcdf7f4ecac1a48d4c4bb73959458eef8a66adbf,3290,33,
konbu17_v36,cherrypick-unsafe,task093,8f9a52b9ae79d5dba2b673ece8ba70e2fcd382353074eb50e92942e830465f0f,3751,49,
konbu17_v36,cherrypick-unsafe,task094,6a190bf3f6ee4f7695f5cd8a169cc3d2090bed34fd7e7f516619908f1a67b7e0,2051,16,
konbu17_v36,cherrypick-unsafe,task095,a43e8734a5258b7fb87db6aeb8490d59dbd66b51fe0cd138baea694f454773b8,3888,3,
konbu17_v36,cherrypick-unsafe,task096,389402d570ae5a80bdc207f4c2dabd07844f68e83d407abf107c089a1b576560,19557,23,
konbu17_v36,cherrypick-unsafe,task097,55a0d085474cb375c88de9923c9a85888f061b13419f1769044cacdff16b6794,2695,27,
konbu17_v36,cherrypick-unsafe,task098,5d4ab3c1819aa2d0887055305369e3a52721d2c88159de6f42bb44e42bd4e8fc,3888,3,
konbu17_v36,cherrypick-unsafe,task099,8c5d3abcf095160067986b5522e0c8bece8100c297c9613929a41944145c934d,6509,43,
konbu17_v36,cherrypick-unsafe,task100,be2e841145b0c91cfbc8d781c345e82980a9df7e63d8831108d85f40afdde3a0,5315,47,
konbu17_v36,cherrypick-unsafe,task101,1483f4a4cd1a7882571597cf8d368fd4f28c34e09f2745e85adfb38987775dde,32893,31,
konbu17_v36,cherrypick-unsafe,task102,cfda65ef9b707bbbba5bf6138f3cc4951e6ca083ed5df35b6aafe5e10a5d361c,36416,234,
konbu17_v36,cherrypick-unsafe,task103,b9c51e1f345db496253265b5b29cef7dd145dfa1ebd3fe0ece6a1bf997cbafa2,1582,11,
konbu17_v36,cherrypick-unsafe,task104,61027b3e53c3bea6f67b988bd4eb85694699bfac8f12b20e01db76e5556d8c36,5723,20,
konbu17_v36,cherrypick-unsafe,task105,bf74ea1737d32908ff479cba668bae931008d020e245074d59e148b829b10453,35077,52,
konbu17_v36,cherrypick-unsafe,task106,9b54191da37371effdb80aaca05a4cddbabc19d25cbc1ebceae1d85a897c6698,2939,13,
konbu17_v36,cherrypick-unsafe,task107,aaae4e566b5d66edf856f9d7ef10ea5324d41d9cfe4ec152a9a937ced890fb39,58321,55,
konbu17_v36,cherrypick-unsafe,task108,825c078fdd5cf248ddfcf1d91c57c125e6e2213304022e67810f2d3aaee2922c,7454,1,
konbu17_v36,cherrypick-unsafe,task109,3cb34f04af9558f9c69bf1e8a598a334dfafff93ebda7f0f7e026ac4726a2ec2,3836,34,
konbu17_v36,cherrypick-unsafe,task110,793a4ccb7329da07dd03279840c7c5dcc500e7911a07328206922351bd68f3ae,16176,186,
konbu17_v36,cherrypick-unsafe,task111,89a04112670e0c5880474fca5b06a3feeab186039fea970b7ae4e972dae0947e,1893,20,
konbu17_v36,cherrypick-unsafe,task112,098ddfb2d85a13fd749ed96ae708cadd3e01617f600806d3876831e21698d739,3852,45,
konbu17_v36,cherrypick-unsafe,task113,356a5f1e2200cf2560f6c836ce7d21eca6b6cad9e68015c2ae31639613ef9b09,499,1,
konbu17_v36,cherrypick-unsafe,task114,7d1973d605273db25b979fc20a63bacd338098bf8f239bc90618b4b89dd1baa4,4719,26,
konbu17_v36,cherrypick-unsafe,task115,fef642f35c49927e9440865ae0761f3f9ecb7d9bb8a03f2a5109e91a82deb620,5069,34,
konbu17_v36,cherrypick-unsafe,task116,3f87aab73b8c538752ffb070a34dd07ef95ccba2d299bd7526da67fcf956e1e5,479,1,
konbu17_v36,cherrypick-unsafe,task117,56567d9ee5ca27e77e45c3556fe9f7edb43c957c90b1ce14e3f52e59c45798ca,10682,75,
konbu17_v36,cherrypick-unsafe,task118,b8577c31fd6e7bb799fb1da3d736031c20fb40c08daf557562a6fe9b242bc4b4,18987,20,
konbu17_v36,cherrypick-unsafe,task119,956d81517404e7dfa67e498a45357c0ace22d784e65146a428c3ff803966b24f,48756,618,
konbu17_v36,cherrypick-unsafe,task120,10d0729fdcb57c315351c9227ae114ae7fac2ddec29f546d745ec638aa912644,4834,29,
konbu17_v36,cherrypick-unsafe,task121,f641f388ff2190800106af0a6f1aed2458e621fab60a1ffe58bebcd46fddca93,3993,45,
konbu17_v36,cherrypick-unsafe,task122,72cb61e20e4a546da076b38e9f838b6cdad96db2d08afe306ffdf99296254e57,3438,43,
konbu17_v36,cherrypick-unsafe,task123,c823f45b38a45302e14dd313895ea39001fd4ae1e067d3f41a90732f0657a433,8565,13,
konbu17_v36,cherrypick-unsafe,task124,532b3b9fea29bb873598b11b1507307e04023a5b0da47783555e4f49be7e2c77,2871,57,
konbu17_v36,cherrypick-unsafe,task125,f4c3a79a385463693437c695b0758b5c7ff0923a508db935be73bf495dd9e3c8,2003,28,
konbu17_v36,cherrypick-unsafe,task126,80514a5a139d3eaaa7c728879007270632663677946af7f4d35eb16be1e2dfaf,2488,27,
konbu17_v36,cherrypick-unsafe,task127,81f551a5b779e861ce371fdc4697595db753242954a60c50a3ac8e3108937d97,3772,1,
konbu17_v36,cherrypick-unsafe,task128,183c43549a5d3db0b18ee3e3e963c88ec2753aef097e1b24a5bde260f98e921b,3650,45,
konbu17_v36,cherrypick-unsafe,task129,b4bf8972683a55cdebeaeec284f506da67cdbf34f151d3dd78331b9294b9be0a,1196,7,
konbu17_v36,cherrypick-unsafe,task130,e2937b68ef6e7cb088ced7e5c91e495391a6642b9b6904e2806bf850e8849b65,1050,10,
konbu17_v36,cherrypick-unsafe,task131,a2bd6f06eea7f995c100d47370c8afc55ff827cab008e813996bbd2aaedb0537,12240,120,
konbu17_v36,cherrypick-unsafe,task132,7a6bb3dcdba686df73a3f508d43b1ac67aeeeb654b07cb5f2e7413b6019895e4,2287,38,
konbu17_v36,cherrypick-unsafe,task133,073ba6898ff7a31c61b65b66c9fa8c48699a278b7520015e981f4909b9f13232,189849,17,
konbu17_v36,cherrypick-unsafe,task134,35b055161d29c99d043ceac020f16bb2f4f5d023671d3c17acdf4fa3cb0706ad,7188,75,
konbu17_v36,cherrypick-unsafe,task135,3d9bea2bde587509e06b69c0abb6742c540fd587c7d596a916a7a03c68e0ca36,346,2,
konbu17_v36,cherrypick-unsafe,task136,977d4837313ee79a1e87bddbc08fb4f2d34608f30f6443272ff687e3359399ca,8371,69,
konbu17_v36,cherrypick-unsafe,task137,febff6c8bec35051ac98d01b329a5d726325d42dcc7cbdfdd6dc04dbd110916b,2340,33,
konbu17_v36,cherrypick-unsafe,task138,a2e0e3755649ab238553443436a064980862ceebc0ba4500c8996335d0e228b7,10853,154,
konbu17_v36,cherrypick-unsafe,task139,2018ccf225eddadc59beea75a48d6453b899a418e3553c34c2eaa3d41fbdcc3d,1588,17,
konbu17_v36,cherrypick-unsafe,task140,382da0cff01add5ff7afad044b083c1460ed0b90047b0cd385acf2f9be218ae2,435,2,
konbu17_v36,cherrypick-unsafe,task141,f61f6a8e833ff54685eed9ac14f2d26e88e8b63b554cce682ce8772071579e45,1743,21,
konbu17_v36,cherrypick-unsafe,task142,7458b941942e055a64a9bb6ab7657a75a86017d36f4eff99ebf4499d7cb272a3,915,13,
konbu17_v36,cherrypick-unsafe,task143,1beb4a3c26c04b8bd7c53e6edbfb33158868ee728afabe1fde1f26ee00f636c2,2099,23,
konbu17_v36,cherrypick-unsafe,task144,288b3b803783d624dc52d1856811d852f8862f0f072ce79b8ba3b76922834b1a,1626,11,
konbu17_v36,cherrypick-unsafe,task145,d72dceb6194309a6a7be7e21b71731600fb57f953d5c72cd03c9105fe1ea1d74,32048,324,
konbu17_v36,cherrypick-unsafe,task146,84f345d1fa79c4bc004d43d9f78d16fcabed08dfcbb73c46aec7473d58a0ac2b,1351,28,
konbu17_v36,cherrypick-unsafe,task147,d010cef57f71c51599b807f6d409d2609322b4168f74b3eca6065e66222e4108,1306,10,
konbu17_v36,cherrypick-unsafe,task148,8ed98454049c344070ca284972025972c4a9dad80045145179e35185d96c61fb,10335,122,
konbu17_v36,cherrypick-unsafe,task149,2d28266c87b09d5216945c04b2c3b140b38727c33d9fe6a3d1a70c2f734e67ce,1420,14,
konbu17_v36,cherrypick-unsafe,task150,adf5a273915defc3c4d2db5f4fc10c73406d376e4c86065d6ae6681ecc0a96a1,1054,12,
konbu17_v36,cherrypick-unsafe,task151,6c94de471fc1bb3fadef0fd5d25e8da1e6e690777c29541c362e2d33e5c611a1,3949,3,
konbu17_v36,cherrypick-unsafe,task152,7458b941942e055a64a9bb6ab7657a75a86017d36f4eff99ebf4499d7cb272a3,915,13,
konbu17_v36,cherrypick-unsafe,task153,648d3aff4723c97a23807b1195493f2f2bb2c6834d04b4512f429abde393cd3a,4975,18,
konbu17_v36,cherrypick-unsafe,task154,451d106b3bfc1d018dc72e9284e9b9f7c7a22a207b054d732e673258ea5fefa0,2826,48,
konbu17_v36,cherrypick-unsafe,task155,f16c31aa41c2a9793da3e5ee7e762ca5343bb105a0057fac5373f5b9779cf862,1054,12,
konbu17_v36,cherrypick-unsafe,task156,415c7fcdd05ba03b1aa83b863d7735ca0ba520b20bf8bb7d7e5176a12d92fc72,9218,66,
konbu17_v36,cherrypick-unsafe,task157,30c2a314980581e711644ea0e597ff8cf16bf7209a11f6048f31605f42979b1d,49526,30,
konbu17_v36,cherrypick-unsafe,task158,25ea0a725e0d528c22f60eb9d4804e5f11825530cd7681b2e30c7be28dd22bf1,159472,374,
konbu17_v36,cherrypick-unsafe,task159,51883cbbe7686617cc43881eb06b43dd146abb3f0ac43c4c6ce4eb32ff28433f,20168,50,
konbu17_v36,cherrypick-unsafe,task160,3bc24c918f254029d7f0c45c5ea73e09cf579d7f46cd0b2d95456eded8dd7d21,1914,18,
konbu17_v36,cherrypick-unsafe,task161,8a7e2468521ec30fb89f4b607d6180090d30ccb8cc5b80529bb62f4d171a70d7,5813,49,
konbu17_v36,cherrypick-unsafe,task162,9ed534d83accc75392efb49a75141af57a0d938619625ae7847312b4c7f67157,2103,19,
konbu17_v36,cherrypick-unsafe,task163,438f280acbdd2459a7c56c0cebcd3ac46cfc271350d64cf9be0a2a6119193de7,13789,74,
konbu17_v36,cherrypick-unsafe,task164,250771b94d3db4658d4ac04e3bd9a0740f2af0f3aba0bb9b5df4d6181bb470d4,479,1,
konbu17_v36,cherrypick-unsafe,task165,04d9902d940ce13c7818325dfc26756e2026fe2cc432cfd1824c219e858b9091,6369,22,
konbu17_v36,cherrypick-unsafe,task166,51e785905cb1560f47526bc991807982a09bf03f9ea10393b1997b3a5d899295,1246,10,
konbu17_v36,cherrypick-unsafe,task167,7205b15363f53274f9987b481f736b594008071406a8a8644556e6d42336b88b,2375,8,
konbu17_v36,cherrypick-unsafe,task168,ea520e230fd536c3eeef7813eec437a2d8ddf28457b86a53ddb13172b876de0f,8303,115,
konbu17_v36,cherrypick-unsafe,task169,ad3c6386a1c4fa46a532e1982c9af1e25de67177faef33044d84b2afe76a6e76,3846,68,
konbu17_v36,cherrypick-unsafe,task170,93038aaa349aeb1d62cf0717e9c6cf93db839e880077b971d9e56b5647b0e90f,47329,681,
konbu17_v36,cherrypick-unsafe,task171,17647df8257bdd5c3a59982ad4c89df7e653a71d780b1d5b8aa2cce619d2b115,1636,14,
konbu17_v36,cherrypick-unsafe,task172,aa923630b6479cf1a1f5e7b7bfe2e4947e1c8ba8edba4f31d250b0b2f0c98dde,479,1,
konbu17_v36,cherrypick-unsafe,task173,5b632681144a94ae8dbe7e863cbe417f31781102e91b89aa7afec50f1311b050,5856,66,
konbu17_v36,cherrypick-unsafe,task174,71cae4fe7c911eae251b723aaea92430603de949f1faee0143c81afe669a13e6,55104,844,
konbu17_v36,cherrypick-unsafe,task175,9089a24aa06c5663cf6ae3a4174a31f92d0950b13a644640430ec4d65e1919b6,5068,28,
konbu17_v36,cherrypick-unsafe,task176,98625f40ca20224e5aa779cec259bfe0804895c94b699d4c99fd623590c091e3,1218,6,
konbu17_v36,cherrypick-unsafe,task177,e5d306ace146b072201db91049310e9640e7ab528082c439c8756dd5d5763310,2698,34,
konbu17_v36,cherrypick-unsafe,task178,783dd2b36ac00e5952ee9834d2cbff28fcbb77dc90a14f46c32957dcbe00aba2,11442,139,
konbu17_v36,cherrypick-unsafe,task179,bde695a21a93b9e2084a9b7e8a8bee5f2cdc694baa71a12d1c34ae921a89cb87,170,1,
konbu17_v36,cherrypick-unsafe,task180,5a77f1b6be5169606ff52c9983a9b6b1f394e15be586efbf4ed0ec5e18a7d573,1458,25,
konbu17_v36,cherrypick-unsafe,task181,ac0b94bfd381a5dc9136a8bf623fccd8fd0061e11a45c0191b745b0448f7590a,1230,14,
konbu17_v36,cherrypick-unsafe,task182,f407970b4cbc2efba826647a6eb5dd1d8e67e9bb7eec7543f12a477c324b09bd,462321,16,
konbu17_v36,cherrypick-unsafe,task183,acd339bb7781f67525ce85e3de7287ee064768914fa1587be8df30d7ac649d8d,3364,47,
konbu17_v36,cherrypick-unsafe,task184,3688e5d098f0cbbaf50011af3be3db2f378c5f172869cc3b95b9626a17d7556c,6823,51,
konbu17_v36,cherrypick-unsafe,task185,eec06ce115cbc21219cd8c3f549d88c9d571b5075be72e87f1b54bda56d2b78f,16320,284,
konbu17_v36,cherrypick-unsafe,task186,e08e25bcc7a87cfdcb14c47188efdde385ff6605c966217b934a67aa0589a797,2418,6,
konbu17_v36,cherrypick-unsafe,task187,026c4f506c98eeb503dd30ebc030467ec02f33eed55f02de5347553e4f32365e,6346,45,
konbu17_v36,cherrypick-unsafe,task188,5fd4ab7b75ebd039f0a31640a245ef0913135ea38f6510f5bfc0f801edf2b6ea,2963,41,
konbu17_v36,cherrypick-unsafe,task189,6fc0000d0c992101e03024d7098845e585c5eecfba83cdc679262363c4b13e7b,9288,98,
konbu17_v36,cherrypick-unsafe,task190,87f2d4ecdffdb49b797b3616dac2e7570885cda76dcd8885426d338daf5d4160,7038,63,
konbu17_v36,cherrypick-unsafe,task191,722fceefad049740b7a3b638af371d10833bb0b00cb64f67dbf001e897cc69dd,8552,211,
konbu17_v36,cherrypick-unsafe,task192,389f7fb1141246a29b615fa38a4f23bd47765f95c448afe1b2d8bfa202aeaa6c,1760,20,
konbu17_v36,cherrypick-unsafe,task193,241f5579e551f65a53fb16e2e2b2b70a6b62b6f3f8a1a1c6b46568797c9ff427,1530,13,
konbu17_v36,cherrypick-unsafe,task194,5a188032e9933c63bea9816c0846001d769eb356d00653af9e5e766ff62bb53b,7454,1,
konbu17_v36,cherrypick-unsafe,task195,8208943c538a98e015cad0105dce9fad73370eb3485774f2cea60b38a924d2c0,6814,32,
konbu17_v36,cherrypick-unsafe,task196,51a8fa19ebded00d942c4982985a1f7b4acda8c4f0411545ebe0d98dafec452f,2477,32,
konbu17_v36,cherrypick-unsafe,task197,4d92fd1fcf664f00b00c5eb845c1632b42d473c8a6e7183e42e4133bcc46d717,1165,18,
konbu17_v36,cherrypick-unsafe,task198,0668432ebf3f8a7c0fa8b8b31e3297cdbbc9902497595e86c2f0e1419a57d640,8467,51,
konbu17_v36,cherrypick-unsafe,task199,63f0e05829c00a7becc694d34d57fbe1743fcb441dd808857e08f208691b2708,2222,22,
konbu17_v36,cherrypick-unsafe,task200,5e8fdbda1d8d46157d46bf877c7911c748eae72c4829561f65701ef927ff29b5,2442,40,
konbu17_v36,cherrypick-unsafe,task201,fc6555d620ad065c89d4feff41275fd9c23f3a6852e0339f8d3a2c65cd6ca2b9,12203,136,
konbu17_v36,cherrypick-unsafe,task202,ba29bb1cf827a476db90e0abfca0408ff9fe0c6736f4057bd4b919ecce3788f2,5974,114,
konbu17_v36,cherrypick-unsafe,task203,e815acfbc09dbcecdfd46e173605a089736f7a29078262c39c6c0ac3738ca717,7997,38,
konbu17_v36,cherrypick-unsafe,task204,550e2e5c8d50ca0efa47a9be9580e92df35660414fe5fb7ab886b604559ca143,2713,40,
konbu17_v36,cherrypick-unsafe,task205,930003693a86161ce624bb34051d30274737b8da8f53391560e64f24130d3c54,53591,800,
konbu17_v36,cherrypick-unsafe,task206,b3fdfc40cc77f0555e9cff64d881d795b4633aa142b7b82c2c3c8053c23a18d8,19041,229,
konbu17_v36,cherrypick-unsafe,task207,a37e5ce9b21a0f661eba714c93f1dfddc30bc83125156d8e36cde15b6ffb953e,1759,21,
konbu17_v36,cherrypick-unsafe,task208,372ed21380e1c932f50d56e502ebd9bb568de6dd84e5cc2c360d768d98bcc148,19596,190,
konbu17_v36,cherrypick-unsafe,task209,e61dd974eb08eca4599ba1546e7b6c14baafe216df2324283ba1247e4fbfd903,60514,23,
konbu17_v36,cherrypick-unsafe,task210,aa923630b6479cf1a1f5e7b7bfe2e4947e1c8ba8edba4f31d250b0b2f0c98dde,479,1,
konbu17_v36,cherrypick-unsafe,task211,3c58a51ab06ee25bf3c54539284f6def4bc6e10c364246d45f5533df0905fd17,7454,1,
konbu17_v36,cherrypick-unsafe,task212,979651606c10a43999f9b628fd7b0b54815198d32a154f6497a656d2c7ef7779,6074,49,
konbu17_v36,cherrypick-unsafe,task213,e6c4e5f6032e1e6bddb73fcc338b3ee208157c98004ecaa3d36b8e8172601a5f,16265,402,
konbu17_v36,cherrypick-unsafe,task214,476030b9c3c916862c896b22ae9f1ee46d6bedd703bd39deeb4fe1a9a7cf6c54,7454,1,
konbu17_v36,cherrypick-unsafe,task215,c50641b3fc134d7391f3902c1917cfe76c8e016d4a985209d5f9e5983c66839e,3024,40,
konbu17_v36,cherrypick-unsafe,task216,f503bcbc993dfa484a61773a5df5ddbbcb4e176555779fade11df09fe5c7f450,17269,262,
konbu17_v36,cherrypick-unsafe,task217,d5151ba676efdff486c48dd0b4c9f9d2c7da38275e049ab6fb8409ed74f120cb,7326,29,
konbu17_v36,cherrypick-unsafe,task218,e9c6ba3725a472154cf315cc784369c575cac91abd8a7e3ee8325f86b722eb92,9764,143,
konbu17_v36,cherrypick-unsafe,task219,6e5cd657b62c80511d57e08b97cb9d15da29a2d7bfb76e458b83a869ec05a64b,59685,19,
konbu17_v36,cherrypick-unsafe,task220,2b669de18bb4970b7a60b1b727b663cba98f19d38a0973a2ae85e500b2a8d1d5,3888,3,
konbu17_v36,cherrypick-unsafe,task221,a59f86d3057136d8958afe2a13b508943daa1b12a5d4cb5417d757c1ddd0a6dc,21930,37,
konbu17_v36,cherrypick-unsafe,task222,7b6cab687b5c599be8c76088d794efa2889c00ea18f7b701c824b72281167d79,1889,20,
konbu17_v36,cherrypick-unsafe,task223,51cd95a032c661ce28fa653ad0e727fb33cf6a709a5747e02a8ab323190ae968,7454,1,
konbu17_v36,cherrypick-unsafe,task224,26531c12e32997f7c9890f6a302ffe89726f5416b551a5f56cb7a2c474c6c208,4784,57,
konbu17_v36,cherrypick-unsafe,task225,feb56d8f1c720012318ee348511e98aaff19c284a140f7de45fa6c3503d713ae,5386,31,
konbu17_v36,cherrypick-unsafe,task226,d1849ffd4dc0d34e0c597fc1569aedc024b25bfc7b50cbfc8b8618764919d7ed,4853,40,
konbu17_v36,cherrypick-unsafe,task227,adeefe35f6cdda7bb74464ef07b43cde3572a4e4e67efe35a4dd84469a8bfba8,1417,12,
konbu17_v36,cherrypick-unsafe,task228,0f4ca45407affa57d32cf967745baae9e868be85ef6cbeb85d9a111f1a7ac835,4899,63,
konbu17_v36,cherrypick-unsafe,task229,f8cb7d4ad2e24234aa5b684e8fcfbca96abb1f5eb39f81887e1289f5bd92b9ef,1294,15,
konbu17_v36,cherrypick-unsafe,task230,ef9fc9d451b41c5fb94dd3e944f54ec7abd58c200ae2972064bc7645005fb5fa,3888,3,
konbu17_v36,cherrypick-unsafe,task231,6142cdfb6e66f9b06cda551aba6f767188a30df479029ec3f906f016680be6e8,3418,46,
konbu17_v36,cherrypick-unsafe,task232,c938c7454baa08650380476bfe9e41711004f3694b03caacabcfd44b4aee084d,1684,29,
konbu17_v36,cherrypick-unsafe,task233,a1f50413f1686a24b0c2833ad72ed747a05f4cb6776e2008238ebfb2a8af0d9d,39834,25,
konbu17_v36,cherrypick-unsafe,task234,92b1d8a145a55543a9fcbafbbb844a08355b6e61febf220a3074eadf628a2b57,13394,114,
konbu17_v36,cherrypick-unsafe,task235,1e0c7182d8eb9eda983e2f54f8ec77e43e12f0b4247b58706eb064a16daced00,3900,33,
konbu17_v36,cherrypick-unsafe,task236,7f166f01eb2cf5e98be10a109467f99606fa9e5b533bf2bf8f34a298dad06666,1511,9,
konbu17_v36,cherrypick-unsafe,task237,aaeac459d186abaa3d8181e6517ef9d3dd7290d4750f26c141641718029aa2f4,2210,25,
konbu17_v36,cherrypick-unsafe,task238,f243b7dc3f6a07cd7856cff1381fd0d4261d4e6eaa67c4981f32ed6967704b1e,21391,242,
konbu17_v36,cherrypick-unsafe,task239,b21cb6652c45d84cbb2297d6dbb42d6a0ba4c9c8de7b93999f08caaf3c2b5ab7,3938,35,
konbu17_v36,cherrypick-unsafe,task240,1c603fb0b5fe571d561889e67a7ecd30436351dfe56437601efd587099f7dd86,3841,28,
konbu17_v36,cherrypick-unsafe,task241,bde695a21a93b9e2084a9b7e8a8bee5f2cdc694baa71a12d1c34ae921a89cb87,170,1,
konbu17_v36,cherrypick-unsafe,task242,37df999f3b853d3c7558d3123da1dbb1cbd888e7e6d0df5d00af2e2350a74420,1251,13,
konbu17_v36,cherrypick-unsafe,task243,d82711ed6d973d2c76345cf69ab278ecb1b2999b9c2410e8227df32d34e4dbf7,17458,27,
konbu17_v36,cherrypick-unsafe,task244,b0c5dcef938c926798c972fa90147b98d9548952c83b77c001b0b64c2b31453a,5006,64,
konbu17_v36,cherrypick-unsafe,task245,a3fb1885edb565b2155a021be192b0f5acdf4d35a0d6e02610f98968fc1b595a,3138,43,
konbu17_v36,cherrypick-unsafe,task246,d9d2747e5a580980d780b4f14092d76833999e908c06b266f1a8bd60a9923301,2621,31,
konbu17_v36,cherrypick-unsafe,task247,fc2dbe67aebc31327d723ee544d10ecb74eeef278b28af529834827cc6e28cc6,2063,27,
konbu17_v36,cherrypick-unsafe,task248,de6dea145b5fc1980272545ff2433af971c11276579a52b165a408152a553986,1636,26,
konbu17_v36,cherrypick-unsafe,task249,0243bf1aedf9b6f5f69e2e9f3f13d810525963390c81896f4ff9d243219d6805,1635,16,
konbu17_v36,cherrypick-unsafe,task250,86a429a6f3b37a6c9eb14299e0c9b86b8c80924ff58c20595098049bc6f35d5c,7717,131,
konbu17_v36,cherrypick-unsafe,task251,b68622d7a51e4edb86616564c90c4148a320ad3db9b5e694472fc14de436b284,6992,58,
konbu17_v36,cherrypick-unsafe,task252,74756aa221a981b642e980a4ab526244a594224ba95f339f337245283441c89d,3972,27,
konbu17_v36,cherrypick-unsafe,task253,625a8eb1182b005f3e618c2ddc4919131af5436d69ea4cb01c9f34f75580a9c7,3015,16,
konbu17_v36,cherrypick-unsafe,task254,0d1b2d950ab0520b81e68df0fe01e23ac6d4ce00235478ffeceeb68551d51561,5954,39,
konbu17_v36,cherrypick-unsafe,task255,c8f7cb6883010695fe0179bc1d01aa009411f8cec8b0a167f4b710e494bf109d,34023,117,
konbu17_v36,cherrypick-unsafe,task256,5c3d3ca0bdea5fe09053e234149311b4f321212979c336f18ff1d59c28fb3281,7365,38,
konbu17_v36,cherrypick-unsafe,task257,6a067de9cc5471e02ef702ac48d8f046ab2f66a339defe07116dd7d4958ffcd6,1096,16,
konbu17_v36,cherrypick-unsafe,task258,6b10c8f68c3f698cac996ea80bc7cd4b286ecc945d94418579e5f73e574478c1,3888,3,
konbu17_v36,cherrypick-unsafe,task259,33fbd2110d1418a8a6418ea61bdf15583ad61835dc99435ed385c48f757245e0,4306,51,
konbu17_v36,cherrypick-unsafe,task260,dbb4ed6355d643a9945e5a9305640970364abeab94645bca2170bd518e603a99,2466,26,
konbu17_v36,cherrypick-unsafe,task261,3f9dec31abf862c3b19b855eef6c0f5ce08dcf4c21955bcb89786c5645a8ae64,3888,3,
konbu17_v36,cherrypick-unsafe,task262,2012ba409785fe7a880de0c5a6b9bdbd71e83f06681d6dd57739de32f362380d,1950,20,
konbu17_v36,cherrypick-unsafe,task263,faf7b54959a3e2bda9f29e32826173679ceec6e719eff28964f48acc1206069b,11453,162,
konbu17_v36,cherrypick-unsafe,task264,0947f2554e779ab78d0c9e32c481f82ecd97307e77a3ce92d3cad2f5d92aa0f9,11409,114,
konbu17_v36,cherrypick-unsafe,task265,2d6cec4b56e7e041ee51fc24f94f91aeedba44ac12e54e6091ee5839103de64a,2945,32,
konbu17_v36,cherrypick-unsafe,task266,ef6323c27c72697e365058250a8ec6a621d479ce93fd92e912581bb7c47bee6a,2465,12,
konbu17_v36,cherrypick-unsafe,task267,20188b97b3d16e2b8fba503df20c20f7a65b2b6f4e31ac67e56b1d15bbd1d5d2,1321,9,
konbu17_v36,cherrypick-unsafe,task268,7b745c5d051f7ffc556bae9bd3feefec14bb325616ae740945f4b5bcf56ac742,18815,170,
konbu17_v36,cherrypick-unsafe,task269,e01a43c47939e8a6ec1b804ef16aad39fbe84c05eacd6fa62dba742764a4fc3a,2387,35,
konbu17_v36,cherrypick-unsafe,task270,de4452f5ceb78efb5ed81c15ccd96957c4aebe7e91c0419c5f82fd254e1c63f3,10862,56,
konbu17_v36,cherrypick-unsafe,task271,331f9b01bf9a980eccf086e2f302b55a3b11a8ca68000bac2214611c6992c604,1432,22,
konbu17_v36,cherrypick-unsafe,task272,7a9bee2aebffefddabebac22444aa096a4838b2cc97007adb7c557119ba12b6e,1297,11,
konbu17_v36,cherrypick-unsafe,task273,0272d9f444bfc965c5b54fbc647cdd99079bf09756285ee3397b877b965ad726,1601,24,
konbu17_v36,cherrypick-unsafe,task274,16c49e95823e84f06ed23b008793cf2734b79a98dc2eec7948735d763d5ec465,3619,16,
konbu17_v36,cherrypick-unsafe,task275,62649496bea5432d05ec34cfa9e170d8570283e677a57de65c638d3c04298ef1,29488,261,
konbu17_v36,cherrypick-unsafe,task276,2a3e881ae92099c36f1955bdf96ca1e9f77a4ef3d1d3eb58c63eccc80a655c7e,217,1,
konbu17_v36,cherrypick-unsafe,task277,452d777d98cb335b119c49e69254467ca3de9be0cd1be7293750687c137dff52,146695,13,
konbu17_v36,cherrypick-unsafe,task278,74b2bff851a2d28a476c34846fe6ff03e3509e09e225457b09953120316ae44c,5032,13,
konbu17_v36,cherrypick-unsafe,task279,2cb12937eeb56397d2f9ba5b92e1e6a12c8f433c1af5dc5b8bb984ee58b4a3f4,4651,41,
konbu17_v36,cherrypick-unsafe,task280,79041a36af5a2d82cf8304be0c96106b16e0855e3da59632f22a37ce83900080,11540,137,
konbu17_v36,cherrypick-unsafe,task281,b62eac7392debcb6a5c07f13a98803a20a6945ab85e1d1fca2328774543ead9c,4029,65,
konbu17_v36,cherrypick-unsafe,task282,da37ec0d207ad711f56378ddee8bd382bc2755168c7cdc6ce5ba3468a9695c7d,3834,2,
konbu17_v36,cherrypick-unsafe,task283,9fae5b11052d7c8e9e6891d2027705f989ff6d7d24daf9b9290705d9879c7ca3,2116,26,
konbu17_v36,cherrypick-unsafe,task284,3c8c4b60a00dfc1b2af918270c57a97c71f621cbda9cfd9d0519164180c9604e,5203,160,
konbu17_v36,cherrypick-unsafe,task285,a11adaebc6ba03aef9f4be27971e055aa555b387933f6aa535efdb77384bf738,98389,19,
konbu17_v36,cherrypick-unsafe,task286,162e714210c5626346ce5de06ad9366247818800f0e24b36fa0358af48166ade,14243,142,
konbu17_v36,cherrypick-unsafe,task287,0091a099ab1b6c0d01c6bac1e8920ecbbb92abc196868afb9149e1cc349e2430,1011,7,
konbu17_v36,cherrypick-unsafe,task288,a382d6acfc799fe312f07bb209f8f308dca972dc83bf7e7593c02de657283e6d,7578,68,
konbu17_v36,cherrypick-unsafe,task289,3ea942b89d2bf334ac665097b7ec29f850649ea07362b84dd55ffd44448809db,2005,27,
konbu17_v36,cherrypick-unsafe,task290,02f984b5759fbb5e2209a67fe49e60e758ba6dcbdad0b52c8e307d431d4942f7,3310,46,
konbu17_v36,cherrypick-unsafe,task291,2f3934201a13be255ecdc6b094c335d207507ae094024cbe8e305bea895b1b84,5900,41,
konbu17_v36,cherrypick-unsafe,task292,1335cf09295b1062beba0482f7e8ae610b14880fcebf1487e0085f852a1c6c6f,1209,6,
konbu17_v36,cherrypick-unsafe,task293,fa50fb98a55357f13dca0f7b3bbb46036109f6783929d8e31849258ed0b9a8d4,7175,53,
konbu17_v36,cherrypick-unsafe,task294,5d2b9e1f8fb716212b88b130e4882a5325074f3aa172e8019b75b64df51e7dea,1220,9,
konbu17_v36,cherrypick-unsafe,task295,d252d62850f23b44badae5e6be1347a77947d1077338ae9910c6ef946b45459a,1994,22,
konbu17_v36,cherrypick-unsafe,task296,6784f3ab0a2ae11e432a14bfcb09f4381d6851f2a9f8b7e33c541a2af7153093,2704,10,
konbu17_v36,cherrypick-unsafe,task297,50c969699505ea64d9952b2a6589ba0c7bc3355921d912924695081e286e6bd7,2296,36,
konbu17_v36,cherrypick-unsafe,task298,167f97e8ea16a43fcccb630b807413f3e3563483f7a98c3bed2e56fd96e862c5,4216,31,
konbu17_v36,cherrypick-unsafe,task299,34526c15cc5a9d658ca3a0bfe0fc3631dec4d5a9037b6d6a7d1e19f1d98b16d5,1387,19,
konbu17_v36,cherrypick-unsafe,task300,eaef4b5110df8c41be69d36cffd6a966a0dc74d916a6f2fb1fda49346410e579,3308,44,
konbu17_v36,cherrypick-unsafe,task301,c59e075441d2802a92f6c4ec2ce9dcebe9e5508a212c24d829bc41a4e4a37f11,19286,48,
konbu17_v36,cherrypick-unsafe,task302,ac6c2855939275682800c572700f58a30e908ba22fcef12d8f056f7ce66f7a12,2439,33,
konbu17_v36,cherrypick-unsafe,task303,edeb2a7b260c7ebd8273e49e9d68bbc009ae72d7e5f5a1588df42217f9d13edf,1855,9,
konbu17_v36,cherrypick-unsafe,task304,71b5fd65edcf2f15094712b8770e5e789000a272014e1449c7bdc24cedddd631,1547,17,
konbu17_v36,cherrypick-unsafe,task305,49dd24a90eec27bbb7521bbcef5e2e345cb1ddaf830f21a7f00fe20196dcd8cd,1683,6,
konbu17_v36,cherrypick-unsafe,task306,f5f02efdb7d9a15d646a8f5f3fd6504fefab9903f79176f3fb1d858caaee43c9,3086,33,
konbu17_v36,cherrypick-unsafe,task307,badc5326d1acd892c77212fc876a3f3192e5b67a9806ab111d1e9589eff70706,7454,1,
konbu17_v36,cherrypick-unsafe,task308,5edff0cccc399191618c76e108924b760805fe1cb90b11f751a15721dc16f70d,4034,60,
konbu17_v36,cherrypick-unsafe,task309,c47b834e65872a11ec0cda3c8246948b8365f81f916610b49ed07267815733d9,217,1,
konbu17_v36,cherrypick-unsafe,task310,a81e619b8bbb488bbcbe3a3b07c322c1ddf27b27bf08a93f2f74c9b5077100cc,4108,66,
konbu17_v36,cherrypick-unsafe,task311,250771b94d3db4658d4ac04e3bd9a0740f2af0f3aba0bb9b5df4d6181bb470d4,479,1,
konbu17_v36,cherrypick-unsafe,task312,8dcb59b56593d38c9ceef42fa06033c6a1d4b28ea77cb10a2ae874a5f5796c42,788,6,
konbu17_v36,cherrypick-unsafe,task313,105c0ea1cf2bd585f550b9d8343fcb453f060fffafac34c281618eafb72d8c46,39724,34,
konbu17_v36,cherrypick-unsafe,task314,195d5a33edf6e72adf23ed54dfebfe1b907fedf8d8c0f1154dc47e3364b27917,28158,218,
konbu17_v36,cherrypick-unsafe,task315,b88ba81cc86e5321da4668aebc42f208368de48acafabd81a439918a67ecbce9,1209,10,
konbu17_v36,cherrypick-unsafe,task316,4ec1e4eb2f0868e992abe072987ac86b86b3609a20058b8fc7a9ed70d2e871bb,3697,49,
konbu17_v36,cherrypick-unsafe,task317,70c3a7c41141a8370a654d5c09261746d6fbc8fc1188a7b775ab8ce6da38d539,3888,3,
konbu17_v36,cherrypick-unsafe,task318,0f0e1cc889d63f42652ae214a83970b146ce34b29842893d70be0087b61ec612,1560,10,
konbu17_v36,cherrypick-unsafe,task319,2bcedd1b7b5d14261ecef5da7957a6158efa620aeb7d1a4c265d071bd9a2d0f8,11412,19,
konbu17_v36,cherrypick-unsafe,task320,8b7c0aaaef9a9c8a8e09fd16445415ba8a54d77f6a65ae1a19d3ef1076c5c0ad,1491,10,
konbu17_v36,cherrypick-unsafe,task321,8b31b3681de2b1b36d1b4d724facb553b9304e288d48403faa63cc90a820080c,1931,21,
konbu17_v36,cherrypick-unsafe,task322,230304fec46942f8ad10249ce0e35ea6bba563ca22ef535a9767f27624dbd55c,968,8,
konbu17_v36,cherrypick-unsafe,task323,11aed3533f074e2a25a4cbd4ce1c4fae379f9f58e1e4fe26ffe39fb853b442b5,9125,113,
konbu17_v36,cherrypick-unsafe,task324,76727fc58237d4301bc9593c7f326ba6cab9f445f57c54ccbea1461a66bce022,92671,20,
konbu17_v36,cherrypick-unsafe,task325,017998dac5a8046b2a5b08639fc9cb710a7d57bfbf66a7f3de6a4484d2c22d70,4463,41,
konbu17_v36,cherrypick-unsafe,task326,679e7cdd361ecf5440084b06fcebb0f9e1e8f1f9621b3df9a31d41b095815c07,346,2,
konbu17_v36,cherrypick-unsafe,task327,79462013947da5e8316e5c27c1e7593593fe9334334356be7301c82782a72c45,2356,21,
konbu17_v36,cherrypick-unsafe,task328,62a3b98d772f0ef5af4d51e404ce8fed2f5c849f749866079948ffa633d0986b,14856,132,
konbu17_v36,cherrypick-unsafe,task329,c08d058966156dae5aab8467c4f7d3888bf1f830c47ab2e5e2106de45c91725b,1574,20,
konbu17_v36,cherrypick-unsafe,task330,065964f675de5dff7ab56b8fbad115f5397a8fb60ff0778618db28a0745eb372,37731,483,
konbu17_v36,cherrypick-unsafe,task331,9494d44a7e14bc5002bd2a7c95ab0116f20db9ce1c14e9ebc9dd48da8bd58557,3888,3,
konbu17_v36,cherrypick-unsafe,task332,5ee7ae6c38a81637a460ac79ece0c859953e4e550bcdc7b67d4774173557c96d,4191,29,
konbu17_v36,cherrypick-unsafe,task333,be9f2af5501b0c0485566c6680ffe73f3461f6c90c48e01d66d5c44b2624a1f9,4530,61,
konbu17_v36,cherrypick-unsafe,task334,7cf8e36e93bccf26226adc1d02671e72d48d747bc6fdd93ca0435a1baa2ceb85,2063,5,
konbu17_v36,cherrypick-unsafe,task335,55ef6b993a9de5f8383969d06729b850c90e74cf291b6c2523892d7b79d16a9e,2262,39,
konbu17_v36,cherrypick-unsafe,task336,1cccac17cc34b96281355eb83787039a082212615bd7da5cdf6f11a76514ace2,4934,100,
konbu17_v36,cherrypick-unsafe,task337,c276f5799bf0f2f77bbc0c31f5ed97472afbff9a946326286e229929029e2484,159,1,
konbu17_v36,cherrypick-unsafe,task338,e423195c4bad2f184954f6c3b8ea9c199b696679da627914b28dd76cda6c2858,5514,36,
konbu17_v36,cherrypick-unsafe,task339,e8be4c26edfb079da2c23ae2f0b4d5d89e4dbc9c4ef2dd065ae8f448193eec36,2038,12,
konbu17_v36,cherrypick-unsafe,task340,2b31ed5a2fd1c233440ea7bde32c457f125799f3a6c32f53cdd1909296b23a77,3695,91,
konbu17_v36,cherrypick-unsafe,task341,827d529e339914e5c4a07aee18bea9670234fe6f64efd46a8c1b7cd2ac61397e,8614,99,
konbu17_v36,cherrypick-unsafe,task342,3e6052a1226d649a6925734a2fc07982555336e0c4035fddf7f2d609402d93b8,3679,39,
konbu17_v36,cherrypick-unsafe,task343,20b2ca50920567e4b7c7619ed7b87397a20d534063979432907ec4c8481c44f2,7380,95,
konbu17_v36,cherrypick-unsafe,task344,9cf81fdcefb2c1796dc7e0aa675b3a0076d8a14b1cf06223475f5f4df8808f9e,10288,3,
konbu17_v36,cherrypick-unsafe,task345,c969bfa2d40f065c2b2f3944298a7a83ec2ad885289a740ad09a828df836a6f3,6657,32,
konbu17_v36,cherrypick-unsafe,task346,108c9a7f34d126f34a6de84e342843fea3083beb4953fa1eb2e8929dfa065e15,2959,29,
konbu17_v36,cherrypick-unsafe,task347,357805aaa64063e014b1420677c2bfaf28e98198023e9d6e17f2d53d8ff3a701,1315,10,
konbu17_v36,cherrypick-unsafe,task348,ca4e5b781ab0ea4fce6c59e7d9e9e090e20f68b7bbb8763e5a70823236dd8f3c,1959,29,
konbu17_v36,cherrypick-unsafe,task349,560abaa9b9d133e7c6060671f9c2990e3ca3f3a5e163c3a06c449bfa72a9c57d,8197,99,
konbu17_v36,cherrypick-unsafe,task350,a8c8ce1f977373b426a76aea4e3978b2e6f9a922fd735cfe10b3d5863008e34b,2016,19,
konbu17_v36,cherrypick-unsafe,task351,ebabfa87f4bee0b8b6c77c810f52f823e2bd0ce5b5cddc9cae0f44e7b3b39f64,1769,24,
konbu17_v36,cherrypick-unsafe,task352,4e2ba303d5e902dfb13dc7b832dd11d71dce2382a9844e75d95198781c9b45e5,1079,11,
konbu17_v36,cherrypick-unsafe,task353,ab5b3476ee1d97768687a47a55c25cc7648d4ee25f2793ff664403fb61e3dff4,2206,31,
konbu17_v36,cherrypick-unsafe,task354,a4fcbcc1ef0fd8b1a7950c768d7a39b706052f1c2c56e6e41edbd73314bc6f98,4335,38,
konbu17_v36,cherrypick-unsafe,task355,9158cfeb3882bc283f83e3a61691b04ba3954e0a94f25bdedc661ea0cfb59cec,4606,51,
konbu17_v36,cherrypick-unsafe,task356,30a0f33ff88611dfd8f2792b743f9fb292abb7086214f56edeb72d2378584ab5,1569,21,
konbu17_v36,cherrypick-unsafe,task357,7e0b999d646ba6b02522f334611ed8405dfa5cbdc6a9b75744247460247f6a9f,1636,26,
konbu17_v36,cherrypick-unsafe,task358,d23d4c6153ba1e48fea767d47a60d7095f49f5c0d86c065b73a781ca0ed1aa86,7583,132,
konbu17_v36,cherrypick-unsafe,task359,01186b53db19d018131c110943b54c2f928ee3c10f5e0c6eb99477e56bade2be,2832,35,
konbu17_v36,cherrypick-unsafe,task360,c54b241695af034496b6d77d0e3a8e42cb7ace11d89cba9598c1d25f0aa53bfd,1081,10,
konbu17_v36,cherrypick-unsafe,task361,788d29239e3b92a420a677be25f55ea8ff79b67d66c91901f6a0d606630844b4,6275,63,
konbu17_v36,cherrypick-unsafe,task362,298bac460bd9f74e7fffafe2e159fb1ca0c0f1d961daa3c71d1b3b914d39e768,2053,28,
konbu17_v36,cherrypick-unsafe,task363,d1badded34870b0177b4e224a576e1a3bd4975f9d8be29c51c6f08ff4f62bc0d,27811,26,
konbu17_v36,cherrypick-unsafe,task364,532b9d96e95b7303519eee1d6d0a34cc3224b56caa75c28f16211c4ffa7f2cff,10500,125,
konbu17_v36,cherrypick-unsafe,task365,3850de3e1f3c6fbea2e1c00a30b53fed099073c95c1916c3b406bd6363185a95,14408,218,
konbu17_v36,cherrypick-unsafe,task366,c531c714a07f454555231a0c3b96208b3413b35fb942dcef00c34c8d4b9a7b79,285823,2597,
konbu17_v36,cherrypick-unsafe,task367,5fa6fb50a30dcfdad263a1313411ba90d84ca174acf820743bd1db6951374dcd,32977,109,
konbu17_v36,cherrypick-unsafe,task368,ebde7a1f689cc8c8bc5b74c85f4ab4d73e46e7afec7f59f1517b22522eae1c45,13733,203,
konbu17_v36,cherrypick-unsafe,task369,cc0fdd789fa479ca40ecf4040ce307df9bd00e6feccb5a3dbfc2265c7067444c,4677,24,
konbu17_v36,cherrypick-unsafe,task370,e1540499a3452d42eb0db3e60229512cacc189d92c8dda738a20097eaae011f7,41171,398,
konbu17_v36,cherrypick-unsafe,task371,aba98d752c4994f95c409feba9afb21425b5bb49ee44ea971e80d195cb6cde12,1830,21,
konbu17_v36,cherrypick-unsafe,task372,80f5883b8c3e10436720d9463d474ac684939872c2b5e04036b0a7f95aef02c8,1072,10,
konbu17_v36,cherrypick-unsafe,task373,7849c3fcd517b7f2532ed2052e5f57687556bc8624ff1139dc3da8d76aec49d9,924,6,
konbu17_v36,cherrypick-unsafe,task374,1556c43b799d4e90fd3115bb029b0ceb0cfa872fafdba9fc195e52052e553c2c,20142,300,
konbu17_v36,cherrypick-unsafe,task375,66805694b74e89ba434d3608d9841b3e8ab9fdecb8b51650c7916947fb720f1f,1685,19,
konbu17_v36,cherrypick-unsafe,task376,01512f15b94ae5aed694774befa6158f1bcbf1ba846d70ba62c2e6e8eb656292,2229,27,
konbu17_v36,cherrypick-unsafe,task377,0bce0cdc70d741ee31cfb2fdd524bf67384cb3e6e95910f6abe2057f567cdd7f,17361,207,
konbu17_v36,cherrypick-unsafe,task378,22f9a0488e5d68ed280b1accbb0dbcbdfac7d790986925eec0c4c9c92b12dc0f,7256,98,
konbu17_v36,cherrypick-unsafe,task379,48092bf9837b9d3ecf8290ac3c5e93c53d9c8b97da6679dfd25e3a99864dd69c,12333,112,
konbu17_v36,cherrypick-unsafe,task380,acadb16e6aa5fdcf755b2e9eb317699526f4d9e0790227464e1b30596156b64f,608,4,
konbu17_v36,cherrypick-unsafe,task381,b8fc48156a5e19d7ae27af2ed7d6954afdb5a598125bad096a3b6d726219de3e,5721,20,
konbu17_v36,cherrypick-unsafe,task382,69b7d41e2e314796b5dcf10c65f15dc5bb7fab83485d1ed0a2b4b0e0ff5731aa,67623,372,
konbu17_v36,cherrypick-unsafe,task383,c5064c493bfff4206c2f36771edb40c1b729cb6b26cf280ab5587826e8cf504e,9781,86,
konbu17_v36,cherrypick-unsafe,task384,595cd1cee7c54b1bfcaea10505e05c00c82dd89803e52c58c7de19fd7857f1be,3017,36,
konbu17_v36,cherrypick-unsafe,task385,25926c9b19751ec1f764790f706cee08e42d8aa98d4c2a63cb56abf561b24ae5,183,1,
konbu17_v36,cherrypick-unsafe,task386,14cc0f301ac7356b17cbb53df1759aee4dbdafe5db9650f055470943c424b0da,1409,12,
konbu17_v36,cherrypick-unsafe,task387,c790ddb0aeb3ab4f0ac0566fa3e50faebaf2bb67659cecdef55cab28332526ee,101207,15,
konbu17_v36,cherrypick-unsafe,task388,569a531e785c65c9f48cf575861dfeac70f2fb8c90f428da0b088e1109ab845e,4623,50,
konbu17_v36,cherrypick-unsafe,task389,298ed6a4b4bc5dd85821aca5ceebd49feca0568c176564cd7da9fa99ada841b8,1158,15,
konbu17_v36,cherrypick-unsafe,task390,1ec94b4b1477a23fd1867974ae347c888339262ad21ec189cb92884a1052dcea,7686,41,
konbu17_v36,cherrypick-unsafe,task391,e908e3b78fed4b93ddf724cd0d3baceaa0e0418fae282f85d85d802118ecdd30,3352,44,
konbu17_v36,cherrypick-unsafe,task392,77f9550eabf728fcafc5a13fdd4741457e6df4090dbc3e39eb39f3ad4433b33e,13063,42,
konbu17_v36,cherrypick-unsafe,task393,aa35512f03887370ee4d5c52ee253024e75deb217bb4f8fbdfe1adc495a5ad3e,3056,40,
konbu17_v36,cherrypick-unsafe,task394,ada607098abe664b9c6ce1e2221471fbedfdd76db7a091958afcbd872c7ae8ed,5232,78,
konbu17_v36,cherrypick-unsafe,task395,5795e0ff631e75e9d1a86e91b19aab96625ef3a8499788bd740698667196ac9f,1417,12,
konbu17_v36,cherrypick-unsafe,task396,fc9361058950c41c5397c8c92c4f5aefd6728bb058c9a7cd48c6afaa47b66308,95200,250,
konbu17_v36,cherrypick-unsafe,task397,91397ec60cf7b5a907aacdd3da8f5f28b0e197802b95ceae3a5d5c4f36767af1,7851,87,
konbu17_v36,cherrypick-unsafe,task398,3fc598cf7a42b927da82981d3c0031988c257de777f3feb1b984c00a8b44c083,8759,40,
konbu17_v36,cherrypick-unsafe,task399,55110040fae15ae0405aafa5e746f1aa028ff1790ae606c8f2093045ba76311b,3162,9,
konbu17_v36,cherrypick-unsafe,task400,01d87788bd3d6e9a9f750397243d91a88d09656a8d9434b80b7a272279801140,2490,24,
afr1ste_6335,cherrypick-unsafe,task000,5e063cc4901947cfb17d7f9264a6f03ac4f0cb65dda31235fe448851eb4428bf,4370,6,
afr1ste_6335,cherrypick-unsafe,task001,43b88037f26f64924bd75704f41ce42c33eead2b756ff06b26e8a5726a5f0a68,18100,188,0.000000
afr1ste_6335,cherrypick-unsafe,task002,127637e76e0a3235665d0d537e01a581e59e05ee48e60a0d7fbcc7df2ba2b1d6,61376,886,0.000000
afr1ste_6335,cherrypick-unsafe,task003,7ece9a6daa44edb49840a1e0c6ca23a35ff34af3cb1aa3a865304e41c70e8f7f,4921,67,0.000000
afr1ste_6335,cherrypick-unsafe,task004,b418b5cfa65485411d3795b77d4d65901c8dd806ed52e5bcc81f2e1479e84119,18032,13,0.000000
afr1ste_6335,cherrypick-unsafe,task005,b415658f839f1438e0239e15e5dd501d0a5eb0b925514c779f4569c3f7a2ed71,15334,183,0.000000
afr1ste_6335,cherrypick-unsafe,task006,9835a942cae01b16efe76cf149e9e2cfa2abb79f44d5c092a8ddca4768e49a08,1956,14,0.000000
afr1ste_6335,cherrypick-unsafe,task007,d6d4153d4ae541eddcf1ac9d46e59db22f3ee81f40481b9013e591a65524f01b,13527,39,0.000000
afr1ste_6335,cherrypick-unsafe,task008,b38b5c538623b64012d8d092504b653142b9c47f5370796b79adb202b0a62be9,117210,822,0.000000
afr1ste_6335,cherrypick-unsafe,task009,28dbbaf4dcb534e51568977310f16db5a07f4226a5ba06ed4fe31e78fc255c66,11946,135,0.000000
afr1ste_6335,cherrypick-unsafe,task010,803c69f43f9f753da1a0faa9bd30bdeed610a0d10f76385d22312ad04cc8cb1f,7951,80,0.000000
afr1ste_6335,cherrypick-unsafe,task011,0705a2dfa709bf9843a853c8b5ec749bee7e97a2a5fd192d24e70949bc562d10,11092,103,0.000000
afr1ste_6335,cherrypick-unsafe,task012,09aa1d7f25add42e3d7f34c73926ce5cfb875e2a2f200e3620a82ac4ee3be83c,4612,25,0.000000
afr1ste_6335,cherrypick-unsafe,task013,3afefc2242bcb34b040113327016e5ca7f5fb6ec2bc53b14c715c77d325bfabe,5972,70,0.000000
afr1ste_6335,cherrypick-unsafe,task014,579efc32b51e32086cee2a20745740c37d8eb0e6186e747d9b932e6c269be8f9,3962,61,0.000000
afr1ste_6335,cherrypick-unsafe,task015,095c470895141983ab98aa958ed8fe5761a3a34431111532faad27b2652f8d5e,4049,5,0.000000
afr1ste_6335,cherrypick-unsafe,task016,f6fd486d82c7781c3032b0c3d0d44cd0a77c1af6d9ee4a61604300e976187d56,171,2,0.000000
afr1ste_6335,cherrypick-unsafe,task017,50d5c2ba6207c59287dc353d74bedfb3475ddccd2b978309bacb117f6c25d82f,22854,113,0.000000
afr1ste_6335,cherrypick-unsafe,task018,f941a7a6abaf3f26c03b8b485e680ad55eb9ec53bd966f2b7521c14ff6c7a318,28788,27,0.000000
afr1ste_6335,cherrypick-unsafe,task019,2584abc1cc32ec0c14881d903504210d6f2cb90ea02b452dc0d55fccc71cd040,5388,81,0.000000
afr1ste_6335,cherrypick-unsafe,task020,1ab5136310f983f43ca1ba4a6f6ccfce26c467f68e1214b9a998d78d891249dd,12014,53,0.000000
afr1ste_6335,cherrypick-unsafe,task021,956680b138d25f6f9270e391d965330495cc155b3bf07ab9d0b75273a7b24c29,29942,250,0.000000
afr1ste_6335,cherrypick-unsafe,task022,700c01d750d31ce181bfe3eebc92edd8883053a3b64626e5d3a30609bf9c99b3,51421,291,0.000000
afr1ste_6335,cherrypick-unsafe,task023,ecc92f4bcac3035dc287d514c4d2839d3258dc635aed5c66c6b0e0e934909a8f,2795,15,0.000000
afr1ste_6335,cherrypick-unsafe,task024,0a5f7dbe3cb3e3a4a22d88caf9e1357fbd349bcbdbef91117c635085688a14df,2684,17,0.000000
afr1ste_6335,cherrypick-unsafe,task025,035521c1b19220741756ece7b1a86747c579133c5cd82a72d41ecb210616e0c1,5497,62,0.000000
afr1ste_6335,cherrypick-unsafe,task026,2f83074bc1ea18b30a3eab4d18425536d4cb0e5edd83629878085f2b2b1b0ac0,2102,27,0.000000
afr1ste_6335,cherrypick-unsafe,task027,cbd05d042a4aa2fe15b5d4cd8df5a56da6c7160812c1fbc873ee77c700ea5ed4,32003,43,0.000000
afr1ste_6335,cherrypick-unsafe,task028,873f1861265cd386208dd40d5e6a8e3041f48d7c9a8aa5203b50b6f8a37fc026,3933,40,0.000000
afr1ste_6335,cherrypick-unsafe,task029,25ab0c0893d681ca4456d7020af1bdae2dcb23cccd19946bfe1407bb7af2d570,56459,1018,0.000000
afr1ste_6335,cherrypick-unsafe,task030,4a3e09fe63c2aa331e99c27ed2a3d9b1884e75d13186f8e9c7c4ba19768a039b,5691,91,0.000000
afr1ste_6335,cherrypick-unsafe,task031,b866c29eace9a0e7e5e9747da7e18f6e36a95c728bb35f73ae37509afd5f0783,3109,43,0.000000
afr1ste_6335,cherrypick-unsafe,task032,0c607e56202abc4477ed75c193f6568d4dd65f3b42054b3ebb0459e04f53d1ef,2048,28,0.000000
afr1ste_6335,cherrypick-unsafe,task033,c5cd5393821a27d39aea945cad44b0d45056cfcdd5996140f6c0d37606efda70,5548,107,0.000000
afr1ste_6335,cherrypick-unsafe,task034,5be187c602b7479486bf41667a1b005fbfc8d0add60ecc08c81533112aff7c8e,29127,359,0.000000
afr1ste_6335,cherrypick-unsafe,task035,f9df4ccf74883867fd981f03a0defbbe751ca9e5871a46e2d17246c0eee32218,10230,117,0.000000
afr1ste_6335,cherrypick-unsafe,task036,776e2cbcebd885b7957df90e1cfad5d69bde9368a1a231d92113a591800ab1e8,4543,72,0.000000
afr1ste_6335,cherrypick-unsafe,task037,548da712bfaffaae8479a2cd1342c0965474515412df1e9861897a16212ea02a,10688,54,0.000000
afr1ste_6335,cherrypick-unsafe,task038,e82982b782c80933b3d6bddf41dac6b975f25d28149d9af88c60b97eb422997e,46853,25,0.000000
afr1ste_6335,cherrypick-unsafe,task039,43430ed8a269ad0fd9da3f7a90f36fcdf0434f03d4511cbefdf93514851113dc,5582,26,0.000000
afr1ste_6335,cherrypick-unsafe,task040,fdcb0544d532d30afc8ab213c2a3b439090b76b042c3892f0a16de9b8e32af2d,4827,57,0.000000
afr1ste_6335,cherrypick-unsafe,task041,591656a17c1d6c0f707b3faa0fe8cec7764a594f60077e7e49516ca989a9cb95,1445,16,0.000000
afr1ste_6335,cherrypick-unsafe,task042,45209cdd8d698f94b8109561606d187fa053c8518706e53cb6d224cf3ed43c21,17812,90,0.000000
afr1ste_6335,cherrypick-unsafe,task043,16b03e9b45d498af3daaa657791c3111adfc08dfd3ad365953ae1e6815d7e3f8,1775,27,0.000000
afr1ste_6335,cherrypick-unsafe,task044,2768fc554922d990027d3fb1485dbd38ccc56b965262d1c62d1c88b4bd350702,22229,495,0.000000
afr1ste_6335,cherrypick-unsafe,task045,88ad4ee6ed2086700577ccd38c40893ba0dd275a858b30ab2f0917a74eb04403,1905,15,0.000000
afr1ste_6335,cherrypick-unsafe,task046,4cfefda29ab50871544e1ab08ec80b036e8be2811896c3ccb970270a0d8c9f5c,9619,80,0.000000
afr1ste_6335,cherrypick-unsafe,task047,a3e85cd71e4c6b278182e91ce6c5f9367bab526244ceedfd281c141fef1aa3aa,1841,9,0.000000
afr1ste_6335,cherrypick-unsafe,task048,10ceb318661654c0276d0a003760b1b06fb558415d0b4e810601ab0a4bc37318,109401,9,0.000000
afr1ste_6335,cherrypick-unsafe,task049,579efc32b51e32086cee2a20745740c37d8eb0e6186e747d9b932e6c269be8f9,3962,61,0.000000
afr1ste_6335,cherrypick-unsafe,task050,9f9631e7c582dc5f86e08dd071d40ab7fc91066d03854ade9a9d8ca7f9a82d33,2333,34,0.000000
afr1ste_6335,cherrypick-unsafe,task051,2effc3af4f44ae80be90b48be573ca3952fd7d6b7637c6fef1f2c21f2c43a3a4,8697,99,0.000000
afr1ste_6335,cherrypick-unsafe,task052,a2bfa0e5676f3f46a40ac0bef913a6f2a09b8697a7d9a76c9a015337d46d0157,67103,165,0.000000
afr1ste_6335,cherrypick-unsafe,task053,067305e37ef7ac5e940e964cf5514857277ca030b3c201b514eda45241ddfb68,167,1,0.000000
afr1ste_6335,cherrypick-unsafe,task054,4c2e6aa86bf3f917fd725c7e8b74aeed0a65f908deeef5f637cc69f4b6f52298,9372,128,0.000000
afr1ste_6335,cherrypick-unsafe,task055,f41d8da12373c5c6df1c1b77a890b6d9b882ac0236fbf4c4edc8292551a1f830,17394,214,0.000000
afr1ste_6335,cherrypick-unsafe,task056,e5b9dc1c1b6bd04c1bbc2cca967d6d3c1f12d1dc0fcb34e183a7048be963b5e7,40633,53,0.000000
afr1ste_6335,cherrypick-unsafe,task057,a3c4b20da0fd8c42400b14342d032eff15e3ed13888a3628bb4dadc688bd000b,2442,29,0.000000
afr1ste_6335,cherrypick-unsafe,task058,f1b1a627f4e85ebbfc42dc0e7f5f9f939aa54b8ff089725141969f28521b157a,167354,287,0.000000
afr1ste_6335,cherrypick-unsafe,task059,8f789958e728442efff3c84f880d92a83cde2894a174d70ec337773cf3048be0,3589,49,0.000000
afr1ste_6335,cherrypick-unsafe,task060,4ad0f27b9e7f8622eca7446b0d27356732c72d7232ae59ce609e196d375aadec,5844,23,0.000000
afr1ste_6335,cherrypick-unsafe,task061,302e0150b73f61060b9814f38d8b31e4ca4deeee0fc67a828518bb5320f8f156,61167,87,0.000000
afr1ste_6335,cherrypick-unsafe,task062,a4db4cb0ed59c676d8799bc3a6d326329b42a88b96d8269df3fc8bbb85c37079,18091,251,0.000000
afr1ste_6335,cherrypick-unsafe,task063,b0e249e3aab01a0b592aaf8edc96afa9ba21c9650e45625e0a277f838718ce8a,2612,43,0.000000
afr1ste_6335,cherrypick-unsafe,task064,ae33de3137d7b84c4aaa71ba1a4a62f26f7a79b2366cfd102e1ad81a587cef62,5134,52,0.000000
afr1ste_6335,cherrypick-unsafe,task065,0e0a22d6813659e53085d5ffdae473c5f62b64fa6a2a2e527e79a10008894628,7357,70,0.000000
afr1ste_6335,cherrypick-unsafe,task066,0f87ccec372f96426c7124bf695f7adb963c7d39feb4c4cdea741334c6db1b3c,22609,74,13.481003
afr1ste_6335,cherrypick-unsafe,task067,4edec40bf8a309852700eb3d475cc66bd1a2e4175381b199610981e91886cb21,1366,15,0.000000
afr1ste_6335,cherrypick-unsafe,task068,afa66515df03fd78efe6b5c445b5f636b0a1697d1019d8c44dd84171478d30d2,2322,40,0.000000
afr1ste_6335,cherrypick-unsafe,task069,38eda43d34d80bffd9fa4092ad45c4ede05c87e9d1dc23beefcfc81b755c67c6,37133,402,0.000000
afr1ste_6335,cherrypick-unsafe,task070,c8aeaa80ab84e787be71a5d776ae46de9b70e814b23053e738be3814ecdf26e9,7826,93,0.000000
afr1ste_6335,cherrypick-unsafe,task071,34c87b40de9df087f390deac2eb9e891dd0249e2a47fb31320b76cfc75aaefab,11741,48,0.000000
afr1ste_6335,cherrypick-unsafe,task072,86456f34c055b2068e7a0027b8fe9b2e5bff824f1edd480a2869602169165755,2174,25,0.000000
afr1ste_6335,cherrypick-unsafe,task073,a9c47a4eed312f4d69e4509cff6c39753bce75297c4ffc2a028955f5ae6c76f7,4049,5,0.000000
afr1ste_6335,cherrypick-unsafe,task074,d94bfecafd4a4bfa2fb9a67e6f7bcc9990baaabc54d2f241de1c7ead98f00e3c,1846,27,0.000000
afr1ste_6335,cherrypick-unsafe,task075,2f934065959086eef62f3455e243971af95909e8de87cd38968339bb3ef286fe,9788,140,0.000000
afr1ste_6335,cherrypick-unsafe,task076,905d27885e5e8499c5a6e66d6a870ca9a42b6f0edab91d5fb8a52ca5f69df46a,287531,2413,8.844078
afr1ste_6335,cherrypick-unsafe,task077,1e285b65841293c86cefe0d378c91210e0c8ac4713e449315df987445c1e9160,11102,223,0.000000
afr1ste_6335,cherrypick-unsafe,task078,ce3b096ac571d98dd07a8feb5c326bcf6da7bc0d7bb9fd115f03f47cd21ef52a,2240,38,0.000000
afr1ste_6335,cherrypick-unsafe,task079,bb6b971aabeb43b1a8461a9bd1702d561e85251b4f03be3723e4337909228049,2233,20,14.875251
afr1ste_6335,cherrypick-unsafe,task080,14bb0dafbf34e1619cd7e6de4e58c91a7e0da11eba089ac5b76d83143abedd92,22186,167,11.703835
afr1ste_6335,cherrypick-unsafe,task081,d07f012bd44410b647d6e23b96ce0a3620be0784d402c244f71a58b5ff4f26ed,3898,9,0.000000
afr1ste_6335,cherrypick-unsafe,task082,692c3227ab550206a59b6969cf61b3007b85a39e785f9df8c994dd13a483d6ca,2589,35,0.000000
afr1ste_6335,cherrypick-unsafe,task083,77e561ae29eca5602d4c9b961109eac8526759ab3fffa69033639eac257544ff,2118,28,0.000000
afr1ste_6335,cherrypick-unsafe,task084,18e882bed7d756626fa0341748f297246e1e8193185eb74a36768205453e3406,5940,29,0.000000
afr1ste_6335,cherrypick-unsafe,task085,ad8eb8fc20328bbb9e44a6f3a3a7546b28b602b388bab1591f1631cbe97ca1ed,2603,29,0.000000
afr1ste_6335,cherrypick-unsafe,task086,b68e709424b0403df55a0fff265544b16dbddec40f0a9b4966594cb843541cc1,12342,57,0.000000
afr1ste_6335,cherrypick-unsafe,task087,63557a8b3e117edfebc48861b565d03ef42b525dc10fcc61fc635cdac5bb0c5a,1237,11,0.000000
afr1ste_6335,cherrypick-unsafe,task088,9b611c934c076dbbf89a498ac3d6ace2ca8be6d25c520a89750d85105a249937,19575,56,0.000000
afr1ste_6335,cherrypick-unsafe,task089,29258171e36b52ceebc09bccccd7d32ff09a1ea8d3161cd0dbc38e7ef5b0132f,155745,2495,0.000000
afr1ste_6335,cherrypick-unsafe,task090,5eb1213c15b8cdcbd3f7f69a54402ab065b091e4ae5b28a028b15defdfe7f498,20050,249,0.000000
afr1ste_6335,cherrypick-unsafe,task091,73c058389d31b3d4ca6b9f4f9093135d51d2daf26c1f3b1834d69b5b88a40016,4996,64,0.000000
afr1ste_6335,cherrypick-unsafe,task092,6a980f1fb610521ebba9907393f9bf3428b735d3dc48ba671ca493e6bac0192f,2687,46,0.000000
afr1ste_6335,cherrypick-unsafe,task093,8edc31f41118bc4445eb10ce29cd59c370f837b007dd7cbbae696a9f9fd5955f,4875,70,0.000000
afr1ste_6335,cherrypick-unsafe,task094,0345cd100098f19beb2f5aa27b711cce2ee8c8871f348918048647eb84f7b4ae,4791,72,0.000000
afr1ste_6335,cherrypick-unsafe,task095,356fdf33cccd8cf29b418085d2d69b44595b3a14112551f5e7942c4faa252b99,1320,17,0.000000
afr1ste_6335,cherrypick-unsafe,task096,b24411857c25ed22418df210948551b56b48d50479fa85fda1dff04e79ac2829,19549,23,0.000000
afr1ste_6335,cherrypick-unsafe,task097,6a0927feffaa6a61f95f54093faab4f6804eb124fcb111248010318184455439,4423,60,0.000000
afr1ste_6335,cherrypick-unsafe,task098,66b001a997c0519f8b1f40654321c27b90bf9cf1f7952b617e231cf836b23dfb,4031,5,0.000000
afr1ste_6335,cherrypick-unsafe,task099,4fbdbf64ecfbee94e742b6b437df37a0d79b2e46e466697800f82abdc0af2938,9393,5,0.000000
afr1ste_6335,cherrypick-unsafe,task100,19ccb028672219a78a0ed167a61dbaab5b7385127c8e22bd8da995eeb8445447,94811,175,0.000000
afr1ste_6335,cherrypick-unsafe,task101,1bcbc1efb873753c0c2326bd0554796d1b34e70e46913c5a17c635a02690eacc,24731,306,0.000000
afr1ste_6335,cherrypick-unsafe,task102,73dcabb653668f89e57538d39299537b882057afd997f6f17ca46b0ab3ca717f,6362,34,0.000000
afr1ste_6335,cherrypick-unsafe,task103,a460c77ea0fb86edefa688c57384a72d9a51a40a3fc254faf1d5a456f29b625e,25412,93,0.000000
afr1ste_6335,cherrypick-unsafe,task104,3a09ce269f4a9a6a08e61506f1dbd5db26bd633926be004c94649e31df573b5a,39135,35,0.000000
afr1ste_6335,cherrypick-unsafe,task105,1a25bf38ea9ef0f139de0cd0fee0a8f17f6616d05dce85a912fa1ccedcc68e3d,35629,81,0.000000
afr1ste_6335,cherrypick-unsafe,task106,e16a28818a32547c6b36b62a0fafd8690f6258c7b67103d31f0ce6fba0a34ee9,2652,28,0.000000
afr1ste_6335,cherrypick-unsafe,task107,a4446295b475ba42f72b14429d44c15e66a7cb777bb6d4585c1a816573f6932e,58097,51,0.000000
afr1ste_6335,cherrypick-unsafe,task108,037cbf8a0fecbcd3c6eda8b1f4a4041f01a30dbee582c8ef67a52b032a666dd9,3957,6,13.754131
afr1ste_6335,cherrypick-unsafe,task109,30bb537b9f58dd62c94bccda3cb764766feb3a061e5b5596e2ef7cb7af6f12f9,3951,52,12.873934
afr1ste_6335,cherrypick-unsafe,task110,a18657d14d3e12e8a5302860300e0ac0ed209e47d3aeb28e0742a1bc345babe0,30762,292,0.000000
afr1ste_6335,cherrypick-unsafe,task111,9e02267be1d9aeb028b73da672df8e6afe2f45dcd68937bd780a88198537aa0e,18960,73,12.965137
afr1ste_6335,cherrypick-unsafe,task112,d1191c62c0a6bc2795648b96c2c55ee54ac19cd33430a9598ffad9ad832a407a,3136,49,0.000000
afr1ste_6335,cherrypick-unsafe,task113,29a74395086909dd2ae6fc1d7b8a2f149dcba9e1da9b72a70903582d6ce243ea,3957,6,13.754131
afr1ste_6335,cherrypick-unsafe,task114,98c2bb5726b0708e7239499b9fa6054aa5317e49537296c91dc7659b7951d693,4614,65,0.000000
afr1ste_6335,cherrypick-unsafe,task115,b84b3aa1ae2b4d825185ca2c0d3a65631a0e6a03f7576d1ba0d14f80eb5a2617,3652,67,12.677897
afr1ste_6335,cherrypick-unsafe,task116,ce3f68841229bb21c91151687f7c77e203de69d6fcc7bfcb62f0c3e479eebeba,1346,12,0.000000
afr1ste_6335,cherrypick-unsafe,task117,dddd5fd377ed2dfdee72e7893935507008d05849cc522c3d132ae3d1dac805c9,20401,444,0.000000
afr1ste_6335,cherrypick-unsafe,task118,bd9171e242a371d2e55e16d75f32988a1aff66a3e1377e47cc69380d949ef087,19558,24,0.000000
afr1ste_6335,cherrypick-unsafe,task119,5b04aeea029f38892076d2ba7ebbcf9e0e7f01fdb4e1879d3674fdb9cf86a836,78462,1172,0.000000
afr1ste_6335,cherrypick-unsafe,task120,27eaafd974200a2699c3bc2f8339a9e4d68026acfeff28b1d1f103e5b9a10071,10449,5,0.000000
afr1ste_6335,cherrypick-unsafe,task121,a8d7b5a1b0c4bd29823322d0a2370ec244c2e4396c2b4f934905eb1bf2067173,2052,30,0.000000
afr1ste_6335,cherrypick-unsafe,task122,7aa06a86d9c9a381e34ddc7b4327ed0b32bda3c60593f23c62140f6294c57365,17371,9,0.000000
afr1ste_6335,cherrypick-unsafe,task123,5c546bfc70e5beff0a6a0715fe2013879991e0856ed2713cef9808c0cf3b25a8,11684,41,0.000000
afr1ste_6335,cherrypick-unsafe,task124,bed1f8409afe6c1659e92c2c9ff6e0cf70ee7178cedc1e61a0b272a404ad2f86,18884,179,0.000000
afr1ste_6335,cherrypick-unsafe,task125,89a677e4c033e5189535730e88b6ebd90322776dfc1eb1ecda8d3354fe4fd12c,6019,48,0.000000
afr1ste_6335,cherrypick-unsafe,task126,9dc2a0d4773ae6387ab29eecaab203819774cb1832c50cc46523955e1b45bdfe,3709,53,0.000000
afr1ste_6335,cherrypick-unsafe,task127,25ced3e78199069bc4e3a0d89098a3cedf7602396944db8ec7eb5910020ddc01,2103,3,0.000000
afr1ste_6335,cherrypick-unsafe,task128,7da1f0de0bb9d0aad28da024e6815e2b071229f8a96c629c3d04006ec113fbd4,8469,135,0.000000
afr1ste_6335,cherrypick-unsafe,task129,08203a886793d8efd934a2eaf14ce78c57fcd76403f58a930ba71a7523607758,98948,97,0.000000
afr1ste_6335,cherrypick-unsafe,task130,b7ebe6cfa6308d7a110c2e6c71e6d8bfd4eefb87d38ecc1f199a8cb622987beb,1601,14,0.000000
afr1ste_6335,cherrypick-unsafe,task131,c2d3d8fa4dc881ef976d25bb8f0fc7a49292520ec8b54f0dc0471f09fa541c20,11449,145,0.000000
afr1ste_6335,cherrypick-unsafe,task132,306d9fa94bf04ac4aae71433ae7db8bed358a53951462cc651fd8661aa35fc8a,2626,43,0.000000
afr1ste_6335,cherrypick-unsafe,task133,2901a7219bca2ce7cafd1cc93ee3d72731badd6e990760243434fd7aff63d34b,775725,602,0.000000
afr1ste_6335,cherrypick-unsafe,task134,e0b9ffed0fcc1d35ad58352ee0709a20453489c9b4a8b4aece6c44bf0aae3370,7728,115,15.141562
afr1ste_6335,cherrypick-unsafe,task135,e49ef3c0dc5a7134987298f052726883fbc9e4e84fe6a61b9a2e3c4e89e304d5,6743,4,0.000000
afr1ste_6335,cherrypick-unsafe,task136,0137429d27cdf50cf9ad5d1b0ad47bb8f74977610bae54f5800f88d0c9ec74dd,8581,126,0.000000
afr1ste_6335,cherrypick-unsafe,task137,3f9847d8c5e4ab363ca01527d8b6a73bffaade663da37dc01fd49d79ff310d61,2587,50,0.000000
afr1ste_6335,cherrypick-unsafe,task138,f43303bbb4b2084730a45a92af9048474052373baf30b39b0baee7e27d7665db,11444,158,0.000000
afr1ste_6335,cherrypick-unsafe,task139,7ee6cae2aee87f7a1c829349fb1673f419114e1e7354b04ee958f32114da73f8,17371,9,0.000000
afr1ste_6335,cherrypick-unsafe,task140,63557a8b3e117edfebc48861b565d03ef42b525dc10fcc61fc635cdac5bb0c5a,1237,11,0.000000
afr1ste_6335,cherrypick-unsafe,task141,cc469a19e549b0a048b1eb3a402d82b303005e9f5e4f1108f70ad0ea0aa9de4d,140709,18,0.000000
afr1ste_6335,cherrypick-unsafe,task142,d93d3fa4ee26d7f8156ba53074424299ed260f356b5d1b77d1aa0f095a5746dd,2118,28,0.000000
afr1ste_6335,cherrypick-unsafe,task143,5f0613a028bf36ec98f4e9d66e964e8a63138bff00e9620b5d589740ab5c06d2,1543,25,12.759579
afr1ste_6335,cherrypick-unsafe,task144,caf507f8a0aece15b1f7660b488a2f1479237c26d0d1a730951b3796a09ab651,2110,27,0.000000
afr1ste_6335,cherrypick-unsafe,task145,664226f27699574b2e59ac06ed953280c9c2e190f2b3b54ca09c592e10ee327f,32694,328,0.000000
afr1ste_6335,cherrypick-unsafe,task146,fe41faee02e69367fc0800a76d1200ad044ce289d31fde20fb3abb6d92c992e1,2496,42,0.000000
afr1ste_6335,cherrypick-unsafe,task147,14eaad2627bc944d02866582c29c04d35258ed6c9cde8d2cd746eb63e4ff5b03,3897,9,0.000000
afr1ste_6335,cherrypick-unsafe,task148,f8e94efc515df59bf449f080b04f34adf11d18dec9faf7be45095d855820a933,10926,126,0.000000
afr1ste_6335,cherrypick-unsafe,task149,d315502278687e6cfaf65099ca2211895f98f222262a4cfacdb6f7b5709a5a99,1971,18,0.000000
afr1ste_6335,cherrypick-unsafe,task150,bc8cbc33ae9d5e071ce2d422c925be892334dcd6fe2545e00566c3b58a645bf9,1512,18,0.000000
afr1ste_6335,cherrypick-unsafe,task151,305acdc473a8284a33529d1dc3e1ab452cd10be2212ad730b2e20f7471348ecd,4049,5,0.000000
afr1ste_6335,cherrypick-unsafe,task152,d93d3fa4ee26d7f8156ba53074424299ed260f356b5d1b77d1aa0f095a5746dd,2118,28,0.000000
afr1ste_6335,cherrypick-unsafe,task153,07fb0f90acdbcdb5fcb7afee898ecd932f5f232bae0dd5f011281e52f04b4d8d,377910,3848,0.000000
afr1ste_6335,cherrypick-unsafe,task154,37eacffe78ed16d34fdc5b5b9c940ce44f0cfad0dbb01907a1c3c019d6003e80,3909,60,0.000000
afr1ste_6335,cherrypick-unsafe,task155,a3d64fd8a3febb06594a2c4f5972a39545a85b15618d06375b27a4a0c9e0344e,1514,17,0.000000
afr1ste_6335,cherrypick-unsafe,task156,415c7fcdd05ba03b1aa83b863d7735ca0ba520b20bf8bb7d7e5176a12d92fc72,9218,66,13.663132
afr1ste_6335,cherrypick-unsafe,task157,ee659eb3d760a0114f9a3bd22ebc39da677cf54cdeee5f8ef9b78fb18e66b0aa,11155,21,0.000000
afr1ste_6335,cherrypick-unsafe,task158,4ddb6010fe4e6db91669c11baf96ace77e82bd87b933c9686bf7fe87585fa8e2,76927,1043,0.000000
afr1ste_6335,cherrypick-unsafe,task159,91fb4158c52cd14d7f4fb31a5b318ff633ce344ffdf47b8486c1cf2791f19a1c,20204,54,12.564150
afr1ste_6335,cherrypick-unsafe,task160,7a5005ae7aad7aaf01b04f270f0bac158eb6bd2a9a3b0d38d0ebae31c63f32da,2069,32,0.000000
afr1ste_6335,cherrypick-unsafe,task161,443e1f8ded4ed4831e83c8b0ac3870254fe42a76e69c14a11e6e253ad0d6059a,3554,53,0.000000
afr1ste_6335,cherrypick-unsafe,task162,e83b7459c2ebfffbddd5069b11e77f37c4a77f66853de9a7dcd1b6c69ecc76be,2472,32,0.000000
afr1ste_6335,cherrypick-unsafe,task163,438f280acbdd2459a7c56c0cebcd3ac46cfc271350d64cf9be0a2a6119193de7,13789,74,14.390079
afr1ste_6335,cherrypick-unsafe,task164,bc592245e17211ab74e55d768b4ca76b3037f95490ac05ca5faca2a9c690324d,1440,16,0.000000
afr1ste_6335,cherrypick-unsafe,task165,f55a6005b3db17b0d4137e6d8fe799cae54f3ea98fe2940dae8f1bc51e112e22,6765,38,13.294629
afr1ste_6335,cherrypick-unsafe,task166,8eb3ebe996b88378abe238c126c8bb46ac09ff997bb159ae4541e60870508b46,2710,17,0.000000
afr1ste_6335,cherrypick-unsafe,task167,45a7d6c75b2ca8f7ffadf9b9310aad4c8f59b56597becfa1a176ea6cc4f57aaf,30230,41,0.000000
afr1ste_6335,cherrypick-unsafe,task168,fcc604707b33763044beb240cf14b3a84db259efe284e26e4dabfa54f5207544,20770,290,0.000000
afr1ste_6335,cherrypick-unsafe,task169,519379030acb29529e79a08534f24a96d865043ddce02f1f211dff8f3a16d701,4399,70,0.000000
afr1ste_6335,cherrypick-unsafe,task170,7ba0144d692cd1b5b91f52aa4bccd628f3dcb9f3261232429130b49790632833,74433,708,0.000000
afr1ste_6335,cherrypick-unsafe,task171,db4923c9f4203ad51d5600b3adba20d40a6caecf183d2472a9847516ca2e58dc,543437,1274,0.000000
afr1ste_6335,cherrypick-unsafe,task172,d6696df65b278a82637065f3b14140212bfdf9fdef295f332ed750b7e49320d3,1440,16,0.000000
afr1ste_6335,cherrypick-unsafe,task173,a5b1bb309303999fab766c0b5fbb95d606255f1bedf8251afdee3948c56d361a,5511,67,11.933796
afr1ste_6335,cherrypick-unsafe,task174,71cae4fe7c911eae251b723aaea92430603de949f1faee0143c81afe669a13e6,55104,844,13.822393
afr1ste_6335,cherrypick-unsafe,task175,a92d401c725d0c2370a003e947e549aefb92ff56f404b2a199f8531d2b301364,417683,178,0.000000
afr1ste_6335,cherrypick-unsafe,task176,076f37c0398535698e44fb04405419f17631f1a994515af1a5ee3ce1cc262dad,220049,382,0.000000
afr1ste_6335,cherrypick-unsafe,task177,ad52399ebdd2bea25816ae51567c0723723ca421687609a12d25ec66dc0256b8,2579,46,0.000000
afr1ste_6335,cherrypick-unsafe,task178,783dd2b36ac00e5952ee9834d2cbff28fcbb77dc90a14f46c32957dcbe00aba2,11442,139,14.377551
afr1ste_6335,cherrypick-unsafe,task179,71dd35b1eafb1e292fb42fc34a4afc642ab1392027c096bc0c4b5f54dcc23b49,765,5,0.000000
afr1ste_6335,cherrypick-unsafe,task180,24c340d7ccbb9fed7ecb81f0b4c3c21273ca25e33ac3a1f5a544bde4aee8c5b4,4031,5,0.000000
afr1ste_6335,cherrypick-unsafe,task181,aaee892cbe27bf1a0ef2321c9f68e8e761dcf3c750f99a0a6e5b2eea8b18133a,168641,12,0.000000
afr1ste_6335,cherrypick-unsafe,task182,6430177a485077df26f7228bf5abd08b125a6519df50586120155badb197e82c,57608,672,0.000000
afr1ste_6335,cherrypick-unsafe,task183,706c7674470ded1faa4b8f0b2c77fed2e8c5741adbf5cb9051bf350d0c35356d,3348,47,0.000000
afr1ste_6335,cherrypick-unsafe,task184,779a7590c3ab608b9258756a979ae269940dbe699a4f21cec37eea03a0721509,5966,102,0.000000
afr1ste_6335,cherrypick-unsafe,task185,b66ebd6282620a34e532b6e9d3672138e471e1831f5eeb30e59be277432f8c11,20362,353,0.000000
afr1ste_6335,cherrypick-unsafe,task186,b1ce90f7026011daab344d25d6bb7cf0f5b677ce97c936afc806f066a273c81c,37389,18,0.000000
afr1ste_6335,cherrypick-unsafe,task187,c76fa152e26bef6d1224b836b65511a11aa034796d2a1fe4848b669d4b81a135,10898,113,0.000000
afr1ste_6335,cherrypick-unsafe,task188,01ad88f304834ec3e778c8cfbc9b5699d0c871c60e64a654edab6e843f8f1055,2781,53,14.773560
afr1ste_6335,cherrypick-unsafe,task189,85ecc9930310d95d7e3ae567d5317e34de3674c7cc1fdf5dd4797c1da4e5613d,10379,102,0.000000
afr1ste_6335,cherrypick-unsafe,task190,0c5a60e12d9357e2763a40e8166517d50b8d0b0ff6b26fc98125e98fb76d4b65,26058,324,0.000000
afr1ste_6335,cherrypick-unsafe,task191,722fceefad049740b7a3b638af371d10833bb0b00cb64f67dbf001e897cc69dd,8552,211,13.211141
afr1ste_6335,cherrypick-unsafe,task192,41824072cc4eddafbaac0586c609d5f99b77c759f6fedc2df6d32d9ab5ba09f3,2392,33,0.000000
afr1ste_6335,cherrypick-unsafe,task193,d91e3787c93f2085eb08043f32ca039a3d8bfe303a07513c8b4b61e825901924,1944,25,0.000000
afr1ste_6335,cherrypick-unsafe,task194,93cc2e3d25c7fce8629a01935dc9bb9fcb5691d4e73b10ebb2e9f0f3ca368316,1566,16,0.000000
afr1ste_6335,cherrypick-unsafe,task195,56890708b971e86afef70d689d3b54768590891354f5302e125bfeee7d18fc0b,6438,46,13.556167
afr1ste_6335,cherrypick-unsafe,task196,69f5e8dc33c2236f539912816dd60d6eba2c33c0edcd6472b7c2f456ffbb1090,3052,50,0.000000
afr1ste_6335,cherrypick-unsafe,task197,56eb71f7f62f093f8f2f5ec5d5c5128246b11c6e1aea74701c44a761aca0dd36,1756,22,0.000000
afr1ste_6335,cherrypick-unsafe,task198,26d8b35f625d3b905ac9a15e296c133a117ae89a06aaa4a601da79004292f212,8949,83,0.000000
afr1ste_6335,cherrypick-unsafe,task199,dcfb635a915d40fb99cfeccc0d233797c97e778a093b6d81d3f54e09407a977a,3463,68,0.000000
afr1ste_6335,cherrypick-unsafe,task200,df3340f719ed4971a34eb304bc50d8788e71bc1b88e267c7741eccda1da24915,776792,643,0.000000
afr1ste_6335,cherrypick-unsafe,task201,fc6555d620ad065c89d4feff41275fd9c23f3a6852e0339f8d3a2c65cd6ca2b9,12203,136,12.949249
afr1ste_6335,cherrypick-unsafe,task202,387fd0f6bd7b2a464784155e65d9aa287cb0379129bba9cb7e77f1903378ad01,15300,253,0.000000
afr1ste_6335,cherrypick-unsafe,task203,c7a901e6b93d0b78757b596f84a95b97d5941a868a647eeab682d0211cb64cf8,19351,84,11.942395
afr1ste_6335,cherrypick-unsafe,task204,62ed69376d39c7c5e022b0fc5e2f4174291d6b63578fdff47736bca6d959be66,3997,55,0.000000
afr1ste_6335,cherrypick-unsafe,task205,a1e5cae4b5bcc3bc28dc31b074ba57c616497f4bc178685660475474ac9fa4c6,28211,800,0.000000
afr1ste_6335,cherrypick-unsafe,task206,e21b2f39ca35539e575d06af00742a096a854ce329262c5dc258076feaf7a23d,19592,233,0.000000
afr1ste_6335,cherrypick-unsafe,task207,b8201721f460587de4854f522b16f21ef13d2e639cddaabc2fe48f8f66da1f99,5176,16,0.000000
afr1ste_6335,cherrypick-unsafe,task208,1b528eeff989fa4cc9500c2ac1dede76c58fb60df8a1bf2cc0a03c51a95eaa2d,47792,413,0.000000
afr1ste_6335,cherrypick-unsafe,task209,42455dea76fb5d9c6bac27a13adbcf6038e7d3f6eb7c8401a8a498ebbc5d2735,172853,1345,0.000000
afr1ste_6335,cherrypick-unsafe,task210,d6696df65b278a82637065f3b14140212bfdf9fdef295f332ed750b7e49320d3,1440,16,0.000000
afr1ste_6335,cherrypick-unsafe,task211,000f7ae5027887b0173ab48f25d75d4ecce93c5e67aa9187843c37ca97230609,3957,6,13.754131
afr1ste_6335,cherrypick-unsafe,task212,241c64b7095d038a77d96a944b8392a89d5468a38c7ac15da22190b30ea9a993,4763,66,0.000000
afr1ste_6335,cherrypick-unsafe,task213,e6c4e5f6032e1e6bddb73fcc338b3ee208157c98004ecaa3d36b8e8172601a5f,16265,402,13.734985
afr1ste_6335,cherrypick-unsafe,task214,42a9d8b9bdce35d75421391606090920ac41870e927642d1a412aded8ab93570,1435,14,0.000000
afr1ste_6335,cherrypick-unsafe,task215,62be99612bfc4924364639e1c78269713198a34d94a5dfe2d03b91822db457f0,33149,70,13.082950
afr1ste_6335,cherrypick-unsafe,task216,55d281b02929c20a7b056dbd3fd98e273c2b587d5b07c8678a2043ce76c9c3fe,18347,271,0.000000
afr1ste_6335,cherrypick-unsafe,task217,83d800044b8991953eaf47e0669b182bd6285ebd7f87fb1c09a2dd491f6075ff,4218,50,13.075548
afr1ste_6335,cherrypick-unsafe,task218,7b71d9262d33f59b30ea989b2d3ec33a713100eb31b09eacf5e595b74e1d9e4c,9764,143,14.919538
afr1ste_6335,cherrypick-unsafe,task219,6e5cd657b62c80511d57e08b97cb9d15da29a2d7bfb76e458b83a869ec05a64b,59685,19,14.218173
afr1ste_6335,cherrypick-unsafe,task220,5af1531529c9916bb01ecc89d870f3a511ad7e96125bb6a959bc1372c819a806,2541,22,0.000000
afr1ste_6335,cherrypick-unsafe,task221,3d306e14fdec4f824851ba9b95ad5153af62a8bf8e1700321bd4fe2efb77554c,24048,68,0.000000
afr1ste_6335,cherrypick-unsafe,task222,7294d8a13661b08fa76891ce8b8b09e4bc40e3860596a753367859f435a6543d,2447,29,0.000000
afr1ste_6335,cherrypick-unsafe,task223,1390f80ac80323ede3d339eb94f42ed16c8d395550990ef43399916b0a209deb,1442,14,0.000000
afr1ste_6335,cherrypick-unsafe,task224,8c438396a823a647e3ed094778957f93740fdd18daae024afc15ed01a12af969,5677,77,0.000000
afr1ste_6335,cherrypick-unsafe,task225,66ce18f557b3f35795c407a14544f8180ca817936c4c6d575d30b591ed06f67d,11111,43,0.000000
afr1ste_6335,cherrypick-unsafe,task226,daf8c3da42329f8e579569a5d64476be39b5a77ceca38e06e4fc34e344da61c3,4588,83,0.000000
afr1ste_6335,cherrypick-unsafe,task227,94bd4e24f5adc7d547de22a792dc6b37bfc797cbadd56b51a19d0af108f58aec,2063,16,0.000000
afr1ste_6335,cherrypick-unsafe,task228,35602d4ed033d78caf5901ae1d0fc83f0549a3d864a90eac999315b494e3bbdd,5470,67,0.000000
afr1ste_6335,cherrypick-unsafe,task229,7c0cc34ccb31e5fd516332ce71efdc0ed9605ab8eea6e30c7ff00c24d85e4161,1366,17,0.000000
afr1ste_6335,cherrypick-unsafe,task230,6f26edede3ce378c1c8fe5b57ec767abdf9970e917de80d984bb1e8d1c24ec2d,2892,22,0.000000
afr1ste_6335,cherrypick-unsafe,task231,65f20f7965e1b8503b10c3bb5e86b0fd93b8cc3e114a99fc9a04ad6a06acd8f7,3402,46,0.000000
afr1ste_6335,cherrypick-unsafe,task232,9362f7d432b6b0689145b63c7045e18c9da8495133916404ae19ee90a8a9feef,4448,27,0.000000
afr1ste_6335,cherrypick-unsafe,task233,ec6a5c4cd75de33e7915eaf02da480cda6f552db2cf664642b78b3802d4f52da,378176,2445,8.829515
afr1ste_6335,cherrypick-unsafe,task234,c8261c49841c2dab2ab8459801a55c6365991a0ea35f31c48555e2357f1ac9ce,13965,118,0.000000
afr1ste_6335,cherrypick-unsafe,task235,ab537d26bdd580ef269347cc0b25c6f900991e694c21d9409303cdf798fa7ca0,2609,31,0.000000
afr1ste_6335,cherrypick-unsafe,task236,4daf2bc024009a3cde7a73cebb02c511959544a8bfea436b4c807cb188138abd,2056,25,0.000000
afr1ste_6335,cherrypick-unsafe,task237,ba0d9dfc7ac065861a23de0a052ffd137de255c5057b09107db2203bcb40469b,2781,29,0.000000
afr1ste_6335,cherrypick-unsafe,task238,bbb086367f3eec7374a4b794e63a3f8fe7cb37bd8ed9f3dbe03183310c3d1e0b,21391,242,13.573777
afr1ste_6335,cherrypick-unsafe,task239,8004b75c2ac8c303145962269852abac2154fc8149e0503095a0ff5119f097a6,5466,60,0.000000
afr1ste_6335,cherrypick-unsafe,task240,8e1690df31764c334814721d1fe930b0e9694a6b759e15bde3efe94a7fbbaa2a,4870,53,0.000000
afr1ste_6335,cherrypick-unsafe,task241,71dd35b1eafb1e292fb42fc34a4afc642ab1392027c096bc0c4b5f54dcc23b49,765,5,0.000000
afr1ste_6335,cherrypick-unsafe,task242,0dc0aa4799931d67537a0cfacb6ce008d086e4ab0c79af159132518e4fae0e5b,18955,71,12.985421
afr1ste_6335,cherrypick-unsafe,task243,9348abb021e347304060eb2429730d6d98b5db9049eed2fa0d39a318e329f956,8478,94,0.000000
afr1ste_6335,cherrypick-unsafe,task244,1aa3c6c6845ae3f64e702959d72527d93702373cd79f1d96b9f667b6d041ac52,3037,64,0.000000
afr1ste_6335,cherrypick-unsafe,task245,cfd260a96573d5a9746aa4f97aeabd24d916cb4ebe714d1f31d852840fda2203,4273,60,12.920103
afr1ste_6335,cherrypick-unsafe,task246,41ddf718b2f9fdc2a6cbd6568d3f4dce278f69185ffe682630db8ee60b8a6e28,3328,51,0.000000
afr1ste_6335,cherrypick-unsafe,task247,8a5ac75aa2b3f5d10f27213c53a18c9d8c435081a62ec81716eac2450ef527a8,2614,31,0.000000
afr1ste_6335,cherrypick-unsafe,task248,5a330a53c6f329e2020462e118c64eae8dba1ee54b00ea5d7dbfc8c978caf4f3,93581,154,0.000000
afr1ste_6335,cherrypick-unsafe,task249,93abd1140a3dabaf347c941ce18431d8b0f90de5b9538e7e26852ac1f2765b52,1630,14,0.000000
afr1ste_6335,cherrypick-unsafe,task250,8157b4e70ad09d4a5de2f00788c789f13b520aecf3805c44d70493b854a4f283,21862,164,0.000000
afr1ste_6335,cherrypick-unsafe,task251,48ae23aff1a0f42d4d7e8b2ec4480769230e4da54f55b29ded0c2642db52f2df,8267,82,0.000000
afr1ste_6335,cherrypick-unsafe,task252,3281885ccb97b541103e0fab31b38f7fa504d53feab07e029dd044e14313ae3b,9500,30,0.000000
afr1ste_6335,cherrypick-unsafe,task253,76720d70afb9bc0cd78cae645e8e8003ea9b9a5a3d1b8d66438f94b86f7af4b5,2619,16,0.000000
afr1ste_6335,cherrypick-unsafe,task254,30bbf3f51251663275b745a23e8cf75330b8c88479deb2dae0380e4f981dbabd,7583,59,0.000000
afr1ste_6335,cherrypick-unsafe,task255,2d033121305d3be94fcadb7c2c8755e54691fcb0c1c261d327d9ec62d88fe431,34023,117,13.105875
afr1ste_6335,cherrypick-unsafe,task256,0e3f9461d92d828f9387357d0c36047092e614f144bee0fff0dc46ccfccec862,28549,58,0.000000
afr1ste_6335,cherrypick-unsafe,task257,c26d5b1f8ec2c7ccc7ffc17a48ebce1c2a73a41d1264658c91684ac815e6a94b,52475,5,0.000000
afr1ste_6335,cherrypick-unsafe,task258,dd59939efd87dda9889f6758a9da09b73a5383dcd7e56275fa0654e643ba3459,4661,8,0.000000
afr1ste_6335,cherrypick-unsafe,task259,efb41948cf45a6585398cbcf9b246ef392ac142f1e667637cf74a21c6fd66f9f,5267,63,0.000000
afr1ste_6335,cherrypick-unsafe,task260,1306e1230cc4c399c754d7ae2549a93af3501b5e70d5ad17ad4a0cbf86394e06,12921,198,0.000000
afr1ste_6335,cherrypick-unsafe,task261,3212fc4908ed991aad97f6a27e354a70e44ed3b03fe9d503fcb58c84ea388253,1564,20,0.000000
afr1ste_6335,cherrypick-unsafe,task262,415582976aea00dd062caa178a3531abd71d51d30699ce4a9b0223ced8b0ae10,3898,9,0.000000
afr1ste_6335,cherrypick-unsafe,task263,a1f632d6aad28d00be968dd5834bec8b23d51e310fac9ebf125d9a0f6bfa88b9,11802,161,0.000000
afr1ste_6335,cherrypick-unsafe,task264,97f1a324c4e0197345d1786c8d8c5950930c9b92f3de5849e7a7b5eaa5fcba15,12100,118,0.000000
afr1ste_6335,cherrypick-unsafe,task265,81443b6baa954c488442d18c9eef47d0fd415fa40271ddda8a4295d81b10faf4,3496,36,0.000000
afr1ste_6335,cherrypick-unsafe,task266,44d1ad5e294119f9b31d0f72cb2732cf31a225d7c162a6838411fb6307bf09b8,145902,123,0.000000
afr1ste_6335,cherrypick-unsafe,task267,f8c5e17ceb0b810db94e6e1dc093419d503796616dbb3b453cde137531b637d9,1867,24,0.000000
afr1ste_6335,cherrypick-unsafe,task268,682cbbaed2bc278ba7f55c2a710d27d99234a10ba8efb983a4b03408c0e8a695,11063,182,0.000000
afr1ste_6335,cherrypick-unsafe,task269,0312dd5a68dc1823839505b206f67664950a5aade99e8289b6cb910083586834,3279,26,0.000000
afr1ste_6335,cherrypick-unsafe,task270,4bb9ed288bcb3af4721863bf8281cd4c4f6a3e6d783e7e40a8cff1d50278492a,6378,47,0.000000
afr1ste_6335,cherrypick-unsafe,task271,c2b3661b5c199819c54cf89c010892db0b1741761451a8f9b3d416f67a12338d,2501,32,0.000000
afr1ste_6335,cherrypick-unsafe,task272,301887e753524aaec55b1e732db36af310df95c740e1cf27c25cbe4dc1b860c8,3897,9,0.000000
afr1ste_6335,cherrypick-unsafe,task273,24f1ee8c7b30546d94f78a03d06b602c2bd578429fdea0e6efeddd0cf889d212,4092,54,0.000000
afr1ste_6335,cherrypick-unsafe,task274,1172980e1fd0cbbd665098e5e1d711f3780a5c357aed365f2b76b81c513aebc9,39162,38,0.000000
afr1ste_6335,cherrypick-unsafe,task275,62649496bea5432d05ec34cfa9e170d8570283e677a57de65c638d3c04298ef1,29488,261,12.937203
afr1ste_6335,cherrypick-unsafe,task276,6f7c10ac9b32fe416386d5455d90fbf18f88be17bbcdc6f582d2cbf129f39f0a,203,2,0.000000
afr1ste_6335,cherrypick-unsafe,task277,6c8b2603e4dd1fa5ab31f7c11957a87661212e16cb9f5400a646941e3ace9d0c,6357,79,0.000000
afr1ste_6335,cherrypick-unsafe,task278,88ce37c9e5c855ad7378c86c63b2f6fec75a09d90d44ed8a847748a808208182,5665,25,0.000000
afr1ste_6335,cherrypick-unsafe,task279,4b8303fc2c2fafbc4bc72ecf9e7282cf5443ba820eae9ca7b89d39455add58b9,5222,45,0.000000
afr1ste_6335,cherrypick-unsafe,task280,5f89ccb6c918ab8bbd3f4785029ba198ad2febc9a482bef20520753bc14f548b,14240,237,0.000000
afr1ste_6335,cherrypick-unsafe,task281,f49c6f9221dcce44720917e8c0cb6dd368109ba845c2cfb85d13c86c051738db,3993,55,0.000000
afr1ste_6335,cherrypick-unsafe,task282,6dfa49a03f5240af4d5e2e7780c3f2770f02e0eb8f4850ffb7c8e9011927ae82,4049,5,0.000000
afr1ste_6335,cherrypick-unsafe,task283,5ca61bef3195931b60bf22b83beb6ef5ae8d8024dec5dd536677c07d549d99c8,6777,55,0.000000
afr1ste_6335,cherrypick-unsafe,task284,14b53fe905b9129c3493a5373c1c1d8d797cd156e790529e3df35366d6cb50e2,5774,164,0.000000
afr1ste_6335,cherrypick-unsafe,task285,a11adaebc6ba03aef9f4be27971e055aa555b387933f6aa535efdb77384bf738,98389,19,12.935514
afr1ste_6335,cherrypick-unsafe,task286,7a83ea0af9507d9b50846259cac88a2d3d8c4fdb7170e81cfe67440f86db1dea,14066,146,0.000000
afr1ste_6335,cherrypick-unsafe,task287,102e739a06a97f679551903c4a42b06a229d6b352e2057696f2b45141e9b21c6,2115,20,0.000000
afr1ste_6335,cherrypick-unsafe,task288,43d3b392ae8e18f4e9739f862d0d071a99f198e0bbc954f437f1a6fad71ea371,7487,74,0.000000
afr1ste_6335,cherrypick-unsafe,task289,5a1be326bb2a341c8daea10b16a582b8cca3704106fac0c9655f3143a58d9876,2752,40,0.000000
afr1ste_6335,cherrypick-unsafe,task290,8fa3f8ef6dd2cf0abe25ae6fe53644934050886f08024ea562524d89d8f4cd1c,3127,30,0.000000
afr1ste_6335,cherrypick-unsafe,task291,97a286c2c2be0df7d87c831ad07d460b8a84155b4e3515683dd322f710b798bc,97156,196,0.000000
afr1ste_6335,cherrypick-unsafe,task292,ac58d8f67063474a7bc378dedf9568f992d6f83a9f58823a0bf02c2b7971b335,230598,401,0.000000
afr1ste_6335,cherrypick-unsafe,task293,340f542fc05fb92f1ad91852a0d98dc21b3035519bb249da059eeb681bae5d59,18601,70,0.000000
afr1ste_6335,cherrypick-unsafe,task294,190617d5bf54438533a455bd835b78fac6c252b74098a550a4c844cf62dfb681,987,8,0.000000
afr1ste_6335,cherrypick-unsafe,task295,6af55cc9f2099d41e8be54c8926421f9413ac59a487efea7a0d4ca620510f11f,2965,37,0.000000
afr1ste_6335,cherrypick-unsafe,task296,14b424791c0bea591df39ca4feb96e1efe4a1bafebf7ae1e891c037066c09210,34082,9,0.000000
afr1ste_6335,cherrypick-unsafe,task297,e9f8a88cceef67c95bc8fc779e604e81e5f7efad98412b9e2c12ae9326c4a256,2236,32,0.000000
afr1ste_6335,cherrypick-unsafe,task298,1b41d76dced2f4be136154eb2728ffb0c3f5918588be1742f1be417befb44832,2311,36,0.000000
afr1ste_6335,cherrypick-unsafe,task299,e19eef43c25e967b61c9daa8fb5bb98ab4cc7acd164a671f84fa6f258ff973c5,1620,24,0.000000
afr1ste_6335,cherrypick-unsafe,task300,ef5167538b050ec5785cfdff285a390de8eda205e6d3db61f53f921437807ae6,3603,52,0.000000
afr1ste_6335,cherrypick-unsafe,task301,e21affa74faa9e38014f2e484c6564dde4b49d71d0905eee2de974577bff7fc7,3358,52,0.000000
afr1ste_6335,cherrypick-unsafe,task302,8a109fe88a34c960b03998091c58672d83b8824c0ac120a9993014ad05e36e3c,2628,41,0.000000
afr1ste_6335,cherrypick-unsafe,task303,2249c00b1991204ca99f5dfc9a79b461bd203af73f4038ff822cb32cac80d82e,2684,17,0.000000
afr1ste_6335,cherrypick-unsafe,task304,51d5ca6d7e6235e1bae87e9cd1c802b7545be8c0ffe19cd1a704244384f35350,2488,33,0.000000
afr1ste_6335,cherrypick-unsafe,task305,195c5e99c298a7d636802210814116c4411317c54f4cf1797391f9ae3778d674,90433,123,0.000000
afr1ste_6335,cherrypick-unsafe,task306,d0fe094585b06b6f487ca22deb3e4acb6c4bfa05e42ef6cbce0511254650105d,3563,27,0.000000
afr1ste_6335,cherrypick-unsafe,task307,11d260a812fbe1caebfd5ea48a3abe7f49003fca8dddf2a7614d9580a88770b9,3453,48,0.000000
afr1ste_6335,cherrypick-unsafe,task308,f0506193a305153702f7a170a2f557cde5ec4f596cc875ee7b6d0e3024d51e51,4034,60,14.147813
afr1ste_6335,cherrypick-unsafe,task309,183ce6273d7a66b7c23ab7425f1855ec200cd8a1884e983a9078ef655ede76a5,203,2,0.000000
afr1ste_6335,cherrypick-unsafe,task310,579efc32b51e32086cee2a20745740c37d8eb0e6186e747d9b932e6c269be8f9,3962,61,0.000000
afr1ste_6335,cherrypick-unsafe,task311,bc592245e17211ab74e55d768b4ca76b3037f95490ac05ca5faca2a9c690324d,1440,16,0.000000
afr1ste_6335,cherrypick-unsafe,task312,f753f7bab05015e169852e3b4d42af494aaa8b75816d8f38a6e29885e7bed680,830,11,0.000000
afr1ste_6335,cherrypick-unsafe,task313,105c0ea1cf2bd585f550b9d8343fcb453f060fffafac34c281618eafb72d8c46,39724,34,13.376858
afr1ste_6335,cherrypick-unsafe,task314,d170a5c649c32cec516a6712c73b7e92c8e9892cd6cef46b2969d3e97d953f8e,2844,22,0.000000
afr1ste_6335,cherrypick-unsafe,task315,fa480e43fc5b09a38986a6dd0dfa1ec1a9bf4f316146cbc7d48697ec86ddcb43,3225,35,0.000000
afr1ste_6335,cherrypick-unsafe,task316,36c260bfb62d65add24ae5df258acaf5fbe4933acadedbdef8416f34a70a9389,44326,125,12.940179
afr1ste_6335,cherrypick-unsafe,task317,2fa3a928ae8c32580b62582d869d2a2261a290bbdc7297fba450f67ba009224f,1287,16,0.000000
afr1ste_6335,cherrypick-unsafe,task318,f77ca27e6897d33d2a2fe93900472fb065e5be65740dfc70731be5aeb2edd2d0,2084,26,0.000000
afr1ste_6335,cherrypick-unsafe,task319,2bcedd1b7b5d14261ecef5da7957a6158efa620aeb7d1a4c265d071bd9a2d0f8,11412,19,15.138168
afr1ste_6335,cherrypick-unsafe,task320,e95f8bfb0f6d691eb5153503712d8504077be49b2e1954a4c915acf1d7b78a47,218402,9,0.000000
afr1ste_6335,cherrypick-unsafe,task321,8600ce64233884c55cfdf2aa2c050838f3093a10ad1060f294b493be1f71dadc,3809,33,0.000000
afr1ste_6335,cherrypick-unsafe,task322,c159710cd6707445919648ece2f9ab4bfe98502434583ce657e31b0c3c44dc91,2545,32,11.333332
afr1ste_6335,cherrypick-unsafe,task323,8f45403054f6f7f4487e23feb0335724891f17a01213db3303253281511cff96,15767,22,0.000000
afr1ste_6335,cherrypick-unsafe,task324,76727fc58237d4301bc9593c7f326ba6cab9f445f57c54ccbea1461a66bce022,92671,20,12.841307
afr1ste_6335,cherrypick-unsafe,task325,81be47b95250a985506c8ae40b0892c204cc8116f1120432939c0cd3ebdbabed,60773,85,0.000000
afr1ste_6335,cherrypick-unsafe,task326,267dc959ba2e2360149a8d82cab3619a1739690e6f6b417407fbfbc67cca1309,1004,9,0.000000
afr1ste_6335,cherrypick-unsafe,task327,e17291d8008a62c32a568e966e53febca9b75ad3c089a8939dc04e5dc2f26ea6,3112,38,0.000000
afr1ste_6335,cherrypick-unsafe,task328,c371d17228e6ac611e2540b0cce5612568d4c93a90e395ddba16f00ce5f3eceb,35416,140,0.000000
afr1ste_6335,cherrypick-unsafe,task329,268c17d26e2cb8bc69b11e600011ab48beb5011ba3bf2cd11c9561c3ef78317f,1311,22,0.000000
afr1ste_6335,cherrypick-unsafe,task330,6697a76f4570a36182e3e288252366623bb28cbc5eac2c993f220d599322f5c0,38302,487,0.000000
afr1ste_6335,cherrypick-unsafe,task331,33e8e65b077e7f9a74d26e19731486969d4064f193ef578d2fd841dde3f362ad,2213,8,0.000000
afr1ste_6335,cherrypick-unsafe,task332,42f04541501948151e7befefa4db00438f9e108d077008265b5a4b0c9ad9a7c7,18732,74,0.000000
afr1ste_6335,cherrypick-unsafe,task333,f6ef4bb1f03df3118805877b96788235a72d72595c5bd8317ff81331db25b013,2949,38,0.000000
afr1ste_6335,cherrypick-unsafe,task334,fe8d6183783d7bb4cedfd58c0a2046e7c794930e94aa12f8f308b97b477cc41c,29673,30,0.000000
afr1ste_6335,cherrypick-unsafe,task335,9b9c9aeefdac0d18a5b8f9fc8cab2b322cd86a31ec6b67e101f0c44009f55f92,2580,37,0.000000
afr1ste_6335,cherrypick-unsafe,task336,104d40bd9726d759369bc953c4dea749d670e8f3ea78c8da660f33207c2d7cb8,161396,13,0.000000
afr1ste_6335,cherrypick-unsafe,task337,2f53c2500e084286c833658ed664a0283068b6df31601872076796a44c781e75,172,2,0.000000
afr1ste_6335,cherrypick-unsafe,task338,dd626913e6a069002a26e01d6fd12ba33d7369e72e2af22ff03bf4e7da8aa847,9028,98,0.000000
afr1ste_6335,cherrypick-unsafe,task339,6caadf85800f654af887bdf1b622cddbb87eeb4feeacd11969a51036c812526f,3419,27,0.000000
afr1ste_6335,cherrypick-unsafe,task340,affa0dd401e42dc0071a434a4f17cde9e0bf198a5ed3b11579eb65f6d4bc0ba4,4906,83,0.000000
afr1ste_6335,cherrypick-unsafe,task341,79de600908503d22bfbd8f859aae7edb21dea6db608c3d0edf964c556d5d117e,3068,46,0.000000
afr1ste_6335,cherrypick-unsafe,task342,cde2fa7a63c8d725b114a00917782ddaa7e9d86fceac5f9b77da59a46a8feab0,14880,230,0.000000
afr1ste_6335,cherrypick-unsafe,task343,2f6249468dd02407f4c76bcf5ce55a675fd2231da9d4db94684ed1d5152a14a1,28758,491,0.000000
afr1ste_6335,cherrypick-unsafe,task344,e4cec789e4a0587f2113c96b48012c525a94b44758018847236c5c2e02b0a31d,4049,5,0.000000
afr1ste_6335,cherrypick-unsafe,task345,eea7edd5b1d86b0087af5e4a2ea8dbb88a93c76f059cd64c5285d1f534dd0639,7762,59,0.000000
afr1ste_6335,cherrypick-unsafe,task346,909cba2bc1d63f83b13bd07842a947dedd1514e74926cb42890c15f9d2fb7d37,5263,13,0.000000
afr1ste_6335,cherrypick-unsafe,task347,4ddec4ede5d97b968e29729d1f9c2253e047abdfb120d44c602f4c849dab1fed,1961,14,0.000000
afr1ste_6335,cherrypick-unsafe,task348,9ace1ac74b01e638e0a270ba12f44a84fbecbdd0c6917adfa146b58c38a22e0c,6273,35,0.000000
afr1ste_6335,cherrypick-unsafe,task349,6ff810ce72c6358e7c9b2c919cdb2a27455b32562b27a475201808181d11678a,8768,103,0.000000
afr1ste_6335,cherrypick-unsafe,task350,5c2f654e1a3542f8613ae86a6de51655142a63187e16b926d8bd702b75814035,1791,25,0.000000
afr1ste_6335,cherrypick-unsafe,task351,0d370d11368555565cb4f86179e28e8e7b9e2aa2b46fc52867d715ac5d795a7b,1256,17,0.000000
afr1ste_6335,cherrypick-unsafe,task352,e48285f185db319eae6ef88c086464608875714336f3c025cb17c99c4b81e28a,4049,5,0.000000
afr1ste_6335,cherrypick-unsafe,task353,ac22270cece8a750f32b0a68d2d19dd8ee897d72b78c22297042a2e31f55d100,4236,75,0.000000
afr1ste_6335,cherrypick-unsafe,task354,4f7277c2af8de0a68e671f47947f3b11a1076d31255c6465458d9f6924cb3048,4886,42,0.000000
afr1ste_6335,cherrypick-unsafe,task355,669a595ca91c6aa17d31ecd3a7d9c1813b5412df565f8891590efc52d27310ac,5217,55,0.000000
afr1ste_6335,cherrypick-unsafe,task356,3ba07a14e34c0054e819d8fedb4b82fe5ee284f1e91f2b4835f01e5f16029a13,5459,33,0.000000
afr1ste_6335,cherrypick-unsafe,task357,c637035ebd21f24eb25c507c812da3740aa213f19a6bae49328d114f455e854a,93581,154,0.000000
afr1ste_6335,cherrypick-unsafe,task358,a382f18e9e8b2d0db2b491a43060359c959b6cc854654e041ba828e7f632a416,7990,136,0.000000
afr1ste_6335,cherrypick-unsafe,task359,05b4f68c1ba287069bfeae9bd99c97566a6a96e9e225c3c0674e2fa7907a8143,3880,51,0.000000
afr1ste_6335,cherrypick-unsafe,task360,4239a328f0d8067d630fbb3683b30bec12ea449a45fcb3d8257d570fa0b292ce,3413,41,0.000000
afr1ste_6335,cherrypick-unsafe,task361,d0b5acb2abe1c9aceccf4ea9c8902a0a5d17da067ccc6d20d40ca7079ee53dbf,6826,67,0.000000
afr1ste_6335,cherrypick-unsafe,task362,91103b25b07e7e3c30b41dc393d97b221aabefa078668a5bb8105d195797a246,2604,32,0.000000
afr1ste_6335,cherrypick-unsafe,task363,e0a691472127d7a645871493a51409d1cfd30129fbe289a1489762cae4ff402f,306734,3002,10.296624
afr1ste_6335,cherrypick-unsafe,task364,bf8798afecb93ef7a59ca2a905529d73a7fedf8fe00a1c02a05c1c51b062990d,11071,129,0.000000
afr1ste_6335,cherrypick-unsafe,task365,5e4d276c9acddcd7a920ce517f28aabb116546c7f7f0cbd90d8c70af12d078cd,15486,227,0.000000
afr1ste_6335,cherrypick-unsafe,task366,c531c714a07f454555231a0c3b96208b3413b35fb942dcef00c34c8d4b9a7b79,285823,2597,8.242913
afr1ste_6335,cherrypick-unsafe,task367,853e95582da3be38134304307544cd9ddddeb1df409af9db7ea311deb2d14ccf,33033,109,0.000000
afr1ste_6335,cherrypick-unsafe,task368,a979426ae94f2076c9d1072b46d5ff8361286c57d04e1e52e7f1f4a95d667788,14284,207,0.000000
afr1ste_6335,cherrypick-unsafe,task369,dbd8ba61998a83f8479151d9dc31f310539fcdabc389b728295e981138683ae3,4961,43,0.000000
afr1ste_6335,cherrypick-unsafe,task370,7cd95a41ac2bdd2fc3f4c69b440e83557c7a62ac99a171f365755cd43901cabe,31545,342,0.000000
afr1ste_6335,cherrypick-unsafe,task371,6a4d694eede41e9247bbac5f12819c8de46fbb59ec5234b280925d5dbf490591,8634,103,0.000000
afr1ste_6335,cherrypick-unsafe,task372,8316c5238a0596d9ce6ec310122f53fd5e06d695eac3fed4094d3e91cf9041ac,2005,25,0.000000
afr1ste_6335,cherrypick-unsafe,task373,2b222b890454508f46ea9e0fff69d9751156bf6de8b8c2275e066a377dbb4d37,753072,1227,0.000000
afr1ste_6335,cherrypick-unsafe,task374,d0416f23d9f4c2f66bf5171aa75626d53207e303ae7c2acfd01cdd263ea74ca8,20693,304,0.000000
afr1ste_6335,cherrypick-unsafe,task375,df50d9f36b5d0647d61fd17ab2dfe8ea217d91efedf9c5eca682f3d851cda629,567847,848,0.000000
afr1ste_6335,cherrypick-unsafe,task376,bde6b66b96ae3e30be5e94ee0718a25b8af96660363824ab6dc4f5a077d28a12,349728,291,0.000000
afr1ste_6335,cherrypick-unsafe,task377,d0aa69bcd655a4042105b5e17d35aba78577fa4a66c4f6aa008252b9307e1ea5,17801,220,13.501397
afr1ste_6335,cherrypick-unsafe,task378,46471fa4fd6d070a9f4e225cdd038f7af75488437d78d2f7bba60ff6f73307ef,11802,126,0.000000
afr1ste_6335,cherrypick-unsafe,task379,d70944b5c302df4c99a8d1039462d5b5515dd0bcb70f6d81fd009e032d829ee3,927477,1263,0.000000
afr1ste_6335,cherrypick-unsafe,task380,41caf634bc6b766c65f5fe4dfdb8264949284f165fa05a8dff43e32a5520e582,1416,16,0.000000
afr1ste_6335,cherrypick-unsafe,task381,95991f24140ed680498879b0593923c05093da12de4e7529858e1d6c3bf11f9a,6829,39,0.000000
afr1ste_6335,cherrypick-unsafe,task382,1fe9bb3a47bea1407765262760ec8b7e8861b80b4c2b20b74f0681e276259a03,67623,372,12.291587
afr1ste_6335,cherrypick-unsafe,task383,9dbdd0b38b0cad905d2991d2a2e3bad024d0514452454541f4f39bbcd4df7080,16059,273,0.000000
afr1ste_6335,cherrypick-unsafe,task384,58095f7f720a1d437da50901d54a2e1c391393568d2d112ce62571eaced86243,3216,48,0.000000
afr1ste_6335,cherrypick-unsafe,task385,d2bb5201071278e377f26fb601ab7d43025fde1acf03ac64167c167b25f42696,167,1,0.000000
afr1ste_6335,cherrypick-unsafe,task386,f57ae4d8cc260ddb06e7baa152d9c72d036ab6f65533d430e50b0174f7622d44,2055,16,0.000000
afr1ste_6335,cherrypick-unsafe,task387,d94aade622f517b89d6d8eaaed085dd19a188abda2f562d03b061cc4541367f2,9893,195,0.000000
afr1ste_6335,cherrypick-unsafe,task388,d191771731a6fb31b2e3cbf2bb23e97ab79b15cb612466e95ffbe1dbae9371f8,5351,66,0.000000
afr1ste_6335,cherrypick-unsafe,task389,87dead6ae48a9539b80207dc6c5cb511b163171e1554abf857b835ab613ca708,1766,22,0.000000
afr1ste_6335,cherrypick-unsafe,task390,0e4211e5fea81c7f702e47d0449a6a0244c44c3a083db70e22d0060258c35e3c,8488,63,0.000000
afr1ste_6335,cherrypick-unsafe,task391,40bb56d7b17b055e532f1bb3329fccc6986a9b35d79a0cce2f700790183acda3,2612,20,13.911646
afr1ste_6335,cherrypick-unsafe,task392,77f9550eabf728fcafc5a13fdd4741457e6df4090dbc3e39eb39f3ad4433b33e,13063,42,14.169420
afr1ste_6335,cherrypick-unsafe,task393,eea85c573b5e028722361b7e5a61ec50f97ac2596283ac8893d4590392172e4d,1909,33,0.000000
afr1ste_6335,cherrypick-unsafe,task394,ada607098abe664b9c6ce1e2221471fbedfdd76db7a091958afcbd872c7ae8ed,5232,78,16.527595
afr1ste_6335,cherrypick-unsafe,task395,f14dfc8b35f33eaa437079144128c5170c0fda3b88cbf424eca5a00550ffb3dd,2063,16,0.000000
afr1ste_6335,cherrypick-unsafe,task396,143cb310b01d54979bc4625c0a2010fec800529c918aed2b58e0072c91a3b6e1,54678,725,0.000000
afr1ste_6335,cherrypick-unsafe,task397,a222794a6f655d0abb260e3a0ad666ab5e1500da3fa0a3a64c7def14b928e25e,3886,54,0.000000
afr1ste_6335,cherrypick-unsafe,task398,f6a450cd74d9fc3b88eef98145a74b8eebc778496c2bcca08f0e22c82093144b,13417,82,0.000000
afr1ste_6335,cherrypick-unsafe,task399,db90a70b901b8e0408834e69337b12620d9dcf38e6aa85288575ecc53ac0b638,46527,20,0.000000
afr1ste_6335,cherrypick-unsafe,task400,61b6cb6b24ae53c147bbaf60c292328e316501e4529f0e233f8120380b799187,3897,44,0.000000
octaviograu_6154,cherrypick-unsafe,task001,0fa36f41592b9d78fb9dffa6f03ad41663311c7414ee3ee0ca9a0787ee7553aa,1433,12,16.624601
octaviograu_6154,cherrypick-unsafe,task002,4c3205c0141934e8750b205f87c8622ebfd80d2fce3c665797e3b1dd39c1d0b5,15506,95,13.510415
octaviograu_6154,cherrypick-unsafe,task003,f7b1e9c321fcb23c216feb2476ddc69b220eb381e49e0edca3208bd9a8373693,4167,39,15.786066
octaviograu_6154,cherrypick-unsafe,task004,fc9ef5d39847fe678249f3dd2ef4701d2d49b2afb4c27c424b79b6f9967ca118,2522,4,14.084548
octaviograu_6154,cherrypick-unsafe,task005,c989d743986f147d63585c2e22e752e367106ddc6985982b435a33567b89a2b6,10910,106,13.328150
octaviograu_6154,cherrypick-unsafe,task006,730e2188defecad529681f66c74dcbe4bc3ea104d8fa752a6f1e719e3bf622bb,1364,10,17.440441
octaviograu_6154,cherrypick-unsafe,task007,8e0308e58a7da64f203a04e83bc622cfe30b84e06cf914f0feb6c5d4238ced60,1603,13,15.869677
octaviograu_6154,cherrypick-unsafe,task008,9f554244f259a2a22a65b8388f8589f19cb9a1db25ad57eeb687660e73a541ba,7667,78,14.944264
octaviograu_6154,cherrypick-unsafe,task009,2043f559e1ee947e2533c1ca00c25a699daed5b516d1bb4bf3515822ea52518d,30956,22,13.694825
octaviograu_6154,cherrypick-unsafe,task010,a5dd47c7b1bf11a5f9b073d7147d66749b67169969a9eb7befc020d4dc21116f,6061,58,15.983002
octaviograu_6154,cherrypick-unsafe,task011,3f64ad20a9feacc16ad2ce2296652dbc2fb5438e444a47af1f885a374cd43046,10170,52,13.898855
octaviograu_6154,cherrypick-unsafe,task012,8640eb9bb99f42035cb8d1dcd01054394706bac095af83170bf95a5d05a0d203,1975,15,15.555378
octaviograu_6154,cherrypick-unsafe,task013,98f0942c7dbfaf541df9396cfbf3af4d1699a7f8bae9f96b9c4541f220eea98f,18384,91,13.331080
octaviograu_6154,cherrypick-unsafe,task014,e28a3213b620d4176a84df374d4d3e0661472eef73860cc122acdc5cc4491c50,9683,46,13.760459
octaviograu_6154,cherrypick-unsafe,task015,1bdf0a59883c98795d2d54262adc099a55470837e426c2ad60d49f27b069db45,3798,1,18.197605
octaviograu_6154,cherrypick-unsafe,task016,fb83a8e988f586009bf17279b7aedb194e3492a8e6f357be6d5e9ed903615733,158,1,22.697415
octaviograu_6154,cherrypick-unsafe,task017,fb2137630963bd757e3fa76d251d504d01fbf7b1b6106c0e123e2b4b6247e574,8855,71,14.527541
octaviograu_6154,cherrypick-unsafe,task018,5f2d48dfb685523b95f6728e7537afda1089560ef90a4040dd4d493d426b24fc,29359,192,11.926438
octaviograu_6154,cherrypick-unsafe,task019,eecf7625da383cb85e5c0579fb3b8635767d444eff594d0b30dfd79b2d44ffb1,17887,35,13.165832
octaviograu_6154,cherrypick-unsafe,task020,4abb72f71f86d299893dcb1ee3be5937bc57ae169a6d1c33af77157df2be6f0d,31378,245,13.590958
octaviograu_6154,cherrypick-unsafe,task021,334b1a23352e02c2ecd25acbcdf05ebb267e56bd92a775c4a47191882da99ecc,38267,214,14.156056
octaviograu_6154,cherrypick-unsafe,task022,fbbcf7777e1f706b0899071564e37bdb5c8b7d7908efc4f47c971a3953e03d07,43895,363,14.287072
octaviograu_6154,cherrypick-unsafe,task023,2e6a655bf1c84fc14bc87f139e177bd16171277ca93ee641bacbe4f7b8165a0e,33302,377,13.798954
octaviograu_6154,cherrypick-unsafe,task024,f8a1d671c3118abe56700d79b82cd03b36acad2b03a5453a7790ca311b792d5d,3233,27,15.886171
octaviograu_6154,cherrypick-unsafe,task025,8af5c50b49f5d98f1afc1df69981e7ab0394291ee5227dd01d45f4380208bd61,13460,127,13.149938
octaviograu_6154,cherrypick-unsafe,task026,55fef566fec33039e2cd8b0d9c807e31312de241a47ce0510f3f2add6aa3c844,1622,11,17.919974
octaviograu_6154,cherrypick-unsafe,task027,cd99565e3aecbf39b54548dda245a23f47f986f704cadf8b4eb1103c2227d324,31135,22,14.063417
octaviograu_6154,cherrypick-unsafe,task028,54411158e7a2309911394cbcf02fc6da8f0f7f0698d5b50cfa0c7787a98eea7f,2452,11,15.315291
octaviograu_6154,cherrypick-unsafe,task029,67b2f5bba2a2aea6aec1a4bebfab5e828d34965219f8f312739337d2e77a59ce,13589,88,13.516328
octaviograu_6154,cherrypick-unsafe,task030,a5510a4f161b29b5d68afe14b8280cce503694ad071a185b159d69c5a742f1c3,9441,56,14.174697
octaviograu_6154,cherrypick-unsafe,task031,827e7229dd650485407f1ae7c8a511d8abc13716486a76f29cabbe46f1b02945,3417,26,15.168223
octaviograu_6154,cherrypick-unsafe,task032,64d66eeaba95588367af53102ecf4fb2ceb4c93327b677f80f1a9591b342f6a5,2347,19,16.867000
octaviograu_6154,cherrypick-unsafe,task033,60ab4cceeab38a8952d0157e862ec2f374a51c7d70c00bdecdf9833a703455b5,1510,16,14.081989
octaviograu_6154,cherrypick-unsafe,task034,7400b12dcb940f16d35589b5657e932c80b9aa92e8aed8c1f41a38cdff070b08,11293,87,13.421324
octaviograu_6154,cherrypick-unsafe,task035,a1c1dfd0f49db3dfe69ff6266f317e7f7b01802e5e94d19f8332ea428f16b2f0,12860,104,14.495179
octaviograu_6154,cherrypick-unsafe,task036,76facc8f1d2b1b6691dc621f3160abfd35d151bfaf74961ef3d21abebefdb575,5866,56,13.710331
octaviograu_6154,cherrypick-unsafe,task037,e19669c0dec2c6b73986d1bd07ec5c19bb0bc452edb6cf3d006f85657ae46d12,20424,27,13.937652
octaviograu_6154,cherrypick-unsafe,task038,a83d43302a9ef7e5b284cc1e38fc4ce8deedb152481de569220ea69b94855018,2357,16,17.306974
octaviograu_6154,cherrypick-unsafe,task039,4e9c2db4798edb627e65601fb59b0b194a91b536746f1a97fab3a7317054d3be,1913,14,16.041717
octaviograu_6154,cherrypick-unsafe,task040,f75c35724647ee41a691e8449bf8b38434ce9912519b1b33845a1eeb08cebff5,4167,36,16.029441
octaviograu_6154,cherrypick-unsafe,task041,1465206599b9d6b78f720345beedaebe32f96a9d1a2e137fbe8640a88511df3d,1665,13,15.458990
octaviograu_6154,cherrypick-unsafe,task042,1ba57e7f6cc5a3f07ac1f33128b30167693eb14fd2f1686b7066300fd8e4497b,9668,52,15.940366
octaviograu_6154,cherrypick-unsafe,task043,16b05e98645b4d8da6cf555ed59cb2165317fe07248f91dd11f6747c0b38c22b,1966,9,16.129477
octaviograu_6154,cherrypick-unsafe,task044,03106f9bd502a04c7aa0acade34deaefdba103fbb21dcfc6ce3d362f74afc6fc,22434,311,14.251782
octaviograu_6154,cherrypick-unsafe,task045,43dc4b647f1683ea779fb39571b0cdbbad8fdcfd27c8713aaa44314281d7c131,1438,11,16.040431
octaviograu_6154,cherrypick-unsafe,task046,902e4e1129d73fe4576d763127cc56d0574b72b02f96a7f8e1fe84e5f6e0eaf0,8963,70,14.058960
octaviograu_6154,cherrypick-unsafe,task047,51caa99fe3ce9cb3e122d3a78119ede0e5beb0d8940d7959bece25bbe098d26a,3091,30,16.985664
octaviograu_6154,cherrypick-unsafe,task048,456cdd9f32b273f9915a3be57620ba30f852d5f6b5b881b5c312c6d2fa592407,5695,49,15.914430
octaviograu_6154,cherrypick-unsafe,task049,d742f5db9437894536afe2db2b87d8b3899117c92daf69927ab3854301d03698,3516,29,14.674879
octaviograu_6154,cherrypick-unsafe,task050,817ceed6eed8f8639a03c7d8fc0b41ca1fc3ca5ef6ff87cb970dba5a510cd4be,2540,19,15.752846
octaviograu_6154,cherrypick-unsafe,task051,86c7a1f4a9e1078f7176aac19c741859d1d72d5c8deeca5cd5fea73bfa951c7c,3365,57,13.587204
octaviograu_6154,cherrypick-unsafe,task052,a506cc379f43f613ec0879da1737edf134628e2d759c6d40c886ba16e97ef73b,1277,10,17.567516
octaviograu_6154,cherrypick-unsafe,task053,11d2a84ba10862f37e4dae8a206314fd4226f70b6f751eed23e52ba32ebde353,175,1,21.598803
octaviograu_6154,cherrypick-unsafe,task054,dabb6c274875e11a4007fc9fcdab263853a7354e782e41e67c61c48ace3def50,9661,117,12.938629
octaviograu_6154,cherrypick-unsafe,task055,194c76a7c1f255cb8d516d9ba1ac658ddc6f99f862956432b21d038cfd5f4c1c,21458,164,14.473627
octaviograu_6154,cherrypick-unsafe,task056,2306a2e7b1dd27af9e0ec17099ee8ed0568f6696623537f2599419319f7dd8cd,1515,7,18.672063
octaviograu_6154,cherrypick-unsafe,task057,7150afbd4d18997c52669fa85a7198e3dac5cb97d0c65ff9ed61a6896b62a038,1832,18,14.470333
octaviograu_6154,cherrypick-unsafe,task058,48cccc3699cb8685f22f16c7f24d7be617f9ee5928a2b4d7b1083db474b2c51a,27439,15,15.310882
octaviograu_6154,cherrypick-unsafe,task059,7b3cd67ffb0008721082c7e1497b195b3c91364ade4b206a8aca22caba8fd4c5,12715,20,14.740203
octaviograu_6154,cherrypick-unsafe,task060,ea4ad862446e19cbf2b7fecaf9051e6801c47b6c337bfc46e9530eddcebc41e9,3039,16,15.779610
octaviograu_6154,cherrypick-unsafe,task061,27289ea0d11a669fe413e1b05826321af3d079ce8a5555fa2610a93704612c2e,17030,9,15.152342
octaviograu_6154,cherrypick-unsafe,task062,d57d9a3dc711a3fa8561eb45e9b6fd261c7ab89c7fb30c7fca0080d49013c37c,22124,194,14.231747
octaviograu_6154,cherrypick-unsafe,task063,5c8811b2da8473750953376c6dbdd913b50bc29b96f9a16a09cf201df9a483ce,3709,34,14.666940
octaviograu_6154,cherrypick-unsafe,task064,e218f014e0f41fbf58f0a21d6c18ab365d24b6b93f7c8bb533378039b355a02c,7151,68,13.354705
octaviograu_6154,cherrypick-unsafe,task065,a191af856b41ba1a6079e9a8dc2ef26069291cfbf182a5623693579f33263b3c,2705,36,14.152315
octaviograu_6154,cherrypick-unsafe,task066,ca02396dbc645332397aa1bc0c091d79337d6c536f9f28b7e1e5e773053aa82e,170467,1531,12.758049
octaviograu_6154,cherrypick-unsafe,task067,e823d84640b258f8322dde914f6bd992553a53aadd84d4685cd18da5f1be35e9,892,7,19.247427
octaviograu_6154,cherrypick-unsafe,task068,fda283a479d2067e6eebc121aa1bc5b50af395b15a844c4a0742f3861f4d58f9,2335,23,15.204599
octaviograu_6154,cherrypick-unsafe,task069,fb91d90981c4b2168ade67173f5ea1376db182db9350dbdf930d3cb5026325da,32330,380,13.647595
octaviograu_6154,cherrypick-unsafe,task070,c09e95105072fd97b2106ecebc5fdb42c86bd41e9994b310781aa321351ec9d5,11844,71,13.900501
octaviograu_6154,cherrypick-unsafe,task071,2d696d39af281a3a0ca1582e413672e8ef38ef9f06d584f19844a45a6e2aa4a2,12082,49,13.226404
octaviograu_6154,cherrypick-unsafe,task072,188545c2133e8f311a556d754e465f755bfe94c8c5afb0495df211beb64cec49,1625,9,17.341772
octaviograu_6154,cherrypick-unsafe,task073,c974fda7fe3001de4bd2200b9065826ac44cf359fcb1949954b82f28411b5b63,3825,1,18.186555
octaviograu_6154,cherrypick-unsafe,task074,8194b1eba8a395566d686766b74869219cdfdaec5105dbad5f36b6ef32435be8,1824,18,15.009189
octaviograu_6154,cherrypick-unsafe,task075,e42e990b0d7538c360b7ec46a58a74ddd4c3f1dd5db79365dd85700a10e25015,7736,46,14.128218
octaviograu_6154,cherrypick-unsafe,task076,e531bfc095094257b88ba403a4f871efb84bd11fb41bc357efdb600a90a1dab8,64473,468,12.128894
octaviograu_6154,cherrypick-unsafe,task077,44ac6491fb79e23ba6eb2025a769ecb764389c5ca232c38b8f5f5cf4acbd3756,9812,71,12.854984
octaviograu_6154,cherrypick-unsafe,task078,1f42d518b8bed0679fb0978abe48fb184ffa7bd3bff6e10ee8bf6312e0d5faba,2588,22,15.335023
octaviograu_6154,cherrypick-unsafe,task079,4a4f6c8381af1ed692a1d279af1ebacd591befb7b825933520d08519653c1d13,2695,20,15.029649
octaviograu_6154,cherrypick-unsafe,task080,21bbfa72e213a9524143ab1082c5a2a48c9c086ef959163f0d6bee91bfc8388b,18484,93,13.048013
octaviograu_6154,cherrypick-unsafe,task081,118dc8373587509f07d12aec64778af91edff7253f80e273a30e5863c7b8c91b,3749,35,17.256297
octaviograu_6154,cherrypick-unsafe,task082,f5185afcc7d53962b11373341617929555563572d95dba938af0c9e973fee1a1,2282,18,14.347009
octaviograu_6154,cherrypick-unsafe,task083,3526144719574eafa02b2d1fa33a4be836ec96c267520ddd982697e447b8bc98,7454,1,17.504458
octaviograu_6154,cherrypick-unsafe,task084,5bd28bac4f427d16b03dfcb9d4ae68237ccb4bb720b534e0e14b2768658ee6a0,2820,23,15.121164
octaviograu_6154,cherrypick-unsafe,task085,0cf2b40dcd4fe9bb85de2e251fdca74496734e7c804425012cb1c1110d27505c,2547,20,13.363283
octaviograu_6154,cherrypick-unsafe,task086,97a70f0428f6e4dd43b2aa934d65321ae516fe94abaf7a1fac331dd55904390e,4804,42,14.656936
octaviograu_6154,cherrypick-unsafe,task087,4e9d18bfbd60be2b9135e2cc459588db6a40bb878e5e16dd89651e3c3eb1cfea,474,2,19.070411
octaviograu_6154,cherrypick-unsafe,task088,3d5e5840dfdc9ebffa4cf4bf83a4bfe2d30edac84b88ab71ed3a6686d3987ec3,14980,58,13.468469
octaviograu_6154,cherrypick-unsafe,task089,0a479a40d999937f174a12134d5f78bb97ea8a6c108f09e8f44398fe6cbbcd40,17792,181,14.179382
octaviograu_6154,cherrypick-unsafe,task090,8032717a5846db3d60ae06a4fa0ff8af92327fd6b6102d39eff9ae246e44816a,19660,246,13.943507
octaviograu_6154,cherrypick-unsafe,task091,6c44a2a529dcac845b02796c463d82b35c8cc360fc72fc096564f3beeef63a30,4627,43,14.150760
octaviograu_6154,cherrypick-unsafe,task092,31e6aa2df4e75b2376481ad479c8d107cebe1f6701ab925ab0272b482eb2f1a1,4299,42,13.071487
octaviograu_6154,cherrypick-unsafe,task093,cd70e073d1fdbf93b6402aa5356e8c8f09529cd3e6048fc5501c4e44bda9d3e5,6234,56,15.354118
octaviograu_6154,cherrypick-unsafe,task094,9877a08be2f356fe67653342ee102820efd26cbf7f80ad6490bd10011209d2ed,2950,25,15.745356
octaviograu_6154,cherrypick-unsafe,task095,eca4d38cd8606a930a722084789b856626fff5d4938c02546296c7f3cca109cf,3950,1,18.186555
octaviograu_6154,cherrypick-unsafe,task096,ce8db8caf6b5f6cc84108a5efe1947880da7d802796c33483bbc8132e48c4f3a,59457,457,12.825227
octaviograu_6154,cherrypick-unsafe,task097,f0d0ab9a04954377879cace70b48610fc891b8e6d5d68ee0d372dd78fe3f2268,2494,11,13.853482
octaviograu_6154,cherrypick-unsafe,task098,8fff41bf99869a80261fa1ec8461431ffa90e7a616d10c1582642af88b241cde,3836,1,18.186555
octaviograu_6154,cherrypick-unsafe,task099,1e320d88cf0eac19c3c20b9c005a4be28ac50d4bf0a39015404f9deb22a0c31e,19839,1,16.500971
octaviograu_6154,cherrypick-unsafe,task100,dceade053a44b3cc0ee481a2b109060da44f7e12dc34d583c301f1c9d6f84691,4954,28,16.214919
octaviograu_6154,cherrypick-unsafe,task101,346856b0736f5a90d2fdca9f6ff54e072e2e2304d49494b012ffedf032026e05,19733,125,12.166824
octaviograu_6154,cherrypick-unsafe,task102,96828587e72bb4a7f3af9bce80fa95d9431a6740d99b3f93d32e3c48096cea60,6500,48,15.557993
octaviograu_6154,cherrypick-unsafe,task103,73ad654a7982f0be2249d04af29d16d95ec276d6d3f697ecb36e9381eaec3937,1669,11,19.386872
octaviograu_6154,cherrypick-unsafe,task104,33a343ec43a261d2e8d551e9e29fea0ff5d46927927aad4c34f9797225cd0556,6350,20,16.238763
octaviograu_6154,cherrypick-unsafe,task105,a178f079b666fe13a89fdf07d03aeaaeb88e2fb7d5df9441161c9948918cc5bf,8120,63,16.138083
octaviograu_6154,cherrypick-unsafe,task106,9b54191da37371effdb80aaca05a4cddbabc19d25cbc1ebceae1d85a897c6698,2939,13,17.940382
octaviograu_6154,cherrypick-unsafe,task107,486d43b947a10c096cd5abb2121faf5664c1d92f9d0196957cff677676caa5cf,31191,52,13.799992
octaviograu_6154,cherrypick-unsafe,task108,825c078fdd5cf248ddfcf1d91c57c125e6e2213304022e67810f2d3aaee2922c,7454,1,17.504458
octaviograu_6154,cherrypick-unsafe,task109,b743a1e192a39c2d75aaf83cb75d56b809c2988910d9340cb23a699063ea121c,5491,39,13.539347
octaviograu_6154,cherrypick-unsafe,task110,8c575949ac1a58e11b8b5888698200d932d67b0d0871c15aaa6a78816c46c929,22233,176,13.399055
octaviograu_6154,cherrypick-unsafe,task111,294fe9b217bc48010d14839504c2d05f18c01b58a15ebe4d22e87994c1923f81,1457,10,16.581081
octaviograu_6154,cherrypick-unsafe,task112,c9d107e03bcc1559d05367b27fca4117a92b4a4e65d2103d0e57fd16eebe58ca,3987,44,14.010141
octaviograu_6154,cherrypick-unsafe,task113,356a5f1e2200cf2560f6c836ce7d21eca6b6cad9e68015c2ae31639613ef9b09,499,1,21.598803
octaviograu_6154,cherrypick-unsafe,task114,7d1973d605273db25b979fc20a63bacd338098bf8f239bc90618b4b89dd1baa4,4719,26,17.865906
octaviograu_6154,cherrypick-unsafe,task115,fef642f35c49927e9440865ae0761f3f9ecb7d9bb8a03f2a5109e91a82deb620,5069,34,16.675906
octaviograu_6154,cherrypick-unsafe,task116,3f87aab73b8c538752ffb070a34dd07ef95ccba2d299bd7526da67fcf956e1e5,479,1,21.598803
octaviograu_6154,cherrypick-unsafe,task117,201415cfba7ab07e31fa5ce17b5bb5c673022cb2154a084d4d12920e4344b297,10774,74,15.176964
octaviograu_6154,cherrypick-unsafe,task118,22ad82472bdb9bbe5847f7640734d7b149d9773c07be609d4c31cd7b1c7ac4d6,7366,71,13.009146
octaviograu_6154,cherrypick-unsafe,task119,afa30c6fc964d8a93392c6b8b9865d1ca2f73c682e977c50e35e0e3d800e9ab1,25915,165,14.224215
octaviograu_6154,cherrypick-unsafe,task120,13dafeb021b56dac928f38d32b4a0b841fcf481296ab752c9ac203fa425e1acc,3836,1,18.186555
octaviograu_6154,cherrypick-unsafe,task121,03880dc2a72d6781722a53ffad4b506867ebd9f9c0a7faae3760807eabe67856,3339,24,16.215838
octaviograu_6154,cherrypick-unsafe,task122,d932a3ac54fb54cc09d9cdbaab21ba4e9165ed9a6a8e01b9e0c49fb972269b75,10236,1,17.171962
octaviograu_6154,cherrypick-unsafe,task123,7a75e42172279efb638134db39ee0339cb6fe0d99590c0e86c1ad8f17ad3f8ab,8997,13,16.630379
octaviograu_6154,cherrypick-unsafe,task124,f5ddbec920cb586ce09ab817a1eac51a16a213e64d1c00be161cc1047e74bc63,4339,51,15.358722
octaviograu_6154,cherrypick-unsafe,task125,20f2c3e90cfb5afe5ac7e795a1cf906ce67453cb55deb5cbcc51275aea5fc7e8,3032,28,15.495722
octaviograu_6154,cherrypick-unsafe,task126,b86dafbc68af0e5b698f0241dd534874e44ffd9dfca8bac7b89280a3534f3824,2765,29,13.636840
octaviograu_6154,cherrypick-unsafe,task127,81f551a5b779e861ce371fdc4697595db753242954a60c50a3ac8e3108937d97,3772,1,18.197605
octaviograu_6154,cherrypick-unsafe,task128,5224331b88562c8c5864a82ed28442ed1a8c17321e5852eb0c193b0a8eabe7e5,3365,28,13.537926
octaviograu_6154,cherrypick-unsafe,task129,bc11e9e80b9128561b6e14a4908c76853c1496104b6103d675d166b25e9f3a67,726,7,18.258299
octaviograu_6154,cherrypick-unsafe,task130,129e8e94901df68286dc85134b4be5ba1daa1437df26f1eb430b9272e7f77471,1293,10,15.322911
octaviograu_6154,cherrypick-unsafe,task131,d0d26239641dc4c3252e3188ae42690c167800d860ffa9b75d9165a9aec0c31d,12030,100,13.949586
octaviograu_6154,cherrypick-unsafe,task132,8e5ad5fe50f8836d322e025383ef96da6495a2be15418b5a9977f057f895f669,3762,36,14.392475
octaviograu_6154,cherrypick-unsafe,task133,3a19c0cdbb2bcc44c378990c45cd8ca20a72e248d91e4fc9c75bedfc5076a62c,65902,509,11.522102
octaviograu_6154,cherrypick-unsafe,task134,d74f06274e16ffc4a7f2cc87185c453572bf47ffbd449dfa2cc4473d6bf15352,7220,68,15.260974
octaviograu_6154,cherrypick-unsafe,task135,a5ba0a9dc839a73fc24585aab0bb1e97cccd5531fb28b98b77e91a17e7701ecc,381,2,19.097367
octaviograu_6154,cherrypick-unsafe,task136,710479e576a6991b6a86112822abbda3344fa8c7713bcfb0b7fe423f977cfeb2,3173,25,16.509356
octaviograu_6154,cherrypick-unsafe,task137,1933adc61bb37aa8289a0a8b5aa4bf16be59d72316649981a3f196e76d12aebf,3864,36,13.809044
octaviograu_6154,cherrypick-unsafe,task138,05aa5bcef63289b93673de8cf909821f99f0e272d4ba12857d8fa78662df5d38,11562,143,12.804766
octaviograu_6154,cherrypick-unsafe,task139,e3e6133e136fc342560390d22bb08861dc290ef6c9f64e8854070984d4a5946f,3865,33,16.803012
octaviograu_6154,cherrypick-unsafe,task140,4e9d18bfbd60be2b9135e2cc459588db6a40bb878e5e16dd89651e3c3eb1cfea,474,2,19.070411
octaviograu_6154,cherrypick-unsafe,task141,419409ee1ef9989b22aaba718cfe107b9d915bb476e1f4edee982507a294cede,2345,21,15.331033
octaviograu_6154,cherrypick-unsafe,task142,b525fbe662a950ccba343052e36da4678bbd57b9039d4f6c5a15f3c0a16fd54a,7454,1,17.504458
octaviograu_6154,cherrypick-unsafe,task143,a7806b205f75c1a19ea4f0096b31a078910e7c8146b42996f8e3107b639d23a4,2690,21,14.960017
octaviograu_6154,cherrypick-unsafe,task144,e615d869e7b75b731a1e7c794f3e098932d43c523a514fc2aac85938a76e1624,1639,11,17.856382
octaviograu_6154,cherrypick-unsafe,task145,22681d1e38fd9b4a50619a4900134ac568081a0007d313598a2d4a001a12a65b,31434,325,13.796907
octaviograu_6154,cherrypick-unsafe,task146,773d61ca46def6d1e9fdb7916c51a9f5e99a5d39640f394231b2b05a400c4a31,1894,29,17.278651
octaviograu_6154,cherrypick-unsafe,task147,e65dc2d49c2dd32775575699e73cb1ad0aca1fcca0a87fcec26127b52f631670,3825,1,18.186555
octaviograu_6154,cherrypick-unsafe,task148,83bc09dcaea8524df3a4528943965a79d9f6165f72790b1291c63eb4f5449483,10573,107,14.515722
octaviograu_6154,cherrypick-unsafe,task149,3137da6fb944a3bb6e03884efc695345a045254de6a366510505b2221d175600,1404,13,16.455386
octaviograu_6154,cherrypick-unsafe,task150,eef66466514ec7a5328062908ce1f14ca3b8e113c6b1cf7adfe182abcc341de8,1299,11,18.078342
octaviograu_6154,cherrypick-unsafe,task151,5cde735eb19c85dcdb2899bbfbebf957214f3c4a0c1820cb4b3ad058cccdc80e,2352,20,14.951330
octaviograu_6154,cherrypick-unsafe,task152,b525fbe662a950ccba343052e36da4678bbd57b9039d4f6c5a15f3c0a16fd54a,7454,1,17.504458
octaviograu_6154,cherrypick-unsafe,task153,ab0a01ecf95a452abb1c5c75e402501f65e87497f8ff0468b7cae514e5183b21,54531,544,13.989139
octaviograu_6154,cherrypick-unsafe,task154,5f1e298db41b5a1f178cc757f413e3eab14e95291dd559a42ff084b616a29b41,8020,44,14.272907
octaviograu_6154,cherrypick-unsafe,task155,eb14dfb5dced388e02e786c70561a892c539daf1e48ed47cd695642c53b65585,1299,11,18.078342
octaviograu_6154,cherrypick-unsafe,task156,e365c128127e7c2ba75fc7e0efd5e0d695bb256972b63cf49206bbf65e227349,49215,375,14.813140
octaviograu_6154,cherrypick-unsafe,task157,88c618ee2ff392b93479695abaf12ade89d2addb28d7504fc69740836baff4f1,327441,678,10.283974
octaviograu_6154,cherrypick-unsafe,task158,5263d580cb60a24afa12641d5b52439098c7f85d63b6ad5c9cc04a2d191415a8,58188,345,11.947690
octaviograu_6154,cherrypick-unsafe,task159,93239bd39db8bb07ffc4f354ca7b43656c78ca03e18c9ca72a30ccb093e2eb5a,12966,57,13.597995
octaviograu_6154,cherrypick-unsafe,task160,9614391ed6a8c961cb2a50b82e22337eab556621bb99de4baaa2f78d0f8b06ad,2189,19,16.569237
octaviograu_6154,cherrypick-unsafe,task161,33351d8f1ca150a9d7b225d7ab8e9e8f60171b01fac54fdcb143882ed0fec502,6008,51,13.174397
octaviograu_6154,cherrypick-unsafe,task162,29467827e023a09da29f2c6bcf10d77d7bff035e613d5615f27d623e6f2f3224,2268,19,13.944502
octaviograu_6154,cherrypick-unsafe,task163,3eb225bad21f34daca455495c894a722c9727d52301e14c4051410d35d644a91,13875,66,14.537497
octaviograu_6154,cherrypick-unsafe,task164,250771b94d3db4658d4ac04e3bd9a0740f2af0f3aba0bb9b5df4d6181bb470d4,479,1,21.598803
octaviograu_6154,cherrypick-unsafe,task165,84191da6721ff334125fd7fa8616eb9122ba801b8e467d4f0bac42cdd367fab2,4910,25,13.879762
octaviograu_6154,cherrypick-unsafe,task166,bb71f3b3d956f668ce203feb385d0a702c31c6bd17cc17e213e3889db57d510e,1628,10,14.569981
octaviograu_6154,cherrypick-unsafe,task167,7205b15363f53274f9987b481f736b594008071406a8a8644556e6d42336b88b,2375,8,18.294361
octaviograu_6154,cherrypick-unsafe,task168,10661d21c26bf5ff68d448b007b0212c34cb45503fb906d999fa4a13c3626ac4,7297,44,14.628981
octaviograu_6154,cherrypick-unsafe,task169,ad2ee26f030f4cbbff155aa69ae2e24628a0853ec163253b327ebf3368124aa9,21301,168,14.928755
octaviograu_6154,cherrypick-unsafe,task170,9f919ea1d3fae6c43dfb70c30fe5ce04e453a44324f39755cb00850f150578bb,64849,681,13.683941
octaviograu_6154,cherrypick-unsafe,task171,c0dccfce69e87e53b68a617cc0ce6da5c9659180ce2acc2a46007c9915c524cb,3825,1,18.186555
octaviograu_6154,cherrypick-unsafe,task172,aa923630b6479cf1a1f5e7b7bfe2e4947e1c8ba8edba4f31d250b0b2f0c98dde,479,1,21.598803
octaviograu_6154,cherrypick-unsafe,task173,6422b0cd8c4551cb02c6733546b9d7f1b9130a0e4e58c7132e4791558a968ec7,10061,68,12.926071
octaviograu_6154,cherrypick-unsafe,task174,4501407339b9e160ae271315971c5baa39151bb8f252ce075fee7e027ffb1686,61839,790,14.140636
octaviograu_6154,cherrypick-unsafe,task175,adaeffeded8696e836a30029aede97224dd5ba4916277fff2214aa51d8c50800,11343,22,13.519339
octaviograu_6154,cherrypick-unsafe,task176,757c42a63bdd123372b7b8ac3de694e64df328a279914d385e15c5746b274cb9,1420,6,15.818059
octaviograu_6154,cherrypick-unsafe,task177,cdcbf832519bece9b4bc7966b23d1dba298385f8a602e49475b595b22b33b001,4180,37,13.778698
octaviograu_6154,cherrypick-unsafe,task178,2efa4e0be0f029b9cfc6cd8f58f215c38a5b6839ceed8e44d6c0ee2c39d579ab,11303,123,14.407499
octaviograu_6154,cherrypick-unsafe,task179,bde695a21a93b9e2084a9b7e8a8bee5f2cdc694baa71a12d1c34ae921a89cb87,170,1,25.000000
octaviograu_6154,cherrypick-unsafe,task180,2de5119963dd1a2c303ea79c0f562f2040d904a9a254cb3fe450ae080279da87,4414,5,15.910924
octaviograu_6154,cherrypick-unsafe,task181,d5e423513a6d975dcf970b7fa00306491312801ed8b9c3232bddaa05e5217ae9,3083,21,17.914936
octaviograu_6154,cherrypick-unsafe,task182,b8c2312076501eb99bd7fa1160482f67da919ddaaf6817dc9a7374d7b94a44b8,30831,291,12.765379
octaviograu_6154,cherrypick-unsafe,task183,304fd9d6c78ea14e6b21f5a8929aec65dc8582e0ed5300bcfe6c020cd031d4c2,4645,55,14.878261
octaviograu_6154,cherrypick-unsafe,task184,d104af166e5c9363a02c3f7e6ed8251c41e1d392701919524a25fceb6aeb384c,6934,51,14.147484
octaviograu_6154,cherrypick-unsafe,task185,dbc48d1e31979b5114d5df411783ca8989f9ae9c4bd063f24eb529ea5d5b1dae,18881,242,14.004858
octaviograu_6154,cherrypick-unsafe,task186,e08e25bcc7a87cfdcb14c47188efdde385ff6605c966217b934a67aa0589a797,2418,6,18.317891
octaviograu_6154,cherrypick-unsafe,task187,2975071ab48a9883483483822c3d24affcd8bb30d824d97f87c1af47cc9bafff,8852,87,13.409993
octaviograu_6154,cherrypick-unsafe,task188,b48429ec56843515f15fb784b0246488517e52cca244ecee0a432bfdacfcdec0,4356,41,15.692533
octaviograu_6154,cherrypick-unsafe,task189,fc979831b169f556d8d807bbdbd1958adeadff21a63e0ae51d203717a20273ed,8560,86,14.256239
octaviograu_6154,cherrypick-unsafe,task190,0a31ba38881a6fc4af83224d1aa59f0a876aea5808f55f95707b8c5975ac4c06,8781,63,15.675974
octaviograu_6154,cherrypick-unsafe,task191,ce59dacf094e79ad8d4baf5b9135d53f1b1bacb47f155b1245bbb719e4869e8d,13532,210,13.230295
octaviograu_6154,cherrypick-unsafe,task192,b33d9d2c7a44e0ccefa26f20c6eb211ff45cdba6b7ca7a38c8fd674ddc5062b7,2511,21,14.093402
octaviograu_6154,cherrypick-unsafe,task193,1184ed012012ee9bc87677fea86382acea9bc6b8979f087a5b3500492d6138dd,1925,14,14.109558
octaviograu_6154,cherrypick-unsafe,task194,5a188032e9933c63bea9816c0846001d769eb356d00653af9e5e766ff62bb53b,7454,1,17.504458
octaviograu_6154,cherrypick-unsafe,task195,ba4b722b42ea9bdbffbe4fcf38c90d387045eee91e245e77f502c246c158e0dd,5381,33,15.436963
octaviograu_6154,cherrypick-unsafe,task196,88e7b78d4c040a3e5555fce0c21fc2f7d85b4493a83e388036fd089f020c5ef3,3457,30,14.299185
octaviograu_6154,cherrypick-unsafe,task197,6f310a26322f51f58ad753217ad0cb07be255666584e0b9f608d8c96e911259b,1758,17,13.912793
octaviograu_6154,cherrypick-unsafe,task198,a1cd099e3d965fb4506eded8d4bde77ea202357df70e9212b36911ca002c8cb1,6979,51,13.449576
octaviograu_6154,cherrypick-unsafe,task199,7f8ae82add1995ce631f2596ebf18e50b694cb8ec8d56a776cb6b1f393d891fa,2948,22,15.309891
octaviograu_6154,cherrypick-unsafe,task200,3db82e421fb1700c12efd717427c8530ccb8c8b610c32b22b6ae170655c00c8e,3848,38,15.975267
octaviograu_6154,cherrypick-unsafe,task201,f7a500540c3480662d00d7867a35db2791da429b6c2a8a4d621e511b7839b795,10924,135,13.556167
octaviograu_6154,cherrypick-unsafe,task202,548ea01a96ba723d596f57386963dc208eac1c74ee9c8ad978597704d8065f5d,3582,31,13.258188
octaviograu_6154,cherrypick-unsafe,task203,5c86587356aef4914bda51c97f89e22464a8270b22c47a7b46fe9a7cfed22036,6437,36,13.610350
octaviograu_6154,cherrypick-unsafe,task204,c00fd71c76edecf696bafc0a6221fb677d4409310b19d6159ccf58fc186a14d0,9669,69,13.206002
octaviograu_6154,cherrypick-unsafe,task205,1db7ba454673116595b849f24af71af773785d5c65b2f97c8da6efdf83482840,48180,672,12.814503
octaviograu_6154,cherrypick-unsafe,task206,a9a48933d73ab0ca96c39812eaf2d7cc02be75d240f640166a9e5b4a88f1a1ea,20303,224,13.895344
octaviograu_6154,cherrypick-unsafe,task207,8cb6ddf4039b0c5d6313a9f40608f99cdbba78cd975fd42f6f501a67c8a3c933,2330,21,17.222207
octaviograu_6154,cherrypick-unsafe,task208,5d341124008dfd310bc5a123793ff6f9beaeead1fd98692f86f798a8f1e3f4a1,15885,196,13.566031
octaviograu_6154,cherrypick-unsafe,task209,f56e3cc63838db0e07db2c65feb748397b45af40ea12d489c31f4568830b0921,122649,845,12.494619
octaviograu_6154,cherrypick-unsafe,task210,aa923630b6479cf1a1f5e7b7bfe2e4947e1c8ba8edba4f31d250b0b2f0c98dde,479,1,21.598803
octaviograu_6154,cherrypick-unsafe,task211,3c58a51ab06ee25bf3c54539284f6def4bc6e10c364246d45f5533df0905fd17,7454,1,17.504458
octaviograu_6154,cherrypick-unsafe,task212,e0311574c6c6586444723f216d16eb35cfad0522511fec1fda4498c410113b3d,6853,50,15.309025
octaviograu_6154,cherrypick-unsafe,task213,3f5b36e0eccf4798f845ad10df7d2bc7948f10933966b09f25a7505175b7e121,26897,392,14.175493
octaviograu_6154,cherrypick-unsafe,task214,476030b9c3c916862c896b22ae9f1ee46d6bedd703bd39deeb4fe1a9a7cf6c54,7454,1,17.504458
octaviograu_6154,cherrypick-unsafe,task215,a823981941d8f498cb8e0826b2e4700d851544d06b11b1f732d9b1411edcd3de,4015,38,14.181362
octaviograu_6154,cherrypick-unsafe,task216,cbbcf98c1996eff11b40249f28a038c75d67e9eb5cd883434d3d6cf12ae72a98,19626,276,13.450820
octaviograu_6154,cherrypick-unsafe,task217,58f2ed503258d9c007e4e93b086250cd0e66b2871fbc7602a1fa7d6869dadd1e,7268,34,13.747647
octaviograu_6154,cherrypick-unsafe,task218,14bb6c5e5fa3712e4f556142985fa03de40ba2accd475bb596ee538d3c10c60e,9594,137,14.948006
octaviograu_6154,cherrypick-unsafe,task219,f042340d7b269af4b35437a41d3094074b91fd8778477f3b3fcd20966a535f12,87016,532,8.421777
octaviograu_6154,cherrypick-unsafe,task220,924ca3ff6b3c2190ebdd92b73e0c33ac441a7e64b5924bb34b2faa596a40dd55,3798,1,18.197605
octaviograu_6154,cherrypick-unsafe,task221,fc40a9c864b222aaeab1d16ab69b17f524fd95dc657baa701b144f4288e5bcb5,13333,28,14.069235
octaviograu_6154,cherrypick-unsafe,task222,f82b35de1de8377a5dd17f94de623872a1021443ff972be6e0765c6d21c5595a,2578,21,14.031198
octaviograu_6154,cherrypick-unsafe,task223,51cd95a032c661ce28fa653ad0e727fb33cf6a709a5747e02a8ab323190ae968,7454,1,17.504458
octaviograu_6154,cherrypick-unsafe,task224,1618c4868a39993d5318e610ce888f4b46394aa114feb2e20618a9034a6e1e50,6314,54,13.843921
octaviograu_6154,cherrypick-unsafe,task225,feb56d8f1c720012318ee348511e98aaff19c284a140f7de45fa6c3503d713ae,5386,31,15.148227
octaviograu_6154,cherrypick-unsafe,task226,011547c7c4fba33dd6a9bb00f3695fe5d493c03cb376a25175f0e57b4934af4c,4694,37,15.874455
octaviograu_6154,cherrypick-unsafe,task227,cf6f7c36c8f667cf326367ed494b71cee047311e9c84a08efac3bd0f846d0363,1435,12,16.838625
octaviograu_6154,cherrypick-unsafe,task228,b10ad9d1da09a0132a90affd556d138ae9c203e734709b8b4c64054e52e480c6,4406,59,14.373952
octaviograu_6154,cherrypick-unsafe,task229,a3200ca8c2d6a3398ab0c6b8816f2846845377b8b542e3e5ce44e3493e76b6fa,1735,13,17.386675
octaviograu_6154,cherrypick-unsafe,task230,1444325f9990947c4e2b6bd66f2ce611d8efc4be97b595c4bf2ad63e9e166ad0,3798,1,18.197605
octaviograu_6154,cherrypick-unsafe,task231,6c022eb9496c0144963923d81b389ed748d24bf4115e6d8ce753bd1bb58ea3f9,3468,42,14.347741
octaviograu_6154,cherrypick-unsafe,task232,cb69a041f629158a4782d801f36c826d6e76433fe59846f726270dac46923946,2435,27,14.367009
octaviograu_6154,cherrypick-unsafe,task233,d4c2341f9ab79e4277042f6098169402b5c12b4d97c66e4ad11ee38e03404992,321271,2428,10.677923
octaviograu_6154,cherrypick-unsafe,task234,f1bed9c14a107314718a6a2c2d272373b791ed46a99cd3e21b405ee8bee98776,8333,96,13.151045
octaviograu_6154,cherrypick-unsafe,task235,a1bf6e5bb8b79a4f92a3fc58a545e6df73dbaf0282e6e379a533855766a06f8c,3931,32,17.430588
octaviograu_6154,cherrypick-unsafe,task236,7f166f01eb2cf5e98be10a109467f99606fa9e5b533bf2bf8f34a298dad06666,1511,9,17.962972
octaviograu_6154,cherrypick-unsafe,task237,6be29b90d62d7a882838b1f290182dcfab7283351c790750f5018e02cda045cc,2237,23,15.003204
octaviograu_6154,cherrypick-unsafe,task238,3208dbc8cec5a6a6874fb45bdf74920c0447b6b2745454a2ca76efdd5aa83d45,11927,102,13.927566
octaviograu_6154,cherrypick-unsafe,task239,2abd421624d88b12e8a63904b214d06678543cf0231b040cc10fec704aac503f,4143,33,13.525015
octaviograu_6154,cherrypick-unsafe,task240,faa91380b9775a3eed48bdcfe401ad8e5d1b5e2dc62a2dcb17feeafe00f6a1ce,3953,28,13.893630
octaviograu_6154,cherrypick-unsafe,task241,bde695a21a93b9e2084a9b7e8a8bee5f2cdc694baa71a12d1c34ae921a89cb87,170,1,25.000000
octaviograu_6154,cherrypick-unsafe,task242,4037bc7bffc24662a27d3619b1671d67f9ff5c735fb78eff5f06860df6501fbf,1968,16,15.046580
octaviograu_6154,cherrypick-unsafe,task243,40f59da41ba2cfc084b9eaaa726d179194120eaeece0b9b5ec99bb299daca438,16926,137,13.395179
octaviograu_6154,cherrypick-unsafe,task244,12974cd83da15658ad0e0fe3b624c0b705d56b763e2925eda0818540265e7af8,6538,66,14.633345
octaviograu_6154,cherrypick-unsafe,task245,9a7e78ac605c6378be3f47d88a35aae0e1cf73ab864258254dd4987e43d54c37,2843,37,14.724432
octaviograu_6154,cherrypick-unsafe,task246,379b5a73e3dee6f56eedab3ab0bd0ed8414179c6e7ae1edd0a948060d6401309,3824,31,15.497662
octaviograu_6154,cherrypick-unsafe,task247,687d227d377754e0bdb525e56deaa3c2f67049b4bb02d7f579e411f2978a74f8,2056,25,14.995717
octaviograu_6154,cherrypick-unsafe,task248,1cc5ba184903e8307ed5ba4d36263e3487d7beec6142f401fc6d0424e70f1e18,2328,23,16.120945
octaviograu_6154,cherrypick-unsafe,task249,a59e4c09e5d3e602f7ca21839c22449d6075728887f1641219db927833c1f7e2,2901,17,15.462300
octaviograu_6154,cherrypick-unsafe,task250,db7b6112f672f2a70588e91f451c893bc7b1ecec188c8c984be8cff297851bfb,13543,127,15.280375
octaviograu_6154,cherrypick-unsafe,task251,054a1310978ea762a181de2ac68b1c10e5d9e706e70a593b68af3d1f26ff74b3,6906,53,13.472393
octaviograu_6154,cherrypick-unsafe,task252,20bbdff14100a78ff5ba0ae2d08e7e82af19b2832308a8a739256b3f3416c6a7,4879,27,14.401218
octaviograu_6154,cherrypick-unsafe,task253,2538ea53b1aad1e6365055ee14f48dccb49ef632cce416086075b33d42366bad,3510,17,14.215455
octaviograu_6154,cherrypick-unsafe,task254,a723230701ba601d3d39bcceb6c41545ed7dcecec7d640d794a6d298303c6654,6052,39,15.865030
octaviograu_6154,cherrypick-unsafe,task255,e6ed6b4ff01e155169486c7b822db244629ebc48a8b802870d51af90aa2cb5c6,301761,185,10.661366
octaviograu_6154,cherrypick-unsafe,task256,d0cabd95c8b29764920aaddbda780fb79edd4934fd0149ae2f4085d6a62e5025,8793,38,14.816270
octaviograu_6154,cherrypick-unsafe,task257,1ba5d2b1f3d209e5deac17cc33773a38e6e8595872daef742a965a2ebd3fb42a,1669,16,17.629140
octaviograu_6154,cherrypick-unsafe,task258,e5948973e4d14232b7cb957f26c0487779f6c8b9e06e32151b75a5a21ad5e5db,3836,1,18.186555
octaviograu_6154,cherrypick-unsafe,task259,cd8f2883b4e59672ccd19f5a5b45fc92a1c48a4e736beaa179e62ce6d6dd7a07,3882,30,16.169018
octaviograu_6154,cherrypick-unsafe,task260,21c776e8235ed69d82386e0937fe02a8389a6b09a67bf7b25cd35601008d0ac1,3320,26,15.377285
octaviograu_6154,cherrypick-unsafe,task261,6104690685d52f02ca149095658b51c2d448d252f763922efdb0fd69749b630f,995,1,19.701683
octaviograu_6154,cherrypick-unsafe,task262,c4714ec84de4fa51ba3751b69dbf34ecf5bdaeb8026531c6a3a6a7fc3e22e9d9,1329,8,16.086315
octaviograu_6154,cherrypick-unsafe,task263,1b8a040360232f6944fa110231b6a00266523ac9e4cb025a05f8dc5fdbd23da1,10867,140,15.981062
octaviograu_6154,cherrypick-unsafe,task264,01ac406f30f0ffced1625ed8050b91086a8967573523be0ac1583a6eef0e4dbb,10074,115,13.154639
octaviograu_6154,cherrypick-unsafe,task265,e44b248f5902d3d38b34e32679474cc70b8ee0d23a58ae93c6e8658e0375fc5d,3110,32,14.408076
octaviograu_6154,cherrypick-unsafe,task266,491258de81aba00b6aa06f223356e30346665751690278693288e858450c8563,3825,1,18.186555
octaviograu_6154,cherrypick-unsafe,task267,50444bff71d0c42d80ad99a08ebb92d401d889eef377adecf9fc146b863d6c3f,1659,9,17.741588
octaviograu_6154,cherrypick-unsafe,task268,0eaf42695ba70b84bba537b2bdc0424a1e075d68e473c6c823414474dde4258f,19789,169,14.878381
octaviograu_6154,cherrypick-unsafe,task269,e4547b23d6bbfd6c875df4ade60468159cc1858d2504b6f84c083df9f49080e5,3349,29,15.407122
octaviograu_6154,cherrypick-unsafe,task270,de4452f5ceb78efb5ed81c15ccd96957c4aebe7e91c0419c5f82fd254e1c63f3,10862,56,14.235417
octaviograu_6154,cherrypick-unsafe,task271,1d303e94d417fc4786c4e80dee5be764e57f981905d0bf8f5e5fdf48595b19ed,1993,22,14.725259
octaviograu_6154,cherrypick-unsafe,task272,bb44a1717b5f9b6f1cd8f6bdd32aa6a40d88b17db3e200a8cb6f7806bb2c658d,3825,1,18.186555
octaviograu_6154,cherrypick-unsafe,task273,ef481d8f02832385edb2ae3838215e1c01c80ebc407639a5d04a17ab09227a4e,2414,22,16.294338
octaviograu_6154,cherrypick-unsafe,task274,05e714a8af955d6f5061cbf93ea6964c368b3f5c164831d0bff7c9a31b8986d6,3619,16,15.942694
octaviograu_6154,cherrypick-unsafe,task275,b05c9d902d60b5e03aa3436e187c874a4948bffc12b2ce6c86fd8ed957970680,24193,253,13.662810
octaviograu_6154,cherrypick-unsafe,task276,2a3e881ae92099c36f1955bdf96ca1e9f77a4ef3d1d3eb58c63eccc80a655c7e,217,1,22.697415
octaviograu_6154,cherrypick-unsafe,task277,cdd58c9156822d0c5c668ebff763d57659136b9c3169c7db59aad321bb92dad1,6687,60,15.410059
octaviograu_6154,cherrypick-unsafe,task278,33724e4205ac1b5cd67dff8fb471583b1e478ffda0887f7ddde257b2b5fed045,3294,14,14.414249
octaviograu_6154,cherrypick-unsafe,task279,0cc3ec0ebbbf1322a18ede62c2d99f42f05048f3ac7f437ea5234eea0b28c4db,4658,41,14.171024
octaviograu_6154,cherrypick-unsafe,task280,82b670978372ce1c23e03297fac4c9a8b660a0ab794420b6151459faffdbd466,16655,138,13.156003
octaviograu_6154,cherrypick-unsafe,task281,ca2a1537dd3fbe42f2138c372b482af55ba9bacf05230c700a13f8ac7caf45df,7659,64,13.597168
octaviograu_6154,cherrypick-unsafe,task282,3b69ffb73c79f09e8523073931061610e74b3e0d32534378317960c9557acd0d,3798,1,18.197605
octaviograu_6154,cherrypick-unsafe,task283,b0e2a1e5a77dc63e5c2faa69d44120f7fe0e8773160760e68b7f5912591f4c60,3825,1,18.186555
octaviograu_6154,cherrypick-unsafe,task284,a6639b3a490354a06dabea1ba3e40cadff156bc3590372d54d12d7b22cc4b80f,30975,145,13.304486
octaviograu_6154,cherrypick-unsafe,task285,7e7174483c54bc2036afeed9b286625024f4bb3502e4c708e4c0e8e55cb7dbdf,64932,325,11.903441
octaviograu_6154,cherrypick-unsafe,task286,4f012dc2e0a2b7b30e956f16edf2b883865d3a35d150e621bde7331b202015d5,19743,169,13.003415
octaviograu_6154,cherrypick-unsafe,task287,597d6d8d9fb465183a384f7f4a71596b1a35c46163dc529eadb64646cf3c0ebd,1706,22,14.975756
octaviograu_6154,cherrypick-unsafe,task288,2ef01939d8fb465f7d079f337f55c77fe2c332eeb2f01b47e5759981f01b1175,7847,52,14.200567
octaviograu_6154,cherrypick-unsafe,task289,ddcdd8e5f14fe99b7c79bba1087ff0af80515de9b95497fc7d86edae3f7b4dc4,2883,26,14.634856
octaviograu_6154,cherrypick-unsafe,task290,4b741031cf43c0c6b363ab3c98f7017cd73aa098b5e38c15b5799f2fcc7eb008,42089,87,13.384049
octaviograu_6154,cherrypick-unsafe,task291,f97257c9bae5cbdf0614cf4f6d0aeda2c0db164b44f4861fc829c00eae636b67,6009,22,16.627370
octaviograu_6154,cherrypick-unsafe,task292,6c7d97812715e7fabefd85ae7cd7069c242c3fece1fced47e289ef103c53a575,1411,6,16.040046
octaviograu_6154,cherrypick-unsafe,task293,d0d3cadd99d8938cc3977399ed5dee18a032739905995bcf0fbc76a20c04297f,9897,52,14.882571
octaviograu_6154,cherrypick-unsafe,task294,247179b0cb2fab9e792e9f91da564f6ee1f8d4059046fabd7bfd7e7d3d010cd9,3825,1,18.186555
octaviograu_6154,cherrypick-unsafe,task295,18acddbc84d5c34f0a238bc7700ab1ab9a2519dec5529953f3e4eeff4bd2a81a,2771,22,14.967767
octaviograu_6154,cherrypick-unsafe,task296,4306af04547e103c395a41f15f7829592897a368a36d02047b54c256c5e54b13,2843,10,16.677606
octaviograu_6154,cherrypick-unsafe,task297,7f12a7dd6a0b83b2502328d7bcfcc2ee5ce44ba8feaccb32246078a33484b76e,2651,31,15.684939
octaviograu_6154,cherrypick-unsafe,task298,5cb2c2997afb77da1e33a268d22b34b95cd5918413cf91668da1aa33f5b411b4,5059,31,14.958143
octaviograu_6154,cherrypick-unsafe,task299,dee7954386eec83e61b74e30694b2d391a4dc0610602a58dd1b37dcc92fb028b,1980,19,17.107174
octaviograu_6154,cherrypick-unsafe,task300,e81ff2bf51d9621b8df8ff754c0d4ff4270d17f336e625bedb5fba417a57b7e6,4688,43,13.741000
octaviograu_6154,cherrypick-unsafe,task301,a9794e11d05e2a30078d5571b3c25490850073d0966e896233ad9e29ea534801,19261,48,13.918042
octaviograu_6154,cherrypick-unsafe,task302,fc0c4095ee26f99dfa28593219832fb1744068c9c08b4b65293674194a176ad1,4372,43,16.038634
octaviograu_6154,cherrypick-unsafe,task303,f1388ccd300d0326ef77e32e80a1bdcb15c39bd24649153f5208eb8cc0962cc6,2084,8,13.701382
octaviograu_6154,cherrypick-unsafe,task304,da36b408e1af537d161fbb14dbba577380417c72233e4a1458970d507c43ae7d,2136,17,15.413006
octaviograu_6154,cherrypick-unsafe,task305,9f735899c445d2de0753685201dbbaa448ff1306c5f52d568270b4588d8e242d,1865,6,16.718023
octaviograu_6154,cherrypick-unsafe,task306,7b49df67bd4c3733ab36737bab5b236e6f62b7b3928698f735fa95db0f9366f5,4155,33,13.926448
octaviograu_6154,cherrypick-unsafe,task307,badc5326d1acd892c77212fc876a3f3192e5b67a9806ab111d1e9589eff70706,7454,1,17.504458
octaviograu_6154,cherrypick-unsafe,task308,4e29d8af281a2ed570ccd3f03a786e0e94f4a0cd651cb677e9955d522f712ae1,6118,59,14.148646
octaviograu_6154,cherrypick-unsafe,task309,c47b834e65872a11ec0cda3c8246948b8365f81f916610b49ed07267815733d9,217,1,22.697415
octaviograu_6154,cherrypick-unsafe,task310,8ba42d4bf0a654f913a7bee8772a22258fedd188475ce77c77e8bba0fee69bdb,5449,44,14.016845
octaviograu_6154,cherrypick-unsafe,task311,250771b94d3db4658d4ac04e3bd9a0740f2af0f3aba0bb9b5df4d6181bb470d4,479,1,21.598803
octaviograu_6154,cherrypick-unsafe,task312,5f8662413159b881c8dff97e5c51ca63270ea3b1609d0f333539af73166348ff,1202,8,15.791762
octaviograu_6154,cherrypick-unsafe,task313,a53af0418f5de87303fcf7282bd1ed16deca5a31b88b7ebaf2a2f4b6d689a574,39887,34,13.666536
octaviograu_6154,cherrypick-unsafe,task314,c5e30ef3e59d2973ed66b4202d3784913f7d6936ce28ce71437eb9d398cfc298,28414,218,15.616547
octaviograu_6154,cherrypick-unsafe,task315,1bf0b18c996602619e9fd51d9c5b13d00e57feaab87cc78fd43463a38ba05c04,1520,10,15.469099
octaviograu_6154,cherrypick-unsafe,task316,0b697272db5461192d00f8168c702d2dde635fe5bebc4fe3b7506a820ca9150f,5537,49,14.150469
octaviograu_6154,cherrypick-unsafe,task317,54ad9bc9831f0f3a781e65116809c2c60f3246bbdc84fc6c0fa8064fecb5d8c5,3798,1,18.197605
octaviograu_6154,cherrypick-unsafe,task318,8a6d9a5329cb6796da0fa92ad568b2b6d4486946f9e8ba759321818a4ca8144c,1569,10,17.908258
octaviograu_6154,cherrypick-unsafe,task319,deb8d2e941f26625f3013b0494dd98b669c91cf5ac30869b2530b213828230e0,260816,2051,11.488390
octaviograu_6154,cherrypick-unsafe,task320,b5f9d264034aafc2780289baeb60a45e338fd6478233a720f13b79faa2d6b39f,2183,19,16.445511
octaviograu_6154,cherrypick-unsafe,task321,b563dc7797c6347f41ca4931e7495e5bf990351453842b3410e31e0fa5be47a6,2449,19,16.139643
octaviograu_6154,cherrypick-unsafe,task322,da58fc153116de779e39ae0114219bcd1f033939308c902e4dae7ad4b25c665d,985,9,17.827575
octaviograu_6154,cherrypick-unsafe,task323,730233a73b9e6e98e25c77baf2e139a562e458088de6d66cb6f5a0090c133eb5,2497,10,16.580861
octaviograu_6154,cherrypick-unsafe,task324,a9978fd1a5ce35580d87b1ade55329ef3edb36f46f8471fbc1f8a51cbfc6a9f8,26081,263,12.836882
octaviograu_6154,cherrypick-unsafe,task325,703958452270456b7d0aa9d4685a3bb4279c1a189050c3b1c4c5c0ef26767373,5072,39,14.330533
octaviograu_6154,cherrypick-unsafe,task326,b95776b4618ae80d707674425b68a1b903cfc9925a01d24b03b330ce97a9c421,388,2,19.888012
octaviograu_6154,cherrypick-unsafe,task327,c1e27b3e2516488d97fe6bc640b49553d912c7e6de9b4b9fadda8d8d305fa039,2235,17,15.428913
octaviograu_6154,cherrypick-unsafe,task328,c0634dd4996ee7e706d1418802970c093d7a36a1375de2a27ceeb256fe577ce0,16420,121,13.847012
octaviograu_6154,cherrypick-unsafe,task329,d74a675084da2fb504b608bab4f432a3093fad2bad9e29ecf0c3515cf01d07e3,2361,20,15.453616
octaviograu_6154,cherrypick-unsafe,task330,675442c846426a26e2d6628d2ecff7a4ce11e1c850e4f58075542b7b8be05c53,7543,22,13.964530
octaviograu_6154,cherrypick-unsafe,task331,159b7db4377d2a7d75a15aa8f84344e6d919741566944220da8f361aa1da572a,3836,1,18.186555
octaviograu_6154,cherrypick-unsafe,task332,7b9311fbf91d7c0760a21f824b62a7b07e127068f266044e6d565ee397b4cdde,4180,29,15.896132
octaviograu_6154,cherrypick-unsafe,task333,056322558aa8fa4149af6ce9821d3273f0b403e4408e461963db3d70864f1adc,4379,55,14.877658
octaviograu_6154,cherrypick-unsafe,task334,7cf8e36e93bccf26226adc1d02671e72d48d747bc6fdd93ca0435a1baa2ceb85,2063,5,18.119616
octaviograu_6154,cherrypick-unsafe,task335,479e72a28e23e2cd127fc09a2faa9a3effb7be4d31b254cba8c612bfb4c5e640,3914,35,13.996401
octaviograu_6154,cherrypick-unsafe,task336,66605e39204e06dd97980e812e93d14e7dab3eb0d815b075ac29202827cc6a4e,5276,54,16.294503
octaviograu_6154,cherrypick-unsafe,task337,c276f5799bf0f2f77bbc0c31f5ed97472afbff9a946326286e229929029e2484,159,1,22.697415
octaviograu_6154,cherrypick-unsafe,task338,f79bb1d2c099cb8da1e9d9101a4b570e2d8da2acb0b58a0f1280760c0bbec784,5846,38,14.257664
octaviograu_6154,cherrypick-unsafe,task339,e8be4c26edfb079da2c23ae2f0b4d5d89e4dbc9c4ef2dd065ae8f448193eec36,2038,12,18.112447
octaviograu_6154,cherrypick-unsafe,task340,ae9d3b10081fa4e93487ffe7567852135f45ec4342fdbd9a3ff936ee5f937c52,6593,71,13.836306
octaviograu_6154,cherrypick-unsafe,task341,c71ffbf3d469ff1f5ff08e06e8a0e63931c352df9bedb0eab43b2adbea21010c,11979,99,14.990307
octaviograu_6154,cherrypick-unsafe,task342,568532a57f0cc0277edc76b1421770305f1a68dd847468cc0cf3c8d021e03009,4815,38,15.499306
octaviograu_6154,cherrypick-unsafe,task343,df6df42dd51bc8bd68188dba44776eb25926c7dd542729c2dcda48b60fd156bd,7569,86,14.700054
octaviograu_6154,cherrypick-unsafe,task344,a23999c886c62393d115371628fbee6b6043de7a35bed72285639240d6def4fd,10236,1,17.171962
octaviograu_6154,cherrypick-unsafe,task345,a2280b92ae787f7017bb1ae28368cc578fe47293edbe98af935f4e7572d6087c,6721,30,14.153989
octaviograu_6154,cherrypick-unsafe,task346,11e08c307d334e0429612fd7a8873ecf53260f716ca9da99b6693e6d9b369548,2236,13,15.875435
octaviograu_6154,cherrypick-unsafe,task347,fed395462b49017236bd7c8efec1bf01bac6ab9d8aaab79388c4befd346d40cc,1369,10,17.440441
octaviograu_6154,cherrypick-unsafe,task348,a6dd8eb329ee1c4b5ee60a6985610b6685bad770c76a14d12eb9e9665303821e,3000,29,16.103412
octaviograu_6154,cherrypick-unsafe,task349,b57e802ae6c73cfabf1d34ffdd1313911001cb6a901862ec9c9346352bea0033,8755,89,13.103296
octaviograu_6154,cherrypick-unsafe,task350,0a4953ef042161b10533c2687cf95494f213b8913fe824d49955a6077178c613,1437,17,15.104998
octaviograu_6154,cherrypick-unsafe,task351,c17c4a24fd333fa82a77f43e4a5127d7eb81187a15ad4b7f8a1bb21664a5d49d,3049,25,14.532506
octaviograu_6154,cherrypick-unsafe,task352,f3b9bb985cfb0478df981c689aab9f22dc5bb177e02b6f3b6a3b330669eef601,1398,11,16.201243
octaviograu_6154,cherrypick-unsafe,task353,1639de1c1d4d3ee61a8454a02d3b5af4d359f13f2fb1c963687d4cd76b280a8b,3244,31,16.403811
octaviograu_6154,cherrypick-unsafe,task354,a4fcbcc1ef0fd8b1a7950c768d7a39b706052f1c2c56e6e41edbd73314bc6f98,4335,38,14.253416
octaviograu_6154,cherrypick-unsafe,task355,9131fbe19a9b5cd500461fd94e3f6137ce23be6c158494512cb880891f36f5db,4506,45,15.406986
octaviograu_6154,cherrypick-unsafe,task356,551900e26ac21ba20631069f1a4268e5b9992eabbfd9cde50643affea19fc2f0,2344,21,16.482407
octaviograu_6154,cherrypick-unsafe,task357,3d4c5d3ef46e8c9f15401243e101a1f27b9981a0b79e63fc1ea26fda02c8ea43,2328,23,16.120945
octaviograu_6154,cherrypick-unsafe,task358,50650df0548143121954ee03c9db4532be39a4a56b686e8bf4987af48b47c2cf,10944,132,13.355862
octaviograu_6154,cherrypick-unsafe,task359,5402e526d36f56006e6fe3438c6875e02057cade74e68784d892dc9c4510bdb1,3909,32,14.156974
octaviograu_6154,cherrypick-unsafe,task360,cbf7727157a80c28ac6fcc451f84b9049d33032b1ef3a0e2d1f894ae885bcc5d,1399,10,15.658982
octaviograu_6154,cherrypick-unsafe,task361,19579bc412a62eb7963775c72f2af0a5d9f7ccf5b184a9d0519a43ef227426f4,6886,60,15.324794
octaviograu_6154,cherrypick-unsafe,task362,948c36d60760728278e165c782624303a83fbd0475705cc005aabfeeca71a6d3,2814,26,15.356061
octaviograu_6154,cherrypick-unsafe,task363,1a3e1739b184db4f6be604baeeee9d04e13cf86e0afc107fcb31ffe8419245d7,5499,48,13.604789
octaviograu_6154,cherrypick-unsafe,task364,11a0ad8c61393d7892946c396fdb4016436e9442bfd987bd11780a7a6dc35cae,9250,63,13.737127
octaviograu_6154,cherrypick-unsafe,task365,b5433fef2a486e434f677cabc36a073d21f90962bd37a741806cbce8ba33a836,16991,234,14.017865
octaviograu_6154,cherrypick-unsafe,task366,c327a807028175dcbf54e63fd5b24fb76943251e46d8f42abbb93a1dc6cbaa92,107036,899,11.096658
octaviograu_6154,cherrypick-unsafe,task367,6815e915af7345638b8365663e29fa061a603bc9a692aaef89fc6b8e1145a0e6,26515,196,12.575318
octaviograu_6154,cherrypick-unsafe,task368,a4e2285ef899a8ae853aac896ed24b56bc663ea3cc332551fdc5d4df9e33ff16,14735,183,14.166378
octaviograu_6154,cherrypick-unsafe,task369,24921a929eecce8ddfb843425f57bf35451669b9f27ff197089bc2e6015e3b8b,4692,24,15.502303
octaviograu_6154,cherrypick-unsafe,task370,36f3ff16eafecd13a6eb66bb0fd138b420c6ea1974461b06d4e596346309660c,43394,388,13.023819
octaviograu_6154,cherrypick-unsafe,task371,4bc87a58a1a7aa1545317a2b449e5ce6834f7c6ea948bee7bb30d6354847e3b5,2475,21,14.880232
octaviograu_6154,cherrypick-unsafe,task372,8287976a56507f8fa1adddb31b7db71a31afc8b1966ef19d1d7f2775c85f696c,1328,10,15.477041
octaviograu_6154,cherrypick-unsafe,task373,e3ca2087cc04caad3b005d7dfc630796288768c44b0d1bc85e85f3494ba1be24,988,6,18.027394
octaviograu_6154,cherrypick-unsafe,task374,29c99ccb14d1600e97d7b8c3c292672fed67326cc713432a0fd26edcbd5c2182,16450,144,14.140290
octaviograu_6154,cherrypick-unsafe,task375,509686d607b3126316a284357799deb369829fe56865a1b05609fa3447c4c5d7,2214,19,15.372793
octaviograu_6154,cherrypick-unsafe,task376,7dfcc89f311bf7f416d63006b35acd1110a420651b08e0123dd606e2d8e36498,2344,26,14.342576
octaviograu_6154,cherrypick-unsafe,task377,9634d0c4c5f2d3616c292399129487757b13a675d7e4d66ee409a56adffdec77,19220,208,13.919690
octaviograu_6154,cherrypick-unsafe,task378,5cfb4ed375b262770e33cd356d40d8b9e1900d6a0a5d4f3575021b742dcefdbc,10496,95,13.926107
octaviograu_6154,cherrypick-unsafe,task379,0002ebca2333b2402894d90300cae16c7fa1dcf04c9df3bc98751db32899d9ed,10260,107,13.808644
octaviograu_6154,cherrypick-unsafe,task380,b23f227e055e494818df0587e34418a5054807bd258a80e00f9170bcedfd819c,531,3,18.397412
octaviograu_6154,cherrypick-unsafe,task381,3998a8083b77dc723fc5dff3622d4ead64bd8bdadb3c886c1aff33fadfc34765,3773,31,16.788789
octaviograu_6154,cherrypick-unsafe,task382,b424c17afc3f4e1c37d8dbfe1078bd4e65b9f7e141fdb71d48fb1cf41e44abe3,32747,242,13.351722
octaviograu_6154,cherrypick-unsafe,task383,19da36427e6ee74fe0cf46bc86c98b873576bc8e0c1302e4d8b61c04ded4f8d8,6805,57,13.224964
octaviograu_6154,cherrypick-unsafe,task384,57089beccc7a95bb03cb7bd0a9d6841faa06a32f84b126df9802e34c8b175e3b,4542,39,13.778082
octaviograu_6154,cherrypick-unsafe,task385,629a5673b6a8e745a4c5b1b5afcf3c5e7214f2fd7c54d7f5da27eb3e788ea5d1,175,1,21.598803
octaviograu_6154,cherrypick-unsafe,task386,de138b32b21fe35facfd4995972863055b13d2b794c18dced2522843483f024a,1471,12,17.121845
octaviograu_6154,cherrypick-unsafe,task387,51c5ea4543c17a9365e7c65dd4a6ec0ab7655c19a9a039910dc3c31eceb646c0,13036,125,13.935223
octaviograu_6154,cherrypick-unsafe,task388,1ff8077147ab57a653e86c4389d3f5f467208ac76bab46c461bda7daf30d5d61,6368,48,15.272594
octaviograu_6154,cherrypick-unsafe,task389,5d19a4d137ddfa5d5e278378f5210bdd9ffd9225b6b7ca3cfb0a823a86ca0be9,1421,13,17.451444
octaviograu_6154,cherrypick-unsafe,task390,b35cfff252a2d3608ad005f521354f269c257ea36955aef72141d6d75f07f776,7851,41,14.615847
octaviograu_6154,cherrypick-unsafe,task391,1582c8e52095b42ea4800ff8753f6e9fcb62f2e7b65b1642a469835c6548bf80,2841,26,15.787562
octaviograu_6154,cherrypick-unsafe,task392,c9f864dc7d099eabf2caa44afa6efeea57c9595efb9613ff3aaadac839883523,13503,49,14.177625
octaviograu_6154,cherrypick-unsafe,task393,2f236f0f741468312b3933de81bd4f1f7d36a96e624a1545d1986160d95c466a,2433,22,16.321879
octaviograu_6154,cherrypick-unsafe,task394,d3ebe869f1ff5d4580f7ef1750bbca032bda17d235f3d765771a202aa8b3961f,5312,78,16.531367
octaviograu_6154,cherrypick-unsafe,task395,72a72e6428f843b5c12ac4172aef1eaff9da1ce6a13e6252568aea13233c191e,1479,12,17.403608
octaviograu_6154,cherrypick-unsafe,task396,deecb12bf534491a8adbe29e9b1927ba002fffacc6253071aeeb6bef2ef188a4,148123,407,12.967995
octaviograu_6154,cherrypick-unsafe,task397,d6838f43238e0445f2c5c2e513eac4c47739950e777647e7dd7b476270eafd64,7101,77,14.713668
octaviograu_6154,cherrypick-unsafe,task398,5d6faac9d879be8dcfabbf8a25b82e0c62f0d41eb7d39aea7eb37e1fc447e023,8768,44,13.657827
octaviograu_6154,cherrypick-unsafe,task399,f8e72c2228ae91a54d38c5a7f101356edc42d906cda234321b13bfc87a5ff38f,1907,8,17.483023
octaviograu_6154,cherrypick-unsafe,task400,85a9828beec5f14034326e3d758cb7a93f61e66437df97f60e5b4a304af62110,3021,25,14.532535
needless090_v31,untested-public,task001,ebb36ea9b0192061cbd3c703bd1392b39a07386bf9fd576e8a8d52d0fa1cbaa3,3329,69,
needless090_v31,untested-public,task002,f5310af76c4c138f07be633a42602dd5725c54deaf1607da1d26c44c41047af6,12396,137,
needless090_v31,untested-public,task003,dedb52fe2c700d62eec4a38f2a55039b6002f9d72d11cac9b0c51599ee1727da,9191,138,
needless090_v31,untested-public,task004,ad03b18c372b973509804f4c529287226375c3abccba00c5a92c5042512fe1f1,17700,7,
needless090_v31,untested-public,task006,557c40695617b064f44aa9f0c80321b13d01093a23d00b173911a17a90f1a0fb,1432,20,
needless090_v31,untested-public,task007,dba0489ea14d0dec27ca9939aed220f820fa816b52b7112f4c48f71de43d3ab2,12841,35,
needless090_v31,untested-public,task008,a1eb807d6e7112705489d718925fc4993386d34c44a2055da74fafcc1aa43c1c,5686,103,
needless090_v31,untested-public,task009,70a94f622f607eeabf61eff27d19f692ba4c9d1204c76b068bf3a345d798299f,11215,131,
needless090_v31,untested-public,task010,422f8123ad2ffe44abe17f858e92942ec8d81b5f85b8da17098db58b34f89951,4283,73,
needless090_v31,untested-public,task011,fcedb80c94ccfc7f9001476e4ba00d4f5406294fb5d231c851aff0d77c1b7788,14159,85,
needless090_v31,untested-public,task014,7d9a7150512ebb89fecbf85776d89b16124ded5b5bc73da9b8cbe2ee6031b21e,3586,49,
needless090_v31,untested-public,task015,16fd26359de4f6365cc8846378212fa5d106b4a9ba2c687e9d3f7bc8b667915f,3804,2,
needless090_v31,untested-public,task016,83910c7182c90febad7c942be07b8a1a2a093c83399ddafb8d9b08be95ed6c91,211,2,
needless090_v31,untested-public,task019,b2b87688a4c5e62c56fdf77ed1b90f6566b8ccebfa9fa9f6870240401aa4f00f,2773,45,
needless090_v31,untested-public,task020,3ae5375cb04ffb3997af805ac71bbf6197389d0b1314e544decf595f544cb1c9,6547,53,
needless090_v31,untested-public,task022,85bbd919b7d5921340d79c84c185280391d617f260e59eb4337f550e61987ad5,52655,492,
needless090_v31,untested-public,task024,1cf65efd59864af5805490e996933a641aae133ce655c3c778818ee6583d03bc,1855,9,
needless090_v31,untested-public,task025,4b4bae76b956e5c4dbfa0c9dc9c4f8f3ec95ef5a754dd530668451f2ebc213d3,63962,1075,
needless090_v31,untested-public,task026,d7df7bec062761d807666a7d97c10c47b1746124c6e2a8510a5e39a66e40f49b,1551,23,
needless090_v31,untested-public,task028,83b0e4b96e1b243c4be5579d1979312da35033df56d387bd83e52199d009a292,2174,25,
needless090_v31,untested-public,task029,072922c129588945f7086df2049b027cc482e16ec0c6639eedf305a60ac9bf4a,55728,1014,
needless090_v31,untested-public,task030,7adc83ab0344fafe18d2028b5fe56026915de25a9a0879ce9edaed177499f2e8,5745,92,
needless090_v31,untested-public,task031,4ab1267ec5e8cb1183df2903d6e95bb6ea4ba735e4564c127d0f0d0111e9e061,2676,34,
needless090_v31,untested-public,task032,2bc7da69b5de5ce93ee735931ef0d38ffcd77c817d20d8b0c7fbae8f92799250,1659,25,
needless090_v31,untested-public,task033,f1cb438b2dd173ef2d8672d9bea8196e6895ee32c4ec1c48c3c22842a8fa8483,4937,103,
needless090_v31,untested-public,task035,22cb9b233492771fb216109220e14e57e9550c2280f9d38b1a49f46892186602,7661,118,
needless090_v31,untested-public,task036,96f7dd07d4fee63c41d0043d343a348298b0b2422e4628d53303c4e2ea157e62,4194,59,
needless090_v31,untested-public,task037,b26e273cb68532c72e1aa70d56ada8104822ce67922ae83b9aa8d3d01c30062c,36691,607,
needless090_v31,untested-public,task038,51cac4cf5df344efbb24f900905917ff0019d2528c1b31d22e12647fe2480b0a,1699,33,
needless090_v31,untested-public,task039,3d8f38b60c0ceacb86d290b965ddb0a832dbc402e7a216d40909f60dc23c4207,56106,34,
needless090_v31,untested-public,task040,79360cae3f3c5d38fe8438570b6837fadce7ca7d8d1d9c7a431263fbbe149c10,3994,49,
needless090_v31,untested-public,task041,c5c5d7f7683adb8800ecbd0c71fc464bcc560a3b1c5eb49b5eda7919bd5f4567,51887,165,
needless090_v31,untested-public,task042,af2453d3b68495c9a427053587edce49ebb86d86915bb7d9fb88f6cd124f9033,36041,490,
needless090_v31,untested-public,task043,7e4843a0874d752829d40387c43010c4692db511b6acd93001b2189969731272,1184,23,
needless090_v31,untested-public,task045,8a9c35b81775884a1c289cadea5602babd38370b25a7a7e4b6d1b2b4964af567,17460,47,
needless090_v31,untested-public,task047,2e447b4a48ffa6fcf1fc7a6a1457c5c096d4138443219c0f2a21c79ae5b5f541,22209,119,
needless090_v31,untested-public,task048,151fb938926891d67f285a35131ab8ad554ff9bf9f6e7ced6f1c3cc1ab7f7054,43094,556,
needless090_v31,untested-public,task049,172415c28f57be6bcd04222b748ec95ed482b6f7ee567b02f1a2120d22c23c91,2586,30,
needless090_v31,untested-public,task050,4c68dbd9a76cadece381308fcba3aebf5b264efea4e2c72e9b5224519585a0a0,2033,41,
needless090_v31,untested-public,task051,33569a2c72b29b05f08299009dd54e8c83607a88fc77d84123d3bb690955d6be,24213,389,
needless090_v31,untested-public,task052,711319a80f42b69be1fe9ad7985de6fc83963af9712dbe5f54d772c279cea993,15537,19,
needless090_v31,untested-public,task053,20283d9c1b721c874c3ff3292910afb5c9eca34e2235d6c0381ff4987df8e56f,3834,2,
needless090_v31,untested-public,task056,9b9c9f471085d34bccb55b3e0dd7765a7011c957630fa06a1e40facc389e119f,2088,37,
needless090_v31,untested-public,task057,6ceb982a4799751c281875aabcc8ea0444c6eda63d7f50413fed6b3c51d2a907,1031,15,
needless090_v31,untested-public,task058,fb1ffa08dd169a1d4b36dee82c7d9c6f6817c9d53846d5e8010627591bf26411,1058090,413,
needless090_v31,untested-public,task059,8c6ff5fa19a7adedd56ab543341f6bd51719443e2ca066f78083747e88f3bed1,2903,45,
needless090_v31,untested-public,task060,2e881d9912c9cb0a33f2f56b30840122d6ce2d2d1fe7b34048c7470221594f2a,28407,49,
needless090_v31,untested-public,task061,7a8357e8fd12ef34732c12e53b25ed7d7e732974ed4143d1d097cd9d71fc6881,55242,70,
needless090_v31,untested-public,task062,1397db52e6dd708616a69095a0af901c2fcc75fc7668149e3ed5611717e853c4,16353,245,
needless090_v31,untested-public,task063,1f18007cef815a1f02715803ea12b6558126fc0204256b6a10053b6673e72231,2197,43,
needless090_v31,untested-public,task064,3b96fc7b01ea1b4dea769b9791c06aa19f5a776b89c3140d5179ffd88828730b,13937,229,
needless090_v31,untested-public,task067,190e66222a3ed7c56c46a798f2b82649322e360fcac3f55eda225b6d85d6b9c4,15512,18,
needless090_v31,untested-public,task068,f808f008870a89b10e002afa8d0fe8e644daced77e7729e3a0942c9927b91247,1708,35,
needless090_v31,untested-public,task070,3125bb5869f2c9499ae092240bb355718c86bfde218857616d252387fa850b85,7416,92,
needless090_v31,untested-public,task072,9add7f9d4a88f64c36e97e39e65b62fba71c5503faf498dba27f2d23309fab31,1623,21,
needless090_v31,untested-public,task073,6b121c854978aba69bf06baed44fc6098bd824a8643b80ba6adeb3f83edaa3fd,3931,3,
needless090_v31,untested-public,task075,2b709f5bd14e5f2fc26f7ebe9bb881de7bd16f8fb4ceb0d61b6d7c9f2acca9ea,9482,144,
needless090_v31,untested-public,task078,49919bf3787363bd3c3ba5e5ed0b826ab5cd4f628469e8e5529a61def27d833f,1812,37,
needless090_v31,untested-public,task079,c616f84e225c70250d19d77376694751f620f1e19aeb4ca7c9bde5270ef69370,15582,69,
needless090_v31,untested-public,task081,ad38f49834ae6ae2c13169e89239898c8f5e138607bcd62b50d306c9022eb025,3682,5,
needless090_v31,untested-public,task082,191be22a48304816ed9ec7540b70784fb438f3bd6bb0b019bdd76a93f7b62543,1878,29,
needless090_v31,untested-public,task083,eff0c4ea55332b54aaa6fce27495387f08fccef047a38c32b18cc500d8f87f94,1492,24,
needless090_v31,untested-public,task084,fe4d7b8b5ca2ee24be074ef3dcdafaba9d706441a22153a2774b57817abe7d66,18552,59,
needless090_v31,untested-public,task085,e3f172fcb036563f9f616b1dcd988c20a08f688f0912ac37819e5d5e34ff5073,9332,96,
needless090_v31,untested-public,task087,d05d5b122657711e18bc9c28318b07a10fe7b4d734c3a387ab389ab0372e45dd,782,11,
needless090_v31,untested-public,task091,2ec3a4214a5fc9d59a0748d000d81f6ed3cd527751e44e3ec01107673e20e5d3,2988,41,
needless090_v31,untested-public,task092,1f8fe1bfcedec71a51b1e35b3d34b3f8cbf30b4802ed255b1fbc28f0c9e40453,2049,42,
needless090_v31,untested-public,task095,8d22e6e7dacd2569ffef9a3ff86000ea5a119e7477c1cbc1ddff0d511a31dc41,3804,2,
needless090_v31,untested-public,task097,18b801aafbe675af5dabec5f96e24b1101cf938d6274d0ff626229c837719d37,2122,27,
needless090_v31,untested-public,task098,1ffbad9de3a15c68481e2c9e6ff3aa2b958584497c1b92f0692449d46a852c98,1253,19,
needless090_v31,untested-public,task100,e98d8a1addf6b41662770d2183b7aee01449088577a6d3c12ed4dd3fac1578f4,4773,20,
needless090_v31,untested-public,task102,662e5f422acd356d0e93ba964ab096c1b34000ce7404b78278972d316243895c,48924,758,
needless090_v31,untested-public,task103,51a05ccd636b41c45875d616600659c6e25d92ad5ee8a207df5f1c40a23009d9,1443,26,
needless090_v31,untested-public,task104,1859be4c3440f6c7a4ea10762513f50b86a35219c2eea8c2bd64779370df2ed7,5805,32,
needless090_v31,untested-public,task106,9bc7d2a260518b5b600ecb274a9883d0d26c4a10deb3e76c0babff8f072efbe0,74116,32,
needless090_v31,untested-public,task108,cbcc0aff713010a3f5c3e66d57d238bde7621e2fc344f5c3837ad3637a14cee6,4047,6,
needless090_v31,untested-public,task111,83c5a6503441e6581d1fd3659ac0a7b56daef3cd948cd4fcd070d3ac59fb93c0,17759,53,
needless090_v31,untested-public,task113,19784d9a72e0ce9b070fd88c5faa5a57b276d87d2a266f5f649ba964528ac645,509,8,
needless090_v31,untested-public,task114,a2340b9aefcfb1b1682a705ad6d905bb8f2af141703943c02d15405f0a45618e,3943,61,
needless090_v31,untested-public,task116,f9be61c91111d12db4a32945e7a7a72077d6e0f7aeb4420a9a7eb1d55838d9c9,4047,6,
needless090_v31,untested-public,task120,2d4786bda4dea2cbcaaa54d545715af3ed01695edb2c22dce97266a2b814ab6c,10331,3,
needless090_v31,untested-public,task121,45a1c2c8ed6cad769bc2c5408466005d77abe2917a3099152771e60c5c7ea42e,60866,467,
needless090_v31,untested-public,task122,81189f74df848a533f0a3c7f63ed26cb84942188f72a07af2d12124be0f43caa,17154,5,
needless090_v31,untested-public,task126,2c6842b579eb9d875a793a588fba36a0feccbbb7dac26a9ddf0227fc000031cc,1827,27,
needless090_v31,untested-public,task127,96f28bf0eb9083f29044767777f6e922d626cba7c2c61c24e4cf720971d2bfd7,3834,2,
needless090_v31,untested-public,task128,392388b324c9a7bf93672d1e1ca877bfdea36ecd079199dc4a5e1d63693d3cfb,2627,30,
needless090_v31,untested-public,task129,cd04b52c09da4f76414b61272c0ba6c949fc9d02d36039695199204da5e84d18,36362,5,
needless090_v31,untested-public,task130,42045497daa06e5d63034411e9c2969396f4431f7deaff67143fe3f588edc663,17125,39,
needless090_v31,untested-public,task132,ec54e35f4a1462cb2be4a7c15fbc1f323823aa9e64202e1ae59fb357e9d766e1,1988,39,
needless090_v31,untested-public,task135,547cb1ef66a8558e5354f69bb14ebb5284e7af779e01cd7785f89ee66d5e137b,457,6,
needless090_v31,untested-public,task136,ea0361cde340bb34b23692fad00093cd29a1dd9f28739551f4110cf4643d2638,4321,61,
needless090_v31,untested-public,task139,84309fd9bfdefcee54dcd7b1e3fe96fb2e73403e2a4214022cb53d5d4391d9e7,17154,5,
needless090_v31,untested-public,task140,d05d5b122657711e18bc9c28318b07a10fe7b4d734c3a387ab389ab0372e45dd,782,11,
needless090_v31,untested-public,task141,e9edfbf66e2c8cfea4dd940a8dc156059aedacbed24298d1843f1a62ce2ed499,16493,29,
needless090_v31,untested-public,task142,7cc880b0cb0ed9c230864e92fae891752f8f3ad583cf3070d67477836d5cc2fd,1492,24,
needless090_v31,untested-public,task143,baf6c5ec5039e076be65b92309140a4fcd91136894df9f2aa1daafb3bcf13e35,85104,1869,
needless090_v31,untested-public,task144,b0b467a33a300354b4c6dac199d1cf241e259bc8d64b487c144b98b40179f4c9,1559,23,
needless090_v31,untested-public,task146,4e766330db3c5337434fb2d954ecd2a359756a1f38d584815de113c61a974711,27993,43,
needless090_v31,untested-public,task147,0c22a624485ac06acd983b4a8707eccbd7ab8444f8b8a45b73c7f5056831e5ce,1949,35,
needless090_v31,untested-public,task149,acc7a1cb6857981b0198e36ec26c6b42cf2f760a211dcc9a2ebc34d907466038,56929,79,
needless090_v31,untested-public,task150,fbaba087ab9bcc110146206887af4c2b6508a1385ba77d53d2e31dc6f6b5ebbc,15610,21,
needless090_v31,untested-public,task151,6c94de471fc1bb3fadef0fd5d25e8da1e6e690777c29541c362e2d33e5c611a1,3949,3,
needless090_v31,untested-public,task152,7cc880b0cb0ed9c230864e92fae891752f8f3ad583cf3070d67477836d5cc2fd,1492,24,
needless090_v31,untested-public,task155,f33b51549d9db2984a83b8c54257cb448f88c7561be19a9b9f5239025d68c6de,15612,21,
needless090_v31,untested-public,task156,054032eb7726f85a737f3ab4aed7c2d2b95631c09dc9c9b3eff85eed3b59e0ce,34186,359,
needless090_v31,untested-public,task160,8871ec8344a802f3776784005214937ee3f944751a5240a2e93b014bb3fed20e,10993,113,
needless090_v31,untested-public,task162,6b836ef9fbc8c1acc7c4c8db6c64ce1cf2db8a8b30c98000506069c0942f0443,4454,63,
needless090_v31,untested-public,task163,fe50830510714e8e78b3b7b16a70ac614b4ab60f811244ebfab0eb37a1c32312,400300,623,
needless090_v31,untested-public,task164,22250c47560c92e5bd0f62e533756cedb5fc7248a4491b053305b693f2031fd1,814,12,
needless090_v31,untested-public,task166,4eb97498c679db574bbb8ce47fffafde06e2e5ba65b79b076153c99cd5edeeb0,999,16,
needless090_v31,untested-public,task167,4822727f2ee85018df1d8116b29e5cdef28f9037a36e095cdb1616f5e7f649c3,60602,51,
needless090_v31,untested-public,task168,18131e797a958a64746ff1b5607880aeb60277689a462594fd63ef221cd7beed,8303,115,
needless090_v31,untested-public,task169,74cc132a78da6d3bd94c73f72bf2e6de361398abe63b83b132d73a3b4eb259bd,25383,334,
needless090_v31,untested-public,task171,1bd75d4960953a7bc918f76112ec099603e4b9f50d1b832d27a0c8abd093a1d7,2018,32,
needless090_v31,untested-public,task172,9c86756ef018d94f025fca406a5ddc48c359d11a5c98d10384e3a38003417d31,814,12,
needless090_v31,untested-public,task177,b0cbaaddf6359cd0e75ffcbec0cc14b2aa05a00f6d8cb046a42cd5a1d5062fd6,2698,34,
needless090_v31,untested-public,task178,0840592795702b4c326cf5e0f0dc5ac2b3e26dff40fbcddc31d1ac53162ec0c1,76988,57,
needless090_v31,untested-public,task179,2e9d2e73d5b7883597f25162d056757be55e4e167e7fd014bda0fbf2d7abe908,139,1,
needless090_v31,untested-public,task180,785c655a8071880bfa39dc8e0a8b061201ce8e39f36775d8a5afaf3b94bc484a,3931,3,
needless090_v31,untested-public,task181,f57c608d714c7d9765ae53a1d42f2e4e5c8daeeb34e9745248791268d86105a8,1230,14,
needless090_v31,untested-public,task186,7f7b69458278583fe57a6d566eb3305886b6f32d4d519c8d102a26c8dad4b658,22604,16,
needless090_v31,untested-public,task188,cb2360ef9f8f15a0209fcd29e679bf58d45a64f88af6d3a9b9481f191d13aea8,2831,54,
needless090_v31,untested-public,task190,8d12c503aea0abf62c3392d61b00a87a7e65682fbffecbe4e4ba832f873698d4,11441,126,
needless090_v31,untested-public,task193,b34e54a53c9582881a8de54ba5283c532c32f4d185456a601fb488f582b452c1,5057,9,
needless090_v31,untested-public,task194,4600190b116d023d225aa1c7e1301c38cec908147b5e57a10d3adddd6f02e9cb,4047,6,
needless090_v31,untested-public,task196,19a78b58fbc163d31671fc9f1485ff54164867c1b9f1c58a82f45a7d69e235a2,87377,1401,
needless090_v31,untested-public,task197,e62f5cfa64c721d05a0fe780e2b69b3a4d2ad261f7c9c4568cfac193738c6748,16294,32,
needless090_v31,untested-public,task199,885984842feb171d5fd4ba6c62fce6d94c73b55b16303ea7f596373293d78d3f,3561,70,
needless090_v31,untested-public,task200,a55c847b3db5dbf5e65f9cf27df70348ea5649a261dd492438148a5c60cb6822,9890,24,
needless090_v31,untested-public,task203,e26869e888f5ef2eb1bcd61632ec9e89472dc0e406f216637731602f0d626018,18288,65,
needless090_v31,untested-public,task206,17833eb373add71c0f34a29d0c4883bbbbdc9d162eb68a90eb34155556f6805c,3863,67,
needless090_v31,untested-public,task207,2c8ef60bbf3928c5057ff085d485f6805f304b2d207432aea4407e5d227bb1b1,68740,618,
needless090_v31,untested-public,task210,9c86756ef018d94f025fca406a5ddc48c359d11a5c98d10384e3a38003417d31,814,12,
needless090_v31,untested-public,task211,e9944ab355510b09c9e83086310133da8580cc0dc2658d6c9186c9ad8df414db,4047,6,
needless090_v31,untested-public,task214,49a7e1d7f5a3999ef2ee9606d6373208f4e449cf49ff057883473fef63897f8c,4047,6,
needless090_v31,untested-public,task215,7c87a83906621c0db633d99c161cc3915b959c9364e2864458a6f85de07917e3,32084,51,
needless090_v31,untested-public,task220,7ab3bbf019894dd43c62328105f01d8887b7b27ffc05dda310b3e79393716a6b,3804,2,
needless090_v31,untested-public,task223,3c92a8637f35864f33047723dd8736e0716d96b35a07c14405c506cfd8dc1714,825,10,
needless090_v31,untested-public,task224,8cdd44dc42e2c1446fe40d69b8983e06a81707eae5e12f3c069435be00638674,3761,61,
needless090_v31,untested-public,task227,3d99ca4d1c90d9061a8d1492847492bfc8565e6d1a0567296e04035972e8bdd3,24384,41,
needless090_v31,untested-public,task229,a01d9f1ec8c26e53026b50fa04a233df841b11894dba1aac2f1e93341fe54437,60634,118,
needless090_v31,untested-public,task230,0bde822540e8e9ce3169939ca8d175b19c19c9b1396b4196563672d5250d5e4c,3834,2,
needless090_v31,untested-public,task231,a7f9a4d4a3839d33ee8cb4fac0c0d232c23f229fa9c62e9f73501d34a9c8a87e,15605,20,
needless090_v31,untested-public,task235,a22b4a90c5a314afa52fb237664f4d280603b1c1166f108065acdd836e2c311a,18257,62,
needless090_v31,untested-public,task236,4d4a8e453c57b864603459dd9302741c8d80e8df962f08102eeba5fdf5fb0a94,1505,21,
needless090_v31,untested-public,task237,a85f3075bca627567d1501b4d269fc897bd977a5baa6605a0a2e9599bfb4b965,10918,149,
needless090_v31,untested-public,task241,2e9d2e73d5b7883597f25162d056757be55e4e167e7fd014bda0fbf2d7abe908,139,1,
needless090_v31,untested-public,task242,2ef9b3d1a3e4dd270fbe35be1fb6398a93dcf343238bd411b26aecde0e7aaed2,17767,51,
needless090_v31,untested-public,task243,41c4282510b27b4d2b25511d45db6b949ec7635b2b28107e0269ea5be6d23259,20426,308,
needless090_v31,untested-public,task245,3b49abdd252109e061188d4c76f157265b119568d3cf52beacf9a2a084abf67a,3173,44,
needless090_v31,untested-public,task246,523c18255158808f01e12e715f0a19a6c82a55bfcdefd75060e9fca9cdf97b2d,15583,255,
needless090_v31,untested-public,task248,20dfaf2b27cdacfca240ef16cf1f5c3a831c4b9870ae34da764af7bad4e7882e,34804,49,
needless090_v31,untested-public,task249,a898c7e8779eec54da54c95954ffbb8a6db1c2182bd9092adcd27f9649c06c03,53631,61,
needless090_v31,untested-public,task250,8afecc844582af68f132c00993533c2b5270aeaa2787f41b1395b5cd1a637165,21131,160,
needless090_v31,untested-public,task251,9fcbf82ad47eb785f448f1f5d0e5ff1b9a85d156486ab48d45e41414805e92d4,12396,137,
needless090_v31,untested-public,task252,ca3a5f1d5c53c8688cac0bd20c2ec0984b4b6807336049abfcff57632f1d2e41,1584,29,
needless090_v31,untested-public,task254,80638ac79011e9acc90385471dc8a01f2d1cd3b5754a7a068216e8a0839cb770,5815,38,
needless090_v31,untested-public,task256,cf7567ab47f66fb5d3aca883d67048613f31c30a05af94fae2370ae0f75b572e,27978,54,
needless090_v31,untested-public,task257,6efe8f9ea9b497b74760129117d6e0d02ba6acead8a4349eabc20272383ab75f,1096,16,
needless090_v31,untested-public,task258,91f0018883cef5b96328c2fbafed71eab203d2f854adf367a91913f5c89fe8c0,4824,20,
needless090_v31,untested-public,task259,50990a9197b34e0aca9f94b523c07ba3790f28cfbad448ce3a03e18b9140a897,3060,38,
needless090_v31,untested-public,task260,c33e7375513129d1c09699771dbaf87844e148b9e6d772023b07120dd2912a02,10095,161,
needless090_v31,untested-public,task261,88b17e0788a150482061ffc267ca10df6f5694d7c8e36a2a0ce75effd342e4d9,3804,2,
needless090_v31,untested-public,task262,1218349a73173be6e0be850e7a84368c98f2e3df63d35986c1d571547c3f8015,15469,15,
needless090_v31,untested-public,task266,8e36ff7e1948e2100cec607737363beb5d5e8e3d597c34863f43f2beba0e488e,2066,38,
needless090_v31,untested-public,task267,75f24d090eb6098d8fe3d351c2558de493676bd21f0bb7d88fcf9b4c3d5bd090,13415,39,
needless090_v31,untested-public,task269,cf7ce20e08e40a65bb5d4690fd1c87531793d860f559096f6da3e2c0b6de8b5c,19615,75,
needless090_v31,untested-public,task270,99a4151a42dc0346d4b81a5920d8751985d4b5ea2b8267a66d22c9d61f1ec9df,11087,185,
needless090_v31,untested-public,task271,673e5f58a392e4ddfa55b071b60ff74adf8f6daa2aff8c4c39da69e0e8e531c6,7323,112,
needless090_v31,untested-public,task272,b4ac97dc86fad4617c9d6e5bbbee8c2aaa5dcc33196b1998c6a63a3122cd5912,1899,34,
needless090_v31,untested-public,task273,3273d145ec9c340bbdc4570fffea7264281279f128cb88719137ded954fbde8c,8605,136,
needless090_v31,untested-public,task274,e9db9cc18883e682583355b7e1d3dd39b029b05c356b5f47656dfc195b63de23,71682,57,
needless090_v31,untested-public,task276,0cdcab5fa70033ace914c9c4dab3f4dfd17db1a88105aeea51658098ca7986db,633,2,
needless090_v31,untested-public,task278,5edc9e8272edbb3c49d41427089207735c0d66bf7eb6d3875cf90eab4f9cdcbd,2689,35,
needless090_v31,untested-public,task282,8d742d34eb62371e0b0055d0bb036e9e2cbdbaa182c52791c92a3618755f400e,3804,2,
needless090_v31,untested-public,task283,19a6bb02e9719c982fa8cf6cf1f64e8f274fb7a92193b96a03c2cd258cb7f479,6186,51,
needless090_v31,untested-public,task288,4ebeb1ed933a4cc58a3560fce7a08ba3ad1f2e5f6f01c89ee9a60a032871f47c,4502,69,
needless090_v31,untested-public,task289,3c05ab902ed1709e5730370c5555d6ff91dda7e5906d0d21ea0ef660ea74747b,19615,75,
needless090_v31,untested-public,task290,44c13b30eac7ad7174d0ca11278f71977fc4c84f1a238a5fcb5a4f263409dc45,3980,58,
needless090_v31,untested-public,task291,85edc2bdd5dbbfc739c07660c18c99ef0395788d4d4c2ff6642210cce6b746ed,66413,945,
needless090_v31,untested-public,task292,1e3a273b57f88fca09f3d6b8e99536eec6cb75a11144db64de8fed092ec28c8c,25040,53,
needless090_v31,untested-public,task293,f1c49334dd84a2659edb9f09a71784522636be96f06f186f557e564e6fb52d7c,17662,52,
needless090_v31,untested-public,task294,41ff0d7e028815444eef21a02ec35eca1dcb18f8b92b1835d170277eae0f3f24,6221,52,
needless090_v31,untested-public,task295,c18ce68229a3cb15c75df30349c1b0d7895147ed78ddd01292dd476cef988d6a,15653,19,
needless090_v31,untested-public,task296,aa8a58327575933587c3687beb36f72dbe388d62b3f93ce84c05447ecde9e82f,1314,16,
needless090_v31,untested-public,task297,dd1c7897d47bafed57185ada7bec8ef89ca486ac303acb3eb32db91d0249cba7,18560,62,
needless090_v31,untested-public,task299,f8a6cb768c3d973a8d6d2dfb48ec73ed04be5dfd819dd6a23e1e47f2737ce313,1037,20,
needless090_v31,untested-public,task300,07f546c935991abfa0c7367d1f9c52dbee1d8ffe1cf1d522303a189e24840ca3,3308,44,
needless090_v31,untested-public,task301,e9c3ec78f5469aebc5e10bb673bb65c7f2dcf378d891b805191ba59a6c3d8da5,19199,77,
needless090_v31,untested-public,task302,0ebb0ab1c17b4dc22a01c46a5961afcc9f6cab99c1722f4617dd8e76f06a040e,2037,37,
needless090_v31,untested-public,task303,eba6ad1cee1eeac2b7391e4002dd00caa364003a2824829d027955dc08c5b288,1855,9,
needless090_v31,untested-public,task304,b46774080b299caa7132c7acdf29f8f79d5be5591e38dd709d4919c948ffa87f,1872,28,
needless090_v31,untested-public,task305,e8c961f40948e8e650ddf75d6a4a1cf8b2479e0f86764eab4cc8e52ba5f08f17,183186,66,
needless090_v31,untested-public,task307,f2c0474502afd7acc1908c93160eee482bb7cb0a9b8b818440068132fc760bae,4047,6,
needless090_v31,untested-public,task309,4ae2705a8dda08ea40d92ee0a24bbb62e1c4100cc3b0e9db042136ec476a0951,633,2,
needless090_v31,untested-public,task310,9969b3e9993281514b1d5777dca34cc77bfe4288c85bf575a67092c4e783b3e9,3043,41,
needless090_v31,untested-public,task311,22250c47560c92e5bd0f62e533756cedb5fc7248a4491b053305b693f2031fd1,814,12,
needless090_v31,untested-public,task312,9cc5a21acaa5e67e6c845f5deed2191a934ff9e9aec8620139a74338218224fa,4267,7,
needless090_v31,untested-public,task313,80e30c4b85ec63b0290e7a8df67df025c650a78db5e5d8134d1d9cce13fae9c6,52885,41,
needless090_v31,untested-public,task314,a7c983a29e8ebec4259c598ecb977205a2f0acdd043e9b8fb9524f959341b06a,15192,254,
needless090_v31,untested-public,task315,8da6441e40c26fdece565b72bb9384afc74b7e430bb3ca06075e25c9df1565e3,1531,21,
needless090_v31,untested-public,task316,d2ea7a9ac2c8baf6dc6a0d1e609dd988cf8df1e751a1b9fa01080e4253a55129,84839,92,
needless090_v31,untested-public,task317,87bff30969db228f58bb0b2db39723cbdb13293964d5e9c926aaf2c000e215a7,3804,2,
needless090_v31,untested-public,task318,ed5de1416a2a0842ab824796623d6b30590a7791f5a6b88e193571a3e541f49a,1533,22,
needless090_v31,untested-public,task320,dc8fab19090c32bdd7910964d34c6483be100ce2ac508998d878c35fab4760e0,1714,27,
needless090_v31,untested-public,task321,79531c127c41ce3789961e638ae539993ed84449d63917b809f27b9fe14de32e,43015,43,
needless090_v31,untested-public,task322,bf891689ad211c75579cbf36209667a2e74fc1366e9b39c51bebef57450efa50,28310,49,
needless090_v31,untested-public,task325,1dec812383eeeddf34bbaba0b9097ce95b7f7434556b657732059a190c131f41,25391,323,
needless090_v31,untested-public,task326,e5bc41b3ba4e7110c1c202e148250ea665138edaa4c430748713280613451146,457,6,
needless090_v31,untested-public,task327,ff64f7ca2181bede840e6d8406e2557209d11b58d2702688dd8506a7206bf106,1676,21,
needless090_v31,untested-public,task329,29e1802678b4f7a0db3928f36c0e2471e70ff7e0e6314413d0c266281335f003,1195,20,
needless090_v31,untested-public,task331,fd2cad18a720a05f1d38ceefc16dc324ee98d4cb3650b2a8890d7eacc39592d1,2212,39,
needless090_v31,untested-public,task332,7d3f454720b5ae92cae442ee5fa69584f3f6dd5de9d08577858372d2ed461c5f,18267,55,
needless090_v31,untested-public,task333,1aa86be7bcae0f506a56749cd5d538402b4f7c3badc0cb64a9f94c84c1f5a1b6,46509,732,
needless090_v31,untested-public,task334,833547ed5cd1dfc1a7d91c55f3ef4fda858fb97be9d2be1f1ecb747fb69cf87c,19010,15,
needless090_v31,untested-public,task335,578e1ab64fb4371ac1ed0ef10c58abd9e93eb8c71dcb634e6d6730c0870bf888,15583,255,
needless090_v31,untested-public,task336,09d9575532b5cbe0ae697f7830302f7f7b214e6e6911c9a9ca6b52275d8baec6,32219,292,
needless090_v31,untested-public,task337,37611ec92dcd441beebfb56c989657c8ee0264a4bd5a23056c13aa3b8ca3dacd,211,2,
needless090_v31,untested-public,task338,6323067d8b9038011063c9a681892a9097fc65d296898a907d1a1af6aa4908a0,8344,93,
needless090_v31,untested-public,task339,d61af7cb72cfc02e656659e4a8f843b7e94943e33e34250215eba1a7e7e25c30,20660,41,
needless090_v31,untested-public,task341,6d89691e60701a083497d9546ef2b0add897bb0c7f354144ae6fb1cb8c2e401b,5894,97,
needless090_v31,untested-public,task342,28e13ab0211afbd4bbf56159dd9c9b8d4bbf47316c8a27dcb0679f7f646e20f5,14109,226,
needless090_v31,untested-public,task344,18c87ad0d0eec1965b1f0a88fb75c426231390170a392b1edd4cdd064c13d4e0,3949,3,
needless090_v31,untested-public,task345,4f4757581b9b0e0a75a682c05ba61fbd5dfe5b5d6622048c09d61e877e3c1f7d,5027,83,
needless090_v31,untested-public,task346,93925d41a19d9987dae09b2025b1eadb2f949d2771cb8dc3576b3fcceb63ba4a,54950,250,
needless090_v31,untested-public,task347,1020126daf7d6c19e5af3d404faddb4563a52f4ed64d6e4df2c5e604c5c8319d,19161,12,
needless090_v31,untested-public,task350,0f712515a89fdaf7e046871abdf44993eaaae7dfbf8edd97d0ada3fc9110821d,1200,21,
needless090_v31,untested-public,task352,86a25ebe44ca50e0246fa8a592f7701fd1cab7c52fea618621dd9a60c2a58db2,3949,3,
needless090_v31,untested-public,task353,5554da5d8f4b1a7b195a86c27bac3d24a06a4e41536971c815da83f49fb43dd9,3643,72,
needless090_v31,untested-public,task356,294a05bb3ac335d7d3ecaa0b1cbe07918edb0f5f763f862e414ed839c5f14f11,1237,22,
needless090_v31,untested-public,task359,672998fe0ded0713d4592fd75c24107e036fb67b7b8704edaccec73eb0717c61,22832,113,
needless090_v31,untested-public,task360,64944898fc0ec3b10096373ecc547a3bafacf60917c8fcc9757e0856024270e1,1083,8,
needless090_v31,untested-public,task365,929e4e800a2ff11422c2554e25710f1eb908a6c54d6ebd20d951bb37ef12a3b1,9721,87,
needless090_v31,untested-public,task369,e2b98974dfb490c903a8cc4bbe7c92c6c09dd32d8155890193195a9ca6dd8f99,4953,51,
needless090_v31,untested-public,task371,d014c4ec0d83a89fd31f7e9e0011415130b88849cf054596860ce2d2a2ba1862,6819,88,
needless090_v31,untested-public,task372,3f4e9ac01fd3d1b05762bdeb17c88fb4ea99b3adf0ef2a110d80cf66b713df8c,1743,23,
needless090_v31,untested-public,task373,9c0fd0a5531898c9b752a561076d7635ebd0b1c24b47c1f0613f83c144e946d3,4047,6,
needless090_v31,untested-public,task374,bead79b342a03d40098cc4e8df2f0f2889f705262f25e378fbb70fd3dde88c00,21126,298,
needless090_v31,untested-public,task375,1c47e9ef18b782da29c2dba29221144561c6832a3c3c082b729074809fb20511,1916,37,
needless090_v31,untested-public,task376,5076b4da1d1fcbbc4279912414def7a53fd5c9fd1025cf20638cad4fd66a3d95,59829,33,
needless090_v31,untested-public,task378,db213dbddc116e8998494ab277ffcfe843dae1573ae13508227cc3548eeb152b,8149,126,
needless090_v31,untested-public,task380,6991a8d631da51a7fa6fd20a40b0351e5f08ca1651c69d10a65fe4885ed74e27,790,12,
needless090_v31,untested-public,task384,318cf2c8ba5084340e793ab7678228696badad9427d6b9c8d0412289684bf1bd,3017,36,
needless090_v31,untested-public,task385,5cb31ada2f04fec7027581c71b0c0a052a265ec36d4ddcc34b3aceb97382dddd,4047,6,
needless090_v31,untested-public,task386,8069b71861a6dbe48dc619ac36222f43097d6b7b265b770d2bf20094529d9921,1527,23,
needless090_v31,untested-public,task389,722e2cfa7ce6d275d0d27c27de7f60c3863d9499fd792236b2fa3f0afb14499a,18144,53,
needless090_v31,untested-public,task391,3fbc14e1be2e28fb589786d3cb06370c832da8022979dcbb49b944a978da0b6d,38114,33,
needless090_v31,untested-public,task393,e97e0d7c5d11700c640b2f61d22724ed09cac3f61afffcab632186cd9114d390,1289,28,
needless090_v31,untested-public,task395,4af226bb703e15d6421a9166f00e6c061ae6d75949080babc953be382cf65d82,24384,41,
needless090_v31,untested-public,task396,65674e1c586377de1142ee27d84f0e94fd2f2b6b6a3141830793259ac04a6ae6,29119,331,
needless090_v31,untested-public,task399,ace94a3ccb3e0a95f42adc22f5f20b415aa30dbf8e801c496a8089721a05f1fb,1958,29,
needless090_v31,untested-public,task400,1758cd18ed7c5e9a7e4521fea0c364aada9f12e73a317f76e5c9002714a6bb45,2074,24,
cdeotte,untested-public,task026,d7df7bec062761d807666a7d97c10c47b1746124c6e2a8510a5e39a66e40f49b,1551,23,
cdeotte,untested-public,task032,2bc7da69b5de5ce93ee735931ef0d38ffcd77c817d20d8b0c7fbae8f92799250,1659,25,
cdeotte,untested-public,task038,51cac4cf5df344efbb24f900905917ff0019d2528c1b31d22e12647fe2480b0a,1699,33,
cdeotte,untested-public,task083,eff0c4ea55332b54aaa6fce27495387f08fccef047a38c32b18cc500d8f87f94,1492,24,
cdeotte,untested-public,task116,aa2ac3da05565fdd1546095fc451cbea97b9c3cce26b31c02a30abe63cda397e,485,4,
cdeotte,untested-public,task129,f1ad78298d27dfb00cee41bb8599076e7fef4b8d356407ca6b450a8ec4597bd2,3970,6,
massimiliano_eda111,untested-public,task001,e797ed891931604093a242891035430eac3d4815502c982c3a516c6f7db1b462,1137,14,17.041074
massimiliano_eda111,untested-public,task002,4c3205c0141934e8750b205f87c8622ebfd80d2fce3c665797e3b1dd39c1d0b5,15506,95,13.510415
massimiliano_eda111,untested-public,task003,155de80550da61e01bc0f6cc5de93f980b0473d08c29baf3bb04a2529f532c86,3120,44,15.883531
massimiliano_eda111,untested-public,task004,fc9ef5d39847fe678249f3dd2ef4701d2d49b2afb4c27c424b79b6f9967ca118,2522,4,14.084548
massimiliano_eda111,untested-public,task005,dd5681549124eb6d60c83f24b1bd80499fef4bcd62156e5b133ee6069e17f92e,10910,106,13.313214
massimiliano_eda111,untested-public,task006,17e048671c7f056a80feba6875cdbb34da1521c36887cfdb399f371d8d5e163c,1124,12,17.603051
massimiliano_eda111,untested-public,task007,f428fcccaa7c166df8066ea715126ddcc5f75122c86a8b1c5c59c3e14f1a973b,1320,14,15.981910
massimiliano_eda111,untested-public,task008,662af396ddc9ba7a33d3a0179ae26ef1ac06a69bc0c08ef6be718fa379001d10,7667,78,14.933331
massimiliano_eda111,untested-public,task009,2043f559e1ee947e2533c1ca00c25a699daed5b516d1bb4bf3515822ea52518d,30956,22,13.694825
massimiliano_eda111,untested-public,task010,92d798f28d116dabbd7bef3a2e3f10f312184eb43390d09a00b3fe6c22a61b58,4038,60,16.479612
massimiliano_eda111,untested-public,task011,3f64ad20a9feacc16ad2ce2296652dbc2fb5438e444a47af1f885a374cd43046,10170,52,13.898855
massimiliano_eda111,untested-public,task012,cf80b1fc317b51dbd8efa9eca069b2dccd1d58066ce1eb61dabe815a96124043,1406,16,15.468881
massimiliano_eda111,untested-public,task013,98f0942c7dbfaf541df9396cfbf3af4d1699a7f8bae9f96b9c4541f220eea98f,18384,91,13.331080
massimiliano_eda111,untested-public,task014,e28a3213b620d4176a84df374d4d3e0661472eef73860cc122acdc5cc4491c50,9683,46,13.760459
massimiliano_eda111,untested-public,task015,1ab641692d1424be973ca0ca5d26e88172d7be86363973c99ffda1b0d2dfd046,3774,1,18.197605
massimiliano_eda111,untested-public,task016,fb83a8e988f586009bf17279b7aedb194e3492a8e6f357be6d5e9ed903615733,158,1,22.697415
massimiliano_eda111,untested-public,task017,4a7ffedcf19a4dc495a515c79b88ca30b9399af74abb9a375da3c3a778336340,8620,67,14.414477
massimiliano_eda111,untested-public,task018,c2e8e82b394406b4127ebd3b4e74460e0d34b69c8604a6ff6239f9a1608dd4f6,32157,219,11.323875
massimiliano_eda111,untested-public,task019,eecf7625da383cb85e5c0579fb3b8635767d444eff594d0b30dfd79b2d44ffb1,17887,35,13.165832
massimiliano_eda111,untested-public,task020,4abb72f71f86d299893dcb1ee3be5937bc57ae169a6d1c33af77157df2be6f0d,31378,245,13.590958
massimiliano_eda111,untested-public,task021,da36c2e6ace2d54bb1b06c242e24907c34d0d06af26950e80fa00f283b42106a,29330,215,13.930491
massimiliano_eda111,untested-public,task022,fbbcf7777e1f706b0899071564e37bdb5c8b7d7908efc4f47c971a3953e03d07,43895,363,14.287072
massimiliano_eda111,untested-public,task023,b594ce71efc0edab87f363086ca9d56499b604b8fe3fbb8b2d0947ca29139557,20318,397,11.619711
massimiliano_eda111,untested-public,task024,f8a1d671c3118abe56700d79b82cd03b36acad2b03a5453a7790ca311b792d5d,3233,27,15.886171
massimiliano_eda111,untested-public,task025,4ec6b0d0d2fc7a8b9de5d86b1c915e3d659e4ef23fae88709f4fc2153f8d5095,5325,64,12.067261
massimiliano_eda111,untested-public,task026,7b1677f67eb3a42b35d9d881fb5afa91618d944fae08e6ae12d4aeff0faa3601,1345,13,18.396056
massimiliano_eda111,untested-public,task027,63da1fe45860bc98d31a806aeabad3d8d81890198997b6d66fe5343ab004d658,16205,25,14.486991
massimiliano_eda111,untested-public,task028,4720b5f26b0c1d9ecdc73bfa06c77c255d75d3c6386ff96be99232547cee796e,1956,13,15.895687
massimiliano_eda111,untested-public,task029,25fd930dd65d6c39e3db30c12b581ca4e5dd8c8aea1ce2a272e893b8ea92fac5,13589,88,13.503438
massimiliano_eda111,untested-public,task030,76e48b2967fe619c83c5b215c89d8aee30008e2d7f263137f5af078b6135d592,9441,56,14.169341
massimiliano_eda111,untested-public,task031,b90c3fc6af40739352e474797fcd60c161bf6ecf6e4312dd7060ba0ff8383f7a,3417,26,15.164363
massimiliano_eda111,untested-public,task032,64d66eeaba95588367af53102ecf4fb2ceb4c93327b677f80f1a9591b342f6a5,2347,19,16.867000
massimiliano_eda111,untested-public,task033,60ab4cceeab38a8952d0157e862ec2f374a51c7d70c00bdecdf9833a703455b5,1510,16,14.081989
massimiliano_eda111,untested-public,task034,7400b12dcb940f16d35589b5657e932c80b9aa92e8aed8c1f41a38cdff070b08,11293,87,13.421324
massimiliano_eda111,untested-public,task035,ebbd6ac458b533db76701bd30483191c1369774d3a067899638cbc9aafdadd91,8818,107,14.846026
massimiliano_eda111,untested-public,task036,76facc8f1d2b1b6691dc621f3160abfd35d151bfaf74961ef3d21abebefdb575,5866,56,13.710331
massimiliano_eda111,untested-public,task037,e19669c0dec2c6b73986d1bd07ec5c19bb0bc452edb6cf3d006f85657ae46d12,20424,27,13.937652
massimiliano_eda111,untested-public,task038,a83d43302a9ef7e5b284cc1e38fc4ce8deedb152481de569220ea69b94855018,2357,16,17.306974
massimiliano_eda111,untested-public,task039,3bac77b4053405c006f1695572c1a8853909392131b90cc60df799a75bef2677,1913,14,16.034027
massimiliano_eda111,untested-public,task040,a759237736d4acc76d05d0cffac6e4cafc4e202ff4fdeb0d137356dafd1fe9cf,2791,37,15.777929
massimiliano_eda111,untested-public,task041,b84ce39398538ef8f1ecee3d2e64c3e0d80db902edf7e23098fcb22c816e3c8d,2228,18,15.299425
massimiliano_eda111,untested-public,task042,61704243d0814f6344a7541e90aec41f9e115f16368a7d57bc896bc807d12eca,8398,54,14.593648
massimiliano_eda111,untested-public,task043,16b05e98645b4d8da6cf555ed59cb2165317fe07248f91dd11f6747c0b38c22b,1966,9,16.129477
massimiliano_eda111,untested-public,task044,d7be538649eb0e8a61367a01fdbdf5446c5aa4d1cbb20ee5b0fd67c3b5abc7c9,148684,1054,10.317262
massimiliano_eda111,untested-public,task045,43dc4b647f1683ea779fb39571b0cdbbad8fdcfd27c8713aaa44314281d7c131,1438,11,16.040431
massimiliano_eda111,untested-public,task046,776e40c71ae05f511e59e234f5f52931c7f966c95b139fed312451a249a5f138,5299,73,14.582911
massimiliano_eda111,untested-public,task047,4d3bd9f3b89f4cbffbaa53b514aaf33d6a74318b8a86531c4f5d13411ed2546c,2151,33,16.492857
massimiliano_eda111,untested-public,task048,9423c02033058a1188fae998353c04f6fbf4e48361dbee5461896ddd5d49ac28,4058,52,16.367872
massimiliano_eda111,untested-public,task049,a37e8cb1f6134fded24f6bb205efbdfe9c4b4f96f2b9195d9db3108653eadb0c,3516,29,14.613685
massimiliano_eda111,untested-public,task050,a43a64896f788cffb0e83ee188a7680ae80f27578b1bb607a36e32c9a39258ab,2006,21,15.843588
massimiliano_eda111,untested-public,task051,86c7a1f4a9e1078f7176aac19c741859d1d72d5c8deeca5cd5fea73bfa951c7c,3365,57,13.587204
massimiliano_eda111,untested-public,task052,195c01dfdaae84b9a7a585295b8d44c1c3741ab522a7e9d472753ad121d8014d,986,11,17.886858
massimiliano_eda111,untested-public,task053,11d2a84ba10862f37e4dae8a206314fd4226f70b6f751eed23e52ba32ebde353,175,1,21.598803
massimiliano_eda111,untested-public,task054,a2e77f3a92ad3273e4de5710e47222a0da5f4948d3fcf9860f0675f88f35a8c6,9728,118,12.887930
massimiliano_eda111,untested-public,task055,92d4ce9193151139ddee430dfbe552e5a2aa41d1172f6842569d1e37ca664ded,13497,166,14.815477
massimiliano_eda111,untested-public,task056,2306a2e7b1dd27af9e0ec17099ee8ed0568f6696623537f2599419319f7dd8cd,1515,7,18.672063
massimiliano_eda111,untested-public,task057,fe71c735896585cb2e65fe6bfc6479a0d1ef8b1f8f2c7b7a1fe27b318ca72304,1880,18,14.246041
massimiliano_eda111,untested-public,task058,7a4b47e465104bb5b576167d51d642e539c3f9d5bafef55faac8d1987475593b,14221,16,15.313115
massimiliano_eda111,untested-public,task059,75ad1518669f36600bb72e0eeb074051895d744f7075f6835c090dcbb2a58abe,7062,21,15.076171
massimiliano_eda111,untested-public,task060,03687375b7e8938e4f841fe856da30c83884468ff07c648d7021c6b6748784bd,2458,20,16.372877
massimiliano_eda111,untested-public,task061,27289ea0d11a669fe413e1b05826321af3d079ce8a5555fa2610a93704612c2e,17030,9,15.152342
massimiliano_eda111,untested-public,task062,0a2e640c0671d137a38ff13794cbaaf44ed872742a534c52771f99d309757432,14479,217,14.670951
massimiliano_eda111,untested-public,task063,5c8811b2da8473750953376c6dbdd913b50bc29b96f9a16a09cf201df9a483ce,3709,34,14.666940
massimiliano_eda111,untested-public,task064,58b449d06ee31558e5b72e234bafcedd075ca374d90de0e17b116281716fafd3,5809,48,13.210838
massimiliano_eda111,untested-public,task065,6c2ce6ffae5840d17998c36ee6a5eb3f43eb8f79699c9bfb3b25a07562742370,1862,37,14.533787
massimiliano_eda111,untested-public,task066,b61c747510a726482b9e94d6a1f12568b4252800f11145d34630404f68048d3c,180173,1642,11.878567
massimiliano_eda111,untested-public,task067,e823d84640b258f8322dde914f6bd992553a53aadd84d4685cd18da5f1be35e9,892,7,19.247427
massimiliano_eda111,untested-public,task068,e490818d91a162474f9a9ed4c4d7a03517788fb18760e2fe6ca209f592660a82,1602,24,15.559421
massimiliano_eda111,untested-public,task069,fb91d90981c4b2168ade67173f5ea1376db182db9350dbdf930d3cb5026325da,32330,380,13.647595
massimiliano_eda111,untested-public,task070,c09e95105072fd97b2106ecebc5fdb42c86bd41e9994b310781aa321351ec9d5,11844,71,13.900501
massimiliano_eda111,untested-public,task071,2d696d39af281a3a0ca1582e413672e8ef38ef9f06d584f19844a45a6e2aa4a2,12082,49,13.226404
massimiliano_eda111,untested-public,task072,579e7a8a616faf51a4ee64994c8709f2e15ca52f63c805a39b48ac05fe546a76,1347,11,17.801069
massimiliano_eda111,untested-public,task073,c974fda7fe3001de4bd2200b9065826ac44cf359fcb1949954b82f28411b5b63,3825,1,18.186555
massimiliano_eda111,untested-public,task074,8194b1eba8a395566d686766b74869219cdfdaec5105dbad5f36b6ef32435be8,1824,18,15.009189
massimiliano_eda111,untested-public,task075,211a2ab0ea4cb67b9b8714d411d361e7eab6ec1192f0f74155bd9bd9c043c7d1,6812,57,14.742797
massimiliano_eda111,untested-public,task076,b4407303acf9c1e5f20cfa3fd883aeb90b14ae0fb233d68ecbaf4620c0bc88fb,948872,220,10.340899
massimiliano_eda111,untested-public,task077,e9ba6003d604dc8eabe4c1293832b222739a2738c2838b1512ae380d87d398bb,9860,72,12.832912
massimiliano_eda111,untested-public,task078,c33e2e8bb8525ee7c4bfa0aca9ec69955cdd9a97837985fb38efdb309903089a,1974,25,15.650246
massimiliano_eda111,untested-public,task079,60ad44e5b208b22c2d4a93f322baf5362bf4a0b2cec7283e9db31f1de40a9346,2695,20,14.875251
massimiliano_eda111,untested-public,task080,da97f63843845f687d92854fc2b1b0498fc0cb2543e1e41022a77c4b3933deab,18484,93,13.047885
massimiliano_eda111,untested-public,task081,118dc8373587509f07d12aec64778af91edff7253f80e273a30e5863c7b8c91b,3749,35,17.256297
massimiliano_eda111,untested-public,task082,5f994c35d189c6fc8c7c8733202150cd5bd5bb9aa686ef9497ce5a384641de47,1645,20,14.936138
massimiliano_eda111,untested-public,task083,3526144719574eafa02b2d1fa33a4be836ec96c267520ddd982697e447b8bc98,7454,1,17.504458
massimiliano_eda111,untested-public,task084,5bd28bac4f427d16b03dfcb9d4ae68237ccb4bb720b534e0e14b2768658ee6a0,2820,23,15.121164
massimiliano_eda111,untested-public,task085,0cf2b40dcd4fe9bb85de2e251fdca74496734e7c804425012cb1c1110d27505c,2547,20,13.363283
massimiliano_eda111,untested-public,task086,a786a589e429892c1114751b2e5d6b83669038bb955a0fd41d08d037fc8dc020,3099,42,14.839663
massimiliano_eda111,untested-public,task087,4e9d18bfbd60be2b9135e2cc459588db6a40bb878e5e16dd89651e3c3eb1cfea,474,2,19.070411
massimiliano_eda111,untested-public,task088,3d5e5840dfdc9ebffa4cf4bf83a4bfe2d30edac84b88ab71ed3a6686d3987ec3,14980,58,13.468469
massimiliano_eda111,untested-public,task089,0a479a40d999937f174a12134d5f78bb97ea8a6c108f09e8f44398fe6cbbcd40,17792,181,14.179382
massimiliano_eda111,untested-public,task090,8032717a5846db3d60ae06a4fa0ff8af92327fd6b6102d39eff9ae246e44816a,19660,246,13.943507
massimiliano_eda111,untested-public,task091,6c44a2a529dcac845b02796c463d82b35c8cc360fc72fc096564f3beeef63a30,4627,43,14.150760
massimiliano_eda111,untested-public,task092,31e6aa2df4e75b2376481ad479c8d107cebe1f6701ab925ab0272b482eb2f1a1,4299,42,13.071487
massimiliano_eda111,untested-public,task093,c109085a37c8fbad05ab65bf485c0cff1a2488c3b4146cc863d6e3a1015dcaed,3727,52,14.579417
massimiliano_eda111,untested-public,task094,1183a85e05f31b324f96f1ea2bc76659614d9e3e496af6fc026bf70716b2cee9,3767,35,14.217924
massimiliano_eda111,untested-public,task095,eca4d38cd8606a930a722084789b856626fff5d4938c02546296c7f3cca109cf,3950,1,18.186555
massimiliano_eda111,untested-public,task096,4ec21c61456f9c3f3be6c0b20aeec14ab1cdcad237426c7c44fb256d35d77703,64252,480,11.918302
massimiliano_eda111,untested-public,task097,f0d0ab9a04954377879cace70b48610fc891b8e6d5d68ee0d372dd78fe3f2268,2494,11,13.853482
massimiliano_eda111,untested-public,task098,8fff41bf99869a80261fa1ec8461431ffa90e7a616d10c1582642af88b241cde,3836,1,18.186555
massimiliano_eda111,untested-public,task099,1e320d88cf0eac19c3c20b9c005a4be28ac50d4bf0a39015404f9deb22a0c31e,19839,1,16.500971
massimiliano_eda111,untested-public,task100,c815d3a42090024e57143982ac6320779019d7524c630a2c9f175975e6254567,4954,28,16.135536
massimiliano_eda111,untested-public,task101,5add58b8bc1d0b54e19ac2a7ba0dbc9eea3fd8d8e3f32405ad36b69f8c376d87,39301,206,10.951880
massimiliano_eda111,untested-public,task102,dd69f7cd8bc2d432b0b3d6b3b203acc186d9c66e559fc13f5bb370ada17acede,22167,149,14.292473
massimiliano_eda111,untested-public,task103,2a39294d09b90ef9b18c45cfe1e70b48b0689d5fb9f0a00d564162a10a0e7289,1447,13,19.454823
massimiliano_eda111,untested-public,task104,9fe39c7d53c73444d4dcdde3b3e423ec71943f7133c2fb675ca3e111a67794bc,3667,21,16.767294
massimiliano_eda111,untested-public,task105,59f8fd1ff45ba79e9a46fbc1a64499901637d50581b1bedd691122bf65782406,18785,52,14.495481
massimiliano_eda111,untested-public,task106,9b54191da37371effdb80aaca05a4cddbabc19d25cbc1ebceae1d85a897c6698,2939,13,17.940382
massimiliano_eda111,untested-public,task107,486d43b947a10c096cd5abb2121faf5664c1d92f9d0196957cff677676caa5cf,31191,52,13.799992
massimiliano_eda111,untested-public,task108,825c078fdd5cf248ddfcf1d91c57c125e6e2213304022e67810f2d3aaee2922c,7454,1,17.504458
massimiliano_eda111,untested-public,task109,b743a1e192a39c2d75aaf83cb75d56b809c2988910d9340cb23a699063ea121c,5491,39,13.539347
massimiliano_eda111,untested-public,task110,3c6a969967d00d5933bfc76224740332ab35c72aaf1647b7a2ff532e3c71cf91,21494,163,13.329165
massimiliano_eda111,untested-public,task111,c01911e7f5493ba19bcc496b439eb2106bd44f79305daefd94e102a96691a8ca,1499,15,18.319145
massimiliano_eda111,untested-public,task112,1d441249f879b3f5928f749a2a438d0692e24020136550558befd15da00654c1,3987,44,14.002076
massimiliano_eda111,untested-public,task113,356a5f1e2200cf2560f6c836ce7d21eca6b6cad9e68015c2ae31639613ef9b09,499,1,21.598803
massimiliano_eda111,untested-public,task114,7d1973d605273db25b979fc20a63bacd338098bf8f239bc90618b4b89dd1baa4,4719,26,17.865906
massimiliano_eda111,untested-public,task115,fef642f35c49927e9440865ae0761f3f9ecb7d9bb8a03f2a5109e91a82deb620,5069,34,16.675906
massimiliano_eda111,untested-public,task116,3f87aab73b8c538752ffb070a34dd07ef95ccba2d299bd7526da67fcf956e1e5,479,1,21.598803
massimiliano_eda111,untested-public,task117,cc092c99c5d1ca90b9c8ad990776d8c91be3fefbca4ecf2e53e7e904602f636f,8262,74,15.169998
massimiliano_eda111,untested-public,task118,1aaef29cf60045a9f72946d576d30f34d853fb2752c2ec6f613013baf6ebea34,160396,1163,10.416339
massimiliano_eda111,untested-public,task119,afa30c6fc964d8a93392c6b8b9865d1ca2f73c682e977c50e35e0e3d800e9ab1,25915,165,14.224215
massimiliano_eda111,untested-public,task120,13dafeb021b56dac928f38d32b4a0b841fcf481296ab752c9ac203fa425e1acc,3836,1,18.186555
massimiliano_eda111,untested-public,task121,03880dc2a72d6781722a53ffad4b506867ebd9f9c0a7faae3760807eabe67856,3339,24,16.215838
massimiliano_eda111,untested-public,task122,d932a3ac54fb54cc09d9cdbaab21ba4e9165ed9a6a8e01b9e0c49fb972269b75,10236,1,17.171962
massimiliano_eda111,untested-public,task123,984533b7a16d9c9d396feb3804602dd6044b4573d05d14964f3f23d179764af2,8805,17,16.680283
massimiliano_eda111,untested-public,task124,da414abc8e11d3e2038a3d6606b2781ef28d37a402428e1d219ee350a98f9bf4,2840,52,15.634966
massimiliano_eda111,untested-public,task125,20f2c3e90cfb5afe5ac7e795a1cf906ce67453cb55deb5cbcc51275aea5fc7e8,3032,28,15.495722
massimiliano_eda111,untested-public,task126,b86dafbc68af0e5b698f0241dd534874e44ffd9dfca8bac7b89280a3534f3824,2765,29,13.636840
massimiliano_eda111,untested-public,task127,81f551a5b779e861ce371fdc4697595db753242954a60c50a3ac8e3108937d97,3772,1,18.197605
massimiliano_eda111,untested-public,task128,5224331b88562c8c5864a82ed28442ed1a8c17321e5852eb0c193b0a8eabe7e5,3365,28,13.537926
massimiliano_eda111,untested-public,task129,728f63fb36979fd5cd4db20aa2b8b128603016a86250a5df2cdbca61d2d2662c,785,8,18.306676
massimiliano_eda111,untested-public,task130,129e8e94901df68286dc85134b4be5ba1daa1437df26f1eb430b9272e7f77471,1293,10,15.322911
massimiliano_eda111,untested-public,task131,aef2df6731cdd0168ed41a7637a2b939bb42ff5efe498e6732b1bc4fa4aa2d64,7860,103,14.295633
massimiliano_eda111,untested-public,task132,02558813adda79590927fa1e3d0be80af0e44475a6abbd69beb0d87da57bfdbb,2585,38,14.709279
massimiliano_eda111,untested-public,task133,68e935d47ff7110c296807cc69b18b2efbc09be9b69b5f9ed14c010b2ea21c94,783434,368,8.949686
massimiliano_eda111,untested-public,task134,d2d0cfea388f5f59b5c0ed3e15c26ceb745abfdb2537457be6932faef6736343,7220,68,15.259208
massimiliano_eda111,untested-public,task135,a5ba0a9dc839a73fc24585aab0bb1e97cccd5531fb28b98b77e91a17e7701ecc,381,2,19.097367
massimiliano_eda111,untested-public,task136,6719c0f34b735f8968b63c25277b18aa2eefbe6fd1267c5d7e90914180c5437b,4284,33,15.571890
massimiliano_eda111,untested-public,task137,ef031cef24d9c3cbefd960f1b4194426dfaca31af36b0b1f7efef5d288784706,3864,36,13.808906
massimiliano_eda111,untested-public,task138,955dbb96bc55cace778678f56c5bd88133614ec7110a51346c1a0dc4a1db6f1b,11562,143,12.804160
massimiliano_eda111,untested-public,task139,e3e6133e136fc342560390d22bb08861dc290ef6c9f64e8854070984d4a5946f,3865,33,16.803012
massimiliano_eda111,untested-public,task140,4e9d18bfbd60be2b9135e2cc459588db6a40bb878e5e16dd89651e3c3eb1cfea,474,2,19.070411
massimiliano_eda111,untested-public,task141,419409ee1ef9989b22aaba718cfe107b9d915bb476e1f4edee982507a294cede,2345,21,15.331033
massimiliano_eda111,untested-public,task142,b525fbe662a950ccba343052e36da4678bbd57b9039d4f6c5a15f3c0a16fd54a,7454,1,17.504458
massimiliano_eda111,untested-public,task143,545186fc1e5605ade4d666e87702a09678e9c34c1449945e1a0fdef567cea868,2144,24,15.124860
massimiliano_eda111,untested-public,task144,9ccdbc162d23747b26bd043d8488ba2aebe080e2a693304f16ff65bd3b7d6a0e,1358,13,18.333043
massimiliano_eda111,untested-public,task145,22681d1e38fd9b4a50619a4900134ac568081a0007d313598a2d4a001a12a65b,31434,325,13.796907
massimiliano_eda111,untested-public,task146,e294a9296c290048735ad209f43939c60267c1d6270b6c1484efe91b1a6ca417,1931,29,17.277765
massimiliano_eda111,untested-public,task147,e65dc2d49c2dd32775575699e73cb1ad0aca1fcca0a87fcec26127b52f631670,3825,1,18.186555
massimiliano_eda111,untested-public,task148,977766efe15f7fabde643b68e24ea47cc5d9069210a295f8ba0c7ab3a2f5b9de,6750,110,14.999885
massimiliano_eda111,untested-public,task149,3137da6fb944a3bb6e03884efc695345a045254de6a366510505b2221d175600,1404,13,16.455386
massimiliano_eda111,untested-public,task150,3713f1d83dec814704bf447a95675df2a099ed0116a1be5d03b609fc83e50b42,1031,11,18.018994
massimiliano_eda111,untested-public,task151,265a8eb2b997ae3dae68af150413ae0c0301bc004251e92a8beb0dc79bd2e36b,3880,1,18.186555
massimiliano_eda111,untested-public,task152,b525fbe662a950ccba343052e36da4678bbd57b9039d4f6c5a15f3c0a16fd54a,7454,1,17.504458
massimiliano_eda111,untested-public,task153,b2307be1bc7eb9a0e15efefc5438f1cda22102d49135eeb5bf029b59db2730bf,862351,14744,10.813646
massimiliano_eda111,untested-public,task154,c743541dae5cb2088ae5ced18d9079d0facaa32e2e1b8d79510c44e4531fa4bb,4587,44,14.033355
massimiliano_eda111,untested-public,task155,9b6ad9025b9983cfb5b2e6d5ca817b0bca8bc489a2732e0124c593e0cded9133,1031,11,18.018994
massimiliano_eda111,untested-public,task156,a2199d5eb0ddac7b8e6a9033237344fd4a49b753468f540a858bc71477d10422,7856,65,14.012980
massimiliano_eda111,untested-public,task157,8de07e25cad3bdc5d73b8f953328c5e49784eb81e63eef116156e8d761d82fb5,857911,433,9.142168
massimiliano_eda111,untested-public,task158,51250d4659b6adf3ed9033dc91aecebc13a0f64c0c1d3305da4d3955b4bf1d33,95337,822,9.302832
massimiliano_eda111,untested-public,task159,93239bd39db8bb07ffc4f354ca7b43656c78ca03e18c9ca72a30ccb093e2eb5a,12966,57,13.597995
massimiliano_eda111,untested-public,task160,5395ca933d4016406d6256408f8400e48279e5bc870b46c5a08c6d4cd29837f9,1758,19,15.676777
massimiliano_eda111,untested-public,task161,33351d8f1ca150a9d7b225d7ab8e9e8f60171b01fac54fdcb143882ed0fec502,6008,51,13.174397
massimiliano_eda111,untested-public,task162,29467827e023a09da29f2c6bcf10d77d7bff035e613d5615f27d623e6f2f3224,2268,19,13.944502
massimiliano_eda111,untested-public,task163,261af5c25f75b8f68293fce15ca95d8473efdd1a3ee6edf45eb5b1981fe6d584,9085,68,14.910655
massimiliano_eda111,untested-public,task164,250771b94d3db4658d4ac04e3bd9a0740f2af0f3aba0bb9b5df4d6181bb470d4,479,1,21.598803
massimiliano_eda111,untested-public,task165,84191da6721ff334125fd7fa8616eb9122ba801b8e467d4f0bac42cdd367fab2,4910,25,13.879762
massimiliano_eda111,untested-public,task166,635ac35cdaf739d7549ee8cd70b4042ae832ff18d2798a37fb1e315bb0990a02,1318,11,14.881845
massimiliano_eda111,untested-public,task167,71960feaa6f01d141e2e847cf629191d99e40b6ceb0199f2c3f955b43a84d6d9,1673,9,18.470581
massimiliano_eda111,untested-public,task168,10661d21c26bf5ff68d448b007b0212c34cb45503fb906d999fa4a13c3626ac4,7297,44,14.628981
massimiliano_eda111,untested-public,task169,15013f2f662007d5f03c081dbaca20d6c6a6082de5edb344a8cea0e3fa48d26e,16353,180,14.551604
massimiliano_eda111,untested-public,task170,9f919ea1d3fae6c43dfb70c30fe5ce04e453a44324f39755cb00850f150578bb,64849,681,13.683941
massimiliano_eda111,untested-public,task171,c0dccfce69e87e53b68a617cc0ce6da5c9659180ce2acc2a46007c9915c524cb,3825,1,18.186555
massimiliano_eda111,untested-public,task172,aa923630b6479cf1a1f5e7b7bfe2e4947e1c8ba8edba4f31d250b0b2f0c98dde,479,1,21.598803
massimiliano_eda111,untested-public,task173,a0299600440d0a79709022f1953af8a56eda11e1855cebe4f865b5a0de0e5a2d,10108,69,12.891033
massimiliano_eda111,untested-public,task174,a6f543067be128376f67b828b67c2b02a893fd3d4b5341054c090b91d89ec12d,61839,790,14.120087
massimiliano_eda111,untested-public,task175,122ea790475d4eff4e80ecb7e852b399bc96924472e212c8019c1c4161c11baa,12412,22,13.348835
massimiliano_eda111,untested-public,task176,e323248617622d6f3ec11b2d387952fea83ecc2fed3bdb998ca12143a2168c6b,1126,7,16.022854
massimiliano_eda111,untested-public,task177,cdcbf832519bece9b4bc7966b23d1dba298385f8a602e49475b595b22b33b001,4180,37,13.778698
massimiliano_eda111,untested-public,task178,4da8ed1ed0676bf74ff1db264eee36e5a51569d8bfd9726b145975fb852cb357,6748,126,14.713600
massimiliano_eda111,untested-public,task179,bde695a21a93b9e2084a9b7e8a8bee5f2cdc694baa71a12d1c34ae921a89cb87,170,1,25.000000
massimiliano_eda111,untested-public,task180,8f6b55aa41b48daa3c5bde2cf091752666c75e5b3b9acd0b61ce5c378a8988a7,2525,6,16.084031
massimiliano_eda111,untested-public,task181,d5e423513a6d975dcf970b7fa00306491312801ed8b9c3232bddaa05e5217ae9,3083,21,17.914936
massimiliano_eda111,untested-public,task182,dcdd8e87825de820e1c2c5ded8e53bb19ca19fc6e1d104df3c6894630ad00ab4,70465,522,11.452178
massimiliano_eda111,untested-public,task183,304fd9d6c78ea14e6b21f5a8929aec65dc8582e0ed5300bcfe6c020cd031d4c2,4645,55,14.878261
massimiliano_eda111,untested-public,task184,d104af166e5c9363a02c3f7e6ed8251c41e1d392701919524a25fceb6aeb384c,6934,51,14.147484
massimiliano_eda111,untested-public,task185,758a09feff24e05f872299153e3728ba75bd0bbd8c3b14ae20c5e6b4faef7df4,18881,242,13.763645
massimiliano_eda111,untested-public,task186,4319d403e35394db90c4c67a58bad9ece89975a89250f5093212455c57f88fef,1598,7,18.547951
massimiliano_eda111,untested-public,task187,2975071ab48a9883483483822c3d24affcd8bb30d824d97f87c1af47cc9bafff,8852,87,13.409993
massimiliano_eda111,untested-public,task188,b5aedf9a8411d84cd20d8bded8746b6a16044a019d7d5352e049a9c98ef96837,3259,46,15.725371
massimiliano_eda111,untested-public,task189,ad40fd32da208b67a234bbace455a8c50984a7075ef19f2a27f1a571ce90a1e6,6774,110,14.886089
massimiliano_eda111,untested-public,task190,0a31ba38881a6fc4af83224d1aa59f0a876aea5808f55f95707b8c5975ac4c06,8781,63,15.675974
massimiliano_eda111,untested-public,task191,c52afee06de5d459fdd914bc7911c5ee1e78e71527ed079cf6cc6c5dc9c32da8,8764,219,13.332021
massimiliano_eda111,untested-public,task192,b33d9d2c7a44e0ccefa26f20c6eb211ff45cdba6b7ca7a38c8fd674ddc5062b7,2511,21,14.093402
massimiliano_eda111,untested-public,task193,1184ed012012ee9bc87677fea86382acea9bc6b8979f087a5b3500492d6138dd,1925,14,14.109558
massimiliano_eda111,untested-public,task194,5a188032e9933c63bea9816c0846001d769eb356d00653af9e5e766ff62bb53b,7454,1,17.504458
massimiliano_eda111,untested-public,task195,ba4b722b42ea9bdbffbe4fcf38c90d387045eee91e245e77f502c246c158e0dd,5381,33,15.436963
massimiliano_eda111,untested-public,task196,89719c41cdbc1176e45d78565003ab2f9feb673cd43fcf7fef4c3ff8a4a302e1,2417,31,14.618975
massimiliano_eda111,untested-public,task197,d2fb46801935583882f6a460471b563ccee60a53661cb17003fc2b60f17ba1ea,1223,18,14.166556
massimiliano_eda111,untested-public,task198,a1cd099e3d965fb4506eded8d4bde77ea202357df70e9212b36911ca002c8cb1,6979,51,13.449576
massimiliano_eda111,untested-public,task199,7f8ae82add1995ce631f2596ebf18e50b694cb8ec8d56a776cb6b1f393d891fa,2948,22,15.309891
massimiliano_eda111,untested-public,task200,f890763d62cee785030454c8a5a3bc278c67666d29d87dc8297ae23ad08c902b,2444,39,15.739822
massimiliano_eda111,untested-public,task201,45f10ca88d12df7175c80895aca63ccdf595c12c3c580a4581c0a70fa6eb8d06,10924,135,13.554497
massimiliano_eda111,untested-public,task202,548ea01a96ba723d596f57386963dc208eac1c74ee9c8ad978597704d8065f5d,3582,31,13.258188
massimiliano_eda111,untested-public,task203,934167d7108d311321e5ae31de256c5ed18dd19290cc3cea7456337d8f1a1d04,6437,36,13.602194
massimiliano_eda111,untested-public,task204,dceae9dfb26b83635be9d8ab15b9719395c4ca15e2871a07f9986615c1ed02ff,20456,128,12.815034
massimiliano_eda111,untested-public,task205,2ae3d15fa32ae7527a877d4a78e84590b2f5eb083cffb480c1bb4e65ec727478,48510,671,12.284352
massimiliano_eda111,untested-public,task206,a9a48933d73ab0ca96c39812eaf2d7cc02be75d240f640166a9e5b4a88f1a1ea,20303,224,13.895344
massimiliano_eda111,untested-public,task207,eb31b69d46ecc34c73b17ad80493c10002468aa9196475e6c9e12fcf46ff8235,1979,25,17.463636
massimiliano_eda111,untested-public,task208,5d341124008dfd310bc5a123793ff6f9beaeead1fd98692f86f798a8f1e3f4a1,15885,196,13.566031
massimiliano_eda111,untested-public,task209,340e1292efff94ea0798fef8c2d68aea529579aaea63bcf5ee0ed1b6a995152f,1294052,4286,10.110661
massimiliano_eda111,untested-public,task210,aa923630b6479cf1a1f5e7b7bfe2e4947e1c8ba8edba4f31d250b0b2f0c98dde,479,1,21.598803
massimiliano_eda111,untested-public,task211,3c58a51ab06ee25bf3c54539284f6def4bc6e10c364246d45f5533df0905fd17,7454,1,17.504458
massimiliano_eda111,untested-public,task212,d6a9a891ea864265da23186675a7542643cc9de869839d9a2d67e387d4c304a7,4712,53,15.782783
massimiliano_eda111,untested-public,task213,bea0e13014694681f4277e3fb242b16729cd609cd076e31b8eba6201f2c78841,25091,385,14.132022
massimiliano_eda111,untested-public,task214,476030b9c3c916862c896b22ae9f1ee46d6bedd703bd39deeb4fe1a9a7cf6c54,7454,1,17.504458
massimiliano_eda111,untested-public,task215,7944efd69db01622acc90aec13cbcd6480dfbc192943a608603e8af711bd84a2,2619,39,14.321348
massimiliano_eda111,untested-public,task216,8736d30a18de065d1250ea21affacb0eccba6097e3139d7e8ebfee451365a4d4,11049,276,13.449663
massimiliano_eda111,untested-public,task217,58f2ed503258d9c007e4e93b086250cd0e66b2871fbc7602a1fa7d6869dadd1e,7268,34,13.747647
massimiliano_eda111,untested-public,task218,14bb6c5e5fa3712e4f556142985fa03de40ba2accd475bb596ee538d3c10c60e,9594,137,14.948006
massimiliano_eda111,untested-public,task219,f042340d7b269af4b35437a41d3094074b91fd8778477f3b3fcd20966a535f12,87016,532,8.421777
massimiliano_eda111,untested-public,task220,924ca3ff6b3c2190ebdd92b73e0c33ac441a7e64b5924bb34b2faa596a40dd55,3798,1,18.197605
massimiliano_eda111,untested-public,task221,fc40a9c864b222aaeab1d16ab69b17f524fd95dc657baa701b144f4288e5bcb5,13333,28,14.069235
massimiliano_eda111,untested-public,task222,f82b35de1de8377a5dd17f94de623872a1021443ff972be6e0765c6d21c5595a,2578,21,14.031198
massimiliano_eda111,untested-public,task223,51cd95a032c661ce28fa653ad0e727fb33cf6a709a5747e02a8ab323190ae968,7454,1,17.504458
massimiliano_eda111,untested-public,task224,1618c4868a39993d5318e610ce888f4b46394aa114feb2e20618a9034a6e1e50,6314,54,13.843921
massimiliano_eda111,untested-public,task225,0c4d057621e7e3b95688f49c9b82218423a7a2ec18b5359a22474c11804cbba9,3427,33,15.672766
massimiliano_eda111,untested-public,task226,5d115fec7e34ea6013b743620d1addba979258bf37902350608a4c3438346438,3203,39,16.376826
massimiliano_eda111,untested-public,task227,1c70db9caee31b32d02ae1630c5ef3991ddbf82fedb750d43b515fab048d6dec,1135,14,17.018267
massimiliano_eda111,untested-public,task228,a8a923f21fecee5512861159a89a0ecf2a9f276985c45face926d3b953bdb4fe,2649,61,14.869935
massimiliano_eda111,untested-public,task229,acbf2dc745d4a717148c274f1e25cdd3fce8e718787f72530d661d60044ad805,1379,14,17.749364
massimiliano_eda111,untested-public,task230,1444325f9990947c4e2b6bd66f2ce611d8efc4be97b595c4bf2ad63e9e166ad0,3798,1,18.197605
massimiliano_eda111,untested-public,task231,da36f042051a327916030f89e33ab2146301e9fa4890884f3df0232d009ca3ce,2605,50,14.445542
massimiliano_eda111,untested-public,task232,b416c4b9864f9c0ee3021d3e0d536638459295310003e1612ea60837e5e1fc02,1616,29,14.707956
massimiliano_eda111,untested-public,task233,d57b97c53297581dcadf8b70a33772359ac0efb695e59e6ee87fee43f80fb10a,938774,1372,9.595733
massimiliano_eda111,untested-public,task234,f1bed9c14a107314718a6a2c2d272373b791ed46a99cd3e21b405ee8bee98776,8333,96,13.151045
massimiliano_eda111,untested-public,task235,046373c88008b543046f990f0cde3f5c161d21e0835fb8ca9ada066a6fc504d1,3090,35,17.801069
massimiliano_eda111,untested-public,task236,f31f10a231dee6623a8f92097bfe067ab563fa38c8846924b5f2a5ab17a6009d,1291,11,18.417975
massimiliano_eda111,untested-public,task237,9d3baf9e04284ace2238abe88eae62477296ee34499efa7b0146d799717804fc,1637,25,15.430308
massimiliano_eda111,untested-public,task238,3208dbc8cec5a6a6874fb45bdf74920c0447b6b2745454a2ca76efdd5aa83d45,11927,102,13.927566
massimiliano_eda111,untested-public,task239,2abd421624d88b12e8a63904b214d06678543cf0231b040cc10fec704aac503f,4143,33,13.525015
massimiliano_eda111,untested-public,task240,517aa226f17f9719f23361c73ac446784b46dcab2e0b0b74e53a330d06a47ed3,3165,32,14.226601
massimiliano_eda111,untested-public,task241,bde695a21a93b9e2084a9b7e8a8bee5f2cdc694baa71a12d1c34ae921a89cb87,170,1,25.000000
massimiliano_eda111,untested-public,task242,d7384fd7ba8ec4129d2616b9748fc5716d95db369aebf7d01b274b6d16dd0517,2031,16,14.896433
massimiliano_eda111,untested-public,task243,e789223ce2fed68fd343ba33df67c9ce94107dd803dfd1ca4e368afa0b1eb349,24522,447,11.524262
massimiliano_eda111,untested-public,task244,c6ea97ebaf15343165f200b1115282ed7736fc6b68fca0f3771d0f67cb4304e5,6538,66,14.607197
massimiliano_eda111,untested-public,task245,d04e7eade65728852787ce1f17fd87271f8553f9adab1f0859000bf44a750b54,6141,47,13.600680
massimiliano_eda111,untested-public,task246,379b5a73e3dee6f56eedab3ab0bd0ed8414179c6e7ae1edd0a948060d6401309,3824,31,15.497662
massimiliano_eda111,untested-public,task247,19562cb18f62167e2ce8c355377d9b1a3136c17fb7116b8c9110b15d4734e4dc,2056,25,14.993279
massimiliano_eda111,untested-public,task248,1cc5ba184903e8307ed5ba4d36263e3487d7beec6142f401fc6d0424e70f1e18,2328,23,16.120945
massimiliano_eda111,untested-public,task249,e6e58b07a2f88477f9f6bff875df198bf57830236bdd036ac5460ab1c6ccabaf,1990,21,15.740965
massimiliano_eda111,untested-public,task250,b29f5ac7d4700ac0a652a345ecbbaae31234a076a653038c6046e5ca010cbec0,8113,129,15.496915
massimiliano_eda111,untested-public,task251,054a1310978ea762a181de2ac68b1c10e5d9e706e70a593b68af3d1f26ff74b3,6906,53,13.472393
massimiliano_eda111,untested-public,task252,75bafe05db1082ad89ddb5308c4e8add0fc2523e74a1deba0eee73e4ead0d9a3,3651,38,14.447160
massimiliano_eda111,untested-public,task253,2538ea53b1aad1e6365055ee14f48dccb49ef632cce416086075b33d42366bad,3510,17,14.215455
massimiliano_eda111,untested-public,task254,cce96782d9b4b1065b63ebb4a84c1ba6253724c3cd2a387838d205cf71eaae5f,4960,49,16.018318
massimiliano_eda111,untested-public,task255,58b21c8abf7dcaace19d54b3bde4968ae7c351b29ec0b4cb36b910f03be3a0af,106804,851,7.414992
massimiliano_eda111,untested-public,task256,37aebb653619bb91ba21ea10374a3288d619e99b3f9bc7709dc4fe7175bbb765,5118,40,15.033960
massimiliano_eda111,untested-public,task257,316eaaf4e1a47569341378a8a58e40559f938a7fe5ae659867c0f2117bf8e021,1369,20,18.018065
massimiliano_eda111,untested-public,task258,e5948973e4d14232b7cb957f26c0487779f6c8b9e06e32151b75a5a21ad5e5db,3836,1,18.186555
massimiliano_eda111,untested-public,task259,27456ae69408af22c00268a792cbad0f23c2f425a2c4e88336920536b67e0cea,3882,30,16.162900
massimiliano_eda111,untested-public,task260,a0c625eeabd30f89f6f16ae6be445f721bbc7059d940e63069a03d74b0fc06a4,2263,28,15.568598
massimiliano_eda111,untested-public,task261,6104690685d52f02ca149095658b51c2d448d252f763922efdb0fd69749b630f,995,1,19.701683
massimiliano_eda111,untested-public,task262,c4714ec84de4fa51ba3751b69dbf34ecf5bdaeb8026531c6a3a6a7fc3e22e9d9,1329,8,16.086315
massimiliano_eda111,untested-public,task263,2396bdd0797f69ae5e0281ce27c9964eb2adba67e7d5f2d8286d6cd1ccdc46b3,7427,159,16.005828
massimiliano_eda111,untested-public,task264,01ac406f30f0ffced1625ed8050b91086a8967573523be0ac1583a6eef0e4dbb,10074,115,13.154639
massimiliano_eda111,untested-public,task265,e44b248f5902d3d38b34e32679474cc70b8ee0d23a58ae93c6e8658e0375fc5d,3110,32,14.408076
massimiliano_eda111,untested-public,task266,491258de81aba00b6aa06f223356e30346665751690278693288e858450c8563,3825,1,18.186555
massimiliano_eda111,untested-public,task267,410b39084246024b149c984e95489e0660a8825a25ca70475cf339e5914a1074,1306,11,17.865109
massimiliano_eda111,untested-public,task268,d6e7655471c32dea89573357bb31df7dc7c23396d2d8a7318ea2e17508b7d609,13356,180,14.983764
massimiliano_eda111,untested-public,task269,947f2c17a6b1d44a9f4ad789f9351b4edfb84e0298e879c258d5034b09e12f72,2336,31,15.940250
massimiliano_eda111,untested-public,task270,5d11db427de12cca83d4b67950227dfd6115c6345d12b715ca3b1b78fd7068ff,7597,60,14.733781
massimiliano_eda111,untested-public,task271,1d303e94d417fc4786c4e80dee5be764e57f981905d0bf8f5e5fdf48595b19ed,1993,22,14.725259
massimiliano_eda111,untested-public,task272,bb44a1717b5f9b6f1cd8f6bdd32aa6a40d88b17db3e200a8cb6f7806bb2c658d,3825,1,18.186555
massimiliano_eda111,untested-public,task273,ef481d8f02832385edb2ae3838215e1c01c80ebc407639a5d04a17ab09227a4e,2414,22,16.294338
massimiliano_eda111,untested-public,task274,16c49e95823e84f06ed23b008793cf2734b79a98dc2eec7948735d763d5ec465,3619,16,15.921935
massimiliano_eda111,untested-public,task275,b05c9d902d60b5e03aa3436e187c874a4948bffc12b2ce6c86fd8ed957970680,24193,253,13.662810
massimiliano_eda111,untested-public,task276,2a3e881ae92099c36f1955bdf96ca1e9f77a4ef3d1d3eb58c63eccc80a655c7e,217,1,22.697415
massimiliano_eda111,untested-public,task277,e51e949cb83acf5fd2f099ef7af5326e8819877fff66f86f7a38933ddbf119c3,5153,58,13.835158
massimiliano_eda111,untested-public,task278,0c14b78590ad46420b694424fb879d1c8bdef545b3a92cd9ef5a15278e77cf1e,2285,16,14.554682
massimiliano_eda111,untested-public,task279,9da9837f628935b332e77f1f2722fc9a6c24137021584f85bc276e033ed394be,3082,43,14.780899
massimiliano_eda111,untested-public,task280,82b670978372ce1c23e03297fac4c9a8b660a0ab794420b6151459faffdbd466,16655,138,13.156003
massimiliano_eda111,untested-public,task281,ca2a1537dd3fbe42f2138c372b482af55ba9bacf05230c700a13f8ac7caf45df,7659,64,13.597168
massimiliano_eda111,untested-public,task282,3b69ffb73c79f09e8523073931061610e74b3e0d32534378317960c9557acd0d,3798,1,18.197605
massimiliano_eda111,untested-public,task283,b0e2a1e5a77dc63e5c2faa69d44120f7fe0e8773160760e68b7f5912591f4c60,3825,1,18.186555
massimiliano_eda111,untested-public,task284,a6639b3a490354a06dabea1ba3e40cadff156bc3590372d54d12d7b22cc4b80f,30975,145,13.304486
massimiliano_eda111,untested-public,task285,21bca96dfe13a8adec72ee5d3f8a8291a2745e31b1b580c541f4574622e8ea6c,42591,473,5.984811
massimiliano_eda111,untested-public,task286,452c89917bd81728f5db1bd4efb133d57ea0ad7603343cb823fc1e7402cf8b6e,13714,168,12.965719
massimiliano_eda111,untested-public,task287,597d6d8d9fb465183a384f7f4a71596b1a35c46163dc529eadb64646cf3c0ebd,1706,22,14.975756
massimiliano_eda111,untested-public,task288,2ef01939d8fb465f7d079f337f55c77fe2c332eeb2f01b47e5759981f01b1175,7847,52,14.200567
massimiliano_eda111,untested-public,task289,00049ab3fa944a3759833dc85ccfb83f4f4ae7a1ab800664e74423dfb9c7b6d9,2041,28,14.860176
massimiliano_eda111,untested-public,task290,4b741031cf43c0c6b363ab3c98f7017cd73aa098b5e38c15b5799f2fcc7eb008,42089,87,13.384049
massimiliano_eda111,untested-public,task291,f97257c9bae5cbdf0614cf4f6d0aeda2c0db164b44f4861fc829c00eae636b67,6009,22,16.627370
massimiliano_eda111,untested-public,task292,6c237acbb63e47906509de051f734a3f91dfe624a99e62a94fd65270b5824929,1146,7,16.244578
massimiliano_eda111,untested-public,task293,b05ff58c4666c1ec2d35a77dffb3d72b56acaf5e80f36e88f0162019592c30fa,9897,52,14.862033
massimiliano_eda111,untested-public,task294,247179b0cb2fab9e792e9f91da564f6ee1f8d4059046fabd7bfd7e7d3d010cd9,3825,1,18.186555
massimiliano_eda111,untested-public,task295,5a049215df9c118110ba1217eb55447b5d335f09e93a9526e6862ff5b585b365,1956,23,15.588680
massimiliano_eda111,untested-public,task296,4306af04547e103c395a41f15f7829592897a368a36d02047b54c256c5e54b13,2843,10,16.677606
massimiliano_eda111,untested-public,task297,4ea1e6317293bd62b7cf6ed501f44c52830ca9bcfa92de6a67c86c201e1a9611,2747,32,15.832776
massimiliano_eda111,untested-public,task298,9b77b58a90defa3f7eb249e787dd574f52ad8319b503b79e3dba3b4d5b11eea3,3322,35,15.387667
massimiliano_eda111,untested-public,task299,1e9708846864c2782d5c9d4b378034e7f20bd2a610abbcfb0712b83b3179cd2a,1405,21,17.510029
massimiliano_eda111,untested-public,task300,e81ff2bf51d9621b8df8ff754c0d4ff4270d17f336e625bedb5fba417a57b7e6,4688,43,13.741000
massimiliano_eda111,untested-public,task301,5304dca46705e3c99a37b5c322191fd1a492167c657228d67e0b8e4ce9022c7a,17629,49,13.766696
massimiliano_eda111,untested-public,task302,471e2a01c1e679ddbe830f667d30f05ed231550742027b941e27dce515ed0b2c,2639,36,15.031615
massimiliano_eda111,untested-public,task303,f1388ccd300d0326ef77e32e80a1bdcb15c39bd24649153f5208eb8cc0962cc6,2084,8,13.701382
massimiliano_eda111,untested-public,task304,da36b408e1af537d161fbb14dbba577380417c72233e4a1458970d507c43ae7d,2136,17,15.413006
massimiliano_eda111,untested-public,task305,9f735899c445d2de0753685201dbbaa448ff1306c5f52d568270b4588d8e242d,1865,6,16.718023
massimiliano_eda111,untested-public,task306,c582bc8db47af47753833747cdd64182a67cbb33077caf0099c0feedf81c0b41,4101,33,13.494673
massimiliano_eda111,untested-public,task307,badc5326d1acd892c77212fc876a3f3192e5b67a9806ab111d1e9589eff70706,7454,1,17.504458
massimiliano_eda111,untested-public,task308,dff450a12d955541a809eb6cbb82eb2e80d9604bc2e300085c58cdad9055dc3f,4088,60,14.199976
massimiliano_eda111,untested-public,task309,c47b834e65872a11ec0cda3c8246948b8365f81f916610b49ed07267815733d9,217,1,22.697415
massimiliano_eda111,untested-public,task310,8ba42d4bf0a654f913a7bee8772a22258fedd188475ce77c77e8bba0fee69bdb,5449,44,14.016845
massimiliano_eda111,untested-public,task311,250771b94d3db4658d4ac04e3bd9a0740f2af0f3aba0bb9b5df4d6181bb470d4,479,1,21.598803
massimiliano_eda111,untested-public,task312,5f8662413159b881c8dff97e5c51ca63270ea3b1609d0f333539af73166348ff,1202,8,15.791762
massimiliano_eda111,untested-public,task313,53e2ab0be4c673d804678ddf2f3818527eef5ba1762619d1b41891c5c71ffc0c,39887,34,13.655115
massimiliano_eda111,untested-public,task314,6de48aa8380bfa9f60145881280cb81f0649f178f1a74456c5c40334004417b4,24532,282,15.941180
massimiliano_eda111,untested-public,task315,1bf0b18c996602619e9fd51d9c5b13d00e57feaab87cc78fd43463a38ba05c04,1520,10,15.469099
massimiliano_eda111,untested-public,task316,0b697272db5461192d00f8168c702d2dde635fe5bebc4fe3b7506a820ca9150f,5537,49,14.150469
massimiliano_eda111,untested-public,task317,54ad9bc9831f0f3a781e65116809c2c60f3246bbdc84fc6c0fa8064fecb5d8c5,3798,1,18.197605
massimiliano_eda111,untested-public,task318,4a45c25db81ca4e037be544f7e0cab0a5bb1910d2f6325fc83e02af3a79282b9,1319,12,18.374608
massimiliano_eda111,untested-public,task319,51ba5eb63c445916889b9fac65b7285e003399d7186631daca6b659f9f3415a5,247340,2709,7.908638
massimiliano_eda111,untested-public,task320,b5f9d264034aafc2780289baeb60a45e338fd6478233a720f13b79faa2d6b39f,2183,19,16.445511
massimiliano_eda111,untested-public,task321,2e36977fc386c76ebb921b21626cb0733b08b8f40969cc3ff8635f327f718f5e,1733,22,16.385499
massimiliano_eda111,untested-public,task322,70c7baa8d1fe542431688ec733cdaba2e65799d4882bf71a9be96acb4f6247bf,892,9,18.046316
massimiliano_eda111,untested-public,task323,c1feec3982ec1aa05dd411c69740c2d2c751ba3a51d5aa5043b6c147d1ec8bd9,10261,59,14.676717
massimiliano_eda111,untested-public,task324,7411cc76a9bf780cc62cb92374e5f883c9b70cbd3467b70215a8c5ccb2373346,30635,260,11.567972
massimiliano_eda111,untested-public,task325,703958452270456b7d0aa9d4685a3bb4279c1a189050c3b1c4c5c0ef26767373,5072,39,14.330533
massimiliano_eda111,untested-public,task326,b95776b4618ae80d707674425b68a1b903cfc9925a01d24b03b330ce97a9c421,388,2,19.888012
massimiliano_eda111,untested-public,task327,28e407c04689606a975670fd8f7da26d5ce7a9a10400265cc54eca46e5504bed,1638,18,16.070962
massimiliano_eda111,untested-public,task328,5e577adeb141a5a522c273f891701d12837320df953707180471e62c0f45f621,16269,121,13.846066
massimiliano_eda111,untested-public,task329,b3983c3bd8c099ce71cb48e09938e0328cc29853d73d956c35e125db9bcd43ef,1652,21,15.763992
massimiliano_eda111,untested-public,task330,0c67c61a96e91ab4b8cd0bcc5193fa4edac323b20075f302515e72a2e012d7da,7312,22,13.964530
massimiliano_eda111,untested-public,task331,159b7db4377d2a7d75a15aa8f84344e6d919741566944220da8f361aa1da572a,3836,1,18.186555
massimiliano_eda111,untested-public,task332,5301ba6cd8685b2de8c21e01905817ea61a3d8f2054bc6eef7b8e2a201b40b77,3295,30,15.844327
massimiliano_eda111,untested-public,task333,056322558aa8fa4149af6ce9821d3273f0b403e4408e461963db3d70864f1adc,4379,55,14.877658
massimiliano_eda111,untested-public,task334,70f0ea7b8d62bc086c535d3fec97140ed99ccf9500dd74492434de15cb2667ee,1456,6,18.157317
massimiliano_eda111,untested-public,task335,1dc73a90b7f058004deb256266a6a937b56b19f79ba111241bd796f73aa8f333,2757,38,14.193064
massimiliano_eda111,untested-public,task336,66605e39204e06dd97980e812e93d14e7dab3eb0d815b075ac29202827cc6a4e,5276,54,16.294503
massimiliano_eda111,untested-public,task337,c276f5799bf0f2f77bbc0c31f5ed97472afbff9a946326286e229929029e2484,159,1,22.697415
massimiliano_eda111,untested-public,task338,b35b8a9c786b6c618d442f8072720d3dd2ed919de6726b80b6d1801d3cdbafea,4510,37,14.271263
massimiliano_eda111,untested-public,task339,23c555a9d5193597ba509db3b965cb39be9f02febeded3f074acb8768e013f1b,1588,13,18.215543
massimiliano_eda111,untested-public,task340,dfa9109342b16654158976e4fa1e98455f0558a083d777ce020f5b60bae308cf,4180,72,13.838861
massimiliano_eda111,untested-public,task341,564fae20dee0f5a54330c3170bfad5824556165d5a206e82a19c9264faaaaf05,8743,101,15.154936
massimiliano_eda111,untested-public,task342,cd69f1c3c3bd5d7c51afa7008425c54e8c0a232fd18449de9a9bff304cea90ec,3200,40,15.594669
massimiliano_eda111,untested-public,task343,df6df42dd51bc8bd68188dba44776eb25926c7dd542729c2dcda48b60fd156bd,7569,86,14.700054
massimiliano_eda111,untested-public,task344,a23999c886c62393d115371628fbee6b6043de7a35bed72285639240d6def4fd,10236,1,17.171962
massimiliano_eda111,untested-public,task345,f8ddf76853108e2e27a45961b32397e69f9fb19d2c1909e623b6ae7b651acd60,4062,34,14.164526
massimiliano_eda111,untested-public,task346,11e08c307d334e0429612fd7a8873ecf53260f716ca9da99b6693e6d9b369548,2236,13,15.875435
massimiliano_eda111,untested-public,task347,7fe7a34b9a1ba2444eaaef7509f3c0395bca3ad15a45d122dfb79aa3e546d899,1129,12,17.603051
massimiliano_eda111,untested-public,task348,a6dd8eb329ee1c4b5ee60a6985610b6685bad770c76a14d12eb9e9665303821e,3000,29,16.103412
massimiliano_eda111,untested-public,task349,b57e802ae6c73cfabf1d34ffdd1313911001cb6a901862ec9c9346352bea0033,8755,89,13.103296
massimiliano_eda111,untested-public,task350,0ca24c325e540a593cb73c128715599c58a4d7bdd9134503c6991423b2840001,2670,19,14.734338
massimiliano_eda111,untested-public,task351,c17c4a24fd333fa82a77f43e4a5127d7eb81187a15ad4b7f8a1bb21664a5d49d,3049,25,14.532506
massimiliano_eda111,untested-public,task352,f3b9bb985cfb0478df981c689aab9f22dc5bb177e02b6f3b6a3b330669eef601,1398,11,16.201243
massimiliano_eda111,untested-public,task353,1639de1c1d4d3ee61a8454a02d3b5af4d359f13f2fb1c963687d4cd76b280a8b,3244,31,16.403811
massimiliano_eda111,untested-public,task354,58e322ea24b6a28e7b5da4cf5bdaf0e17e5b805ebb5cbd8874b00e0c36ff78bb,2948,42,14.653398
massimiliano_eda111,untested-public,task355,addfb7be1303c63d90f0a8826be7ab0eef88a10daab34df423f95eaec7e77059,4506,45,15.185781
massimiliano_eda111,untested-public,task356,551900e26ac21ba20631069f1a4268e5b9992eabbfd9cde50643affea19fc2f0,2344,21,16.482407
massimiliano_eda111,untested-public,task357,3d4c5d3ef46e8c9f15401243e101a1f27b9981a0b79e63fc1ea26fda02c8ea43,2328,23,16.120945
massimiliano_eda111,untested-public,task358,50650df0548143121954ee03c9db4532be39a4a56b686e8bf4987af48b47c2cf,10944,132,13.355862
massimiliano_eda111,untested-public,task359,5402e526d36f56006e6fe3438c6875e02057cade74e68784d892dc9c4510bdb1,3909,32,14.156974
massimiliano_eda111,untested-public,task360,288d8ec599a9f336ad8b8ece878231f6009143fcb0788f52136b48e7bdc42237,1271,13,15.680267
massimiliano_eda111,untested-public,task361,c72dcf2c6af6c480ffa12daaa617478f9be27c60a63ccfe186893b7c68f069ab,6930,61,15.263926
massimiliano_eda111,untested-public,task362,1a6d4abda7902dcaff9fa7f35113d583d959eedff71779c783ed651a5c496833,1896,28,15.604176
massimiliano_eda111,untested-public,task363,b8bb005f95baf0f7f1187a369a57d564e14b956a7cd8fefaad5c607a51213fb3,170389,260,11.778800
massimiliano_eda111,untested-public,task364,4910b50fdd14d2e4b74bc569015b2b2bd81001119618fa3f702a1cc1c82088b8,10174,63,13.056130
massimiliano_eda111,untested-public,task365,4b59416c3b2d144a96e2612d2d0f8683f7cc3d3e0e8bae9a32ded28375a3e128,17605,242,14.014639
massimiliano_eda111,untested-public,task366,74e15e2bc6a9640fe229d9bc5648c4733797ba943051baafe2d2fc55d6ac03de,1269927,12512,7.083011
massimiliano_eda111,untested-public,task367,ea3969fd6929edb7b1ccabe3db2c9f2ffc4b995aae190c1726b93016b6ce2f02,293653,694,10.576071
massimiliano_eda111,untested-public,task368,fb13ef89494b35d91e797f4295a7a89ef8111ed8b5d8f62974f2ce5be08e16a8,8950,186,14.615971
massimiliano_eda111,untested-public,task369,41510d5508f7ee00bea219692bf4efbbac40ae5b20300daa5ec4f01d4b6816a5,2940,26,16.047265
massimiliano_eda111,untested-public,task370,350d83a92295168476c4549cdc5d986b6bafb902180c4c7b2078a89d74f81774,25060,319,12.221756
massimiliano_eda111,untested-public,task371,55f3e4edea862a77001eaa66f9ce4cd37bbc3eaaaad9315a16360ce4d1d01bfe,1810,23,15.039140
massimiliano_eda111,untested-public,task372,422d94f798102349b81b669a5bd447b6e246aec065b6916c8b6efd14a7a0fc7f,1214,14,15.633511
massimiliano_eda111,untested-public,task373,b38778eb8fe20593e514665f61bdfe17367d56aa45d220c2cc5a0bd298889d2d,960,8,18.559053
massimiliano_eda111,untested-public,task374,29c99ccb14d1600e97d7b8c3c292672fed67326cc713432a0fd26edcbd5c2182,16450,144,14.140290
massimiliano_eda111,untested-public,task375,509686d607b3126316a284357799deb369829fe56865a1b05609fa3447c4c5d7,2214,19,15.372793
massimiliano_eda111,untested-public,task376,c6d0a7cc285a13cadc484b6b8141c32ce0d151a546e3b234dc4aeff58e321480,1741,27,14.388895
massimiliano_eda111,untested-public,task377,9634d0c4c5f2d3616c292399129487757b13a675d7e4d66ee409a56adffdec77,19220,208,13.919690
massimiliano_eda111,untested-public,task378,e1719f9950e83dc1889743f4737d7c5c8a2606c75b8f2f2f0d26dee49079c766,6343,96,14.378673
massimiliano_eda111,untested-public,task379,0002ebca2333b2402894d90300cae16c7fa1dcf04c9df3bc98751db32899d9ed,10260,107,13.808644
massimiliano_eda111,untested-public,task380,b23f227e055e494818df0587e34418a5054807bd258a80e00f9170bcedfd819c,531,3,18.397412
massimiliano_eda111,untested-public,task381,341af617bc4d485ea4ad62bf29883b80668b268876d8d3da0b0f97e24a69fb21,3435,24,14.349422
massimiliano_eda111,untested-public,task382,a854e19de4998088d40ffb514299ba374a6c1c2589c8c85260793ad004ce80dd,34556,325,12.824253
massimiliano_eda111,untested-public,task383,19da36427e6ee74fe0cf46bc86c98b873576bc8e0c1302e4d8b61c04ded4f8d8,6805,57,13.224964
massimiliano_eda111,untested-public,task384,57089beccc7a95bb03cb7bd0a9d6841faa06a32f84b126df9802e34c8b175e3b,4542,39,13.778082
massimiliano_eda111,untested-public,task385,629a5673b6a8e745a4c5b1b5afcf3c5e7214f2fd7c54d7f5da27eb3e788ea5d1,175,1,21.598803
massimiliano_eda111,untested-public,task386,89f80a62cefd32ddc113e1e3222977816d8c9e651c9e7efab94922c5878b22c3,1171,14,17.300611
massimiliano_eda111,untested-public,task387,dd35e456b2784f2ad0f89d84fff0f05e2498cbab1a1398612b5155b63431845b,89870,875,10.460747
massimiliano_eda111,untested-public,task388,44364f7ea2f283e136db441edd3d838104f1d83f14247c0cfd0c1182c45e55ea,4820,50,15.714645
massimiliano_eda111,untested-public,task389,5d19a4d137ddfa5d5e278378f5210bdd9ffd9225b6b7ca3cfb0a823a86ca0be9,1421,13,17.451444
massimiliano_eda111,untested-public,task390,23a81cb475e4cd1231db06a0e09440eaa13dc4353f3891aaf53c86700efbfa91,4970,43,14.884592
massimiliano_eda111,untested-public,task391,1582c8e52095b42ea4800ff8753f6e9fcb62f2e7b65b1642a469835c6548bf80,2841,26,15.787562
massimiliano_eda111,untested-public,task392,286bbe96e893d8985bbc76084a277ad5864297316cf38f4ba6edf4007112e4c5,8330,51,14.662460
massimiliano_eda111,untested-public,task393,2f236f0f741468312b3933de81bd4f1f7d36a96e624a1545d1986160d95c466a,2433,22,16.321879
massimiliano_eda111,untested-public,task394,6f9e76b487f97c594199199e75fc55402957e97ede7b3c08c5059ae6412a4a45,3787,80,16.533469
massimiliano_eda111,untested-public,task395,19fd478858c781c596e2ca2f7e34d4e1bcfa8798379225afbe1efd44d2841ac0,1179,14,17.581219
massimiliano_eda111,untested-public,task396,deecb12bf534491a8adbe29e9b1927ba002fffacc6253071aeeb6bef2ef188a4,148123,407,12.967995
massimiliano_eda111,untested-public,task397,40a07e43eaab28f00e2efce4e35f677137cf30f25356c227f7d64147e7ba8340,7345,86,15.036311
massimiliano_eda111,untested-public,task398,5d6faac9d879be8dcfabbf8a25b82e0c62f0d41eb7d39aea7eb37e1fc447e023,8768,44,13.657827
massimiliano_eda111,untested-public,task399,f8e72c2228ae91a54d38c5a7f101356edc42d906cda234321b13bfc87a5ff38f,1907,8,17.483023
massimiliano_eda111,untested-public,task400,a6723aa91f00b4ea42edf81e211bc34d3242e7374c731bc4b42f69d14adc93f5,2165,25,14.532535
octavi_6042,untested-public,task001,0fa36f41592b9d78fb9dffa6f03ad41663311c7414ee3ee0ca9a0787ee7553aa,1433,12,16.624601
octavi_6042,untested-public,task002,4c3205c0141934e8750b205f87c8622ebfd80d2fce3c665797e3b1dd39c1d0b5,15506,95,13.510415
octavi_6042,untested-public,task003,f7b1e9c321fcb23c216feb2476ddc69b220eb381e49e0edca3208bd9a8373693,4167,39,15.786066
octavi_6042,untested-public,task004,fc9ef5d39847fe678249f3dd2ef4701d2d49b2afb4c27c424b79b6f9967ca118,2522,4,14.084548
octavi_6042,untested-public,task005,dd5681549124eb6d60c83f24b1bd80499fef4bcd62156e5b133ee6069e17f92e,10910,106,13.313214
octavi_6042,untested-public,task006,730e2188defecad529681f66c74dcbe4bc3ea104d8fa752a6f1e719e3bf622bb,1364,10,17.440441
octavi_6042,untested-public,task007,8e0308e58a7da64f203a04e83bc622cfe30b84e06cf914f0feb6c5d4238ced60,1603,13,15.869677
octavi_6042,untested-public,task008,662af396ddc9ba7a33d3a0179ae26ef1ac06a69bc0c08ef6be718fa379001d10,7667,78,14.933331
octavi_6042,untested-public,task009,2043f559e1ee947e2533c1ca00c25a699daed5b516d1bb4bf3515822ea52518d,30956,22,13.694825
octavi_6042,untested-public,task010,a5dd47c7b1bf11a5f9b073d7147d66749b67169969a9eb7befc020d4dc21116f,6061,58,15.983002
octavi_6042,untested-public,task011,3f64ad20a9feacc16ad2ce2296652dbc2fb5438e444a47af1f885a374cd43046,10170,52,13.898855
octavi_6042,untested-public,task012,35326b3a2dcb8e024ed7dbf141f6b861694663c1339546fd0adb3ad8e2ff5e77,1948,15,15.448200
octavi_6042,untested-public,task013,98f0942c7dbfaf541df9396cfbf3af4d1699a7f8bae9f96b9c4541f220eea98f,18384,91,13.331080
octavi_6042,untested-public,task014,d81dcec7f3d336ac99f0d2ab79de21ef8ec5cac2d6d4e1d007e4a3621d5601f1,14357,166,12.629736
octavi_6042,untested-public,task015,1bdf0a59883c98795d2d54262adc099a55470837e426c2ad60d49f27b069db45,3798,1,18.197605
octavi_6042,untested-public,task016,fb83a8e988f586009bf17279b7aedb194e3492a8e6f357be6d5e9ed903615733,158,1,22.697415
octavi_6042,untested-public,task017,4a7ffedcf19a4dc495a515c79b88ca30b9399af74abb9a375da3c3a778336340,8620,67,14.414477
octavi_6042,untested-public,task018,c2e8e82b394406b4127ebd3b4e74460e0d34b69c8604a6ff6239f9a1608dd4f6,32157,219,11.323875
octavi_6042,untested-public,task019,eecf7625da383cb85e5c0579fb3b8635767d444eff594d0b30dfd79b2d44ffb1,17887,35,13.165832
octavi_6042,untested-public,task020,4abb72f71f86d299893dcb1ee3be5937bc57ae169a6d1c33af77157df2be6f0d,31378,245,13.590958
octavi_6042,untested-public,task021,ad3a9c687f16064647945d87ed6dafabd97fd47d1996f7b05524117c9c9ea6c2,38201,214,13.823947
octavi_6042,untested-public,task022,fbbcf7777e1f706b0899071564e37bdb5c8b7d7908efc4f47c971a3953e03d07,43895,363,14.287072
octavi_6042,untested-public,task023,ef622078bd8c8defacc123a095e675192e57f75e2ad92f0c8e65b9e6ee7dcda2,20163,395,10.993439
octavi_6042,untested-public,task024,f8a1d671c3118abe56700d79b82cd03b36acad2b03a5453a7790ca311b792d5d,3233,27,15.886171
octavi_6042,untested-public,task025,7169ae516d8a1713e7374289de88cd61af87c43411175c42827a4e2ef09a117d,826752,7449,8.712316
octavi_6042,untested-public,task026,55fef566fec33039e2cd8b0d9c807e31312de241a47ce0510f3f2add6aa3c844,1622,11,17.919974
octavi_6042,untested-public,task027,cd99565e3aecbf39b54548dda245a23f47f986f704cadf8b4eb1103c2227d324,31135,22,14.063417
octavi_6042,untested-public,task028,ff8e899132d21f24310c765b663d1fef6199fd6490f672beeac53d97a10db770,51218,10,12.830747
octavi_6042,untested-public,task029,25fd930dd65d6c39e3db30c12b581ca4e5dd8c8aea1ce2a272e893b8ea92fac5,13589,88,13.503438
octavi_6042,untested-public,task030,76e48b2967fe619c83c5b215c89d8aee30008e2d7f263137f5af078b6135d592,9441,56,14.169341
octavi_6042,untested-public,task031,b90c3fc6af40739352e474797fcd60c161bf6ecf6e4312dd7060ba0ff8383f7a,3417,26,15.164363
octavi_6042,untested-public,task032,64d66eeaba95588367af53102ecf4fb2ceb4c93327b677f80f1a9591b342f6a5,2347,19,16.867000
octavi_6042,untested-public,task033,60ab4cceeab38a8952d0157e862ec2f374a51c7d70c00bdecdf9833a703455b5,1510,16,14.081989
octavi_6042,untested-public,task034,7400b12dcb940f16d35589b5657e932c80b9aa92e8aed8c1f41a38cdff070b08,11293,87,13.421324
octavi_6042,untested-public,task035,642759a6cd0998d967d7e85356f0cf80fd0c469cf314344c5a9a6ada44a385c9,12869,104,14.410868
octavi_6042,untested-public,task036,76facc8f1d2b1b6691dc621f3160abfd35d151bfaf74961ef3d21abebefdb575,5866,56,13.710331
octavi_6042,untested-public,task037,e19669c0dec2c6b73986d1bd07ec5c19bb0bc452edb6cf3d006f85657ae46d12,20424,27,13.937652
octavi_6042,untested-public,task038,a83d43302a9ef7e5b284cc1e38fc4ce8deedb152481de569220ea69b94855018,2357,16,17.306974
octavi_6042,untested-public,task039,3bac77b4053405c006f1695572c1a8853909392131b90cc60df799a75bef2677,1913,14,16.034027
octavi_6042,untested-public,task040,b2981947dbae7b221cfedb86a55a6b82613d48908ff0ba0862ea2e06deb9befb,4104,36,15.688187
octavi_6042,untested-public,task041,b84ce39398538ef8f1ecee3d2e64c3e0d80db902edf7e23098fcb22c816e3c8d,2228,18,15.299425
octavi_6042,untested-public,task042,61704243d0814f6344a7541e90aec41f9e115f16368a7d57bc896bc807d12eca,8398,54,14.593648
octavi_6042,untested-public,task043,16b05e98645b4d8da6cf555ed59cb2165317fe07248f91dd11f6747c0b38c22b,1966,9,16.129477
octavi_6042,untested-public,task044,d7be538649eb0e8a61367a01fdbdf5446c5aa4d1cbb20ee5b0fd67c3b5abc7c9,148684,1054,10.317262
octavi_6042,untested-public,task045,43dc4b647f1683ea779fb39571b0cdbbad8fdcfd27c8713aaa44314281d7c131,1438,11,16.040431
octavi_6042,untested-public,task046,902e4e1129d73fe4576d763127cc56d0574b72b02f96a7f8e1fe84e5f6e0eaf0,8963,70,14.058960
octavi_6042,untested-public,task047,47a46e508c02fcb38993c9c78919ba4f305ff5f3d9149399dbaf51657f0d10ec,3246,31,16.070697
octavi_6042,untested-public,task048,d4c7088b8aa6bf4b2b226ce0dacecda44faf247049312f97e6d3e0d87574fa0a,5695,49,15.913976
octavi_6042,untested-public,task049,a37e8cb1f6134fded24f6bb205efbdfe9c4b4f96f2b9195d9db3108653eadb0c,3516,29,14.613685
octavi_6042,untested-public,task050,817ceed6eed8f8639a03c7d8fc0b41ca1fc3ca5ef6ff87cb970dba5a510cd4be,2540,19,15.752846
octavi_6042,untested-public,task051,86c7a1f4a9e1078f7176aac19c741859d1d72d5c8deeca5cd5fea73bfa951c7c,3365,57,13.587204
octavi_6042,untested-public,task052,a506cc379f43f613ec0879da1737edf134628e2d759c6d40c886ba16e97ef73b,1277,10,17.567516
octavi_6042,untested-public,task053,11d2a84ba10862f37e4dae8a206314fd4226f70b6f751eed23e52ba32ebde353,175,1,21.598803
octavi_6042,untested-public,task054,a2e77f3a92ad3273e4de5710e47222a0da5f4948d3fcf9860f0675f88f35a8c6,9728,118,12.887930
octavi_6042,untested-public,task055,194c76a7c1f255cb8d516d9ba1ac658ddc6f99f862956432b21d038cfd5f4c1c,21458,164,14.473627
octavi_6042,untested-public,task056,2306a2e7b1dd27af9e0ec17099ee8ed0568f6696623537f2599419319f7dd8cd,1515,7,18.672063
octavi_6042,untested-public,task057,fe71c735896585cb2e65fe6bfc6479a0d1ef8b1f8f2c7b7a1fe27b318ca72304,1880,18,14.246041
octavi_6042,untested-public,task058,4e55a6bf22945253193de151ca9e08970485d28911fd21ae67ea20e7e71ece72,27439,15,15.310387
octavi_6042,untested-public,task059,7b3cd67ffb0008721082c7e1497b195b3c91364ade4b206a8aca22caba8fd4c5,12715,20,14.740203
octavi_6042,untested-public,task060,ea4ad862446e19cbf2b7fecaf9051e6801c47b6c337bfc46e9530eddcebc41e9,3039,16,15.779610
octavi_6042,untested-public,task061,27289ea0d11a669fe413e1b05826321af3d079ce8a5555fa2610a93704612c2e,17030,9,15.152342
octavi_6042,untested-public,task062,d57d9a3dc711a3fa8561eb45e9b6fd261c7ab89c7fb30c7fca0080d49013c37c,22124,194,14.231747
octavi_6042,untested-public,task063,5c8811b2da8473750953376c6dbdd913b50bc29b96f9a16a09cf201df9a483ce,3709,34,14.666940
octavi_6042,untested-public,task064,58b449d06ee31558e5b72e234bafcedd075ca374d90de0e17b116281716fafd3,5809,48,13.210838
octavi_6042,untested-public,task065,a191af856b41ba1a6079e9a8dc2ef26069291cfbf182a5623693579f33263b3c,2705,36,14.152315
octavi_6042,untested-public,task066,b61c747510a726482b9e94d6a1f12568b4252800f11145d34630404f68048d3c,180173,1642,11.878567
octavi_6042,untested-public,task067,e823d84640b258f8322dde914f6bd992553a53aadd84d4685cd18da5f1be35e9,892,7,19.247427
octavi_6042,untested-public,task068,fda283a479d2067e6eebc121aa1bc5b50af395b15a844c4a0742f3861f4d58f9,2335,23,15.204599
octavi_6042,untested-public,task069,fb91d90981c4b2168ade67173f5ea1376db182db9350dbdf930d3cb5026325da,32330,380,13.647595
octavi_6042,untested-public,task070,c09e95105072fd97b2106ecebc5fdb42c86bd41e9994b310781aa321351ec9d5,11844,71,13.900501
octavi_6042,untested-public,task071,2d696d39af281a3a0ca1582e413672e8ef38ef9f06d584f19844a45a6e2aa4a2,12082,49,13.226404
octavi_6042,untested-public,task072,188545c2133e8f311a556d754e465f755bfe94c8c5afb0495df211beb64cec49,1625,9,17.341772
octavi_6042,untested-public,task073,c974fda7fe3001de4bd2200b9065826ac44cf359fcb1949954b82f28411b5b63,3825,1,18.186555
octavi_6042,untested-public,task074,8194b1eba8a395566d686766b74869219cdfdaec5105dbad5f36b6ef32435be8,1824,18,15.009189
octavi_6042,untested-public,task075,e42e990b0d7538c360b7ec46a58a74ddd4c3f1dd5db79365dd85700a10e25015,7736,46,14.128218
octavi_6042,untested-public,task076,b4407303acf9c1e5f20cfa3fd883aeb90b14ae0fb233d68ecbaf4620c0bc88fb,948872,220,10.340899
octavi_6042,untested-public,task077,e9ba6003d604dc8eabe4c1293832b222739a2738c2838b1512ae380d87d398bb,9860,72,12.832912
octavi_6042,untested-public,task078,1f42d518b8bed0679fb0978abe48fb184ffa7bd3bff6e10ee8bf6312e0d5faba,2588,22,15.335023
octavi_6042,untested-public,task079,60ad44e5b208b22c2d4a93f322baf5362bf4a0b2cec7283e9db31f1de40a9346,2695,20,14.875251
octavi_6042,untested-public,task080,da97f63843845f687d92854fc2b1b0498fc0cb2543e1e41022a77c4b3933deab,18484,93,13.047885
octavi_6042,untested-public,task081,118dc8373587509f07d12aec64778af91edff7253f80e273a30e5863c7b8c91b,3749,35,17.256297
octavi_6042,untested-public,task082,f5185afcc7d53962b11373341617929555563572d95dba938af0c9e973fee1a1,2282,18,14.347009
octavi_6042,untested-public,task083,3526144719574eafa02b2d1fa33a4be836ec96c267520ddd982697e447b8bc98,7454,1,17.504458
octavi_6042,untested-public,task084,ea383f3e12ab2a1d044f76364f30ec7e5febee3a710613e32791af72e77f10d9,1127799,257,9.714828
octavi_6042,untested-public,task085,0cf2b40dcd4fe9bb85de2e251fdca74496734e7c804425012cb1c1110d27505c,2547,20,13.363283
octavi_6042,untested-public,task086,ecd1d0f46753cac80ded0b43582907009763dc5ec56a57e2b0f2f35cb332e53d,4727,41,14.494576
octavi_6042,untested-public,task087,4e9d18bfbd60be2b9135e2cc459588db6a40bb878e5e16dd89651e3c3eb1cfea,474,2,19.070411
octavi_6042,untested-public,task088,3d5e5840dfdc9ebffa4cf4bf83a4bfe2d30edac84b88ab71ed3a6686d3987ec3,14980,58,13.468469
octavi_6042,untested-public,task089,0a479a40d999937f174a12134d5f78bb97ea8a6c108f09e8f44398fe6cbbcd40,17792,181,14.179382
octavi_6042,untested-public,task090,8032717a5846db3d60ae06a4fa0ff8af92327fd6b6102d39eff9ae246e44816a,19660,246,13.943507
octavi_6042,untested-public,task091,6c44a2a529dcac845b02796c463d82b35c8cc360fc72fc096564f3beeef63a30,4627,43,14.150760
octavi_6042,untested-public,task092,31e6aa2df4e75b2376481ad479c8d107cebe1f6701ab925ab0272b482eb2f1a1,4299,42,13.071487
octavi_6042,untested-public,task093,e59ad71279c74a41dc1674363538a2554d77c37871cae4131daf5319e2a92abf,5415,49,14.234150
octavi_6042,untested-public,task094,1183a85e05f31b324f96f1ea2bc76659614d9e3e496af6fc026bf70716b2cee9,3767,35,14.217924
octavi_6042,untested-public,task095,eca4d38cd8606a930a722084789b856626fff5d4938c02546296c7f3cca109cf,3950,1,18.186555
octavi_6042,untested-public,task096,4ec21c61456f9c3f3be6c0b20aeec14ab1cdcad237426c7c44fb256d35d77703,64252,480,11.918302
octavi_6042,untested-public,task097,f0d0ab9a04954377879cace70b48610fc891b8e6d5d68ee0d372dd78fe3f2268,2494,11,13.853482
octavi_6042,untested-public,task098,8fff41bf99869a80261fa1ec8461431ffa90e7a616d10c1582642af88b241cde,3836,1,18.186555
octavi_6042,untested-public,task099,1e320d88cf0eac19c3c20b9c005a4be28ac50d4bf0a39015404f9deb22a0c31e,19839,1,16.500971
octavi_6042,untested-public,task100,c815d3a42090024e57143982ac6320779019d7524c630a2c9f175975e6254567,4954,28,16.135536
octavi_6042,untested-public,task101,5add58b8bc1d0b54e19ac2a7ba0dbc9eea3fd8d8e3f32405ad36b69f8c376d87,39301,206,10.951880
octavi_6042,untested-public,task102,dd69f7cd8bc2d432b0b3d6b3b203acc186d9c66e559fc13f5bb370ada17acede,22167,149,14.292473
octavi_6042,untested-public,task103,a435ed4772dd20318e7b75afa8fff92d3767167fc6100cb5e69d673cd782ac5b,1669,11,19.372379
octavi_6042,untested-public,task104,33a343ec43a261d2e8d551e9e29fea0ff5d46927927aad4c34f9797225cd0556,6350,20,16.238763
octavi_6042,untested-public,task105,87b8eaf3ff5a294ef03d408dd6cbe46010df8557a3d774b1e98c171c7f5afe4a,35291,50,14.155880
octavi_6042,untested-public,task106,9b54191da37371effdb80aaca05a4cddbabc19d25cbc1ebceae1d85a897c6698,2939,13,17.940382
octavi_6042,untested-public,task107,486d43b947a10c096cd5abb2121faf5664c1d92f9d0196957cff677676caa5cf,31191,52,13.799992
octavi_6042,untested-public,task108,825c078fdd5cf248ddfcf1d91c57c125e6e2213304022e67810f2d3aaee2922c,7454,1,17.504458
octavi_6042,untested-public,task109,b743a1e192a39c2d75aaf83cb75d56b809c2988910d9340cb23a699063ea121c,5491,39,13.539347
octavi_6042,untested-public,task110,3c6a969967d00d5933bfc76224740332ab35c72aaf1647b7a2ff532e3c71cf91,21494,163,13.329165
octavi_6042,untested-public,task111,294fe9b217bc48010d14839504c2d05f18c01b58a15ebe4d22e87994c1923f81,1457,10,16.581081
octavi_6042,untested-public,task112,1d441249f879b3f5928f749a2a438d0692e24020136550558befd15da00654c1,3987,44,14.002076
octavi_6042,untested-public,task113,356a5f1e2200cf2560f6c836ce7d21eca6b6cad9e68015c2ae31639613ef9b09,499,1,21.598803
octavi_6042,untested-public,task114,7d1973d605273db25b979fc20a63bacd338098bf8f239bc90618b4b89dd1baa4,4719,26,17.865906
octavi_6042,untested-public,task115,fef642f35c49927e9440865ae0761f3f9ecb7d9bb8a03f2a5109e91a82deb620,5069,34,16.675906
octavi_6042,untested-public,task116,3f87aab73b8c538752ffb070a34dd07ef95ccba2d299bd7526da67fcf956e1e5,479,1,21.598803
octavi_6042,untested-public,task117,cc092c99c5d1ca90b9c8ad990776d8c91be3fefbca4ecf2e53e7e904602f636f,8262,74,15.169998
octavi_6042,untested-public,task118,1aaef29cf60045a9f72946d576d30f34d853fb2752c2ec6f613013baf6ebea34,160396,1163,10.416339
octavi_6042,untested-public,task119,afa30c6fc964d8a93392c6b8b9865d1ca2f73c682e977c50e35e0e3d800e9ab1,25915,165,14.224215
octavi_6042,untested-public,task120,13dafeb021b56dac928f38d32b4a0b841fcf481296ab752c9ac203fa425e1acc,3836,1,18.186555
octavi_6042,untested-public,task121,03880dc2a72d6781722a53ffad4b506867ebd9f9c0a7faae3760807eabe67856,3339,24,16.215838
octavi_6042,untested-public,task122,d932a3ac54fb54cc09d9cdbaab21ba4e9165ed9a6a8e01b9e0c49fb972269b75,10236,1,17.171962
octavi_6042,untested-public,task123,7a75e42172279efb638134db39ee0339cb6fe0d99590c0e86c1ad8f17ad3f8ab,8997,13,16.630379
octavi_6042,untested-public,task124,f5ddbec920cb586ce09ab817a1eac51a16a213e64d1c00be161cc1047e74bc63,4339,51,15.358722
octavi_6042,untested-public,task125,20f2c3e90cfb5afe5ac7e795a1cf906ce67453cb55deb5cbcc51275aea5fc7e8,3032,28,15.495722
octavi_6042,untested-public,task126,b86dafbc68af0e5b698f0241dd534874e44ffd9dfca8bac7b89280a3534f3824,2765,29,13.636840
octavi_6042,untested-public,task127,81f551a5b779e861ce371fdc4697595db753242954a60c50a3ac8e3108937d97,3772,1,18.197605
octavi_6042,untested-public,task128,5224331b88562c8c5864a82ed28442ed1a8c17321e5852eb0c193b0a8eabe7e5,3365,28,13.537926
octavi_6042,untested-public,task129,b4bf8972683a55cdebeaeec284f506da67cdbf34f151d3dd78331b9294b9be0a,1196,7,18.222353
octavi_6042,untested-public,task130,129e8e94901df68286dc85134b4be5ba1daa1437df26f1eb430b9272e7f77471,1293,10,15.322911
octavi_6042,untested-public,task131,d0d26239641dc4c3252e3188ae42690c167800d860ffa9b75d9165a9aec0c31d,12030,100,13.949586
octavi_6042,untested-public,task132,8e5ad5fe50f8836d322e025383ef96da6495a2be15418b5a9977f057f895f669,3762,36,14.392475
octavi_6042,untested-public,task133,68e935d47ff7110c296807cc69b18b2efbc09be9b69b5f9ed14c010b2ea21c94,783434,368,8.949686
octavi_6042,untested-public,task134,d2d0cfea388f5f59b5c0ed3e15c26ceb745abfdb2537457be6932faef6736343,7220,68,15.259208
octavi_6042,untested-public,task135,a5ba0a9dc839a73fc24585aab0bb1e97cccd5531fb28b98b77e91a17e7701ecc,381,2,19.097367
octavi_6042,untested-public,task136,81a30d213d1a7c144a36c14c0b417c48420d2861e5364eb2971ebf9f1a215ef5,4980,31,15.178102
octavi_6042,untested-public,task137,ef031cef24d9c3cbefd960f1b4194426dfaca31af36b0b1f7efef5d288784706,3864,36,13.808906
octavi_6042,untested-public,task138,955dbb96bc55cace778678f56c5bd88133614ec7110a51346c1a0dc4a1db6f1b,11562,143,12.804160
octavi_6042,untested-public,task139,e3e6133e136fc342560390d22bb08861dc290ef6c9f64e8854070984d4a5946f,3865,33,16.803012
octavi_6042,untested-public,task140,4e9d18bfbd60be2b9135e2cc459588db6a40bb878e5e16dd89651e3c3eb1cfea,474,2,19.070411
octavi_6042,untested-public,task141,419409ee1ef9989b22aaba718cfe107b9d915bb476e1f4edee982507a294cede,2345,21,15.331033
octavi_6042,untested-public,task142,b525fbe662a950ccba343052e36da4678bbd57b9039d4f6c5a15f3c0a16fd54a,7454,1,17.504458
octavi_6042,untested-public,task143,a7806b205f75c1a19ea4f0096b31a078910e7c8146b42996f8e3107b639d23a4,2690,21,14.960017
octavi_6042,untested-public,task144,e615d869e7b75b731a1e7c794f3e098932d43c523a514fc2aac85938a76e1624,1639,11,17.856382
octavi_6042,untested-public,task145,22681d1e38fd9b4a50619a4900134ac568081a0007d313598a2d4a001a12a65b,31434,325,13.796907
octavi_6042,untested-public,task146,e294a9296c290048735ad209f43939c60267c1d6270b6c1484efe91b1a6ca417,1931,29,17.277765
octavi_6042,untested-public,task147,e65dc2d49c2dd32775575699e73cb1ad0aca1fcca0a87fcec26127b52f631670,3825,1,18.186555
octavi_6042,untested-public,task148,83bc09dcaea8524df3a4528943965a79d9f6165f72790b1291c63eb4f5449483,10573,107,14.515722
octavi_6042,untested-public,task149,3137da6fb944a3bb6e03884efc695345a045254de6a366510505b2221d175600,1404,13,16.455386
octavi_6042,untested-public,task150,f71f8f27cc25e1aa6973389c92e271a78520e281b04a1e91e6b1c5ca1fbf4d48,1320,12,16.550229
octavi_6042,untested-public,task151,5cde735eb19c85dcdb2899bbfbebf957214f3c4a0c1820cb4b3ad058cccdc80e,2352,20,14.951330
octavi_6042,untested-public,task152,b525fbe662a950ccba343052e36da4678bbd57b9039d4f6c5a15f3c0a16fd54a,7454,1,17.504458
octavi_6042,untested-public,task153,b2307be1bc7eb9a0e15efefc5438f1cda22102d49135eeb5bf029b59db2730bf,862351,14744,10.813646
octavi_6042,untested-public,task154,66ed2e989741caccf6050c686c1b3ccead07520b29e41387dd38162f414f88d3,7650,43,13.783461
octavi_6042,untested-public,task155,deefab612fe92962cbb070e4b212123e526e9b065367d8102e8f6e4eb21167f6,1347,12,16.550016
octavi_6042,untested-public,task156,a2199d5eb0ddac7b8e6a9033237344fd4a49b753468f540a858bc71477d10422,7856,65,14.012980
octavi_6042,untested-public,task157,8de07e25cad3bdc5d73b8f953328c5e49784eb81e63eef116156e8d761d82fb5,857911,433,9.142168
octavi_6042,untested-public,task158,51250d4659b6adf3ed9033dc91aecebc13a0f64c0c1d3305da4d3955b4bf1d33,95337,822,9.302832
octavi_6042,untested-public,task159,93239bd39db8bb07ffc4f354ca7b43656c78ca03e18c9ca72a30ccb093e2eb5a,12966,57,13.597995
octavi_6042,untested-public,task160,9a5ca01cfdb71205d7886901a06b8e606aae15f8772a4704eb269d4e8192dc26,2362,18,15.453545
octavi_6042,untested-public,task161,33351d8f1ca150a9d7b225d7ab8e9e8f60171b01fac54fdcb143882ed0fec502,6008,51,13.174397
octavi_6042,untested-public,task162,29467827e023a09da29f2c6bcf10d77d7bff035e613d5615f27d623e6f2f3224,2268,19,13.944502
octavi_6042,untested-public,task163,3eb225bad21f34daca455495c894a722c9727d52301e14c4051410d35d644a91,13875,66,14.537497
octavi_6042,untested-public,task164,250771b94d3db4658d4ac04e3bd9a0740f2af0f3aba0bb9b5df4d6181bb470d4,479,1,21.598803
octavi_6042,untested-public,task165,84191da6721ff334125fd7fa8616eb9122ba801b8e467d4f0bac42cdd367fab2,4910,25,13.879762
octavi_6042,untested-public,task166,bb71f3b3d956f668ce203feb385d0a702c31c6bd17cc17e213e3889db57d510e,1628,10,14.569981
octavi_6042,untested-public,task167,7205b15363f53274f9987b481f736b594008071406a8a8644556e6d42336b88b,2375,8,18.294361
octavi_6042,untested-public,task168,10661d21c26bf5ff68d448b007b0212c34cb45503fb906d999fa4a13c3626ac4,7297,44,14.628981
octavi_6042,untested-public,task169,5deeade9207e54562ae10adac28158f0049087357abb124dee01d6d54f76463d,23816,179,14.022483
octavi_6042,untested-public,task170,9f919ea1d3fae6c43dfb70c30fe5ce04e453a44324f39755cb00850f150578bb,64849,681,13.683941
octavi_6042,untested-public,task171,c0dccfce69e87e53b68a617cc0ce6da5c9659180ce2acc2a46007c9915c524cb,3825,1,18.186555
octavi_6042,untested-public,task172,aa923630b6479cf1a1f5e7b7bfe2e4947e1c8ba8edba4f31d250b0b2f0c98dde,479,1,21.598803
octavi_6042,untested-public,task173,a0299600440d0a79709022f1953af8a56eda11e1855cebe4f865b5a0de0e5a2d,10108,69,12.891033
octavi_6042,untested-public,task174,a6f543067be128376f67b828b67c2b02a893fd3d4b5341054c090b91d89ec12d,61839,790,14.120087
octavi_6042,untested-public,task175,122ea790475d4eff4e80ecb7e852b399bc96924472e212c8019c1c4161c11baa,12412,22,13.348835
octavi_6042,untested-public,task176,757c42a63bdd123372b7b8ac3de694e64df328a279914d385e15c5746b274cb9,1420,6,15.818059
octavi_6042,untested-public,task177,cdcbf832519bece9b4bc7966b23d1dba298385f8a602e49475b595b22b33b001,4180,37,13.778698
octavi_6042,untested-public,task178,2efa4e0be0f029b9cfc6cd8f58f215c38a5b6839ceed8e44d6c0ee2c39d579ab,11303,123,14.407499
octavi_6042,untested-public,task179,bde695a21a93b9e2084a9b7e8a8bee5f2cdc694baa71a12d1c34ae921a89cb87,170,1,25.000000
octavi_6042,untested-public,task180,2de5119963dd1a2c303ea79c0f562f2040d904a9a254cb3fe450ae080279da87,4414,5,15.910924
octavi_6042,untested-public,task181,d5e423513a6d975dcf970b7fa00306491312801ed8b9c3232bddaa05e5217ae9,3083,21,17.914936
octavi_6042,untested-public,task182,dcdd8e87825de820e1c2c5ded8e53bb19ca19fc6e1d104df3c6894630ad00ab4,70465,522,11.452178
octavi_6042,untested-public,task183,304fd9d6c78ea14e6b21f5a8929aec65dc8582e0ed5300bcfe6c020cd031d4c2,4645,55,14.878261
octavi_6042,untested-public,task184,d104af166e5c9363a02c3f7e6ed8251c41e1d392701919524a25fceb6aeb384c,6934,51,14.147484
octavi_6042,untested-public,task185,758a09feff24e05f872299153e3728ba75bd0bbd8c3b14ae20c5e6b4faef7df4,18881,242,13.763645
octavi_6042,untested-public,task186,e08e25bcc7a87cfdcb14c47188efdde385ff6605c966217b934a67aa0589a797,2418,6,18.317891
octavi_6042,untested-public,task187,2975071ab48a9883483483822c3d24affcd8bb30d824d97f87c1af47cc9bafff,8852,87,13.409993
octavi_6042,untested-public,task188,b48429ec56843515f15fb784b0246488517e52cca244ecee0a432bfdacfcdec0,4356,41,15.692533
octavi_6042,untested-public,task189,fc979831b169f556d8d807bbdbd1958adeadff21a63e0ae51d203717a20273ed,8560,86,14.256239
octavi_6042,untested-public,task190,0a31ba38881a6fc4af83224d1aa59f0a876aea5808f55f95707b8c5975ac4c06,8781,63,15.675974
octavi_6042,untested-public,task191,4d77a29082ddd2a87611677908e591e19a445a1b7648b4c5d17e6de5f96acc48,132233,1037,11.527907
octavi_6042,untested-public,task192,b33d9d2c7a44e0ccefa26f20c6eb211ff45cdba6b7ca7a38c8fd674ddc5062b7,2511,21,14.093402
octavi_6042,untested-public,task193,1184ed012012ee9bc87677fea86382acea9bc6b8979f087a5b3500492d6138dd,1925,14,14.109558
octavi_6042,untested-public,task194,5a188032e9933c63bea9816c0846001d769eb356d00653af9e5e766ff62bb53b,7454,1,17.504458
octavi_6042,untested-public,task195,ba4b722b42ea9bdbffbe4fcf38c90d387045eee91e245e77f502c246c158e0dd,5381,33,15.436963
octavi_6042,untested-public,task196,88e7b78d4c040a3e5555fce0c21fc2f7d85b4493a83e388036fd089f020c5ef3,3457,30,14.299185
octavi_6042,untested-public,task197,6f310a26322f51f58ad753217ad0cb07be255666584e0b9f608d8c96e911259b,1758,17,13.912793
octavi_6042,untested-public,task198,a1cd099e3d965fb4506eded8d4bde77ea202357df70e9212b36911ca002c8cb1,6979,51,13.449576
octavi_6042,untested-public,task199,7f8ae82add1995ce631f2596ebf18e50b694cb8ec8d56a776cb6b1f393d891fa,2948,22,15.309891
octavi_6042,untested-public,task200,482115bfb18db4522a170dd8ba33c36168e9a736e30503cc563848f1bf553809,797905,91,10.326315
octavi_6042,untested-public,task201,45f10ca88d12df7175c80895aca63ccdf595c12c3c580a4581c0a70fa6eb8d06,10924,135,13.554497
octavi_6042,untested-public,task202,548ea01a96ba723d596f57386963dc208eac1c74ee9c8ad978597704d8065f5d,3582,31,13.258188
octavi_6042,untested-public,task203,934167d7108d311321e5ae31de256c5ed18dd19290cc3cea7456337d8f1a1d04,6437,36,13.602194
octavi_6042,untested-public,task204,cad963a824115329ec273056b603c55f1c9362d1742f9eb11a785ab514697b7e,5801,71,12.359395
octavi_6042,untested-public,task205,2ae3d15fa32ae7527a877d4a78e84590b2f5eb083cffb480c1bb4e65ec727478,48510,671,12.284352
octavi_6042,untested-public,task206,a9a48933d73ab0ca96c39812eaf2d7cc02be75d240f640166a9e5b4a88f1a1ea,20303,224,13.895344
octavi_6042,untested-public,task207,8cb6ddf4039b0c5d6313a9f40608f99cdbba78cd975fd42f6f501a67c8a3c933,2330,21,17.222207
octavi_6042,untested-public,task208,5d341124008dfd310bc5a123793ff6f9beaeead1fd98692f86f798a8f1e3f4a1,15885,196,13.566031
octavi_6042,untested-public,task209,340e1292efff94ea0798fef8c2d68aea529579aaea63bcf5ee0ed1b6a995152f,1294052,4286,10.110661
octavi_6042,untested-public,task210,aa923630b6479cf1a1f5e7b7bfe2e4947e1c8ba8edba4f31d250b0b2f0c98dde,479,1,21.598803
octavi_6042,untested-public,task211,3c58a51ab06ee25bf3c54539284f6def4bc6e10c364246d45f5533df0905fd17,7454,1,17.504458
octavi_6042,untested-public,task212,e0311574c6c6586444723f216d16eb35cfad0522511fec1fda4498c410113b3d,6853,50,15.309025
octavi_6042,untested-public,task213,bea0e13014694681f4277e3fb242b16729cd609cd076e31b8eba6201f2c78841,25091,385,14.132022
octavi_6042,untested-public,task214,476030b9c3c916862c896b22ae9f1ee46d6bedd703bd39deeb4fe1a9a7cf6c54,7454,1,17.504458
octavi_6042,untested-public,task215,a823981941d8f498cb8e0826b2e4700d851544d06b11b1f732d9b1411edcd3de,4015,38,14.181362
octavi_6042,untested-public,task216,8fd3706d25161ac61f40c1adb00c1cdd8f4803d8b4229bc361b0bc2d6efe0000,20396,286,13.443900
octavi_6042,untested-public,task217,58f2ed503258d9c007e4e93b086250cd0e66b2871fbc7602a1fa7d6869dadd1e,7268,34,13.747647
octavi_6042,untested-public,task218,14bb6c5e5fa3712e4f556142985fa03de40ba2accd475bb596ee538d3c10c60e,9594,137,14.948006
octavi_6042,untested-public,task219,f042340d7b269af4b35437a41d3094074b91fd8778477f3b3fcd20966a535f12,87016,532,8.421777
octavi_6042,untested-public,task220,924ca3ff6b3c2190ebdd92b73e0c33ac441a7e64b5924bb34b2faa596a40dd55,3798,1,18.197605
octavi_6042,untested-public,task221,fc40a9c864b222aaeab1d16ab69b17f524fd95dc657baa701b144f4288e5bcb5,13333,28,14.069235
octavi_6042,untested-public,task222,f82b35de1de8377a5dd17f94de623872a1021443ff972be6e0765c6d21c5595a,2578,21,14.031198
octavi_6042,untested-public,task223,51cd95a032c661ce28fa653ad0e727fb33cf6a709a5747e02a8ab323190ae968,7454,1,17.504458
octavi_6042,untested-public,task224,1618c4868a39993d5318e610ce888f4b46394aa114feb2e20618a9034a6e1e50,6314,54,13.843921
octavi_6042,untested-public,task225,feb56d8f1c720012318ee348511e98aaff19c284a140f7de45fa6c3503d713ae,5386,31,15.148227
octavi_6042,untested-public,task226,011547c7c4fba33dd6a9bb00f3695fe5d493c03cb376a25175f0e57b4934af4c,4694,37,15.874455
octavi_6042,untested-public,task227,cf6f7c36c8f667cf326367ed494b71cee047311e9c84a08efac3bd0f846d0363,1435,12,16.838625
octavi_6042,untested-public,task228,b10ad9d1da09a0132a90affd556d138ae9c203e734709b8b4c64054e52e480c6,4406,59,14.373952
octavi_6042,untested-public,task229,a3200ca8c2d6a3398ab0c6b8816f2846845377b8b542e3e5ce44e3493e76b6fa,1735,13,17.386675
octavi_6042,untested-public,task230,1444325f9990947c4e2b6bd66f2ce611d8efc4be97b595c4bf2ad63e9e166ad0,3798,1,18.197605
octavi_6042,untested-public,task231,6c022eb9496c0144963923d81b389ed748d24bf4115e6d8ce753bd1bb58ea3f9,3468,42,14.347741
octavi_6042,untested-public,task232,cb69a041f629158a4782d801f36c826d6e76433fe59846f726270dac46923946,2435,27,14.367009
octavi_6042,untested-public,task233,d57b97c53297581dcadf8b70a33772359ac0efb695e59e6ee87fee43f80fb10a,938774,1372,9.595733
octavi_6042,untested-public,task234,f1bed9c14a107314718a6a2c2d272373b791ed46a99cd3e21b405ee8bee98776,8333,96,13.151045
octavi_6042,untested-public,task235,a1bf6e5bb8b79a4f92a3fc58a545e6df73dbaf0282e6e379a533855766a06f8c,3931,32,17.430588
octavi_6042,untested-public,task236,7f166f01eb2cf5e98be10a109467f99606fa9e5b533bf2bf8f34a298dad06666,1511,9,17.962972
octavi_6042,untested-public,task237,6be29b90d62d7a882838b1f290182dcfab7283351c790750f5018e02cda045cc,2237,23,15.003204
octavi_6042,untested-public,task238,3208dbc8cec5a6a6874fb45bdf74920c0447b6b2745454a2ca76efdd5aa83d45,11927,102,13.927566
octavi_6042,untested-public,task239,2abd421624d88b12e8a63904b214d06678543cf0231b040cc10fec704aac503f,4143,33,13.525015
octavi_6042,untested-public,task240,faa91380b9775a3eed48bdcfe401ad8e5d1b5e2dc62a2dcb17feeafe00f6a1ce,3953,28,13.893630
octavi_6042,untested-public,task241,bde695a21a93b9e2084a9b7e8a8bee5f2cdc694baa71a12d1c34ae921a89cb87,170,1,25.000000
octavi_6042,untested-public,task242,d7384fd7ba8ec4129d2616b9748fc5716d95db369aebf7d01b274b6d16dd0517,2031,16,14.896433
octavi_6042,untested-public,task243,2488c352a6479e927453d94fefed4212acac709e240b31742af8b4f4dbcf3299,23604,437,10.967016
octavi_6042,untested-public,task244,c6ea97ebaf15343165f200b1115282ed7736fc6b68fca0f3771d0f67cb4304e5,6538,66,14.607197
octavi_6042,untested-public,task245,d04e7eade65728852787ce1f17fd87271f8553f9adab1f0859000bf44a750b54,6141,47,13.600680
octavi_6042,untested-public,task246,379b5a73e3dee6f56eedab3ab0bd0ed8414179c6e7ae1edd0a948060d6401309,3824,31,15.497662
octavi_6042,untested-public,task247,19562cb18f62167e2ce8c355377d9b1a3136c17fb7116b8c9110b15d4734e4dc,2056,25,14.993279
octavi_6042,untested-public,task248,1cc5ba184903e8307ed5ba4d36263e3487d7beec6142f401fc6d0424e70f1e18,2328,23,16.120945
octavi_6042,untested-public,task249,a59e4c09e5d3e602f7ca21839c22449d6075728887f1641219db927833c1f7e2,2901,17,15.462300
octavi_6042,untested-public,task250,db7b6112f672f2a70588e91f451c893bc7b1ecec188c8c984be8cff297851bfb,13543,127,15.280375
octavi_6042,untested-public,task251,054a1310978ea762a181de2ac68b1c10e5d9e706e70a593b68af3d1f26ff74b3,6906,53,13.472393
octavi_6042,untested-public,task252,20bbdff14100a78ff5ba0ae2d08e7e82af19b2832308a8a739256b3f3416c6a7,4879,27,14.401218
octavi_6042,untested-public,task253,2538ea53b1aad1e6365055ee14f48dccb49ef632cce416086075b33d42366bad,3510,17,14.215455
octavi_6042,untested-public,task254,a723230701ba601d3d39bcceb6c41545ed7dcecec7d640d794a6d298303c6654,6052,39,15.865030
octavi_6042,untested-public,task255,58b21c8abf7dcaace19d54b3bde4968ae7c351b29ec0b4cb36b910f03be3a0af,106804,851,7.414992
octavi_6042,untested-public,task256,d0cabd95c8b29764920aaddbda780fb79edd4934fd0149ae2f4085d6a62e5025,8793,38,14.816270
octavi_6042,untested-public,task257,1ba5d2b1f3d209e5deac17cc33773a38e6e8595872daef742a965a2ebd3fb42a,1669,16,17.629140
octavi_6042,untested-public,task258,e5948973e4d14232b7cb957f26c0487779f6c8b9e06e32151b75a5a21ad5e5db,3836,1,18.186555
octavi_6042,untested-public,task259,27456ae69408af22c00268a792cbad0f23c2f425a2c4e88336920536b67e0cea,3882,30,16.162900
octavi_6042,untested-public,task260,21c776e8235ed69d82386e0937fe02a8389a6b09a67bf7b25cd35601008d0ac1,3320,26,15.377285
octavi_6042,untested-public,task261,6104690685d52f02ca149095658b51c2d448d252f763922efdb0fd69749b630f,995,1,19.701683
octavi_6042,untested-public,task262,c4714ec84de4fa51ba3751b69dbf34ecf5bdaeb8026531c6a3a6a7fc3e22e9d9,1329,8,16.086315
octavi_6042,untested-public,task263,1b8a040360232f6944fa110231b6a00266523ac9e4cb025a05f8dc5fdbd23da1,10867,140,15.981062
octavi_6042,untested-public,task264,01ac406f30f0ffced1625ed8050b91086a8967573523be0ac1583a6eef0e4dbb,10074,115,13.154639
octavi_6042,untested-public,task265,e44b248f5902d3d38b34e32679474cc70b8ee0d23a58ae93c6e8658e0375fc5d,3110,32,14.408076
octavi_6042,untested-public,task266,491258de81aba00b6aa06f223356e30346665751690278693288e858450c8563,3825,1,18.186555
octavi_6042,untested-public,task267,113d59485d86985da7c1868b94bb67ea6a875028052ec201a4caadfae6090112,1624,9,17.718614
octavi_6042,untested-public,task268,0eaf42695ba70b84bba537b2bdc0424a1e075d68e473c6c823414474dde4258f,19789,169,14.878381
octavi_6042,untested-public,task269,e4547b23d6bbfd6c875df4ade60468159cc1858d2504b6f84c083df9f49080e5,3349,29,15.407122
octavi_6042,untested-public,task270,de4452f5ceb78efb5ed81c15ccd96957c4aebe7e91c0419c5f82fd254e1c63f3,10862,56,14.235417
octavi_6042,untested-public,task271,1d303e94d417fc4786c4e80dee5be764e57f981905d0bf8f5e5fdf48595b19ed,1993,22,14.725259
octavi_6042,untested-public,task272,bb44a1717b5f9b6f1cd8f6bdd32aa6a40d88b17db3e200a8cb6f7806bb2c658d,3825,1,18.186555
octavi_6042,untested-public,task273,ef481d8f02832385edb2ae3838215e1c01c80ebc407639a5d04a17ab09227a4e,2414,22,16.294338
octavi_6042,untested-public,task274,16c49e95823e84f06ed23b008793cf2734b79a98dc2eec7948735d763d5ec465,3619,16,15.921935
octavi_6042,untested-public,task275,b05c9d902d60b5e03aa3436e187c874a4948bffc12b2ce6c86fd8ed957970680,24193,253,13.662810
octavi_6042,untested-public,task276,2a3e881ae92099c36f1955bdf96ca1e9f77a4ef3d1d3eb58c63eccc80a655c7e,217,1,22.697415
octavi_6042,untested-public,task277,4ba10094ab644bd00a43848daa3b3e1e84dcbc3bcdaf9f967e3ab47aa7866295,7325,56,13.300910
octavi_6042,untested-public,task278,33724e4205ac1b5cd67dff8fb471583b1e478ffda0887f7ddde257b2b5fed045,3294,14,14.414249
octavi_6042,untested-public,task279,0cc3ec0ebbbf1322a18ede62c2d99f42f05048f3ac7f437ea5234eea0b28c4db,4658,41,14.171024
octavi_6042,untested-public,task280,82b670978372ce1c23e03297fac4c9a8b660a0ab794420b6151459faffdbd466,16655,138,13.156003
octavi_6042,untested-public,task281,ca2a1537dd3fbe42f2138c372b482af55ba9bacf05230c700a13f8ac7caf45df,7659,64,13.597168
octavi_6042,untested-public,task282,3b69ffb73c79f09e8523073931061610e74b3e0d32534378317960c9557acd0d,3798,1,18.197605
octavi_6042,untested-public,task283,b0e2a1e5a77dc63e5c2faa69d44120f7fe0e8773160760e68b7f5912591f4c60,3825,1,18.186555
octavi_6042,untested-public,task284,a6639b3a490354a06dabea1ba3e40cadff156bc3590372d54d12d7b22cc4b80f,30975,145,13.304486
octavi_6042,untested-public,task285,21bca96dfe13a8adec72ee5d3f8a8291a2745e31b1b580c541f4574622e8ea6c,42591,473,5.984811
octavi_6042,untested-public,task286,452c89917bd81728f5db1bd4efb133d57ea0ad7603343cb823fc1e7402cf8b6e,13714,168,12.965719
octavi_6042,untested-public,task287,597d6d8d9fb465183a384f7f4a71596b1a35c46163dc529eadb64646cf3c0ebd,1706,22,14.975756
octavi_6042,untested-public,task288,2ef01939d8fb465f7d079f337f55c77fe2c332eeb2f01b47e5759981f01b1175,7847,52,14.200567
octavi_6042,untested-public,task289,ddcdd8e5f14fe99b7c79bba1087ff0af80515de9b95497fc7d86edae3f7b4dc4,2883,26,14.634856
octavi_6042,untested-public,task290,4b741031cf43c0c6b363ab3c98f7017cd73aa098b5e38c15b5799f2fcc7eb008,42089,87,13.384049
octavi_6042,untested-public,task291,f97257c9bae5cbdf0614cf4f6d0aeda2c0db164b44f4861fc829c00eae636b67,6009,22,16.627370
octavi_6042,untested-public,task292,6c7d97812715e7fabefd85ae7cd7069c242c3fece1fced47e289ef103c53a575,1411,6,16.040046
octavi_6042,untested-public,task293,b05ff58c4666c1ec2d35a77dffb3d72b56acaf5e80f36e88f0162019592c30fa,9897,52,14.862033
octavi_6042,untested-public,task294,247179b0cb2fab9e792e9f91da564f6ee1f8d4059046fabd7bfd7e7d3d010cd9,3825,1,18.186555
octavi_6042,untested-public,task295,18acddbc84d5c34f0a238bc7700ab1ab9a2519dec5529953f3e4eeff4bd2a81a,2771,22,14.967767
octavi_6042,untested-public,task296,4306af04547e103c395a41f15f7829592897a368a36d02047b54c256c5e54b13,2843,10,16.677606
octavi_6042,untested-public,task297,84a915b108087e38d36525c2487e726db27d66f1355e7fefc1c86991d8540231,2778,31,15.683859
octavi_6042,untested-public,task298,5cb2c2997afb77da1e33a268d22b34b95cd5918413cf91668da1aa33f5b411b4,5059,31,14.958143
octavi_6042,untested-public,task299,dee7954386eec83e61b74e30694b2d391a4dc0610602a58dd1b37dcc92fb028b,1980,19,17.107174
octavi_6042,untested-public,task300,e81ff2bf51d9621b8df8ff754c0d4ff4270d17f336e625bedb5fba417a57b7e6,4688,43,13.741000
octavi_6042,untested-public,task301,c357cffb53af50fbb98afd92b23a775df240360879f6b64a5ffd04e72b6f341f,19240,48,13.626900
octavi_6042,untested-public,task302,fb204bc9f9d25c8f4c397f5e41b193f456dc99771a0ee1c9ece3c7000233bfa7,3609,33,14.730863
octavi_6042,untested-public,task303,f1388ccd300d0326ef77e32e80a1bdcb15c39bd24649153f5208eb8cc0962cc6,2084,8,13.701382
octavi_6042,untested-public,task304,da36b408e1af537d161fbb14dbba577380417c72233e4a1458970d507c43ae7d,2136,17,15.413006
octavi_6042,untested-public,task305,9f735899c445d2de0753685201dbbaa448ff1306c5f52d568270b4588d8e242d,1865,6,16.718023
octavi_6042,untested-public,task306,c582bc8db47af47753833747cdd64182a67cbb33077caf0099c0feedf81c0b41,4101,33,13.494673
octavi_6042,untested-public,task307,badc5326d1acd892c77212fc876a3f3192e5b67a9806ab111d1e9589eff70706,7454,1,17.504458
octavi_6042,untested-public,task308,4e29d8af281a2ed570ccd3f03a786e0e94f4a0cd651cb677e9955d522f712ae1,6118,59,14.148646
octavi_6042,untested-public,task309,c47b834e65872a11ec0cda3c8246948b8365f81f916610b49ed07267815733d9,217,1,22.697415
octavi_6042,untested-public,task310,8ba42d4bf0a654f913a7bee8772a22258fedd188475ce77c77e8bba0fee69bdb,5449,44,14.016845
octavi_6042,untested-public,task311,250771b94d3db4658d4ac04e3bd9a0740f2af0f3aba0bb9b5df4d6181bb470d4,479,1,21.598803
octavi_6042,untested-public,task312,5f8662413159b881c8dff97e5c51ca63270ea3b1609d0f333539af73166348ff,1202,8,15.791762
octavi_6042,untested-public,task313,53e2ab0be4c673d804678ddf2f3818527eef5ba1762619d1b41891c5c71ffc0c,39887,34,13.655115
octavi_6042,untested-public,task314,c5e30ef3e59d2973ed66b4202d3784913f7d6936ce28ce71437eb9d398cfc298,28414,218,15.616547
octavi_6042,untested-public,task315,1bf0b18c996602619e9fd51d9c5b13d00e57feaab87cc78fd43463a38ba05c04,1520,10,15.469099
octavi_6042,untested-public,task316,0b697272db5461192d00f8168c702d2dde635fe5bebc4fe3b7506a820ca9150f,5537,49,14.150469
octavi_6042,untested-public,task317,54ad9bc9831f0f3a781e65116809c2c60f3246bbdc84fc6c0fa8064fecb5d8c5,3798,1,18.197605
octavi_6042,untested-public,task318,8a6d9a5329cb6796da0fa92ad568b2b6d4486946f9e8ba759321818a4ca8144c,1569,10,17.908258
octavi_6042,untested-public,task319,51ba5eb63c445916889b9fac65b7285e003399d7186631daca6b659f9f3415a5,247340,2709,7.908638
octavi_6042,untested-public,task320,b5f9d264034aafc2780289baeb60a45e338fd6478233a720f13b79faa2d6b39f,2183,19,16.445511
octavi_6042,untested-public,task321,b563dc7797c6347f41ca4931e7495e5bf990351453842b3410e31e0fa5be47a6,2449,19,16.139643
octavi_6042,untested-public,task322,76d48cfa34d45cce83c65250f3ce4b0e19d13bf413c8518d3c002973eb0dacb5,1194,9,17.796594
octavi_6042,untested-public,task323,92f002adec5933084b386ff5c5883df9c0974a3b9405635e767a5aef4a6db8db,11252,57,14.172750
octavi_6042,untested-public,task324,7411cc76a9bf780cc62cb92374e5f883c9b70cbd3467b70215a8c5ccb2373346,30635,260,11.567972
octavi_6042,untested-public,task325,703958452270456b7d0aa9d4685a3bb4279c1a189050c3b1c4c5c0ef26767373,5072,39,14.330533
octavi_6042,untested-public,task326,b95776b4618ae80d707674425b68a1b903cfc9925a01d24b03b330ce97a9c421,388,2,19.888012
octavi_6042,untested-public,task327,c1e27b3e2516488d97fe6bc640b49553d912c7e6de9b4b9fadda8d8d305fa039,2235,17,15.428913
octavi_6042,untested-public,task328,5e577adeb141a5a522c273f891701d12837320df953707180471e62c0f45f621,16269,121,13.846066
octavi_6042,untested-public,task329,d74a675084da2fb504b608bab4f432a3093fad2bad9e29ecf0c3515cf01d07e3,2361,20,15.453616
octavi_6042,untested-public,task330,675442c846426a26e2d6628d2ecff7a4ce11e1c850e4f58075542b7b8be05c53,7543,22,13.964530
octavi_6042,untested-public,task331,159b7db4377d2a7d75a15aa8f84344e6d919741566944220da8f361aa1da572a,3836,1,18.186555
octavi_6042,untested-public,task332,48cd1db44af7add465a5ff82c5375d6f8cd8e9eb6d035f67f802fb51d24c5fdf,4135,29,15.644867
octavi_6042,untested-public,task333,056322558aa8fa4149af6ce9821d3273f0b403e4408e461963db3d70864f1adc,4379,55,14.877658
octavi_6042,untested-public,task334,7cf8e36e93bccf26226adc1d02671e72d48d747bc6fdd93ca0435a1baa2ceb85,2063,5,18.119616
octavi_6042,untested-public,task335,479e72a28e23e2cd127fc09a2faa9a3effb7be4d31b254cba8c612bfb4c5e640,3914,35,13.996401
octavi_6042,untested-public,task336,66605e39204e06dd97980e812e93d14e7dab3eb0d815b075ac29202827cc6a4e,5276,54,16.294503
octavi_6042,untested-public,task337,c276f5799bf0f2f77bbc0c31f5ed97472afbff9a946326286e229929029e2484,159,1,22.697415
octavi_6042,untested-public,task338,a0c8f68a0deeb8adc76de9646ca2fe36bf64b97ca0e5998a3f2a7d67abe70ca6,5846,38,14.244248
octavi_6042,untested-public,task339,e8be4c26edfb079da2c23ae2f0b4d5d89e4dbc9c4ef2dd065ae8f448193eec36,2038,12,18.112447
octavi_6042,untested-public,task340,ae9d3b10081fa4e93487ffe7567852135f45ec4342fdbd9a3ff936ee5f937c52,6593,71,13.836306
octavi_6042,untested-public,task341,c71ffbf3d469ff1f5ff08e06e8a0e63931c352df9bedb0eab43b2adbea21010c,11979,99,14.990307
octavi_6042,untested-public,task342,568532a57f0cc0277edc76b1421770305f1a68dd847468cc0cf3c8d021e03009,4815,38,15.499306
octavi_6042,untested-public,task343,df6df42dd51bc8bd68188dba44776eb25926c7dd542729c2dcda48b60fd156bd,7569,86,14.700054
octavi_6042,untested-public,task344,a23999c886c62393d115371628fbee6b6043de7a35bed72285639240d6def4fd,10236,1,17.171962
octavi_6042,untested-public,task345,a2280b92ae787f7017bb1ae28368cc578fe47293edbe98af935f4e7572d6087c,6721,30,14.153989
octavi_6042,untested-public,task346,11e08c307d334e0429612fd7a8873ecf53260f716ca9da99b6693e6d9b369548,2236,13,15.875435
octavi_6042,untested-public,task347,fed395462b49017236bd7c8efec1bf01bac6ab9d8aaab79388c4befd346d40cc,1369,10,17.440441
octavi_6042,untested-public,task348,a6dd8eb329ee1c4b5ee60a6985610b6685bad770c76a14d12eb9e9665303821e,3000,29,16.103412
octavi_6042,untested-public,task349,b57e802ae6c73cfabf1d34ffdd1313911001cb6a901862ec9c9346352bea0033,8755,89,13.103296
octavi_6042,untested-public,task350,0ca24c325e540a593cb73c128715599c58a4d7bdd9134503c6991423b2840001,2670,19,14.734338
octavi_6042,untested-public,task351,c17c4a24fd333fa82a77f43e4a5127d7eb81187a15ad4b7f8a1bb21664a5d49d,3049,25,14.532506
octavi_6042,untested-public,task352,f3b9bb985cfb0478df981c689aab9f22dc5bb177e02b6f3b6a3b330669eef601,1398,11,16.201243
octavi_6042,untested-public,task353,1639de1c1d4d3ee61a8454a02d3b5af4d359f13f2fb1c963687d4cd76b280a8b,3244,31,16.403811
octavi_6042,untested-public,task354,a4fcbcc1ef0fd8b1a7950c768d7a39b706052f1c2c56e6e41edbd73314bc6f98,4335,38,14.253416
octavi_6042,untested-public,task355,addfb7be1303c63d90f0a8826be7ab0eef88a10daab34df423f95eaec7e77059,4506,45,15.185781
octavi_6042,untested-public,task356,551900e26ac21ba20631069f1a4268e5b9992eabbfd9cde50643affea19fc2f0,2344,21,16.482407
octavi_6042,untested-public,task357,3d4c5d3ef46e8c9f15401243e101a1f27b9981a0b79e63fc1ea26fda02c8ea43,2328,23,16.120945
octavi_6042,untested-public,task358,50650df0548143121954ee03c9db4532be39a4a56b686e8bf4987af48b47c2cf,10944,132,13.355862
octavi_6042,untested-public,task359,5402e526d36f56006e6fe3438c6875e02057cade74e68784d892dc9c4510bdb1,3909,32,14.156974
octavi_6042,untested-public,task360,cbf7727157a80c28ac6fcc451f84b9049d33032b1ef3a0e2d1f894ae885bcc5d,1399,10,15.658982
octavi_6042,untested-public,task361,c72dcf2c6af6c480ffa12daaa617478f9be27c60a63ccfe186893b7c68f069ab,6930,61,15.263926
octavi_6042,untested-public,task362,948c36d60760728278e165c782624303a83fbd0475705cc005aabfeeca71a6d3,2814,26,15.356061
octavi_6042,untested-public,task363,b8bb005f95baf0f7f1187a369a57d564e14b956a7cd8fefaad5c607a51213fb3,170389,260,11.778800
octavi_6042,untested-public,task364,a3310d1fdc99d0e933254397520aedda3b4bf19eb9f13d79c923587bc649c0d3,10890,63,13.056130
octavi_6042,untested-public,task365,4b59416c3b2d144a96e2612d2d0f8683f7cc3d3e0e8bae9a32ded28375a3e128,17605,242,14.014639
octavi_6042,untested-public,task366,74e15e2bc6a9640fe229d9bc5648c4733797ba943051baafe2d2fc55d6ac03de,1269927,12512,7.083011
octavi_6042,untested-public,task367,ea3969fd6929edb7b1ccabe3db2c9f2ffc4b995aae190c1726b93016b6ce2f02,293653,694,10.576071
octavi_6042,untested-public,task368,adfad0a22cf1d32c9ccbab87c6233078e6282ef114061e9a8d631c80d4ea836a,14770,183,14.104984
octavi_6042,untested-public,task369,24921a929eecce8ddfb843425f57bf35451669b9f27ff197089bc2e6015e3b8b,4692,24,15.502303
octavi_6042,untested-public,task370,b4d467fbad3f58374b6befbee260b33db91eeab7315a61842d6c56e5021f8ff8,37248,316,12.186687
octavi_6042,untested-public,task371,4bc87a58a1a7aa1545317a2b449e5ce6834f7c6ea948bee7bb30d6354847e3b5,2475,21,14.880232
octavi_6042,untested-public,task372,8287976a56507f8fa1adddb31b7db71a31afc8b1966ef19d1d7f2775c85f696c,1328,10,15.477041
octavi_6042,untested-public,task373,e3ca2087cc04caad3b005d7dfc630796288768c44b0d1bc85e85f3494ba1be24,988,6,18.027394
octavi_6042,untested-public,task374,29c99ccb14d1600e97d7b8c3c292672fed67326cc713432a0fd26edcbd5c2182,16450,144,14.140290
octavi_6042,untested-public,task375,509686d607b3126316a284357799deb369829fe56865a1b05609fa3447c4c5d7,2214,19,15.372793
octavi_6042,untested-public,task376,4ecd8d4a9a3233fd394536f3d2b6e5e9a733eb4ad81f87a5112f8e0298563296,2344,26,14.339757
octavi_6042,untested-public,task377,9634d0c4c5f2d3616c292399129487757b13a675d7e4d66ee409a56adffdec77,19220,208,13.919690
octavi_6042,untested-public,task378,5cfb4ed375b262770e33cd356d40d8b9e1900d6a0a5d4f3575021b742dcefdbc,10496,95,13.926107
octavi_6042,untested-public,task379,0002ebca2333b2402894d90300cae16c7fa1dcf04c9df3bc98751db32899d9ed,10260,107,13.808644
octavi_6042,untested-public,task380,b23f227e055e494818df0587e34418a5054807bd258a80e00f9170bcedfd819c,531,3,18.397412
octavi_6042,untested-public,task381,b8fc48156a5e19d7ae27af2ed7d6954afdb5a598125bad096a3b6d726219de3e,5721,20,14.081699
octavi_6042,untested-public,task382,37a60fd4ab6d778b472b297a2057aa02fa992e9ba8bc0fa3e76a4bf2a65862ac,65997,322,12.307048
octavi_6042,untested-public,task383,19da36427e6ee74fe0cf46bc86c98b873576bc8e0c1302e4d8b61c04ded4f8d8,6805,57,13.224964
octavi_6042,untested-public,task384,57089beccc7a95bb03cb7bd0a9d6841faa06a32f84b126df9802e34c8b175e3b,4542,39,13.778082
octavi_6042,untested-public,task385,629a5673b6a8e745a4c5b1b5afcf3c5e7214f2fd7c54d7f5da27eb3e788ea5d1,175,1,21.598803
octavi_6042,untested-public,task386,de138b32b21fe35facfd4995972863055b13d2b794c18dced2522843483f024a,1471,12,17.121845
octavi_6042,untested-public,task387,dd35e456b2784f2ad0f89d84fff0f05e2498cbab1a1398612b5155b63431845b,89870,875,10.460747
octavi_6042,untested-public,task388,1ff8077147ab57a653e86c4389d3f5f467208ac76bab46c461bda7daf30d5d61,6368,48,15.272594
octavi_6042,untested-public,task389,5d19a4d137ddfa5d5e278378f5210bdd9ffd9225b6b7ca3cfb0a823a86ca0be9,1421,13,17.451444
octavi_6042,untested-public,task390,b35cfff252a2d3608ad005f521354f269c257ea36955aef72141d6d75f07f776,7851,41,14.615847
octavi_6042,untested-public,task391,1582c8e52095b42ea4800ff8753f6e9fcb62f2e7b65b1642a469835c6548bf80,2841,26,15.787562
octavi_6042,untested-public,task392,99e5d4969210371d7e389a389415ca7c8ecd3939643f90f1b27a3743a9056874,13503,49,14.173087
octavi_6042,untested-public,task393,2f236f0f741468312b3933de81bd4f1f7d36a96e624a1545d1986160d95c466a,2433,22,16.321879
octavi_6042,untested-public,task394,abf8dc65cf03456abf25b3a4b32685fe96d6021485788204f3593eae914f7a04,5312,78,16.528851
octavi_6042,untested-public,task395,72a72e6428f843b5c12ac4172aef1eaff9da1ce6a13e6252568aea13233c191e,1479,12,17.403608
octavi_6042,untested-public,task396,deecb12bf534491a8adbe29e9b1927ba002fffacc6253071aeeb6bef2ef188a4,148123,407,12.967995
octavi_6042,untested-public,task397,d6838f43238e0445f2c5c2e513eac4c47739950e777647e7dd7b476270eafd64,7101,77,14.713668
octavi_6042,untested-public,task398,5d6faac9d879be8dcfabbf8a25b82e0c62f0d41eb7d39aea7eb37e1fc447e023,8768,44,13.657827
octavi_6042,untested-public,task399,f8e72c2228ae91a54d38c5a7f101356edc42d906cda234321b13bfc87a5ff38f,1907,8,17.483023
octavi_6042,untested-public,task400,85a9828beec5f14034326e3d758cb7a93f61e66437df97f60e5b4a304af62110,3021,25,14.532535
haoranran_6100,untested-public,task001,0fa36f41592b9d78fb9dffa6f03ad41663311c7414ee3ee0ca9a0787ee7553aa,1433,12,16.624601
haoranran_6100,untested-public,task002,4c3205c0141934e8750b205f87c8622ebfd80d2fce3c665797e3b1dd39c1d0b5,15506,95,13.510415
haoranran_6100,untested-public,task003,f7b1e9c321fcb23c216feb2476ddc69b220eb381e49e0edca3208bd9a8373693,4167,39,15.786066
haoranran_6100,untested-public,task004,fc9ef5d39847fe678249f3dd2ef4701d2d49b2afb4c27c424b79b6f9967ca118,2522,4,14.084548
haoranran_6100,untested-public,task005,dd5681549124eb6d60c83f24b1bd80499fef4bcd62156e5b133ee6069e17f92e,10910,106,13.313214
haoranran_6100,untested-public,task006,730e2188defecad529681f66c74dcbe4bc3ea104d8fa752a6f1e719e3bf622bb,1364,10,17.440441
haoranran_6100,untested-public,task007,8e0308e58a7da64f203a04e83bc622cfe30b84e06cf914f0feb6c5d4238ced60,1603,13,15.869677
haoranran_6100,untested-public,task008,662af396ddc9ba7a33d3a0179ae26ef1ac06a69bc0c08ef6be718fa379001d10,7667,78,14.933331
haoranran_6100,untested-public,task009,2043f559e1ee947e2533c1ca00c25a699daed5b516d1bb4bf3515822ea52518d,30956,22,13.694825
haoranran_6100,untested-public,task010,a5dd47c7b1bf11a5f9b073d7147d66749b67169969a9eb7befc020d4dc21116f,6061,58,15.983002
haoranran_6100,untested-public,task011,3f64ad20a9feacc16ad2ce2296652dbc2fb5438e444a47af1f885a374cd43046,10170,52,13.898855
haoranran_6100,untested-public,task012,35326b3a2dcb8e024ed7dbf141f6b861694663c1339546fd0adb3ad8e2ff5e77,1948,15,15.448200
haoranran_6100,untested-public,task013,98f0942c7dbfaf541df9396cfbf3af4d1699a7f8bae9f96b9c4541f220eea98f,18384,91,13.331080
haoranran_6100,untested-public,task014,e28a3213b620d4176a84df374d4d3e0661472eef73860cc122acdc5cc4491c50,9683,46,13.760459
haoranran_6100,untested-public,task015,1bdf0a59883c98795d2d54262adc099a55470837e426c2ad60d49f27b069db45,3798,1,18.197605
haoranran_6100,untested-public,task016,fb83a8e988f586009bf17279b7aedb194e3492a8e6f357be6d5e9ed903615733,158,1,22.697415
haoranran_6100,untested-public,task017,4a7ffedcf19a4dc495a515c79b88ca30b9399af74abb9a375da3c3a778336340,8620,67,14.414477
haoranran_6100,untested-public,task018,c2e8e82b394406b4127ebd3b4e74460e0d34b69c8604a6ff6239f9a1608dd4f6,32157,219,11.323875
haoranran_6100,untested-public,task019,eecf7625da383cb85e5c0579fb3b8635767d444eff594d0b30dfd79b2d44ffb1,17887,35,13.165832
haoranran_6100,untested-public,task020,4abb72f71f86d299893dcb1ee3be5937bc57ae169a6d1c33af77157df2be6f0d,31378,245,13.590958
haoranran_6100,untested-public,task021,ad3a9c687f16064647945d87ed6dafabd97fd47d1996f7b05524117c9c9ea6c2,38201,214,13.823947
haoranran_6100,untested-public,task022,fbbcf7777e1f706b0899071564e37bdb5c8b7d7908efc4f47c971a3953e03d07,43895,363,14.287072
haoranran_6100,untested-public,task023,ef622078bd8c8defacc123a095e675192e57f75e2ad92f0c8e65b9e6ee7dcda2,20163,395,10.993439
haoranran_6100,untested-public,task024,f8a1d671c3118abe56700d79b82cd03b36acad2b03a5453a7790ca311b792d5d,3233,27,15.886171
haoranran_6100,untested-public,task025,a0187f4259427d7383d870d97a902fbce64bae7a9b3a582e4d1fbdea604b0154,7911,62,11.514324
haoranran_6100,untested-public,task026,55fef566fec33039e2cd8b0d9c807e31312de241a47ce0510f3f2add6aa3c844,1622,11,17.919974
haoranran_6100,untested-public,task027,cd99565e3aecbf39b54548dda245a23f47f986f704cadf8b4eb1103c2227d324,31135,22,14.063417
haoranran_6100,untested-public,task028,54411158e7a2309911394cbcf02fc6da8f0f7f0698d5b50cfa0c7787a98eea7f,2452,11,15.315291
haoranran_6100,untested-public,task029,25fd930dd65d6c39e3db30c12b581ca4e5dd8c8aea1ce2a272e893b8ea92fac5,13589,88,13.503438
haoranran_6100,untested-public,task030,76e48b2967fe619c83c5b215c89d8aee30008e2d7f263137f5af078b6135d592,9441,56,14.169341
haoranran_6100,untested-public,task031,b90c3fc6af40739352e474797fcd60c161bf6ecf6e4312dd7060ba0ff8383f7a,3417,26,15.164363
haoranran_6100,untested-public,task032,64d66eeaba95588367af53102ecf4fb2ceb4c93327b677f80f1a9591b342f6a5,2347,19,16.867000
haoranran_6100,untested-public,task033,60ab4cceeab38a8952d0157e862ec2f374a51c7d70c00bdecdf9833a703455b5,1510,16,14.081989
haoranran_6100,untested-public,task034,7400b12dcb940f16d35589b5657e932c80b9aa92e8aed8c1f41a38cdff070b08,11293,87,13.421324
haoranran_6100,untested-public,task035,642759a6cd0998d967d7e85356f0cf80fd0c469cf314344c5a9a6ada44a385c9,12869,104,14.410868
haoranran_6100,untested-public,task036,76facc8f1d2b1b6691dc621f3160abfd35d151bfaf74961ef3d21abebefdb575,5866,56,13.710331
haoranran_6100,untested-public,task037,e19669c0dec2c6b73986d1bd07ec5c19bb0bc452edb6cf3d006f85657ae46d12,20424,27,13.937652
haoranran_6100,untested-public,task038,a83d43302a9ef7e5b284cc1e38fc4ce8deedb152481de569220ea69b94855018,2357,16,17.306974
haoranran_6100,untested-public,task039,3bac77b4053405c006f1695572c1a8853909392131b90cc60df799a75bef2677,1913,14,16.034027
haoranran_6100,untested-public,task040,b2981947dbae7b221cfedb86a55a6b82613d48908ff0ba0862ea2e06deb9befb,4104,36,15.688187
haoranran_6100,untested-public,task041,b84ce39398538ef8f1ecee3d2e64c3e0d80db902edf7e23098fcb22c816e3c8d,2228,18,15.299425
haoranran_6100,untested-public,task042,61704243d0814f6344a7541e90aec41f9e115f16368a7d57bc896bc807d12eca,8398,54,14.593648
haoranran_6100,untested-public,task043,16b05e98645b4d8da6cf555ed59cb2165317fe07248f91dd11f6747c0b38c22b,1966,9,16.129477
haoranran_6100,untested-public,task044,d7be538649eb0e8a61367a01fdbdf5446c5aa4d1cbb20ee5b0fd67c3b5abc7c9,148684,1054,10.317262
haoranran_6100,untested-public,task045,43dc4b647f1683ea779fb39571b0cdbbad8fdcfd27c8713aaa44314281d7c131,1438,11,16.040431
haoranran_6100,untested-public,task046,902e4e1129d73fe4576d763127cc56d0574b72b02f96a7f8e1fe84e5f6e0eaf0,8963,70,14.058960
haoranran_6100,untested-public,task047,47a46e508c02fcb38993c9c78919ba4f305ff5f3d9149399dbaf51657f0d10ec,3246,31,16.070697
haoranran_6100,untested-public,task048,d4c7088b8aa6bf4b2b226ce0dacecda44faf247049312f97e6d3e0d87574fa0a,5695,49,15.913976
haoranran_6100,untested-public,task049,a37e8cb1f6134fded24f6bb205efbdfe9c4b4f96f2b9195d9db3108653eadb0c,3516,29,14.613685
haoranran_6100,untested-public,task050,817ceed6eed8f8639a03c7d8fc0b41ca1fc3ca5ef6ff87cb970dba5a510cd4be,2540,19,15.752846
haoranran_6100,untested-public,task051,86c7a1f4a9e1078f7176aac19c741859d1d72d5c8deeca5cd5fea73bfa951c7c,3365,57,13.587204
haoranran_6100,untested-public,task052,a506cc379f43f613ec0879da1737edf134628e2d759c6d40c886ba16e97ef73b,1277,10,17.567516
haoranran_6100,untested-public,task053,11d2a84ba10862f37e4dae8a206314fd4226f70b6f751eed23e52ba32ebde353,175,1,21.598803
haoranran_6100,untested-public,task054,a2e77f3a92ad3273e4de5710e47222a0da5f4948d3fcf9860f0675f88f35a8c6,9728,118,12.887930
haoranran_6100,untested-public,task055,194c76a7c1f255cb8d516d9ba1ac658ddc6f99f862956432b21d038cfd5f4c1c,21458,164,14.473627
haoranran_6100,untested-public,task056,2306a2e7b1dd27af9e0ec17099ee8ed0568f6696623537f2599419319f7dd8cd,1515,7,18.672063
haoranran_6100,untested-public,task057,fe71c735896585cb2e65fe6bfc6479a0d1ef8b1f8f2c7b7a1fe27b318ca72304,1880,18,14.246041
haoranran_6100,untested-public,task058,4e55a6bf22945253193de151ca9e08970485d28911fd21ae67ea20e7e71ece72,27439,15,15.310387
haoranran_6100,untested-public,task059,7b3cd67ffb0008721082c7e1497b195b3c91364ade4b206a8aca22caba8fd4c5,12715,20,14.740203
haoranran_6100,untested-public,task060,ea4ad862446e19cbf2b7fecaf9051e6801c47b6c337bfc46e9530eddcebc41e9,3039,16,15.779610
haoranran_6100,untested-public,task061,27289ea0d11a669fe413e1b05826321af3d079ce8a5555fa2610a93704612c2e,17030,9,15.152342
haoranran_6100,untested-public,task062,d57d9a3dc711a3fa8561eb45e9b6fd261c7ab89c7fb30c7fca0080d49013c37c,22124,194,14.231747
haoranran_6100,untested-public,task063,5c8811b2da8473750953376c6dbdd913b50bc29b96f9a16a09cf201df9a483ce,3709,34,14.666940
haoranran_6100,untested-public,task064,58b449d06ee31558e5b72e234bafcedd075ca374d90de0e17b116281716fafd3,5809,48,13.210838
haoranran_6100,untested-public,task065,a191af856b41ba1a6079e9a8dc2ef26069291cfbf182a5623693579f33263b3c,2705,36,14.152315
haoranran_6100,untested-public,task066,b61c747510a726482b9e94d6a1f12568b4252800f11145d34630404f68048d3c,180173,1642,11.878567
haoranran_6100,untested-public,task067,e823d84640b258f8322dde914f6bd992553a53aadd84d4685cd18da5f1be35e9,892,7,19.247427
haoranran_6100,untested-public,task068,fda283a479d2067e6eebc121aa1bc5b50af395b15a844c4a0742f3861f4d58f9,2335,23,15.204599
haoranran_6100,untested-public,task069,fb91d90981c4b2168ade67173f5ea1376db182db9350dbdf930d3cb5026325da,32330,380,13.647595
haoranran_6100,untested-public,task070,c09e95105072fd97b2106ecebc5fdb42c86bd41e9994b310781aa321351ec9d5,11844,71,13.900501
haoranran_6100,untested-public,task071,2d696d39af281a3a0ca1582e413672e8ef38ef9f06d584f19844a45a6e2aa4a2,12082,49,13.226404
haoranran_6100,untested-public,task072,188545c2133e8f311a556d754e465f755bfe94c8c5afb0495df211beb64cec49,1625,9,17.341772
haoranran_6100,untested-public,task073,c974fda7fe3001de4bd2200b9065826ac44cf359fcb1949954b82f28411b5b63,3825,1,18.186555
haoranran_6100,untested-public,task074,8194b1eba8a395566d686766b74869219cdfdaec5105dbad5f36b6ef32435be8,1824,18,15.009189
haoranran_6100,untested-public,task075,e42e990b0d7538c360b7ec46a58a74ddd4c3f1dd5db79365dd85700a10e25015,7736,46,14.128218
haoranran_6100,untested-public,task076,b4407303acf9c1e5f20cfa3fd883aeb90b14ae0fb233d68ecbaf4620c0bc88fb,948872,220,10.340899
haoranran_6100,untested-public,task077,e9ba6003d604dc8eabe4c1293832b222739a2738c2838b1512ae380d87d398bb,9860,72,12.832912
haoranran_6100,untested-public,task078,1f42d518b8bed0679fb0978abe48fb184ffa7bd3bff6e10ee8bf6312e0d5faba,2588,22,15.335023
haoranran_6100,untested-public,task079,60ad44e5b208b22c2d4a93f322baf5362bf4a0b2cec7283e9db31f1de40a9346,2695,20,14.875251
haoranran_6100,untested-public,task080,da97f63843845f687d92854fc2b1b0498fc0cb2543e1e41022a77c4b3933deab,18484,93,13.047885
haoranran_6100,untested-public,task081,118dc8373587509f07d12aec64778af91edff7253f80e273a30e5863c7b8c91b,3749,35,17.256297
haoranran_6100,untested-public,task082,f5185afcc7d53962b11373341617929555563572d95dba938af0c9e973fee1a1,2282,18,14.347009
haoranran_6100,untested-public,task083,3526144719574eafa02b2d1fa33a4be836ec96c267520ddd982697e447b8bc98,7454,1,17.504458
haoranran_6100,untested-public,task084,5bd28bac4f427d16b03dfcb9d4ae68237ccb4bb720b534e0e14b2768658ee6a0,2820,23,15.121164
haoranran_6100,untested-public,task085,0cf2b40dcd4fe9bb85de2e251fdca74496734e7c804425012cb1c1110d27505c,2547,20,13.363283
haoranran_6100,untested-public,task086,ecd1d0f46753cac80ded0b43582907009763dc5ec56a57e2b0f2f35cb332e53d,4727,41,14.494576
haoranran_6100,untested-public,task087,4e9d18bfbd60be2b9135e2cc459588db6a40bb878e5e16dd89651e3c3eb1cfea,474,2,19.070411
haoranran_6100,untested-public,task088,3d5e5840dfdc9ebffa4cf4bf83a4bfe2d30edac84b88ab71ed3a6686d3987ec3,14980,58,13.468469
haoranran_6100,untested-public,task089,0a479a40d999937f174a12134d5f78bb97ea8a6c108f09e8f44398fe6cbbcd40,17792,181,14.179382
haoranran_6100,untested-public,task090,8032717a5846db3d60ae06a4fa0ff8af92327fd6b6102d39eff9ae246e44816a,19660,246,13.943507
haoranran_6100,untested-public,task091,6c44a2a529dcac845b02796c463d82b35c8cc360fc72fc096564f3beeef63a30,4627,43,14.150760
haoranran_6100,untested-public,task092,31e6aa2df4e75b2376481ad479c8d107cebe1f6701ab925ab0272b482eb2f1a1,4299,42,13.071487
haoranran_6100,untested-public,task093,e59ad71279c74a41dc1674363538a2554d77c37871cae4131daf5319e2a92abf,5415,49,14.234150
haoranran_6100,untested-public,task094,1183a85e05f31b324f96f1ea2bc76659614d9e3e496af6fc026bf70716b2cee9,3767,35,14.217924
haoranran_6100,untested-public,task095,eca4d38cd8606a930a722084789b856626fff5d4938c02546296c7f3cca109cf,3950,1,18.186555
haoranran_6100,untested-public,task096,4ec21c61456f9c3f3be6c0b20aeec14ab1cdcad237426c7c44fb256d35d77703,64252,480,11.918302
haoranran_6100,untested-public,task097,f0d0ab9a04954377879cace70b48610fc891b8e6d5d68ee0d372dd78fe3f2268,2494,11,13.853482
haoranran_6100,untested-public,task098,8fff41bf99869a80261fa1ec8461431ffa90e7a616d10c1582642af88b241cde,3836,1,18.186555
haoranran_6100,untested-public,task099,1e320d88cf0eac19c3c20b9c005a4be28ac50d4bf0a39015404f9deb22a0c31e,19839,1,16.500971
haoranran_6100,untested-public,task100,c815d3a42090024e57143982ac6320779019d7524c630a2c9f175975e6254567,4954,28,16.135536
haoranran_6100,untested-public,task101,5add58b8bc1d0b54e19ac2a7ba0dbc9eea3fd8d8e3f32405ad36b69f8c376d87,39301,206,10.951880
haoranran_6100,untested-public,task102,dd69f7cd8bc2d432b0b3d6b3b203acc186d9c66e559fc13f5bb370ada17acede,22167,149,14.292473
haoranran_6100,untested-public,task103,a435ed4772dd20318e7b75afa8fff92d3767167fc6100cb5e69d673cd782ac5b,1669,11,19.372379
haoranran_6100,untested-public,task104,33a343ec43a261d2e8d551e9e29fea0ff5d46927927aad4c34f9797225cd0556,6350,20,16.238763
haoranran_6100,untested-public,task105,87b8eaf3ff5a294ef03d408dd6cbe46010df8557a3d774b1e98c171c7f5afe4a,35291,50,14.155880
haoranran_6100,untested-public,task106,9b54191da37371effdb80aaca05a4cddbabc19d25cbc1ebceae1d85a897c6698,2939,13,17.940382
haoranran_6100,untested-public,task107,486d43b947a10c096cd5abb2121faf5664c1d92f9d0196957cff677676caa5cf,31191,52,13.799992
haoranran_6100,untested-public,task108,825c078fdd5cf248ddfcf1d91c57c125e6e2213304022e67810f2d3aaee2922c,7454,1,17.504458
haoranran_6100,untested-public,task109,b743a1e192a39c2d75aaf83cb75d56b809c2988910d9340cb23a699063ea121c,5491,39,13.539347
haoranran_6100,untested-public,task110,3c6a969967d00d5933bfc76224740332ab35c72aaf1647b7a2ff532e3c71cf91,21494,163,13.329165
haoranran_6100,untested-public,task111,294fe9b217bc48010d14839504c2d05f18c01b58a15ebe4d22e87994c1923f81,1457,10,16.581081
haoranran_6100,untested-public,task112,1d441249f879b3f5928f749a2a438d0692e24020136550558befd15da00654c1,3987,44,14.002076
haoranran_6100,untested-public,task113,356a5f1e2200cf2560f6c836ce7d21eca6b6cad9e68015c2ae31639613ef9b09,499,1,21.598803
haoranran_6100,untested-public,task114,7d1973d605273db25b979fc20a63bacd338098bf8f239bc90618b4b89dd1baa4,4719,26,17.865906
haoranran_6100,untested-public,task115,fef642f35c49927e9440865ae0761f3f9ecb7d9bb8a03f2a5109e91a82deb620,5069,34,16.675906
haoranran_6100,untested-public,task116,3f87aab73b8c538752ffb070a34dd07ef95ccba2d299bd7526da67fcf956e1e5,479,1,21.598803
haoranran_6100,untested-public,task117,cc092c99c5d1ca90b9c8ad990776d8c91be3fefbca4ecf2e53e7e904602f636f,8262,74,15.169998
haoranran_6100,untested-public,task118,1aaef29cf60045a9f72946d576d30f34d853fb2752c2ec6f613013baf6ebea34,160396,1163,10.416339
haoranran_6100,untested-public,task119,afa30c6fc964d8a93392c6b8b9865d1ca2f73c682e977c50e35e0e3d800e9ab1,25915,165,14.224215
haoranran_6100,untested-public,task120,13dafeb021b56dac928f38d32b4a0b841fcf481296ab752c9ac203fa425e1acc,3836,1,18.186555
haoranran_6100,untested-public,task121,03880dc2a72d6781722a53ffad4b506867ebd9f9c0a7faae3760807eabe67856,3339,24,16.215838
haoranran_6100,untested-public,task122,d932a3ac54fb54cc09d9cdbaab21ba4e9165ed9a6a8e01b9e0c49fb972269b75,10236,1,17.171962
haoranran_6100,untested-public,task123,7a75e42172279efb638134db39ee0339cb6fe0d99590c0e86c1ad8f17ad3f8ab,8997,13,16.630379
haoranran_6100,untested-public,task124,f5ddbec920cb586ce09ab817a1eac51a16a213e64d1c00be161cc1047e74bc63,4339,51,15.358722
haoranran_6100,untested-public,task125,20f2c3e90cfb5afe5ac7e795a1cf906ce67453cb55deb5cbcc51275aea5fc7e8,3032,28,15.495722
haoranran_6100,untested-public,task126,b86dafbc68af0e5b698f0241dd534874e44ffd9dfca8bac7b89280a3534f3824,2765,29,13.636840
haoranran_6100,untested-public,task127,81f551a5b779e861ce371fdc4697595db753242954a60c50a3ac8e3108937d97,3772,1,18.197605
haoranran_6100,untested-public,task128,5224331b88562c8c5864a82ed28442ed1a8c17321e5852eb0c193b0a8eabe7e5,3365,28,13.537926
haoranran_6100,untested-public,task129,bc11e9e80b9128561b6e14a4908c76853c1496104b6103d675d166b25e9f3a67,726,7,18.258299
haoranran_6100,untested-public,task130,129e8e94901df68286dc85134b4be5ba1daa1437df26f1eb430b9272e7f77471,1293,10,15.322911
haoranran_6100,untested-public,task131,d0d26239641dc4c3252e3188ae42690c167800d860ffa9b75d9165a9aec0c31d,12030,100,13.949586
haoranran_6100,untested-public,task132,8e5ad5fe50f8836d322e025383ef96da6495a2be15418b5a9977f057f895f669,3762,36,14.392475
haoranran_6100,untested-public,task133,68e935d47ff7110c296807cc69b18b2efbc09be9b69b5f9ed14c010b2ea21c94,783434,368,8.949686
haoranran_6100,untested-public,task134,d2d0cfea388f5f59b5c0ed3e15c26ceb745abfdb2537457be6932faef6736343,7220,68,15.259208
haoranran_6100,untested-public,task135,a5ba0a9dc839a73fc24585aab0bb1e97cccd5531fb28b98b77e91a17e7701ecc,381,2,19.097367
haoranran_6100,untested-public,task136,81a30d213d1a7c144a36c14c0b417c48420d2861e5364eb2971ebf9f1a215ef5,4980,31,15.178102
haoranran_6100,untested-public,task137,ef031cef24d9c3cbefd960f1b4194426dfaca31af36b0b1f7efef5d288784706,3864,36,13.808906
haoranran_6100,untested-public,task138,955dbb96bc55cace778678f56c5bd88133614ec7110a51346c1a0dc4a1db6f1b,11562,143,12.804160
haoranran_6100,untested-public,task139,e3e6133e136fc342560390d22bb08861dc290ef6c9f64e8854070984d4a5946f,3865,33,16.803012
haoranran_6100,untested-public,task140,4e9d18bfbd60be2b9135e2cc459588db6a40bb878e5e16dd89651e3c3eb1cfea,474,2,19.070411
haoranran_6100,untested-public,task141,419409ee1ef9989b22aaba718cfe107b9d915bb476e1f4edee982507a294cede,2345,21,15.331033
haoranran_6100,untested-public,task142,b525fbe662a950ccba343052e36da4678bbd57b9039d4f6c5a15f3c0a16fd54a,7454,1,17.504458
haoranran_6100,untested-public,task143,a7806b205f75c1a19ea4f0096b31a078910e7c8146b42996f8e3107b639d23a4,2690,21,14.960017
haoranran_6100,untested-public,task144,e615d869e7b75b731a1e7c794f3e098932d43c523a514fc2aac85938a76e1624,1639,11,17.856382
haoranran_6100,untested-public,task145,22681d1e38fd9b4a50619a4900134ac568081a0007d313598a2d4a001a12a65b,31434,325,13.796907
haoranran_6100,untested-public,task146,e294a9296c290048735ad209f43939c60267c1d6270b6c1484efe91b1a6ca417,1931,29,17.277765
haoranran_6100,untested-public,task147,e65dc2d49c2dd32775575699e73cb1ad0aca1fcca0a87fcec26127b52f631670,3825,1,18.186555
haoranran_6100,untested-public,task148,83bc09dcaea8524df3a4528943965a79d9f6165f72790b1291c63eb4f5449483,10573,107,14.515722
haoranran_6100,untested-public,task149,3137da6fb944a3bb6e03884efc695345a045254de6a366510505b2221d175600,1404,13,16.455386
haoranran_6100,untested-public,task150,3713f1d83dec814704bf447a95675df2a099ed0116a1be5d03b609fc83e50b42,1031,11,18.018994
haoranran_6100,untested-public,task151,5cde735eb19c85dcdb2899bbfbebf957214f3c4a0c1820cb4b3ad058cccdc80e,2352,20,14.951330
haoranran_6100,untested-public,task152,b525fbe662a950ccba343052e36da4678bbd57b9039d4f6c5a15f3c0a16fd54a,7454,1,17.504458
haoranran_6100,untested-public,task153,b2307be1bc7eb9a0e15efefc5438f1cda22102d49135eeb5bf029b59db2730bf,862351,14744,10.813646
haoranran_6100,untested-public,task154,66ed2e989741caccf6050c686c1b3ccead07520b29e41387dd38162f414f88d3,7650,43,13.783461
haoranran_6100,untested-public,task155,9b6ad9025b9983cfb5b2e6d5ca817b0bca8bc489a2732e0124c593e0cded9133,1031,11,18.018994
haoranran_6100,untested-public,task156,a2199d5eb0ddac7b8e6a9033237344fd4a49b753468f540a858bc71477d10422,7856,65,14.012980
haoranran_6100,untested-public,task157,8de07e25cad3bdc5d73b8f953328c5e49784eb81e63eef116156e8d761d82fb5,857911,433,9.142168
haoranran_6100,untested-public,task158,51250d4659b6adf3ed9033dc91aecebc13a0f64c0c1d3305da4d3955b4bf1d33,95337,822,9.302832
haoranran_6100,untested-public,task159,93239bd39db8bb07ffc4f354ca7b43656c78ca03e18c9ca72a30ccb093e2eb5a,12966,57,13.597995
haoranran_6100,untested-public,task160,9a5ca01cfdb71205d7886901a06b8e606aae15f8772a4704eb269d4e8192dc26,2362,18,15.453545
haoranran_6100,untested-public,task161,33351d8f1ca150a9d7b225d7ab8e9e8f60171b01fac54fdcb143882ed0fec502,6008,51,13.174397
haoranran_6100,untested-public,task162,29467827e023a09da29f2c6bcf10d77d7bff035e613d5615f27d623e6f2f3224,2268,19,13.944502
haoranran_6100,untested-public,task163,3eb225bad21f34daca455495c894a722c9727d52301e14c4051410d35d644a91,13875,66,14.537497
haoranran_6100,untested-public,task164,250771b94d3db4658d4ac04e3bd9a0740f2af0f3aba0bb9b5df4d6181bb470d4,479,1,21.598803
haoranran_6100,untested-public,task165,84191da6721ff334125fd7fa8616eb9122ba801b8e467d4f0bac42cdd367fab2,4910,25,13.879762
haoranran_6100,untested-public,task166,bb71f3b3d956f668ce203feb385d0a702c31c6bd17cc17e213e3889db57d510e,1628,10,14.569981
haoranran_6100,untested-public,task167,7205b15363f53274f9987b481f736b594008071406a8a8644556e6d42336b88b,2375,8,18.294361
haoranran_6100,untested-public,task168,10661d21c26bf5ff68d448b007b0212c34cb45503fb906d999fa4a13c3626ac4,7297,44,14.628981
haoranran_6100,untested-public,task169,5deeade9207e54562ae10adac28158f0049087357abb124dee01d6d54f76463d,23816,179,14.022483
haoranran_6100,untested-public,task170,9f919ea1d3fae6c43dfb70c30fe5ce04e453a44324f39755cb00850f150578bb,64849,681,13.683941
haoranran_6100,untested-public,task171,c0dccfce69e87e53b68a617cc0ce6da5c9659180ce2acc2a46007c9915c524cb,3825,1,18.186555
haoranran_6100,untested-public,task172,aa923630b6479cf1a1f5e7b7bfe2e4947e1c8ba8edba4f31d250b0b2f0c98dde,479,1,21.598803
haoranran_6100,untested-public,task173,a0299600440d0a79709022f1953af8a56eda11e1855cebe4f865b5a0de0e5a2d,10108,69,12.891033
haoranran_6100,untested-public,task174,a6f543067be128376f67b828b67c2b02a893fd3d4b5341054c090b91d89ec12d,61839,790,14.120087
haoranran_6100,untested-public,task175,122ea790475d4eff4e80ecb7e852b399bc96924472e212c8019c1c4161c11baa,12412,22,13.348835
haoranran_6100,untested-public,task176,757c42a63bdd123372b7b8ac3de694e64df328a279914d385e15c5746b274cb9,1420,6,15.818059
haoranran_6100,untested-public,task177,cdcbf832519bece9b4bc7966b23d1dba298385f8a602e49475b595b22b33b001,4180,37,13.778698
haoranran_6100,untested-public,task178,2efa4e0be0f029b9cfc6cd8f58f215c38a5b6839ceed8e44d6c0ee2c39d579ab,11303,123,14.407499
haoranran_6100,untested-public,task179,bde695a21a93b9e2084a9b7e8a8bee5f2cdc694baa71a12d1c34ae921a89cb87,170,1,25.000000
haoranran_6100,untested-public,task180,2de5119963dd1a2c303ea79c0f562f2040d904a9a254cb3fe450ae080279da87,4414,5,15.910924
haoranran_6100,untested-public,task181,d5e423513a6d975dcf970b7fa00306491312801ed8b9c3232bddaa05e5217ae9,3083,21,17.914936
haoranran_6100,untested-public,task182,dcdd8e87825de820e1c2c5ded8e53bb19ca19fc6e1d104df3c6894630ad00ab4,70465,522,11.452178
haoranran_6100,untested-public,task183,304fd9d6c78ea14e6b21f5a8929aec65dc8582e0ed5300bcfe6c020cd031d4c2,4645,55,14.878261
haoranran_6100,untested-public,task184,d104af166e5c9363a02c3f7e6ed8251c41e1d392701919524a25fceb6aeb384c,6934,51,14.147484
haoranran_6100,untested-public,task185,758a09feff24e05f872299153e3728ba75bd0bbd8c3b14ae20c5e6b4faef7df4,18881,242,13.763645
haoranran_6100,untested-public,task186,e08e25bcc7a87cfdcb14c47188efdde385ff6605c966217b934a67aa0589a797,2418,6,18.317891
haoranran_6100,untested-public,task187,2975071ab48a9883483483822c3d24affcd8bb30d824d97f87c1af47cc9bafff,8852,87,13.409993
haoranran_6100,untested-public,task188,b48429ec56843515f15fb784b0246488517e52cca244ecee0a432bfdacfcdec0,4356,41,15.692533
haoranran_6100,untested-public,task189,fc979831b169f556d8d807bbdbd1958adeadff21a63e0ae51d203717a20273ed,8560,86,14.256239
haoranran_6100,untested-public,task190,0a31ba38881a6fc4af83224d1aa59f0a876aea5808f55f95707b8c5975ac4c06,8781,63,15.675974
haoranran_6100,untested-public,task191,722fceefad049740b7a3b638af371d10833bb0b00cb64f67dbf001e897cc69dd,8552,211,13.211141
haoranran_6100,untested-public,task192,b33d9d2c7a44e0ccefa26f20c6eb211ff45cdba6b7ca7a38c8fd674ddc5062b7,2511,21,14.093402
haoranran_6100,untested-public,task193,1184ed012012ee9bc87677fea86382acea9bc6b8979f087a5b3500492d6138dd,1925,14,14.109558
haoranran_6100,untested-public,task194,5a188032e9933c63bea9816c0846001d769eb356d00653af9e5e766ff62bb53b,7454,1,17.504458
haoranran_6100,untested-public,task195,ba4b722b42ea9bdbffbe4fcf38c90d387045eee91e245e77f502c246c158e0dd,5381,33,15.436963
haoranran_6100,untested-public,task196,88e7b78d4c040a3e5555fce0c21fc2f7d85b4493a83e388036fd089f020c5ef3,3457,30,14.299185
haoranran_6100,untested-public,task197,6f310a26322f51f58ad753217ad0cb07be255666584e0b9f608d8c96e911259b,1758,17,13.912793
haoranran_6100,untested-public,task198,a1cd099e3d965fb4506eded8d4bde77ea202357df70e9212b36911ca002c8cb1,6979,51,13.449576
haoranran_6100,untested-public,task199,7f8ae82add1995ce631f2596ebf18e50b694cb8ec8d56a776cb6b1f393d891fa,2948,22,15.309891
haoranran_6100,untested-public,task200,cab24dddfa42b318ed35de813b5b280eac960c41246c83d62e3fc9b5620f0ca0,2480,38,15.648421
haoranran_6100,untested-public,task201,45f10ca88d12df7175c80895aca63ccdf595c12c3c580a4581c0a70fa6eb8d06,10924,135,13.554497
haoranran_6100,untested-public,task202,548ea01a96ba723d596f57386963dc208eac1c74ee9c8ad978597704d8065f5d,3582,31,13.258188
haoranran_6100,untested-public,task203,934167d7108d311321e5ae31de256c5ed18dd19290cc3cea7456337d8f1a1d04,6437,36,13.602194
haoranran_6100,untested-public,task204,54f17ba89208a46186de13dcc5957c7404dd0d87f64653e038d0813f92dc6d3e,31321,117,12.452272
haoranran_6100,untested-public,task205,2ae3d15fa32ae7527a877d4a78e84590b2f5eb083cffb480c1bb4e65ec727478,48510,671,12.284352
haoranran_6100,untested-public,task206,a9a48933d73ab0ca96c39812eaf2d7cc02be75d240f640166a9e5b4a88f1a1ea,20303,224,13.895344
haoranran_6100,untested-public,task207,8cb6ddf4039b0c5d6313a9f40608f99cdbba78cd975fd42f6f501a67c8a3c933,2330,21,17.222207
haoranran_6100,untested-public,task208,5d341124008dfd310bc5a123793ff6f9beaeead1fd98692f86f798a8f1e3f4a1,15885,196,13.566031
haoranran_6100,untested-public,task209,340e1292efff94ea0798fef8c2d68aea529579aaea63bcf5ee0ed1b6a995152f,1294052,4286,10.110661
haoranran_6100,untested-public,task210,aa923630b6479cf1a1f5e7b7bfe2e4947e1c8ba8edba4f31d250b0b2f0c98dde,479,1,21.598803
haoranran_6100,untested-public,task211,3c58a51ab06ee25bf3c54539284f6def4bc6e10c364246d45f5533df0905fd17,7454,1,17.504458
haoranran_6100,untested-public,task212,e0311574c6c6586444723f216d16eb35cfad0522511fec1fda4498c410113b3d,6853,50,15.309025
haoranran_6100,untested-public,task213,bea0e13014694681f4277e3fb242b16729cd609cd076e31b8eba6201f2c78841,25091,385,14.132022
haoranran_6100,untested-public,task214,476030b9c3c916862c896b22ae9f1ee46d6bedd703bd39deeb4fe1a9a7cf6c54,7454,1,17.504458
haoranran_6100,untested-public,task215,a823981941d8f498cb8e0826b2e4700d851544d06b11b1f732d9b1411edcd3de,4015,38,14.181362
haoranran_6100,untested-public,task216,8736d30a18de065d1250ea21affacb0eccba6097e3139d7e8ebfee451365a4d4,11049,276,13.449663
haoranran_6100,untested-public,task217,58f2ed503258d9c007e4e93b086250cd0e66b2871fbc7602a1fa7d6869dadd1e,7268,34,13.747647
haoranran_6100,untested-public,task218,14bb6c5e5fa3712e4f556142985fa03de40ba2accd475bb596ee538d3c10c60e,9594,137,14.948006
haoranran_6100,untested-public,task219,f042340d7b269af4b35437a41d3094074b91fd8778477f3b3fcd20966a535f12,87016,532,8.421777
haoranran_6100,untested-public,task220,924ca3ff6b3c2190ebdd92b73e0c33ac441a7e64b5924bb34b2faa596a40dd55,3798,1,18.197605
haoranran_6100,untested-public,task221,fc40a9c864b222aaeab1d16ab69b17f524fd95dc657baa701b144f4288e5bcb5,13333,28,14.069235
haoranran_6100,untested-public,task222,f82b35de1de8377a5dd17f94de623872a1021443ff972be6e0765c6d21c5595a,2578,21,14.031198
haoranran_6100,untested-public,task223,51cd95a032c661ce28fa653ad0e727fb33cf6a709a5747e02a8ab323190ae968,7454,1,17.504458
haoranran_6100,untested-public,task224,1618c4868a39993d5318e610ce888f4b46394aa114feb2e20618a9034a6e1e50,6314,54,13.843921
haoranran_6100,untested-public,task225,feb56d8f1c720012318ee348511e98aaff19c284a140f7de45fa6c3503d713ae,5386,31,15.148227
haoranran_6100,untested-public,task226,011547c7c4fba33dd6a9bb00f3695fe5d493c03cb376a25175f0e57b4934af4c,4694,37,15.874455
haoranran_6100,untested-public,task227,cf6f7c36c8f667cf326367ed494b71cee047311e9c84a08efac3bd0f846d0363,1435,12,16.838625
haoranran_6100,untested-public,task228,b10ad9d1da09a0132a90affd556d138ae9c203e734709b8b4c64054e52e480c6,4406,59,14.373952
haoranran_6100,untested-public,task229,a3200ca8c2d6a3398ab0c6b8816f2846845377b8b542e3e5ce44e3493e76b6fa,1735,13,17.386675
haoranran_6100,untested-public,task230,1444325f9990947c4e2b6bd66f2ce611d8efc4be97b595c4bf2ad63e9e166ad0,3798,1,18.197605
haoranran_6100,untested-public,task231,6c022eb9496c0144963923d81b389ed748d24bf4115e6d8ce753bd1bb58ea3f9,3468,42,14.347741
haoranran_6100,untested-public,task232,cb69a041f629158a4782d801f36c826d6e76433fe59846f726270dac46923946,2435,27,14.367009
haoranran_6100,untested-public,task233,d57b97c53297581dcadf8b70a33772359ac0efb695e59e6ee87fee43f80fb10a,938774,1372,9.595733
haoranran_6100,untested-public,task234,f1bed9c14a107314718a6a2c2d272373b791ed46a99cd3e21b405ee8bee98776,8333,96,13.151045
haoranran_6100,untested-public,task235,a1bf6e5bb8b79a4f92a3fc58a545e6df73dbaf0282e6e379a533855766a06f8c,3931,32,17.430588
haoranran_6100,untested-public,task236,7f166f01eb2cf5e98be10a109467f99606fa9e5b533bf2bf8f34a298dad06666,1511,9,17.962972
haoranran_6100,untested-public,task237,6be29b90d62d7a882838b1f290182dcfab7283351c790750f5018e02cda045cc,2237,23,15.003204
haoranran_6100,untested-public,task238,3208dbc8cec5a6a6874fb45bdf74920c0447b6b2745454a2ca76efdd5aa83d45,11927,102,13.927566
haoranran_6100,untested-public,task239,2abd421624d88b12e8a63904b214d06678543cf0231b040cc10fec704aac503f,4143,33,13.525015
haoranran_6100,untested-public,task240,faa91380b9775a3eed48bdcfe401ad8e5d1b5e2dc62a2dcb17feeafe00f6a1ce,3953,28,13.893630
haoranran_6100,untested-public,task241,bde695a21a93b9e2084a9b7e8a8bee5f2cdc694baa71a12d1c34ae921a89cb87,170,1,25.000000
haoranran_6100,untested-public,task242,d7384fd7ba8ec4129d2616b9748fc5716d95db369aebf7d01b274b6d16dd0517,2031,16,14.896433
haoranran_6100,untested-public,task243,2488c352a6479e927453d94fefed4212acac709e240b31742af8b4f4dbcf3299,23604,437,10.967016
haoranran_6100,untested-public,task244,c6ea97ebaf15343165f200b1115282ed7736fc6b68fca0f3771d0f67cb4304e5,6538,66,14.607197
haoranran_6100,untested-public,task245,d04e7eade65728852787ce1f17fd87271f8553f9adab1f0859000bf44a750b54,6141,47,13.600680
haoranran_6100,untested-public,task246,379b5a73e3dee6f56eedab3ab0bd0ed8414179c6e7ae1edd0a948060d6401309,3824,31,15.497662
haoranran_6100,untested-public,task247,19562cb18f62167e2ce8c355377d9b1a3136c17fb7116b8c9110b15d4734e4dc,2056,25,14.993279
haoranran_6100,untested-public,task248,1cc5ba184903e8307ed5ba4d36263e3487d7beec6142f401fc6d0424e70f1e18,2328,23,16.120945
haoranran_6100,untested-public,task249,a59e4c09e5d3e602f7ca21839c22449d6075728887f1641219db927833c1f7e2,2901,17,15.462300
haoranran_6100,untested-public,task250,db7b6112f672f2a70588e91f451c893bc7b1ecec188c8c984be8cff297851bfb,13543,127,15.280375
haoranran_6100,untested-public,task251,054a1310978ea762a181de2ac68b1c10e5d9e706e70a593b68af3d1f26ff74b3,6906,53,13.472393
haoranran_6100,untested-public,task252,20bbdff14100a78ff5ba0ae2d08e7e82af19b2832308a8a739256b3f3416c6a7,4879,27,14.401218
haoranran_6100,untested-public,task253,2538ea53b1aad1e6365055ee14f48dccb49ef632cce416086075b33d42366bad,3510,17,14.215455
haoranran_6100,untested-public,task254,a723230701ba601d3d39bcceb6c41545ed7dcecec7d640d794a6d298303c6654,6052,39,15.865030
haoranran_6100,untested-public,task255,58b21c8abf7dcaace19d54b3bde4968ae7c351b29ec0b4cb36b910f03be3a0af,106804,851,7.414992
haoranran_6100,untested-public,task256,d0cabd95c8b29764920aaddbda780fb79edd4934fd0149ae2f4085d6a62e5025,8793,38,14.816270
haoranran_6100,untested-public,task257,1ba5d2b1f3d209e5deac17cc33773a38e6e8595872daef742a965a2ebd3fb42a,1669,16,17.629140
haoranran_6100,untested-public,task258,e5948973e4d14232b7cb957f26c0487779f6c8b9e06e32151b75a5a21ad5e5db,3836,1,18.186555
haoranran_6100,untested-public,task259,27456ae69408af22c00268a792cbad0f23c2f425a2c4e88336920536b67e0cea,3882,30,16.162900
haoranran_6100,untested-public,task260,21c776e8235ed69d82386e0937fe02a8389a6b09a67bf7b25cd35601008d0ac1,3320,26,15.377285
haoranran_6100,untested-public,task261,6104690685d52f02ca149095658b51c2d448d252f763922efdb0fd69749b630f,995,1,19.701683
haoranran_6100,untested-public,task262,c4714ec84de4fa51ba3751b69dbf34ecf5bdaeb8026531c6a3a6a7fc3e22e9d9,1329,8,16.086315
haoranran_6100,untested-public,task263,1b8a040360232f6944fa110231b6a00266523ac9e4cb025a05f8dc5fdbd23da1,10867,140,15.981062
haoranran_6100,untested-public,task264,01ac406f30f0ffced1625ed8050b91086a8967573523be0ac1583a6eef0e4dbb,10074,115,13.154639
haoranran_6100,untested-public,task265,e44b248f5902d3d38b34e32679474cc70b8ee0d23a58ae93c6e8658e0375fc5d,3110,32,14.408076
haoranran_6100,untested-public,task266,491258de81aba00b6aa06f223356e30346665751690278693288e858450c8563,3825,1,18.186555
haoranran_6100,untested-public,task267,113d59485d86985da7c1868b94bb67ea6a875028052ec201a4caadfae6090112,1624,9,17.718614
haoranran_6100,untested-public,task268,0eaf42695ba70b84bba537b2bdc0424a1e075d68e473c6c823414474dde4258f,19789,169,14.878381
haoranran_6100,untested-public,task269,e4547b23d6bbfd6c875df4ade60468159cc1858d2504b6f84c083df9f49080e5,3349,29,15.407122
haoranran_6100,untested-public,task270,de4452f5ceb78efb5ed81c15ccd96957c4aebe7e91c0419c5f82fd254e1c63f3,10862,56,14.235417
haoranran_6100,untested-public,task271,1d303e94d417fc4786c4e80dee5be764e57f981905d0bf8f5e5fdf48595b19ed,1993,22,14.725259
haoranran_6100,untested-public,task272,bb44a1717b5f9b6f1cd8f6bdd32aa6a40d88b17db3e200a8cb6f7806bb2c658d,3825,1,18.186555
haoranran_6100,untested-public,task273,ef481d8f02832385edb2ae3838215e1c01c80ebc407639a5d04a17ab09227a4e,2414,22,16.294338
haoranran_6100,untested-public,task274,16c49e95823e84f06ed23b008793cf2734b79a98dc2eec7948735d763d5ec465,3619,16,15.921935
haoranran_6100,untested-public,task275,b05c9d902d60b5e03aa3436e187c874a4948bffc12b2ce6c86fd8ed957970680,24193,253,13.662810
haoranran_6100,untested-public,task276,2a3e881ae92099c36f1955bdf96ca1e9f77a4ef3d1d3eb58c63eccc80a655c7e,217,1,22.697415
haoranran_6100,untested-public,task277,8445a6d654acefce23cfbea4193b54860e5ef850cdab75dceba7876e69841416,6857,56,13.300910
haoranran_6100,untested-public,task278,33724e4205ac1b5cd67dff8fb471583b1e478ffda0887f7ddde257b2b5fed045,3294,14,14.414249
haoranran_6100,untested-public,task279,0cc3ec0ebbbf1322a18ede62c2d99f42f05048f3ac7f437ea5234eea0b28c4db,4658,41,14.171024
haoranran_6100,untested-public,task280,82b670978372ce1c23e03297fac4c9a8b660a0ab794420b6151459faffdbd466,16655,138,13.156003
haoranran_6100,untested-public,task281,ca2a1537dd3fbe42f2138c372b482af55ba9bacf05230c700a13f8ac7caf45df,7659,64,13.597168
haoranran_6100,untested-public,task282,3b69ffb73c79f09e8523073931061610e74b3e0d32534378317960c9557acd0d,3798,1,18.197605
haoranran_6100,untested-public,task283,b0e2a1e5a77dc63e5c2faa69d44120f7fe0e8773160760e68b7f5912591f4c60,3825,1,18.186555
haoranran_6100,untested-public,task284,a6639b3a490354a06dabea1ba3e40cadff156bc3590372d54d12d7b22cc4b80f,30975,145,13.304486
haoranran_6100,untested-public,task285,21bca96dfe13a8adec72ee5d3f8a8291a2745e31b1b580c541f4574622e8ea6c,42591,473,5.984811
haoranran_6100,untested-public,task286,452c89917bd81728f5db1bd4efb133d57ea0ad7603343cb823fc1e7402cf8b6e,13714,168,12.965719
haoranran_6100,untested-public,task287,597d6d8d9fb465183a384f7f4a71596b1a35c46163dc529eadb64646cf3c0ebd,1706,22,14.975756
haoranran_6100,untested-public,task288,2ef01939d8fb465f7d079f337f55c77fe2c332eeb2f01b47e5759981f01b1175,7847,52,14.200567
haoranran_6100,untested-public,task289,ddcdd8e5f14fe99b7c79bba1087ff0af80515de9b95497fc7d86edae3f7b4dc4,2883,26,14.634856
haoranran_6100,untested-public,task290,4b741031cf43c0c6b363ab3c98f7017cd73aa098b5e38c15b5799f2fcc7eb008,42089,87,13.384049
haoranran_6100,untested-public,task291,f97257c9bae5cbdf0614cf4f6d0aeda2c0db164b44f4861fc829c00eae636b67,6009,22,16.627370
haoranran_6100,untested-public,task292,6c7d97812715e7fabefd85ae7cd7069c242c3fece1fced47e289ef103c53a575,1411,6,16.040046
haoranran_6100,untested-public,task293,b05ff58c4666c1ec2d35a77dffb3d72b56acaf5e80f36e88f0162019592c30fa,9897,52,14.862033
haoranran_6100,untested-public,task294,247179b0cb2fab9e792e9f91da564f6ee1f8d4059046fabd7bfd7e7d3d010cd9,3825,1,18.186555
haoranran_6100,untested-public,task295,18acddbc84d5c34f0a238bc7700ab1ab9a2519dec5529953f3e4eeff4bd2a81a,2771,22,14.967767
haoranran_6100,untested-public,task296,4306af04547e103c395a41f15f7829592897a368a36d02047b54c256c5e54b13,2843,10,16.677606
haoranran_6100,untested-public,task297,84a915b108087e38d36525c2487e726db27d66f1355e7fefc1c86991d8540231,2778,31,15.683859
haoranran_6100,untested-public,task298,5cb2c2997afb77da1e33a268d22b34b95cd5918413cf91668da1aa33f5b411b4,5059,31,14.958143
haoranran_6100,untested-public,task299,dee7954386eec83e61b74e30694b2d391a4dc0610602a58dd1b37dcc92fb028b,1980,19,17.107174
haoranran_6100,untested-public,task300,e81ff2bf51d9621b8df8ff754c0d4ff4270d17f336e625bedb5fba417a57b7e6,4688,43,13.741000
haoranran_6100,untested-public,task301,c357cffb53af50fbb98afd92b23a775df240360879f6b64a5ffd04e72b6f341f,19240,48,13.626900
haoranran_6100,untested-public,task302,fb204bc9f9d25c8f4c397f5e41b193f456dc99771a0ee1c9ece3c7000233bfa7,3609,33,14.730863
haoranran_6100,untested-public,task303,f1388ccd300d0326ef77e32e80a1bdcb15c39bd24649153f5208eb8cc0962cc6,2084,8,13.701382
haoranran_6100,untested-public,task304,da36b408e1af537d161fbb14dbba577380417c72233e4a1458970d507c43ae7d,2136,17,15.413006
haoranran_6100,untested-public,task305,9f735899c445d2de0753685201dbbaa448ff1306c5f52d568270b4588d8e242d,1865,6,16.718023
haoranran_6100,untested-public,task306,c582bc8db47af47753833747cdd64182a67cbb33077caf0099c0feedf81c0b41,4101,33,13.494673
haoranran_6100,untested-public,task307,badc5326d1acd892c77212fc876a3f3192e5b67a9806ab111d1e9589eff70706,7454,1,17.504458
haoranran_6100,untested-public,task308,4e29d8af281a2ed570ccd3f03a786e0e94f4a0cd651cb677e9955d522f712ae1,6118,59,14.148646
haoranran_6100,untested-public,task309,c47b834e65872a11ec0cda3c8246948b8365f81f916610b49ed07267815733d9,217,1,22.697415
haoranran_6100,untested-public,task310,8ba42d4bf0a654f913a7bee8772a22258fedd188475ce77c77e8bba0fee69bdb,5449,44,14.016845
haoranran_6100,untested-public,task311,250771b94d3db4658d4ac04e3bd9a0740f2af0f3aba0bb9b5df4d6181bb470d4,479,1,21.598803
haoranran_6100,untested-public,task312,5f8662413159b881c8dff97e5c51ca63270ea3b1609d0f333539af73166348ff,1202,8,15.791762
haoranran_6100,untested-public,task313,53e2ab0be4c673d804678ddf2f3818527eef5ba1762619d1b41891c5c71ffc0c,39887,34,13.655115
haoranran_6100,untested-public,task314,c5e30ef3e59d2973ed66b4202d3784913f7d6936ce28ce71437eb9d398cfc298,28414,218,15.616547
haoranran_6100,untested-public,task315,1bf0b18c996602619e9fd51d9c5b13d00e57feaab87cc78fd43463a38ba05c04,1520,10,15.469099
haoranran_6100,untested-public,task316,0b697272db5461192d00f8168c702d2dde635fe5bebc4fe3b7506a820ca9150f,5537,49,14.150469
haoranran_6100,untested-public,task317,54ad9bc9831f0f3a781e65116809c2c60f3246bbdc84fc6c0fa8064fecb5d8c5,3798,1,18.197605
haoranran_6100,untested-public,task318,8a6d9a5329cb6796da0fa92ad568b2b6d4486946f9e8ba759321818a4ca8144c,1569,10,17.908258
haoranran_6100,untested-public,task319,51ba5eb63c445916889b9fac65b7285e003399d7186631daca6b659f9f3415a5,247340,2709,7.908638
haoranran_6100,untested-public,task320,b5f9d264034aafc2780289baeb60a45e338fd6478233a720f13b79faa2d6b39f,2183,19,16.445511
haoranran_6100,untested-public,task321,b563dc7797c6347f41ca4931e7495e5bf990351453842b3410e31e0fa5be47a6,2449,19,16.139643
haoranran_6100,untested-public,task322,f43610dda915fbdb99faa2cb6fed4c3214451283dfa94368d29f23b537540211,839,8,17.858755
haoranran_6100,untested-public,task323,92f002adec5933084b386ff5c5883df9c0974a3b9405635e767a5aef4a6db8db,11252,57,14.172750
haoranran_6100,untested-public,task324,7411cc76a9bf780cc62cb92374e5f883c9b70cbd3467b70215a8c5ccb2373346,30635,260,11.567972
haoranran_6100,untested-public,task325,703958452270456b7d0aa9d4685a3bb4279c1a189050c3b1c4c5c0ef26767373,5072,39,14.330533
haoranran_6100,untested-public,task326,b95776b4618ae80d707674425b68a1b903cfc9925a01d24b03b330ce97a9c421,388,2,19.888012
haoranran_6100,untested-public,task327,c1e27b3e2516488d97fe6bc640b49553d912c7e6de9b4b9fadda8d8d305fa039,2235,17,15.428913
haoranran_6100,untested-public,task328,5e577adeb141a5a522c273f891701d12837320df953707180471e62c0f45f621,16269,121,13.846066
haoranran_6100,untested-public,task329,d74a675084da2fb504b608bab4f432a3093fad2bad9e29ecf0c3515cf01d07e3,2361,20,15.453616
haoranran_6100,untested-public,task330,0c67c61a96e91ab4b8cd0bcc5193fa4edac323b20075f302515e72a2e012d7da,7312,22,13.964530
haoranran_6100,untested-public,task331,159b7db4377d2a7d75a15aa8f84344e6d919741566944220da8f361aa1da572a,3836,1,18.186555
haoranran_6100,untested-public,task332,48cd1db44af7add465a5ff82c5375d6f8cd8e9eb6d035f67f802fb51d24c5fdf,4135,29,15.644867
haoranran_6100,untested-public,task333,056322558aa8fa4149af6ce9821d3273f0b403e4408e461963db3d70864f1adc,4379,55,14.877658
haoranran_6100,untested-public,task334,7cf8e36e93bccf26226adc1d02671e72d48d747bc6fdd93ca0435a1baa2ceb85,2063,5,18.119616
haoranran_6100,untested-public,task335,479e72a28e23e2cd127fc09a2faa9a3effb7be4d31b254cba8c612bfb4c5e640,3914,35,13.996401
haoranran_6100,untested-public,task336,66605e39204e06dd97980e812e93d14e7dab3eb0d815b075ac29202827cc6a4e,5276,54,16.294503
haoranran_6100,untested-public,task337,c276f5799bf0f2f77bbc0c31f5ed97472afbff9a946326286e229929029e2484,159,1,22.697415
haoranran_6100,untested-public,task338,b35b8a9c786b6c618d442f8072720d3dd2ed919de6726b80b6d1801d3cdbafea,4510,37,14.271263
haoranran_6100,untested-public,task339,e8be4c26edfb079da2c23ae2f0b4d5d89e4dbc9c4ef2dd065ae8f448193eec36,2038,12,18.112447
haoranran_6100,untested-public,task340,ae9d3b10081fa4e93487ffe7567852135f45ec4342fdbd9a3ff936ee5f937c52,6593,71,13.836306
haoranran_6100,untested-public,task341,c71ffbf3d469ff1f5ff08e06e8a0e63931c352df9bedb0eab43b2adbea21010c,11979,99,14.990307
haoranran_6100,untested-public,task342,568532a57f0cc0277edc76b1421770305f1a68dd847468cc0cf3c8d021e03009,4815,38,15.499306
haoranran_6100,untested-public,task343,df6df42dd51bc8bd68188dba44776eb25926c7dd542729c2dcda48b60fd156bd,7569,86,14.700054
haoranran_6100,untested-public,task344,a23999c886c62393d115371628fbee6b6043de7a35bed72285639240d6def4fd,10236,1,17.171962
haoranran_6100,untested-public,task345,a2280b92ae787f7017bb1ae28368cc578fe47293edbe98af935f4e7572d6087c,6721,30,14.153989
haoranran_6100,untested-public,task346,11e08c307d334e0429612fd7a8873ecf53260f716ca9da99b6693e6d9b369548,2236,13,15.875435
haoranran_6100,untested-public,task347,fed395462b49017236bd7c8efec1bf01bac6ab9d8aaab79388c4befd346d40cc,1369,10,17.440441
haoranran_6100,untested-public,task348,a6dd8eb329ee1c4b5ee60a6985610b6685bad770c76a14d12eb9e9665303821e,3000,29,16.103412
haoranran_6100,untested-public,task349,b57e802ae6c73cfabf1d34ffdd1313911001cb6a901862ec9c9346352bea0033,8755,89,13.103296
haoranran_6100,untested-public,task350,0ca24c325e540a593cb73c128715599c58a4d7bdd9134503c6991423b2840001,2670,19,14.734338
haoranran_6100,untested-public,task351,c17c4a24fd333fa82a77f43e4a5127d7eb81187a15ad4b7f8a1bb21664a5d49d,3049,25,14.532506
haoranran_6100,untested-public,task352,f3b9bb985cfb0478df981c689aab9f22dc5bb177e02b6f3b6a3b330669eef601,1398,11,16.201243
haoranran_6100,untested-public,task353,1639de1c1d4d3ee61a8454a02d3b5af4d359f13f2fb1c963687d4cd76b280a8b,3244,31,16.403811
haoranran_6100,untested-public,task354,a4fcbcc1ef0fd8b1a7950c768d7a39b706052f1c2c56e6e41edbd73314bc6f98,4335,38,14.253416
haoranran_6100,untested-public,task355,addfb7be1303c63d90f0a8826be7ab0eef88a10daab34df423f95eaec7e77059,4506,45,15.185781
haoranran_6100,untested-public,task356,551900e26ac21ba20631069f1a4268e5b9992eabbfd9cde50643affea19fc2f0,2344,21,16.482407
haoranran_6100,untested-public,task357,3d4c5d3ef46e8c9f15401243e101a1f27b9981a0b79e63fc1ea26fda02c8ea43,2328,23,16.120945
haoranran_6100,untested-public,task358,50650df0548143121954ee03c9db4532be39a4a56b686e8bf4987af48b47c2cf,10944,132,13.355862
haoranran_6100,untested-public,task359,5402e526d36f56006e6fe3438c6875e02057cade74e68784d892dc9c4510bdb1,3909,32,14.156974
haoranran_6100,untested-public,task360,cbf7727157a80c28ac6fcc451f84b9049d33032b1ef3a0e2d1f894ae885bcc5d,1399,10,15.658982
haoranran_6100,untested-public,task361,c72dcf2c6af6c480ffa12daaa617478f9be27c60a63ccfe186893b7c68f069ab,6930,61,15.263926
haoranran_6100,untested-public,task362,948c36d60760728278e165c782624303a83fbd0475705cc005aabfeeca71a6d3,2814,26,15.356061
haoranran_6100,untested-public,task363,b8bb005f95baf0f7f1187a369a57d564e14b956a7cd8fefaad5c607a51213fb3,170389,260,11.778800
haoranran_6100,untested-public,task364,4910b50fdd14d2e4b74bc569015b2b2bd81001119618fa3f702a1cc1c82088b8,10174,63,13.056130
haoranran_6100,untested-public,task365,4b59416c3b2d144a96e2612d2d0f8683f7cc3d3e0e8bae9a32ded28375a3e128,17605,242,14.014639
haoranran_6100,untested-public,task366,74e15e2bc6a9640fe229d9bc5648c4733797ba943051baafe2d2fc55d6ac03de,1269927,12512,7.083011
haoranran_6100,untested-public,task367,ea3969fd6929edb7b1ccabe3db2c9f2ffc4b995aae190c1726b93016b6ce2f02,293653,694,10.576071
haoranran_6100,untested-public,task368,adfad0a22cf1d32c9ccbab87c6233078e6282ef114061e9a8d631c80d4ea836a,14770,183,14.104984
haoranran_6100,untested-public,task369,24921a929eecce8ddfb843425f57bf35451669b9f27ff197089bc2e6015e3b8b,4692,24,15.502303
haoranran_6100,untested-public,task370,b4d467fbad3f58374b6befbee260b33db91eeab7315a61842d6c56e5021f8ff8,37248,316,12.186687
haoranran_6100,untested-public,task371,4bc87a58a1a7aa1545317a2b449e5ce6834f7c6ea948bee7bb30d6354847e3b5,2475,21,14.880232
haoranran_6100,untested-public,task372,8287976a56507f8fa1adddb31b7db71a31afc8b1966ef19d1d7f2775c85f696c,1328,10,15.477041
haoranran_6100,untested-public,task373,e3ca2087cc04caad3b005d7dfc630796288768c44b0d1bc85e85f3494ba1be24,988,6,18.027394
haoranran_6100,untested-public,task374,29c99ccb14d1600e97d7b8c3c292672fed67326cc713432a0fd26edcbd5c2182,16450,144,14.140290
haoranran_6100,untested-public,task375,509686d607b3126316a284357799deb369829fe56865a1b05609fa3447c4c5d7,2214,19,15.372793
haoranran_6100,untested-public,task376,4ecd8d4a9a3233fd394536f3d2b6e5e9a733eb4ad81f87a5112f8e0298563296,2344,26,14.339757
haoranran_6100,untested-public,task377,9634d0c4c5f2d3616c292399129487757b13a675d7e4d66ee409a56adffdec77,19220,208,13.919690
haoranran_6100,untested-public,task378,5cfb4ed375b262770e33cd356d40d8b9e1900d6a0a5d4f3575021b742dcefdbc,10496,95,13.926107
haoranran_6100,untested-public,task379,0002ebca2333b2402894d90300cae16c7fa1dcf04c9df3bc98751db32899d9ed,10260,107,13.808644
haoranran_6100,untested-public,task380,b23f227e055e494818df0587e34418a5054807bd258a80e00f9170bcedfd819c,531,3,18.397412
haoranran_6100,untested-public,task381,b8fc48156a5e19d7ae27af2ed7d6954afdb5a598125bad096a3b6d726219de3e,5721,20,14.081699
haoranran_6100,untested-public,task382,37a60fd4ab6d778b472b297a2057aa02fa992e9ba8bc0fa3e76a4bf2a65862ac,65997,322,12.307048
haoranran_6100,untested-public,task383,19da36427e6ee74fe0cf46bc86c98b873576bc8e0c1302e4d8b61c04ded4f8d8,6805,57,13.224964
haoranran_6100,untested-public,task384,57089beccc7a95bb03cb7bd0a9d6841faa06a32f84b126df9802e34c8b175e3b,4542,39,13.778082
haoranran_6100,untested-public,task385,629a5673b6a8e745a4c5b1b5afcf3c5e7214f2fd7c54d7f5da27eb3e788ea5d1,175,1,21.598803
haoranran_6100,untested-public,task386,de138b32b21fe35facfd4995972863055b13d2b794c18dced2522843483f024a,1471,12,17.121845
haoranran_6100,untested-public,task387,dd35e456b2784f2ad0f89d84fff0f05e2498cbab1a1398612b5155b63431845b,89870,875,10.460747
haoranran_6100,untested-public,task388,1ff8077147ab57a653e86c4389d3f5f467208ac76bab46c461bda7daf30d5d61,6368,48,15.272594
haoranran_6100,untested-public,task389,5d19a4d137ddfa5d5e278378f5210bdd9ffd9225b6b7ca3cfb0a823a86ca0be9,1421,13,17.451444
haoranran_6100,untested-public,task390,b35cfff252a2d3608ad005f521354f269c257ea36955aef72141d6d75f07f776,7851,41,14.615847
haoranran_6100,untested-public,task391,1582c8e52095b42ea4800ff8753f6e9fcb62f2e7b65b1642a469835c6548bf80,2841,26,15.787562
haoranran_6100,untested-public,task392,99e5d4969210371d7e389a389415ca7c8ecd3939643f90f1b27a3743a9056874,13503,49,14.173087
haoranran_6100,untested-public,task393,2f236f0f741468312b3933de81bd4f1f7d36a96e624a1545d1986160d95c466a,2433,22,16.321879
haoranran_6100,untested-public,task394,abf8dc65cf03456abf25b3a4b32685fe96d6021485788204f3593eae914f7a04,5312,78,16.528851
haoranran_6100,untested-public,task395,72a72e6428f843b5c12ac4172aef1eaff9da1ce6a13e6252568aea13233c191e,1479,12,17.403608
haoranran_6100,untested-public,task396,deecb12bf534491a8adbe29e9b1927ba002fffacc6253071aeeb6bef2ef188a4,148123,407,12.967995
haoranran_6100,untested-public,task397,d6838f43238e0445f2c5c2e513eac4c47739950e777647e7dd7b476270eafd64,7101,77,14.713668
haoranran_6100,untested-public,task398,5d6faac9d879be8dcfabbf8a25b82e0c62f0d41eb7d39aea7eb37e1fc447e023,8768,44,13.657827
haoranran_6100,untested-public,task399,f8e72c2228ae91a54d38c5a7f101356edc42d906cda234321b13bfc87a5ff38f,1907,8,17.483023
haoranran_6100,untested-public,task400,a6723aa91f00b4ea42edf81e211bc34d3242e7374c731bc4b42f69d14adc93f5,2165,25,14.532535
afr1ste_5689,untested-public,task001,e797ed891931604093a242891035430eac3d4815502c982c3a516c6f7db1b462,1137,14,17.041074
afr1ste_5689,untested-public,task002,4c3205c0141934e8750b205f87c8622ebfd80d2fce3c665797e3b1dd39c1d0b5,15506,95,13.510415
afr1ste_5689,untested-public,task003,af63acf28b90fea42960fbbf559775a83a53e0ee70ec23546b76626bd8718e4b,3334,44,15.883751
afr1ste_5689,untested-public,task004,fc9ef5d39847fe678249f3dd2ef4701d2d49b2afb4c27c424b79b6f9967ca118,2522,4,14.084548
afr1ste_5689,untested-public,task005,021d15497308032798c85f53d555a20782e19dd8962dcff4f068600918b4fbd5,7353,105,13.324403
afr1ste_5689,untested-public,task006,17e048671c7f056a80feba6875cdbb34da1521c36887cfdb399f371d8d5e163c,1124,12,17.603051
afr1ste_5689,untested-public,task007,f428fcccaa7c166df8066ea715126ddcc5f75122c86a8b1c5c59c3e14f1a973b,1320,14,15.981910
afr1ste_5689,untested-public,task008,662af396ddc9ba7a33d3a0179ae26ef1ac06a69bc0c08ef6be718fa379001d10,7667,78,14.933331
afr1ste_5689,untested-public,task009,2043f559e1ee947e2533c1ca00c25a699daed5b516d1bb4bf3515822ea52518d,30956,22,13.694825
afr1ste_5689,untested-public,task010,92d798f28d116dabbd7bef3a2e3f10f312184eb43390d09a00b3fe6c22a61b58,4038,60,16.479612
afr1ste_5689,untested-public,task011,3f64ad20a9feacc16ad2ce2296652dbc2fb5438e444a47af1f885a374cd43046,10170,52,13.898855
afr1ste_5689,untested-public,task012,cf80b1fc317b51dbd8efa9eca069b2dccd1d58066ce1eb61dabe815a96124043,1406,16,15.468881
afr1ste_5689,untested-public,task013,98f0942c7dbfaf541df9396cfbf3af4d1699a7f8bae9f96b9c4541f220eea98f,18384,91,13.331080
afr1ste_5689,untested-public,task014,ad49f42f30198141d4db98f05c2c6ed2684b5f87cf96ab29e7ab2c46172832d5,9602,42,14.344790
afr1ste_5689,untested-public,task015,1bdf0a59883c98795d2d54262adc099a55470837e426c2ad60d49f27b069db45,3798,1,18.197605
afr1ste_5689,untested-public,task016,fb83a8e988f586009bf17279b7aedb194e3492a8e6f357be6d5e9ed903615733,158,1,22.697415
afr1ste_5689,untested-public,task017,c153488103a6c52651cb16e429199a90d9aad0e6045615fd11850d11d80283e8,8530,66,14.414527
afr1ste_5689,untested-public,task018,fcab9ead5fa47a4411d35b61bfa722ceb6c5e22ed413895e0903e077698a9ded,23613,200,11.659729
afr1ste_5689,untested-public,task019,eecf7625da383cb85e5c0579fb3b8635767d444eff594d0b30dfd79b2d44ffb1,17887,35,13.165832
afr1ste_5689,untested-public,task020,4abb72f71f86d299893dcb1ee3be5937bc57ae169a6d1c33af77157df2be6f0d,31378,245,13.590958
afr1ste_5689,untested-public,task021,23fd70baae6140c9a73583e3cc02fbc3a3688eaa407ef137fcfb087456cb99df,28985,206,13.930631
afr1ste_5689,untested-public,task022,c5be88130ee878e905ac112de991b5ae0af82dff2e767849306c7de8a0f03573,28449,362,14.287673
afr1ste_5689,untested-public,task023,7100cb2173a477c20f040892ca20db7dfcdcb2dfe5ce3e697d26cd8c5f090af5,21057,327,11.876795
afr1ste_5689,untested-public,task024,f8a1d671c3118abe56700d79b82cd03b36acad2b03a5453a7790ca311b792d5d,3233,27,15.886171
afr1ste_5689,untested-public,task025,7edd7ed06bb2dd2a31adddfefc0deea3938a481790f0fe4276f9555e40a30ab0,3648,44,12.208552
afr1ste_5689,untested-public,task026,7b1677f67eb3a42b35d9d881fb5afa91618d944fae08e6ae12d4aeff0faa3601,1345,13,18.396056
afr1ste_5689,untested-public,task027,63da1fe45860bc98d31a806aeabad3d8d81890198997b6d66fe5343ab004d658,16205,25,14.486991
afr1ste_5689,untested-public,task028,5882fa43bf7f98d605e8098fc72437800e43705b6484f0675c3c72fae26e9e30,1867,13,15.896132
afr1ste_5689,untested-public,task029,25fd930dd65d6c39e3db30c12b581ca4e5dd8c8aea1ce2a272e893b8ea92fac5,13589,88,13.503438
afr1ste_5689,untested-public,task030,075de94951dfd2e7ca5e14c9b4080562a4bdc0b28ca1732af2945df0536be105,5840,56,14.270431
afr1ste_5689,untested-public,task031,b90c3fc6af40739352e474797fcd60c161bf6ecf6e4312dd7060ba0ff8383f7a,3417,26,15.164363
afr1ste_5689,untested-public,task032,64d66eeaba95588367af53102ecf4fb2ceb4c93327b677f80f1a9591b342f6a5,2347,19,16.867000
afr1ste_5689,untested-public,task033,60ab4cceeab38a8952d0157e862ec2f374a51c7d70c00bdecdf9833a703455b5,1510,16,14.081989
afr1ste_5689,untested-public,task034,40e15c163ffd24e22a1ff78e4e3cda24a02c486f385e9e6f18214290493f4ce1,8450,79,13.425829
afr1ste_5689,untested-public,task035,15a9c474e70c83253daaa3ff80387d3b29feadebd4ec8018b87fc277cf69f62a,3707,38,15.360283
afr1ste_5689,untested-public,task036,76facc8f1d2b1b6691dc621f3160abfd35d151bfaf74961ef3d21abebefdb575,5866,56,13.710331
afr1ste_5689,untested-public,task037,e19669c0dec2c6b73986d1bd07ec5c19bb0bc452edb6cf3d006f85657ae46d12,20424,27,13.937652
afr1ste_5689,untested-public,task038,a83d43302a9ef7e5b284cc1e38fc4ce8deedb152481de569220ea69b94855018,2357,16,17.306974
afr1ste_5689,untested-public,task039,3bac77b4053405c006f1695572c1a8853909392131b90cc60df799a75bef2677,1913,14,16.034027
afr1ste_5689,untested-public,task040,a759237736d4acc76d05d0cffac6e4cafc4e202ff4fdeb0d137356dafd1fe9cf,2791,37,15.777929
afr1ste_5689,untested-public,task041,2ae5ccde56d9118ad549ef2a4383dfc5a74e4b8fcbbd3b3dc4d09c92209444a6,2110,20,15.626776
afr1ste_5689,untested-public,task042,8b8a9ad58a540a15e4c7e3feeeeff5772adc9728f3dcdef4b6570033c8a0a84f,6156,55,15.255098
afr1ste_5689,untested-public,task043,16b05e98645b4d8da6cf555ed59cb2165317fe07248f91dd11f6747c0b38c22b,1966,9,16.129477
afr1ste_5689,untested-public,task044,d215e071509bbb0e89e16c7db0a9fa3b02b9a517685f71d35e1908d5c347fd05,84037,984,10.531310
afr1ste_5689,untested-public,task045,43dc4b647f1683ea779fb39571b0cdbbad8fdcfd27c8713aaa44314281d7c131,1438,11,16.040431
afr1ste_5689,untested-public,task046,776e40c71ae05f511e59e234f5f52931c7f966c95b139fed312451a249a5f138,5299,73,14.582911
afr1ste_5689,untested-public,task047,4d3bd9f3b89f4cbffbaa53b514aaf33d6a74318b8a86531c4f5d13411ed2546c,2151,33,16.492857
afr1ste_5689,untested-public,task048,9423c02033058a1188fae998353c04f6fbf4e48361dbee5461896ddd5d49ac28,4058,52,16.367872
afr1ste_5689,untested-public,task049,a37e8cb1f6134fded24f6bb205efbdfe9c4b4f96f2b9195d9db3108653eadb0c,3516,29,14.613685
afr1ste_5689,untested-public,task050,a43a64896f788cffb0e83ee188a7680ae80f27578b1bb607a36e32c9a39258ab,2006,21,15.843588
afr1ste_5689,untested-public,task051,1fccc900903384492e825dfc74d6952195755b48411dd42c988cf3bb64ea878c,3372,58,13.866331
afr1ste_5689,untested-public,task052,195c01dfdaae84b9a7a585295b8d44c1c3741ab522a7e9d472753ad121d8014d,986,11,17.886858
afr1ste_5689,untested-public,task053,11d2a84ba10862f37e4dae8a206314fd4226f70b6f751eed23e52ba32ebde353,175,1,21.598803
afr1ste_5689,untested-public,task054,5a4045b57ef7aa20458e7d31ed7aafc0d5ac705da9c9dcec05004416674ed7f9,5871,113,12.943890
afr1ste_5689,untested-public,task055,af92ce2ca4857d58e51cfa086182fd59313bd341f4f07fa157fa0f684d675f92,13886,166,14.820018
afr1ste_5689,untested-public,task056,2306a2e7b1dd27af9e0ec17099ee8ed0568f6696623537f2599419319f7dd8cd,1515,7,18.672063
afr1ste_5689,untested-public,task057,fe71c735896585cb2e65fe6bfc6479a0d1ef8b1f8f2c7b7a1fe27b318ca72304,1880,18,14.246041
afr1ste_5689,untested-public,task058,7a4b47e465104bb5b576167d51d642e539c3f9d5bafef55faac8d1987475593b,14221,16,15.313115
afr1ste_5689,untested-public,task059,6f93fccf92e34dbb6b51e75c53fd4882a6ba090c755d7c47d23c132b936f7520,6897,20,15.077347
afr1ste_5689,untested-public,task060,03687375b7e8938e4f841fe856da30c83884468ff07c648d7021c6b6748784bd,2458,20,16.372877
afr1ste_5689,untested-public,task061,27289ea0d11a669fe413e1b05826321af3d079ce8a5555fa2610a93704612c2e,17030,9,15.152342
afr1ste_5689,untested-public,task062,0a2e640c0671d137a38ff13794cbaaf44ed872742a534c52771f99d309757432,14479,217,14.670951
afr1ste_5689,untested-public,task063,5c8811b2da8473750953376c6dbdd913b50bc29b96f9a16a09cf201df9a483ce,3709,34,14.666940
afr1ste_5689,untested-public,task064,58b449d06ee31558e5b72e234bafcedd075ca374d90de0e17b116281716fafd3,5809,48,13.210838
afr1ste_5689,untested-public,task065,6c2ce6ffae5840d17998c36ee6a5eb3f43eb8f79699c9bfb3b25a07562742370,1862,37,14.533787
afr1ste_5689,untested-public,task066,11bcb593542e42e9fc01bbffff7767f781f328247ada1d38b11e32ad826930fb,115727,1405,12.397597
afr1ste_5689,untested-public,task067,e823d84640b258f8322dde914f6bd992553a53aadd84d4685cd18da5f1be35e9,892,7,19.247427
afr1ste_5689,untested-public,task068,e490818d91a162474f9a9ed4c4d7a03517788fb18760e2fe6ca209f592660a82,1602,24,15.559421
afr1ste_5689,untested-public,task069,fb91d90981c4b2168ade67173f5ea1376db182db9350dbdf930d3cb5026325da,32330,380,13.647595
afr1ste_5689,untested-public,task070,c09e95105072fd97b2106ecebc5fdb42c86bd41e9994b310781aa321351ec9d5,11844,71,13.900501
afr1ste_5689,untested-public,task071,2d696d39af281a3a0ca1582e413672e8ef38ef9f06d584f19844a45a6e2aa4a2,12082,49,13.226404
afr1ste_5689,untested-public,task072,579e7a8a616faf51a4ee64994c8709f2e15ca52f63c805a39b48ac05fe546a76,1347,11,17.801069
afr1ste_5689,untested-public,task073,c974fda7fe3001de4bd2200b9065826ac44cf359fcb1949954b82f28411b5b63,3825,1,18.186555
afr1ste_5689,untested-public,task074,8194b1eba8a395566d686766b74869219cdfdaec5105dbad5f36b6ef32435be8,1824,18,15.009189
afr1ste_5689,untested-public,task075,211a2ab0ea4cb67b9b8714d411d361e7eab6ec1192f0f74155bd9bd9c043c7d1,6812,57,14.742797
afr1ste_5689,untested-public,task076,a638cb261ccd8b6f9e1c092d6be4f2a0499c896d048eef22ac590b760e082481,28329,266,11.007650
afr1ste_5689,untested-public,task077,17691436bc7996bb9aa5b6b77bf34cfcc7674700abc8e4d69f7ec65ff4351709,7690,68,13.030200
afr1ste_5689,untested-public,task078,c33e2e8bb8525ee7c4bfa0aca9ec69955cdd9a97837985fb38efdb309903089a,1974,25,15.650246
afr1ste_5689,untested-public,task079,60ad44e5b208b22c2d4a93f322baf5362bf4a0b2cec7283e9db31f1de40a9346,2695,20,14.875251
afr1ste_5689,untested-public,task080,da97f63843845f687d92854fc2b1b0498fc0cb2543e1e41022a77c4b3933deab,18484,93,13.047885
afr1ste_5689,untested-public,task081,118dc8373587509f07d12aec64778af91edff7253f80e273a30e5863c7b8c91b,3749,35,17.256297
afr1ste_5689,untested-public,task082,5f994c35d189c6fc8c7c8733202150cd5bd5bb9aa686ef9497ce5a384641de47,1645,20,14.936138
afr1ste_5689,untested-public,task083,3526144719574eafa02b2d1fa33a4be836ec96c267520ddd982697e447b8bc98,7454,1,17.504458
afr1ste_5689,untested-public,task084,5bd28bac4f427d16b03dfcb9d4ae68237ccb4bb720b534e0e14b2768658ee6a0,2820,23,15.121164
afr1ste_5689,untested-public,task085,0cf2b40dcd4fe9bb85de2e251fdca74496734e7c804425012cb1c1110d27505c,2547,20,13.363283
afr1ste_5689,untested-public,task086,a786a589e429892c1114751b2e5d6b83669038bb955a0fd41d08d037fc8dc020,3099,42,14.839663
afr1ste_5689,untested-public,task087,4e9d18bfbd60be2b9135e2cc459588db6a40bb878e5e16dd89651e3c3eb1cfea,474,2,19.070411
afr1ste_5689,untested-public,task088,3d5e5840dfdc9ebffa4cf4bf83a4bfe2d30edac84b88ab71ed3a6686d3987ec3,14980,58,13.468469
afr1ste_5689,untested-public,task089,6b502b05846871ec53995c1f5c9da455a389ed9a1336c0f4ae4255e129e1d093,11171,180,14.186179
afr1ste_5689,untested-public,task090,8032717a5846db3d60ae06a4fa0ff8af92327fd6b6102d39eff9ae246e44816a,19660,246,13.943507
afr1ste_5689,untested-public,task091,6c44a2a529dcac845b02796c463d82b35c8cc360fc72fc096564f3beeef63a30,4627,43,14.150760
afr1ste_5689,untested-public,task092,31e6aa2df4e75b2376481ad479c8d107cebe1f6701ab925ab0272b482eb2f1a1,4299,42,13.071487
afr1ste_5689,untested-public,task093,d53709d4227a80fe5b678dc89ce6f57c3aea63e823e2046c48c474183ec11503,6363,58,15.329075
afr1ste_5689,untested-public,task094,28a21120b9528a2dcb7bca0292efd6f74673ee738c73dd8067742a81e6b16d7b,2651,36,14.351722
afr1ste_5689,untested-public,task095,eca4d38cd8606a930a722084789b856626fff5d4938c02546296c7f3cca109cf,3950,1,18.186555
afr1ste_5689,untested-public,task096,82f94876f3238891fc492b3e9a5008f6f8e86e0dde71e9b9fe63d9654bc8a6cb,46419,450,12.186515
afr1ste_5689,untested-public,task097,f0d0ab9a04954377879cace70b48610fc891b8e6d5d68ee0d372dd78fe3f2268,2494,11,13.853482
afr1ste_5689,untested-public,task098,8fff41bf99869a80261fa1ec8461431ffa90e7a616d10c1582642af88b241cde,3836,1,18.186555
afr1ste_5689,untested-public,task099,1e320d88cf0eac19c3c20b9c005a4be28ac50d4bf0a39015404f9deb22a0c31e,19839,1,16.500971
afr1ste_5689,untested-public,task100,c815d3a42090024e57143982ac6320779019d7524c630a2c9f175975e6254567,4954,28,16.135536
afr1ste_5689,untested-public,task101,2f86f7f3d26580e8b2e7c17dcb6f116d1426cedc46a8e42862c31b700b08bc84,29188,176,11.157964
afr1ste_5689,untested-public,task102,555379670415499a3469509eba3ce99d6489d0542cfbb844f67eb81334252529,15547,148,14.298938
afr1ste_5689,untested-public,task103,2a39294d09b90ef9b18c45cfe1e70b48b0689d5fb9f0a00d564162a10a0e7289,1447,13,19.454823
afr1ste_5689,untested-public,task104,9fe39c7d53c73444d4dcdde3b3e423ec71943f7133c2fb675ca3e111a67794bc,3667,21,16.767294
afr1ste_5689,untested-public,task105,59f8fd1ff45ba79e9a46fbc1a64499901637d50581b1bedd691122bf65782406,18785,52,14.495481
afr1ste_5689,untested-public,task106,9b54191da37371effdb80aaca05a4cddbabc19d25cbc1ebceae1d85a897c6698,2939,13,17.940382
afr1ste_5689,untested-public,task107,486d43b947a10c096cd5abb2121faf5664c1d92f9d0196957cff677676caa5cf,31191,52,13.799992
afr1ste_5689,untested-public,task108,825c078fdd5cf248ddfcf1d91c57c125e6e2213304022e67810f2d3aaee2922c,7454,1,17.504458
afr1ste_5689,untested-public,task109,b743a1e192a39c2d75aaf83cb75d56b809c2988910d9340cb23a699063ea121c,5491,39,13.539347
afr1ste_5689,untested-public,task110,3c6a969967d00d5933bfc76224740332ab35c72aaf1647b7a2ff532e3c71cf91,21494,163,13.329165
afr1ste_5689,untested-public,task111,c01911e7f5493ba19bcc496b439eb2106bd44f79305daefd94e102a96691a8ca,1499,15,18.319145
afr1ste_5689,untested-public,task112,56e657e71c47611607ce5664aae5fb20583375121df117d9aa302b41a2634031,2578,42,14.005126
afr1ste_5689,untested-public,task113,356a5f1e2200cf2560f6c836ce7d21eca6b6cad9e68015c2ae31639613ef9b09,499,1,21.598803
afr1ste_5689,untested-public,task114,7d1973d605273db25b979fc20a63bacd338098bf8f239bc90618b4b89dd1baa4,4719,26,17.865906
afr1ste_5689,untested-public,task115,fef642f35c49927e9440865ae0761f3f9ecb7d9bb8a03f2a5109e91a82deb620,5069,34,16.675906
afr1ste_5689,untested-public,task116,3f87aab73b8c538752ffb070a34dd07ef95ccba2d299bd7526da67fcf956e1e5,479,1,21.598803
afr1ste_5689,untested-public,task117,c32189337a4b14d3d52244ff7914e7dce9ebcfaf9f942408fd29acc95156c013,8103,74,15.170482
afr1ste_5689,untested-public,task118,5f328d2ec86defbfb2c13a18295bdee794ba98cb6ff1c7b17aa66de2cf5a7d54,84806,759,11.006711
afr1ste_5689,untested-public,task119,afa30c6fc964d8a93392c6b8b9865d1ca2f73c682e977c50e35e0e3d800e9ab1,25915,165,14.224215
afr1ste_5689,untested-public,task120,13dafeb021b56dac928f38d32b4a0b841fcf481296ab752c9ac203fa425e1acc,3836,1,18.186555
afr1ste_5689,untested-public,task121,03880dc2a72d6781722a53ffad4b506867ebd9f9c0a7faae3760807eabe67856,3339,24,16.215838
afr1ste_5689,untested-public,task122,d932a3ac54fb54cc09d9cdbaab21ba4e9165ed9a6a8e01b9e0c49fb972269b75,10236,1,17.171962
afr1ste_5689,untested-public,task123,984533b7a16d9c9d396feb3804602dd6044b4573d05d14964f3f23d179764af2,8805,17,16.680283
afr1ste_5689,untested-public,task124,da414abc8e11d3e2038a3d6606b2781ef28d37a402428e1d219ee350a98f9bf4,2840,52,15.634966
afr1ste_5689,untested-public,task125,20f2c3e90cfb5afe5ac7e795a1cf906ce67453cb55deb5cbcc51275aea5fc7e8,3032,28,15.495722
afr1ste_5689,untested-public,task126,b86dafbc68af0e5b698f0241dd534874e44ffd9dfca8bac7b89280a3534f3824,2765,29,13.636840
afr1ste_5689,untested-public,task127,81f551a5b779e861ce371fdc4697595db753242954a60c50a3ac8e3108937d97,3772,1,18.197605
afr1ste_5689,untested-public,task128,5224331b88562c8c5864a82ed28442ed1a8c17321e5852eb0c193b0a8eabe7e5,3365,28,13.537926
afr1ste_5689,untested-public,task129,728f63fb36979fd5cd4db20aa2b8b128603016a86250a5df2cdbca61d2d2662c,785,8,18.306676
afr1ste_5689,untested-public,task130,129e8e94901df68286dc85134b4be5ba1daa1437df26f1eb430b9272e7f77471,1293,10,15.322911
afr1ste_5689,untested-public,task131,aef2df6731cdd0168ed41a7637a2b939bb42ff5efe498e6732b1bc4fa4aa2d64,7860,103,14.295633
afr1ste_5689,untested-public,task132,02558813adda79590927fa1e3d0be80af0e44475a6abbd69beb0d87da57bfdbb,2585,38,14.709279
afr1ste_5689,untested-public,task133,6ccb57c3810dc0c3b6f064c5e119e90c2385d4820e00ac2839ca00b113ab2b02,193328,369,8.972573
afr1ste_5689,untested-public,task134,b8c97031d4dd9d04cdd7ec5e6e43525899b583f45e8266ddaa88aa4340ea596a,7061,75,15.575516
afr1ste_5689,untested-public,task135,a5ba0a9dc839a73fc24585aab0bb1e97cccd5531fb28b98b77e91a17e7701ecc,381,2,19.097367
afr1ste_5689,untested-public,task136,6719c0f34b735f8968b63c25277b18aa2eefbe6fd1267c5d7e90914180c5437b,4284,33,15.571890
afr1ste_5689,untested-public,task137,ef031cef24d9c3cbefd960f1b4194426dfaca31af36b0b1f7efef5d288784706,3864,36,13.808906
afr1ste_5689,untested-public,task138,955dbb96bc55cace778678f56c5bd88133614ec7110a51346c1a0dc4a1db6f1b,11562,143,12.804160
afr1ste_5689,untested-public,task139,e3e6133e136fc342560390d22bb08861dc290ef6c9f64e8854070984d4a5946f,3865,33,16.803012
afr1ste_5689,untested-public,task140,4e9d18bfbd60be2b9135e2cc459588db6a40bb878e5e16dd89651e3c3eb1cfea,474,2,19.070411
afr1ste_5689,untested-public,task141,419409ee1ef9989b22aaba718cfe107b9d915bb476e1f4edee982507a294cede,2345,21,15.331033
afr1ste_5689,untested-public,task142,b525fbe662a950ccba343052e36da4678bbd57b9039d4f6c5a15f3c0a16fd54a,7454,1,17.504458
afr1ste_5689,untested-public,task143,545186fc1e5605ade4d666e87702a09678e9c34c1449945e1a0fdef567cea868,2144,24,15.124860
afr1ste_5689,untested-public,task144,9ccdbc162d23747b26bd043d8488ba2aebe080e2a693304f16ff65bd3b7d6a0e,1358,13,18.333043
afr1ste_5689,untested-public,task145,56b66728666329e2dd3c2c70b5c11b0cecc7b7dbeadcc916e3420976161016e6,19982,325,13.847227
afr1ste_5689,untested-public,task146,773d61ca46def6d1e9fdb7916c51a9f5e99a5d39640f394231b2b05a400c4a31,1894,29,17.278651
afr1ste_5689,untested-public,task147,e65dc2d49c2dd32775575699e73cb1ad0aca1fcca0a87fcec26127b52f631670,3825,1,18.186555
afr1ste_5689,untested-public,task148,977766efe15f7fabde643b68e24ea47cc5d9069210a295f8ba0c7ab3a2f5b9de,6750,110,14.999885
afr1ste_5689,untested-public,task149,3137da6fb944a3bb6e03884efc695345a045254de6a366510505b2221d175600,1404,13,16.455386
afr1ste_5689,untested-public,task150,76f8eb9da3807edf4124e46806f9b031641e226c6487d3b112d4d85922554a90,1116,12,18.074405
afr1ste_5689,untested-public,task151,265a8eb2b997ae3dae68af150413ae0c0301bc004251e92a8beb0dc79bd2e36b,3880,1,18.186555
afr1ste_5689,untested-public,task152,b525fbe662a950ccba343052e36da4678bbd57b9039d4f6c5a15f3c0a16fd54a,7454,1,17.504458
afr1ste_5689,untested-public,task153,38fbc20149dd80b1eb16214f6f1117d5d462101850784faac14737ef78eb10b1,6433,70,15.056187
afr1ste_5689,untested-public,task154,d2d3797d93f1e482fe57a04807f0fa583ae404d99fcdd43ce56c940784f9347d,4584,44,14.033355
afr1ste_5689,untested-public,task155,919878d799b8ff18c13fd3be962d0bc547560b109f2cb30f24b36a62988dbd7c,1116,12,18.074405
afr1ste_5689,untested-public,task156,8c08fac91ad49f27e4378ae5bcb222ed3bfcb051a9a2a1f9f7e6cec14d51c15a,6057,61,14.019584
afr1ste_5689,untested-public,task157,3bc1c470fcf83af4b923ce94380c5256685383a573b947ef6ad357a8d5129ba3,828976,401,9.817105
afr1ste_5689,untested-public,task158,b92c95057fb98f92c7cc90048da937cff4fb30b454c831d01ba28d99fd137939,62208,816,10.019056
afr1ste_5689,untested-public,task159,93239bd39db8bb07ffc4f354ca7b43656c78ca03e18c9ca72a30ccb093e2eb5a,12966,57,13.597995
afr1ste_5689,untested-public,task160,5395ca933d4016406d6256408f8400e48279e5bc870b46c5a08c6d4cd29837f9,1758,19,15.676777
afr1ste_5689,untested-public,task161,bc60184c9e320b956f991805f7c0af6ce62b2e358d772803650d8f5ff57e986d,3841,50,13.178062
afr1ste_5689,untested-public,task162,29467827e023a09da29f2c6bcf10d77d7bff035e613d5615f27d623e6f2f3224,2268,19,13.944502
afr1ste_5689,untested-public,task163,261af5c25f75b8f68293fce15ca95d8473efdd1a3ee6edf45eb5b1981fe6d584,9085,68,14.910655
afr1ste_5689,untested-public,task164,250771b94d3db4658d4ac04e3bd9a0740f2af0f3aba0bb9b5df4d6181bb470d4,479,1,21.598803
afr1ste_5689,untested-public,task165,84191da6721ff334125fd7fa8616eb9122ba801b8e467d4f0bac42cdd367fab2,4910,25,13.879762
afr1ste_5689,untested-public,task166,635ac35cdaf739d7549ee8cd70b4042ae832ff18d2798a37fb1e315bb0990a02,1318,11,14.881845
afr1ste_5689,untested-public,task167,71960feaa6f01d141e2e847cf629191d99e40b6ceb0199f2c3f955b43a84d6d9,1673,9,18.470581
afr1ste_5689,untested-public,task168,2205bf940f52b8c30a0c4ed0a64d1a137e71404a8af99f96a01447ae4386c250,5052,45,15.071674
afr1ste_5689,untested-public,task169,d34446738a954a6fc1b16cb7d16b84bb05cbe2d02a20979c41868a592c719042,16222,180,14.557420
afr1ste_5689,untested-public,task170,9f919ea1d3fae6c43dfb70c30fe5ce04e453a44324f39755cb00850f150578bb,64849,681,13.683941
afr1ste_5689,untested-public,task171,c0dccfce69e87e53b68a617cc0ce6da5c9659180ce2acc2a46007c9915c524cb,3825,1,18.186555
afr1ste_5689,untested-public,task172,aa923630b6479cf1a1f5e7b7bfe2e4947e1c8ba8edba4f31d250b0b2f0c98dde,479,1,21.598803
afr1ste_5689,untested-public,task173,a0299600440d0a79709022f1953af8a56eda11e1855cebe4f865b5a0de0e5a2d,10108,69,12.891033
afr1ste_5689,untested-public,task174,a6f543067be128376f67b828b67c2b02a893fd3d4b5341054c090b91d89ec12d,61839,790,14.120087
afr1ste_5689,untested-public,task175,f64edba1034b5114f957565b1dc72841ea8b5ec0962c5181886797026716c435,12317,21,13.619909
afr1ste_5689,untested-public,task176,e323248617622d6f3ec11b2d387952fea83ecc2fed3bdb998ca12143a2168c6b,1126,7,16.022854
afr1ste_5689,untested-public,task177,cdcbf832519bece9b4bc7966b23d1dba298385f8a602e49475b595b22b33b001,4180,37,13.778698
afr1ste_5689,untested-public,task178,4da8ed1ed0676bf74ff1db264eee36e5a51569d8bfd9726b145975fb852cb357,6748,126,14.713600
afr1ste_5689,untested-public,task179,bde695a21a93b9e2084a9b7e8a8bee5f2cdc694baa71a12d1c34ae921a89cb87,170,1,25.000000
afr1ste_5689,untested-public,task180,8f6b55aa41b48daa3c5bde2cf091752666c75e5b3b9acd0b61ce5c378a8988a7,2525,6,16.084031
afr1ste_5689,untested-public,task181,d5e423513a6d975dcf970b7fa00306491312801ed8b9c3232bddaa05e5217ae9,3083,21,17.914936
afr1ste_5689,untested-public,task182,60cb00d6415f1155bbc14c47d411fb7490e91a2ddb2b03ae8f6c9616cbf0363b,71393,512,11.500371
afr1ste_5689,untested-public,task183,304fd9d6c78ea14e6b21f5a8929aec65dc8582e0ed5300bcfe6c020cd031d4c2,4645,55,14.878261
afr1ste_5689,untested-public,task184,13b15a1ef518df2e500f0ae82e229000633c9b202b8a3823a64b53b2f3f0f6af,4872,52,14.302435
afr1ste_5689,untested-public,task185,1bf2a27a8029d542e74bc972065625efbb203ffb2f6fb5d0bb27885270cfd988,14143,251,14.003650
afr1ste_5689,untested-public,task186,4319d403e35394db90c4c67a58bad9ece89975a89250f5093212455c57f88fef,1598,7,18.547951
afr1ste_5689,untested-public,task187,a12ff26344d3636a415f318272f96b57a7e6c98ebd9e5bd92bc9465f8ff342d7,5758,87,13.435308
afr1ste_5689,untested-public,task188,b5aedf9a8411d84cd20d8bded8746b6a16044a019d7d5352e049a9c98ef96837,3259,46,15.725371
afr1ste_5689,untested-public,task189,ad40fd32da208b67a234bbace455a8c50984a7075ef19f2a27f1a571ce90a1e6,6774,110,14.886089
afr1ste_5689,untested-public,task190,0a31ba38881a6fc4af83224d1aa59f0a876aea5808f55f95707b8c5975ac4c06,8781,63,15.675974
afr1ste_5689,untested-public,task191,3e3ea66f05444e9801586398edeb7cb3b3ac417fddb428894e250f47c553c7f7,10881,200,13.638840
afr1ste_5689,untested-public,task192,b33d9d2c7a44e0ccefa26f20c6eb211ff45cdba6b7ca7a38c8fd674ddc5062b7,2511,21,14.093402
afr1ste_5689,untested-public,task193,1184ed012012ee9bc87677fea86382acea9bc6b8979f087a5b3500492d6138dd,1925,14,14.109558
afr1ste_5689,untested-public,task194,5a188032e9933c63bea9816c0846001d769eb356d00653af9e5e766ff62bb53b,7454,1,17.504458
afr1ste_5689,untested-public,task195,ba4b722b42ea9bdbffbe4fcf38c90d387045eee91e245e77f502c246c158e0dd,5381,33,15.436963
afr1ste_5689,untested-public,task196,89719c41cdbc1176e45d78565003ab2f9feb673cd43fcf7fef4c3ff8a4a302e1,2417,31,14.618975
afr1ste_5689,untested-public,task197,6f798e4fbe242d845f4168a71ad84c782a558bb70838d9f5b70f1596902b00f8,1218,18,14.166556
afr1ste_5689,untested-public,task198,a1cd099e3d965fb4506eded8d4bde77ea202357df70e9212b36911ca002c8cb1,6979,51,13.449576
afr1ste_5689,untested-public,task199,7f8ae82add1995ce631f2596ebf18e50b694cb8ec8d56a776cb6b1f393d891fa,2948,22,15.309891
afr1ste_5689,untested-public,task200,4589e9e345d5611e06a3f259a9385c606cd59f02b27c7f64bf63e16a54ccd803,2331,37,15.741822
afr1ste_5689,untested-public,task201,45f10ca88d12df7175c80895aca63ccdf595c12c3c580a4581c0a70fa6eb8d06,10924,135,13.554497
afr1ste_5689,untested-public,task202,548ea01a96ba723d596f57386963dc208eac1c74ee9c8ad978597704d8065f5d,3582,31,13.258188
afr1ste_5689,untested-public,task203,934167d7108d311321e5ae31de256c5ed18dd19290cc3cea7456337d8f1a1d04,6437,36,13.602194
afr1ste_5689,untested-public,task204,9f38dc5ba1a07e4623a1cb70b99d3f1d5596e7ee376217808c15456a76669711,19069,110,13.100493
afr1ste_5689,untested-public,task205,878a31dd213aee56495ca8d2724f913b228846d019338e34ff2878a76f37d8e6,27302,670,12.286456
afr1ste_5689,untested-public,task206,a9a48933d73ab0ca96c39812eaf2d7cc02be75d240f640166a9e5b4a88f1a1ea,20303,224,13.895344
afr1ste_5689,untested-public,task207,eb31b69d46ecc34c73b17ad80493c10002468aa9196475e6c9e12fcf46ff8235,1979,25,17.463636
afr1ste_5689,untested-public,task208,d0d8ece63c8bc8fcbf0d3aaffe8e19beeb3631e34ae885a0bc47d879dd094d1d,15747,196,13.567493
afr1ste_5689,untested-public,task209,a1b48954523b7eff05d2f64898a372e85801e078133c0dd1e2e4d8cb5f594bab,262470,2244,10.538698
afr1ste_5689,untested-public,task210,aa923630b6479cf1a1f5e7b7bfe2e4947e1c8ba8edba4f31d250b0b2f0c98dde,479,1,21.598803
afr1ste_5689,untested-public,task211,3c58a51ab06ee25bf3c54539284f6def4bc6e10c364246d45f5533df0905fd17,7454,1,17.504458
afr1ste_5689,untested-public,task212,b1f271155596ce1ff46cb89a2a9c05d5033b8d36d863d7694a2bfa19c3bb363c,4791,53,15.792764
afr1ste_5689,untested-public,task213,bea0e13014694681f4277e3fb242b16729cd609cd076e31b8eba6201f2c78841,25091,385,14.132022
afr1ste_5689,untested-public,task214,476030b9c3c916862c896b22ae9f1ee46d6bedd703bd39deeb4fe1a9a7cf6c54,7454,1,17.504458
afr1ste_5689,untested-public,task215,7944efd69db01622acc90aec13cbcd6480dfbc192943a608603e8af711bd84a2,2619,39,14.321348
afr1ste_5689,untested-public,task216,47538c17f1e6ed157ba6d4effe2cbfc8d098af219d3896cbb6d92e0989333de8,11027,268,13.451978
afr1ste_5689,untested-public,task217,58f2ed503258d9c007e4e93b086250cd0e66b2871fbc7602a1fa7d6869dadd1e,7268,34,13.747647
afr1ste_5689,untested-public,task218,14bb6c5e5fa3712e4f556142985fa03de40ba2accd475bb596ee538d3c10c60e,9594,137,14.948006
afr1ste_5689,untested-public,task219,11a758e659d2bb09904d1bd48165847c4bb78f8ac4e5485a3e23c3b668674398,66945,518,8.639996
afr1ste_5689,untested-public,task220,924ca3ff6b3c2190ebdd92b73e0c33ac441a7e64b5924bb34b2faa596a40dd55,3798,1,18.197605
afr1ste_5689,untested-public,task221,fc40a9c864b222aaeab1d16ab69b17f524fd95dc657baa701b144f4288e5bcb5,13333,28,14.069235
afr1ste_5689,untested-public,task222,f82b35de1de8377a5dd17f94de623872a1021443ff972be6e0765c6d21c5595a,2578,21,14.031198
afr1ste_5689,untested-public,task223,51cd95a032c661ce28fa653ad0e727fb33cf6a709a5747e02a8ab323190ae968,7454,1,17.504458
afr1ste_5689,untested-public,task224,30eef2f542fdb5bbe18b230c6d294b136197beed63e963e56779281e678d2de4,4703,55,14.275456
afr1ste_5689,untested-public,task225,29a76e5536c419ef3e3747f899f51614ee6699ad35ad5fb9b073ba5d5f52d257,5688,40,15.687284
afr1ste_5689,untested-public,task226,5d115fec7e34ea6013b743620d1addba979258bf37902350608a4c3438346438,3203,39,16.376826
afr1ste_5689,untested-public,task227,1c70db9caee31b32d02ae1630c5ef3991ddbf82fedb750d43b515fab048d6dec,1135,14,17.018267
afr1ste_5689,untested-public,task228,a8a923f21fecee5512861159a89a0ecf2a9f276985c45face926d3b953bdb4fe,2649,61,14.869935
afr1ste_5689,untested-public,task229,acbf2dc745d4a717148c274f1e25cdd3fce8e718787f72530d661d60044ad805,1379,14,17.749364
afr1ste_5689,untested-public,task230,1444325f9990947c4e2b6bd66f2ce611d8efc4be97b595c4bf2ad63e9e166ad0,3798,1,18.197605
afr1ste_5689,untested-public,task231,0c1e71372911c46c9c64b66ca2cb0069688208ae594f8bbcb5c63f8cce07a8f2,2684,50,14.445699
afr1ste_5689,untested-public,task232,b416c4b9864f9c0ee3021d3e0d536638459295310003e1612ea60837e5e1fc02,1616,29,14.707956
afr1ste_5689,untested-public,task233,0c7867386dbfd3e77c3da481800bc4a993f14d1e50424de84392f5db73418f5e,967315,781,9.934099
afr1ste_5689,untested-public,task234,2155e2ff4b0176f096a434be9231dfe06a6833e910cb0adfbc37af07279986b7,8285,96,13.151052
afr1ste_5689,untested-public,task235,046373c88008b543046f990f0cde3f5c161d21e0835fb8ca9ada066a6fc504d1,3090,35,17.801069
afr1ste_5689,untested-public,task236,f31f10a231dee6623a8f92097bfe067ab563fa38c8846924b5f2a5ab17a6009d,1291,11,18.417975
afr1ste_5689,untested-public,task237,9d3baf9e04284ace2238abe88eae62477296ee34499efa7b0146d799717804fc,1637,25,15.430308
afr1ste_5689,untested-public,task238,3208dbc8cec5a6a6874fb45bdf74920c0447b6b2745454a2ca76efdd5aa83d45,11927,102,13.927566
afr1ste_5689,untested-public,task239,1bb32963e7cb07aed708c1c9c2e30991506b48570898ddade7fec2515559fc95,3146,32,13.543888
afr1ste_5689,untested-public,task240,517aa226f17f9719f23361c73ac446784b46dcab2e0b0b74e53a330d06a47ed3,3165,32,14.226601
afr1ste_5689,untested-public,task241,bde695a21a93b9e2084a9b7e8a8bee5f2cdc694baa71a12d1c34ae921a89cb87,170,1,25.000000
afr1ste_5689,untested-public,task242,d7384fd7ba8ec4129d2616b9748fc5716d95db369aebf7d01b274b6d16dd0517,2031,16,14.896433
afr1ste_5689,untested-public,task243,3cb9a3f1be39a37bbb87bd73134067626dc1327ff4fa3c2e17d2001f6202bf70,23875,377,11.722133
afr1ste_5689,untested-public,task244,c6ea97ebaf15343165f200b1115282ed7736fc6b68fca0f3771d0f67cb4304e5,6538,66,14.607197
afr1ste_5689,untested-public,task245,d04e7eade65728852787ce1f17fd87271f8553f9adab1f0859000bf44a750b54,6141,47,13.600680
afr1ste_5689,untested-public,task246,379b5a73e3dee6f56eedab3ab0bd0ed8414179c6e7ae1edd0a948060d6401309,3824,31,15.497662
afr1ste_5689,untested-public,task247,571f2a511fab78023d1a7f2d9abeb4db3fe79eee85255f84a00ea5cbcfc49400,1379,26,14.999794
afr1ste_5689,untested-public,task248,c420e7e45fb63abafafae2e372ec7f15ac18e7e7749ae0026a3c7b489154b864,1784,24,16.208058
afr1ste_5689,untested-public,task249,dde855774ef1a32a1960a4696e54abf617eebe91340c70355f303440b7758f6b,1912,19,15.895131
afr1ste_5689,untested-public,task250,b29f5ac7d4700ac0a652a345ecbbaae31234a076a653038c6046e5ca010cbec0,8113,129,15.496915
afr1ste_5689,untested-public,task251,054a1310978ea762a181de2ac68b1c10e5d9e706e70a593b68af3d1f26ff74b3,6906,53,13.472393
afr1ste_5689,untested-public,task252,bec02ef719f5aa5209ea640ba969d88d01e965556716e3d9310082c47b2c0d19,3135,28,14.447160
afr1ste_5689,untested-public,task253,2538ea53b1aad1e6365055ee14f48dccb49ef632cce416086075b33d42366bad,3510,17,14.215455
afr1ste_5689,untested-public,task254,cce96782d9b4b1065b63ebb4a84c1ba6253724c3cd2a387838d205cf71eaae5f,4960,49,16.018318
afr1ste_5689,untested-public,task255,51d5955f294f42c4ef2f642062e37df4916ce3267009ec74ee6c432b3f014f64,1204779,495,8.479410
afr1ste_5689,untested-public,task256,37aebb653619bb91ba21ea10374a3288d619e99b3f9bc7709dc4fe7175bbb765,5118,40,15.033960
afr1ste_5689,untested-public,task257,316eaaf4e1a47569341378a8a58e40559f938a7fe5ae659867c0f2117bf8e021,1369,20,18.018065
afr1ste_5689,untested-public,task258,9cf85f5ef87760197eaab665af872adc9c2a38a6b9c2133f506deb1e51402d09,880,1,19.924826
afr1ste_5689,untested-public,task259,27456ae69408af22c00268a792cbad0f23c2f425a2c4e88336920536b67e0cea,3882,30,16.162900
afr1ste_5689,untested-public,task260,a0c625eeabd30f89f6f16ae6be445f721bbc7059d940e63069a03d74b0fc06a4,2263,28,15.568598
afr1ste_5689,untested-public,task261,6104690685d52f02ca149095658b51c2d448d252f763922efdb0fd69749b630f,995,1,19.701683
afr1ste_5689,untested-public,task262,c4714ec84de4fa51ba3751b69dbf34ecf5bdaeb8026531c6a3a6a7fc3e22e9d9,1329,8,16.086315
afr1ste_5689,untested-public,task263,b4da10b186a4fb387881e29ff1baddf4802e52a6b7cfa6d7ff28929d3e741c21,7373,158,16.006076
afr1ste_5689,untested-public,task264,01ac406f30f0ffced1625ed8050b91086a8967573523be0ac1583a6eef0e4dbb,10074,115,13.154639
afr1ste_5689,untested-public,task265,793c90930f0d6bb81694213900773baf05b0f6a7e4269f05aa80bcb0d1b6e454,2076,32,14.424538
afr1ste_5689,untested-public,task266,491258de81aba00b6aa06f223356e30346665751690278693288e858450c8563,3825,1,18.186555
afr1ste_5689,untested-public,task267,410b39084246024b149c984e95489e0660a8825a25ca70475cf339e5914a1074,1306,11,17.865109
afr1ste_5689,untested-public,task268,d6e7655471c32dea89573357bb31df7dc7c23396d2d8a7318ea2e17508b7d609,13356,180,14.983764
afr1ste_5689,untested-public,task269,947f2c17a6b1d44a9f4ad789f9351b4edfb84e0298e879c258d5034b09e12f72,2336,31,15.940250
afr1ste_5689,untested-public,task270,71e2079e705f158456df93b482072338ac3d25a44700db7c691c5b6e8f4e2c69,7218,60,14.749560
afr1ste_5689,untested-public,task271,1d303e94d417fc4786c4e80dee5be764e57f981905d0bf8f5e5fdf48595b19ed,1993,22,14.725259
afr1ste_5689,untested-public,task272,bb44a1717b5f9b6f1cd8f6bdd32aa6a40d88b17db3e200a8cb6f7806bb2c658d,3825,1,18.186555
afr1ste_5689,untested-public,task273,590750bab5e6ceadb53d2a7aaab53b648f679b8070b90d7b9f76e86d7e1b9199,1670,21,16.311041
afr1ste_5689,untested-public,task274,16c49e95823e84f06ed23b008793cf2734b79a98dc2eec7948735d763d5ec465,3619,16,15.921935
afr1ste_5689,untested-public,task275,749f9601004e452d7eefecd8387bd82ef4d30c73a87566d263f5ea4895b9406e,16304,253,13.662869
afr1ste_5689,untested-public,task276,2a3e881ae92099c36f1955bdf96ca1e9f77a4ef3d1d3eb58c63eccc80a655c7e,217,1,22.697415
afr1ste_5689,untested-public,task277,cebc38159bea1686857c4d29e62c4011569904d69484bff4e6b909ff06d86e48,5081,58,13.835215
afr1ste_5689,untested-public,task278,0c14b78590ad46420b694424fb879d1c8bdef545b3a92cd9ef5a15278e77cf1e,2285,16,14.554682
afr1ste_5689,untested-public,task279,9da9837f628935b332e77f1f2722fc9a6c24137021584f85bc276e033ed394be,3082,43,14.780899
afr1ste_5689,untested-public,task280,82b670978372ce1c23e03297fac4c9a8b660a0ab794420b6151459faffdbd466,16655,138,13.156003
afr1ste_5689,untested-public,task281,082339765f10db32abbb7ac3454eafdfdb6b0be3a82ec60d9e69c2facad4423f,5479,61,13.607944
afr1ste_5689,untested-public,task282,3b69ffb73c79f09e8523073931061610e74b3e0d32534378317960c9557acd0d,3798,1,18.197605
afr1ste_5689,untested-public,task283,b0e2a1e5a77dc63e5c2faa69d44120f7fe0e8773160760e68b7f5912591f4c60,3825,1,18.186555
afr1ste_5689,untested-public,task284,fad3c53111b5ac6b7d99756ade0b122be5399f69539b335f8d35bea450647745,23922,125,13.466958
afr1ste_5689,untested-public,task285,09b97972dee87890713c6fa63842bb088f1daffac6dab0273514dcacf29a5f43,32071,478,11.493458
afr1ste_5689,untested-public,task286,452c89917bd81728f5db1bd4efb133d57ea0ad7603343cb823fc1e7402cf8b6e,13714,168,12.965719
afr1ste_5689,untested-public,task287,4cdbdb8ebc51362af348b4c6b27acc968618f39eb23639e05932f58cfd196831,1686,22,14.975800
afr1ste_5689,untested-public,task288,0e48931aebec1eb0659c9be80508c8650400244b0f49af19d8698dd8b162a3cb,5948,54,14.632558
afr1ste_5689,untested-public,task289,7ca96174b4a941b275a41cc40d61f27ff2368e54301cd507ca3420b0ed5620a3,2021,24,14.874490
afr1ste_5689,untested-public,task290,f1086fcddc1287e8f751349bbcc1c1bc72e816011cd787def2fc61971684f688,3323,32,15.631972
afr1ste_5689,untested-public,task291,f97257c9bae5cbdf0614cf4f6d0aeda2c0db164b44f4861fc829c00eae636b67,6009,22,16.627370
afr1ste_5689,untested-public,task292,6c237acbb63e47906509de051f734a3f91dfe624a99e62a94fd65270b5824929,1146,7,16.244578
afr1ste_5689,untested-public,task293,b05ff58c4666c1ec2d35a77dffb3d72b56acaf5e80f36e88f0162019592c30fa,9897,52,14.862033
afr1ste_5689,untested-public,task294,247179b0cb2fab9e792e9f91da564f6ee1f8d4059046fabd7bfd7e7d3d010cd9,3825,1,18.186555
afr1ste_5689,untested-public,task295,5a049215df9c118110ba1217eb55447b5d335f09e93a9526e6862ff5b585b365,1956,23,15.588680
afr1ste_5689,untested-public,task296,4306af04547e103c395a41f15f7829592897a368a36d02047b54c256c5e54b13,2843,10,16.677606
afr1ste_5689,untested-public,task297,d627eca68b90f28a02781a8682497d5d894ddf8ff7e163243e795361ab962953,2373,24,15.876089
afr1ste_5689,untested-public,task298,9b77b58a90defa3f7eb249e787dd574f52ad8319b503b79e3dba3b4d5b11eea3,3322,35,15.387667
afr1ste_5689,untested-public,task299,1e9708846864c2782d5c9d4b378034e7f20bd2a610abbcfb0712b83b3179cd2a,1405,21,17.510029
afr1ste_5689,untested-public,task300,e81ff2bf51d9621b8df8ff754c0d4ff4270d17f336e625bedb5fba417a57b7e6,4688,43,13.741000
afr1ste_5689,untested-public,task301,8e36e9e0e074b629991fc361b645ff76ea490e75d572bf8b73c879d801f6689b,17526,47,13.803060
afr1ste_5689,untested-public,task302,471e2a01c1e679ddbe830f667d30f05ed231550742027b941e27dce515ed0b2c,2639,36,15.031615
afr1ste_5689,untested-public,task303,f1388ccd300d0326ef77e32e80a1bdcb15c39bd24649153f5208eb8cc0962cc6,2084,8,13.701382
afr1ste_5689,untested-public,task304,da36b408e1af537d161fbb14dbba577380417c72233e4a1458970d507c43ae7d,2136,17,15.413006
afr1ste_5689,untested-public,task305,9f735899c445d2de0753685201dbbaa448ff1306c5f52d568270b4588d8e242d,1865,6,16.718023
afr1ste_5689,untested-public,task306,624aeb80c0b4275264dea7aa0a7b4dd539f60c127780bf7cdf3ce0e60d3fcc5c,3028,33,13.597414
afr1ste_5689,untested-public,task307,badc5326d1acd892c77212fc876a3f3192e5b67a9806ab111d1e9589eff70706,7454,1,17.504458
afr1ste_5689,untested-public,task308,5e7bdaba388ab877db0010ed5d78e24dc3e237847acd5c3d7e0662d2c10ba480,4124,60,14.200180
afr1ste_5689,untested-public,task309,c47b834e65872a11ec0cda3c8246948b8365f81f916610b49ed07267815733d9,217,1,22.697415
afr1ste_5689,untested-public,task310,f62c4b13a3bf16f8d88fd1a9fc7908fec19e207110f5be869c7829ec522a2dc7,4274,42,14.817329
afr1ste_5689,untested-public,task311,250771b94d3db4658d4ac04e3bd9a0740f2af0f3aba0bb9b5df4d6181bb470d4,479,1,21.598803
afr1ste_5689,untested-public,task312,5f8662413159b881c8dff97e5c51ca63270ea3b1609d0f333539af73166348ff,1202,8,15.791762
afr1ste_5689,untested-public,task313,53e2ab0be4c673d804678ddf2f3818527eef5ba1762619d1b41891c5c71ffc0c,39887,34,13.655115
afr1ste_5689,untested-public,task314,6de48aa8380bfa9f60145881280cb81f0649f178f1a74456c5c40334004417b4,24532,282,15.941180
afr1ste_5689,untested-public,task315,1bf0b18c996602619e9fd51d9c5b13d00e57feaab87cc78fd43463a38ba05c04,1520,10,15.469099
afr1ste_5689,untested-public,task316,5e82d2f4d921ec964cee6c6f5addcde1c2c6b5357eb053ab7b6298f933f71b0a,1600,15,16.658351
afr1ste_5689,untested-public,task317,54ad9bc9831f0f3a781e65116809c2c60f3246bbdc84fc6c0fa8064fecb5d8c5,3798,1,18.197605
afr1ste_5689,untested-public,task318,4a45c25db81ca4e037be544f7e0cab0a5bb1910d2f6325fc83e02af3a79282b9,1319,12,18.374608
afr1ste_5689,untested-public,task319,78b48c1b222a95a793fb68bbfee38c1895a7e8c30e25ea197e21a982280cb862,13035,223,10.705760
afr1ste_5689,untested-public,task320,b5f9d264034aafc2780289baeb60a45e338fd6478233a720f13b79faa2d6b39f,2183,19,16.445511
afr1ste_5689,untested-public,task321,2e36977fc386c76ebb921b21626cb0733b08b8f40969cc3ff8635f327f718f5e,1733,22,16.385499
afr1ste_5689,untested-public,task322,70c7baa8d1fe542431688ec733cdaba2e65799d4882bf71a9be96acb4f6247bf,892,9,18.046316
afr1ste_5689,untested-public,task323,846d79d827817db063434b8edf70edf61bd5aa72535d264191f4b7d9354ca2b7,7913,59,14.688617
afr1ste_5689,untested-public,task324,f647071e2ce1f7a58bfe472d6d0f53fdc252e56d802bb6591bc40ad49adfcf89,26048,212,11.707993
afr1ste_5689,untested-public,task325,703958452270456b7d0aa9d4685a3bb4279c1a189050c3b1c4c5c0ef26767373,5072,39,14.330533
afr1ste_5689,untested-public,task326,b95776b4618ae80d707674425b68a1b903cfc9925a01d24b03b330ce97a9c421,388,2,19.888012
afr1ste_5689,untested-public,task327,28e407c04689606a975670fd8f7da26d5ce7a9a10400265cc54eca46e5504bed,1638,18,16.070962
afr1ste_5689,untested-public,task328,5e577adeb141a5a522c273f891701d12837320df953707180471e62c0f45f621,16269,121,13.846066
afr1ste_5689,untested-public,task329,b3983c3bd8c099ce71cb48e09938e0328cc29853d73d956c35e125db9bcd43ef,1652,21,15.763992
afr1ste_5689,untested-public,task330,dbc7679695daf45dfac10fa7c90febf4170e506e3dc665b669a014d5ce2faf2a,11114,21,14.014301
afr1ste_5689,untested-public,task331,159b7db4377d2a7d75a15aa8f84344e6d919741566944220da8f361aa1da572a,3836,1,18.186555
afr1ste_5689,untested-public,task332,5301ba6cd8685b2de8c21e01905817ea61a3d8f2054bc6eef7b8e2a201b40b77,3295,30,15.844327
afr1ste_5689,untested-public,task333,056322558aa8fa4149af6ce9821d3273f0b403e4408e461963db3d70864f1adc,4379,55,14.877658
afr1ste_5689,untested-public,task334,70f0ea7b8d62bc086c535d3fec97140ed99ccf9500dd74492434de15cb2667ee,1456,6,18.157317
afr1ste_5689,untested-public,task335,7ba6a84c0a7dad500b62a6cd386f6069ef1453c71efc9a8548d555cd29f8e0dc,2618,36,14.217674
afr1ste_5689,untested-public,task336,66605e39204e06dd97980e812e93d14e7dab3eb0d815b075ac29202827cc6a4e,5276,54,16.294503
afr1ste_5689,untested-public,task337,c276f5799bf0f2f77bbc0c31f5ed97472afbff9a946326286e229929029e2484,159,1,22.697415
afr1ste_5689,untested-public,task338,b35b8a9c786b6c618d442f8072720d3dd2ed919de6726b80b6d1801d3cdbafea,4510,37,14.271263
afr1ste_5689,untested-public,task339,23c555a9d5193597ba509db3b965cb39be9f02febeded3f074acb8768e013f1b,1588,13,18.215543
afr1ste_5689,untested-public,task340,892b1449677f29b5e2c0324876a82ba38a3a3e36c1be7f6f9ee864ac3982f251,4147,72,13.838876
afr1ste_5689,untested-public,task341,564fae20dee0f5a54330c3170bfad5824556165d5a206e82a19c9264faaaaf05,8743,101,15.154936
afr1ste_5689,untested-public,task342,cd69f1c3c3bd5d7c51afa7008425c54e8c0a232fd18449de9a9bff304cea90ec,3200,40,15.594669
afr1ste_5689,untested-public,task343,22bba87288f395f6b3eeb423bb0210878c82ff36b2234bcdb7b156c2ec6f7876,5220,92,14.736882
afr1ste_5689,untested-public,task344,a23999c886c62393d115371628fbee6b6043de7a35bed72285639240d6def4fd,10236,1,17.171962
afr1ste_5689,untested-public,task345,98b96547906b58a5b407869397241ead9df4912bc616a99f5e7fbcc2cd6a0aa8,3896,31,14.282144
afr1ste_5689,untested-public,task346,11e08c307d334e0429612fd7a8873ecf53260f716ca9da99b6693e6d9b369548,2236,13,15.875435
afr1ste_5689,untested-public,task347,7fe7a34b9a1ba2444eaaef7509f3c0395bca3ad15a45d122dfb79aa3e546d899,1129,12,17.603051
afr1ste_5689,untested-public,task348,2352e5feb515f6c83125588b2fb6aedd2528a35bc1c57495f797cae172581d45,1950,28,16.117192
afr1ste_5689,untested-public,task349,5aeb95f7bc509370681e999df93950c8c5c34496c7e605ce0635040ddc427efd,5971,89,13.115635
afr1ste_5689,untested-public,task350,0ca24c325e540a593cb73c128715599c58a4d7bdd9134503c6991423b2840001,2670,19,14.734338
afr1ste_5689,untested-public,task351,c17c4a24fd333fa82a77f43e4a5127d7eb81187a15ad4b7f8a1bb21664a5d49d,3049,25,14.532506
afr1ste_5689,untested-public,task352,f3b9bb985cfb0478df981c689aab9f22dc5bb177e02b6f3b6a3b330669eef601,1398,11,16.201243
afr1ste_5689,untested-public,task353,1639de1c1d4d3ee61a8454a02d3b5af4d359f13f2fb1c963687d4cd76b280a8b,3244,31,16.403811
afr1ste_5689,untested-public,task354,72097d91360fee677a7cedfcb6a9f81d203f7ed48b510491a32767048d687447,2710,22,15.258620
afr1ste_5689,untested-public,task355,ad09d6515b0ea120e8214015b5a7dd13fe14644812fd3be9b33471c171932a2f,3971,41,15.624569
afr1ste_5689,untested-public,task356,551900e26ac21ba20631069f1a4268e5b9992eabbfd9cde50643affea19fc2f0,2344,21,16.482407
afr1ste_5689,untested-public,task357,cc366b4766cdd325ba38237c73f7cc738107310df4e4c386c5673e74f015a531,1784,24,16.208058
afr1ste_5689,untested-public,task358,cd5df694270b443fd67739a2c4861762e269841a08d214644221206222ef004b,6755,132,13.356055
afr1ste_5689,untested-public,task359,5402e526d36f56006e6fe3438c6875e02057cade74e68784d892dc9c4510bdb1,3909,32,14.156974
afr1ste_5689,untested-public,task360,8216475b8f3063764bb86d838de60dc9c23365d30e0e69a100fed2dbd1259833,1168,13,15.681164
afr1ste_5689,untested-public,task361,4951e0af83dcf9d912be625290dc218d8f599dca7531e5cdef1d7b3893d85fd3,5367,62,15.275699
afr1ste_5689,untested-public,task362,1a6d4abda7902dcaff9fa7f35113d583d959eedff71779c783ed651a5c496833,1896,28,15.604176
afr1ste_5689,untested-public,task363,682ad4439f2fb818f20830c9b4ec329634a76c0dd064483f8c3b9f4d929835a0,170158,244,11.944728
afr1ste_5689,untested-public,task364,4cda86b7e8a34893b29b44fc00b525f4d79f9e549ebc12cb3a077f2965dfd389,6399,99,13.068858
afr1ste_5689,untested-public,task365,96c740484d2185465c9f923eeca768671161c92e63d197e0cc66281f9039bbd6,10711,236,14.015657
afr1ste_5689,untested-public,task366,c89022455945f2f90d042b0929e120d6373727845cb686b56bdb1912e28c2279,1077110,10506,7.414661
afr1ste_5689,untested-public,task367,0e0b632412ef918f5bc17907b122ff0ece28f94212ad9b95212f0204cd0e5753,94930,619,11.342528
afr1ste_5689,untested-public,task368,fb13ef89494b35d91e797f4295a7a89ef8111ed8b5d8f62974f2ce5be08e16a8,8950,186,14.615971
afr1ste_5689,untested-public,task369,41510d5508f7ee00bea219692bf4efbbac40ae5b20300daa5ec4f01d4b6816a5,2940,26,16.047265
afr1ste_5689,untested-public,task370,2d3b896a9a75515c8117c029b16b7c08a7c705f3cbc937d5831b1ed4a1dec556,24922,317,12.328867
afr1ste_5689,untested-public,task371,55f3e4edea862a77001eaa66f9ce4cd37bbc3eaaaad9315a16360ce4d1d01bfe,1810,23,15.039140
afr1ste_5689,untested-public,task372,422d94f798102349b81b669a5bd447b6e246aec065b6916c8b6efd14a7a0fc7f,1214,14,15.633511
afr1ste_5689,untested-public,task373,b38778eb8fe20593e514665f61bdfe17367d56aa45d220c2cc5a0bd298889d2d,960,8,18.559053
afr1ste_5689,untested-public,task374,29c99ccb14d1600e97d7b8c3c292672fed67326cc713432a0fd26edcbd5c2182,16450,144,14.140290
afr1ste_5689,untested-public,task375,509686d607b3126316a284357799deb369829fe56865a1b05609fa3447c4c5d7,2214,19,15.372793
afr1ste_5689,untested-public,task376,b2640d804a9afb26f82264279d701879530ca1df53007928473201f92b346b03,1737,27,14.388895
afr1ste_5689,untested-public,task377,b436c4118d105062f16cbd11418badddedd1612259c661ba053102642be938dc,13286,200,13.923396
afr1ste_5689,untested-public,task378,e1719f9950e83dc1889743f4737d7c5c8a2606c75b8f2f2f0d26dee49079c766,6343,96,14.378673
afr1ste_5689,untested-public,task379,b5d2b20c584301f7abc010c463188b248a1cf46e8115c8d81cb5f0e30db38e33,9996,107,13.808672
afr1ste_5689,untested-public,task380,b23f227e055e494818df0587e34418a5054807bd258a80e00f9170bcedfd819c,531,3,18.397412
afr1ste_5689,untested-public,task381,341af617bc4d485ea4ad62bf29883b80668b268876d8d3da0b0f97e24a69fb21,3435,24,14.349422
afr1ste_5689,untested-public,task382,f19b383433663ff8f6cd4b8308cf4efc7a23f5ea5d9fe4c39699a77756357c42,34423,323,12.862067
afr1ste_5689,untested-public,task383,e41cf986b8a4a2e8bc7bdeacd0f41a4326a94ee1b1f56859ada4d2f7468a53af,5001,57,13.239121
afr1ste_5689,untested-public,task384,57089beccc7a95bb03cb7bd0a9d6841faa06a32f84b126df9802e34c8b175e3b,4542,39,13.778082
afr1ste_5689,untested-public,task385,629a5673b6a8e745a4c5b1b5afcf3c5e7214f2fd7c54d7f5da27eb3e788ea5d1,175,1,21.598803
afr1ste_5689,untested-public,task386,89f80a62cefd32ddc113e1e3222977816d8c9e651c9e7efab94922c5878b22c3,1171,14,17.300611
afr1ste_5689,untested-public,task387,26bf34fce1e97119b1e4284fab4d6284d127afe3be31686040922933ee8a6ef0,9904,195,12.957476
afr1ste_5689,untested-public,task388,8afccfc448cdf82a4975b45c7b556477083e29728ac00da51d92d2da1aefe4cc,6536,52,16.225378
afr1ste_5689,untested-public,task389,5d19a4d137ddfa5d5e278378f5210bdd9ffd9225b6b7ca3cfb0a823a86ca0be9,1421,13,17.451444
afr1ste_5689,untested-public,task390,23a81cb475e4cd1231db06a0e09440eaa13dc4353f3891aaf53c86700efbfa91,4970,43,14.884592
afr1ste_5689,untested-public,task391,1582c8e52095b42ea4800ff8753f6e9fcb62f2e7b65b1642a469835c6548bf80,2841,26,15.787562
afr1ste_5689,untested-public,task392,286bbe96e893d8985bbc76084a277ad5864297316cf38f4ba6edf4007112e4c5,8330,51,14.662460
afr1ste_5689,untested-public,task393,2f236f0f741468312b3933de81bd4f1f7d36a96e624a1545d1986160d95c466a,2433,22,16.321879
afr1ste_5689,untested-public,task394,6f9e76b487f97c594199199e75fc55402957e97ede7b3c08c5059ae6412a4a45,3787,80,16.533469
afr1ste_5689,untested-public,task395,19fd478858c781c596e2ca2f7e34d4e1bcfa8798379225afbe1efd44d2841ac0,1179,14,17.581219
afr1ste_5689,untested-public,task396,deecb12bf534491a8adbe29e9b1927ba002fffacc6253071aeeb6bef2ef188a4,148123,407,12.967995
afr1ste_5689,untested-public,task397,6bec01ff9716ef2cfce531990ea08c499d66034e4b16e8919d46f33da3bd2009,7195,86,15.045772
afr1ste_5689,untested-public,task398,9bc3ab8e8d057ba1d59681824fb89937bcea44d3056731d448f703c55156e86d,8682,44,13.657922
afr1ste_5689,untested-public,task399,f8e72c2228ae91a54d38c5a7f101356edc42d906cda234321b13bfc87a5ff38f,1907,8,17.483023
afr1ste_5689,untested-public,task400,a6723aa91f00b4ea42edf81e211bc34d3242e7374c731bc4b42f69d14adc93f5,2165,25,14.532535
biohack44_super,untested-public,task001,0fa36f41592b9d78fb9dffa6f03ad41663311c7414ee3ee0ca9a0787ee7553aa,1433,12,16.624601
biohack44_super,untested-public,task002,4c3205c0141934e8750b205f87c8622ebfd80d2fce3c665797e3b1dd39c1d0b5,15506,95,13.510415
biohack44_super,untested-public,task003,f7b1e9c321fcb23c216feb2476ddc69b220eb381e49e0edca3208bd9a8373693,4167,39,15.786066
biohack44_super,untested-public,task004,fc9ef5d39847fe678249f3dd2ef4701d2d49b2afb4c27c424b79b6f9967ca118,2522,4,14.084548
biohack44_super,untested-public,task005,c989d743986f147d63585c2e22e752e367106ddc6985982b435a33567b89a2b6,10910,106,13.328150
biohack44_super,untested-public,task006,730e2188defecad529681f66c74dcbe4bc3ea104d8fa752a6f1e719e3bf622bb,1364,10,17.440441
biohack44_super,untested-public,task007,8e0308e58a7da64f203a04e83bc622cfe30b84e06cf914f0feb6c5d4238ced60,1603,13,15.869677
biohack44_super,untested-public,task008,9f554244f259a2a22a65b8388f8589f19cb9a1db25ad57eeb687660e73a541ba,7667,78,14.944264
biohack44_super,untested-public,task009,2043f559e1ee947e2533c1ca00c25a699daed5b516d1bb4bf3515822ea52518d,30956,22,13.694825
biohack44_super,untested-public,task010,a5dd47c7b1bf11a5f9b073d7147d66749b67169969a9eb7befc020d4dc21116f,6061,58,15.983002
biohack44_super,untested-public,task011,3f64ad20a9feacc16ad2ce2296652dbc2fb5438e444a47af1f885a374cd43046,10170,52,13.898855
biohack44_super,untested-public,task012,8640eb9bb99f42035cb8d1dcd01054394706bac095af83170bf95a5d05a0d203,1975,15,15.555378
biohack44_super,untested-public,task013,98f0942c7dbfaf541df9396cfbf3af4d1699a7f8bae9f96b9c4541f220eea98f,18384,91,13.331080
biohack44_super,untested-public,task014,e28a3213b620d4176a84df374d4d3e0661472eef73860cc122acdc5cc4491c50,9683,46,13.760459
biohack44_super,untested-public,task015,1bdf0a59883c98795d2d54262adc099a55470837e426c2ad60d49f27b069db45,3798,1,18.197605
biohack44_super,untested-public,task016,fb83a8e988f586009bf17279b7aedb194e3492a8e6f357be6d5e9ed903615733,158,1,22.697415
biohack44_super,untested-public,task017,fb2137630963bd757e3fa76d251d504d01fbf7b1b6106c0e123e2b4b6247e574,8855,71,14.527541
biohack44_super,untested-public,task018,5f2d48dfb685523b95f6728e7537afda1089560ef90a4040dd4d493d426b24fc,29359,192,11.926438
biohack44_super,untested-public,task019,eecf7625da383cb85e5c0579fb3b8635767d444eff594d0b30dfd79b2d44ffb1,17887,35,13.165832
biohack44_super,untested-public,task020,4abb72f71f86d299893dcb1ee3be5937bc57ae169a6d1c33af77157df2be6f0d,31378,245,13.590958
biohack44_super,untested-public,task021,334b1a23352e02c2ecd25acbcdf05ebb267e56bd92a775c4a47191882da99ecc,38267,214,14.156056
biohack44_super,untested-public,task022,fbbcf7777e1f706b0899071564e37bdb5c8b7d7908efc4f47c971a3953e03d07,43895,363,14.287072
biohack44_super,untested-public,task023,2e6a655bf1c84fc14bc87f139e177bd16171277ca93ee641bacbe4f7b8165a0e,33302,377,13.798954
biohack44_super,untested-public,task024,f8a1d671c3118abe56700d79b82cd03b36acad2b03a5453a7790ca311b792d5d,3233,27,15.886171
biohack44_super,untested-public,task025,8af5c50b49f5d98f1afc1df69981e7ab0394291ee5227dd01d45f4380208bd61,13460,127,13.149938
biohack44_super,untested-public,task026,55fef566fec33039e2cd8b0d9c807e31312de241a47ce0510f3f2add6aa3c844,1622,11,17.919974
biohack44_super,untested-public,task027,cd99565e3aecbf39b54548dda245a23f47f986f704cadf8b4eb1103c2227d324,31135,22,14.063417
biohack44_super,untested-public,task028,54411158e7a2309911394cbcf02fc6da8f0f7f0698d5b50cfa0c7787a98eea7f,2452,11,15.315291
biohack44_super,untested-public,task029,67b2f5bba2a2aea6aec1a4bebfab5e828d34965219f8f312739337d2e77a59ce,13589,88,13.516328
biohack44_super,untested-public,task030,a5510a4f161b29b5d68afe14b8280cce503694ad071a185b159d69c5a742f1c3,9441,56,14.174697
biohack44_super,untested-public,task031,827e7229dd650485407f1ae7c8a511d8abc13716486a76f29cabbe46f1b02945,3417,26,15.168223
biohack44_super,untested-public,task032,64d66eeaba95588367af53102ecf4fb2ceb4c93327b677f80f1a9591b342f6a5,2347,19,16.867000
biohack44_super,untested-public,task033,60ab4cceeab38a8952d0157e862ec2f374a51c7d70c00bdecdf9833a703455b5,1510,16,14.081989
biohack44_super,untested-public,task034,7400b12dcb940f16d35589b5657e932c80b9aa92e8aed8c1f41a38cdff070b08,11293,87,13.421324
biohack44_super,untested-public,task035,a1c1dfd0f49db3dfe69ff6266f317e7f7b01802e5e94d19f8332ea428f16b2f0,12860,104,14.495179
biohack44_super,untested-public,task036,76facc8f1d2b1b6691dc621f3160abfd35d151bfaf74961ef3d21abebefdb575,5866,56,13.710331
biohack44_super,untested-public,task037,e19669c0dec2c6b73986d1bd07ec5c19bb0bc452edb6cf3d006f85657ae46d12,20424,27,13.937652
biohack44_super,untested-public,task038,a83d43302a9ef7e5b284cc1e38fc4ce8deedb152481de569220ea69b94855018,2357,16,17.306974
biohack44_super,untested-public,task039,4e9c2db4798edb627e65601fb59b0b194a91b536746f1a97fab3a7317054d3be,1913,14,16.041717
biohack44_super,untested-public,task040,f75c35724647ee41a691e8449bf8b38434ce9912519b1b33845a1eeb08cebff5,4167,36,16.029441
biohack44_super,untested-public,task041,1465206599b9d6b78f720345beedaebe32f96a9d1a2e137fbe8640a88511df3d,1665,13,15.458990
biohack44_super,untested-public,task042,1ba57e7f6cc5a3f07ac1f33128b30167693eb14fd2f1686b7066300fd8e4497b,9668,52,15.940366
biohack44_super,untested-public,task043,16b05e98645b4d8da6cf555ed59cb2165317fe07248f91dd11f6747c0b38c22b,1966,9,16.129477
biohack44_super,untested-public,task044,03106f9bd502a04c7aa0acade34deaefdba103fbb21dcfc6ce3d362f74afc6fc,22434,311,14.251782
biohack44_super,untested-public,task045,43dc4b647f1683ea779fb39571b0cdbbad8fdcfd27c8713aaa44314281d7c131,1438,11,16.040431
biohack44_super,untested-public,task046,902e4e1129d73fe4576d763127cc56d0574b72b02f96a7f8e1fe84e5f6e0eaf0,8963,70,14.058960
biohack44_super,untested-public,task047,51caa99fe3ce9cb3e122d3a78119ede0e5beb0d8940d7959bece25bbe098d26a,3091,30,16.985664
biohack44_super,untested-public,task048,456cdd9f32b273f9915a3be57620ba30f852d5f6b5b881b5c312c6d2fa592407,5695,49,15.914430
biohack44_super,untested-public,task049,d742f5db9437894536afe2db2b87d8b3899117c92daf69927ab3854301d03698,3516,29,14.674879
biohack44_super,untested-public,task050,817ceed6eed8f8639a03c7d8fc0b41ca1fc3ca5ef6ff87cb970dba5a510cd4be,2540,19,15.752846
biohack44_super,untested-public,task051,86c7a1f4a9e1078f7176aac19c741859d1d72d5c8deeca5cd5fea73bfa951c7c,3365,57,13.587204
biohack44_super,untested-public,task052,a506cc379f43f613ec0879da1737edf134628e2d759c6d40c886ba16e97ef73b,1277,10,17.567516
biohack44_super,untested-public,task053,11d2a84ba10862f37e4dae8a206314fd4226f70b6f751eed23e52ba32ebde353,175,1,21.598803
biohack44_super,untested-public,task054,dabb6c274875e11a4007fc9fcdab263853a7354e782e41e67c61c48ace3def50,9661,117,12.938629
biohack44_super,untested-public,task055,194c76a7c1f255cb8d516d9ba1ac658ddc6f99f862956432b21d038cfd5f4c1c,21458,164,14.473627
biohack44_super,untested-public,task056,2306a2e7b1dd27af9e0ec17099ee8ed0568f6696623537f2599419319f7dd8cd,1515,7,18.672063
biohack44_super,untested-public,task057,7150afbd4d18997c52669fa85a7198e3dac5cb97d0c65ff9ed61a6896b62a038,1832,18,14.470333
biohack44_super,untested-public,task058,48cccc3699cb8685f22f16c7f24d7be617f9ee5928a2b4d7b1083db474b2c51a,27439,15,15.310882
biohack44_super,untested-public,task059,7b3cd67ffb0008721082c7e1497b195b3c91364ade4b206a8aca22caba8fd4c5,12715,20,14.740203
biohack44_super,untested-public,task060,ea4ad862446e19cbf2b7fecaf9051e6801c47b6c337bfc46e9530eddcebc41e9,3039,16,15.779610
biohack44_super,untested-public,task061,27289ea0d11a669fe413e1b05826321af3d079ce8a5555fa2610a93704612c2e,17030,9,15.152342
biohack44_super,untested-public,task062,d57d9a3dc711a3fa8561eb45e9b6fd261c7ab89c7fb30c7fca0080d49013c37c,22124,194,14.231747
biohack44_super,untested-public,task063,5c8811b2da8473750953376c6dbdd913b50bc29b96f9a16a09cf201df9a483ce,3709,34,14.666940
biohack44_super,untested-public,task064,e218f014e0f41fbf58f0a21d6c18ab365d24b6b93f7c8bb533378039b355a02c,7151,68,13.354705
biohack44_super,untested-public,task065,a191af856b41ba1a6079e9a8dc2ef26069291cfbf182a5623693579f33263b3c,2705,36,14.152315
biohack44_super,untested-public,task066,ca02396dbc645332397aa1bc0c091d79337d6c536f9f28b7e1e5e773053aa82e,170467,1531,12.758049
biohack44_super,untested-public,task067,e823d84640b258f8322dde914f6bd992553a53aadd84d4685cd18da5f1be35e9,892,7,19.247427
biohack44_super,untested-public,task068,fda283a479d2067e6eebc121aa1bc5b50af395b15a844c4a0742f3861f4d58f9,2335,23,15.204599
biohack44_super,untested-public,task069,fb91d90981c4b2168ade67173f5ea1376db182db9350dbdf930d3cb5026325da,32330,380,13.647595
biohack44_super,untested-public,task070,c09e95105072fd97b2106ecebc5fdb42c86bd41e9994b310781aa321351ec9d5,11844,71,13.900501
biohack44_super,untested-public,task071,2d696d39af281a3a0ca1582e413672e8ef38ef9f06d584f19844a45a6e2aa4a2,12082,49,13.226404
biohack44_super,untested-public,task072,188545c2133e8f311a556d754e465f755bfe94c8c5afb0495df211beb64cec49,1625,9,17.341772
biohack44_super,untested-public,task073,c974fda7fe3001de4bd2200b9065826ac44cf359fcb1949954b82f28411b5b63,3825,1,18.186555
biohack44_super,untested-public,task074,8194b1eba8a395566d686766b74869219cdfdaec5105dbad5f36b6ef32435be8,1824,18,15.009189
biohack44_super,untested-public,task075,e42e990b0d7538c360b7ec46a58a74ddd4c3f1dd5db79365dd85700a10e25015,7736,46,14.128218
biohack44_super,untested-public,task076,e531bfc095094257b88ba403a4f871efb84bd11fb41bc357efdb600a90a1dab8,64473,468,12.128894
biohack44_super,untested-public,task077,44ac6491fb79e23ba6eb2025a769ecb764389c5ca232c38b8f5f5cf4acbd3756,9812,71,12.854984
biohack44_super,untested-public,task078,1f42d518b8bed0679fb0978abe48fb184ffa7bd3bff6e10ee8bf6312e0d5faba,2588,22,15.335023
biohack44_super,untested-public,task079,4a4f6c8381af1ed692a1d279af1ebacd591befb7b825933520d08519653c1d13,2695,20,15.029649
biohack44_super,untested-public,task080,21bbfa72e213a9524143ab1082c5a2a48c9c086ef959163f0d6bee91bfc8388b,18484,93,13.048013
biohack44_super,untested-public,task081,118dc8373587509f07d12aec64778af91edff7253f80e273a30e5863c7b8c91b,3749,35,17.256297
biohack44_super,untested-public,task082,f5185afcc7d53962b11373341617929555563572d95dba938af0c9e973fee1a1,2282,18,14.347009
biohack44_super,untested-public,task083,3526144719574eafa02b2d1fa33a4be836ec96c267520ddd982697e447b8bc98,7454,1,17.504458
biohack44_super,untested-public,task084,5bd28bac4f427d16b03dfcb9d4ae68237ccb4bb720b534e0e14b2768658ee6a0,2820,23,15.121164
biohack44_super,untested-public,task085,0cf2b40dcd4fe9bb85de2e251fdca74496734e7c804425012cb1c1110d27505c,2547,20,13.363283
biohack44_super,untested-public,task086,97a70f0428f6e4dd43b2aa934d65321ae516fe94abaf7a1fac331dd55904390e,4804,42,14.656936
biohack44_super,untested-public,task087,4e9d18bfbd60be2b9135e2cc459588db6a40bb878e5e16dd89651e3c3eb1cfea,474,2,19.070411
biohack44_super,untested-public,task088,3d5e5840dfdc9ebffa4cf4bf83a4bfe2d30edac84b88ab71ed3a6686d3987ec3,14980,58,13.468469
biohack44_super,untested-public,task089,0a479a40d999937f174a12134d5f78bb97ea8a6c108f09e8f44398fe6cbbcd40,17792,181,14.179382
biohack44_super,untested-public,task090,8032717a5846db3d60ae06a4fa0ff8af92327fd6b6102d39eff9ae246e44816a,19660,246,13.943507
biohack44_super,untested-public,task091,6c44a2a529dcac845b02796c463d82b35c8cc360fc72fc096564f3beeef63a30,4627,43,14.150760
biohack44_super,untested-public,task092,31e6aa2df4e75b2376481ad479c8d107cebe1f6701ab925ab0272b482eb2f1a1,4299,42,13.071487
biohack44_super,untested-public,task093,cd70e073d1fdbf93b6402aa5356e8c8f09529cd3e6048fc5501c4e44bda9d3e5,6234,56,15.354118
biohack44_super,untested-public,task094,9877a08be2f356fe67653342ee102820efd26cbf7f80ad6490bd10011209d2ed,2950,25,15.745356
biohack44_super,untested-public,task095,eca4d38cd8606a930a722084789b856626fff5d4938c02546296c7f3cca109cf,3950,1,18.186555
biohack44_super,untested-public,task096,ce8db8caf6b5f6cc84108a5efe1947880da7d802796c33483bbc8132e48c4f3a,59457,457,12.825227
biohack44_super,untested-public,task097,f0d0ab9a04954377879cace70b48610fc891b8e6d5d68ee0d372dd78fe3f2268,2494,11,13.853482
biohack44_super,untested-public,task098,8fff41bf99869a80261fa1ec8461431ffa90e7a616d10c1582642af88b241cde,3836,1,18.186555
biohack44_super,untested-public,task099,1e320d88cf0eac19c3c20b9c005a4be28ac50d4bf0a39015404f9deb22a0c31e,19839,1,16.500971
biohack44_super,untested-public,task100,dceade053a44b3cc0ee481a2b109060da44f7e12dc34d583c301f1c9d6f84691,4954,28,16.214919
biohack44_super,untested-public,task101,346856b0736f5a90d2fdca9f6ff54e072e2e2304d49494b012ffedf032026e05,19733,125,12.166824
biohack44_super,untested-public,task102,96828587e72bb4a7f3af9bce80fa95d9431a6740d99b3f93d32e3c48096cea60,6500,48,15.557993
biohack44_super,untested-public,task103,73ad654a7982f0be2249d04af29d16d95ec276d6d3f697ecb36e9381eaec3937,1669,11,19.386872
biohack44_super,untested-public,task104,33a343ec43a261d2e8d551e9e29fea0ff5d46927927aad4c34f9797225cd0556,6350,20,16.238763
biohack44_super,untested-public,task105,a178f079b666fe13a89fdf07d03aeaaeb88e2fb7d5df9441161c9948918cc5bf,8120,63,16.138083
biohack44_super,untested-public,task106,9b54191da37371effdb80aaca05a4cddbabc19d25cbc1ebceae1d85a897c6698,2939,13,17.940382
biohack44_super,untested-public,task107,486d43b947a10c096cd5abb2121faf5664c1d92f9d0196957cff677676caa5cf,31191,52,13.799992
biohack44_super,untested-public,task108,825c078fdd5cf248ddfcf1d91c57c125e6e2213304022e67810f2d3aaee2922c,7454,1,17.504458
biohack44_super,untested-public,task109,b743a1e192a39c2d75aaf83cb75d56b809c2988910d9340cb23a699063ea121c,5491,39,13.539347
biohack44_super,untested-public,task110,8c575949ac1a58e11b8b5888698200d932d67b0d0871c15aaa6a78816c46c929,22233,176,13.399055
biohack44_super,untested-public,task111,294fe9b217bc48010d14839504c2d05f18c01b58a15ebe4d22e87994c1923f81,1457,10,16.581081
biohack44_super,untested-public,task112,c9d107e03bcc1559d05367b27fca4117a92b4a4e65d2103d0e57fd16eebe58ca,3987,44,14.010141
biohack44_super,untested-public,task113,356a5f1e2200cf2560f6c836ce7d21eca6b6cad9e68015c2ae31639613ef9b09,499,1,21.598803
biohack44_super,untested-public,task114,7d1973d605273db25b979fc20a63bacd338098bf8f239bc90618b4b89dd1baa4,4719,26,17.865906
biohack44_super,untested-public,task115,fef642f35c49927e9440865ae0761f3f9ecb7d9bb8a03f2a5109e91a82deb620,5069,34,16.675906
biohack44_super,untested-public,task116,3f87aab73b8c538752ffb070a34dd07ef95ccba2d299bd7526da67fcf956e1e5,479,1,21.598803
biohack44_super,untested-public,task117,201415cfba7ab07e31fa5ce17b5bb5c673022cb2154a084d4d12920e4344b297,10774,74,15.176964
biohack44_super,untested-public,task118,22ad82472bdb9bbe5847f7640734d7b149d9773c07be609d4c31cd7b1c7ac4d6,7366,71,13.009146
biohack44_super,untested-public,task119,afa30c6fc964d8a93392c6b8b9865d1ca2f73c682e977c50e35e0e3d800e9ab1,25915,165,14.224215
biohack44_super,untested-public,task120,13dafeb021b56dac928f38d32b4a0b841fcf481296ab752c9ac203fa425e1acc,3836,1,18.186555
biohack44_super,untested-public,task121,03880dc2a72d6781722a53ffad4b506867ebd9f9c0a7faae3760807eabe67856,3339,24,16.215838
biohack44_super,untested-public,task122,d932a3ac54fb54cc09d9cdbaab21ba4e9165ed9a6a8e01b9e0c49fb972269b75,10236,1,17.171962
biohack44_super,untested-public,task123,7a75e42172279efb638134db39ee0339cb6fe0d99590c0e86c1ad8f17ad3f8ab,8997,13,16.630379
biohack44_super,untested-public,task124,f5ddbec920cb586ce09ab817a1eac51a16a213e64d1c00be161cc1047e74bc63,4339,51,15.358722
biohack44_super,untested-public,task125,20f2c3e90cfb5afe5ac7e795a1cf906ce67453cb55deb5cbcc51275aea5fc7e8,3032,28,15.495722
biohack44_super,untested-public,task126,b86dafbc68af0e5b698f0241dd534874e44ffd9dfca8bac7b89280a3534f3824,2765,29,13.636840
biohack44_super,untested-public,task127,81f551a5b779e861ce371fdc4697595db753242954a60c50a3ac8e3108937d97,3772,1,18.197605
biohack44_super,untested-public,task128,5224331b88562c8c5864a82ed28442ed1a8c17321e5852eb0c193b0a8eabe7e5,3365,28,13.537926
biohack44_super,untested-public,task129,bc11e9e80b9128561b6e14a4908c76853c1496104b6103d675d166b25e9f3a67,726,7,18.258299
biohack44_super,untested-public,task130,129e8e94901df68286dc85134b4be5ba1daa1437df26f1eb430b9272e7f77471,1293,10,15.322911
biohack44_super,untested-public,task131,d0d26239641dc4c3252e3188ae42690c167800d860ffa9b75d9165a9aec0c31d,12030,100,13.949586
biohack44_super,untested-public,task132,8e5ad5fe50f8836d322e025383ef96da6495a2be15418b5a9977f057f895f669,3762,36,14.392475
biohack44_super,untested-public,task133,3a19c0cdbb2bcc44c378990c45cd8ca20a72e248d91e4fc9c75bedfc5076a62c,65902,509,11.522102
biohack44_super,untested-public,task134,d74f06274e16ffc4a7f2cc87185c453572bf47ffbd449dfa2cc4473d6bf15352,7220,68,15.260974
biohack44_super,untested-public,task135,a5ba0a9dc839a73fc24585aab0bb1e97cccd5531fb28b98b77e91a17e7701ecc,381,2,19.097367
biohack44_super,untested-public,task136,710479e576a6991b6a86112822abbda3344fa8c7713bcfb0b7fe423f977cfeb2,3173,25,16.509356
biohack44_super,untested-public,task137,1933adc61bb37aa8289a0a8b5aa4bf16be59d72316649981a3f196e76d12aebf,3864,36,13.809044
biohack44_super,untested-public,task138,05aa5bcef63289b93673de8cf909821f99f0e272d4ba12857d8fa78662df5d38,11562,143,12.804766
biohack44_super,untested-public,task139,e3e6133e136fc342560390d22bb08861dc290ef6c9f64e8854070984d4a5946f,3865,33,16.803012
biohack44_super,untested-public,task140,4e9d18bfbd60be2b9135e2cc459588db6a40bb878e5e16dd89651e3c3eb1cfea,474,2,19.070411
biohack44_super,untested-public,task141,419409ee1ef9989b22aaba718cfe107b9d915bb476e1f4edee982507a294cede,2345,21,15.331033
biohack44_super,untested-public,task142,b525fbe662a950ccba343052e36da4678bbd57b9039d4f6c5a15f3c0a16fd54a,7454,1,17.504458
biohack44_super,untested-public,task143,a7806b205f75c1a19ea4f0096b31a078910e7c8146b42996f8e3107b639d23a4,2690,21,14.960017
biohack44_super,untested-public,task144,e615d869e7b75b731a1e7c794f3e098932d43c523a514fc2aac85938a76e1624,1639,11,17.856382
biohack44_super,untested-public,task145,22681d1e38fd9b4a50619a4900134ac568081a0007d313598a2d4a001a12a65b,31434,325,13.796907
biohack44_super,untested-public,task146,773d61ca46def6d1e9fdb7916c51a9f5e99a5d39640f394231b2b05a400c4a31,1894,29,17.278651
biohack44_super,untested-public,task147,e65dc2d49c2dd32775575699e73cb1ad0aca1fcca0a87fcec26127b52f631670,3825,1,18.186555
biohack44_super,untested-public,task148,83bc09dcaea8524df3a4528943965a79d9f6165f72790b1291c63eb4f5449483,10573,107,14.515722
biohack44_super,untested-public,task149,3137da6fb944a3bb6e03884efc695345a045254de6a366510505b2221d175600,1404,13,16.455386
biohack44_super,untested-public,task150,eef66466514ec7a5328062908ce1f14ca3b8e113c6b1cf7adfe182abcc341de8,1299,11,18.078342
biohack44_super,untested-public,task151,5cde735eb19c85dcdb2899bbfbebf957214f3c4a0c1820cb4b3ad058cccdc80e,2352,20,14.951330
biohack44_super,untested-public,task152,b525fbe662a950ccba343052e36da4678bbd57b9039d4f6c5a15f3c0a16fd54a,7454,1,17.504458
biohack44_super,untested-public,task153,ab0a01ecf95a452abb1c5c75e402501f65e87497f8ff0468b7cae514e5183b21,54531,544,13.989139
biohack44_super,untested-public,task154,5f1e298db41b5a1f178cc757f413e3eab14e95291dd559a42ff084b616a29b41,8020,44,14.272907
biohack44_super,untested-public,task155,eb14dfb5dced388e02e786c70561a892c539daf1e48ed47cd695642c53b65585,1299,11,18.078342
biohack44_super,untested-public,task156,e365c128127e7c2ba75fc7e0efd5e0d695bb256972b63cf49206bbf65e227349,49215,375,14.813140
biohack44_super,untested-public,task157,88c618ee2ff392b93479695abaf12ade89d2addb28d7504fc69740836baff4f1,327441,678,10.283974
biohack44_super,untested-public,task158,5263d580cb60a24afa12641d5b52439098c7f85d63b6ad5c9cc04a2d191415a8,58188,345,11.947690
biohack44_super,untested-public,task159,93239bd39db8bb07ffc4f354ca7b43656c78ca03e18c9ca72a30ccb093e2eb5a,12966,57,13.597995
biohack44_super,untested-public,task160,9614391ed6a8c961cb2a50b82e22337eab556621bb99de4baaa2f78d0f8b06ad,2189,19,16.569237
biohack44_super,untested-public,task161,33351d8f1ca150a9d7b225d7ab8e9e8f60171b01fac54fdcb143882ed0fec502,6008,51,13.174397
biohack44_super,untested-public,task162,29467827e023a09da29f2c6bcf10d77d7bff035e613d5615f27d623e6f2f3224,2268,19,13.944502
biohack44_super,untested-public,task163,3eb225bad21f34daca455495c894a722c9727d52301e14c4051410d35d644a91,13875,66,14.537497
biohack44_super,untested-public,task164,250771b94d3db4658d4ac04e3bd9a0740f2af0f3aba0bb9b5df4d6181bb470d4,479,1,21.598803
biohack44_super,untested-public,task165,84191da6721ff334125fd7fa8616eb9122ba801b8e467d4f0bac42cdd367fab2,4910,25,13.879762
biohack44_super,untested-public,task166,bb71f3b3d956f668ce203feb385d0a702c31c6bd17cc17e213e3889db57d510e,1628,10,14.569981
biohack44_super,untested-public,task167,7205b15363f53274f9987b481f736b594008071406a8a8644556e6d42336b88b,2375,8,18.294361
biohack44_super,untested-public,task168,10661d21c26bf5ff68d448b007b0212c34cb45503fb906d999fa4a13c3626ac4,7297,44,14.628981
biohack44_super,untested-public,task169,ad2ee26f030f4cbbff155aa69ae2e24628a0853ec163253b327ebf3368124aa9,21301,168,14.928755
biohack44_super,untested-public,task170,9f919ea1d3fae6c43dfb70c30fe5ce04e453a44324f39755cb00850f150578bb,64849,681,13.683941
biohack44_super,untested-public,task171,c0dccfce69e87e53b68a617cc0ce6da5c9659180ce2acc2a46007c9915c524cb,3825,1,18.186555
biohack44_super,untested-public,task172,aa923630b6479cf1a1f5e7b7bfe2e4947e1c8ba8edba4f31d250b0b2f0c98dde,479,1,21.598803
biohack44_super,untested-public,task173,6422b0cd8c4551cb02c6733546b9d7f1b9130a0e4e58c7132e4791558a968ec7,10061,68,12.926071
biohack44_super,untested-public,task174,4501407339b9e160ae271315971c5baa39151bb8f252ce075fee7e027ffb1686,61839,790,14.140636
biohack44_super,untested-public,task175,adaeffeded8696e836a30029aede97224dd5ba4916277fff2214aa51d8c50800,11343,22,13.519339
biohack44_super,untested-public,task176,757c42a63bdd123372b7b8ac3de694e64df328a279914d385e15c5746b274cb9,1420,6,15.818059
biohack44_super,untested-public,task177,cdcbf832519bece9b4bc7966b23d1dba298385f8a602e49475b595b22b33b001,4180,37,13.778698
biohack44_super,untested-public,task178,2efa4e0be0f029b9cfc6cd8f58f215c38a5b6839ceed8e44d6c0ee2c39d579ab,11303,123,14.407499
biohack44_super,untested-public,task179,bde695a21a93b9e2084a9b7e8a8bee5f2cdc694baa71a12d1c34ae921a89cb87,170,1,25.000000
biohack44_super,untested-public,task180,2de5119963dd1a2c303ea79c0f562f2040d904a9a254cb3fe450ae080279da87,4414,5,15.910924
biohack44_super,untested-public,task181,d5e423513a6d975dcf970b7fa00306491312801ed8b9c3232bddaa05e5217ae9,3083,21,17.914936
biohack44_super,untested-public,task182,b8c2312076501eb99bd7fa1160482f67da919ddaaf6817dc9a7374d7b94a44b8,30831,291,12.765379
biohack44_super,untested-public,task183,304fd9d6c78ea14e6b21f5a8929aec65dc8582e0ed5300bcfe6c020cd031d4c2,4645,55,14.878261
biohack44_super,untested-public,task184,d104af166e5c9363a02c3f7e6ed8251c41e1d392701919524a25fceb6aeb384c,6934,51,14.147484
biohack44_super,untested-public,task185,dbc48d1e31979b5114d5df411783ca8989f9ae9c4bd063f24eb529ea5d5b1dae,18881,242,14.004858
biohack44_super,untested-public,task186,e08e25bcc7a87cfdcb14c47188efdde385ff6605c966217b934a67aa0589a797,2418,6,18.317891
biohack44_super,untested-public,task187,2975071ab48a9883483483822c3d24affcd8bb30d824d97f87c1af47cc9bafff,8852,87,13.409993
biohack44_super,untested-public,task188,b48429ec56843515f15fb784b0246488517e52cca244ecee0a432bfdacfcdec0,4356,41,15.692533
biohack44_super,untested-public,task189,fc979831b169f556d8d807bbdbd1958adeadff21a63e0ae51d203717a20273ed,8560,86,14.256239
biohack44_super,untested-public,task190,0a31ba38881a6fc4af83224d1aa59f0a876aea5808f55f95707b8c5975ac4c06,8781,63,15.675974
biohack44_super,untested-public,task191,ce59dacf094e79ad8d4baf5b9135d53f1b1bacb47f155b1245bbb719e4869e8d,13532,210,13.230295
biohack44_super,untested-public,task192,b33d9d2c7a44e0ccefa26f20c6eb211ff45cdba6b7ca7a38c8fd674ddc5062b7,2511,21,14.093402
biohack44_super,untested-public,task193,1184ed012012ee9bc87677fea86382acea9bc6b8979f087a5b3500492d6138dd,1925,14,14.109558
biohack44_super,untested-public,task194,5a188032e9933c63bea9816c0846001d769eb356d00653af9e5e766ff62bb53b,7454,1,17.504458
biohack44_super,untested-public,task195,ba4b722b42ea9bdbffbe4fcf38c90d387045eee91e245e77f502c246c158e0dd,5381,33,15.436963
biohack44_super,untested-public,task196,88e7b78d4c040a3e5555fce0c21fc2f7d85b4493a83e388036fd089f020c5ef3,3457,30,14.299185
biohack44_super,untested-public,task197,6f310a26322f51f58ad753217ad0cb07be255666584e0b9f608d8c96e911259b,1758,17,13.912793
biohack44_super,untested-public,task198,a1cd099e3d965fb4506eded8d4bde77ea202357df70e9212b36911ca002c8cb1,6979,51,13.449576
biohack44_super,untested-public,task199,7f8ae82add1995ce631f2596ebf18e50b694cb8ec8d56a776cb6b1f393d891fa,2948,22,15.309891
biohack44_super,untested-public,task200,3db82e421fb1700c12efd717427c8530ccb8c8b610c32b22b6ae170655c00c8e,3848,38,15.975267
biohack44_super,untested-public,task201,f7a500540c3480662d00d7867a35db2791da429b6c2a8a4d621e511b7839b795,10924,135,13.556167
biohack44_super,untested-public,task202,548ea01a96ba723d596f57386963dc208eac1c74ee9c8ad978597704d8065f5d,3582,31,13.258188
biohack44_super,untested-public,task203,5c86587356aef4914bda51c97f89e22464a8270b22c47a7b46fe9a7cfed22036,6437,36,13.610350
biohack44_super,untested-public,task204,c00fd71c76edecf696bafc0a6221fb677d4409310b19d6159ccf58fc186a14d0,9669,69,13.206002
biohack44_super,untested-public,task205,1db7ba454673116595b849f24af71af773785d5c65b2f97c8da6efdf83482840,48180,672,12.814503
biohack44_super,untested-public,task206,a9a48933d73ab0ca96c39812eaf2d7cc02be75d240f640166a9e5b4a88f1a1ea,20303,224,13.895344
biohack44_super,untested-public,task207,8cb6ddf4039b0c5d6313a9f40608f99cdbba78cd975fd42f6f501a67c8a3c933,2330,21,17.222207
biohack44_super,untested-public,task208,5d341124008dfd310bc5a123793ff6f9beaeead1fd98692f86f798a8f1e3f4a1,15885,196,13.566031
biohack44_super,untested-public,task209,f56e3cc63838db0e07db2c65feb748397b45af40ea12d489c31f4568830b0921,122649,845,12.494619
biohack44_super,untested-public,task210,aa923630b6479cf1a1f5e7b7bfe2e4947e1c8ba8edba4f31d250b0b2f0c98dde,479,1,21.598803
biohack44_super,untested-public,task211,3c58a51ab06ee25bf3c54539284f6def4bc6e10c364246d45f5533df0905fd17,7454,1,17.504458
biohack44_super,untested-public,task212,e0311574c6c6586444723f216d16eb35cfad0522511fec1fda4498c410113b3d,6853,50,15.309025
biohack44_super,untested-public,task213,3f5b36e0eccf4798f845ad10df7d2bc7948f10933966b09f25a7505175b7e121,26897,392,14.175493
biohack44_super,untested-public,task214,476030b9c3c916862c896b22ae9f1ee46d6bedd703bd39deeb4fe1a9a7cf6c54,7454,1,17.504458
biohack44_super,untested-public,task215,a823981941d8f498cb8e0826b2e4700d851544d06b11b1f732d9b1411edcd3de,4015,38,14.181362
biohack44_super,untested-public,task216,cbbcf98c1996eff11b40249f28a038c75d67e9eb5cd883434d3d6cf12ae72a98,19626,276,13.450820
biohack44_super,untested-public,task217,58f2ed503258d9c007e4e93b086250cd0e66b2871fbc7602a1fa7d6869dadd1e,7268,34,13.747647
biohack44_super,untested-public,task218,14bb6c5e5fa3712e4f556142985fa03de40ba2accd475bb596ee538d3c10c60e,9594,137,14.948006
biohack44_super,untested-public,task219,f042340d7b269af4b35437a41d3094074b91fd8778477f3b3fcd20966a535f12,87016,532,8.421777
biohack44_super,untested-public,task220,924ca3ff6b3c2190ebdd92b73e0c33ac441a7e64b5924bb34b2faa596a40dd55,3798,1,18.197605
biohack44_super,untested-public,task221,fc40a9c864b222aaeab1d16ab69b17f524fd95dc657baa701b144f4288e5bcb5,13333,28,14.069235
biohack44_super,untested-public,task222,f82b35de1de8377a5dd17f94de623872a1021443ff972be6e0765c6d21c5595a,2578,21,14.031198
biohack44_super,untested-public,task223,51cd95a032c661ce28fa653ad0e727fb33cf6a709a5747e02a8ab323190ae968,7454,1,17.504458
biohack44_super,untested-public,task224,1618c4868a39993d5318e610ce888f4b46394aa114feb2e20618a9034a6e1e50,6314,54,13.843921
biohack44_super,untested-public,task225,feb56d8f1c720012318ee348511e98aaff19c284a140f7de45fa6c3503d713ae,5386,31,15.148227
biohack44_super,untested-public,task226,011547c7c4fba33dd6a9bb00f3695fe5d493c03cb376a25175f0e57b4934af4c,4694,37,15.874455
biohack44_super,untested-public,task227,cf6f7c36c8f667cf326367ed494b71cee047311e9c84a08efac3bd0f846d0363,1435,12,16.838625
biohack44_super,untested-public,task228,b10ad9d1da09a0132a90affd556d138ae9c203e734709b8b4c64054e52e480c6,4406,59,14.373952
biohack44_super,untested-public,task229,a3200ca8c2d6a3398ab0c6b8816f2846845377b8b542e3e5ce44e3493e76b6fa,1735,13,17.386675
biohack44_super,untested-public,task230,1444325f9990947c4e2b6bd66f2ce611d8efc4be97b595c4bf2ad63e9e166ad0,3798,1,18.197605
biohack44_super,untested-public,task231,6c022eb9496c0144963923d81b389ed748d24bf4115e6d8ce753bd1bb58ea3f9,3468,42,14.347741
biohack44_super,untested-public,task232,cb69a041f629158a4782d801f36c826d6e76433fe59846f726270dac46923946,2435,27,14.367009
biohack44_super,untested-public,task233,d4c2341f9ab79e4277042f6098169402b5c12b4d97c66e4ad11ee38e03404992,321271,2428,10.677923
biohack44_super,untested-public,task234,f1bed9c14a107314718a6a2c2d272373b791ed46a99cd3e21b405ee8bee98776,8333,96,13.151045
biohack44_super,untested-public,task235,a1bf6e5bb8b79a4f92a3fc58a545e6df73dbaf0282e6e379a533855766a06f8c,3931,32,17.430588
biohack44_super,untested-public,task236,7f166f01eb2cf5e98be10a109467f99606fa9e5b533bf2bf8f34a298dad06666,1511,9,17.962972
biohack44_super,untested-public,task237,6be29b90d62d7a882838b1f290182dcfab7283351c790750f5018e02cda045cc,2237,23,15.003204
biohack44_super,untested-public,task238,3208dbc8cec5a6a6874fb45bdf74920c0447b6b2745454a2ca76efdd5aa83d45,11927,102,13.927566
biohack44_super,untested-public,task239,2abd421624d88b12e8a63904b214d06678543cf0231b040cc10fec704aac503f,4143,33,13.525015
biohack44_super,untested-public,task240,faa91380b9775a3eed48bdcfe401ad8e5d1b5e2dc62a2dcb17feeafe00f6a1ce,3953,28,13.893630
biohack44_super,untested-public,task241,bde695a21a93b9e2084a9b7e8a8bee5f2cdc694baa71a12d1c34ae921a89cb87,170,1,25.000000
biohack44_super,untested-public,task242,4037bc7bffc24662a27d3619b1671d67f9ff5c735fb78eff5f06860df6501fbf,1968,16,15.046580
biohack44_super,untested-public,task243,40f59da41ba2cfc084b9eaaa726d179194120eaeece0b9b5ec99bb299daca438,16926,137,13.395179
biohack44_super,untested-public,task244,12974cd83da15658ad0e0fe3b624c0b705d56b763e2925eda0818540265e7af8,6538,66,14.633345
biohack44_super,untested-public,task245,9a7e78ac605c6378be3f47d88a35aae0e1cf73ab864258254dd4987e43d54c37,2843,37,14.724432
biohack44_super,untested-public,task246,379b5a73e3dee6f56eedab3ab0bd0ed8414179c6e7ae1edd0a948060d6401309,3824,31,15.497662
biohack44_super,untested-public,task247,687d227d377754e0bdb525e56deaa3c2f67049b4bb02d7f579e411f2978a74f8,2056,25,14.995717
biohack44_super,untested-public,task248,1cc5ba184903e8307ed5ba4d36263e3487d7beec6142f401fc6d0424e70f1e18,2328,23,16.120945
biohack44_super,untested-public,task249,a59e4c09e5d3e602f7ca21839c22449d6075728887f1641219db927833c1f7e2,2901,17,15.462300
biohack44_super,untested-public,task250,db7b6112f672f2a70588e91f451c893bc7b1ecec188c8c984be8cff297851bfb,13543,127,15.280375
biohack44_super,untested-public,task251,054a1310978ea762a181de2ac68b1c10e5d9e706e70a593b68af3d1f26ff74b3,6906,53,13.472393
biohack44_super,untested-public,task252,20bbdff14100a78ff5ba0ae2d08e7e82af19b2832308a8a739256b3f3416c6a7,4879,27,14.401218
biohack44_super,untested-public,task253,2538ea53b1aad1e6365055ee14f48dccb49ef632cce416086075b33d42366bad,3510,17,14.215455
biohack44_super,untested-public,task254,a723230701ba601d3d39bcceb6c41545ed7dcecec7d640d794a6d298303c6654,6052,39,15.865030
biohack44_super,untested-public,task255,e6ed6b4ff01e155169486c7b822db244629ebc48a8b802870d51af90aa2cb5c6,301761,185,10.661366
biohack44_super,untested-public,task256,d0cabd95c8b29764920aaddbda780fb79edd4934fd0149ae2f4085d6a62e5025,8793,38,14.816270
biohack44_super,untested-public,task257,1ba5d2b1f3d209e5deac17cc33773a38e6e8595872daef742a965a2ebd3fb42a,1669,16,17.629140
biohack44_super,untested-public,task258,e5948973e4d14232b7cb957f26c0487779f6c8b9e06e32151b75a5a21ad5e5db,3836,1,18.186555
biohack44_super,untested-public,task259,cd8f2883b4e59672ccd19f5a5b45fc92a1c48a4e736beaa179e62ce6d6dd7a07,3882,30,16.169018
biohack44_super,untested-public,task260,21c776e8235ed69d82386e0937fe02a8389a6b09a67bf7b25cd35601008d0ac1,3320,26,15.377285
biohack44_super,untested-public,task261,6104690685d52f02ca149095658b51c2d448d252f763922efdb0fd69749b630f,995,1,19.701683
biohack44_super,untested-public,task262,c4714ec84de4fa51ba3751b69dbf34ecf5bdaeb8026531c6a3a6a7fc3e22e9d9,1329,8,16.086315
biohack44_super,untested-public,task263,1b8a040360232f6944fa110231b6a00266523ac9e4cb025a05f8dc5fdbd23da1,10867,140,15.981062
biohack44_super,untested-public,task264,01ac406f30f0ffced1625ed8050b91086a8967573523be0ac1583a6eef0e4dbb,10074,115,13.154639
biohack44_super,untested-public,task265,e44b248f5902d3d38b34e32679474cc70b8ee0d23a58ae93c6e8658e0375fc5d,3110,32,14.408076
biohack44_super,untested-public,task266,491258de81aba00b6aa06f223356e30346665751690278693288e858450c8563,3825,1,18.186555
biohack44_super,untested-public,task267,50444bff71d0c42d80ad99a08ebb92d401d889eef377adecf9fc146b863d6c3f,1659,9,17.741588
biohack44_super,untested-public,task268,0eaf42695ba70b84bba537b2bdc0424a1e075d68e473c6c823414474dde4258f,19789,169,14.878381
biohack44_super,untested-public,task269,e4547b23d6bbfd6c875df4ade60468159cc1858d2504b6f84c083df9f49080e5,3349,29,15.407122
biohack44_super,untested-public,task270,de4452f5ceb78efb5ed81c15ccd96957c4aebe7e91c0419c5f82fd254e1c63f3,10862,56,14.235417
biohack44_super,untested-public,task271,1d303e94d417fc4786c4e80dee5be764e57f981905d0bf8f5e5fdf48595b19ed,1993,22,14.725259
biohack44_super,untested-public,task272,bb44a1717b5f9b6f1cd8f6bdd32aa6a40d88b17db3e200a8cb6f7806bb2c658d,3825,1,18.186555
biohack44_super,untested-public,task273,ef481d8f02832385edb2ae3838215e1c01c80ebc407639a5d04a17ab09227a4e,2414,22,16.294338
biohack44_super,untested-public,task274,05e714a8af955d6f5061cbf93ea6964c368b3f5c164831d0bff7c9a31b8986d6,3619,16,15.942694
biohack44_super,untested-public,task275,b05c9d902d60b5e03aa3436e187c874a4948bffc12b2ce6c86fd8ed957970680,24193,253,13.662810
biohack44_super,untested-public,task276,2a3e881ae92099c36f1955bdf96ca1e9f77a4ef3d1d3eb58c63eccc80a655c7e,217,1,22.697415
biohack44_super,untested-public,task277,cdd58c9156822d0c5c668ebff763d57659136b9c3169c7db59aad321bb92dad1,6687,60,15.410059
biohack44_super,untested-public,task278,33724e4205ac1b5cd67dff8fb471583b1e478ffda0887f7ddde257b2b5fed045,3294,14,14.414249
biohack44_super,untested-public,task279,0cc3ec0ebbbf1322a18ede62c2d99f42f05048f3ac7f437ea5234eea0b28c4db,4658,41,14.171024
biohack44_super,untested-public,task280,82b670978372ce1c23e03297fac4c9a8b660a0ab794420b6151459faffdbd466,16655,138,13.156003
biohack44_super,untested-public,task281,ca2a1537dd3fbe42f2138c372b482af55ba9bacf05230c700a13f8ac7caf45df,7659,64,13.597168
biohack44_super,untested-public,task282,3b69ffb73c79f09e8523073931061610e74b3e0d32534378317960c9557acd0d,3798,1,18.197605
biohack44_super,untested-public,task283,b0e2a1e5a77dc63e5c2faa69d44120f7fe0e8773160760e68b7f5912591f4c60,3825,1,18.186555
biohack44_super,untested-public,task284,a6639b3a490354a06dabea1ba3e40cadff156bc3590372d54d12d7b22cc4b80f,30975,145,13.304486
biohack44_super,untested-public,task285,7e7174483c54bc2036afeed9b286625024f4bb3502e4c708e4c0e8e55cb7dbdf,64932,325,11.903441
biohack44_super,untested-public,task286,4f012dc2e0a2b7b30e956f16edf2b883865d3a35d150e621bde7331b202015d5,19743,169,13.003415
biohack44_super,untested-public,task287,597d6d8d9fb465183a384f7f4a71596b1a35c46163dc529eadb64646cf3c0ebd,1706,22,14.975756
biohack44_super,untested-public,task288,2ef01939d8fb465f7d079f337f55c77fe2c332eeb2f01b47e5759981f01b1175,7847,52,14.200567
biohack44_super,untested-public,task289,ddcdd8e5f14fe99b7c79bba1087ff0af80515de9b95497fc7d86edae3f7b4dc4,2883,26,14.634856
biohack44_super,untested-public,task290,4b741031cf43c0c6b363ab3c98f7017cd73aa098b5e38c15b5799f2fcc7eb008,42089,87,13.384049
biohack44_super,untested-public,task291,f97257c9bae5cbdf0614cf4f6d0aeda2c0db164b44f4861fc829c00eae636b67,6009,22,16.627370
biohack44_super,untested-public,task292,6c7d97812715e7fabefd85ae7cd7069c242c3fece1fced47e289ef103c53a575,1411,6,16.040046
biohack44_super,untested-public,task293,d0d3cadd99d8938cc3977399ed5dee18a032739905995bcf0fbc76a20c04297f,9897,52,14.882571
biohack44_super,untested-public,task294,247179b0cb2fab9e792e9f91da564f6ee1f8d4059046fabd7bfd7e7d3d010cd9,3825,1,18.186555
biohack44_super,untested-public,task295,18acddbc84d5c34f0a238bc7700ab1ab9a2519dec5529953f3e4eeff4bd2a81a,2771,22,14.967767
biohack44_super,untested-public,task296,4306af04547e103c395a41f15f7829592897a368a36d02047b54c256c5e54b13,2843,10,16.677606
biohack44_super,untested-public,task297,7f12a7dd6a0b83b2502328d7bcfcc2ee5ce44ba8feaccb32246078a33484b76e,2651,31,15.684939
biohack44_super,untested-public,task298,5cb2c2997afb77da1e33a268d22b34b95cd5918413cf91668da1aa33f5b411b4,5059,31,14.958143
biohack44_super,untested-public,task299,dee7954386eec83e61b74e30694b2d391a4dc0610602a58dd1b37dcc92fb028b,1980,19,17.107174
biohack44_super,untested-public,task300,e81ff2bf51d9621b8df8ff754c0d4ff4270d17f336e625bedb5fba417a57b7e6,4688,43,13.741000
biohack44_super,untested-public,task301,a9794e11d05e2a30078d5571b3c25490850073d0966e896233ad9e29ea534801,19261,48,13.918042
biohack44_super,untested-public,task302,fc0c4095ee26f99dfa28593219832fb1744068c9c08b4b65293674194a176ad1,4372,43,16.038634
biohack44_super,untested-public,task303,f1388ccd300d0326ef77e32e80a1bdcb15c39bd24649153f5208eb8cc0962cc6,2084,8,13.701382
biohack44_super,untested-public,task304,da36b408e1af537d161fbb14dbba577380417c72233e4a1458970d507c43ae7d,2136,17,15.413006
biohack44_super,untested-public,task305,9f735899c445d2de0753685201dbbaa448ff1306c5f52d568270b4588d8e242d,1865,6,16.718023
biohack44_super,untested-public,task306,7b49df67bd4c3733ab36737bab5b236e6f62b7b3928698f735fa95db0f9366f5,4155,33,13.926448
biohack44_super,untested-public,task307,badc5326d1acd892c77212fc876a3f3192e5b67a9806ab111d1e9589eff70706,7454,1,17.504458
biohack44_super,untested-public,task308,4e29d8af281a2ed570ccd3f03a786e0e94f4a0cd651cb677e9955d522f712ae1,6118,59,14.148646
biohack44_super,untested-public,task309,c47b834e65872a11ec0cda3c8246948b8365f81f916610b49ed07267815733d9,217,1,22.697415
biohack44_super,untested-public,task310,8ba42d4bf0a654f913a7bee8772a22258fedd188475ce77c77e8bba0fee69bdb,5449,44,14.016845
biohack44_super,untested-public,task311,250771b94d3db4658d4ac04e3bd9a0740f2af0f3aba0bb9b5df4d6181bb470d4,479,1,21.598803
biohack44_super,untested-public,task312,5f8662413159b881c8dff97e5c51ca63270ea3b1609d0f333539af73166348ff,1202,8,15.791762
biohack44_super,untested-public,task313,a53af0418f5de87303fcf7282bd1ed16deca5a31b88b7ebaf2a2f4b6d689a574,39887,34,13.666536
biohack44_super,untested-public,task314,c5e30ef3e59d2973ed66b4202d3784913f7d6936ce28ce71437eb9d398cfc298,28414,218,15.616547
biohack44_super,untested-public,task315,1bf0b18c996602619e9fd51d9c5b13d00e57feaab87cc78fd43463a38ba05c04,1520,10,15.469099
biohack44_super,untested-public,task316,0b697272db5461192d00f8168c702d2dde635fe5bebc4fe3b7506a820ca9150f,5537,49,14.150469
biohack44_super,untested-public,task317,54ad9bc9831f0f3a781e65116809c2c60f3246bbdc84fc6c0fa8064fecb5d8c5,3798,1,18.197605
biohack44_super,untested-public,task318,8a6d9a5329cb6796da0fa92ad568b2b6d4486946f9e8ba759321818a4ca8144c,1569,10,17.908258
biohack44_super,untested-public,task319,deb8d2e941f26625f3013b0494dd98b669c91cf5ac30869b2530b213828230e0,260816,2051,11.488390
biohack44_super,untested-public,task320,b5f9d264034aafc2780289baeb60a45e338fd6478233a720f13b79faa2d6b39f,2183,19,16.445511
biohack44_super,untested-public,task321,b563dc7797c6347f41ca4931e7495e5bf990351453842b3410e31e0fa5be47a6,2449,19,16.139643
biohack44_super,untested-public,task322,f43610dda915fbdb99faa2cb6fed4c3214451283dfa94368d29f23b537540211,839,8,17.858755
biohack44_super,untested-public,task323,730233a73b9e6e98e25c77baf2e139a562e458088de6d66cb6f5a0090c133eb5,2497,10,16.580861
biohack44_super,untested-public,task324,a9978fd1a5ce35580d87b1ade55329ef3edb36f46f8471fbc1f8a51cbfc6a9f8,26081,263,12.836882
biohack44_super,untested-public,task325,703958452270456b7d0aa9d4685a3bb4279c1a189050c3b1c4c5c0ef26767373,5072,39,14.330533
biohack44_super,untested-public,task326,b95776b4618ae80d707674425b68a1b903cfc9925a01d24b03b330ce97a9c421,388,2,19.888012
biohack44_super,untested-public,task327,c1e27b3e2516488d97fe6bc640b49553d912c7e6de9b4b9fadda8d8d305fa039,2235,17,15.428913
biohack44_super,untested-public,task328,c0634dd4996ee7e706d1418802970c093d7a36a1375de2a27ceeb256fe577ce0,16420,121,13.847012
biohack44_super,untested-public,task329,d74a675084da2fb504b608bab4f432a3093fad2bad9e29ecf0c3515cf01d07e3,2361,20,15.453616
biohack44_super,untested-public,task330,8a424d75b0360b5cdbbeccc47fed205640ea34f892ead97b7780c68a1e453f05,7417,22,13.964707
biohack44_super,untested-public,task331,159b7db4377d2a7d75a15aa8f84344e6d919741566944220da8f361aa1da572a,3836,1,18.186555
biohack44_super,untested-public,task332,7b9311fbf91d7c0760a21f824b62a7b07e127068f266044e6d565ee397b4cdde,4180,29,15.896132
biohack44_super,untested-public,task333,056322558aa8fa4149af6ce9821d3273f0b403e4408e461963db3d70864f1adc,4379,55,14.877658
biohack44_super,untested-public,task334,7cf8e36e93bccf26226adc1d02671e72d48d747bc6fdd93ca0435a1baa2ceb85,2063,5,18.119616
biohack44_super,untested-public,task335,479e72a28e23e2cd127fc09a2faa9a3effb7be4d31b254cba8c612bfb4c5e640,3914,35,13.996401
biohack44_super,untested-public,task336,66605e39204e06dd97980e812e93d14e7dab3eb0d815b075ac29202827cc6a4e,5276,54,16.294503
biohack44_super,untested-public,task337,c276f5799bf0f2f77bbc0c31f5ed97472afbff9a946326286e229929029e2484,159,1,22.697415
biohack44_super,untested-public,task338,b35b8a9c786b6c618d442f8072720d3dd2ed919de6726b80b6d1801d3cdbafea,4510,37,14.271263
biohack44_super,untested-public,task339,e8be4c26edfb079da2c23ae2f0b4d5d89e4dbc9c4ef2dd065ae8f448193eec36,2038,12,18.112447
biohack44_super,untested-public,task340,ae9d3b10081fa4e93487ffe7567852135f45ec4342fdbd9a3ff936ee5f937c52,6593,71,13.836306
biohack44_super,untested-public,task341,c71ffbf3d469ff1f5ff08e06e8a0e63931c352df9bedb0eab43b2adbea21010c,11979,99,14.990307
biohack44_super,untested-public,task342,568532a57f0cc0277edc76b1421770305f1a68dd847468cc0cf3c8d021e03009,4815,38,15.499306
biohack44_super,untested-public,task343,df6df42dd51bc8bd68188dba44776eb25926c7dd542729c2dcda48b60fd156bd,7569,86,14.700054
biohack44_super,untested-public,task344,a23999c886c62393d115371628fbee6b6043de7a35bed72285639240d6def4fd,10236,1,17.171962
biohack44_super,untested-public,task345,a2280b92ae787f7017bb1ae28368cc578fe47293edbe98af935f4e7572d6087c,6721,30,14.153989
biohack44_super,untested-public,task346,11e08c307d334e0429612fd7a8873ecf53260f716ca9da99b6693e6d9b369548,2236,13,15.875435
biohack44_super,untested-public,task347,fed395462b49017236bd7c8efec1bf01bac6ab9d8aaab79388c4befd346d40cc,1369,10,17.440441
biohack44_super,untested-public,task348,a6dd8eb329ee1c4b5ee60a6985610b6685bad770c76a14d12eb9e9665303821e,3000,29,16.103412
biohack44_super,untested-public,task349,b57e802ae6c73cfabf1d34ffdd1313911001cb6a901862ec9c9346352bea0033,8755,89,13.103296
biohack44_super,untested-public,task350,0a4953ef042161b10533c2687cf95494f213b8913fe824d49955a6077178c613,1437,17,15.104998
biohack44_super,untested-public,task351,c17c4a24fd333fa82a77f43e4a5127d7eb81187a15ad4b7f8a1bb21664a5d49d,3049,25,14.532506
biohack44_super,untested-public,task352,f3b9bb985cfb0478df981c689aab9f22dc5bb177e02b6f3b6a3b330669eef601,1398,11,16.201243
biohack44_super,untested-public,task353,1639de1c1d4d3ee61a8454a02d3b5af4d359f13f2fb1c963687d4cd76b280a8b,3244,31,16.403811
biohack44_super,untested-public,task354,a4fcbcc1ef0fd8b1a7950c768d7a39b706052f1c2c56e6e41edbd73314bc6f98,4335,38,14.253416
biohack44_super,untested-public,task355,9131fbe19a9b5cd500461fd94e3f6137ce23be6c158494512cb880891f36f5db,4506,45,15.406986
biohack44_super,untested-public,task356,551900e26ac21ba20631069f1a4268e5b9992eabbfd9cde50643affea19fc2f0,2344,21,16.482407
biohack44_super,untested-public,task357,3d4c5d3ef46e8c9f15401243e101a1f27b9981a0b79e63fc1ea26fda02c8ea43,2328,23,16.120945
biohack44_super,untested-public,task358,50650df0548143121954ee03c9db4532be39a4a56b686e8bf4987af48b47c2cf,10944,132,13.355862
biohack44_super,untested-public,task359,5402e526d36f56006e6fe3438c6875e02057cade74e68784d892dc9c4510bdb1,3909,32,0.000000
biohack44_super,untested-public,task360,723ede1fdf46c4e929398bb91683e9f43d5e63a6721e2ec311f654a49995785c,987,10,15.659860
biohack44_super,untested-public,task361,19579bc412a62eb7963775c72f2af0a5d9f7ccf5b184a9d0519a43ef227426f4,6886,60,15.324794
biohack44_super,untested-public,task362,948c36d60760728278e165c782624303a83fbd0475705cc005aabfeeca71a6d3,2814,26,15.356061
biohack44_super,untested-public,task363,1a3e1739b184db4f6be604baeeee9d04e13cf86e0afc107fcb31ffe8419245d7,5499,48,13.604789
biohack44_super,untested-public,task364,11a0ad8c61393d7892946c396fdb4016436e9442bfd987bd11780a7a6dc35cae,9250,63,13.737127
biohack44_super,untested-public,task365,b5433fef2a486e434f677cabc36a073d21f90962bd37a741806cbce8ba33a836,16991,234,14.017865
biohack44_super,untested-public,task366,c327a807028175dcbf54e63fd5b24fb76943251e46d8f42abbb93a1dc6cbaa92,107036,899,11.096658
biohack44_super,untested-public,task367,6815e915af7345638b8365663e29fa061a603bc9a692aaef89fc6b8e1145a0e6,26515,196,12.575318
biohack44_super,untested-public,task368,a4e2285ef899a8ae853aac896ed24b56bc663ea3cc332551fdc5d4df9e33ff16,14735,183,14.166378
biohack44_super,untested-public,task369,24921a929eecce8ddfb843425f57bf35451669b9f27ff197089bc2e6015e3b8b,4692,24,15.502303
biohack44_super,untested-public,task370,36f3ff16eafecd13a6eb66bb0fd138b420c6ea1974461b06d4e596346309660c,43394,388,13.023819
biohack44_super,untested-public,task371,4bc87a58a1a7aa1545317a2b449e5ce6834f7c6ea948bee7bb30d6354847e3b5,2475,21,14.880232
biohack44_super,untested-public,task372,8287976a56507f8fa1adddb31b7db71a31afc8b1966ef19d1d7f2775c85f696c,1328,10,15.477041
biohack44_super,untested-public,task373,e3ca2087cc04caad3b005d7dfc630796288768c44b0d1bc85e85f3494ba1be24,988,6,18.027394
biohack44_super,untested-public,task374,29c99ccb14d1600e97d7b8c3c292672fed67326cc713432a0fd26edcbd5c2182,16450,144,14.140290
biohack44_super,untested-public,task375,509686d607b3126316a284357799deb369829fe56865a1b05609fa3447c4c5d7,2214,19,15.372793
biohack44_super,untested-public,task376,7dfcc89f311bf7f416d63006b35acd1110a420651b08e0123dd606e2d8e36498,2344,26,14.342576
biohack44_super,untested-public,task377,9634d0c4c5f2d3616c292399129487757b13a675d7e4d66ee409a56adffdec77,19220,208,13.919690
biohack44_super,untested-public,task378,5cfb4ed375b262770e33cd356d40d8b9e1900d6a0a5d4f3575021b742dcefdbc,10496,95,13.926107
biohack44_super,untested-public,task379,0002ebca2333b2402894d90300cae16c7fa1dcf04c9df3bc98751db32899d9ed,10260,107,13.808644
biohack44_super,untested-public,task380,b23f227e055e494818df0587e34418a5054807bd258a80e00f9170bcedfd819c,531,3,18.397412
biohack44_super,untested-public,task381,3998a8083b77dc723fc5dff3622d4ead64bd8bdadb3c886c1aff33fadfc34765,3773,31,16.788789
biohack44_super,untested-public,task382,b424c17afc3f4e1c37d8dbfe1078bd4e65b9f7e141fdb71d48fb1cf41e44abe3,32747,242,13.351722
biohack44_super,untested-public,task383,19da36427e6ee74fe0cf46bc86c98b873576bc8e0c1302e4d8b61c04ded4f8d8,6805,57,13.224964
biohack44_super,untested-public,task384,57089beccc7a95bb03cb7bd0a9d6841faa06a32f84b126df9802e34c8b175e3b,4542,39,13.778082
biohack44_super,untested-public,task385,629a5673b6a8e745a4c5b1b5afcf3c5e7214f2fd7c54d7f5da27eb3e788ea5d1,175,1,21.598803
biohack44_super,untested-public,task386,de138b32b21fe35facfd4995972863055b13d2b794c18dced2522843483f024a,1471,12,17.121845
biohack44_super,untested-public,task387,51c5ea4543c17a9365e7c65dd4a6ec0ab7655c19a9a039910dc3c31eceb646c0,13036,125,13.935223
biohack44_super,untested-public,task388,1ff8077147ab57a653e86c4389d3f5f467208ac76bab46c461bda7daf30d5d61,6368,48,15.272594
biohack44_super,untested-public,task389,5d19a4d137ddfa5d5e278378f5210bdd9ffd9225b6b7ca3cfb0a823a86ca0be9,1421,13,17.451444
biohack44_super,untested-public,task390,b35cfff252a2d3608ad005f521354f269c257ea36955aef72141d6d75f07f776,7851,41,14.615847
biohack44_super,untested-public,task391,1582c8e52095b42ea4800ff8753f6e9fcb62f2e7b65b1642a469835c6548bf80,2841,26,15.787562
biohack44_super,untested-public,task392,c9f864dc7d099eabf2caa44afa6efeea57c9595efb9613ff3aaadac839883523,13503,49,14.177625
biohack44_super,untested-public,task393,2f236f0f741468312b3933de81bd4f1f7d36a96e624a1545d1986160d95c466a,2433,22,16.321879
biohack44_super,untested-public,task394,d3ebe869f1ff5d4580f7ef1750bbca032bda17d235f3d765771a202aa8b3961f,5312,78,16.531367
biohack44_super,untested-public,task395,72a72e6428f843b5c12ac4172aef1eaff9da1ce6a13e6252568aea13233c191e,1479,12,17.403608
biohack44_super,untested-public,task396,deecb12bf534491a8adbe29e9b1927ba002fffacc6253071aeeb6bef2ef188a4,148123,407,12.967995
biohack44_super,untested-public,task397,d6838f43238e0445f2c5c2e513eac4c47739950e777647e7dd7b476270eafd64,7101,77,14.713668
biohack44_super,untested-public,task398,5d6faac9d879be8dcfabbf8a25b82e0c62f0d41eb7d39aea7eb37e1fc447e023,8768,44,13.657827
biohack44_super,untested-public,task399,f8e72c2228ae91a54d38c5a7f101356edc42d906cda234321b13bfc87a5ff38f,1907,8,17.483023
biohack44_super,untested-public,task400,85a9828beec5f14034326e3d758cb7a93f61e66437df97f60e5b4a304af62110,3021,25,14.532535
biohack44_6080,untested-public,task001,e797ed891931604093a242891035430eac3d4815502c982c3a516c6f7db1b462,1137,14,17.041074
biohack44_6080,untested-public,task002,4c3205c0141934e8750b205f87c8622ebfd80d2fce3c665797e3b1dd39c1d0b5,15506,95,13.510415
biohack44_6080,untested-public,task003,155de80550da61e01bc0f6cc5de93f980b0473d08c29baf3bb04a2529f532c86,3120,44,15.883531
biohack44_6080,untested-public,task004,fc9ef5d39847fe678249f3dd2ef4701d2d49b2afb4c27c424b79b6f9967ca118,2522,4,14.084548
biohack44_6080,untested-public,task005,dd5681549124eb6d60c83f24b1bd80499fef4bcd62156e5b133ee6069e17f92e,10910,106,13.313214
biohack44_6080,untested-public,task006,17e048671c7f056a80feba6875cdbb34da1521c36887cfdb399f371d8d5e163c,1124,12,17.603051
biohack44_6080,untested-public,task007,f428fcccaa7c166df8066ea715126ddcc5f75122c86a8b1c5c59c3e14f1a973b,1320,14,15.981910
biohack44_6080,untested-public,task008,662af396ddc9ba7a33d3a0179ae26ef1ac06a69bc0c08ef6be718fa379001d10,7667,78,14.933331
biohack44_6080,untested-public,task009,2043f559e1ee947e2533c1ca00c25a699daed5b516d1bb4bf3515822ea52518d,30956,22,13.694825
biohack44_6080,untested-public,task010,92d798f28d116dabbd7bef3a2e3f10f312184eb43390d09a00b3fe6c22a61b58,4038,60,16.479612
biohack44_6080,untested-public,task011,3f64ad20a9feacc16ad2ce2296652dbc2fb5438e444a47af1f885a374cd43046,10170,52,13.898855
biohack44_6080,untested-public,task012,cf80b1fc317b51dbd8efa9eca069b2dccd1d58066ce1eb61dabe815a96124043,1406,16,15.468881
biohack44_6080,untested-public,task013,98f0942c7dbfaf541df9396cfbf3af4d1699a7f8bae9f96b9c4541f220eea98f,18384,91,13.331080
biohack44_6080,untested-public,task014,e28a3213b620d4176a84df374d4d3e0661472eef73860cc122acdc5cc4491c50,9683,46,13.760459
biohack44_6080,untested-public,task015,1ab641692d1424be973ca0ca5d26e88172d7be86363973c99ffda1b0d2dfd046,3774,1,18.197605
biohack44_6080,untested-public,task016,fb83a8e988f586009bf17279b7aedb194e3492a8e6f357be6d5e9ed903615733,158,1,22.697415
biohack44_6080,untested-public,task017,4a7ffedcf19a4dc495a515c79b88ca30b9399af74abb9a375da3c3a778336340,8620,67,14.414477
biohack44_6080,untested-public,task018,c2e8e82b394406b4127ebd3b4e74460e0d34b69c8604a6ff6239f9a1608dd4f6,32157,219,11.323875
biohack44_6080,untested-public,task019,eecf7625da383cb85e5c0579fb3b8635767d444eff594d0b30dfd79b2d44ffb1,17887,35,13.165832
biohack44_6080,untested-public,task020,4abb72f71f86d299893dcb1ee3be5937bc57ae169a6d1c33af77157df2be6f0d,31378,245,13.590958
biohack44_6080,untested-public,task021,da36c2e6ace2d54bb1b06c242e24907c34d0d06af26950e80fa00f283b42106a,29330,215,13.930491
biohack44_6080,untested-public,task022,fbbcf7777e1f706b0899071564e37bdb5c8b7d7908efc4f47c971a3953e03d07,43895,363,14.287072
biohack44_6080,untested-public,task023,414b44dec3939965a309580102839569508b22ab5982acd0213197c7ce22f925,19187,375,11.676950
biohack44_6080,untested-public,task024,f8a1d671c3118abe56700d79b82cd03b36acad2b03a5453a7790ca311b792d5d,3233,27,15.886171
biohack44_6080,untested-public,task025,9e4d6da60fa928cc8d4c9096bdcd9cb920e221630bd4f47aae6a336cb6aeb6c8,27832,477,11.682550
biohack44_6080,untested-public,task026,7b1677f67eb3a42b35d9d881fb5afa91618d944fae08e6ae12d4aeff0faa3601,1345,13,18.396056
biohack44_6080,untested-public,task027,63da1fe45860bc98d31a806aeabad3d8d81890198997b6d66fe5343ab004d658,16205,25,14.486991
biohack44_6080,untested-public,task028,4720b5f26b0c1d9ecdc73bfa06c77c255d75d3c6386ff96be99232547cee796e,1956,13,15.895687
biohack44_6080,untested-public,task029,25fd930dd65d6c39e3db30c12b581ca4e5dd8c8aea1ce2a272e893b8ea92fac5,13589,88,13.503438
biohack44_6080,untested-public,task030,76e48b2967fe619c83c5b215c89d8aee30008e2d7f263137f5af078b6135d592,9441,56,14.169341
biohack44_6080,untested-public,task031,b90c3fc6af40739352e474797fcd60c161bf6ecf6e4312dd7060ba0ff8383f7a,3417,26,15.164363
biohack44_6080,untested-public,task032,64d66eeaba95588367af53102ecf4fb2ceb4c93327b677f80f1a9591b342f6a5,2347,19,16.867000
biohack44_6080,untested-public,task033,60ab4cceeab38a8952d0157e862ec2f374a51c7d70c00bdecdf9833a703455b5,1510,16,14.081989
biohack44_6080,untested-public,task034,7400b12dcb940f16d35589b5657e932c80b9aa92e8aed8c1f41a38cdff070b08,11293,87,13.421324
biohack44_6080,untested-public,task035,ebbd6ac458b533db76701bd30483191c1369774d3a067899638cbc9aafdadd91,8818,107,14.846026
biohack44_6080,untested-public,task036,76facc8f1d2b1b6691dc621f3160abfd35d151bfaf74961ef3d21abebefdb575,5866,56,13.710331
biohack44_6080,untested-public,task037,e19669c0dec2c6b73986d1bd07ec5c19bb0bc452edb6cf3d006f85657ae46d12,20424,27,13.937652
biohack44_6080,untested-public,task038,a83d43302a9ef7e5b284cc1e38fc4ce8deedb152481de569220ea69b94855018,2357,16,17.306974
biohack44_6080,untested-public,task039,3bac77b4053405c006f1695572c1a8853909392131b90cc60df799a75bef2677,1913,14,16.034027
biohack44_6080,untested-public,task040,a759237736d4acc76d05d0cffac6e4cafc4e202ff4fdeb0d137356dafd1fe9cf,2791,37,15.777929
biohack44_6080,untested-public,task041,b84ce39398538ef8f1ecee3d2e64c3e0d80db902edf7e23098fcb22c816e3c8d,2228,18,15.299425
biohack44_6080,untested-public,task042,61704243d0814f6344a7541e90aec41f9e115f16368a7d57bc896bc807d12eca,8398,54,14.593648
biohack44_6080,untested-public,task043,16b05e98645b4d8da6cf555ed59cb2165317fe07248f91dd11f6747c0b38c22b,1966,9,16.129477
biohack44_6080,untested-public,task044,d7be538649eb0e8a61367a01fdbdf5446c5aa4d1cbb20ee5b0fd67c3b5abc7c9,148684,1054,10.317262
biohack44_6080,untested-public,task045,43dc4b647f1683ea779fb39571b0cdbbad8fdcfd27c8713aaa44314281d7c131,1438,11,16.040431
biohack44_6080,untested-public,task046,776e40c71ae05f511e59e234f5f52931c7f966c95b139fed312451a249a5f138,5299,73,14.582911
biohack44_6080,untested-public,task047,4d3bd9f3b89f4cbffbaa53b514aaf33d6a74318b8a86531c4f5d13411ed2546c,2151,33,16.492857
biohack44_6080,untested-public,task048,9423c02033058a1188fae998353c04f6fbf4e48361dbee5461896ddd5d49ac28,4058,52,16.367872
biohack44_6080,untested-public,task049,a37e8cb1f6134fded24f6bb205efbdfe9c4b4f96f2b9195d9db3108653eadb0c,3516,29,14.613685
biohack44_6080,untested-public,task050,a43a64896f788cffb0e83ee188a7680ae80f27578b1bb607a36e32c9a39258ab,2006,21,15.843588
biohack44_6080,untested-public,task051,86c7a1f4a9e1078f7176aac19c741859d1d72d5c8deeca5cd5fea73bfa951c7c,3365,57,13.587204
biohack44_6080,untested-public,task052,195c01dfdaae84b9a7a585295b8d44c1c3741ab522a7e9d472753ad121d8014d,986,11,17.886858
biohack44_6080,untested-public,task053,11d2a84ba10862f37e4dae8a206314fd4226f70b6f751eed23e52ba32ebde353,175,1,21.598803
biohack44_6080,untested-public,task054,a1deee88360f87a78e08279021fb1a2a3afd6df0f96f60b5624baf5c2760957b,5958,117,12.938624
biohack44_6080,untested-public,task055,92d4ce9193151139ddee430dfbe552e5a2aa41d1172f6842569d1e37ca664ded,13497,166,14.815477
biohack44_6080,untested-public,task056,2306a2e7b1dd27af9e0ec17099ee8ed0568f6696623537f2599419319f7dd8cd,1515,7,18.672063
biohack44_6080,untested-public,task057,fe71c735896585cb2e65fe6bfc6479a0d1ef8b1f8f2c7b7a1fe27b318ca72304,1880,18,14.246041
biohack44_6080,untested-public,task058,7a4b47e465104bb5b576167d51d642e539c3f9d5bafef55faac8d1987475593b,14221,16,15.313115
biohack44_6080,untested-public,task059,75ad1518669f36600bb72e0eeb074051895d744f7075f6835c090dcbb2a58abe,7062,21,15.076171
biohack44_6080,untested-public,task060,03687375b7e8938e4f841fe856da30c83884468ff07c648d7021c6b6748784bd,2458,20,16.372877
biohack44_6080,untested-public,task061,27289ea0d11a669fe413e1b05826321af3d079ce8a5555fa2610a93704612c2e,17030,9,15.152342
biohack44_6080,untested-public,task062,0a2e640c0671d137a38ff13794cbaaf44ed872742a534c52771f99d309757432,14479,217,14.670951
biohack44_6080,untested-public,task063,5c8811b2da8473750953376c6dbdd913b50bc29b96f9a16a09cf201df9a483ce,3709,34,14.666940
biohack44_6080,untested-public,task064,58b449d06ee31558e5b72e234bafcedd075ca374d90de0e17b116281716fafd3,5809,48,13.210838
biohack44_6080,untested-public,task065,6c2ce6ffae5840d17998c36ee6a5eb3f43eb8f79699c9bfb3b25a07562742370,1862,37,14.533787
biohack44_6080,untested-public,task066,b61c747510a726482b9e94d6a1f12568b4252800f11145d34630404f68048d3c,180173,1642,11.878567
biohack44_6080,untested-public,task067,e823d84640b258f8322dde914f6bd992553a53aadd84d4685cd18da5f1be35e9,892,7,19.247427
biohack44_6080,untested-public,task068,e490818d91a162474f9a9ed4c4d7a03517788fb18760e2fe6ca209f592660a82,1602,24,15.559421
biohack44_6080,untested-public,task069,fb91d90981c4b2168ade67173f5ea1376db182db9350dbdf930d3cb5026325da,32330,380,13.647595
biohack44_6080,untested-public,task070,c09e95105072fd97b2106ecebc5fdb42c86bd41e9994b310781aa321351ec9d5,11844,71,13.900501
biohack44_6080,untested-public,task071,2d696d39af281a3a0ca1582e413672e8ef38ef9f06d584f19844a45a6e2aa4a2,12082,49,13.226404
biohack44_6080,untested-public,task072,579e7a8a616faf51a4ee64994c8709f2e15ca52f63c805a39b48ac05fe546a76,1347,11,17.801069
biohack44_6080,untested-public,task073,c974fda7fe3001de4bd2200b9065826ac44cf359fcb1949954b82f28411b5b63,3825,1,18.186555
biohack44_6080,untested-public,task074,8194b1eba8a395566d686766b74869219cdfdaec5105dbad5f36b6ef32435be8,1824,18,15.009189
biohack44_6080,untested-public,task075,211a2ab0ea4cb67b9b8714d411d361e7eab6ec1192f0f74155bd9bd9c043c7d1,6812,57,14.742797
biohack44_6080,untested-public,task076,86779cad1ff4bf8d174dadb97fba20fd7f07517b26b9b2cca0e013e9a594302e,28367,273,10.986665
biohack44_6080,untested-public,task077,e9ba6003d604dc8eabe4c1293832b222739a2738c2838b1512ae380d87d398bb,9860,72,12.832912
biohack44_6080,untested-public,task078,c33e2e8bb8525ee7c4bfa0aca9ec69955cdd9a97837985fb38efdb309903089a,1974,25,15.650246
biohack44_6080,untested-public,task079,60ad44e5b208b22c2d4a93f322baf5362bf4a0b2cec7283e9db31f1de40a9346,2695,20,14.875251
biohack44_6080,untested-public,task080,da97f63843845f687d92854fc2b1b0498fc0cb2543e1e41022a77c4b3933deab,18484,93,13.047885
biohack44_6080,untested-public,task081,118dc8373587509f07d12aec64778af91edff7253f80e273a30e5863c7b8c91b,3749,35,17.256297
biohack44_6080,untested-public,task082,5f994c35d189c6fc8c7c8733202150cd5bd5bb9aa686ef9497ce5a384641de47,1645,20,14.936138
biohack44_6080,untested-public,task083,3526144719574eafa02b2d1fa33a4be836ec96c267520ddd982697e447b8bc98,7454,1,17.504458
biohack44_6080,untested-public,task084,5bd28bac4f427d16b03dfcb9d4ae68237ccb4bb720b534e0e14b2768658ee6a0,2820,23,15.121164
biohack44_6080,untested-public,task085,0cf2b40dcd4fe9bb85de2e251fdca74496734e7c804425012cb1c1110d27505c,2547,20,13.363283
biohack44_6080,untested-public,task086,a786a589e429892c1114751b2e5d6b83669038bb955a0fd41d08d037fc8dc020,3099,42,14.839663
biohack44_6080,untested-public,task087,4e9d18bfbd60be2b9135e2cc459588db6a40bb878e5e16dd89651e3c3eb1cfea,474,2,19.070411
biohack44_6080,untested-public,task088,3d5e5840dfdc9ebffa4cf4bf83a4bfe2d30edac84b88ab71ed3a6686d3987ec3,14980,58,13.468469
biohack44_6080,untested-public,task089,0a479a40d999937f174a12134d5f78bb97ea8a6c108f09e8f44398fe6cbbcd40,17792,181,14.179382
biohack44_6080,untested-public,task090,8032717a5846db3d60ae06a4fa0ff8af92327fd6b6102d39eff9ae246e44816a,19660,246,13.943507
biohack44_6080,untested-public,task091,6c44a2a529dcac845b02796c463d82b35c8cc360fc72fc096564f3beeef63a30,4627,43,14.150760
biohack44_6080,untested-public,task092,31e6aa2df4e75b2376481ad479c8d107cebe1f6701ab925ab0272b482eb2f1a1,4299,42,13.071487
biohack44_6080,untested-public,task093,c109085a37c8fbad05ab65bf485c0cff1a2488c3b4146cc863d6e3a1015dcaed,3727,52,14.579417
biohack44_6080,untested-public,task094,1183a85e05f31b324f96f1ea2bc76659614d9e3e496af6fc026bf70716b2cee9,3767,35,14.217924
biohack44_6080,untested-public,task095,eca4d38cd8606a930a722084789b856626fff5d4938c02546296c7f3cca109cf,3950,1,18.186555
biohack44_6080,untested-public,task096,4ec21c61456f9c3f3be6c0b20aeec14ab1cdcad237426c7c44fb256d35d77703,64252,480,11.918302
biohack44_6080,untested-public,task097,f0d0ab9a04954377879cace70b48610fc891b8e6d5d68ee0d372dd78fe3f2268,2494,11,13.853482
biohack44_6080,untested-public,task098,8fff41bf99869a80261fa1ec8461431ffa90e7a616d10c1582642af88b241cde,3836,1,18.186555
biohack44_6080,untested-public,task099,1e320d88cf0eac19c3c20b9c005a4be28ac50d4bf0a39015404f9deb22a0c31e,19839,1,16.500971
biohack44_6080,untested-public,task100,c815d3a42090024e57143982ac6320779019d7524c630a2c9f175975e6254567,4954,28,16.135536
biohack44_6080,untested-public,task101,5add58b8bc1d0b54e19ac2a7ba0dbc9eea3fd8d8e3f32405ad36b69f8c376d87,39301,206,10.951880
biohack44_6080,untested-public,task102,dd69f7cd8bc2d432b0b3d6b3b203acc186d9c66e559fc13f5bb370ada17acede,22167,149,14.292473
biohack44_6080,untested-public,task103,2a39294d09b90ef9b18c45cfe1e70b48b0689d5fb9f0a00d564162a10a0e7289,1447,13,19.454823
biohack44_6080,untested-public,task104,9fe39c7d53c73444d4dcdde3b3e423ec71943f7133c2fb675ca3e111a67794bc,3667,21,16.767294
biohack44_6080,untested-public,task105,59f8fd1ff45ba79e9a46fbc1a64499901637d50581b1bedd691122bf65782406,18785,52,14.495481
biohack44_6080,untested-public,task106,9b54191da37371effdb80aaca05a4cddbabc19d25cbc1ebceae1d85a897c6698,2939,13,17.940382
biohack44_6080,untested-public,task107,486d43b947a10c096cd5abb2121faf5664c1d92f9d0196957cff677676caa5cf,31191,52,13.799992
biohack44_6080,untested-public,task108,825c078fdd5cf248ddfcf1d91c57c125e6e2213304022e67810f2d3aaee2922c,7454,1,17.504458
biohack44_6080,untested-public,task109,b743a1e192a39c2d75aaf83cb75d56b809c2988910d9340cb23a699063ea121c,5491,39,13.539347
biohack44_6080,untested-public,task110,3c6a969967d00d5933bfc76224740332ab35c72aaf1647b7a2ff532e3c71cf91,21494,163,13.329165
biohack44_6080,untested-public,task111,c01911e7f5493ba19bcc496b439eb2106bd44f79305daefd94e102a96691a8ca,1499,15,18.319145
biohack44_6080,untested-public,task112,1d441249f879b3f5928f749a2a438d0692e24020136550558befd15da00654c1,3987,44,14.002076
biohack44_6080,untested-public,task113,356a5f1e2200cf2560f6c836ce7d21eca6b6cad9e68015c2ae31639613ef9b09,499,1,21.598803
biohack44_6080,untested-public,task114,7d1973d605273db25b979fc20a63bacd338098bf8f239bc90618b4b89dd1baa4,4719,26,17.865906
biohack44_6080,untested-public,task115,fef642f35c49927e9440865ae0761f3f9ecb7d9bb8a03f2a5109e91a82deb620,5069,34,16.675906
biohack44_6080,untested-public,task116,3f87aab73b8c538752ffb070a34dd07ef95ccba2d299bd7526da67fcf956e1e5,479,1,21.598803
biohack44_6080,untested-public,task117,cc092c99c5d1ca90b9c8ad990776d8c91be3fefbca4ecf2e53e7e904602f636f,8262,74,15.169998
biohack44_6080,untested-public,task118,1aaef29cf60045a9f72946d576d30f34d853fb2752c2ec6f613013baf6ebea34,160396,1163,10.416339
biohack44_6080,untested-public,task119,afa30c6fc964d8a93392c6b8b9865d1ca2f73c682e977c50e35e0e3d800e9ab1,25915,165,14.224215
biohack44_6080,untested-public,task120,13dafeb021b56dac928f38d32b4a0b841fcf481296ab752c9ac203fa425e1acc,3836,1,18.186555
biohack44_6080,untested-public,task121,03880dc2a72d6781722a53ffad4b506867ebd9f9c0a7faae3760807eabe67856,3339,24,16.215838
biohack44_6080,untested-public,task122,d932a3ac54fb54cc09d9cdbaab21ba4e9165ed9a6a8e01b9e0c49fb972269b75,10236,1,17.171962
biohack44_6080,untested-public,task123,984533b7a16d9c9d396feb3804602dd6044b4573d05d14964f3f23d179764af2,8805,17,16.680283
biohack44_6080,untested-public,task124,da414abc8e11d3e2038a3d6606b2781ef28d37a402428e1d219ee350a98f9bf4,2840,52,15.634966
biohack44_6080,untested-public,task125,20f2c3e90cfb5afe5ac7e795a1cf906ce67453cb55deb5cbcc51275aea5fc7e8,3032,28,15.495722
biohack44_6080,untested-public,task126,b86dafbc68af0e5b698f0241dd534874e44ffd9dfca8bac7b89280a3534f3824,2765,29,13.636840
biohack44_6080,untested-public,task127,81f551a5b779e861ce371fdc4697595db753242954a60c50a3ac8e3108937d97,3772,1,18.197605
biohack44_6080,untested-public,task128,5224331b88562c8c5864a82ed28442ed1a8c17321e5852eb0c193b0a8eabe7e5,3365,28,13.537926
biohack44_6080,untested-public,task129,728f63fb36979fd5cd4db20aa2b8b128603016a86250a5df2cdbca61d2d2662c,785,8,18.306676
biohack44_6080,untested-public,task130,129e8e94901df68286dc85134b4be5ba1daa1437df26f1eb430b9272e7f77471,1293,10,15.322911
biohack44_6080,untested-public,task131,aef2df6731cdd0168ed41a7637a2b939bb42ff5efe498e6732b1bc4fa4aa2d64,7860,103,14.295633
biohack44_6080,untested-public,task132,02558813adda79590927fa1e3d0be80af0e44475a6abbd69beb0d87da57bfdbb,2585,38,14.709279
biohack44_6080,untested-public,task133,0ef0fa264a0c18d4ef74470003c94f0b958ac943f50245cb54882ef02350ff8e,174987,380,0.000000
biohack44_6080,untested-public,task134,d2d0cfea388f5f59b5c0ed3e15c26ceb745abfdb2537457be6932faef6736343,7220,68,15.259208
biohack44_6080,untested-public,task135,a5ba0a9dc839a73fc24585aab0bb1e97cccd5531fb28b98b77e91a17e7701ecc,381,2,19.097367
biohack44_6080,untested-public,task136,6719c0f34b735f8968b63c25277b18aa2eefbe6fd1267c5d7e90914180c5437b,4284,33,15.571890
biohack44_6080,untested-public,task137,ef031cef24d9c3cbefd960f1b4194426dfaca31af36b0b1f7efef5d288784706,3864,36,13.808906
biohack44_6080,untested-public,task138,955dbb96bc55cace778678f56c5bd88133614ec7110a51346c1a0dc4a1db6f1b,11562,143,12.804160
biohack44_6080,untested-public,task139,e3e6133e136fc342560390d22bb08861dc290ef6c9f64e8854070984d4a5946f,3865,33,16.803012
biohack44_6080,untested-public,task140,4e9d18bfbd60be2b9135e2cc459588db6a40bb878e5e16dd89651e3c3eb1cfea,474,2,19.070411
biohack44_6080,untested-public,task141,419409ee1ef9989b22aaba718cfe107b9d915bb476e1f4edee982507a294cede,2345,21,15.331033
biohack44_6080,untested-public,task142,b525fbe662a950ccba343052e36da4678bbd57b9039d4f6c5a15f3c0a16fd54a,7454,1,17.504458
biohack44_6080,untested-public,task143,545186fc1e5605ade4d666e87702a09678e9c34c1449945e1a0fdef567cea868,2144,24,15.124860
biohack44_6080,untested-public,task144,9ccdbc162d23747b26bd043d8488ba2aebe080e2a693304f16ff65bd3b7d6a0e,1358,13,18.333043
biohack44_6080,untested-public,task145,22681d1e38fd9b4a50619a4900134ac568081a0007d313598a2d4a001a12a65b,31434,325,13.796907
biohack44_6080,untested-public,task146,773d61ca46def6d1e9fdb7916c51a9f5e99a5d39640f394231b2b05a400c4a31,1894,29,17.278651
biohack44_6080,untested-public,task147,e65dc2d49c2dd32775575699e73cb1ad0aca1fcca0a87fcec26127b52f631670,3825,1,18.186555
biohack44_6080,untested-public,task148,977766efe15f7fabde643b68e24ea47cc5d9069210a295f8ba0c7ab3a2f5b9de,6750,110,14.999885
biohack44_6080,untested-public,task149,3137da6fb944a3bb6e03884efc695345a045254de6a366510505b2221d175600,1404,13,16.455386
biohack44_6080,untested-public,task150,3713f1d83dec814704bf447a95675df2a099ed0116a1be5d03b609fc83e50b42,1031,11,18.018994
biohack44_6080,untested-public,task151,265a8eb2b997ae3dae68af150413ae0c0301bc004251e92a8beb0dc79bd2e36b,3880,1,18.186555
biohack44_6080,untested-public,task152,b525fbe662a950ccba343052e36da4678bbd57b9039d4f6c5a15f3c0a16fd54a,7454,1,17.504458
biohack44_6080,untested-public,task153,2ae16cc02ca5e84e4e835cc661d92754f973b1013409124b96852855b6ed0a43,854197,14753,11.456293
biohack44_6080,untested-public,task154,c743541dae5cb2088ae5ced18d9079d0facaa32e2e1b8d79510c44e4531fa4bb,4587,44,14.033355
biohack44_6080,untested-public,task155,9b6ad9025b9983cfb5b2e6d5ca817b0bca8bc489a2732e0124c593e0cded9133,1031,11,18.018994
biohack44_6080,untested-public,task156,a2199d5eb0ddac7b8e6a9033237344fd4a49b753468f540a858bc71477d10422,7856,65,14.012980
biohack44_6080,untested-public,task157,94a170b6c4927ceac181b98be002ec3baf09a691488f5d32406155ed850d3fca,830389,436,9.807851
biohack44_6080,untested-public,task158,dab893cf2beebca32b3be547d4fcf329f72afc83c601a65614ec4073334be40a,62387,832,9.890662
biohack44_6080,untested-public,task159,93239bd39db8bb07ffc4f354ca7b43656c78ca03e18c9ca72a30ccb093e2eb5a,12966,57,13.597995
biohack44_6080,untested-public,task160,5395ca933d4016406d6256408f8400e48279e5bc870b46c5a08c6d4cd29837f9,1758,19,15.676777
biohack44_6080,untested-public,task161,33351d8f1ca150a9d7b225d7ab8e9e8f60171b01fac54fdcb143882ed0fec502,6008,51,13.174397
biohack44_6080,untested-public,task162,29467827e023a09da29f2c6bcf10d77d7bff035e613d5615f27d623e6f2f3224,2268,19,13.944502
biohack44_6080,untested-public,task163,261af5c25f75b8f68293fce15ca95d8473efdd1a3ee6edf45eb5b1981fe6d584,9085,68,14.910655
biohack44_6080,untested-public,task164,250771b94d3db4658d4ac04e3bd9a0740f2af0f3aba0bb9b5df4d6181bb470d4,479,1,21.598803
biohack44_6080,untested-public,task165,84191da6721ff334125fd7fa8616eb9122ba801b8e467d4f0bac42cdd367fab2,4910,25,13.879762
biohack44_6080,untested-public,task166,635ac35cdaf739d7549ee8cd70b4042ae832ff18d2798a37fb1e315bb0990a02,1318,11,14.881845
biohack44_6080,untested-public,task167,71960feaa6f01d141e2e847cf629191d99e40b6ceb0199f2c3f955b43a84d6d9,1673,9,18.470581
biohack44_6080,untested-public,task168,10661d21c26bf5ff68d448b007b0212c34cb45503fb906d999fa4a13c3626ac4,7297,44,14.628981
biohack44_6080,untested-public,task169,15013f2f662007d5f03c081dbaca20d6c6a6082de5edb344a8cea0e3fa48d26e,16353,180,14.551604
biohack44_6080,untested-public,task170,667b6e49da409c8b07b2a92f39c58b1fb2293ad75099cabcd9d4be370223a440,37869,683,0.000000
biohack44_6080,untested-public,task171,c0dccfce69e87e53b68a617cc0ce6da5c9659180ce2acc2a46007c9915c524cb,3825,1,18.186555
biohack44_6080,untested-public,task172,aa923630b6479cf1a1f5e7b7bfe2e4947e1c8ba8edba4f31d250b0b2f0c98dde,479,1,21.598803
biohack44_6080,untested-public,task173,a0299600440d0a79709022f1953af8a56eda11e1855cebe4f865b5a0de0e5a2d,10108,69,12.891033
biohack44_6080,untested-public,task174,a6f543067be128376f67b828b67c2b02a893fd3d4b5341054c090b91d89ec12d,61839,790,14.120087
biohack44_6080,untested-public,task175,122ea790475d4eff4e80ecb7e852b399bc96924472e212c8019c1c4161c11baa,12412,22,13.348835
biohack44_6080,untested-public,task176,e323248617622d6f3ec11b2d387952fea83ecc2fed3bdb998ca12143a2168c6b,1126,7,16.022854
biohack44_6080,untested-public,task177,cdcbf832519bece9b4bc7966b23d1dba298385f8a602e49475b595b22b33b001,4180,37,13.778698
biohack44_6080,untested-public,task178,4da8ed1ed0676bf74ff1db264eee36e5a51569d8bfd9726b145975fb852cb357,6748,126,14.713600
biohack44_6080,untested-public,task179,bde695a21a93b9e2084a9b7e8a8bee5f2cdc694baa71a12d1c34ae921a89cb87,170,1,25.000000
biohack44_6080,untested-public,task180,8f6b55aa41b48daa3c5bde2cf091752666c75e5b3b9acd0b61ce5c378a8988a7,2525,6,16.084031
biohack44_6080,untested-public,task181,d5e423513a6d975dcf970b7fa00306491312801ed8b9c3232bddaa05e5217ae9,3083,21,17.914936
biohack44_6080,untested-public,task182,60cb00d6415f1155bbc14c47d411fb7490e91a2ddb2b03ae8f6c9616cbf0363b,71393,512,11.500371
biohack44_6080,untested-public,task183,304fd9d6c78ea14e6b21f5a8929aec65dc8582e0ed5300bcfe6c020cd031d4c2,4645,55,14.878261
biohack44_6080,untested-public,task184,d104af166e5c9363a02c3f7e6ed8251c41e1d392701919524a25fceb6aeb384c,6934,51,14.147484
biohack44_6080,untested-public,task185,758a09feff24e05f872299153e3728ba75bd0bbd8c3b14ae20c5e6b4faef7df4,18881,242,13.763645
biohack44_6080,untested-public,task186,4319d403e35394db90c4c67a58bad9ece89975a89250f5093212455c57f88fef,1598,7,18.547951
biohack44_6080,untested-public,task187,2975071ab48a9883483483822c3d24affcd8bb30d824d97f87c1af47cc9bafff,8852,87,13.409993
biohack44_6080,untested-public,task188,b5aedf9a8411d84cd20d8bded8746b6a16044a019d7d5352e049a9c98ef96837,3259,46,15.725371
biohack44_6080,untested-public,task189,ad40fd32da208b67a234bbace455a8c50984a7075ef19f2a27f1a571ce90a1e6,6774,110,14.886089
biohack44_6080,untested-public,task190,0a31ba38881a6fc4af83224d1aa59f0a876aea5808f55f95707b8c5975ac4c06,8781,63,15.675974
biohack44_6080,untested-public,task191,c52afee06de5d459fdd914bc7911c5ee1e78e71527ed079cf6cc6c5dc9c32da8,8764,219,13.332021
biohack44_6080,untested-public,task192,b33d9d2c7a44e0ccefa26f20c6eb211ff45cdba6b7ca7a38c8fd674ddc5062b7,2511,21,14.093402
biohack44_6080,untested-public,task193,1184ed012012ee9bc87677fea86382acea9bc6b8979f087a5b3500492d6138dd,1925,14,14.109558
biohack44_6080,untested-public,task194,5a188032e9933c63bea9816c0846001d769eb356d00653af9e5e766ff62bb53b,7454,1,17.504458
biohack44_6080,untested-public,task195,ba4b722b42ea9bdbffbe4fcf38c90d387045eee91e245e77f502c246c158e0dd,5381,33,15.436963
biohack44_6080,untested-public,task196,89719c41cdbc1176e45d78565003ab2f9feb673cd43fcf7fef4c3ff8a4a302e1,2417,31,14.618975
biohack44_6080,untested-public,task197,d2fb46801935583882f6a460471b563ccee60a53661cb17003fc2b60f17ba1ea,1223,18,14.166556
biohack44_6080,untested-public,task198,a1cd099e3d965fb4506eded8d4bde77ea202357df70e9212b36911ca002c8cb1,6979,51,13.449576
biohack44_6080,untested-public,task199,7f8ae82add1995ce631f2596ebf18e50b694cb8ec8d56a776cb6b1f393d891fa,2948,22,15.309891
biohack44_6080,untested-public,task200,f890763d62cee785030454c8a5a3bc278c67666d29d87dc8297ae23ad08c902b,2444,39,15.739822
biohack44_6080,untested-public,task201,45f10ca88d12df7175c80895aca63ccdf595c12c3c580a4581c0a70fa6eb8d06,10924,135,13.554497
biohack44_6080,untested-public,task202,548ea01a96ba723d596f57386963dc208eac1c74ee9c8ad978597704d8065f5d,3582,31,13.258188
biohack44_6080,untested-public,task203,934167d7108d311321e5ae31de256c5ed18dd19290cc3cea7456337d8f1a1d04,6437,36,13.602194
biohack44_6080,untested-public,task204,cad963a824115329ec273056b603c55f1c9362d1742f9eb11a785ab514697b7e,5801,71,12.359395
biohack44_6080,untested-public,task205,2ae3d15fa32ae7527a877d4a78e84590b2f5eb083cffb480c1bb4e65ec727478,48510,671,12.284352
biohack44_6080,untested-public,task206,a9a48933d73ab0ca96c39812eaf2d7cc02be75d240f640166a9e5b4a88f1a1ea,20303,224,13.895344
biohack44_6080,untested-public,task207,eb31b69d46ecc34c73b17ad80493c10002468aa9196475e6c9e12fcf46ff8235,1979,25,17.463636
biohack44_6080,untested-public,task208,5d341124008dfd310bc5a123793ff6f9beaeead1fd98692f86f798a8f1e3f4a1,15885,196,13.566031
biohack44_6080,untested-public,task209,7df7f406b135e3c71aa232a8ceaa040a05b80398d71b5a73d3d918b92561e534,349736,4286,10.150520
biohack44_6080,untested-public,task210,aa923630b6479cf1a1f5e7b7bfe2e4947e1c8ba8edba4f31d250b0b2f0c98dde,479,1,21.598803
biohack44_6080,untested-public,task211,3c58a51ab06ee25bf3c54539284f6def4bc6e10c364246d45f5533df0905fd17,7454,1,17.504458
biohack44_6080,untested-public,task212,d6a9a891ea864265da23186675a7542643cc9de869839d9a2d67e387d4c304a7,4712,53,15.782783
biohack44_6080,untested-public,task213,bea0e13014694681f4277e3fb242b16729cd609cd076e31b8eba6201f2c78841,25091,385,14.132022
biohack44_6080,untested-public,task214,476030b9c3c916862c896b22ae9f1ee46d6bedd703bd39deeb4fe1a9a7cf6c54,7454,1,17.504458
biohack44_6080,untested-public,task215,7944efd69db01622acc90aec13cbcd6480dfbc192943a608603e8af711bd84a2,2619,39,14.321348
biohack44_6080,untested-public,task216,8736d30a18de065d1250ea21affacb0eccba6097e3139d7e8ebfee451365a4d4,11049,276,13.449663
biohack44_6080,untested-public,task217,58f2ed503258d9c007e4e93b086250cd0e66b2871fbc7602a1fa7d6869dadd1e,7268,34,13.747647
biohack44_6080,untested-public,task218,14bb6c5e5fa3712e4f556142985fa03de40ba2accd475bb596ee538d3c10c60e,9594,137,14.948006
biohack44_6080,untested-public,task219,f042340d7b269af4b35437a41d3094074b91fd8778477f3b3fcd20966a535f12,87016,532,8.421777
biohack44_6080,untested-public,task220,924ca3ff6b3c2190ebdd92b73e0c33ac441a7e64b5924bb34b2faa596a40dd55,3798,1,18.197605
biohack44_6080,untested-public,task221,fc40a9c864b222aaeab1d16ab69b17f524fd95dc657baa701b144f4288e5bcb5,13333,28,14.069235
biohack44_6080,untested-public,task222,f82b35de1de8377a5dd17f94de623872a1021443ff972be6e0765c6d21c5595a,2578,21,14.031198
biohack44_6080,untested-public,task223,51cd95a032c661ce28fa653ad0e727fb33cf6a709a5747e02a8ab323190ae968,7454,1,17.504458
biohack44_6080,untested-public,task224,1618c4868a39993d5318e610ce888f4b46394aa114feb2e20618a9034a6e1e50,6314,54,13.843921
biohack44_6080,untested-public,task225,0c4d057621e7e3b95688f49c9b82218423a7a2ec18b5359a22474c11804cbba9,3427,33,15.672766
biohack44_6080,untested-public,task226,5d115fec7e34ea6013b743620d1addba979258bf37902350608a4c3438346438,3203,39,16.376826
biohack44_6080,untested-public,task227,1c70db9caee31b32d02ae1630c5ef3991ddbf82fedb750d43b515fab048d6dec,1135,14,17.018267
biohack44_6080,untested-public,task228,a8a923f21fecee5512861159a89a0ecf2a9f276985c45face926d3b953bdb4fe,2649,61,14.869935
biohack44_6080,untested-public,task229,acbf2dc745d4a717148c274f1e25cdd3fce8e718787f72530d661d60044ad805,1379,14,17.749364
biohack44_6080,untested-public,task230,1444325f9990947c4e2b6bd66f2ce611d8efc4be97b595c4bf2ad63e9e166ad0,3798,1,18.197605
biohack44_6080,untested-public,task231,da36f042051a327916030f89e33ab2146301e9fa4890884f3df0232d009ca3ce,2605,50,14.445542
biohack44_6080,untested-public,task232,b416c4b9864f9c0ee3021d3e0d536638459295310003e1612ea60837e5e1fc02,1616,29,14.707956
biohack44_6080,untested-public,task233,77e2fe38c06bda64726f6dceaa1a440d860af0382a28d6b6a70c1da005337fe7,924434,1372,9.595888
biohack44_6080,untested-public,task234,f1bed9c14a107314718a6a2c2d272373b791ed46a99cd3e21b405ee8bee98776,8333,96,13.151045
biohack44_6080,untested-public,task235,046373c88008b543046f990f0cde3f5c161d21e0835fb8ca9ada066a6fc504d1,3090,35,17.801069
biohack44_6080,untested-public,task236,f31f10a231dee6623a8f92097bfe067ab563fa38c8846924b5f2a5ab17a6009d,1291,11,18.417975
biohack44_6080,untested-public,task237,9d3baf9e04284ace2238abe88eae62477296ee34499efa7b0146d799717804fc,1637,25,15.430308
biohack44_6080,untested-public,task238,3208dbc8cec5a6a6874fb45bdf74920c0447b6b2745454a2ca76efdd5aa83d45,11927,102,13.927566
biohack44_6080,untested-public,task239,2abd421624d88b12e8a63904b214d06678543cf0231b040cc10fec704aac503f,4143,33,13.525015
biohack44_6080,untested-public,task240,517aa226f17f9719f23361c73ac446784b46dcab2e0b0b74e53a330d06a47ed3,3165,32,14.226601
biohack44_6080,untested-public,task241,bde695a21a93b9e2084a9b7e8a8bee5f2cdc694baa71a12d1c34ae921a89cb87,170,1,25.000000
biohack44_6080,untested-public,task242,d7384fd7ba8ec4129d2616b9748fc5716d95db369aebf7d01b274b6d16dd0517,2031,16,14.896433
biohack44_6080,untested-public,task243,e789223ce2fed68fd343ba33df67c9ce94107dd803dfd1ca4e368afa0b1eb349,24522,447,11.524262
biohack44_6080,untested-public,task244,c6ea97ebaf15343165f200b1115282ed7736fc6b68fca0f3771d0f67cb4304e5,6538,66,14.607197
biohack44_6080,untested-public,task245,d04e7eade65728852787ce1f17fd87271f8553f9adab1f0859000bf44a750b54,6141,47,13.600680
biohack44_6080,untested-public,task246,379b5a73e3dee6f56eedab3ab0bd0ed8414179c6e7ae1edd0a948060d6401309,3824,31,15.497662
biohack44_6080,untested-public,task247,19562cb18f62167e2ce8c355377d9b1a3136c17fb7116b8c9110b15d4734e4dc,2056,25,14.993279
biohack44_6080,untested-public,task248,1cc5ba184903e8307ed5ba4d36263e3487d7beec6142f401fc6d0424e70f1e18,2328,23,16.120945
biohack44_6080,untested-public,task249,e6e58b07a2f88477f9f6bff875df198bf57830236bdd036ac5460ab1c6ccabaf,1990,21,15.740965
biohack44_6080,untested-public,task250,b29f5ac7d4700ac0a652a345ecbbaae31234a076a653038c6046e5ca010cbec0,8113,129,15.496915
biohack44_6080,untested-public,task251,054a1310978ea762a181de2ac68b1c10e5d9e706e70a593b68af3d1f26ff74b3,6906,53,13.472393
biohack44_6080,untested-public,task252,75bafe05db1082ad89ddb5308c4e8add0fc2523e74a1deba0eee73e4ead0d9a3,3651,38,14.447160
biohack44_6080,untested-public,task253,2538ea53b1aad1e6365055ee14f48dccb49ef632cce416086075b33d42366bad,3510,17,14.215455
biohack44_6080,untested-public,task254,cce96782d9b4b1065b63ebb4a84c1ba6253724c3cd2a387838d205cf71eaae5f,4960,49,16.018318
biohack44_6080,untested-public,task255,58b21c8abf7dcaace19d54b3bde4968ae7c351b29ec0b4cb36b910f03be3a0af,106804,851,7.414992
biohack44_6080,untested-public,task256,37aebb653619bb91ba21ea10374a3288d619e99b3f9bc7709dc4fe7175bbb765,5118,40,15.033960
biohack44_6080,untested-public,task257,316eaaf4e1a47569341378a8a58e40559f938a7fe5ae659867c0f2117bf8e021,1369,20,18.018065
biohack44_6080,untested-public,task258,e5948973e4d14232b7cb957f26c0487779f6c8b9e06e32151b75a5a21ad5e5db,3836,1,18.186555
biohack44_6080,untested-public,task259,27456ae69408af22c00268a792cbad0f23c2f425a2c4e88336920536b67e0cea,3882,30,16.162900
biohack44_6080,untested-public,task260,a0c625eeabd30f89f6f16ae6be445f721bbc7059d940e63069a03d74b0fc06a4,2263,28,15.568598
biohack44_6080,untested-public,task261,6104690685d52f02ca149095658b51c2d448d252f763922efdb0fd69749b630f,995,1,19.701683
biohack44_6080,untested-public,task262,c4714ec84de4fa51ba3751b69dbf34ecf5bdaeb8026531c6a3a6a7fc3e22e9d9,1329,8,16.086315
biohack44_6080,untested-public,task263,2396bdd0797f69ae5e0281ce27c9964eb2adba67e7d5f2d8286d6cd1ccdc46b3,7427,159,16.005828
biohack44_6080,untested-public,task264,01ac406f30f0ffced1625ed8050b91086a8967573523be0ac1583a6eef0e4dbb,10074,115,13.154639
biohack44_6080,untested-public,task265,e44b248f5902d3d38b34e32679474cc70b8ee0d23a58ae93c6e8658e0375fc5d,3110,32,14.408076
biohack44_6080,untested-public,task266,491258de81aba00b6aa06f223356e30346665751690278693288e858450c8563,3825,1,18.186555
biohack44_6080,untested-public,task267,410b39084246024b149c984e95489e0660a8825a25ca70475cf339e5914a1074,1306,11,17.865109
biohack44_6080,untested-public,task268,d6e7655471c32dea89573357bb31df7dc7c23396d2d8a7318ea2e17508b7d609,13356,180,14.983764
biohack44_6080,untested-public,task269,947f2c17a6b1d44a9f4ad789f9351b4edfb84e0298e879c258d5034b09e12f72,2336,31,15.940250
biohack44_6080,untested-public,task270,5d11db427de12cca83d4b67950227dfd6115c6345d12b715ca3b1b78fd7068ff,7597,60,14.733781
biohack44_6080,untested-public,task271,1d303e94d417fc4786c4e80dee5be764e57f981905d0bf8f5e5fdf48595b19ed,1993,22,14.725259
biohack44_6080,untested-public,task272,bb44a1717b5f9b6f1cd8f6bdd32aa6a40d88b17db3e200a8cb6f7806bb2c658d,3825,1,18.186555
biohack44_6080,untested-public,task273,ef481d8f02832385edb2ae3838215e1c01c80ebc407639a5d04a17ab09227a4e,2414,22,16.294338
biohack44_6080,untested-public,task274,16c49e95823e84f06ed23b008793cf2734b79a98dc2eec7948735d763d5ec465,3619,16,15.921935
biohack44_6080,untested-public,task275,b05c9d902d60b5e03aa3436e187c874a4948bffc12b2ce6c86fd8ed957970680,24193,253,13.662810
biohack44_6080,untested-public,task276,2a3e881ae92099c36f1955bdf96ca1e9f77a4ef3d1d3eb58c63eccc80a655c7e,217,1,22.697415
biohack44_6080,untested-public,task277,248493cfcc6802e317ed6d504791291585e5cda5b3314bbfa315aeb06b4124b0,5621,58,13.835158
biohack44_6080,untested-public,task278,0c14b78590ad46420b694424fb879d1c8bdef545b3a92cd9ef5a15278e77cf1e,2285,16,14.554682
biohack44_6080,untested-public,task279,9da9837f628935b332e77f1f2722fc9a6c24137021584f85bc276e033ed394be,3082,43,14.780899
biohack44_6080,untested-public,task280,82b670978372ce1c23e03297fac4c9a8b660a0ab794420b6151459faffdbd466,16655,138,13.156003
biohack44_6080,untested-public,task281,ca2a1537dd3fbe42f2138c372b482af55ba9bacf05230c700a13f8ac7caf45df,7659,64,13.597168
biohack44_6080,untested-public,task282,3b69ffb73c79f09e8523073931061610e74b3e0d32534378317960c9557acd0d,3798,1,18.197605
biohack44_6080,untested-public,task283,b0e2a1e5a77dc63e5c2faa69d44120f7fe0e8773160760e68b7f5912591f4c60,3825,1,18.186555
biohack44_6080,untested-public,task284,a6639b3a490354a06dabea1ba3e40cadff156bc3590372d54d12d7b22cc4b80f,30975,145,13.304486
biohack44_6080,untested-public,task285,90fbc6b2e9d3843b953b85f84124c28878c690c56a08a230079512540c1c3591,39015,477,6.580943
biohack44_6080,untested-public,task286,452c89917bd81728f5db1bd4efb133d57ea0ad7603343cb823fc1e7402cf8b6e,13714,168,12.965719
biohack44_6080,untested-public,task287,597d6d8d9fb465183a384f7f4a71596b1a35c46163dc529eadb64646cf3c0ebd,1706,22,14.975756
biohack44_6080,untested-public,task288,2ef01939d8fb465f7d079f337f55c77fe2c332eeb2f01b47e5759981f01b1175,7847,52,14.200567
biohack44_6080,untested-public,task289,00049ab3fa944a3759833dc85ccfb83f4f4ae7a1ab800664e74423dfb9c7b6d9,2041,28,14.860176
biohack44_6080,untested-public,task290,4b741031cf43c0c6b363ab3c98f7017cd73aa098b5e38c15b5799f2fcc7eb008,42089,87,13.384049
biohack44_6080,untested-public,task291,f97257c9bae5cbdf0614cf4f6d0aeda2c0db164b44f4861fc829c00eae636b67,6009,22,16.627370
biohack44_6080,untested-public,task292,6c237acbb63e47906509de051f734a3f91dfe624a99e62a94fd65270b5824929,1146,7,16.244578
biohack44_6080,untested-public,task293,b05ff58c4666c1ec2d35a77dffb3d72b56acaf5e80f36e88f0162019592c30fa,9897,52,14.862033
biohack44_6080,untested-public,task294,247179b0cb2fab9e792e9f91da564f6ee1f8d4059046fabd7bfd7e7d3d010cd9,3825,1,18.186555
biohack44_6080,untested-public,task295,5a049215df9c118110ba1217eb55447b5d335f09e93a9526e6862ff5b585b365,1956,23,15.588680
biohack44_6080,untested-public,task296,4306af04547e103c395a41f15f7829592897a368a36d02047b54c256c5e54b13,2843,10,16.677606
biohack44_6080,untested-public,task297,4ea1e6317293bd62b7cf6ed501f44c52830ca9bcfa92de6a67c86c201e1a9611,2747,32,15.832776
biohack44_6080,untested-public,task298,9b77b58a90defa3f7eb249e787dd574f52ad8319b503b79e3dba3b4d5b11eea3,3322,35,15.387667
biohack44_6080,untested-public,task299,1e9708846864c2782d5c9d4b378034e7f20bd2a610abbcfb0712b83b3179cd2a,1405,21,17.510029
biohack44_6080,untested-public,task300,e81ff2bf51d9621b8df8ff754c0d4ff4270d17f336e625bedb5fba417a57b7e6,4688,43,13.741000
biohack44_6080,untested-public,task301,5304dca46705e3c99a37b5c322191fd1a492167c657228d67e0b8e4ce9022c7a,17629,49,13.766696
biohack44_6080,untested-public,task302,471e2a01c1e679ddbe830f667d30f05ed231550742027b941e27dce515ed0b2c,2639,36,15.031615
biohack44_6080,untested-public,task303,6b247959ce1415d49eaaf888ec4d87a3736d1474bb70e6a9e061153ed5a0c65d,1303,9,14.023047
biohack44_6080,untested-public,task304,da36b408e1af537d161fbb14dbba577380417c72233e4a1458970d507c43ae7d,2136,17,15.413006
biohack44_6080,untested-public,task305,9f735899c445d2de0753685201dbbaa448ff1306c5f52d568270b4588d8e242d,1865,6,16.718023
biohack44_6080,untested-public,task306,c582bc8db47af47753833747cdd64182a67cbb33077caf0099c0feedf81c0b41,4101,33,13.494673
biohack44_6080,untested-public,task307,badc5326d1acd892c77212fc876a3f3192e5b67a9806ab111d1e9589eff70706,7454,1,17.504458
biohack44_6080,untested-public,task308,dff450a12d955541a809eb6cbb82eb2e80d9604bc2e300085c58cdad9055dc3f,4088,60,14.199976
biohack44_6080,untested-public,task309,c47b834e65872a11ec0cda3c8246948b8365f81f916610b49ed07267815733d9,217,1,22.697415
biohack44_6080,untested-public,task310,8ba42d4bf0a654f913a7bee8772a22258fedd188475ce77c77e8bba0fee69bdb,5449,44,14.016845
biohack44_6080,untested-public,task311,250771b94d3db4658d4ac04e3bd9a0740f2af0f3aba0bb9b5df4d6181bb470d4,479,1,21.598803
biohack44_6080,untested-public,task312,5f8662413159b881c8dff97e5c51ca63270ea3b1609d0f333539af73166348ff,1202,8,15.791762
biohack44_6080,untested-public,task313,53e2ab0be4c673d804678ddf2f3818527eef5ba1762619d1b41891c5c71ffc0c,39887,34,13.655115
biohack44_6080,untested-public,task314,6de48aa8380bfa9f60145881280cb81f0649f178f1a74456c5c40334004417b4,24532,282,15.941180
biohack44_6080,untested-public,task315,1bf0b18c996602619e9fd51d9c5b13d00e57feaab87cc78fd43463a38ba05c04,1520,10,15.469099
biohack44_6080,untested-public,task316,0b697272db5461192d00f8168c702d2dde635fe5bebc4fe3b7506a820ca9150f,5537,49,14.150469
biohack44_6080,untested-public,task317,54ad9bc9831f0f3a781e65116809c2c60f3246bbdc84fc6c0fa8064fecb5d8c5,3798,1,18.197605
biohack44_6080,untested-public,task318,4a45c25db81ca4e037be544f7e0cab0a5bb1910d2f6325fc83e02af3a79282b9,1319,12,18.374608
biohack44_6080,untested-public,task319,fb49a2620f072e9125db23a144c0c196b65764631600d8be5434af184b6dc011,169127,2709,7.908858
biohack44_6080,untested-public,task320,b5f9d264034aafc2780289baeb60a45e338fd6478233a720f13b79faa2d6b39f,2183,19,16.445511
biohack44_6080,untested-public,task321,2e36977fc386c76ebb921b21626cb0733b08b8f40969cc3ff8635f327f718f5e,1733,22,16.385499
biohack44_6080,untested-public,task322,70c7baa8d1fe542431688ec733cdaba2e65799d4882bf71a9be96acb4f6247bf,892,9,18.046316
biohack44_6080,untested-public,task323,c1feec3982ec1aa05dd411c69740c2d2c751ba3a51d5aa5043b6c147d1ec8bd9,10261,59,14.676717
biohack44_6080,untested-public,task324,7411cc76a9bf780cc62cb92374e5f883c9b70cbd3467b70215a8c5ccb2373346,30635,260,11.567972
biohack44_6080,untested-public,task325,703958452270456b7d0aa9d4685a3bb4279c1a189050c3b1c4c5c0ef26767373,5072,39,14.330533
biohack44_6080,untested-public,task326,b95776b4618ae80d707674425b68a1b903cfc9925a01d24b03b330ce97a9c421,388,2,19.888012
biohack44_6080,untested-public,task327,28e407c04689606a975670fd8f7da26d5ce7a9a10400265cc54eca46e5504bed,1638,18,16.070962
biohack44_6080,untested-public,task328,5e577adeb141a5a522c273f891701d12837320df953707180471e62c0f45f621,16269,121,13.846066
biohack44_6080,untested-public,task329,b3983c3bd8c099ce71cb48e09938e0328cc29853d73d956c35e125db9bcd43ef,1652,21,15.763992
biohack44_6080,untested-public,task330,8a424d75b0360b5cdbbeccc47fed205640ea34f892ead97b7780c68a1e453f05,7417,22,13.964707
biohack44_6080,untested-public,task331,159b7db4377d2a7d75a15aa8f84344e6d919741566944220da8f361aa1da572a,3836,1,18.186555
biohack44_6080,untested-public,task332,5301ba6cd8685b2de8c21e01905817ea61a3d8f2054bc6eef7b8e2a201b40b77,3295,30,15.844327
biohack44_6080,untested-public,task333,056322558aa8fa4149af6ce9821d3273f0b403e4408e461963db3d70864f1adc,4379,55,14.877658
biohack44_6080,untested-public,task334,70f0ea7b8d62bc086c535d3fec97140ed99ccf9500dd74492434de15cb2667ee,1456,6,18.157317
biohack44_6080,untested-public,task335,1dc73a90b7f058004deb256266a6a937b56b19f79ba111241bd796f73aa8f333,2757,38,14.193064
biohack44_6080,untested-public,task336,66605e39204e06dd97980e812e93d14e7dab3eb0d815b075ac29202827cc6a4e,5276,54,16.294503
biohack44_6080,untested-public,task337,c276f5799bf0f2f77bbc0c31f5ed97472afbff9a946326286e229929029e2484,159,1,22.697415
biohack44_6080,untested-public,task338,b35b8a9c786b6c618d442f8072720d3dd2ed919de6726b80b6d1801d3cdbafea,4510,37,14.271263
biohack44_6080,untested-public,task339,23c555a9d5193597ba509db3b965cb39be9f02febeded3f074acb8768e013f1b,1588,13,18.215543
biohack44_6080,untested-public,task340,dfa9109342b16654158976e4fa1e98455f0558a083d777ce020f5b60bae308cf,4180,72,13.838861
biohack44_6080,untested-public,task341,564fae20dee0f5a54330c3170bfad5824556165d5a206e82a19c9264faaaaf05,8743,101,15.154936
biohack44_6080,untested-public,task342,cd69f1c3c3bd5d7c51afa7008425c54e8c0a232fd18449de9a9bff304cea90ec,3200,40,15.594669
biohack44_6080,untested-public,task343,df6df42dd51bc8bd68188dba44776eb25926c7dd542729c2dcda48b60fd156bd,7569,86,14.700054
biohack44_6080,untested-public,task344,a23999c886c62393d115371628fbee6b6043de7a35bed72285639240d6def4fd,10236,1,17.171962
biohack44_6080,untested-public,task345,f8ddf76853108e2e27a45961b32397e69f9fb19d2c1909e623b6ae7b651acd60,4062,34,14.164526
biohack44_6080,untested-public,task346,11e08c307d334e0429612fd7a8873ecf53260f716ca9da99b6693e6d9b369548,2236,13,15.875435
biohack44_6080,untested-public,task347,7fe7a34b9a1ba2444eaaef7509f3c0395bca3ad15a45d122dfb79aa3e546d899,1129,12,17.603051
biohack44_6080,untested-public,task348,a6dd8eb329ee1c4b5ee60a6985610b6685bad770c76a14d12eb9e9665303821e,3000,29,16.103412
biohack44_6080,untested-public,task349,b57e802ae6c73cfabf1d34ffdd1313911001cb6a901862ec9c9346352bea0033,8755,89,13.103296
biohack44_6080,untested-public,task350,0ca24c325e540a593cb73c128715599c58a4d7bdd9134503c6991423b2840001,2670,19,14.734338
biohack44_6080,untested-public,task351,c17c4a24fd333fa82a77f43e4a5127d7eb81187a15ad4b7f8a1bb21664a5d49d,3049,25,14.532506
biohack44_6080,untested-public,task352,f3b9bb985cfb0478df981c689aab9f22dc5bb177e02b6f3b6a3b330669eef601,1398,11,16.201243
biohack44_6080,untested-public,task353,1639de1c1d4d3ee61a8454a02d3b5af4d359f13f2fb1c963687d4cd76b280a8b,3244,31,16.403811
biohack44_6080,untested-public,task354,58e322ea24b6a28e7b5da4cf5bdaf0e17e5b805ebb5cbd8874b00e0c36ff78bb,2948,42,14.653398
biohack44_6080,untested-public,task355,addfb7be1303c63d90f0a8826be7ab0eef88a10daab34df423f95eaec7e77059,4506,45,15.185781
biohack44_6080,untested-public,task356,551900e26ac21ba20631069f1a4268e5b9992eabbfd9cde50643affea19fc2f0,2344,21,16.482407
biohack44_6080,untested-public,task357,3d4c5d3ef46e8c9f15401243e101a1f27b9981a0b79e63fc1ea26fda02c8ea43,2328,23,16.120945
biohack44_6080,untested-public,task358,50650df0548143121954ee03c9db4532be39a4a56b686e8bf4987af48b47c2cf,10944,132,13.355862
biohack44_6080,untested-public,task359,5402e526d36f56006e6fe3438c6875e02057cade74e68784d892dc9c4510bdb1,3909,32,14.156974
biohack44_6080,untested-public,task360,8216475b8f3063764bb86d838de60dc9c23365d30e0e69a100fed2dbd1259833,1168,13,15.681164
biohack44_6080,untested-public,task361,c72dcf2c6af6c480ffa12daaa617478f9be27c60a63ccfe186893b7c68f069ab,6930,61,15.263926
biohack44_6080,untested-public,task362,1a6d4abda7902dcaff9fa7f35113d583d959eedff71779c783ed651a5c496833,1896,28,15.604176
biohack44_6080,untested-public,task363,ddc52c6fc6314991dd163c7bca23994b8a9d1f05ff9f98ccffbe545c58aec827,169031,260,11.778912
biohack44_6080,untested-public,task364,a9d40f4470cce83f3fc46a2673df1729763022fa78cbbc26491a91b2fc0e3e8e,7431,99,13.068443
biohack44_6080,untested-public,task365,4b59416c3b2d144a96e2612d2d0f8683f7cc3d3e0e8bae9a32ded28375a3e128,17605,242,14.014639
biohack44_6080,untested-public,task366,834485d9d2e06a57e2f26ed94bd29db1a171d17f91bc5593c5bc77b4578ab8c8,1256725,12512,7.083023
biohack44_6080,untested-public,task367,f8f9a7d97d9bfd98f66424f8f3e0eabedfcba143c07cade36155ed58370c2514,141510,705,11.172061
biohack44_6080,untested-public,task368,fb13ef89494b35d91e797f4295a7a89ef8111ed8b5d8f62974f2ce5be08e16a8,8950,186,14.615971
biohack44_6080,untested-public,task369,41510d5508f7ee00bea219692bf4efbbac40ae5b20300daa5ec4f01d4b6816a5,2940,26,16.047265
biohack44_6080,untested-public,task370,350d83a92295168476c4549cdc5d986b6bafb902180c4c7b2078a89d74f81774,25060,319,12.221756
biohack44_6080,untested-public,task371,55f3e4edea862a77001eaa66f9ce4cd37bbc3eaaaad9315a16360ce4d1d01bfe,1810,23,15.039140
biohack44_6080,untested-public,task372,422d94f798102349b81b669a5bd447b6e246aec065b6916c8b6efd14a7a0fc7f,1214,14,15.633511
biohack44_6080,untested-public,task373,b38778eb8fe20593e514665f61bdfe17367d56aa45d220c2cc5a0bd298889d2d,960,8,18.559053
biohack44_6080,untested-public,task374,29c99ccb14d1600e97d7b8c3c292672fed67326cc713432a0fd26edcbd5c2182,16450,144,14.140290
biohack44_6080,untested-public,task375,509686d607b3126316a284357799deb369829fe56865a1b05609fa3447c4c5d7,2214,19,15.372793
biohack44_6080,untested-public,task376,c6d0a7cc285a13cadc484b6b8141c32ce0d151a546e3b234dc4aeff58e321480,1741,27,14.388895
biohack44_6080,untested-public,task377,9634d0c4c5f2d3616c292399129487757b13a675d7e4d66ee409a56adffdec77,19220,208,13.919690
biohack44_6080,untested-public,task378,e1719f9950e83dc1889743f4737d7c5c8a2606c75b8f2f2f0d26dee49079c766,6343,96,14.378673
biohack44_6080,untested-public,task379,0002ebca2333b2402894d90300cae16c7fa1dcf04c9df3bc98751db32899d9ed,10260,107,13.808644
biohack44_6080,untested-public,task380,b23f227e055e494818df0587e34418a5054807bd258a80e00f9170bcedfd819c,531,3,18.397412
biohack44_6080,untested-public,task381,341af617bc4d485ea4ad62bf29883b80668b268876d8d3da0b0f97e24a69fb21,3435,24,14.349422
biohack44_6080,untested-public,task382,a854e19de4998088d40ffb514299ba374a6c1c2589c8c85260793ad004ce80dd,34556,325,12.824253
biohack44_6080,untested-public,task383,19da36427e6ee74fe0cf46bc86c98b873576bc8e0c1302e4d8b61c04ded4f8d8,6805,57,13.224964
biohack44_6080,untested-public,task384,57089beccc7a95bb03cb7bd0a9d6841faa06a32f84b126df9802e34c8b175e3b,4542,39,13.778082
biohack44_6080,untested-public,task385,629a5673b6a8e745a4c5b1b5afcf3c5e7214f2fd7c54d7f5da27eb3e788ea5d1,175,1,21.598803
biohack44_6080,untested-public,task386,89f80a62cefd32ddc113e1e3222977816d8c9e651c9e7efab94922c5878b22c3,1171,14,17.300611
biohack44_6080,untested-public,task387,4dda1a50cca0a48674436f21e3095a905a6d0d395389430b07ad068cd4973919,10335,204,12.791810
biohack44_6080,untested-public,task388,44364f7ea2f283e136db441edd3d838104f1d83f14247c0cfd0c1182c45e55ea,4820,50,15.714645
biohack44_6080,untested-public,task389,5d19a4d137ddfa5d5e278378f5210bdd9ffd9225b6b7ca3cfb0a823a86ca0be9,1421,13,17.451444
biohack44_6080,untested-public,task390,23a81cb475e4cd1231db06a0e09440eaa13dc4353f3891aaf53c86700efbfa91,4970,43,14.884592
biohack44_6080,untested-public,task391,1582c8e52095b42ea4800ff8753f6e9fcb62f2e7b65b1642a469835c6548bf80,2841,26,15.787562
biohack44_6080,untested-public,task392,286bbe96e893d8985bbc76084a277ad5864297316cf38f4ba6edf4007112e4c5,8330,51,14.662460
biohack44_6080,untested-public,task393,2f236f0f741468312b3933de81bd4f1f7d36a96e624a1545d1986160d95c466a,2433,22,16.321879
biohack44_6080,untested-public,task394,6f9e76b487f97c594199199e75fc55402957e97ede7b3c08c5059ae6412a4a45,3787,80,16.533469
biohack44_6080,untested-public,task395,19fd478858c781c596e2ca2f7e34d4e1bcfa8798379225afbe1efd44d2841ac0,1179,14,17.581219
biohack44_6080,untested-public,task396,deecb12bf534491a8adbe29e9b1927ba002fffacc6253071aeeb6bef2ef188a4,148123,407,12.967995
biohack44_6080,untested-public,task397,40a07e43eaab28f00e2efce4e35f677137cf30f25356c227f7d64147e7ba8340,7345,86,15.036311
biohack44_6080,untested-public,task398,5d6faac9d879be8dcfabbf8a25b82e0c62f0d41eb7d39aea7eb37e1fc447e023,8768,44,13.657827
biohack44_6080,untested-public,task399,f8e72c2228ae91a54d38c5a7f101356edc42d906cda234321b13bfc87a5ff38f,1907,8,17.483023
biohack44_6080,untested-public,task400,85a9828beec5f14034326e3d758cb7a93f61e66437df97f60e5b4a304af62110,3021,25,14.532535
