Rank,TeamId,TeamName,LastSubmissionDate,Score,SubmissionCount,TeamMemberUserNames
1,15948605,CroDoc,"2026-06-02 08:40:03",7681.53,1550,crodoc
2,15630755,"5.5 or 4.8?","2026-06-02 06:25:27",7646.07,413,yiheng
3,15810244,"jacekw (DeepSeek-V5-Pro)","2026-06-02 08:10:15",7580.11,2245,jacekwl
4,15625251,"Tony Li🤗","2026-06-02 02:00:12",7569.91,332,tonylica
5,15633637,David,"2026-05-27 04:10:47",7543.49,387,tivfrvqhs5
6,15625404,"Santa Neuro Club 10000","2026-06-02 08:20:49",7419.44,590,"bio4eta,ku0807,watanabekazuo,ymgpalaqs,yuw000"
7,15633124,Pavel,"2026-06-02 08:41:08",7330.68,789,pavelsavchenkov
8,15724312,"Chris Deotte","2026-06-02 02:43:41",7322.14,1157,cdeotte
9,15630942,"Fritz Cremer","2026-06-02 00:20:54",7305.51,574,fritzcremer
10,15633537,robga,"2026-05-31 19:59:24",7303.56,524,robga
11,15633270,"Dziyana Valenta","2026-06-02 07:15:52",7288.01,699,dziyanavalenta
12,15629671,keymoon,"2026-05-24 12:04:54",7271.50,361,keymoon
13,15625577,"Slow and Steady (400 Tasks)","2026-06-02 06:06:44",7264.64,1410,"paritoshtripathi5,yash9439"
14,15625462,"Kaggle Agent","2026-06-01 04:35:11",7237.98,857,"arc144,jiweiliu,maxjeblick"
15,15777785,"Takuya Inoue","2026-05-29 01:46:04",7228.50,118,takuyainoue
16,15624483,"Bogo de Chão","2026-06-02 05:25:41",7201.46,1648,"chankhavu,yeoyunsianggeremie"
17,15632188,"Bửu Phạm Quốc","2026-05-31 11:55:18",7193.43,129,buphmquc
18,15993475,Cona,"2026-06-02 03:31:29",7182.47,941,fcshen
19,15876635,doublek,"2026-06-01 17:12:38",7135.23,125,doublek
20,15626166,"where did my tokens go?","2026-06-02 08:31:43",7106.19,1147,"cudacoding,leonshangguan,lihaoweicvch,shanzhong8,tom99763"
21,15624198,codexmaxxing,"2026-05-23 09:34:36",7023.39,1181,yelarysyertaiuly
22,15672965,Jokrasa,"2026-06-02 02:43:05",6980.63,817,jonaskreutz
23,15646358,matheus,"2026-06-01 18:47:41",6973.42,9,tomirol
24,15935082,"M Sato & cg","2026-06-02 02:34:20",6968.61,1807,"chaitanyagarg2,masasato1999"
25,15916953,"The Blos","2026-06-01 13:42:08",6951.81,507,"alessandroflati,robertomastropietro"
26,15627562,"Skill Issue","2026-06-01 04:33:50",6949.23,188,kawchar85
27,15895367,"Carlos & Rubempre & Bill","2026-06-02 08:49:20",6943.29,1595,"carlosperez97,deeper,lucienderubempre"
28,15918494,"Hitoshi  Wada","2026-05-31 21:38:39",6920.39,489,hitoshiwada
29,15628069,"Mechanized Memories","2026-06-02 06:15:10",6918.43,260,linkinpony
30,15995580,"Yuichiro Hirano","2026-06-02 04:47:47",6911.05,64,yhirano
31,15661249,"Hajime Kato","2026-06-01 18:08:09",6896.80,833,hajime3126
32,15629279,SajayR,"2026-05-31 16:57:08",6883.09,277,sajayr
33,15715324,"Louis & Ziad & Emile","2026-05-31 16:20:27",6866.31,447,"emileandrieu,louisklasing,ziadelarari"
34,16000209,"100%Agent, 0%Me","2026-06-02 08:49:55",6860.66,664,wangtf96
35,16087436,choya,"2026-06-02 05:49:17",6835.28,344,chome0910
36,15654019,"It's Turtles All the Way Down","2026-05-31 03:54:50",6831.58,562,ozgurcem
37,16032569,Jessogreat,"2026-05-30 09:12:31",6785.14,404,jessogreat
38,15967372,广告位招租,"2026-06-02 05:25:06",6772.80,616,nianshi
39,16052749,"Jan Vorel","2026-06-02 08:31:24",6759.68,426,evolvion
40,15646450,MaxChen303,"2026-06-01 02:58:56",6748.85,128,maxchen303
41,15697236,siman,"2026-05-29 08:10:59",6667.84,1187,simann
42,15901778,lucataco,"2026-05-19 04:13:09",6632.07,813,lucataco
43,15790115,hongan,"2026-06-02 06:18:03",6604.29,630,honganzhu
44,15633224,MK,"2026-05-26 22:07:09",6600.00,993,"nahman,russcore"
45,15854046,"Andrey Yunoshev","2026-06-01 22:09:11",6598.28,2041,"andreyyunoshev,poonszesen"
46,15677049,"Haolun Cai","2026-05-24 03:55:15",6595.86,112,haoluncai
47,15796900,mrmldjr,"2026-06-01 17:25:47",6595.36,354,mrmldjr
48,15629487,"Junhua Yang","2026-06-02 07:42:19",6590.10,224,junhuay
49,15745064,Vishnu,"2026-06-01 01:35:46",6572.76,760,tpjvishnuvardhan
50,15625188,aaa,"2026-06-02 08:48:16",6550.16,864,liuyuq
51,15968846,Aibe,"2026-06-01 09:31:04",6538.59,1367,xsmaxpc
52,15627282,c0sm1c,"2026-06-02 08:14:28",6527.12,553,tanghao111
53,16012346,NotWhatYouThink,"2026-06-02 07:17:35",6524.53,291,notwhatyouthink
54,15624488,smlcr,"2026-06-01 00:13:35",6523.89,150,simulacri
55,15628216,tokiwa,"2026-06-01 17:15:01",6516.49,1111,tokkiwa
56,15744658,Golf-0B-Instruct-MTP-ParBirdie,"2026-06-02 07:21:05",6515.10,421,gufanmingmie
57,15624514,"Md Boktiar Mahbub Murad","2026-06-02 08:48:25",6504.40,2192,mbmmurad
58,15900483,"Golfer 🏌️","2026-06-02 07:23:48",6488.81,1415,"analyticaobscura,baidalinadilzhan,ibrahimqasimi,seddiktrk"
59,15646224,bono,"2026-05-29 06:01:38",6484.70,237,kjoonha
60,15903879,Anarkenker-8B-VL-Instruct🏌️,"2026-06-02 01:30:03",6484.46,599,fushengwen
61,15624224,NeedAJob,"2026-06-02 08:38:12",6471.39,505,"alessandrodaldossi,giorgioabelli,massimilianoghiotto"
62,15808011,Boladi,"2026-06-02 03:51:39",6457.41,960,boladi
63,15745302,"Whyme Labs","2026-05-30 06:36:38",6447.34,779,whymelabs
64,15634044,YouKnoWho,"2026-06-01 21:13:47",6439.82,1197,darksoul026
65,15632798,"High Hustlers","2026-05-31 16:56:12",6431.53,66,"alexandrutkov,asdasdsadasdsasdasd,glebantonevich"
66,15624239,"ADARSH REDDY B","2026-06-02 08:18:23",6419.91,333,adarshreddyb
67,15686388,Giba,"2026-06-02 01:59:57",6411.42,1176,titericz
68,16072012,haoranran,"2026-05-31 02:26:07",6405.49,96,"haoranran,tonychen111"
69,16016294,kawhi0.0,"2026-06-02 08:27:59",6405.12,119,kawhi00
70,15689623,claudex,"2026-06-02 05:27:40",6397.59,963,"binhdth,myotterspace,pntan17"
71,15624156,Ali,"2026-06-02 07:34:26",6397.21,1172,asalhi
72,16004416,nestorvfx,"2026-06-02 00:26:58",6396.66,5,mihajlonestorovic
73,15624859,"Gradient Ascenders","2026-06-02 00:54:08",6395.83,887,"calibrator,evilpsycho42"
74,15816701,"Aditya Raghuvanshi","2026-05-23 05:03:30",6387.13,668,adityaraghuvanshi999
75,15874448,Praxel,"2026-06-02 08:48:22",6384.91,1359,praxel
76,15633757,Ozi,"2026-06-02 00:24:37",6376.79,851,muhammaduzair21
77,16093837,"Egor Trushin","2026-06-02 08:38:23",6367.47,132,egortrushin
78,15926326,Make-human-great-again,"2026-06-02 00:29:51",6366.43,497,jsrdcht
79,15625516,"Mike Heald","2026-05-11 20:33:57",6337.27,100,mikeheald
80,15628939,"Darshan Makwana","2026-05-25 10:22:17",6316.67,209,ellipticaloranges
81,15846994,YBWANG,"2026-06-02 02:14:52",6311.42,726,"arksey,jinchengma12,yuanpeicai"
82,15626597,prvi,"2026-05-31 06:48:34",6303.07,306,prokaj
83,15650829,"Pascal Pfeiffer","2026-06-01 21:37:29",6286.89,125,ilu000
84,16045809,"Opus 4.8 is all you need","2026-06-02 08:13:48",6286.33,155,canqiang
85,15950259,caspian,"2026-06-02 06:42:43",6277.64,805,"dangdung177,haivan11"
86,16079531,"Gurkan Ozkan","2026-05-30 09:59:20",6273.00,129,klager
87,15638944,"Yovin Yahathugoda","2026-06-02 07:24:31",6270.80,351,yovinyahathugoda
88,15963018,amogh_tewari,"2026-06-01 21:13:15",6267.19,24,amoghtewari11
89,15624229,automatylicza,"2026-06-02 08:47:09",6261.26,79,automatylicza
90,15997333,alexeyshmelev,"2026-06-01 00:40:19",6258.78,1198,alexeyshmelev
91,15643912,konbu17,"2026-06-02 07:49:16",6258.08,539,konbu17
92,16110349,"Kianoush Haratian","2026-06-02 08:35:00",6257.54,19,kianoushharatian
93,15842473,"Maher el Ouahabi","2026-05-28 19:04:32",6253.10,759,maherelouahabi
94,16088719,"Token is all you need","2026-06-02 08:45:19",6250.21,184,weijiemiao
95,15691410,Ayodeji,"2026-06-02 08:44:54",6246.57,2086,ayodejiibrahimlateef
96,15898249,guohaowen,"2026-06-02 05:37:11",6243.92,351,guohaowen1910
97,15634340,akmr,"2026-06-01 04:01:50",6243.17,348,akimaru
98,15648563,"Prometio Group","2026-06-01 23:11:23",6238.80,1155,"kimberleyduran,sebastiangil00"
99,15901587,Kelvin,"2026-06-02 08:12:29",6231.34,683,xyzdivergence
100,15630391,"Michael Ibrahim","2026-06-01 17:59:25",6228.52,229,michaelibrahim
101,16047658,"yacine kouhli","2026-05-29 12:46:29",6227.34,49,yacinekouhli
102,16080503,syx777,"2026-06-02 05:44:39",6225.52,129,"lazyfisher,mokosnow,syx777"
103,15625428,"Go go go","2026-06-02 08:42:42",6220.25,619,"lingyu07,lixin73"
104,15688567,"Shigeru Kondou","2026-06-02 05:51:06",6215.27,99,shigerukondou
105,15633639,"Arun George Zachariah","2026-06-01 00:59:39",6213.78,1187,zarungeorge
106,16115388,Chriz,"2026-06-02 06:55:44",6213.58,55,chrisopherjoshy
107,15635079,AidenSong123,"2026-06-01 16:49:32",6213.52,48,aidensong123
108,16146530,"Tim Riggins","2026-06-02 01:24:48",6213.50,5,timriggins
109,16058522,らすはる,"2026-06-02 08:40:52",6212.74,320,yamashita
110,16103767,Nadeem,"2026-06-02 07:45:42",6211.85,183,nadeembinshajahan
111,16145199,nmdcddwzml,"2026-06-02 01:06:58",6210.91,15,mujian63
112,15631781,IC2,"2026-06-01 16:05:37",6210.72,384,jonathanchan
113,15724999,Afr1ste,"2026-06-02 08:23:16",6210.69,2215,afr1ste
114,16061258,mitubant,"2026-06-02 07:06:48",6210.23,13,mitubant
115,15670900,"Chenyu Wang","2026-06-02 07:49:24",6209.58,104,ataraxyyeah
116,15706384,"Michael Hernandez","2026-06-02 08:43:32",6208.81,540,michaelhernandez4
117,16139820,poipou,"2026-06-02 02:19:29",6208.49,107,poipou
118,15644985,嵇禄lugent,"2026-06-02 08:00:55",6208.28,31,lugent
119,15939769,Quinn,"2026-06-02 08:27:31",6208.10,40,fooboy
120,15636294,"ömer kiraz","2026-06-02 08:10:16",6208.06,657,"biohack44,merkiraz"
121,16036820,takumina,"2026-06-02 02:03:22",6208.06,511,takuminakamatsu
122,15917872,Maronychan,"2026-06-02 06:19:24",6208.06,7,maronychan
123,15736594,Álvaro,"2026-06-02 08:00:28",6208.06,165,alvaroborras
124,16109616,zhang2dog,"2026-06-02 08:30:51",6207.56,10,zhang2dog
125,16151253,"Asan Ashirov","2026-06-02 06:04:15",6203.86,7,asanashirov
126,15624784,"Jack Su","2026-06-01 17:39:59",6201.60,444,jacksu0
127,15862934,Amaranta,"2026-06-02 07:35:07",6201.48,593,ulyanovantonamaranta
128,16030235,"Ziheng Zhang","2026-06-02 03:08:57",6200.75,245,nudtdmzzh
129,16048007,HW950要伐,"2026-06-02 08:39:46",6200.52,278,yangranran
130,15630383,vishnuvardhan33,"2026-05-21 11:17:45",6198.41,650,vishnuvardhan33
131,15633276,keithtyser,"2026-05-11 09:34:37",6197.67,775,keithtyser
132,16040519,"MOURYA ARNEPALLI","2026-05-31 08:11:12",6197.39,34,mouryaarnepalli
133,16108679,Flyfish666,"2026-06-01 13:31:21",6197.29,136,flyfish666
134,15821092,infamemconculcemus,"2026-06-02 08:47:51",6195.10,630,jcgweb
135,15625544,Ant,"2026-06-01 22:04:53",6194.01,80,anthonytrevino
136,15633249,"Octavi Grau","2026-06-01 11:35:59",6190.29,395,octaviograu
137,15626132,"Jack Cole","2026-06-01 23:05:56",6187.99,1073,jcole75
138,15641811,TakamaruEX,"2026-06-01 23:03:15",6187.58,159,takamaruex
139,15659992,ksew364,"2026-05-30 23:25:56",6185.53,118,ksew364
140,15640369,"Keisuke Ueda","2026-06-02 06:35:41",6183.32,821,keisukeueda
141,16076144,"Filip Strzałka","2026-05-31 08:41:51",6178.91,73,snufkin77
142,15733890,SKYisSKYisSKY,"2026-05-27 20:14:18",6175.59,409,skyisskyissky
143,16062257,khj1222,"2026-06-02 07:04:41",6173.73,85,khj1222
144,15893275,KigML_parafee,"2026-06-01 20:44:24",6171.48,280,parafee41
145,15895167,"chandrasen pandey","2026-06-01 07:58:26",6168.61,952,devchandra
146,15638412,sekken,"2026-06-01 23:59:19",6168.50,60,marksix
147,15935830,"Mohammed Tayor","2026-05-31 15:12:30",6166.08,270,tayorm
148,15995232,sleter,"2026-06-01 10:13:50",6166.07,85,szymonjanowski
149,15633038,Desta,"2026-05-30 23:52:34",6165.08,730,"bd0855,ghostdvd"
150,15760268,seantangth,"2026-06-02 05:39:38",6164.66,1315,seantangth
151,16127492,idnewnil2,"2026-06-02 08:49:29",6164.54,22,idnewnil2
152,15638679,tf,"2026-06-02 08:34:04",6163.50,178,tfukuhara
153,15678150,RogerTaylor,"2026-06-02 03:00:16",6161.37,188,rogermt
154,16118170,atsu0905,"2026-06-02 03:00:45",6161.19,8,atsu0905
155,15706414,"Kun Zhang","2026-06-02 02:42:21",6159.90,1553,beicicc
156,15625050,"Yash Vijay Kucheriya","2026-06-01 23:39:41",6158.91,76,yashvijaykucheriya
157,15628165,"Mathurin Ache","2026-06-02 07:14:21",6158.91,149,mathurinache
158,15889934,islet,"2026-06-02 04:51:22",6158.84,1846,kojimar
159,16137384,"ABHIJOY SARKAR","2026-06-01 07:37:40",6158.45,5,asterdan712
160,16142106,"berke tekergül","2026-06-02 07:29:49",6156.76,2,berketekergl
161,15936441,"Mathieu W","2026-06-02 08:41:37",6155.55,298,mathieuw
162,16143980,LaFleur,"2026-06-02 04:38:56",6155.37,7,ipodwizard
163,15842570,"so why try harder","2026-05-31 01:17:24",6155.21,386,levzhazeschi
164,15624816,"Seok, Jeongeum","2026-06-01 12:14:14",6154.71,57,seokjeongeum
165,15706557,"Ease Gao","2026-06-01 13:29:43",6154.71,7,gojay001
166,15639289,"Samyakraj Bayar","2026-06-01 13:35:31",6154.71,40,samyakrajbayar
167,15624494,kglctf,"2026-06-01 15:28:17",6154.71,469,kglctf
168,15636045,Will,"2026-06-02 08:01:58",6154.71,41,wguesdon
169,15628770,@🤞@,"2026-06-01 14:01:13",6154.71,74,anglolodorf
170,16052007,"Simarbir Singh Sandhu","2026-06-01 14:06:49",6154.71,1,simarbirsinghsandhu
171,16139176,"Aryan patel","2026-06-02 08:45:18",6154.71,7,aashadevi
172,15913412,"Manav Trivedi","2026-06-01 15:05:17",6154.71,3,manavtrivedi
173,15641461,"Van-Phuc Huynh","2026-06-01 16:23:17",6154.71,21,hvanphucs112
174,15830093,"Jaideep Padhi","2026-06-01 17:42:32",6154.71,71,jaideepsaipadhi
175,15865043,Artem1410,"2026-06-01 18:36:45",6154.71,890,anazemcev
176,16149064,"Nick Styles","2026-06-01 19:14:42",6154.71,1,styles
177,16148978,sadbody123,"2026-06-02 06:16:32",6154.71,8,sadbody123
178,15631780,Yusuraume,"2026-06-02 02:11:35",6154.71,58,sugitatomohiko
179,15916154,Ajay_Rao_43,"2026-06-02 03:03:47",6154.71,2,ajayrao43
180,16097477,"Khánh Vinh Lưu","2026-06-02 04:58:50",6154.71,39,khnhvinhlu
181,16056162,andreafe,"2026-06-02 05:08:43",6154.71,11,andreafe
182,16144895,"weihao huang2004","2026-06-02 08:46:57",6154.71,25,weihaohuang2004
183,16118387,"MMM Abbie","2026-06-02 06:10:43",6154.71,26,kchuang
184,15736143,rikutokuwayama,"2026-06-02 06:06:37",6154.71,34,"fumiya326,kuboken,rikutokuwayama"
185,15827787,"mysterious agents","2026-06-02 07:26:57",6154.71,26,sahlibntanvin
186,15632062,Reinhard,"2026-06-01 18:43:34",6152.78,86,trainhard
187,16022251,CLJY_2026,"2026-06-02 05:25:55",6151.92,101,"cljy2026,ltbuzq"
188,15656227,bmax16634,"2026-06-01 04:36:35",6151.18,518,bmax16634
189,15670472,LeeVvin,"2026-06-02 00:30:05",6151.18,12,leevvin
190,15735795,"Hu Xingyu","2026-06-02 03:33:44",6151.18,16,huxingyu
191,15625781,"Jeki Wan Taufik","2026-06-02 06:04:11",6151.18,40,jek1wantaufik
192,15780139,zjzhujie,"2026-06-02 08:39:02",6149.94,211,zjzhujie
193,15639932,"Yusaku Muroya","2026-05-31 22:18:44",6149.65,954,ymuroya47
194,15744298,"Data Nerds","2026-05-27 15:24:25",6148.00,1295,"arkulkarni,jasonkarpeles"
195,15815197,"Yen Wee Lim","2026-05-13 14:32:53",6147.62,335,limyenwee
196,15625595,"Santiago Maniches","2026-06-01 23:50:05",6146.91,449,santmani
197,15651917,yasu,"2026-06-02 05:24:24",6143.98,54,yasutakababa
198,15951959,YAN,"2026-05-30 09:14:09",6137.52,469,qujiahui
199,16127557,"xianxu qiu","2026-06-02 07:59:03",6134.13,45,xianxuqiu
200,15625397,tyuyoshi,"2026-06-02 05:44:12",6132.80,2216,hasegawatsuyoshi
201,15705852,kusui26,"2026-06-02 07:51:01",6131.40,90,kusui26
202,15687246,Qixiu,"2026-05-21 01:25:58",6130.70,481,lantingguo
203,15764490,"Dorain ren","2026-06-01 16:17:01",6130.49,171,dorainren
204,16054692,U29oYW0gU2Vu,"2026-05-24 07:09:12",6130.27,160,theawesomecoder
205,16099650,imaeakira,"2026-06-01 02:07:38",6129.60,91,imaeakira
206,15626687,areslan,"2026-06-01 12:58:24",6129.46,65,areslan
207,16075426,JowinJ3,"2026-05-29 19:44:54",6128.34,18,jowinj3
208,15872468,"chen Jack12","2026-06-01 09:40:31",6127.84,240,"chenjack12,sylfilic"
209,15986010,"Kevin Zhou","2026-06-01 22:38:16",6125.55,97,"kevinzhou66,mkudryashov"
210,15800302,"old mac donald had a farm.! !","2026-05-26 20:17:49",6124.70,131,"aadityaverma11,ad8ya089,divabhattacharya,suman2208"
211,16131709,"Jiayi Du","2026-06-02 08:31:37",6122.59,61,jahyee
212,15736192,"who is the boss","2026-05-19 06:19:33",6122.17,701,"ashok205,fangwenhshan,jallll123"
213,15629666,Makarr,"2026-05-30 04:26:17",6121.75,27,makarrogovik
214,15627531,"Sung Heo","2026-05-30 02:40:21",6120.63,645,kmmmvs
215,15625613,renta.k,"2026-06-02 08:43:19",6120.30,291,renta0426
216,15872866,"Wenchong Huang","2026-05-29 15:40:33",6119.73,449,wenchonghuang
217,16060177,"Banana Brunch","2026-06-01 06:27:24",6119.61,31,jackyvo
218,15810661,"Ahmed Bahnasy","2026-05-31 00:13:26",6119.35,466,abahnasy
219,15648261,PoydenkoV,"2026-05-31 21:16:21",6118.14,34,poydenkov
220,15998509,ZhaorongDai,"2026-05-31 13:44:12",6115.91,131,zhaorongdai
221,15999730,kaggle_白,"2026-05-31 04:32:08",6114.71,49,asdfghasdf
222,16094028,GSK,"2026-06-01 18:29:32",6114.47,106,geethasaikrishna
223,15640325,TeamChaotic,"2026-06-01 18:08:17",6114.13,11,"rpaffenroth,simontavener"
224,16096785,databyfx,"2026-05-31 21:38:31",6114.08,1,databyfx
225,15636414,"Shunsuke Hayashi","2026-06-01 00:54:46",6114.08,8,shunsukehayashi1993
226,16089000,Xunden,"2026-06-01 02:54:45",6114.08,4,xunden
227,15663187,GUOHAOYANG,"2026-06-01 03:45:12",6114.08,13,pkuszboi
228,16099496,"Nang0ng “Nankyu” Yu","2026-06-01 06:09:47",6114.08,5,nang0ngnankyuyu
229,15630472,"Kumar Abhijeet","2026-06-01 06:47:29",6114.08,12,krabhijeet
230,15631359,test_neurogolf,"2026-06-01 09:14:12",6114.08,109,michaelsemenoff
231,15704346,yukanglimofficial,"2026-06-01 10:07:56",6114.08,16,yukanglimofficial
232,15643409,Dr_F,"2026-06-01 10:21:39",6114.08,59,algebraictopology
233,15629385,cm391,"2026-06-01 10:34:48",6114.08,14,mccocoful
234,15625149,today,"2026-06-01 11:39:31",6114.08,25,today55
235,15641423,"Ravi Ramakrishnan","2026-06-01 13:41:52",6114.08,17,ravi20076
236,16101986,ChengxuGu,"2026-06-01 14:12:47",6114.08,10,chengxugu
237,15856593,DeeperNet,"2026-06-01 14:20:13",6114.08,3,deepernet
238,16096208,"Martin Mbalkam","2026-06-02 07:24:41",6114.08,1,martinmbalkam
239,16155087,"Brahim Brah","2026-06-02 08:26:02",6114.08,1,brahimbrah
240,16058426,"Koushik Rudra","2026-06-02 06:46:01",6113.98,239,koushikrudra
241,15905875,king_77578,"2026-05-31 14:31:06",6113.21,70,king77578
242,15639155,VNU-UET,"2026-05-31 11:09:31",6112.71,365,"nguyncdngs,shiinehata"
243,15633302,"Nuno Ferreira","2026-05-31 13:14:28",6112.71,107,ngcferreira
244,16106353,mashen_99,"2026-06-01 06:38:39",6112.71,15,mashen99
245,15624707,"'I have a golf' - Carlos Sainz","2026-05-31 16:29:59",6112.71,38,nihilisticneuralnet
246,15885870,"Let's my slaves do it","2026-05-31 17:58:34",6112.71,71,phonglmnguynduy
247,15624171,"Ashad Alam","2026-05-31 21:02:00",6112.71,5,ashad8949
248,15738590,"Feel the Citrus","2026-06-01 08:06:12",6112.71,215,"artemgoncarov,markdjadchenko,naladwepo"
249,16090966,"Никита Кочерин","2026-06-02 08:13:37",6112.44,42,nick15431543
250,15635450,adakoda,"2026-05-31 00:58:13",6112.04,223,adakoda
251,16040875,今井大登,"2026-06-01 08:46:23",6111.06,9,naru041104
252,16127447,"Rajan Nagarajan","2026-06-01 17:45:06",6110.98,4,narajan
253,15942301,"Pushkar Ambastha","2026-05-31 05:00:05",6110.98,2,pushkar007
254,15749799,yuki16,"2026-05-31 06:12:31",6110.98,14,yuki16
255,15636918,"Ra'uf Fauzan Rambe","2026-05-31 07:27:37",6110.98,3,rauffauzanrambe
256,16087443,cooleel,"2026-05-31 08:08:28",6110.98,3,cooleel
257,15636457,"Raunak Dey","2026-05-31 08:36:12",6110.98,8,raunakdey07
258,15629889,"Varun Rao","2026-05-31 08:45:50",6110.98,9,varunraosfanlkan
259,15979674,"Kostas Tsolis","2026-05-31 08:45:34",6110.98,8,tkostas
260,16132918,awa无已hzh,"2026-05-31 12:56:00",6110.98,1,awahzh
261,15654783,"PRIYANSHU PRAJAPATI","2026-06-01 03:19:15",6110.98,3,pentesterpriyanshu
262,16125852,"zhuo wamg","2026-06-01 11:34:07",6110.98,1,zhuowamg
263,15624185,FOYSAL,"2026-06-01 13:42:00",6110.98,34,foysalemonshanto
264,16081123,msd0110,"2026-05-28 01:27:39",6108.23,107,msd0110
265,15653884,"Dmitry Kozlov","2026-06-01 07:54:40",6107.06,1028,dkozlov
266,15638592,"Kevin E R MILLE","2026-06-02 08:22:48",6107.04,541,kevinermille
267,15635092,"Komil Parmar","2026-05-29 10:52:35",6105.93,245,komilparmar
268,16017543,"Zhong Lyu","2026-06-01 10:53:07",6105.43,244,zhonglyu
269,15631897,thisray,"2026-06-02 08:45:47",6102.72,934,thisray
270,15844528,"Nonthaphat Paenkhlai","2026-05-24 17:02:48",6101.27,164,nonthaphatpaenkhlai
271,15885543,"LEAP විරෝධී සංගමය","2026-05-29 08:26:28",6101.21,265,"chirathb,kaniya,lakshg93,sachinkahawala,sudheerawithanage"
272,16058172,IamDiganta.7,"2026-05-31 10:41:26",6100.99,28,iamdiganta7
273,16103652,ALMoatasim,"2026-06-01 01:07:51",6099.86,15,moutasemhamdi
274,16068224,Nehak76044,"2026-05-31 01:42:45",6099.62,102,nehak76044
275,16115882,MakiMakiAi,"2026-05-30 18:20:02",6098.71,6,makimakiai
276,15975080,001,"2026-05-31 12:47:39",6098.59,30,"calebchandrasekar,rister101,stharundhatri"
277,15858960,photunix,"2026-05-31 12:49:13",6098.58,4,photunix
278,15895261,"Kaito Fukami","2026-06-02 04:39:31",6096.52,71,"hibikiawai,kaitofukami"
279,15946166,"Kaid Duong","2026-06-01 20:31:18",6095.43,161,kaidduongcl
280,15876948,"Clark Kitchen","2026-06-02 02:25:57",6095.29,797,clarkkitchen
281,15627307,Chaos,"2026-05-22 09:55:24",6093.35,224,w931908741
282,16132586,"Hugo Gascon","2026-06-01 22:41:05",6092.66,10,hugogascon
283,16040314,SCLim2022080004,"2026-05-31 14:32:18",6091.71,68,sclim2022080004
284,15744929,len8487,"2026-05-25 06:35:38",6090.32,801,len8487
285,16098456,luyunstar,"2026-05-28 12:14:13",6087.50,5,luyunstar
286,15933937,hoang_phuc_6868,"2026-05-24 15:28:05",6087.14,224,thbdh5765
287,15862096,DrParadox,"2026-05-27 07:21:47",6086.36,290,rohanpatnaik
288,15929340,bnbu21,"2026-05-26 11:19:11",6086.30,1253,"bnbuliukairui,bnbustephanieliu,cloudiejiayun,shangyuanfeimali"
289,16061541,Oozik,"2026-05-29 09:41:20",6086.27,58,d33550336
290,16055278,Luo,"2026-05-27 08:56:36",6086.21,125,chaoqiluo7
291,15645796,"Luke Stafford","2026-05-22 02:56:42",6083.67,1384,luketstafford
292,15743728,cocoaAI,"2026-05-27 17:21:10",6083.19,73,cocoaai
293,16078151,kif,"2026-05-30 05:11:00",6082.57,5,echigobran
294,16046367,"Cam-Luan Truong","2026-05-30 12:38:49",6082.57,3,luantruong
295,15924704,"yooozhooo Xooo","2026-05-26 12:20:33",6081.20,15,yooozhoooxooo
296,16068748,Anubisyy,"2026-05-27 20:21:20",6081.16,260,anubisyy
297,15627400,"Antoniu Gugu","2026-05-27 21:48:04",6079.21,199,antoniu
298,15919894,"zt zhang","2026-05-30 06:41:54",6078.82,7,datasciencezhang
299,15626165,yiyu0716,"2026-05-30 05:53:04",6076.31,1907,yiyu0716
300,16041285,"Khush Agarwal","2026-05-27 12:56:59",6074.62,19,khushagarwal2003
301,15687735,"jash surendra","2026-05-26 15:51:10",6074.27,53,jashsurendra
302,15885643,huyang111,"2026-05-29 11:43:15",6073.56,58,"elfsa1miranda,huyang111"
303,15652067,Rafael135Leonardo,"2026-06-01 14:20:05",6073.18,172,rafael135leonardo
304,16090359,Qiwei,"2026-05-29 10:42:09",6072.77,10,qiweiyin
305,16108830,Bailang0012,"2026-05-29 12:57:04",6072.47,24,bailang0012
306,15632867,"Hrushikesh Pawar","2026-05-29 13:16:29",6072.47,73,hrushikeshpawar
307,15981630,"Daujohn [dsml.kz]","2026-05-29 08:47:08",6072.38,17,aithbb
308,15765028,rererenore,"2026-05-29 10:36:59",6072.38,162,rererenore
309,16089652,tdoh86,"2026-05-29 23:09:29",6072.38,1,tdoh86
310,15626334,"Token Burners","2026-05-30 01:22:08",6072.38,161,"hanifnoerrofiq,pentol"
311,15627321,"Long Hu","2026-05-30 02:47:50",6072.38,1,longhul
312,16073864,"lin xiang sun1145","2026-05-30 11:09:54",6072.38,5,linxiangsun1145
313,16005032,"Restu Anggoro Kasih","2026-05-30 12:39:53",6072.38,17,restuanggorokasih
314,15828244,"Rustam Bazarbayev","2026-05-31 17:29:55",6071.54,139,rustambazarbayev
315,16071504,KimMun,"2026-06-02 01:19:29",6067.97,32,munhyeong
316,15629192,porply,"2026-05-28 10:43:04",6067.71,13,porply
317,16021349,yunseungmin0531,"2026-05-31 06:41:10",6067.47,84,yunseungmin0531
318,15631969,"Feel the VSOS","2026-05-31 03:51:42",6067.41,428,"artemnazemtsev,limprog,magmacot"
319,16014459,Mandel,"2026-06-02 02:45:50",6067.41,4,mandelxu
320,16094371,冰镇大西瓜,"2026-05-29 03:56:48",6067.40,6,xiguahaochi
321,15637950,"belem kalilou","2026-05-28 10:53:34",6067.40,8,belemkalilou
322,16021336,tethdhdjd,"2026-05-28 11:49:38",6067.40,1,tethdhdjd
323,15624503,"Pratham Jain","2026-05-28 12:33:00",6067.40,18,kindasomethin
324,16093563,findshan,"2026-05-30 06:32:03",6067.40,13,findshan
325,15745399,"João Victor","2026-05-28 21:28:10",6067.40,178,jvlegend
326,15630816,LXYLXY599599,"2026-05-26 15:57:10",6066.58,34,lxylxy599599
327,16072543,"Carol Wang","2026-05-27 12:31:11",6066.58,12,"ilanwang,suethe"
328,16084613,"prajyot birajdar","2026-05-27 09:06:26",6066.58,25,prajyotbirajdar
329,15659337,CuteClaw,"2026-05-26 16:48:31",6066.58,5,bloodmoonwq
330,16086176,"Nafiul Islam","2026-05-26 18:44:38",6066.58,3,nafiulislam490
331,15633160,"Deepesh Gupta","2026-05-31 12:46:35",6066.58,12,damndeepesh
332,15626128,DePie,"2026-05-27 02:05:17",6066.58,2,phucthaiv02
333,15916681,"oneye Gaovo","2026-05-28 05:18:48",6066.58,16,oneyegaovo1
334,15637842,yuriy134,"2026-05-27 05:57:54",6066.58,16,yuriy134
335,15624363,"CODEX POWER","2026-06-01 14:49:01",6066.58,369,"bogdan355,gfarew"
336,16090618,ykhnkf,"2026-05-27 08:53:29",6066.58,1,ykhnkf
337,15885801,nighfer,"2026-05-27 13:33:05",6066.58,12,nighfer
338,15829380,yangyaqi777,"2026-05-27 13:30:05",6066.58,3,"bestgoodluck,yangyaqi777"
339,16060906,"water joe","2026-05-27 15:07:43",6066.58,97,waterjoe
340,15628576,"Pavel Pavlov","2026-05-27 18:03:55",6066.58,13,akakii
341,16066575,panda__MB__maximus,"2026-05-27 19:10:25",6066.58,2,tanishmohokar09
342,15631960,"Nabil Alagi","2026-05-28 01:19:41",6066.58,57,nabilalagi
343,15625321,rm_ast_440,"2026-05-28 06:36:36",6066.58,19,rmast440
344,15637190,"Akshat Rai","2026-05-29 18:45:27",6066.58,2,akshatrai07
345,16101768,Blue,"2026-05-28 14:57:47",6066.58,1,liulufighting
346,15631871,"Chekhlov Dmitrii","2026-05-27 15:19:06",6066.58,109,zoli800
347,16074618,xujchill,"2026-05-27 14:59:55",6065.88,1,xujchill
348,15879379,lcj,"2026-05-24 03:04:14",6065.77,122,lichangjian
349,16010266,haha,"2026-05-19 19:16:28",6065.69,50,yixinyu3642
350,15998350,YL,"2026-05-19 04:11:45",6065.37,94,"kylelinucsb,tisui1"
351,15869509,OrbiChat.ai,"2026-05-25 19:33:36",6064.84,293,kabilrh
352,15650045,l2658183739,"2026-05-29 01:32:40",6064.84,38,l2658183739
353,16005508,Shiva,"2026-05-26 18:41:07",6064.84,7,"madgod00,shivasai77"
354,15660095,mikebeth,"2026-06-02 00:29:37",6064.84,5,miguelbeta
355,16097267,"none liu","2026-05-28 06:01:09",6064.84,4,noneliu
356,15793501,"Maser Geng","2026-05-28 07:46:19",6064.84,27,masergeng
357,15833352,"Aryan Mishra","2026-06-02 05:26:55",6064.84,21,aryanmdev
358,15778037,"Mahdi Ravaghi","2026-05-28 11:28:15",6064.84,151,ravaghi
359,15625009,"Vladislav Lavrentev","2026-05-25 18:14:07",6064.84,180,lightningv08
360,16084206,Prabhpreet_Singh5,"2026-05-28 12:59:01",6064.84,2,prabhpreetsingh5
361,16099639,"martin fahd","2026-06-01 17:51:45",6064.84,5,martinfahd
362,15983842,"Ahmed Salah","2026-05-19 20:47:39",6062.21,15,ahmedsalah9339
363,15626678,Creatora,"2026-06-01 08:16:35",6059.90,91,creatora
364,16056788,Virtute,"2026-05-27 14:03:23",6059.20,71,nameless001
365,15977694,"KE WU","2026-05-20 20:28:23",6059.16,23,wukeneth
366,15937618,"Bulşah Keçici","2026-06-01 23:27:19",6058.36,41,bulsahkecici
367,15920340,ckyasb,"2026-06-02 08:49:11",6057.43,84,"ckyasb,polytetra"
368,15670784,"Shaopeng MO","2026-05-20 13:31:10",6054.37,343,moshaopeng
369,15724528,BAIYAN05,"2026-05-26 13:07:38",6052.98,38,baiyan05
370,15624631,"Artem Veshkin","2026-05-21 12:01:10",6052.02,15,veshkinartem
371,16024307,Masry1,"2026-05-20 15:04:35",6051.36,4,masry1
372,15659577,"Longkun Shi (Candyman)","2026-05-21 03:12:53",6051.25,769,"booolljx,longkunshicandyman,luxliang,winbeaux"
373,15982360,2tangB,"2026-06-02 01:35:05",6051.25,148,"chao367,yuanlao153"
374,16016741,chaitugsk07,"2026-05-19 09:56:44",6050.76,7,chaitugsk07
375,15803529,"Akshita Srivastava","2026-05-25 00:31:41",6048.65,36,"akshitasrivastava1,irongm"
376,16129283,"Mrutyunjay Patil","2026-05-31 09:25:53",6045.99,4,patilmrutyunjay
377,15662539,"OUT OF QUOTA ? SOS","2026-05-22 19:26:58",6045.92,79,medkhalilhawachi
378,16015505,Dmitriy,"2026-05-21 07:26:39",6045.82,17,dmitriybty
379,15842335,"PRASHANT SHUKLA91","2026-05-24 15:17:29",6045.33,52,prashantshukla91
380,15735806,"Firman Imam","2026-05-23 07:42:34",6044.76,16,piririp
381,15637991,745H1N,"2026-05-23 12:18:17",6043.08,31,salazarslytherin
382,16022362,"Mrunal Gangurde","2026-05-30 11:57:55",6042.91,4,mrunalgangurde
383,15624157,Fibonacci,"2026-05-26 06:51:31",6042.88,58,"shuvambanerjiseal,xaheli"
384,16037772,Bruno_Barreto_USP,"2026-05-21 19:41:54",6042.85,9,brunobarretousp2025
385,16002046,Ol3X,"2026-05-20 19:30:55",6042.85,5,alexandreolech
386,15634948,"Pascal Ledesma","2026-05-24 17:03:49",6042.85,167,pascalledesma
387,15926486,"BNBU Biying Xie","2026-05-19 00:00:33",6042.85,47,clairexby
388,15999139,"You Lyu","2026-05-19 01:43:26",6042.85,166,youlyusanzhang
389,16009353,Router,"2026-05-19 07:23:12",6042.85,17,routera
390,15625324,OverfitOracle,"2026-05-19 02:07:51",6042.85,418,"alisalmanrana,avijaynandha,hweowe,jazivxt,kimura0415"
391,16011751,"Vanessa Huo","2026-05-19 02:54:00",6042.85,7,vanessahuo
392,15940747,StephenNedumpally,"2026-05-19 03:26:56",6042.85,11,stephennedumpally
393,16008401,"less subs","2026-05-19 09:18:39",6042.85,1,jiaoyouzhang
394,15836644,fsun,"2026-05-30 06:15:26",6042.85,174,franksunp
395,15654976,"Imaad Mahmood","2026-05-20 14:35:02",6042.85,14,imaadmahmood
396,15661076,"Shien Zhang","2026-05-19 13:12:09",6042.85,36,"shienzhang,zsyuuuu"
397,15639668,takaito,"2026-05-19 14:27:08",6042.85,10,takaito
398,15628741,"Rocker Ritesh","2026-05-20 01:18:04",6042.85,35,rockerritesh
399,15625505,fam_taro,"2026-05-21 06:30:54",6042.85,56,yukkyo
400,16029987,"Chika Komari","2026-05-20 06:55:31",6042.85,2,gothamjocker
401,16030449,"NeuroGolf Insights","2026-06-02 06:29:40",6042.85,2,mirzayasirabdullah07
402,15624177,"Jing Hua","2026-05-20 09:52:31",6042.85,45,linyeping
403,15670897,Ttkuma,"2026-05-20 09:57:56",6042.85,2,ttkuma
404,15644338,H&S&T&Z,"2026-06-01 13:49:03",6042.85,1684,"hyh273279,sigmaborov,ttyn4519,zejunfool"
405,15630015,"Atah Alam","2026-05-20 12:53:25",6042.85,67,"atahalam,tahaalam2009"
406,15627537,"kwon yong deuk","2026-05-20 14:08:27",6042.85,6,kwonyongdeuk
407,15785705,victor,"2026-05-20 17:57:36",6042.85,16,vicmcorrea
408,15859944,"Karan Singh Bisht","2026-05-21 01:25:13",6042.85,128,karansinghbisht
409,16031012,DforData,"2026-05-21 08:07:30",6042.85,3,smitabalrajdhadhal
410,15633973,da_pond,"2026-05-21 06:46:48",6042.85,3,dapond
411,15698540,4atj,"2026-05-22 20:30:26",6042.85,19,bruhhhhd
412,15683944,"Seung Jae Lee","2026-05-21 16:39:11",6042.85,2,sjlee101
413,15992809,"Prinshu Dewangan","2026-05-23 10:47:14",6042.85,10,prinshudewangan
414,15625177,"ARC Nano-Engine","2026-05-21 23:38:50",6042.85,58,svanikkolli
415,15629691,ZimingLi137,"2026-05-22 02:59:52",6042.85,10,zimingli137
416,16046810,RameshG888,"2026-05-22 04:59:31",6042.85,1,ramesh888
417,16029854,"ʀɪꜱʜɪ ᴋᴜᴍᴀʀ ѕ","2026-05-22 12:07:21",6042.85,14,rishi0815
418,16044265,HARIDOSS24,"2026-05-22 07:49:24",6042.85,2,haridoss31
419,15626438,colt,"2026-05-22 08:23:47",6042.85,13,xiaomaguo
420,15625783,"Rushank Choksi","2026-05-22 16:56:55",6042.85,19,rushankchoksi
421,16049341,Nilanjan_Saha123,"2026-05-22 16:24:48",6042.85,1,nilanjansaha123
422,15632955,"БОЛЬШЕ МНЕ НАДО БОЛЬШЕ","2026-05-22 20:27:41",6042.85,17,"fleongg,johnjanson"
423,15646778,"Jean-Louis Roy","2026-05-23 10:56:18",6042.85,6,jeanjean111
424,15624951,"Birtley Doru (DB)","2026-05-23 06:49:57",6042.85,283,hastws
425,15631075,BNBU-TTZ,"2026-05-23 09:05:01",6042.85,47,"tangzhijun123,tonghaolin,zzzxinyuu"
426,15939134,AkiraIshikawa,"2026-05-23 09:03:27",6042.85,3,akiraishikawa
427,15660555,SpeedSci,"2026-05-23 13:24:40",6042.85,2,caoyupeng
428,15628324,LEEKANG,"2026-05-23 13:48:02",6042.85,11,poby7722
429,15645916,riicon,"2026-06-01 13:43:24",6042.85,16,risakashiwabara
430,16057624,zzz,"2026-05-23 15:57:10",6042.85,1,xuanmingzhang777
431,15631256,"jorge fabian avila","2026-05-24 15:35:17",6042.85,4,jorgefabianavila
432,15656614,"Akira Hirohashi","2026-05-24 02:39:17",6042.85,5,akirahirohashi
433,16059970,Dante,"2026-05-24 04:42:32",6042.85,1,tawaragiyuhei
434,15627279,nasubiman,"2026-05-25 15:03:17",6042.85,32,yousukenakamura
435,15744653,"Rabeya Noor","2026-05-24 15:54:48",6042.85,42,rabeya100x
436,15657343,"JASPREET SINGH","2026-05-24 16:35:00",6042.85,7,jaspreetsingh9652
437,15973057,"ahmed cherif","2026-05-31 11:59:03",6042.85,58,ahmedcherif19111998
438,16069029,"Anjan Mahapatra","2026-05-25 05:38:44",6042.85,1,anjanmahapatra007
439,15636998,"Tagir Analyzes","2026-05-25 12:57:00",6042.85,1,tagirkhairutdinov
440,15635133,TK256,"2026-05-26 01:21:37",6042.85,3,tk256ailab
441,16067802,huangshunhao,"2026-05-26 01:39:45",6042.85,2,huangshunhao
442,16076457,Athifatharmn,"2026-05-30 16:55:58",6042.85,2,athifatharmn
443,16080010,"Hairan Hua","2026-05-26 06:46:32",6042.85,1,fanyanb
444,15671575,"Phong Do","2026-05-26 09:03:59",6042.85,2,phongnguyenthuando
445,16132414,BladeRunner,"2026-06-01 02:33:27",6042.85,2,bladerunner2022
446,15994329,YmcjZkbr,"2026-06-02 02:22:23",6042.85,6,zelinzl
447,16137923,Secret333,"2026-06-01 06:30:12",6042.85,2,secret333
448,15651909,oQoXOdK6,"2026-05-22 15:07:09",6041.70,176,oqoxodk6
449,16040368,"Ryosuke SHIMIZU","2026-05-29 13:18:51",6040.88,150,tttgazerttt
450,15638223,daphne,"2026-05-31 16:32:16",6038.25,117,daphne4sg
451,16152076,"Haruto Kuroda","2026-06-02 06:32:43",6037.26,1,harutokuroda
452,15624979,"Bryan Pauze","2026-06-01 23:06:04",6036.86,202,bryanpauze
453,15910493,"Shan Yiming","2026-05-20 03:40:52",6034.50,23,shanyiming
454,15627601,Suuuiiii4,"2026-05-21 09:32:27",6033.43,79,bharath111l
455,16084712,takataka012,"2026-05-28 00:35:31",6032.96,5,takataka012
456,15939698,"Yield Smarter","2026-05-22 07:42:02",6030.63,29,yieldsmarter
457,15623939,JeremyH43,"2026-05-23 19:47:14",6030.11,5,jeremyh43
458,16079169,"younghyuk kim","2026-05-26 07:13:57",6029.22,7,younghyukkim
459,16007104,Victor-818,"2026-05-18 13:47:35",6029.09,1,beedroid818
460,15729148,天上白玉京澳门新葡京,"2026-05-18 15:55:53",6029.09,41,gengsr
461,16010472,huan_ster07,"2026-05-18 15:50:07",6029.09,4,huanster07
462,15629032,RestlessEagle,"2026-05-19 15:18:18",6029.09,51,restlesseagle
463,15624513,"Sebastian Mateus","2026-05-19 21:11:57",6029.09,8,sebastianmateus
464,15746876,leafwin18,"2026-05-20 02:43:43",6029.09,6,leafwin18
465,15628897,"Giovanny Rodríguez","2026-05-23 15:47:28",6029.09,9,giovannyrodrguez
466,15624557,john,"2026-05-21 13:00:16",6029.09,12,jaejohn
467,16063272,Misubish1,"2026-05-31 16:45:32",6029.09,314,misubish1
468,16076273,LYC0291,"2026-05-26 04:45:18",6029.09,10,lyc0291
469,16086001,gougou1,"2026-06-01 19:34:16",6029.09,13,gougou1
470,16107423,harmo-miu,"2026-05-29 11:15:56",6029.09,12,harmomiu
471,15651797,"Roman Svet","2026-05-20 11:05:12",6027.74,76,romansvet
472,16106891,Naaaaa_than,"2026-05-29 12:59:55",6023.62,2,naaaaathan
473,15671558,"Goran Jarić","2026-05-23 09:55:05",6021.39,16,goranjari
474,15996677,Groz,"2026-05-20 08:11:13",6020.22,201,mohammadskh
475,15729528,D_EXIST,"2026-05-31 08:42:53",5987.70,157,dexist
476,15943276,"Runlin zhang","2026-05-22 09:43:20",5913.06,243,runlinzhang
477,16110601,bubu,"2026-06-01 16:32:53",5904.30,13,mingqiudai
478,15638571,chimaki,"2026-05-10 12:37:27",5892.75,486,chimaki821
479,15648542,chicm,"2026-05-03 08:15:28",5873.85,272,idv2005
480,15631226,tadhase,"2026-05-27 10:53:43",5864.96,28,tadhase
481,15627156,"Jobin Annie Selena S","2026-06-01 15:38:04",5839.81,98,jobinannieselenas
482,15935034,"Khánh Dw","2026-05-14 13:41:47",5839.61,165,noskaiser
483,15627451,DopaWei,"2026-05-17 09:58:39",5835.28,269,dopawei
484,16038226,준환,"2026-05-22 03:26:40",5821.32,18,paulguilbert
485,15923400,"The Odyssey","2026-05-14 17:59:25",5819.38,219,palash97
486,15624961,"Matt Goldfield","2026-05-20 07:40:48",5814.90,1088,mgoldfield
487,15937150,"Nithin Nivhar","2026-05-24 15:06:05",5802.77,20,nithinnivhar
488,15653331,"Steve Le (Solokop)","2026-05-19 11:23:45",5800.61,42,solokop
489,15960202,"BNBU Lanting Wu","2026-05-18 02:12:49",5800.55,3,lantingwu
490,15655076,akihiro,"2026-06-02 04:27:13",5800.55,798,akihirokkkkk
491,15734907,Fran2026,"2026-05-23 23:24:54",5800.55,337,fran2026
492,15629083,"Ali Afzal","2026-05-18 12:51:19",5800.55,17,aliafzal9323
493,15999152,"Fan Wu","2026-05-18 16:53:16",5800.55,9,fanwu25
494,15926327,A,"2026-05-18 07:06:24",5800.55,5,aoyamasssss
495,15767431,SQLRockstar,"2026-05-18 12:46:00",5800.55,35,sqlrockstar
496,15630865,waticson,"2026-05-18 14:53:04",5800.55,15,yutodennou
497,15626129,LvBingrong,"2026-05-18 16:44:07",5800.55,30,"lvbingrong,oralia"
498,15874093,BhargavaAbhi,"2026-05-18 18:39:24",5800.55,1,bhargavaabhi
499,15874625,"mozi jooe","2026-05-29 14:36:33",5800.55,55,mozijooe
500,16085213,yueshuning,"2026-05-27 13:23:02",5800.55,1,yueshuning
501,15627805,Haechang,"2026-05-25 15:48:02",5796.15,815,haechang
502,15652626,Vandit,"2026-05-27 09:42:11",5785.46,531,vandittyagi0909
503,15649563,techjays_dev,"2026-05-18 05:24:59",5783.34,365,"sankaranrajendran,subaashreemoorthy"
504,15994795,"Kata Mamah Harus WisudaAgustus","2026-05-18 08:16:16",5774.11,86,mfauzanazhim
505,15724146,"Erfan Eshratifar","2026-05-14 03:26:38",5771.12,691,erfaneshrati
506,16144616,Catcatcher,"2026-06-01 14:47:37",5767.55,4,ferencjuhsz
507,15918664,Reexel,"2026-05-15 16:55:53",5766.07,215,ky7240
508,15978993,"Info Echoes","2026-05-17 00:40:03",5765.37,26,infoechoes
509,15968766,"Jiayou(Rick) Liang","2026-06-01 09:49:16",5760.40,8,jiayourickliang
510,15671691,"Ivan Gevorkov","2026-06-01 17:25:44",5760.34,788,ivangevorkov
511,16058311,ANAS,"2026-05-23 18:48:44",5759.79,3,"haozheliu1,owenye777"
512,15885596,"Kaiser #2","2026-05-15 13:30:52",5759.46,156,snnguynvnk19hl
513,15645824,bianfu,"2026-05-15 19:19:05",5756.95,308,bianfu
514,15902069,"Saketh Rambhatla","2026-05-11 21:50:38",5747.02,4,sakethrambhatla
515,15872353,kokinnwakashuu,"2026-05-16 18:23:10",5745.57,14,kokinnwakashuu
516,15629867,"Subham Paul Choudhury","2026-05-17 08:31:35",5744.56,58,subhampaulchoudhury
517,15625965,"Anish Kolekar","2026-05-16 00:14:59",5744.55,45,anishkolekar
518,15994287,"Abhishek Rana","2026-05-17 23:23:48",5744.10,31,abhishekrana254
519,15938880,Infty_gao,"2026-05-13 10:07:15",5744.03,5,inftygao
520,15969853,greatestFrog,"2026-05-16 13:46:20",5743.74,19,greatestfrog
521,15853648,"Ugur Tasdan","2026-05-19 18:15:20",5743.43,31,fairlanderflick
522,15754328,hotaq,"2026-05-18 13:12:13",5743.43,252,chinnaphatkhun
523,15962050,ush,"2026-05-14 11:07:03",5743.35,1,kusuha
524,15950951,Andrij,"2026-05-13 18:53:04",5743.35,2,aikhmelnytskyy
525,15940442,GMMMMM,"2026-05-14 05:30:27",5743.35,9,"kalypheus,shackles6966,wkcwkc"
526,15807942,"Joy Boy","2026-05-15 03:47:37",5743.35,38,arpitsingh2744
527,15817960,yellowleaf,"2026-05-14 10:27:31",5743.35,2,wcqyfly
528,15628592,"Abdul Raheem","2026-05-14 11:23:47",5743.35,10,abdulraheem09
529,15653037,"C R Suthikshn Kumar","2026-05-14 16:17:17",5743.35,6,crsuthikshnkumar
530,15974145,naveen11@12,"2026-05-15 09:16:07",5743.35,5,naveen1112
531,15639589,"Joya Rehmat","2026-05-17 07:49:43",5743.35,25,joyarehmat
532,15765289,NMDIS,"2026-05-15 17:56:15",5743.35,20,motusambex
533,15984627,"Shamil Yagiyayev","2026-05-15 13:14:21",5743.35,1,thegrey
534,15629142,"Mark Romanov","2026-05-15 13:49:36",5743.35,40,"akhrameevdenis,markromanov,vaintiger"
535,15640964,Kirderf,"2026-05-18 19:04:12",5743.35,19,kirderf
536,15697923,Hikari_30,"2026-05-18 00:44:49",5743.35,2,hikari30
537,15699320,CurveCowboy,"2026-05-17 02:15:39",5743.34,41,curvecowboy
538,15899153,"safwan butto","2026-05-14 16:49:38",5743.09,81,safwanbutto
539,15937768,"Kushal Khemani","2026-05-15 03:12:27",5741.51,56,kushalkhemani09
540,15979004,"Justin Tang","2026-05-15 05:53:38",5740.62,6,justin2009
541,15969136,tim.zph,"2026-05-14 15:17:22",5740.30,4,timzph
542,15628754,"Muhammad Ibrahim","2026-05-12 12:12:26",5740.30,3,muhammadibrahim3093
543,15927679,"frade jane","2026-05-12 13:35:25",5740.30,10,fradejane
544,15644180,"[RU] Nikita Kuznetsov","2026-05-12 14:11:00",5740.30,3,nikitakuznetsof
545,15660645,Omar1,"2026-05-16 19:59:07",5740.30,51,omarahmedalthbite
546,15626074,Ova,"2026-05-12 21:05:08",5740.30,1,overvalueawareness
547,15624549,zorojuro,"2026-05-12 21:27:58",5740.30,31,vyankteshdwivedi
548,15944187,"Takauchi Suguru","2026-05-13 04:12:10",5740.30,1,gurusut
549,15941907,"S J Moudry","2026-05-15 04:21:25",5740.30,8,sethmoudry
550,15626596,"Aikyatan Sinha","2026-06-02 00:01:05",5740.30,45,"aikyatansinha,yash2072005"
551,15723579,taopy2,"2026-05-15 14:40:47",5740.30,1,taopy2
552,15634694,"Niranjan Nakkala","2026-05-16 04:26:04",5740.30,1,niranjanmudhiraj
553,15776127,"Koki Nozawa","2026-05-17 05:24:20",5740.30,3,noza198
554,15627445,"Chirag Mc","2026-05-17 16:40:09",5740.30,1,"chiragmc,udaysonawane"
555,15625625,"Charismatic Pizza Party🍕","2026-05-21 01:10:49",5740.30,9,debugendless
556,16071339,"YAN JINWEI","2026-05-25 09:35:42",5740.30,1,yanjinwei
557,16052552,JackGong,"2026-05-26 21:15:44",5740.30,2,jackgong
558,15625571,baytree1238,"2026-06-02 07:53:34",5740.30,2,baytree1238
559,15693138,"Hoshino Takanashi","2026-05-15 15:39:54",5736.65,26,starsdaisuki
560,15703269,hyperparticle,"2026-05-23 14:54:21",5706.30,1,hyperparticle
561,15627055,"Seungmin Ha","2026-05-11 07:32:54",5701.23,46,seungmin2987
562,15720364,winstonton,"2026-05-11 16:07:00",5698.70,62,winstonton
563,15739090,kuroko1t,"2026-06-01 09:43:29",5694.54,73,kuroko1t
564,15887515,cmmc27,"2026-05-18 11:22:09",5692.95,103,cmmc27
565,15794110,Zulqarnain,"2026-06-02 07:48:28",5689.51,64,alizainhiader
566,15901936,"Master Teo","2026-05-11 04:40:29",5689.51,10,sirteo
567,15922252,Peter_P77,"2026-05-11 20:23:58",5689.51,21,peterp77
568,16007298,"aha_Yann Zhenxuan","2026-05-18 05:43:22",5689.51,1,yannzhenxuan
569,15625983,"Matt graham","2026-05-21 22:53:40",5689.51,10,mooseml
570,15868134,"Co-Authored-By Claude","2026-05-14 20:47:45",5685.11,161,wuwenmin
571,15766887,"Zheyi Qin","2026-05-14 14:17:35",5680.44,33,zheyiqin
572,15931244,Jaksen,"2026-05-18 18:55:30",5656.57,17,jaksencharles
573,15731837,"Yash Rathod","2026-05-27 05:24:28",5649.88,630,yash02102
574,15779328,"Fahd EL ANSARI","2026-05-28 21:10:34",5643.29,5,fahdelansari
575,15624768,"Extra Large Language Model","2026-05-07 05:09:01",5642.84,149,kameronkilchrist
576,15916005,MaxLikelihood,"2026-05-24 03:19:55",5642.30,29,shuzhangdata
577,15884955,YichuanAlex,"2026-05-11 01:46:25",5617.61,20,jzx15274356759
578,15896384,Krishna,"2026-05-10 21:11:40",5607.55,26,kaori02
579,15628236,yangyefd,"2026-05-19 02:40:59",5601.21,34,yangyefd
580,15737409,"Tuna Xiao","2026-05-16 12:10:55",5599.67,16,tunaxiao
581,15744885,"Nadeev Alam","2026-05-22 10:38:25",5593.20,807,nadeevalam
582,15911113,Yosshi999,"2026-05-11 14:46:14",5591.27,3,yosshi999
583,15905830,"Robin Stark","2026-05-09 11:50:15",5581.22,30,robinstark
584,15633675,"Mengfei Li","2026-05-10 15:01:27",5580.33,162,meli19
585,15637262,Trackko,"2026-05-08 07:38:42",5578.84,121,trackko
586,15908628,"Anidipta Pal","2026-05-09 10:09:00",5571.69,1,anidiptapal
587,15910696,"Abdelrahman Alkahwaji","2026-05-09 13:43:55",5571.69,1,alkahwaji
588,15852104,AsanoK,"2026-05-09 14:49:29",5571.69,89,asanok
589,15914323,"Shuheng(Andy) Cao","2026-05-10 00:45:30",5571.69,10,shuhengcao
590,15916339,"Bhargavaram Gajula","2026-05-10 07:17:14",5571.69,1,bhargavaramgajula007
591,15828024,"jiashuo Ma","2026-05-10 09:32:27",5571.69,6,ooo876
592,15906395,tkm2261,"2026-05-10 09:37:09",5571.69,5,tkm2261
593,15625473,datnt114,"2026-05-10 14:26:19",5571.69,2,kingkong153
594,15627368,"Meenal Sinha","2026-05-10 15:18:26",5571.69,2,meenalsinha
595,15631852,"Zaphyer Modal","2026-05-20 04:43:58",5571.69,16,qasminumber
596,15755507,destroy789,"2026-05-11 16:40:57",5571.69,1,destroy789
597,15625813,"k hori ","2026-05-22 20:00:09",5571.69,1625,khori7
598,16102407,Onlineeeee,"2026-05-28 16:53:11",5571.69,1,onlineeeee
599,15901389,Yihao,"2026-05-11 04:05:12",5554.69,2,yihao1
600,15825479,aurora142003,"2026-05-20 12:58:57",5545.80,364,"aurora142003,lonelyhty"
601,15731786,Akgul,"2026-05-08 10:53:59",5540.37,19,emreakgul
602,15927944,Sakura,"2026-05-12 08:39:20",5540.37,7,sakura134
603,15785503,Seyominaoto,"2026-05-05 13:36:12",5530.46,163,seyominaoto
604,15741937,RootAccess4Life,"2026-05-08 23:34:12",5523.36,179,rootaccess4life
605,15882374,hehoumeng,"2026-05-08 08:57:22",5488.14,6,hehoumeng
606,15741329,"wuji zhang","2026-05-07 15:51:35",5480.43,109,rickwujizhang
607,15875560,Takuma_Tsuji,"2026-05-08 02:17:34",5478.90,11,takumatsujigatai
608,15703115,moeuuu,"2026-06-01 15:18:28",5478.05,4,moeuuu
609,15643342,"Savan Javia","2026-05-30 15:05:46",5438.87,31,savanjaviya
610,15630882,ONODERA,"2026-05-05 04:56:51",5436.80,12,onodera
611,15852295,lyuzlion233,"2026-05-05 04:32:31",5431.23,9,lyuzlion233
612,15627884,techjays,"2026-05-06 17:21:32",5431.23,235,"kanish25,saravanarajanb,sarmi23"
613,15833172,"kitory Yeah やきとり","2026-05-05 06:17:43",5431.23,13,kitoryyeah
614,15729397,"Aleksandr Lutskiy","2026-05-05 08:33:17",5431.23,4,aleksandrlutskiy
615,15646504,techjays-spartans,"2026-05-07 07:00:58",5431.23,103,"blessygrace,ratheeshkarnan,sobanrengarajan,techjays1,viswanathanabsara"
616,15873418,yinxiaolin,"2026-05-06 10:45:27",5431.23,1,yinxiaolin
617,15824555,Viracocha,"2026-05-06 16:06:53",5431.23,52,ytachikawa
618,15864691,"Harsh Daga","2026-05-19 12:19:38",5431.23,32,harshdaga18
619,15894045,"José Manuel Echevarría Rubio","2026-05-08 10:55:53",5427.99,7,jechevarriar17
620,15817340,SockingPanda,"2026-05-08 09:02:05",5402.20,189,zebrag
621,15629856,Kanchana1990,"2026-05-26 15:09:54",5400.96,19,kanchana1990
622,15776059,"Danila Lapokin","2026-05-04 22:07:18",5386.15,318,danilalapokin
623,15778824,Skalli,"2026-05-05 12:31:57",5383.03,225,jmohr91
624,15624974,"Jiyang Qiu","2026-05-01 14:00:36",5369.23,636,jiyangqiu
625,15647683,Joelz,"2026-05-04 03:24:16",5307.10,1,joelone
626,15776813,"⸻AgentZZ ⸻","2026-05-04 13:21:29",5303.88,79,agentzz
627,15830538,takutokk,"2026-05-06 10:33:04",5292.42,4,takutokk
628,15631264,Yuyajk,"2026-05-01 17:51:20",5275.64,111,yuyajk
629,15624626,Blu3s,"2026-05-02 20:37:46",5266.87,117,atteincueo
630,15747184,WBF_USA_NYC,"2026-05-03 03:58:29",5266.87,59,wbfranci
631,15626868,"Cry about it","2026-05-07 02:54:31",5266.87,11,yfrite
632,15631047,"Gordeev Max","2026-05-03 07:36:42",5266.87,1,gordeevmax
633,15816529,Matianyuu,"2026-05-02 16:09:54",5263.65,3,matianyuu
634,15624542,harrywhalen,"2026-05-03 00:44:09",5263.65,7,harrywhalen
635,15625864,"Mudit Chaturvedi","2026-05-05 17:08:54",5263.65,24,muchat007
636,15635306,"PEDRO MARCOS LOCATELLI","2026-05-10 00:25:16",5263.65,30,pedromarcoslocatelli
637,15813893,"SK Arin","2026-05-20 16:20:34",5258.77,9,skarin
638,15635061,"Wei Dai","2026-05-02 10:14:15",5252.36,23,weidai666
639,15741150,yktori,"2026-05-01 23:38:11",5239.83,124,yktori
640,15627350,"aditya yadav","2026-05-02 17:26:29",5232.64,25,offadity
641,15649381,Ispagiytiy,"2026-05-02 01:10:02",5217.43,206,ispagiytiy
642,15821296,the_swordsman,"2026-05-03 14:10:49",5212.31,6,nkonomichael
643,15629006,kvn,"2026-05-10 14:46:44",5210.62,45,khivnguyn
644,15794833,DugnKon,"2026-05-07 18:20:17",5179.88,13,damdung2005
645,15842439,Shin7jp,"2026-05-04 01:26:03",5176.68,1,shin7jp
646,15843922,"Ashish Gupta","2026-05-04 04:27:54",5176.68,1,roydatascience
647,15646521,kishizaki-sci,"2026-05-02 01:55:07",5162.18,39,superstringdev
648,15649116,"Prashant Kikani","2026-05-06 10:42:36",5161.10,3,prashantkikani
649,15838163,Troyxxf,"2026-05-05 07:46:31",5157.94,29,troyxxf
650,15646936,"MASAAKI HAYASHI","2026-05-05 15:41:47",5151.61,5,masaakihayashi
651,15834435,Jules,"2026-05-03 05:06:19",5150.50,1,julesvanligtenberg
652,15836940,"Md Mahfuz Sumon","2026-05-03 11:53:56",5150.50,1,mdmahfuzsumon
653,15803778,oliver,"2026-05-05 15:11:47",5117.80,14,oliverlang
654,15777610,"Beyond Logic","2026-05-26 12:48:30",5112.36,34,beyondlogic
655,15644758,vansh.2966,"2026-04-30 04:27:25",5111.10,21,vansh2966
656,15778556,"Mr RRR","2026-05-02 15:18:47",5110.72,11,larrylin666
657,15790907,icecream877,"2026-05-08 05:42:52",5110.72,4,icecream877
658,15635576,AbhilashVJ,"2026-05-07 18:33:06",5110.72,17,abh001
659,15626093,"shivansh patel4354","2026-05-09 05:11:19",5088.79,17,shivanshpatel4354
660,15704162,"Middle School","2026-05-02 15:44:45",5088.04,50,ishanbojja
661,15820644,"Miranda Robertson","2026-05-02 03:20:30",5081.15,2,mirandarobertson
662,15624582,klog,"2026-05-04 08:24:16",5078.77,6,mhrzmmhrzm
663,15630960,yanjixiang,"2026-05-02 08:51:22",5076.73,2,yanjixiang
664,15800708,"Haowen Hua","2026-05-03 00:08:49",5063.28,11,huahaowen
665,15627484,"JISHNU CHAUHAN","2026-05-01 11:53:25",5054.39,4,jishnuchauhan1
666,15827586,EitaF,"2026-05-30 10:47:55",5044.41,36,eitafukumoto
667,15627327,ShadowCoder,"2026-05-01 06:10:17",5037.88,4,fondrose
668,15631321,NAAaaaaN,"2026-05-10 13:54:12",5027.53,6,naaaaaan
669,15812092,wenqishuaige,"2026-05-01 13:29:05",5013.39,2,wenqishuaige
670,15795902,Murali,"2026-04-30 16:56:29",4989.89,5,muralitpcp
671,15641137,dia,"2026-05-08 11:58:38",4989.87,102,adkasd
672,16005475,"Vinicius Serra Vianna","2026-06-01 20:44:13",4986.21,73,"thiagoserravianna,viniciusserravianna"
673,15625604,lytCNAORevision2018,"2026-04-30 15:15:39",4981.80,6,lytcnaorevision2018
674,15627070,SangGold,"2026-05-26 16:12:28",4977.28,80,sanggold
675,15647380,"Arin Balyan","2026-05-04 12:37:30",4964.69,8,arinbalyan
676,15722536,Fatlimes,"2026-05-09 02:45:04",4960.62,16,scottgwillis
677,15651071,tbt,"2026-04-30 03:31:53",4960.29,9,hikarutabata
678,15625614,"Sai Vegasena","2026-04-24 09:25:29",4948.15,45,zyanide
679,15630149,hyoko19,"2026-04-30 03:20:14",4943.44,123,hyoko19
680,15780558,dyuan311,"2026-04-29 14:43:59",4938.84,4,dyuan311
681,15750690,AJ,"2026-05-11 10:46:00",4931.30,20,"andersonawolossou,niyogisubizohjovan"
682,15878500,"Tanishq Parihar","2026-05-07 10:36:41",4899.82,9,tanishq51
683,15631180,yasukawatoyoki,"2026-04-30 17:52:58",4899.29,146,yasukawatoyoki
684,15718964,epigene,"2026-04-26 18:30:02",4884.39,5,nadhu59648
685,15736499,"Mariusz Lubkowski","2026-04-26 08:30:03",4869.03,13,mariuszlubkowski
686,15756590,"Ajay Caxzen","2026-05-02 02:09:43",4866.75,7,caxzen
687,15631991,Lonnie,"2026-04-29 17:08:25",4866.75,3,lonnieqin
688,15746979,koheitada,"2026-05-12 08:18:03",4866.75,4,koheitada
689,15625301,rkd,"2026-05-16 21:27:18",4847.37,22,ryookd
690,15732583,"Diveyam Mishra","2026-04-25 20:06:28",4828.55,8,diveyammishra
691,15646558,"Vishwas Mishra","2026-04-26 21:52:24",4828.24,46,vishwasmishra1234
692,15766116,"Vivek Gaur","2026-05-11 17:55:32",4820.05,12,vivekgaur9972
693,15748580,"Kuang Zhengyi","2026-05-05 08:35:41",4814.66,5,kuangzhengyi
694,15633190,srigan_02,"2026-05-26 10:12:04",4810.19,25,srigan02
695,15661414,"Adam Vajda","2026-04-30 20:14:33",4777.79,26,vajdad4m
696,15625329,"Mansour A. S. Ataa","2026-05-28 21:31:15",4753.63,82,profmansoor
697,15709198,zeyan0823,"2026-04-25 14:27:36",4730.70,2,zeyan0823
698,15634394,"Hakkı Besim Bardakçı","2026-04-19 03:24:53",4706.69,29,xdebron
699,15631793,Ayoub,"2026-04-23 23:00:50",4698.97,17,algomaly
700,15722947,"Carlo Metta","2026-04-26 23:27:08",4673.38,13,came86
701,15663489,"Chen Ken","2026-06-01 11:12:54",4671.27,134,nutastray
702,15631281,kq5y,"2026-04-24 05:19:54",4599.98,90,kq5yyy
703,15630215,"Liviu Alexandru Bobocu","2026-05-08 16:19:16",4586.44,87,liviualexandrubobocu
704,15625375,"Sergey Kuznetsov","2026-05-05 23:40:59",4547.88,30,computermage
705,15794394,ShumingFang,"2026-05-09 08:42:20",4538.63,1,shummingfang
706,15639532,"Abdul wahab Khan","2026-05-11 08:34:15",4538.63,2,abdulwahab2321
707,15940905,weiyang,"2026-05-12 17:13:22",4538.63,1,weiyangeliu
708,15854618,c_fxy,"2026-05-05 00:25:33",4525.79,1,cfxyai
709,15783890,"Atharva Shelke","2026-05-24 16:33:05",4466.82,3,atharvashelke
710,15624774,alfa,"2026-04-24 15:13:20",4451.21,6,alfaxadeyembe
711,15640296,"Barry Jin","2026-05-03 00:09:09",4450.98,47,barryjin95
712,15630349,spy5er,"2026-05-24 09:33:29",4428.87,22,akm009
713,15995759,JuneShi,"2026-05-20 07:49:40",4413.97,228,juneshi
714,15628789,kirill57678,"2026-04-28 08:25:29",4387.96,283,kirill57678
715,15634989,minghuiw,"2026-05-22 08:52:24",4355.13,138,minghuiw
716,15628750,"Wang Yihao","2026-04-22 09:49:12",4334.17,31,wangyihaoseu
717,15626947,Nomad,"2026-05-06 13:48:27",4330.61,177,nomadninja
718,15624134,"Par for the Neural","2026-04-21 22:23:52",4314.64,23,chadbrooks51
719,15656930,"[Deleted] e91d9c12-11a1-4bb6-b551-9fb28e83e4c7","2026-04-23 11:00:43",4310.66,6,del=2a70527cd4fa97ef
720,15720046,aocwjbd,"2026-04-23 14:56:41",4310.66,3,aocwjbd
721,15624500,"Sathya Narayanan 8","2026-04-23 10:07:38",4275.99,2,sathyanarayanan8
722,15625818,Quadruped,"2026-06-01 19:30:04",4270.70,463,jaclyndeem
723,15651887,"Ajay Asaithambi","2026-04-23 16:48:50",4262.44,20,ajayasaithambi
724,15624248,"SHUBHOJIT NASKAR","2026-04-30 19:33:18",4259.78,9,shubhojitnaskar
725,16086733,"Jamie Nojek","2026-06-02 05:52:50",4256.11,89,jamienojek
726,15636706,"wtf 9k","2026-04-26 14:24:48",4254.73,18,"kagglercs,m1ck0n,zabojeb"
727,15631315,Yuchen20,"2026-04-22 17:51:37",4249.51,1,yuchen2066
728,15627118,"神経孔球 by Codex","2026-04-27 08:27:07",4191.21,31,kosirowada
729,15706106,"Abhi Nannapaneni","2026-04-23 07:14:17",4190.59,1,abhinannapaneni
730,15659648,Nipah1,"2026-04-20 19:51:23",4093.79,1,nipah1
731,15737880,intelligentsia,"2026-04-28 07:57:40",4091.04,10,"dimdamdei,marcushenriksboe"
732,15625406,究極完全体ﾀｲｽｹﾝｻﾝﾊﾞ,"2026-04-25 09:41:52",4086.06,27,"kuhaku2000,littlegirl112"
733,15647913,Arcimt,"2026-04-26 17:48:59",4061.96,18,"aymanejebari,louisrashi"
734,15739680,"Ahmed Gehad","2026-04-26 12:17:19",4052.49,24,ahmedgehad
735,15634439,"Mirza Milan Farabi","2026-04-30 23:12:50",4049.44,12,mirzamilanfarabi
736,15671235,"Ryan Adams","2026-04-25 18:55:37",4049.44,2,ryanadamsai
737,15629294,"Paolo Antonuccio","2026-05-27 11:16:57",4049.44,45,paoloantonuccio
738,15625156,Bsurmillon,"2026-04-26 01:08:06",4049.44,13,bsurmillon
739,15634390,没落者,"2026-04-26 04:10:51",4036.67,12,needless090
740,15631840,DMR-250287,"2026-05-17 14:24:53",4035.16,9,rakbidb
741,15671372,"Gerard Devlin","2026-04-25 15:29:35",4035.16,1,gerarddevlin
742,15637502,"Muhammed Salman Ahmed","2026-04-29 14:20:39",4035.16,10,muhammedsalmanahmed
743,15812770,"Simon Makumi","2026-05-01 21:27:12",3974.57,3,mufasasimon
744,15624915,XSynapse,"2026-04-27 10:39:44",3945.86,58,"masudrabbani,mazhar004"
745,15659267,"Арэс Ткаченко","2026-04-20 13:13:29",3923.89,4,anizuro
746,15625351,"Toan Doan","2026-04-26 09:47:07",3918.07,3,tononnh
747,15745141,"Radosław Czajkowski","2026-06-01 21:17:49",3867.01,248,radoslaw
748,15624956,"Cam Berger","2026-04-22 02:58:51",3862.76,18,camberger
749,15815728,"ADITYA RAVI","2026-06-01 20:39:11",3846.37,46,adityaravi2
750,15624745,"walusimbi Isiah","2026-04-30 09:51:06",3832.83,51,walusimbiisiah
751,15638741,joaopedrotocantins,"2026-04-22 19:13:47",3799.35,21,joaopedrotocantins
752,15652941,"Lev Bushuev","2026-04-20 18:58:35",3788.22,8,levbushuev
753,15655771,"Joyce Xie0615","2026-05-10 23:07:51",3779.25,6,joycexie0615
754,15657550,ms,"2026-04-28 08:35:07",3758.70,128,michaelsnell
755,15627456,starclan,"2026-06-02 01:12:56",3752.59,280,starclan
756,15637680,"Ali Midhat","2026-04-20 08:57:31",3721.10,11,alimidhat
757,15877498,"adithya giri","2026-06-02 06:28:15",3684.74,209,adithyagiri
758,15626138,"Shivam Singh","2026-04-21 03:19:34",3662.00,1,shivamsingh17072001
759,15628640,Cyrus,"2026-05-08 21:20:38",3622.27,1,jamalsaeedi
760,15642727,"Cuger zhangj","2026-04-21 07:47:32",3609.49,11,cugerzhangj
761,15750775,"Lior Toledano","2026-04-27 16:10:18",3601.36,5,liortoledano
762,15627144,Shun_PI,"2026-04-17 14:48:21",3563.56,11,shunrcn
763,16138278,"Jingyuan Huang","2026-06-02 07:34:42",3542.25,8,henrytb
764,15630221,"Sudhir Sude","2026-05-30 11:06:28",3494.17,2,sudhirsude
765,15653131,Keredu,"2026-04-20 08:36:06",3454.01,13,keredu
766,15625104,Kh0a,"2026-04-20 08:53:30",3445.10,3,llkh0a
767,15631683,"Trishanth Mellimi","2026-04-20 07:45:29",3445.10,17,trishanthmellimi
768,15628092,liujiujiu,"2026-05-06 12:20:05",3416.67,24,liujiujiu
769,15663035,AIartAI,"2026-04-26 12:04:34",3401.68,20,declanide
770,15638060,"Kian Jindal","2026-05-11 14:52:52",3393.00,27,kianjindal
771,15638106,"Dmitriy Shalashov","2026-04-20 14:32:59",3358.71,12,dimokshalashov
772,15631034,Mattpelor,"2026-04-21 07:56:53",3358.40,8,mattpelor
773,15658199,"AHSAN IQBAL","2026-04-20 10:11:09",3358.40,1,bc220211641ahsan
774,15657457,"mayuresh vinod  wadile","2026-04-20 13:36:16",3358.40,4,mayureshvinodwadile
775,15645675,"Hit Imai","2026-04-20 11:23:47",3358.40,2,hitimai
776,15645367,Star_xinglan,"2026-04-27 06:38:56",3358.40,3,starxinglan
777,15630500,FlareM15,"2026-04-25 01:21:22",3356.31,29,flarem15
778,15624874,"Ксения Цыплякова","2026-05-26 17:55:20",3354.09,171,"kova1i,silvvasil"
779,15624371,DECEM,"2026-04-20 10:45:48",3350.00,10,zy1343930734
780,15758326,"Analytical Absurdist","2026-04-29 23:41:23",3299.71,15,analyticalabsurdist
781,15627679,"Karnakbayev Artur","2026-05-01 15:38:28",3293.97,16,karnakbaevarthur
782,15661101,Courteli,"2026-04-20 18:28:45",3292.77,3,courteli
783,16048341,"Julian Alex","2026-05-22 13:14:26",3282.04,4,firedfroggg
784,15646494,"Silicon Strikas","2026-05-16 11:37:17",3263.86,26,"aihack1234,msnivedithareddy,vijaym2k6"
785,16089109,tiny_liang,"2026-05-27 06:37:15",3254.36,1,tinyliang
786,15656384,Wissem,"2026-04-21 04:51:59",3225.19,16,wissem01
787,15660537,"sebil is back?","2026-05-10 17:17:43",3177.03,122,"melihcosgun,mshcs1,omerkaangrbz"
788,15625107,balake235,"2026-04-23 21:49:35",3158.26,2,balake235
789,15641062,"Benedek Dóra","2026-04-25 19:59:29",3041.86,46,benedekdra
790,15836066,"Jared Kusnev","2026-05-05 22:09:14",2995.94,115,jaredkusnev
791,15628523,through,"2026-04-21 04:56:34",2912.09,8,through
792,15645002,"satish hanchinal","2026-05-03 16:26:19",2889.10,21,satishhanchinal
793,15659077,Game8024,"2026-04-20 13:34:37",2856.62,3,siddharthshankara
794,15658384,quezalt,"2026-04-20 10:44:41",2778.54,7,quezaltendes
795,15626380,"Muhammad Firdaus","2026-05-18 02:20:34",2776.87,7,ldausl
796,15647542,"KRISH RAGHUWANSHI","2026-04-19 11:09:02",2764.89,1,"harshtripathi007,krishraghuwanshi"
797,15627729,vick,"2026-04-21 07:21:34",2764.89,17,acacac98966
798,15625502,"Tariku Mehdi","2026-04-20 15:34:30",2764.89,45,tarikumehdi
799,15654101,"[Deleted] 3077816c-0a5b-4b68-854c-944ffe73cbbd","2026-04-19 21:18:43",2764.89,1,josefedwards
800,15627115,SkySell,"2026-04-19 23:31:19",2764.89,8,shin1shiba
801,15659738,"Marek Nurzynski","2026-04-20 14:52:01",2764.89,1,marek3000
802,15659335,Parsa,"2026-04-20 13:28:35",2754.01,1,parsahriri
803,15626984,"Hitarth Pandey","2026-04-20 14:11:38",2754.01,2,hitarthpandey
804,15703141,NineThree,"2026-04-23 17:01:36",2742.07,12,xiaoazuzong
805,15641895,"Scenery SunFireInk","2026-05-22 18:39:15",2735.81,2,scenerysunfireink
806,15627285,"Kamal Das","2026-05-09 18:22:19",2719.45,2,kmldas
807,15631138,"Aakash Kuragayala","2026-04-21 04:40:38",2699.14,9,aakashkuragayala
808,15752080,"Yudai Yamauchi","2026-04-28 01:56:42",2680.85,3,yudaiyamauchi
809,15628588,"Ethan Haas","2026-04-21 20:36:49",2666.49,16,ethanzhaas
810,15803895,EmergentPhysicsLab,"2026-05-19 18:48:44",2644.50,229,emergentphysicslab
811,15745229,"Antoni Sanchez","2026-05-01 11:19:23",2638.07,5,ansanter
812,15624700,"Punya Modi","2026-05-11 21:26:43",2605.53,13,punyamodi
813,15646188,"Pedro Marques","2026-04-19 09:58:01",2572.95,11,pedromarques02
814,15632266,DDD,"2026-04-29 15:26:16",2561.52,43,dingzhiyi
815,16044635,"Kirubel Moges","2026-05-26 13:12:46",2522.06,5,kirubel020
816,15630936,"Im not on the Epstien list","2026-04-19 22:45:07",2518.63,16,seanhidden
817,15633046,Orynx,"2026-04-30 12:28:44",2509.82,36,jayveersingh6
818,15627017,"Rui Kamiyama","2026-04-20 04:31:40",2451.92,17,ruikamiyama
819,15866583,"Manav Modi","2026-05-10 15:51:02",2390.35,87,manavmodi4
820,15946590,"peixuan guo","2026-05-19 17:31:27",2382.98,62,peixuanguo
821,15624593,"Napoleón Pérez","2026-04-18 22:02:00",2371.87,1,"mariorodriguezrt,napoleonperez"
822,15640986,"Ashish Patnaik","2026-04-18 20:22:02",2348.09,3,ashishpatnaik2806
823,15644336,"Dharun Prasanth S","2026-05-09 22:19:46",2336.37,5,"diversedharun,harishinkaggle"
824,15732130,Virgile86,"2026-04-29 13:37:25",2272.95,21,virgile86
825,15634717,ianchute,"2026-04-18 21:59:08",2194.29,1,ianchute
826,15640477,xsong2020,"2026-05-13 21:05:58",2194.29,4,xstargate
827,15644824,"Sijin Yu","2026-04-19 09:33:42",2194.29,8,sijinyu
828,15999225,Yusanne,"2026-06-01 02:44:31",2185.51,8,yusanne
829,15650909,parijit,"2026-05-06 16:13:51",2175.93,20,parijit
830,16056184,Saivardhan98,"2026-06-01 19:25:20",2154.00,135,saivardhan98
831,15756081,nh,"2026-05-15 00:46:35",2037.74,44,nnhzzz
832,15929015,"JINGBO SHI","2026-05-29 02:45:14",1893.87,4,sherlockucb
833,15640807,"Izhar Ali","2026-04-19 03:13:26",1892.50,6,aliizhar
834,15633409,"Zhuoyu Chen","2026-04-18 16:42:11",1878.38,8,zhuoyuc
835,15731375,"DiJia Zhan","2026-05-07 02:54:53",1869.33,54,dijiazhan
836,15746530,XuanxuChem,"2026-04-27 10:48:38",1845.00,1,zhaonoah
837,15928354,"Yaroslav kholmirzayev","2026-06-01 16:37:45",1792.28,24,yaroslavkholmirzayev
838,15758750,JJ,"2026-05-18 20:16:20",1768.16,15,jianjinchen
839,15645269,"Daris Dzakwan Hoesien","2026-04-18 12:12:42",1764.90,1,darisdzakwanhoesien2
840,15638469,Kendamarron,"2026-04-18 02:09:24",1757.20,1,kazuhirokuriyama
841,15633901,KIrill_pale228777,"2026-04-18 19:23:57",1657.65,16,kirillpale228777
842,15627860,ClawBrain.dev,"2026-04-19 17:57:51",1642.87,25,michaelfeng
843,15633128,"габитов айрат айдарович","2026-04-19 07:19:18",1641.62,16,airat102102
844,16137984,"junfan shen","2026-06-02 06:15:33",1638.18,11,junfanshen
845,15629005,Mukundan,"2026-05-23 12:22:00",1628.44,34,mukundan314
846,15930739,spbforce,"2026-05-30 17:29:13",1608.73,76,spbforce
847,15627463,"shahnawaz mohammed","2026-05-24 08:47:23",1605.10,90,shahnawazmohammed
848,16103162,good_Liki,"2026-05-30 16:06:12",1597.76,4,goodliki
849,15630787,"Muhammad Ahmad khalid","2026-04-18 12:51:48",1594.29,6,muhammadahmadkhalid
850,15628605,XIAODOUZI,"2026-04-17 16:35:37",1567.34,8,xiaodouzi666
851,15641196,"youssef abukhalifa","2026-04-17 21:21:40",1567.30,1,youssefmo942009
852,15625374,"Aniket Ghosh","2026-04-18 03:44:01",1567.30,3,agh0sh
853,15637608,四月一日,"2026-04-17 11:36:06",1554.20,1,watanukiforkaggle
854,15629261,"Biruk Kemaw","2026-04-19 11:10:34",1554.20,22,birukkemaw
855,15637480,"Danielle Lesin","2026-04-17 12:03:12",1554.20,3,ladyfaye
856,15626534,"Someswararao Tellakula","2026-04-17 14:18:05",1554.20,4,someshtellakula
857,15632410,"Neelapu Poojitha","2026-04-17 15:12:06",1554.20,1,neelapupoojitha
858,15705683,Fahmi,"2026-04-28 11:50:04",1544.21,8,fahmitech
859,15735928,"Vamshi Krishna Emmadi","2026-05-30 12:39:05",1524.81,17,vamshikrishnaemmadi
860,15732784,"Eliseu D.","2026-05-01 01:44:58",1490.47,26,eliseud
861,15856552,"Yuhei Tsunoda","2026-05-06 01:35:05",1487.77,32,tsunoten
862,15624372,"Alfonso Harding Jr","2026-04-19 13:01:24",1435.85,8,alfonsohardingjr
863,16088739,"Harish Dhanarajan","2026-06-01 19:18:12",1430.34,8,harishdhanarajan
864,16085709,"Paris Baguette","2026-05-27 12:53:23",1382.67,2,rickobliviate
865,16096969,"Zikuan Qi","2026-06-01 12:59:10",1368.83,41,zikuanqi
866,15637977,Huobjj,"2026-05-15 11:52:36",1328.44,10,huobjj
867,15652617,minhcool,"2026-05-04 23:33:22",1301.37,11,minhcool
868,15671150,"Oskar Seweryn","2026-04-28 17:02:17",1288.87,3,oskarseweryn
869,15625117,"Hiểu Vy","2026-04-17 08:23:53",1279.78,4,thangnm1
870,15630451,"Ahmed Abdelhamed","2026-04-17 04:27:06",1278.28,8,ahmedeldaw
871,15625159,"Boiling Frog","2026-04-17 05:33:39",1273.29,25,boilingfrog
872,15628852,chiru_stark17,"2026-05-29 15:09:13",1230.56,23,chirustark17
873,15773062,"Dragon Trainer","2026-05-24 15:41:17",1212.61,255,dragontrainer
874,16141803,"MD. Sohanur Islam Shuvo","2026-06-02 08:12:32",1202.57,13,mdsohanurislamshuvo
875,16080712,"Wajid Ahmed","2026-05-30 11:06:12",1200.81,27,wajidraza
876,15624451,xaxipiruli,"2026-04-23 09:54:27",1167.37,17,xaxipirulazo
877,16124752,TN0123,"2026-06-01 18:28:51",1166.67,3,tn0123
878,15759446,gato_cassandra,"2026-05-01 11:49:34",1162.44,5,wandererxun
879,15628293,anokas,"2026-04-16 22:55:02",1162.15,3,anokas
880,16094628,"Benedek Brandschott","2026-06-01 16:33:14",1158.18,6,benedekbrandschott
881,16020359,Team_Haumea,"2026-05-30 15:34:12",1145.22,20,"chaitanyagullapalli,marutiharsha"
882,15734596,"Tianchen Guan","2026-04-25 04:31:16",1144.11,15,tianchenguan
883,15625564,IIHASTMILA,"2026-04-30 17:50:21",1141.02,2,hyndavimovva
884,15825156,Henrik,"2026-05-02 08:03:10",1128.42,3,henrik404
885,15828741,s23,"2026-05-05 18:55:42",1128.42,3,jonesdl6
886,15978447,Umershehzad63,"2026-05-15 01:49:39",1128.42,1,umershehzad63
887,15628213,"Mehdi Boumiza","2026-05-16 02:35:26",1128.42,1,mehdiboumiza
888,15973398,"Xiangtan University","2026-05-19 11:13:00",1128.42,11,"jinguai,lvchujie1"
889,15795051,Aristotle.Chen,"2026-05-01 03:24:00",1127.63,2,aristotlechen
890,15636377,uknowae,"2026-05-02 06:45:16",1124.52,9,uknowae
891,15647119,"Sinan Calisir","2026-05-31 01:44:43",1116.89,14,snnclsr
892,16084498,"Muhammad Nadhif Nashrullah","2026-06-02 02:59:02",1106.88,25,muhammadnadhifn
893,15627043,"Le Trong Hieu","2026-04-17 14:14:18",1093.58,17,backtracking
894,16044516,"AhmedberaT Ozer","2026-05-25 11:22:29",1088.74,2,ahmedberatozer
895,15798070,"Ischell Catherine Gill","2026-05-27 13:34:24",1080.96,33,ischellcatherinegill
896,15635659,LevKayumov,"2026-04-17 05:54:38",1068.58,1,levkayumov
897,15635621,SHREYAS578,"2026-04-17 07:24:33",1068.58,5,shreyas578
898,15637265,"la pasión","2026-04-17 10:13:51",1061.58,1,dokster
899,15964532,KeXu_11,"2026-05-16 04:26:20",1048.47,6,kexu11
900,15626207,"Andrew Bond","2026-04-18 07:27:32",1003.97,9,ahbond
901,15634611,mrgarbonzo,"2026-04-19 02:20:39",985.65,5,mrgarbonzo1
902,15638226,T.Kawahara,"2026-04-18 23:06:31",983.56,2,kawaharataishi
903,15896820,NeverMind,"2026-05-18 07:46:37",967.50,5,hswang0702
904,15639163,somerandomguy,"2026-04-19 08:24:46",948.12,2,stithpragya
905,16030722,"Christos Prapas","2026-05-28 14:00:44",942.81,15,christosprapas
906,16096294,TheLightIs,"2026-05-28 14:54:12",941.83,3,thelightis
907,15626052,Jagadeesh1203,"2026-04-17 07:04:26",936.75,3,jagadeesh1203
908,16081517,"Filip Chladek","2026-06-02 00:00:48",923.33,21,filipchladek
909,16119802,"Eyüp Ülker","2026-06-01 21:11:23",891.44,2,eyupulker
910,16132222,"Daisuke HOSHINA","2026-06-01 23:11:20",876.87,4,daisukehoshina
911,15630875,"Panagiotis Niarchos","2026-04-21 11:31:48",871.32,9,panagiotisniarchos
912,15746755,dasmanvikas,"2026-06-02 08:29:23",864.21,2,dasmanvikas
913,15640081,"Carlos Pintor","2026-05-01 20:02:53",859.20,144,cpintor
914,15627113,"Fernando Gutiérrez","2026-04-19 06:10:42",850.69,19,fernandogutzz
915,15631031,"Jonathan Hoffman","2026-04-28 20:32:34",844.39,22,jonathanhoffman91
916,15991438,"Shiva Hyde","2026-05-20 12:54:22",843.91,27,shivahide
917,16089675,TYUKI271828,"2026-06-02 00:18:36",831.15,6,tyuki271828
918,15663720,"Danqi Hu","2026-04-23 16:03:02",829.65,10,danqihu
919,15627991,JasonJu137036,"2026-04-25 07:34:01",810.94,51,jasonju137036
920,15624223,SamaReddy94,"2026-04-27 05:00:18",806.30,6,samareddy94
921,15625845,"Sébastien henry","2026-05-10 23:10:04",791.65,8,sebmontreal
922,15651587,"Govind Sharma","2026-04-19 17:13:54",789.55,3,govindsarswat
923,15627545,Mohit,"2026-05-13 13:06:22",761.32,13,mohit98765
924,16117492,"Dang Nguyen Le","2026-05-30 16:20:04",758.98,5,eliole
925,15627332,Monica,"2026-04-16 12:18:10",745.24,2,sor4chi
926,15697860,Yeyang,"2026-05-12 06:52:36",743.14,5,yyleaves
927,15624449,"Sanciulis Freitas","2026-04-24 18:41:02",741.80,12,sanciulisfreitas
928,15624864,"Lucas Henrique Mateo","2026-04-23 19:49:06",736.32,6,lucashmateo
929,15626834,DoctorDeo,"2026-04-19 22:29:06",736.03,10,doctordeo
930,15945966,George.Z,"2026-05-14 04:04:02",735.71,2,persistz
931,15648944,nemuilemon,"2026-05-20 05:58:06",724.96,3,nemuilemon
932,15843086,Kenni,"2026-05-20 16:29:59",724.67,2,thejavanka
933,15633109,mithos,"2026-04-19 15:04:40",711.42,7,mithos
934,15896009,"Quyền Thịnh","2026-05-11 10:21:27",711.41,4,quynthnh
935,15704024,"Croft Adams","2026-04-24 12:56:26",709.57,13,croftadams
936,15851278,"Shinkawa Hiroto","2026-05-07 13:48:23",708.45,4,shrinkeredu
937,15774016,TVK,"2026-05-14 10:11:15",702.29,135,"indreswarbalaji,moulishwaranbalaji"
938,15641617,"DISHANT SAINI","2026-04-17 23:20:25",697.97,1,gggdishant
939,15871971,"RAHUL CHAUHAN","2026-05-08 07:26:01",697.81,2,rahulchauhan016
940,15631610,MarkfrmCLT,"2026-05-31 16:51:03",695.55,32,markcichonski
941,15627067,"Charbel Nehme","2026-05-27 05:32:57",692.26,12,charbelnehme
942,15643920,Stacekey,"2026-04-18 13:37:06",686.06,5,stacekey
943,15634075,9876,"2026-04-19 17:30:13",685.63,5,johnrhodes
944,15652928,"Douar Lounes","2026-04-21 09:29:46",683.83,2,douarlounes
945,16025778,"Nà ná na Anh Độ Mixi","2026-05-21 15:20:51",676.74,35,kietzxje
946,15630380,"Han Su Kim","2026-04-20 05:41:20",658.22,10,kgkstn1423
947,15918031,"Astitwa Agarwal","2026-05-10 12:14:37",656.64,2,astitwaagarwal
948,16148505,"Ovindu Karunaratne","2026-06-01 18:31:53",656.18,3,ovindukarunaratne
949,15629489,team-claude-gang,"2026-04-24 17:02:21",652.27,1,jagadishsantoshdhage
950,15672586,"G karthik koundinya","2026-05-20 19:14:00",651.02,29,gkarthikkoundinya
951,15631333,"Wayne Gordon","2026-06-02 01:54:07",641.43,43,waygor
952,15672725,"Andrey Atanov","2026-04-29 19:24:11",634.77,11,harlenka
953,15751179,jjoonghui,"2026-04-27 16:48:21",628.73,1,jjoonghui
954,15636317,"Ebrahim Takolia","2026-04-29 13:32:53",619.74,10,ebrahimtakolia
955,16134119,"Mitudru Dutta","2026-05-31 19:29:53",618.56,3,mitudru
956,16150202,castarx4,"2026-06-02 08:44:48",617.88,13,castarx4
957,15650334,PNag2025,"2026-04-20 02:12:04",592.18,7,pnag2025
958,15706770,"Aji Samudra","2026-04-25 12:14:23",567.82,2,ajisamudra
959,15626204,"Manish Swami","2026-04-19 08:13:44",566.86,8,manish756
960,15721337,"Ayodeji Akinola","2026-05-21 11:38:48",559.24,1,ayodejiakinola
961,15626178,fleure,"2026-04-25 05:24:06",557.50,1,nelnomial
962,15914929,"Somkene Onwusika","2026-05-12 03:44:47",550.57,9,somkeneonwusika
963,15808607,"Lv Haoda","2026-05-03 12:16:52",549.18,1,bluelung
964,15631097,"HUN UUNNN","2026-04-21 04:47:26",548.84,74,hunuunnn
965,15842268,HyperPlanz,"2026-05-09 23:00:58",546.76,8,domiandr000
966,15631067,"Maciej Sypetkowski","2026-04-18 22:10:30",540.29,7,maciejsypetkowski
967,15999779,Benben2026,"2026-05-25 05:51:10",539.09,45,benben2026
968,15625811,"yuanzhe zhou","2026-04-22 14:42:35",535.40,1,yuanzhezhou
969,15624681,Jose,"2026-04-20 05:57:47",531.10,3,josemoreno
970,15635634,AbdulrahmanMohammed1,"2026-04-18 07:08:55",525.54,1,abdulrahmanmohammed1
971,15670734,"Avika Joshi","2026-04-21 15:11:23",525.54,1,avikaduolingo
972,15628359,Hellboy,"2026-04-29 04:27:45",525.54,9,helmirinaldi
973,15766509,Daaaaaan,"2026-04-30 10:23:43",525.54,2,dantimbrell
974,16095983,"TAN Wee Han","2026-05-27 22:25:46",525.54,1,oxgadfly
975,16097326,"SUN shuhai","2026-05-28 07:22:59",525.54,1,sunshuhai
976,15644307,"Yoji Oyama","2026-04-19 12:33:09",525.25,4,yojioyama
977,15636784,MaiDuong1,"2026-04-20 17:05:34",524.34,5,maiduong1
978,15625990,shafiullah,"2026-04-17 05:47:27",519.87,9,bigdataanalysis1
979,15624769,"THE KING 👑","2026-04-16 23:13:49",519.87,1,xai090
980,15634213,"Mohamed El-Nageeb","2026-04-17 22:29:18",519.87,5,thelastsmilodon
981,15624468,"Emanuel Lázaro","2026-04-17 23:38:47",519.87,3,emanuellcs
982,15629731,"Hemanth Sai Vinay Meka","2026-04-17 12:33:30",519.87,2,hemanthsaivinaymeka
983,15637399,"Gadiparthi Teja swi","2026-04-17 12:42:36",519.87,1,gadiparthitejaswi
984,15644488,Sujitha,"2026-04-18 09:37:42",519.87,1,blueluveit
985,15642896,shilpesh-238,"2026-04-18 13:12:35",519.87,1,shilpesh238
986,15646447,tsoudibi,"2026-04-18 19:24:42",519.87,1,tsoudibi
987,15652696,ulasdesouza,"2026-04-19 20:17:25",519.87,1,ulasdesouza
988,15656590,Nikitha1317,"2026-04-20 06:36:27",519.87,1,nikitha1317
989,15638522,askbox,"2026-04-30 00:31:47",519.87,3,askboxnet
990,15630868,"Aadi Gupta","2026-05-02 00:50:55",517.93,2,aadigupta1601
991,16100792,"Sanjit Kolla","2026-05-31 20:16:01",512.17,17,sanjitkolla
992,16068668,RequieMa,"2026-05-27 03:52:30",510.63,1,u1604521
993,15640823,Ayush_1319,"2026-04-17 20:43:40",504.50,5,ayush1319
994,16133451,ssyy,"2026-06-01 12:15:52",502.81,3,dcgarage3651234
995,15625253,Himeno,"2026-04-17 06:09:20",502.37,2,lepidon
996,15949841,"Ahmet Karademir","2026-05-18 10:33:22",495.02,9,ahmetkarademir
997,15627163,"Nitin Thakur","2026-04-20 18:59:32",492.36,14,nitinthakur009
998,15633693,"Eric Jokl","2026-04-16 21:51:08",485.06,1,ericjokl
999,15990002,jiangyifu017027,"2026-05-18 12:11:42",482.99,11,jiangyifu017027ustc
1000,16118237,"T.-C. Chang","2026-06-01 05:46:39",479.99,14,newlooker
1001,15624275,N337,"2026-04-20 07:23:07",474.14,9,niloyn337
1002,15640091,all-coder,"2026-06-01 17:03:44",471.67,43,allcoder
1003,15736470,LimYeongsu,"2026-04-25 14:39:33",456.54,2,limyeongsu
1004,15834696,"Nguyen Nhut Minh","2026-05-04 02:45:55",455.08,2,nguyennhutminh
1005,15812981,"Deeptanush Kapaka","2026-05-09 19:56:29",451.37,5,deeptanushk
1006,16146510,yp011235,"2026-06-01 15:13:38",447.85,1,yp011235
1007,16032340,"earl Hue","2026-05-29 13:18:13",445.59,6,earlhue
1008,15754225,"Somnath Luitel","2026-04-27 18:51:37",438.32,1,sluitel
1009,15796618,"Igor Kartashov","2026-05-01 17:13:54",431.75,2,igorkartashov
1010,16053457,"Kaggle CompsBench Bot","2026-05-29 04:57:59",423.50,2,kagglecompsbenchbot
1011,15741819,"the team","2026-04-26 22:37:44",421.91,4,salvadorbuenadicha
1012,15631658,"Aman Atar","2026-04-17 07:46:48",414.23,6,amanatar
1013,15661761,"SOLOMON SHALOM LIJO","2026-04-21 03:39:07",412.25,5,solomonshalomlijo
1014,15632739,Joehalol,"2026-04-16 17:39:02",408.35,1,joehalol
1015,15624008,"Roman Tamrazov","2026-04-16 18:33:19",407.96,6,romantamrazov
1016,15733646,"Dimitrios Giannoulis","2026-05-09 17:44:49",402.40,17,plagiagia
1017,15625521,SayemIslam_NYC,"2026-04-17 00:18:42",400.26,1,sayemislamnyc
1018,15630056,"jialiang qiu","2026-04-16 12:05:15",397.79,1,jialiangqiu
1019,15631875,kt-Kitayama,"2026-04-16 15:29:33",394.95,1,ktkitayama
1020,15630432,"Sangam Gautam","2026-04-16 17:37:52",394.95,1,sangam21
1021,15632817,Shameer.k,"2026-04-16 18:24:34",394.95,2,shameersham
1022,16025846,"Ivan Nestorov | VolMax Studio Lab","2026-05-21 17:10:05",393.61,7,volmax
1023,15629286,"Sanskar Sontakke","2026-04-17 10:21:59",392.83,4,sanskarsontakke
1024,15913675,"Jason Miller","2026-05-20 03:32:11",388.71,1,millerintllc
1025,15629066,wodan_ds,"2026-04-17 18:42:10",388.68,4,wodands
1026,15631068,"Jayanth Arumalla","2026-04-16 13:06:59",388.42,1,jayantharumalla
1027,15630516,"minghao mei","2026-04-16 13:07:43",388.42,2,minghaomei
1028,15630837,"k pavankalyan2005","2026-04-16 13:17:25",388.42,1,kpavankalyan2005
1029,15630751,Antonio,"2026-04-16 14:17:25",388.42,1,heyang993
1030,15630980,"Nithin Kommireddy","2026-04-16 14:22:30",388.42,1,nithinkommireddy
1031,15631052,anhster,"2026-04-16 14:45:06",388.42,1,doinqa
1032,15630935,"Arif Miah","2026-04-16 15:22:31",388.42,1,miadul
1033,15632313,"Yaman Kashyap","2026-04-16 19:41:22",388.42,2,yaman04kashyap
1034,15634539,"Etyala Rahul","2026-04-17 02:23:12",388.42,1,etyalarahul
1035,15654102,"Kiran Pal","2026-04-22 08:46:00",388.42,2,kiranpal18
1036,15696806,haojinjinhao,"2026-04-22 12:51:33",388.42,1,haojinjinhao
1037,15631531,"Sahana Kuna","2026-04-25 07:58:14",388.42,1,sahanaa7
1038,15632762,"BHARGAVI ALTHI","2026-04-25 09:57:49",388.42,1,bhargavialthi
1039,15631291,"Kushalasri Ijjada","2026-04-25 11:36:23",388.42,1,kushalasriijjada
1040,15632802,"Sindiri Arayan","2026-04-16 17:27:22",385.58,1,sindiriarayan
1041,15631377,"Volisetty Teja","2026-04-16 17:30:33",385.58,1,volisettyteja
1042,15632909,"Dinesh Karthik Alla","2026-04-16 17:38:48",385.58,1,dineshkarthikalla
1043,15632920,"Achanta Bhanu vamsi","2026-04-16 17:40:33",385.58,1,achantabhanuvamsi
1044,15632916,"JAIRAJ REDDY PADALA","2026-04-16 17:44:57",385.58,1,jairajreddypadala
1045,15632990,Venkat112005,"2026-04-16 17:50:18",385.58,1,venkat112005
1046,15632994,"srujana grandhi","2026-04-16 17:55:02",385.58,1,srujanagrandhi
1047,15633000,"Teja Kanchipamu","2026-04-16 17:55:31",385.58,1,tejakanchipamu
1048,15633034,"Yujith Teja","2026-04-16 17:58:41",385.58,1,yujithteja
1049,15633052,"Ushaswi Nandigam","2026-04-16 18:00:48",385.58,1,ushaswinandigam
1050,15633078,"Munaga Ramya","2026-04-16 18:05:40",385.58,1,munagaramya
1051,15633104,"Bangaru Nandan","2026-04-16 18:09:03",385.58,1,bangarunandan
1052,15633135,"KONJETI SRIMANNARAYANA","2026-04-16 18:14:16",385.58,1,ksriman2905
1053,15634315,"Ananya Akella","2026-04-16 23:40:13",385.58,1,ananyaakella
1054,15634333,saradhisvks1,"2026-04-16 23:52:05",385.58,1,saradhisvks1
1055,15634443,"Sarvani Bala Sri","2026-04-17 00:37:54",385.58,1,sarvanibalasri
1056,15634474,"Nishitha Boggavarapu","2026-04-17 00:51:51",385.58,1,nishithaboggavarapu
1057,15634646,"Balu Medisetti","2026-04-17 01:36:56",385.58,1,balumedisetti
1058,15634730,Varun75690,"2026-04-17 02:00:16",385.58,1,varun75690
1059,15634943,"Sai Vivek G","2026-04-17 03:10:27",385.58,1,saivivekg10055
1060,15635223,"harshitha manneri","2026-04-17 04:21:13",385.58,1,harshithamanneri
1061,15627105,Subhash,"2026-04-17 04:21:39",385.58,1,mraudaciousgamerchef
1062,15633066,Naveen,"2026-04-17 04:30:26",385.58,1,naveen31882
1063,15635388,"Mahalakshmi laasya","2026-04-17 04:55:10",385.58,1,mahalakshmilaasya
1064,15635419,Chakri1776,"2026-04-17 04:59:17",385.58,1,chakri1776
1065,15633039,"Deepan Dee","2026-04-17 06:01:32",385.58,2,deepandee
1066,15634755,KATAKAM.MANIKANTA,"2026-04-17 06:55:31",385.58,1,katakammanikanta
1067,15635913,"Sai Akash Pragallapati","2026-04-17 07:02:33",385.58,1,saiakashpragallapati
1068,15637120,"Pudi Shanmukha Sri Sai","2026-04-17 09:46:25",385.58,1,pudishanmukhasrisai
1069,15635843,"Ganesh Chandolu","2026-04-17 10:18:10",385.58,1,ganeshchandolu
1070,15638222,"Gopal Anisetti","2026-04-17 13:12:49",385.58,1,gopalanisetti
1071,15638309,NAGAPRADEEP123,"2026-04-17 13:16:29",385.58,1,nagapradeep123
1072,15638537,"Ratna Bhushanam","2026-04-17 13:59:11",385.58,1,ratnabhushanam
1073,15638020,"Shaik Rizvana","2026-04-17 14:05:48",385.58,1,shaikrizvana
1074,15640004,SSMeghana,"2026-04-17 17:16:25",385.58,1,ssmeghana
1075,15630973,"Harshini Kukkala","2026-04-17 17:57:52",385.58,1,harshinikukkala
1076,15640373,Udaykeerthi,"2026-04-17 18:05:15",385.58,1,udaykeerthip
1077,15629693,poorna.R,"2026-04-18 06:41:48",385.58,1,poornar
1078,15630073,KanagalaHarsha,"2026-04-18 14:19:18",385.58,1,kanagalaharsha
1079,15649405,sanband,"2026-04-19 04:54:44",385.58,1,sanband
1080,15650202,"Teja reddy","2026-04-19 09:18:28",385.58,1,tej7569
1081,15646335,"SIVAKOTI NIKHIL","2026-04-19 15:12:12",385.58,1,sivakotinikhil
1082,15656923,"Kodirekka Poojitha","2026-04-20 07:24:41",385.58,1,kodirekkapoojitha
1083,15633172,"Prem kotha","2026-04-20 16:19:31",385.58,1,premkotha
1084,15696447,"Bhanu Akasamu","2026-04-22 11:12:22",385.58,1,bhanuakasamu
1085,15732702,"rashmika balusu","2026-04-24 16:31:07",385.58,1,rashmikabalusu
1086,15737124,"Hima Sri","2026-04-25 10:21:43",385.58,1,meisje
1087,15624759,"Raunav Mendiratta","2026-04-16 03:15:55",382.51,6,raunavmendiratta
1088,15648227,"Goncharova Ekaterina","2026-04-18 21:38:53",379.75,1,goncharovaekaterina
1089,15624426,"Emil Gasimov","2026-04-15 21:39:21",379.14,4,ellysian
1090,15904708,jjjjhengxin,"2026-05-09 05:52:21",376.45,1,jjjjhengxin
1091,15633108,$epifan$,"2026-04-18 23:00:49",366.42,2,korff16
1092,16095064,kennex,"2026-05-27 22:38:21",361.71,2,kennex
1093,15625210,Q537bf,"2026-04-19 23:32:58",357.24,3,q537bf
1094,15631431,neabigmo,"2026-04-19 10:15:02",353.05,9,neabigmo
1095,15646942,PiKaaa,"2026-04-20 10:37:37",352.78,17,pikaaa
1096,15641569,"Tommy Mancino","2026-04-21 01:01:59",348.18,3,tommymancino
1097,15703415,"Syeda Hajira Kawsar","2026-05-12 23:20:38",347.68,10,syedahajirakawsar
1098,15653120,romin_123,"2026-04-19 23:18:18",346.67,1,romin123
1099,15627180,UtkarshKarambhe123,"2026-04-16 14:23:31",346.52,5,utkarshkarambhe123
1100,15698498,"Polyakova Elizaveta","2026-04-22 14:55:42",345.05,2,polyakovaelizaveta
1101,15634546,"Jocelyn Dumlao","2026-05-10 07:28:56",343.85,4,jocelyndumlao
1102,15800659,"Jai Reddy V","2026-05-01 00:51:11",343.85,17,jaireddyv
1103,15800602,"Bokka Jai Vardhan Reddy","2026-05-01 13:05:00",343.85,1,bokkajaivardhanreddy
1104,15661822,"Dave Bogd","2026-04-23 06:00:22",338.92,15,davebogd
1105,15627237,ipradeep99,"2026-04-16 17:47:16",336.73,1,ipradeep99
1106,15936257,"Dfe Shah","2026-05-14 08:05:03",336.19,3,dfeshah
1107,15837388,"LOVA SIVA MANIKANTA Ch","2026-05-22 06:19:39",334.66,30,lovasivamanikantach
1108,15629467,little-g.ai,"2026-04-24 14:43:52",333.14,31,"riccardoporcedda,stefanoblando"
1109,15627007,"S.Yogesh Rayal","2026-04-30 09:22:37",329.35,16,yogeshrayal
1110,15631985,"Tiny Gamma","2026-05-25 09:52:04",326.87,8,tinygamma
1111,15974931,ktmh,"2026-05-16 17:28:44",324.40,7,zzexus
1112,16050277,sam,"2026-05-29 09:14:43",319.40,1,ka1010647987
1113,15631465,"Soumik Niloy","2026-04-16 16:39:06",317.16,8,soumikniloy
1114,15723253,Emiliano_NeoSephiroth,"2026-04-23 23:47:23",316.71,5,emilianoneosephiroth
1115,16144952,"Awais Jarral","2026-06-02 02:48:12",316.17,6,awaisjarral
1116,15947873,"Arjun G Ravi","2026-05-20 17:10:06",315.21,3,arjungravi
1117,15630518,Hom,"2026-04-22 13:51:38",315.15,14,hombah
1118,15879962,komo,"2026-05-09 05:43:19",313.71,2,komodata
1119,16073218,fummyz,"2026-05-30 15:49:29",312.55,3,fummyz
1120,15683373,"Bifurcation Lab","2026-04-23 08:01:15",308.01,30,bifurcationlab
1121,15630240,"Yaofeng Su","2026-04-17 10:31:14",304.74,1,yaofengsu
1122,15660157,"Dr Siddalingaiah H S","2026-04-21 05:37:38",301.08,5,jkhospital
1123,15813887,"Kenan Majewski","2026-05-01 12:50:23",296.40,1,kenanmajewski
1124,16002556,"Zachary Maronek","2026-05-20 18:44:28",296.06,5,zacharymaronek
1125,15877270,HackstreetBoyzzz,"2026-06-01 07:19:41",291.98,3,"sohamphulare,vanshlilani1535,warmoks"
1126,15773919,"Yuya Shintani","2026-05-03 12:21:28",289.82,8,uplus26e7
1127,15902236,"Chase Bonfiglio","2026-05-24 15:14:33",288.22,6,chasebonfiglio
1128,15624691,"Niaz Mahmud","2026-04-25 00:48:00",287.23,3,niazmahmud0201
1129,15649436,DarkAakrin17,"2026-04-19 08:27:01",286.95,13,darkaakrin17
1130,15703961,FSzekut,"2026-04-23 12:28:19",279.19,3,fszekut
1131,15672035,"Pranav Divichenchu","2026-04-22 18:53:27",278.94,1,pranavdivichenchu
1132,15832652,Zidongs,"2026-05-08 23:47:31",277.19,2,zidongs
1133,16113328,"Shravan Yoagentharan","2026-05-29 19:23:04",277.16,1,shravanyoagentharan
1134,16136118,"Robert McMenemy","2026-06-01 15:26:22",275.08,2,rmcmenemy
1135,15644234,"P balaji","2026-04-18 11:54:51",273.93,2,kparjun
1136,15624117,Taha_Alshatiri,"2026-04-18 20:57:02",273.93,2,tahaalshatiri
1137,15627942,AyShi,"2026-04-16 11:16:07",272.38,3,muhammadtojiddinov
1138,15637269,rolaxxalor,"2026-04-17 11:29:34",272.30,3,rolaxxalor
1139,15785303,Shubhamo0o,"2026-05-15 20:21:43",269.46,77,shubhamo0o
1140,15643676,DavidHoangEm,"2026-05-17 16:26:51",267.19,1,davidhoangem
1141,15973780,"Ioannis Pantidis","2026-05-14 17:19:20",265.76,2,ioannispantidis
1142,15651031,LeonidKOV,"2026-04-25 17:59:15",262.53,18,leonidkov
1143,16136364,kruschdev,"2026-06-01 23:45:32",260.23,14,kruschdev
1144,15626999,"Ayushi Joshi","2026-04-16 18:13:25",259.10,5,ayushijoshi29
1145,15638734,"Aarav Bajya","2026-05-20 04:32:21",257.94,32,aaravbajya
1146,15650904,"Faheem Wani","2026-04-19 22:02:50",255.28,4,faheemwani12
1147,15628485,tuannm3812,"2026-05-28 02:55:26",253.94,8,tuannm3812
1148,15809132,akhilc19,"2026-05-01 22:07:33",253.61,6,akhilc19
1149,15657417,"Seunghui Cho","2026-04-28 13:12:45",250.46,5,seunghuicho
1150,15663417,"Tomoro Okajima","2026-04-22 01:56:24",249.84,1,tomorookajima
1151,16090392,"sabari nathan","2026-05-28 13:07:36",249.57,2,sabarinathan
1152,15638214,"Devesh Mhaske","2026-04-19 12:37:00",246.25,3,deveshmhaske
1153,15853122,"Luсas Peterson","2026-05-29 16:21:50",244.95,1,lukaspeterson
1154,15732585,"Nguyễn Minh Đức","2026-04-25 17:52:35",243.43,3,dustnn00
1155,15627786,"PUJARI MANJU SWASTHIK","2026-04-16 09:36:00",232.65,4,manjuswasthik
1156,15627094,"Abu Kanabek [dsmlkz]","2026-04-16 12:11:32",232.65,1,abukanabek
1157,15673183,"Billy McIntyre","2026-04-27 20:42:00",232.29,1,williammack
1158,15859306,"Wilfred maillot","2026-05-05 09:17:10",224.48,2,wilfredmaillot
1159,15959050,"Nguyễn Công Tuấn","2026-05-31 08:50:56",209.69,2,nctuan
1160,16071202,CleAAAAAA,"2026-05-31 23:30:58",208.88,6,sunning11
1161,15627204,z1s1k1,"2026-04-17 01:00:07",206.85,6,qqqqqqq1111
1162,16136358,"BMS official","2026-05-31 20:46:02",205.91,1,bmsofficial
1163,15636565,arshiya_kauserr,"2026-04-26 18:04:07",205.87,5,arshiyakauserr
1164,15725221,Chaosiscoming,"2026-04-30 04:27:52",202.79,8,shreyanshgoyaliitb
1165,15737963,"Marvin Pearson","2026-04-27 02:45:20",200.74,1,marvinpearson
1166,15629048,"V C PREMCHAND YADAV","2026-04-19 16:00:06",198.57,4,vcpremchandyadav
1167,16091142,"Shivanand Hatti","2026-06-02 07:40:10",198.22,4,"bharateshnabhapur,deeppak156,shivanandhatti,sureshpg"
1168,15853014,"Muhammad Awais","2026-05-08 20:26:45",197.38,4,m10awais
1169,15973727,"Chia-Wei Lin","2026-05-14 17:24:31",195.09,2,chiawei000
1170,15625012,今日も元気にニューロゴルフ！⛳️,"2026-04-16 07:52:11",195.02,5,isakatsuyoshi
1171,15741298,"Chirapathleo Saelim","2026-05-25 10:15:53",192.99,11,chirapathleosaelim
1172,15734671,NOBITA_7,"2026-04-26 10:36:48",192.09,4,nobita7
1173,15627181,mindset324,"2026-05-03 23:56:36",191.09,4,mindset324
1174,16149617,"Alexander Dickbauer","2026-06-01 21:33:23",190.52,1,alexanderdickbauer
1175,15815561,AdamGewely,"2026-05-02 20:31:15",190.12,5,adamgewely
1176,15767373,sam_S,"2026-05-20 14:56:11",189.57,16,sammatth
1177,15628506,BellaPPA,"2026-05-05 14:24:16",185.69,23,bellappa
1178,16102919,"Rishabh Jain","2026-05-29 12:55:12",183.35,5,rishabh15virgo
1179,15781463,Michaelihc,"2026-04-29 14:20:41",182.45,1,michaelihc
1180,15984414,"Nishchal Nishant","2026-05-23 14:24:58",180.84,8,nishchalnishant
1181,15743145,kdrozdov,"2026-05-08 15:00:29",179.11,4,kdrozdov
1182,15625178,"Seunghwan Kim, MD","2026-04-21 12:24:14",177.23,2,kimseunghwan9823
1183,15628151,"Aman Sharma","2026-04-16 13:01:33",175.58,5,amansharma11115
1184,15628347,hengck23,"2026-04-30 18:50:28",172.74,7,hengck23
1185,16113565,"Мария Короткова","2026-05-29 18:51:24",170.54,2,mkorotkova
1186,15881861,yashjakhar99,"2026-05-19 17:41:22",170.43,3,yashjakhar99
1187,15686629,"Bishnu Ganguly","2026-05-31 04:44:24",168.17,14,bishnuganguly
1188,15842623,"josh mathers","2026-05-04 00:25:31",167.93,1,joshmathers
1189,16057977,"Eren Cice","2026-05-23 19:13:31",161.49,2,erencice
1190,15626477,JinchengZhang1,"2026-05-17 10:15:34",155.99,7,jinchengzhang1
1191,15626751,k.v.r.bhaskar,"2026-04-16 03:18:32",155.99,1,kvrbhaskar
1192,15627982,"RUPENDRA REDDY","2026-04-16 06:16:11",155.99,1,rupendrasai
1193,15639691,NIKHILREDDY30,"2026-04-17 16:26:59",155.99,1,nikhilreddy30
1194,15644578,"Sankar Kakunuri","2026-04-18 09:55:26",155.99,1,sankarkakunuri
1195,16043335,Tang040101,"2026-05-21 18:58:41",154.32,1,tang040101
1196,15660428,"Timur Kalinskov","2026-04-20 16:08:29",151.44,1,timurkalinskov
1197,15625049,SHAOTECH,"2026-04-17 02:48:25",149.93,3,jimmyguajan2
1198,15626200,kids,"2026-04-22 01:50:29",145.63,7,sunghoonbyun
1199,15627441,charizard,"2026-04-16 06:15:25",142.98,1,sharmaharshit
1200,16111090,Fumi,"2026-05-31 13:07:43",141.06,3,cheersbeer
1201,15632464,"Enrique Meza","2026-04-16 17:03:09",140.84,1,emezac
1202,15862301,Xun.331,"2026-05-12 01:39:32",139.49,5,xun331
1203,15624301,Omar,"2026-04-15 23:06:07",139.40,4,omarafik
1204,15853360,"Abdullah Akçay","2026-05-08 12:17:49",139.35,2,aakcay
1205,15625167,"Papa Seydou WANE","2026-04-16 00:38:08",135.21,2,papaseydouwane
1206,15661927,"Manuella Diffo Tahboh","2026-04-24 06:29:39",133.56,7,manuelladiffotahboh
1207,15624340,"Ankit Mishra","2026-04-25 02:34:23",133.08,4,ankitmishra0
1208,15667083,"Bala Murugan AIML","2026-05-19 13:19:11",132.42,8,balamuruganaiml
1209,15624377,"Bahae Eddine Halim","2026-04-15 21:44:04",131.57,4,halimbahae
1210,15647543,"Omar Amin","2026-04-19 22:08:21",131.57,1,omaramin
1211,15624885,ZAOUI_Yassine,"2026-05-14 17:37:36",131.19,10,zaouiyassine
1212,15638215,"TUHIN BIDYANTA","2026-04-17 16:36:06",131.00,7,tuhinbidyanta
1213,15974016,PrivatePieceRec,"2026-05-14 22:36:31",129.77,1,privatepiecerec
1214,15625555,rc95401,"2026-04-16 00:53:20",128.57,1,rc95401
1215,15625612,mochi,"2026-04-16 02:36:54",128.57,2,lau01b
1216,15626486,"Albert Wang","2026-04-16 02:44:40",128.57,1,mianwang1024
1217,15626533,Abhilokesh17,"2026-04-16 02:45:28",128.57,1,abhilokesh17
1218,15626423,"Arnav Kochar","2026-04-16 04:10:01",128.57,3,arnavkochar
1219,15626829,"Haradi Bots","2026-04-16 04:45:58",128.57,1,haradibots
1220,15627273,"SEUNGHA HWANG","2026-04-16 06:14:20",128.57,1,seunghahwang
1221,15628599,"william chandra","2026-04-16 07:54:15",128.57,1,williamchans
1222,15630144,Vibhatsu,"2026-04-20 09:22:29",128.57,3,vibhatsu
1223,15626077,"Shivam Shinde","2026-04-16 15:17:33",128.57,8,shindeshivam
1224,15632404,"G Pragna Vardhan","2026-04-17 03:11:15",128.57,3,vardhan0039
1225,15632899,"kavali venkata paneendra","2026-04-16 17:40:06",128.57,1,kvenkatapaneendra
1226,15633002,Nallapanenihemanth,"2026-04-16 17:50:29",128.57,1,nallapanenihemanth
1227,15633051,"Harsha Vardhan","2026-04-16 17:59:44",128.57,1,pgsharshavardhan
1228,15633088,"chinni haswanth","2026-04-16 18:05:41",128.57,1,haswanth04
1229,15633072,"Mahesh Sangani","2026-04-16 18:05:44",128.57,1,maheshsangani
1230,15634616,"KUSAM KOMAL VISHNU VENKATA REDDY","2026-04-17 01:31:16",128.57,1,komalreddy14
1231,15634985,girish2300033271,"2026-04-17 03:27:08",128.57,1,girish2300033271
1232,15652655,"BHARGAV BODA","2026-04-19 15:59:12",128.57,1,bhargavboda
1233,15652843,"Leeman Kommu","2026-04-19 16:13:49",128.57,1,leemankommu
1234,15652869,"Aasritha Chava","2026-04-19 16:22:20",128.57,1,aasrithachava
1235,15645837,"Ajay Kaniganti","2026-04-19 16:59:59",128.57,1,ajaykaniganti
1236,15653167,Sanjaykumar2006M,"2026-04-19 17:31:03",128.57,2,sanjaykumar2006m
1237,15626337,Varshith,"2026-04-21 09:40:42",128.57,1,varshith84
1238,15628142,"Bhushan Kawre","2026-05-14 05:42:06",128.57,1,bhushankawre
1239,15819556,"Andrade Claudio","2026-05-02 01:58:04",122.28,15,andradeclaudio
1240,15647689,kmostafavi3,"2026-04-22 18:53:18",116.15,41,kamranmo
1241,15627510,"Asad Bin Saber","2026-05-08 11:15:07",115.61,25,asadbin
1242,15627336,"Muhammad Junaid","2026-04-21 10:21:06",114.45,6,junaid512
1243,15743215,"Tarun Rai","2026-04-27 17:58:35",114.02,8,tarunrai9
1244,15650174,KishoreG,"2026-04-20 11:17:11",108.99,2,kishore78848
1245,16014060,AaravDeLegend,"2026-05-18 17:36:21",106.57,5,aaravdelegend
1246,15801507,"Danushkumar Venkadesh","2026-05-04 17:54:00",106.31,3,danushkumarv
1247,15680167,PabloMontalb,"2026-04-23 20:37:45",103.64,5,pablomontalb
1248,15875096,"FasterYouChase FasterIRun","2026-05-29 14:03:30",100.67,26,icoguser
1249,15631311,"yusef elshater","2026-04-17 17:09:40",93.48,9,yusefelshater
1250,15694153,"Saad Hassan","2026-04-26 08:47:57",93.42,2,msaadhassan25
1251,15634974,"MOHAMMED ABDUL2REHMAN","2026-04-17 10:01:16",92.17,2,mohammedabdul2rehman
1252,15637468,"SURYA PRAKASH INUKURTHI","2026-04-17 11:15:35",92.17,1,isuryaprakashh
1253,16090664,LeiDongJ,"2026-05-29 09:21:54",90.42,1,leidongj
1254,15625131,MAGarcia,"2026-04-19 19:43:45",88.76,1,magarcia
1255,15629295,"Muhammad Rehan","2026-04-21 04:33:57",86.80,42,muhammadrehan00
1256,15659453,nxank4,"2026-04-21 06:05:37",85.65,5,anmatngu
1257,15655273,Vincent,"2026-04-21 14:47:17",82.31,2,vincent2huang
1258,15984139,"MD. Shibli Noman Sarkar","2026-05-15 12:21:37",82.28,1,noman130
1259,15632701,"Quang Tran","2026-04-22 02:50:55",82.08,1,quangtran9801
1260,15624202,"Satyik pritam Yogi","2026-04-15 20:18:04",81.57,1,satyikpritamyogi
1261,15625148,YellwoJune083,"2026-04-16 00:50:10",81.57,9,yellwojune083
1262,15626611,TieuTamDev,"2026-04-16 06:57:19",81.57,6,tieutamdev
1263,15627214,"Vũ Sơn Tùng","2026-04-16 04:49:41",81.57,1,vsntng
1264,15627337,"Avik Das","2026-05-06 11:59:26",81.57,5,avikdas567
1265,15641628,"Christian Rubin","2026-04-19 15:16:43",81.57,21,christianrubin
1266,15651073,"Likhiteswari Poothi","2026-04-19 11:57:03",81.57,3,likhiteswaripoothi
1267,15652668,"K Reethu Sai Shivani","2026-04-19 15:42:17",81.57,1,kreethusaishivani
1268,15640562,"Adem AKDOĞAN","2026-04-19 22:08:48",81.57,5,ademakdogan
1269,15653029,"ADINA CHAITANYA SRI KRISHNA","2026-04-19 17:52:47",81.57,7,adinachaitanya
1270,15657648,"DASARI PALLAVI11","2026-04-20 09:03:33",81.57,1,dasaripallavi11
1271,15635719,"Ekrem Sel","2026-04-20 13:51:07",81.57,1,ekremsel
1272,15701805,Galza98,"2026-04-22 18:06:25",81.57,1,galza98
1273,15680497,"Collin hoag","2026-04-25 19:27:06",81.57,7,collinhoag
1274,15742968,"Deval Rathod","2026-04-26 12:02:54",81.57,5,devalrathod
1275,15774882,"Tomoharu Hayakawa","2026-04-29 04:43:00",81.57,1,tomoharuhayakawa
1276,15772977,Patitos,"2026-04-30 00:12:32",81.57,2,anasofaescobar
1277,15785457,"Christopher Mavros","2026-05-04 01:40:46",81.57,15,christophermavros
1278,15869983,"DataPurifier Office","2026-05-18 09:55:35",81.57,35,datapurifieroffice
1279,15936062,Deependra,"2026-05-13 14:56:03",81.57,2,devdeependra
1280,16002838,"Vishal Baraiya","2026-05-17 13:47:13",81.57,1,thevixhal
1281,16140911,Sandrone,"2026-06-01 10:49:37",81.57,3,ruiheng123456
1282,15626749,ayushokaay,"2026-04-20 01:11:18",81.19,1,ayushparwal
1283,16083416,umomuoi,"2026-05-27 07:55:51",79.99,2,artemstalnoy
1284,15629055,AlgoRangers,"2026-04-16 11:15:20",75.14,2,adityaprakash87
1285,15631390,Les...Go!,"2026-04-21 15:16:43",75.14,1,"krishnananthaa,pushkarrajpurohit"
1286,15735076,"Fernando Arizmendi","2026-04-25 16:51:31",75.14,5,ferariz
1287,16109540,cindrella_18,"2026-06-02 08:35:34",75.14,24,neharaj1518
1288,16103140,"Saurabh Tiwari","2026-05-29 13:45:01",74.84,7,hashirasaurabh
1289,15995706,"Kofi Asare-Amankwah","2026-05-16 16:24:35",74.00,1,kofiasareamankwah
1290,16063907,"Wojciech Bulcewicz","2026-05-30 15:01:41",63.99,1,wojciechbulcewicz
1291,16053368,fin114515,"2026-05-23 03:58:15",61.18,2,fin114515
1292,15725595,"jacob OKOTH O","2026-05-10 14:06:57",57.93,5,jacobokotho
1293,15702222,"Joshua Kim","2026-04-26 08:08:32",57.10,1,artificialjosh
1294,15634905,"Harindra Jaiswal","2026-05-09 15:22:17",54.11,1,harindrajaiswal
1295,15627626,Random_martingale,"2026-05-01 05:37:53",51.51,1,continuity
1296,15646135,"Gemini is best","2026-04-21 07:57:48",50.00,2,geminirocks43
1297,15797474,"Adarsh K S","2026-05-15 13:51:33",50.00,6,adarshayush
1298,15885582,hytahy,"2026-05-13 04:28:52",45.39,85,hytahy
1299,15632784,"Abhishek Dalvi","2026-04-16 23:05:47",42.59,8,abhishek2707
1300,16079765,"Kuhan S","2026-05-26 13:59:31",41.63,7,kuhans
1301,15625601,"Quoc Tran Anh Le","2026-04-17 03:32:28",40.76,1,anhlquctrn
1302,15661113,"Gladness Melford","2026-05-16 18:57:20",40.64,2,gladnessmelford
1303,15855213,"Koen Santos","2026-05-10 04:00:12",38.87,1,koensantos
1304,15625580,"Sukrit Jindal","2026-04-16 03:02:41",36.54,3,sukjin21
1305,15625407,Reo.Nam,"2026-04-16 03:24:56",36.39,1,reonam
1306,15651117,Alice,"2026-05-04 21:16:27",35.40,2,anermiau
1307,15920939,"Nico Waser","2026-05-20 16:44:08",32.03,2,nicowaser
1308,15737080,"Prithvi Raj Patel","2026-04-25 10:15:50",29.01,2,prithvirajpatel
1309,15730551,Leandro,"2026-04-29 11:11:53",29.01,24,leandro357
1310,15907231,Grems,"2026-05-11 11:19:24",28.65,1,gremsli
1311,15635945,donaldxu,"2026-05-06 02:37:41",28.54,4,abc1705
1312,16141972,groster,"2026-06-01 10:09:01",27.42,1,groster
1313,15742576,"Aman Gupta","2026-04-26 08:42:15",27.41,1,amandevx
1314,15627006,Moeee,"2026-04-17 04:22:36",26.48,3,"namsiunhon,vunnguyen"
1315,15658774,shot1107,"2026-04-26 14:17:50",26.20,5,shot1107
1316,15667093,Zacchaeus,"2026-05-05 05:14:28",25.00,263,zacchaeus
1317,15929176,"Hai Nguyen Thien","2026-05-23 11:13:31",23.77,10,hainguyenthien
1318,15641511,bizy-coder,"2026-04-24 13:50:43",22.69,5,benzydney
1319,15739605,"Kevin Peterson","2026-04-26 16:45:23",22.69,3,kevinpdev
1320,15934152,"Tô Thiếu Tà oko","2026-05-13 03:02:00",22.69,132,tthiutoko
1321,16038889,"Keyser Soze","2026-05-31 21:19:32",22.69,395,mahbubmbmms
1322,16038917,"Paul Erdős","2026-05-31 05:39:27",22.69,558,gausstein
1323,15935044,Lanpana,"2026-05-12 07:20:18",21.59,100,lanpana
1324,16038911,Gasstein26,"2026-05-25 21:19:38",21.59,396,gasstein26
1325,15635011,"Rafaël Labbé","2026-04-18 05:54:05",21.08,2,hashpanda
1326,15636251,"Noorudheen km","2026-04-17 16:21:12",20.50,4,noorudheenkm
1327,15642954,hosuke,"2026-04-29 12:29:55",20.50,5,horsek
1328,15665516,F-thinks,"2026-05-10 11:56:11",20.39,4,fthinks
1329,15735083,KaymueAquarius,"2026-05-11 03:14:28",20.29,19,macleon
1330,15861733,"Дворкин Евгений Владимирович","2026-05-13 14:45:39",20.29,8,evgendvorkin
1331,16109601,Beckon,"2026-06-01 13:18:12",19.13,130,beckon
1332,15626517,"Triston Morgan","2026-04-24 11:19:20",18.68,38,yanzhou06
1333,15624282,Baptiste_74,"2026-04-24 21:26:00",18.19,1,baptiste74
1334,15630677,"Syukur Daulay","2026-05-27 19:57:34",18.19,4,syukurdaulay
1335,16142397,"Štefan Pócoš","2026-06-02 08:16:23",18.19,14,tefanpco
1336,16024360,Benight,"2026-05-20 13:15:42",16.62,2,"benight,vaishakhvipin"
1337,15634848,AlejandroAlbertoRamirezNassi,"2026-05-25 14:53:22",16.62,36,alejosss
1338,16052583,"Xingfeng Lei","2026-05-27 20:11:59",16.48,404,xingfenglei
1339,15880349,liyu707,"2026-05-07 09:58:07",16.07,2,liyu707
1340,15652269,Luca,"2026-04-19 20:11:14",15.89,2,yijiey
1341,15853634,"Avestalib Mohammad Mustaque","2026-05-05 20:52:00",15.73,1,avestalib
1342,15640456,"Hemant Gaikwad","2026-04-17 19:13:51",15.70,2,hemantpgaikwad
1343,16005279,"Bob Rogers Munyenga","2026-05-30 14:55:45",15.66,25,bobrogersmunyenga
1344,16029568,"duder broseph","2026-05-22 03:33:56",15.47,2,duderbroseph
1345,15831551,"Aladdin Ben salah","2026-05-02 23:13:58",15.47,1,aladdinbensalah
1346,16097120,Moosen,"2026-05-28 06:45:35",14.50,1,dylankuch
1347,15869494,niko251,"2026-05-06 06:18:21",14.23,5,niko251
1348,15624380,Nathan533,"2026-04-29 05:07:04",14.00,2,nathan533
1349,15627682,"Nivesh Varun","2026-04-16 07:36:39",13.73,6,niveshvarunn
1350,15863148,"Trần Công Huân","2026-05-06 01:28:32",12.62,2,trncnghun
1351,15642686,"Na Ve Ba","2026-04-20 06:49:40",12.38,7,naveenvenubagadi
1352,15637708,"lose hu","2026-04-18 03:21:45",11.65,3,losehu
1353,15625143,"Meryem Mef","2026-04-16 00:21:22",11.43,2,meryemmef
1354,16121475,"Anvay Sanil","2026-05-30 22:22:43",11.05,1,anvaysanil
1355,15624386,"Dr/ameen Fayed","2026-04-15 21:28:50",0.00,1,aminmahmoudalifayed
1356,15624465,"Aaghaaz Khan","2026-04-15 21:50:52",0.00,1,aaghaazkhan
1357,15625384,"Rupam Halder","2026-04-16 00:22:53",0.00,1,rupamhaldar
1358,15625234,"Surfinia Burger","2026-04-16 01:42:44",0.00,2,surfiniaburger
1359,15624776,"ishita bahamnia","2026-04-16 02:50:19",0.00,2,ishitabahamnia
1360,15624498,"Olaf Yunus Laitinen Imanov","2026-04-16 04:29:01",0.00,1,olaflundstrom
1361,15627677,"koushik mangalapuru","2026-04-16 05:55:28",0.00,2,koushikmangalapuru
1362,15627945,"Rishabh Bhartiya","2026-04-16 06:37:56",0.00,1,rishabhbhartiya
1363,15627494,"Joanna Elizabeth","2026-04-16 10:48:36",0.00,29,jonaelizabeth
1364,15627019,"LALIT BAID","2026-04-17 03:42:15",0.00,4,lalitbaid
1365,15628141,Yashaswini,"2026-04-16 07:32:05",0.00,1,yswini
1366,15624609,Ritwick01,"2026-04-16 14:17:55",0.00,3,ritwick01
1367,15627088,"Hồng Bảo Đoàn","2026-04-16 09:38:31",0.00,1,hngboon
1368,15626815,"Hiến Nguyễn Đức","2026-04-16 10:04:56",0.00,3,hinnguync
1369,15624887,"Team CRISiSLab","2026-04-17 08:00:19",0.00,2,"kavishkachamodya,malinthar"
1370,15629496,"Salman Abbas","2026-04-16 10:37:57",0.00,3,alphadecay
1371,15624756,Disha,"2026-05-23 13:01:11",0.00,5,dishamotiramani
1372,15628519,shinh,"2026-04-16 12:29:37",0.00,1,shinh0
1373,15631189,"Gandham Swathi Sree","2026-04-16 13:57:11",0.00,4,gandhamswathisree
1374,15630966,"Trịnh Quang Minh","2026-04-16 14:36:41",0.00,6,trnhquangminh140
1375,15631295,"vignesh kumar","2026-04-16 14:51:34",0.00,5,vigneshkumar8576710
1376,15632144,"Arokia Daniel A","2026-04-25 14:02:40",0.00,5,arokiadaniela
1377,15632328,"sushma Jagarlamudi","2026-04-16 16:24:49",0.00,2,sushmajagarlamudi
1378,15633171,StevenHaysWait,"2026-04-18 02:47:15",0.00,2,stevenhayswait
1379,15625043,"Luis Uriel Pimentel Perez","2026-04-29 04:55:05",0.00,18,luisuriel14
1380,15624629,"Nah i'd code","2026-04-18 11:52:40",0.00,4,alifamirudinstei
1381,15632341,"aa aadddkkl","2026-04-16 23:44:06",0.00,1,aaaadddkkl
1382,15625830,WangAuspicious,"2026-04-17 03:34:11",0.00,2,wangauspicious
1383,15635690,ihabkaggle,"2026-04-17 07:20:02",0.00,10,ihabkaggle
1384,15625637,"Smithy Bob Joe Randyi","2026-04-17 06:31:13",0.00,1,smithybobjoerandyi
1385,15635861,"Poojitha Avulapati","2026-04-17 06:31:28",0.00,1,poojithaavulapati
1386,15636446,b.manojkumar,"2026-04-17 08:09:26",0.00,1,bmk7829
1387,15631771,"yashwitha kasaneni","2026-04-17 09:25:12",0.00,1,yashwithakasaneni
1388,15629560,"VARADA N M","2026-04-17 10:06:10",0.00,1,varadanm
1389,15626025,"KOUSHIK KUMAR DINDA","2026-05-24 03:40:55",0.00,12,koushikkumardinda
1390,15634750,"Khyathi P","2026-04-17 10:43:55",0.00,1,khyathip
1391,15637677,"Kavya Chakka","2026-04-17 12:18:32",0.00,1,kavyachakka
1392,15637704,"Achanta Tejaswini","2026-04-17 12:21:43",0.00,1,achantatejaswini
1393,15637904,"an sovannath","2026-04-17 12:38:44",0.00,2,ansovannath
1394,15638081,"Dhoni Praneeth","2026-04-17 12:46:32",0.00,2,dhonipraneeth
1395,15638158,Akhil142006,"2026-04-17 12:52:29",0.00,1,akhil142006
1396,15638646,"MUTUKURU JABILI","2026-04-17 14:13:40",0.00,1,mutukurujabili
1397,15639148,BPardhaSaradhi7,"2026-04-25 10:16:18",0.00,2,bpardhasaradhi7
1398,15640079,yaswanthkalluri5019k,"2026-04-17 17:29:26",0.00,1,yaswanthkalluri5019k
1399,15640099,"Xu Yu tao32","2026-04-18 04:09:41",0.00,5,xuyutao32
1400,15633340,Tony28012012,"2026-04-18 18:53:12",0.00,3,tony28012012
1401,15640877,zzgtylors,"2026-04-17 20:46:08",0.00,3,zzgtylors
1402,15626561,"Gregory Cornell Johnson Jr","2026-05-19 01:27:36",0.00,101,axiomepmhm
1403,15641858,"Sai Sanjay Devi","2026-04-18 02:23:33",0.00,1,saisanjaydevi
1404,15639126,"Nadipudi Uday Kiran","2026-04-19 06:06:18",0.00,2,nadipudiudaykiran
1405,15643076,"GG Ayo (AyoGG)","2026-04-18 06:59:40",0.00,1,ggayoayogg
1406,15643749,"Kamakshi Devi","2026-04-18 07:40:05",0.00,1,kamakshidevi
1407,15644411,"Soujanya Donthireddy","2026-04-18 09:33:56",0.00,1,soujanyadonthireddy
1408,15644522,maditya.123,"2026-04-18 09:42:03",0.00,1,maditya123
1409,15644869,Aethernox,"2026-04-18 13:31:01",0.00,4,aethernox
1410,15642319,"PRANAV YERRA","2026-04-18 13:07:11",0.00,1,pranavyerra
1411,15646223,"OMKAR ADDEPALLI","2026-04-18 14:49:48",0.00,1,omkaraddepalli
1412,15632296,"Rohit Kumar","2026-04-18 14:51:12",0.00,1,rohitkumar87
1413,15632133,"nadira ferhad","2026-04-18 15:57:33",0.00,1,nadiraferhad
1414,15646848,"Malleboina Sowmya","2026-04-18 16:20:27",0.00,1,malleboinasowmya
1415,15647071,"Deepika Tulluri","2026-04-18 17:08:32",0.00,1,deepikatulluri
1416,15647654,"Sri Venkat Gundu","2026-04-18 19:23:50",0.00,1,srivenkatgundu
1417,15649329,"JYOSTHNA BARIGE","2026-04-24 03:17:30",0.00,6,jyosthnabarige
1418,15649812,"Mahendra Badamsetti","2026-04-19 06:56:10",0.00,1,mahendrabadamsetti
1419,15631130,"Code by Nadiia","2026-04-20 12:06:20",0.00,5,codebynadiia
1420,15652366,"HARSHA SRINIVAS","2026-04-19 14:39:04",0.00,1,seelamharshasri
1421,15652320,"Niharika Bai","2026-04-19 15:31:08",0.00,4,niharikabai
1422,15652872,"Jagannadha Swamy","2026-04-19 16:23:07",0.00,1,nsswamy
1423,15652960,gouthamreddy_04,"2026-04-19 16:41:24",0.00,1,gouthamreddy04
1424,15632241,"anish reddy 123","2026-04-19 17:40:51",0.00,3,anishreddy123
1425,15625302,"bahadır özkan","2026-04-19 21:47:40",0.00,7,bahadrzkan
1426,15626681,epitaph,"2026-04-20 01:15:24",0.00,1,raffiardhi
1427,15655378,"Michael Nienaber","2026-04-20 03:11:28",0.00,1,michaelnienaber123
1428,15656585,"Mandapati Lahari","2026-04-20 06:37:49",0.00,1,mandapatilahari
1429,15656746,"Razia Awais","2026-04-20 06:59:59",0.00,1,raziaawais123
1430,15658577,Vidhu_sri,"2026-04-20 11:14:25",0.00,1,vidhusrivarenya
1431,15629225,"Ramana Nallabothula","2026-04-20 11:35:30",0.00,2,ramananallabothula
1432,15659368,Pranathi.k,"2026-04-20 13:24:29",0.00,1,prannupranathi
1433,15659318,"Farhodjon Ergashov","2026-04-20 13:50:29",0.00,2,farhodjonergashov
1434,15660124,"NVIDIA HIRE ME!!!!","2026-04-21 04:58:28",0.00,4,himanshu12345645623
1435,15648827,"Saunak Bhattacharjee","2026-04-20 17:13:53",0.00,1,saunakbhattacharjee
1436,15654387,"Diddler Industries","2026-04-20 22:02:12",0.00,2,"aarnavb,eshanpradhan,taharawjani"
1437,15663964,"Ali Almasyhur","2026-04-21 06:55:45",0.00,1,alialmasyhur
1438,15665075,"Ali mohon","2026-04-21 07:24:03",0.00,1,alimohon
1439,15670848,"Nissy Chittelu","2026-04-21 14:13:31",0.00,1,nissychittelu
1440,15672652,"DEEPAK SAI KAZA","2026-04-21 15:53:13",0.00,1,deepaksaikaza
1441,15671789,PewPew,"2026-05-08 20:43:39",0.00,2,pewpew
1442,15660618,"mukeshvarma vemulamanda","2026-04-21 17:38:26",0.00,1,mukeshvarma09
1443,15676823,"ING BEYS","2026-04-21 21:00:39",0.00,1,ingbeys
1444,15690111,"Chaitanya Jamble","2026-04-22 08:54:56",0.00,4,chaitanyajamble
1445,15687110,"Nadia khalid","2026-04-22 09:56:44",0.00,2,nadiakhalid
1446,15624699,amosokello451,"2026-04-22 12:09:48",0.00,1,amosokello451
1447,15701039,"Venkatapreethi Mallempudi","2026-04-22 17:16:02",0.00,1,venkatapreethi
1448,15624734,"AbdUllah Samir","2026-04-22 20:16:23",0.00,1,abdulahsamirmahmoud
1449,15706005,Akshaya75,"2026-04-23 05:29:25",0.00,1,akshaya75
1450,15706540,@Bunny_100,"2026-04-23 06:15:06",0.00,1,bunny100
1451,15706621,"NAGA SAI CHAITANYA ADDEPALLI","2026-04-23 06:44:17",0.00,1,chaitanyaaddepalli29
1452,15707918,"Nafisa Mughal","2026-04-23 08:15:07",0.00,1,nafisamughal
1453,15708666,deepakverma045,"2026-04-23 09:02:08",0.00,1,deepakverma045
1454,15698732,"M AJIT PATRA","2026-04-23 09:27:28",0.00,1,ajitpatra31
1455,15709035,"Malak Reda","2026-04-23 09:43:17",0.00,1,malak457
1456,15709176,"Sasi Bonam","2026-04-23 09:59:24",0.00,1,sasibonam
1457,15713166,"Amarnath 32015","2026-04-23 11:57:37",0.00,1,amar179
1458,15699159,"Pragna Pangam","2026-04-23 12:48:07",0.00,1,pangampragna
1459,15721086,"Sri Chandana Pamulapati","2026-04-23 16:36:41",0.00,1,srichandana30
1460,15721439,"Bhanu Keerthana67","2026-04-23 17:42:28",0.00,1,bhanukeerthana67
1461,15721929,"Srinidhi Karangula","2026-04-23 18:17:36",0.00,1,nidhi2911
1462,15722055,"Penumudi Mounika Sai","2026-04-23 18:30:11",0.00,1,mounikapenumudi
1463,15721813,"Ujwala Mavireddy","2026-04-24 06:23:28",0.00,1,ujwalamavireddy
1464,15728577,"Sadineni Tejaswini","2026-04-24 07:01:30",0.00,1,sadinenitejaswini
1465,15728831,"M. Madhu Sudan Reddy","2026-04-24 07:11:09",0.00,1,mmadhusudanreddy
1466,15705678,COLD,"2026-04-24 13:07:06",0.00,2,maulikgajera
1467,15691576,"kasim Ghanchi","2026-04-24 19:35:10",0.00,5,kasimghanchi
1468,15704498,"Xiao He","2026-04-25 08:28:48",0.00,2,xiaohe804102
1469,15737096,ABRAR123_47,"2026-04-25 09:56:55",0.00,1,abrar12347
1470,15737556,Susmitha179,"2026-04-25 11:22:09",0.00,1,susmitha179
1471,15659086,Ar1suuu,"2026-04-25 14:31:56",0.00,1,ar1suuu
1472,15739536,"Jasritha Nadipineni","2026-04-25 17:31:49",0.00,1,jasrithanadipineni
1473,15739546,"SHRAM VENKAT J","2026-04-25 17:37:30",0.00,1,shramvenkatj
1474,15739554,"P. Sesha Sri Sai","2026-04-25 17:43:34",0.00,1,pseshasrisai
1475,15742154,"Irfan Shaik","2026-04-26 06:52:33",0.00,1,irfanshaik861
1476,15725048,tumbledsea,"2026-04-28 16:39:34",0.00,3,tumbledsea
1477,15635676,AGG,"2026-04-26 08:41:52",0.00,1,aleixgim
1478,15650031,SinMAYA,"2026-04-27 08:33:37",0.00,4,sinmaya
1479,15747199,"Dimas Pasha Akrilian","2026-04-27 13:28:04",0.00,1,dimaspashaakrilian
1480,15630582,"Lvov Stanislav","2026-04-27 17:14:53",0.00,1,tickflag
1481,15745171,camron,"2026-04-27 19:04:53",0.00,6,naklanjuliencamara
1482,15634810,"Liviu Olos","2026-04-28 13:37:04",0.00,1,liviuolos
1483,15736790,shinmadam,"2026-05-17 13:22:00",0.00,8,shinmadam
1484,15783837,jaiswalarjit7,"2026-04-29 18:11:18",0.00,2,jaiswalarjit7
1485,15661218,JeffFosterUK,"2026-04-30 02:11:34",0.00,1,jefffosteruk
1486,15626993,"Yosia Gurning","2026-04-30 03:21:27",0.00,1,yosiagurning
1487,15786366,"Batuhan Özdemir","2026-05-01 11:37:25",0.00,7,iamnotindangerskyler
1488,15794238,"Achitpol Sirisrisak","2026-04-30 12:22:37",0.00,1,achitpolsirisrisak
1489,15804968,sad,"2026-05-01 02:08:10",0.00,1,whitethe
1490,15804482,ShiJinli,"2026-05-01 02:38:57",0.00,1,shijinli2024
1491,15625874,"Clark Tsang","2026-05-04 11:28:10",0.00,6,clarktsang
1492,15748032,"Faras Limma","2026-05-04 08:46:48",0.00,4,faraslimma
1493,15833866,"Duan Chang","2026-05-03 09:16:48",0.00,1,heiwa135
1494,15654429,"Devi Ganesan","2026-05-04 00:01:41",0.00,1,deviganesan
1495,15850313,"Sameena B","2026-05-04 12:50:55",0.00,1,sameenab
1496,15850458,"Ancha Renuka","2026-05-04 13:14:40",0.00,1,ancharenuka
1497,15850605,"Arpan Bhattacharyya","2026-05-04 13:36:18",0.00,1,arpan721146
1498,15858025,"rivee Ji","2026-05-05 06:49:44",0.00,1,riveeji
1499,15831305,Punyak,"2026-05-05 12:07:55",0.00,1,punyakdei
1500,15852153,abczeroone,"2026-05-05 14:13:57",0.00,1,abczeroone
1501,15656558,"Kei Hang Katie Chan","2026-05-19 07:34:39",0.00,3,keihangkatiechan
1502,15871233,LongNg_Fer,"2026-05-06 06:51:55",0.00,1,longngfer
1503,15873068,"Abdelhafid Ammari","2026-05-06 09:56:32",0.00,1,abammari
1504,15811554,Rudra070311,"2026-05-06 17:14:43",0.00,1,rudra070311
1505,15876634,"Stephen Hope","2026-05-06 23:02:10",0.00,8,stephenhope
1506,15880553,bigdan7,"2026-05-07 05:24:50",0.00,2,bigdan7
1507,15881883,Araki.rw,"2026-05-07 05:04:45",0.00,1,arakirw
1508,15885252,"SiLin “Can SiLin” Can","2026-05-07 10:27:39",0.00,1,silincansilincan
1509,15913171,"Jingjing WU","2026-05-09 19:03:21",0.00,3,jingjingwu
1510,15917432,"Anshika Moundekar","2026-05-10 17:39:22",0.00,4,anshikamoundekar
1511,15921135,BIA.aks,"2026-05-10 18:35:46",0.00,1,biaaks
1512,15929062,"Jianuo SHI","2026-05-11 15:01:42",0.00,1,jianuoshi
1513,15931209,"Saugata Malakar","2026-05-11 19:58:01",0.00,1,saugatamalakar
1514,15929046,"Ghazaros Barseghyan","2026-05-15 15:26:21",0.00,6,ghazarosbarseghyan91
1515,15943029,Shuni38,"2026-05-13 00:25:38",0.00,1,shuni38
1516,15916693,Asmirai_kuchiki,"2026-05-14 05:12:01",0.00,2,"asmiraikuchiki,asmiraitokuishi,uzi0003"
1517,15891327,Charles_Mkowela,"2026-05-15 21:08:44",0.00,4,charlesmkowela
1518,15778338,"Claire Ndung'u","2026-05-18 19:37:41",0.00,1,clairendungu
1519,16020895,StarsMoon,"2026-05-22 02:19:47",0.00,4,wangmingye0829
1520,16027556,"Onyx Prasai","2026-05-19 22:25:34",0.00,1,onyxprasai
1521,16032359,"Amr Yasser","2026-05-20 16:47:10",0.00,1,amryasswe
1522,15968347,manafengau,"2026-05-21 19:35:35",0.00,1,manafengau
1523,16046068,CitizenKorea,"2026-05-22 04:37:04",0.00,1,citizenkorea
1524,15942730,"Winston C12","2026-05-22 06:45:49",0.00,1,winstonc12
1525,16047029,"Aryan Mashalkar","2026-05-25 13:38:37",0.00,7,aryanmashalkar
1526,16036687,"Adrian Ramirez Sanchez ","2026-05-22 23:13:55",0.00,3,adrianramirezsanchez
1527,16057205,Avinash,"2026-05-23 15:06:11",0.00,1,avinashgaikwad
1528,16057972,"Aryan Yadav","2026-05-24 17:45:59",0.00,3,simplexcomplex
1529,16038101,SDes,"2026-05-24 15:55:36",0.00,2,sndesilva
1530,16067560,"Tarek Elzahar","2026-05-25 06:53:15",0.00,1,tarekelzahar
1531,16069994,Melqurina,"2026-05-25 11:15:20",0.00,1,melqurina
1532,15626530,"Minna Cross","2026-05-26 23:37:32",0.00,1,minnacross
1533,16100820,maisold,"2026-05-28 16:52:37",0.00,2,maisold
1534,16104451,"Pavlo Ivanin","2026-05-29 02:37:09",0.00,2,pavloivanin
1535,16127822,Shirin21st,"2026-05-31 04:59:28",0.00,5,shirin21st
1536,16131047,xuananle,"2026-05-31 11:11:50",0.00,4,xunanl
1537,16135305,"Josh P.","2026-05-31 17:07:04",0.00,2,davidjosh
1538,15702850,AbhishekNandy,"2026-06-01 19:36:02",0.00,1,abhicloudstalk
1539,16147539,ChuCS3,"2026-06-02 07:41:52",0.00,1,"boy931108,ianhsu8"
